wallet_id,profile_url,position_status,source_endpoint,title,slug,event_slug,asset,condition_id,outcome,avg_price,cur_price,realized_pnl,cash_pnl,total_bought,size,initial_value,current_value,timestamp,end_date,market_type,asset_exposure,is_fast_crypto_market,is_cheap_entry,source_url,retrieved_at
0x63ce342161250d705dc0b16df89036c8e5f9ba9a,https://polymarket.com/0x63ce342161250d705dc0b16df89036c8e5f9ba9a,closed,closed_positions,Will China invade Taiwan by end of 2026?,will-china-invade-taiwan-before-2027,will-china-invade-taiwan-before-2027,94559586571241563470235664821564670251180951772614764383113614156422396181162,0xd9fb1184af0064e5e34b129f5b79afa5a17b7e32f2953ab05efed82315fee6d4,Yes,0.065,0.0585,176.2288,unavailable_from_public_profile_snapshot,175204.817091,unavailable_from_public_profile_snapshot,unavailable_from_public_profile_snapshot,unavailable_from_public_profile_snapshot,1778595374,2026-12-31T00:00:00Z,other,OTHER,false,true,https://data-api.polymarket.com/closed-positions?user=0x63ce342161250d705dc0b16df89036c8e5f9ba9a&limit=50&offset=0&sortBy=TIMESTAMP&sortDirection=DESC,2026-06-24T20:00:17+00:00
0x63ce342161250d705dc0b16df89036c8e5f9ba9a,https://polymarket.com/0x63ce342161250d705dc0b16df89036c8e5f9ba9a,closed,closed_positions,"Bitcoin Up or Down - March 24, 7AM ET",bitcoin-up-or-down-march-24-2026-7am-et,bitcoin-up-or-down-march-24-2026-7am-et,88963913950597889505892110198731383372390480749426481747896059772730273128614,0xa50072610231e2930a424b1ce902d7826e0116681b7c9f829ec0acb24be06374,Up,0.349349,0,-2561.937391,unavailable_from_public_profile_snapshot,7333.461358,unavailable_from_public_profile_snapshot,unavailable_from_public_profile_snapshot,unavailable_from_public_profile_snapshot,1774361893,2026-03-24T00:00:00Z,fast_crypto,BTC,true,false,https://data-api.polymarket.com/closed-positions?user=0x63ce342161250d705dc0b16df89036c8e5f9ba9a&limit=50&offset=0&sortBy=TIMESTAMP&sortDirection=DESC,2026-06-24T20:00:17+00:00
0x63ce342161250d705dc0b16df89036c8e5f9ba9a,https://polymarket.com/0x63ce342161250d705dc0b16df89036c8e5f9ba9a,closed,closed_positions,"Solana Up or Down - March 24, 7AM ET",solana-up-or-down-march-24-2026-7am-et,solana-up-or-down-march-24-2026-7am-et,84384440942165636837100086439465113257651878153545402290264550236398593850964,0xc5f4fb9bb749942d585f42da1c82f8086b679938e8f0f850fce649530f26216b,Down,0.377516,1,1182.676651,unavailable_from_public_profile_snapshot,1899.931005,unavailable_from_public_profile_snapshot,unavailable_from_public_profile_snapshot,unavailable_from_public_profile_snapshot,1774361893,2026-03-24T00:00:00Z,fast_crypto,SOL,true,false,https://data-api.polymarket.com/closed-positions?user=0x63ce342161250d705dc0b16df89036c8e5f9ba9a&limit=50&offset=0&sortBy=TIMESTAMP&sortDirection=DESC,2026-06-24T20:00:17+00:00
0x63ce342161250d705dc0b16df89036c8e5f9ba9a,https://polymarket.com/0x63ce342161250d705dc0b16df89036c8e5f9ba9a,closed,closed_positions,"Bitcoin Up or Down - March 24, 7AM ET",bitcoin-up-or-down-march-24-2026-7am-et,bitcoin-up-or-down-march-24-2026-7am-et,80782695538529052795504688404660582385437216690720885088735596241860890031907,0xa50072610231e2930a424b1ce902d7826e0116681b7c9f829ec0acb24be06374,Down,0.516806,1,2658.919643,unavailable_from_public_profile_snapshot,5502.79938,unavailable_from_public_profile_snapshot,unavailable_from_public_profile_snapshot,unavailable_from_public_profile_snapshot,1774361893,2026-03-24T00:00:00Z,fast_crypto,BTC,true,false,https://data-api.polymarket.com/closed-positions?user=0x63ce342161250d705dc0b16df89036c8e5f9ba9a&limit=50&offset=0&sortBy=TIMESTAMP&sortDirection=DESC,2026-06-24T20:00:17+00:00
0x63ce342161250d705dc0b16df89036c8e5f9ba9a,https://polymarket.com/0x63ce342161250d705dc0b16df89036c8e5f9ba9a,closed,closed_positions,"XRP Up or Down - March 24, 7AM ET",xrp-up-or-down-march-24-2026-7am-et,xrp-up-or-down-march-24-2026-7am-et,79903945466584482485914075082620718404995153575636456264343637860314212612374,0x541d3a95db646c4618a8dc7446839969e74f561ba9b2747974a1da145faf165f,Up,0.366026,1,843.741597,unavailable_from_public_profile_snapshot,1330.877287,unavailable_from_public_profile_snapshot,unavailable_from_public_profile_snapshot,unavailable_from_public_profile_snapshot,1774361893,2026-03-24T00:00:00Z,other,OTHER,false,false,https://data-api.polymarket.com/closed-positions?user=0x63ce342161250d705dc0b16df89036c8e5f9ba9a&limit=50&offset=0&sortBy=TIMESTAMP&sortDirection=DESC,2026-06-24T20:00:17+00:00
0x63ce342161250d705dc0b16df89036c8e5f9ba9a,https://polymarket.com/0x63ce342161250d705dc0b16df89036c8e5f9ba9a,closed,closed_positions,"XRP Up or Down - March 24, 7AM ET",xrp-up-or-down-march-24-2026-7am-et,xrp-up-or-down-march-24-2026-7am-et,64637925326977718188612348255992352096075836880932930887870025012230485860270,0x541d3a95db646c4618a8dc7446839969e74f561ba9b2747974a1da145faf165f,Down,0.344427,0,-816.903716,unavailable_from_public_profile_snapshot,2371.776071,unavailable_from_public_profile_snapshot,unavailable_from_public_profile_snapshot,unavailable_from_public_profile_snapshot,1774361893,2026-03-24T00:00:00Z,other,OTHER,false,false,https://data-api.polymarket.com/closed-positions?user=0x63ce342161250d705dc0b16df89036c8e5f9ba9a&limit=50&offset=0&sortBy=TIMESTAMP&sortDirection=DESC,2026-06-24T20:00:17+00:00
0x63ce342161250d705dc0b16df89036c8e5f9ba9a,https://polymarket.com/0x63ce342161250d705dc0b16df89036c8e5f9ba9a,closed,closed_positions,"Ethereum Up or Down - March 24, 7AM ET",ethereum-up-or-down-march-24-2026-7am-et,ethereum-up-or-down-march-24-2026-7am-et,52024366640113252143981754961647423432301670541040708920867102520605978437331,0xd8cc0f453ad702ae6308bb73156e4cb15044c99b68d1b6d6ab1cc24e777b38e6,Up,0.493247,1,881.284502,unavailable_from_public_profile_snapshot,1739.080978,unavailable_from_public_profile_snapshot,unavailable_from_public_profile_snapshot,unavailable_from_public_profile_snapshot,1774361893,2026-03-24T00:00:00Z,fast_crypto,ETH,true,false,https://data-api.polymarket.com/closed-positions?user=0x63ce342161250d705dc0b16df89036c8e5f9ba9a&limit=50&offset=0&sortBy=TIMESTAMP&sortDirection=DESC,2026-06-24T20:00:17+00:00
0x63ce342161250d705dc0b16df89036c8e5f9ba9a,https://polymarket.com/0x63ce342161250d705dc0b16df89036c8e5f9ba9a,closed,closed_positions,"Ethereum Up or Down - March 24, 7AM ET",ethereum-up-or-down-march-24-2026-7am-et,ethereum-up-or-down-march-24-2026-7am-et,113001084211600622380708988958779700145942034299762324605164975053895158773013,0xd8cc0f453ad702ae6308bb73156e4cb15044c99b68d1b6d6ab1cc24e777b38e6,Down,0.171275,0,-1089.495819,unavailable_from_public_profile_snapshot,6361.090758,unavailable_from_public_profile_snapshot,unavailable_from_public_profile_snapshot,unavailable_from_public_profile_snapshot,1774361893,2026-03-24T00:00:00Z,fast_crypto,ETH,true,true,https://data-api.polymarket.com/closed-positions?user=0x63ce342161250d705dc0b16df89036c8e5f9ba9a&limit=50&offset=0&sortBy=TIMESTAMP&sortDirection=DESC,2026-06-24T20:00:17+00:00
0x63ce342161250d705dc0b16df89036c8e5f9ba9a,https://polymarket.com/0x63ce342161250d705dc0b16df89036c8e5f9ba9a,closed,closed_positions,"Solana Up or Down - March 24, 7AM ET",solana-up-or-down-march-24-2026-7am-et,solana-up-or-down-march-24-2026-7am-et,111574721420177561306400520602018111731572204226095645001160751223161072406815,0xc5f4fb9bb749942d585f42da1c82f8086b679938e8f0f850fce649530f26216b,Up,0.418413,0,-734.787893,unavailable_from_public_profile_snapshot,1756.130649,unavailable_from_public_profile_snapshot,unavailable_from_public_profile_snapshot,unavailable_from_public_profile_snapshot,1774361893,2026-03-24T00:00:00Z,fast_crypto,SOL,true,false,https://data-api.polymarket.com/closed-positions?user=0x63ce342161250d705dc0b16df89036c8e5f9ba9a&limit=50&offset=0&sortBy=TIMESTAMP&sortDirection=DESC,2026-06-24T20:00:17+00:00
0x63ce342161250d705dc0b16df89036c8e5f9ba9a,https://polymarket.com/0x63ce342161250d705dc0b16df89036c8e5f9ba9a,closed,closed_positions,"Solana Up or Down - March 24, 6AM ET",solana-up-or-down-march-24-2026-6am-et,solana-up-or-down-march-24-2026-6am-et,90561782195962658551309120681500930985599316370555825492980987938831816174285,0x260040f95a608d39c217f1f139fbe9f340d1d053177a9d9ed7a5b8134628fd2b,Down,0.559394,1,846.34446,unavailable_from_public_profile_snapshot,1920.864582,unavailable_from_public_profile_snapshot,unavailable_from_public_profile_snapshot,unavailable_from_public_profile_snapshot,1774356547,2026-03-24T00:00:00Z,fast_crypto,SOL,true,false,https://data-api.polymarket.com/closed-positions?user=0x63ce342161250d705dc0b16df89036c8e5f9ba9a&limit=50&offset=0&sortBy=TIMESTAMP&sortDirection=DESC,2026-06-24T20:00:17+00:00
0x63ce342161250d705dc0b16df89036c8e5f9ba9a,https://polymarket.com/0x63ce342161250d705dc0b16df89036c8e5f9ba9a,closed,closed_positions,"Solana Up or Down - March 24, 6AM ET",solana-up-or-down-march-24-2026-6am-et,solana-up-or-down-march-24-2026-6am-et,69827224161394910899449576845394861360295570907433565947113472382031002820980,0x260040f95a608d39c217f1f139fbe9f340d1d053177a9d9ed7a5b8134628fd2b,Up,0.343694,0,-1187.971039,unavailable_from_public_profile_snapshot,3456.478843,unavailable_from_public_profile_snapshot,unavailable_from_public_profile_snapshot,unavailable_from_public_profile_snapshot,1774356547,2026-03-24T00:00:00Z,fast_crypto,SOL,true,false,https://data-api.polymarket.com/closed-positions?user=0x63ce342161250d705dc0b16df89036c8e5f9ba9a&limit=50&offset=0&sortBy=TIMESTAMP&sortDirection=DESC,2026-06-24T20:00:17+00:00
0x63ce342161250d705dc0b16df89036c8e5f9ba9a,https://polymarket.com/0x63ce342161250d705dc0b16df89036c8e5f9ba9a,closed,closed_positions,"Bitcoin Up or Down - March 24, 6AM ET",bitcoin-up-or-down-march-24-2026-6am-et,bitcoin-up-or-down-march-24-2026-6am-et,65521852177298374080218357017024085622720877465147066238691900289716351971232,0x8c3fd25e609d1527ddca189ea9e1d2eaa5e484fe6f741463afd85e7630933c9b,Up,0.151762,0,-610.96832,unavailable_from_public_profile_snapshot,4025.832033,unavailable_from_public_profile_snapshot,unavailable_from_public_profile_snapshot,unavailable_from_public_profile_snapshot,1774356547,2026-03-24T00:00:00Z,fast_crypto,BTC,true,true,https://data-api.polymarket.com/closed-positions?user=0x63ce342161250d705dc0b16df89036c8e5f9ba9a&limit=50&offset=0&sortBy=TIMESTAMP&sortDirection=DESC,2026-06-24T20:00:17+00:00
0x63ce342161250d705dc0b16df89036c8e5f9ba9a,https://polymarket.com/0x63ce342161250d705dc0b16df89036c8e5f9ba9a,closed,closed_positions,"XRP Up or Down - March 24, 6AM ET",xrp-up-or-down-march-24-2026-6am-et,xrp-up-or-down-march-24-2026-6am-et,56900834003289903800499581866984547628030775431234296414295273653824153197121,0xf925651c29afdbaeae8fff4776665dade6a246ed56a5b86cb622396ab5490343,Down,0.772233,1,27.862322,unavailable_from_public_profile_snapshot,122.32818,unavailable_from_public_profile_snapshot,unavailable_from_public_profile_snapshot,unavailable_from_public_profile_snapshot,1774356547,2026-03-24T00:00:00Z,other,OTHER,false,false,https://data-api.polymarket.com/closed-positions?user=0x63ce342161250d705dc0b16df89036c8e5f9ba9a&limit=50&offset=0&sortBy=TIMESTAMP&sortDirection=DESC,2026-06-24T20:00:17+00:00
0x63ce342161250d705dc0b16df89036c8e5f9ba9a,https://polymarket.com/0x63ce342161250d705dc0b16df89036c8e5f9ba9a,closed,closed_positions,"XRP Up or Down - March 24, 6AM ET",xrp-up-or-down-march-24-2026-6am-et,xrp-up-or-down-march-24-2026-6am-et,52403375117748477302344760675392198454207840893571177158313837943560910188007,0xf925651c29afdbaeae8fff4776665dade6a246ed56a5b86cb622396ab5490343,Up,0.215234,0,-218.986741,unavailable_from_public_profile_snapshot,1017.435634,unavailable_from_public_profile_snapshot,unavailable_from_public_profile_snapshot,unavailable_from_public_profile_snapshot,1774356547,2026-03-24T00:00:00Z,other,OTHER,false,false,https://data-api.polymarket.com/closed-positions?user=0x63ce342161250d705dc0b16df89036c8e5f9ba9a&limit=50&offset=0&sortBy=TIMESTAMP&sortDirection=DESC,2026-06-24T20:00:17+00:00
0x63ce342161250d705dc0b16df89036c8e5f9ba9a,https://polymarket.com/0x63ce342161250d705dc0b16df89036c8e5f9ba9a,closed,closed_positions,"Ethereum Up or Down - March 24, 6AM ET",ethereum-up-or-down-march-24-2026-6am-et,ethereum-up-or-down-march-24-2026-6am-et,49859324723513372574604334460911387940095015314975188672968064936486275259246,0x829f5b8d9abaeed5aeed2efc46294109456a66db57f91a9eeadd34044a543ab1,Up,0.122703,0,-190.588522,unavailable_from_public_profile_snapshot,1553.250712,unavailable_from_public_profile_snapshot,unavailable_from_public_profile_snapshot,unavailable_from_public_profile_snapshot,1774356547,2026-03-24T00:00:00Z,fast_crypto,ETH,true,true,https://data-api.polymarket.com/closed-positions?user=0x63ce342161250d705dc0b16df89036c8e5f9ba9a&limit=50&offset=0&sortBy=TIMESTAMP&sortDirection=DESC,2026-06-24T20:00:17+00:00
0x63ce342161250d705dc0b16df89036c8e5f9ba9a,https://polymarket.com/0x63ce342161250d705dc0b16df89036c8e5f9ba9a,closed,closed_positions,"Ethereum Up or Down - March 24, 6AM ET",ethereum-up-or-down-march-24-2026-6am-et,ethereum-up-or-down-march-24-2026-6am-et,40175831392218969762556614930881028704299853719786252310056725394417111985964,0x829f5b8d9abaeed5aeed2efc46294109456a66db57f91a9eeadd34044a543ab1,Down,0.67696,1,12.466113,unavailable_from_public_profile_snapshot,38.59,unavailable_from_public_profile_snapshot,unavailable_from_public_profile_snapshot,unavailable_from_public_profile_snapshot,1774356547,2026-03-24T00:00:00Z,fast_crypto,ETH,true,false,https://data-api.polymarket.com/closed-positions?user=0x63ce342161250d705dc0b16df89036c8e5f9ba9a&limit=50&offset=0&sortBy=TIMESTAMP&sortDirection=DESC,2026-06-24T20:00:17+00:00
0x63ce342161250d705dc0b16df89036c8e5f9ba9a,https://polymarket.com/0x63ce342161250d705dc0b16df89036c8e5f9ba9a,closed,closed_positions,"Bitcoin Up or Down - March 24, 6AM ET",bitcoin-up-or-down-march-24-2026-6am-et,bitcoin-up-or-down-march-24-2026-6am-et,112036245933324166066548890781703050352066492085828922589374292780742342507469,0x8c3fd25e609d1527ddca189ea9e1d2eaa5e484fe6f741463afd85e7630933c9b,Down,0.602803,1,376.578218,unavailable_from_public_profile_snapshot,948.089282,unavailable_from_public_profile_snapshot,unavailable_from_public_profile_snapshot,unavailable_from_public_profile_snapshot,1774356547,2026-03-24T00:00:00Z,fast_crypto,BTC,true,false,https://data-api.polymarket.com/closed-positions?user=0x63ce342161250d705dc0b16df89036c8e5f9ba9a&limit=50&offset=0&sortBy=TIMESTAMP&sortDirection=DESC,2026-06-24T20:00:17+00:00
0x63ce342161250d705dc0b16df89036c8e5f9ba9a,https://polymarket.com/0x63ce342161250d705dc0b16df89036c8e5f9ba9a,closed,closed_positions,"Ethereum Up or Down - March 24, 7:50AM-7:55AM ET",eth-updown-5m-1774353000,eth-updown-5m-1774353000,69072260507803318579133726954252696921277460483195687023418073631535740578660,0xf2914f31fefac8956d64e505bc1cf619d4f240cb46d7999397b5487e11268adb,Down,0.707087,1,38.597576,unavailable_from_public_profile_snapshot,131.771469,unavailable_from_public_profile_snapshot,unavailable_from_public_profile_snapshot,unavailable_from_public_profile_snapshot,1774353859,2026-03-24T00:00:00Z,fast_crypto,ETH,true,false,https://data-api.polymarket.com/closed-positions?user=0x63ce342161250d705dc0b16df89036c8e5f9ba9a&limit=50&offset=0&sortBy=TIMESTAMP&sortDirection=DESC,2026-06-24T20:00:17+00:00
0x63ce342161250d705dc0b16df89036c8e5f9ba9a,https://polymarket.com/0x63ce342161250d705dc0b16df89036c8e5f9ba9a,closed,closed_positions,"Ethereum Up or Down - March 24, 7:55AM-8:00AM ET",eth-updown-5m-1774353300,eth-updown-5m-1774353300,36322138105365329201748814961958106850770107827585998449658283917972188204995,0x7a51e92035ee43ac4b219a070a4c119edb64f7baf3f6f848fa7c4e1724f9ee3a,Up,0.626392,1,83.465685,unavailable_from_public_profile_snapshot,223.404439,unavailable_from_public_profile_snapshot,unavailable_from_public_profile_snapshot,unavailable_from_public_profile_snapshot,1774353859,2026-03-24T00:00:00Z,fast_crypto,ETH,true,false,https://data-api.polymarket.com/closed-positions?user=0x63ce342161250d705dc0b16df89036c8e5f9ba9a&limit=50&offset=0&sortBy=TIMESTAMP&sortDirection=DESC,2026-06-24T20:00:17+00:00
0x63ce342161250d705dc0b16df89036c8e5f9ba9a,https://polymarket.com/0x63ce342161250d705dc0b16df89036c8e5f9ba9a,closed,closed_positions,"Ethereum Up or Down - March 24, 7:55AM-8:00AM ET",eth-updown-5m-1774353300,eth-updown-5m-1774353300,111554948592937711965684438489606482718323834335706560182258685663865206527877,0x7a51e92035ee43ac4b219a070a4c119edb64f7baf3f6f848fa7c4e1724f9ee3a,Down,0.282822,0,-76.953552,unavailable_from_public_profile_snapshot,272.091821,unavailable_from_public_profile_snapshot,unavailable_from_public_profile_snapshot,unavailable_from_public_profile_snapshot,1774353859,2026-03-24T00:00:00Z,fast_crypto,ETH,true,false,https://data-api.polymarket.com/closed-positions?user=0x63ce342161250d705dc0b16df89036c8e5f9ba9a&limit=50&offset=0&sortBy=TIMESTAMP&sortDirection=DESC,2026-06-24T20:00:17+00:00
0x63ce342161250d705dc0b16df89036c8e5f9ba9a,https://polymarket.com/0x63ce342161250d705dc0b16df89036c8e5f9ba9a,closed,closed_positions,"Ethereum Up or Down - March 24, 7:50AM-7:55AM ET",eth-updown-5m-1774353000,eth-updown-5m-1774353000,108738780575084121164063145158313025363756906988638772947802612733353287418680,0xf2914f31fefac8956d64e505bc1cf619d4f240cb46d7999397b5487e11268adb,Up,0.276349,0,-111.714784,unavailable_from_public_profile_snapshot,404.252536,unavailable_from_public_profile_snapshot,unavailable_from_public_profile_snapshot,unavailable_from_public_profile_snapshot,1774353859,2026-03-24T00:00:00Z,fast_crypto,ETH,true,false,https://data-api.polymarket.com/closed-positions?user=0x63ce342161250d705dc0b16df89036c8e5f9ba9a&limit=50&offset=0&sortBy=TIMESTAMP&sortDirection=DESC,2026-06-24T20:00:17+00:00
0x63ce342161250d705dc0b16df89036c8e5f9ba9a,https://polymarket.com/0x63ce342161250d705dc0b16df89036c8e5f9ba9a,closed,closed_positions,"Bitcoin Up or Down - March 24, 7:45AM-7:50AM ET",btc-updown-5m-1774352700,btc-updown-5m-1774352700,674384150860576709026790629636276698758556916724227332970072161932386359437,0x36165bfc469bfe521dd6edc1e2f2fb008a78cd2ab672ae1221645bef10375609,Up,0.644239,1,373.14268,unavailable_from_public_profile_snapshot,1048.857746,unavailable_from_public_profile_snapshot,unavailable_from_public_profile_snapshot,unavailable_from_public_profile_snapshot,1774353855,2026-03-24T00:00:00Z,fast_crypto,BTC,true,false,https://data-api.polymarket.com/closed-positions?user=0x63ce342161250d705dc0b16df89036c8e5f9ba9a&limit=50&offset=0&sortBy=TIMESTAMP&sortDirection=DESC,2026-06-24T20:00:17+00:00
0x63ce342161250d705dc0b16df89036c8e5f9ba9a,https://polymarket.com/0x63ce342161250d705dc0b16df89036c8e5f9ba9a,closed,closed_positions,"Bitcoin Up or Down - March 24, 7:55AM-8:00AM ET",btc-updown-5m-1774353300,btc-updown-5m-1774353300,49305227855558776716240706262225949654994545340007720470381021112450777127619,0xe7f83f4fd9e2c1b8c5752d514e5c5761d953417037de06e6856ef066adcdf3e4,Up,0.717249,1,301.837553,unavailable_from_public_profile_snapshot,1067.503044,unavailable_from_public_profile_snapshot,unavailable_from_public_profile_snapshot,unavailable_from_public_profile_snapshot,1774353855,2026-03-24T00:00:00Z,fast_crypto,BTC,true,false,https://data-api.polymarket.com/closed-positions?user=0x63ce342161250d705dc0b16df89036c8e5f9ba9a&limit=50&offset=0&sortBy=TIMESTAMP&sortDirection=DESC,2026-06-24T20:00:17+00:00
0x63ce342161250d705dc0b16df89036c8e5f9ba9a,https://polymarket.com/0x63ce342161250d705dc0b16df89036c8e5f9ba9a,closed,closed_positions,"Bitcoin Up or Down - March 24, 7:45AM-7:50AM ET",btc-updown-5m-1774352700,btc-updown-5m-1774352700,49007069724605819471264355770029764537302719227294533267000614460450685238964,0x36165bfc469bfe521dd6edc1e2f2fb008a78cd2ab672ae1221645bef10375609,Down,0.252195,0,-418.22461,unavailable_from_public_profile_snapshot,1734.921174,unavailable_from_public_profile_snapshot,unavailable_from_public_profile_snapshot,unavailable_from_public_profile_snapshot,1774353855,2026-03-24T00:00:00Z,fast_crypto,BTC,true,false,https://data-api.polymarket.com/closed-positions?user=0x63ce342161250d705dc0b16df89036c8e5f9ba9a&limit=50&offset=0&sortBy=TIMESTAMP&sortDirection=DESC,2026-06-24T20:00:17+00:00
0x63ce342161250d705dc0b16df89036c8e5f9ba9a,https://polymarket.com/0x63ce342161250d705dc0b16df89036c8e5f9ba9a,closed,closed_positions,"Bitcoin Up or Down - March 24, 7:50AM-7:55AM ET",btc-updown-5m-1774353000,btc-updown-5m-1774353000,47931763696812685041569273335751042888359795927984064552205837817510678414066,0xc5fde1df4a4e0a7428da29eff218cb7a95fd34469bec1a522c4aa5f3cb6c6566,Down,0.601264,1,405.255175,unavailable_from_public_profile_snapshot,1016.349604,unavailable_from_public_profile_snapshot,unavailable_from_public_profile_snapshot,unavailable_from_public_profile_snapshot,1774353855,2026-03-24T00:00:00Z,fast_crypto,BTC,true,false,https://data-api.polymarket.com/closed-positions?user=0x63ce342161250d705dc0b16df89036c8e5f9ba9a&limit=50&offset=0&sortBy=TIMESTAMP&sortDirection=DESC,2026-06-24T20:00:17+00:00
0x63ce342161250d705dc0b16df89036c8e5f9ba9a,https://polymarket.com/0x63ce342161250d705dc0b16df89036c8e5f9ba9a,closed,closed_positions,"Ethereum Up or Down - March 24, 7:45AM-7:50AM ET",eth-updown-5m-1774352700,eth-updown-5m-1774352700,35386546991965235549540283563563947567857900950042567632571752521004866627641,0xccb023d5daf163995d2a6515cae33ef57c7d2c36fa5605093e981249d0c27465,Up,0.526563,0,-440.892932,unavailable_from_public_profile_snapshot,1185.547413,unavailable_from_public_profile_snapshot,unavailable_from_public_profile_snapshot,unavailable_from_public_profile_snapshot,1774353855,2026-03-24T00:00:00Z,fast_crypto,ETH,true,false,https://data-api.polymarket.com/closed-positions?user=0x63ce342161250d705dc0b16df89036c8e5f9ba9a&limit=50&offset=0&sortBy=TIMESTAMP&sortDirection=DESC,2026-06-24T20:00:17+00:00
0x63ce342161250d705dc0b16df89036c8e5f9ba9a,https://polymarket.com/0x63ce342161250d705dc0b16df89036c8e5f9ba9a,closed,closed_positions,"Bitcoin Up or Down - March 24, 7:55AM-8:00AM ET",btc-updown-5m-1774353300,btc-updown-5m-1774353300,33772256513953729867305428364575471811054395663634834290762938224302400571258,0xe7f83f4fd9e2c1b8c5752d514e5c5761d953417037de06e6856ef066adcdf3e4,Down,0.282836,0,-308.165862,unavailable_from_public_profile_snapshot,1139.125158,unavailable_from_public_profile_snapshot,unavailable_from_public_profile_snapshot,unavailable_from_public_profile_snapshot,1774353855,2026-03-24T00:00:00Z,fast_crypto,BTC,true,false,https://data-api.polymarket.com/closed-positions?user=0x63ce342161250d705dc0b16df89036c8e5f9ba9a&limit=50&offset=0&sortBy=TIMESTAMP&sortDirection=DESC,2026-06-24T20:00:17+00:00
0x63ce342161250d705dc0b16df89036c8e5f9ba9a,https://polymarket.com/0x63ce342161250d705dc0b16df89036c8e5f9ba9a,closed,closed_positions,"Bitcoin Up or Down - March 24, 7:50AM-7:55AM ET",btc-updown-5m-1774353000,btc-updown-5m-1774353000,32625058346404406390960604129212218276561609018524679632513434042470255657804,0xc5fde1df4a4e0a7428da29eff218cb7a95fd34469bec1a522c4aa5f3cb6c6566,Up,0.373808,0,-417.132381,unavailable_from_public_profile_snapshot,1270.995404,unavailable_from_public_profile_snapshot,unavailable_from_public_profile_snapshot,unavailable_from_public_profile_snapshot,1774353855,2026-03-24T00:00:00Z,fast_crypto,BTC,true,false,https://data-api.polymarket.com/closed-positions?user=0x63ce342161250d705dc0b16df89036c8e5f9ba9a&limit=50&offset=0&sortBy=TIMESTAMP&sortDirection=DESC,2026-06-24T20:00:17+00:00
0x63ce342161250d705dc0b16df89036c8e5f9ba9a,https://polymarket.com/0x63ce342161250d705dc0b16df89036c8e5f9ba9a,closed,closed_positions,"Ethereum Up or Down - March 24, 7:45AM-7:50AM ET",eth-updown-5m-1774352700,eth-updown-5m-1774352700,30487524842496003230739878641829585605592680708793356095564094356058377092758,0xccb023d5daf163995d2a6515cae33ef57c7d2c36fa5605093e981249d0c27465,Down,0.448217,1,430.280789,unavailable_from_public_profile_snapshot,1137.225708,unavailable_from_public_profile_snapshot,unavailable_from_public_profile_snapshot,unavailable_from_public_profile_snapshot,1774353855,2026-03-24T00:00:00Z,fast_crypto,ETH,true,false,https://data-api.polymarket.com/closed-positions?user=0x63ce342161250d705dc0b16df89036c8e5f9ba9a&limit=50&offset=0&sortBy=TIMESTAMP&sortDirection=DESC,2026-06-24T20:00:17+00:00
0x63ce342161250d705dc0b16df89036c8e5f9ba9a,https://polymarket.com/0x63ce342161250d705dc0b16df89036c8e5f9ba9a,closed,closed_positions,"Bitcoin Up or Down - March 24, 7:45AM-8:00AM ET",btc-updown-15m-1774352700,btc-updown-15m-1774352700,12290115652113105042574410346643418249211917214800637657044507199307294488511,0xa69a692679cafb7711b9b2bb433390fe730afd0096bdb2154ba021ee966aef58,Down,0.587135,1,896.099391,unavailable_from_public_profile_snapshot,2170.441648,unavailable_from_public_profile_snapshot,unavailable_from_public_profile_snapshot,unavailable_from_public_profile_snapshot,1774353855,2026-03-24T00:00:00Z,fast_crypto,BTC,true,false,https://data-api.polymarket.com/closed-positions?user=0x63ce342161250d705dc0b16df89036c8e5f9ba9a&limit=50&offset=0&sortBy=TIMESTAMP&sortDirection=DESC,2026-06-24T20:00:17+00:00
0x63ce342161250d705dc0b16df89036c8e5f9ba9a,https://polymarket.com/0x63ce342161250d705dc0b16df89036c8e5f9ba9a,closed,closed_positions,"Bitcoin Up or Down - March 24, 7:45AM-8:00AM ET",btc-updown-15m-1774352700,btc-updown-15m-1774352700,111525358697492594502306702334020671276814428238593076910377300927401669422810,0xa69a692679cafb7711b9b2bb433390fe730afd0096bdb2154ba021ee966aef58,Up,0.200742,0,-1047.079986,unavailable_from_public_profile_snapshot,5216.048394,unavailable_from_public_profile_snapshot,unavailable_from_public_profile_snapshot,unavailable_from_public_profile_snapshot,1774353855,2026-03-24T00:00:00Z,fast_crypto,BTC,true,false,https://data-api.polymarket.com/closed-positions?user=0x63ce342161250d705dc0b16df89036c8e5f9ba9a&limit=50&offset=0&sortBy=TIMESTAMP&sortDirection=DESC,2026-06-24T20:00:17+00:00
0x63ce342161250d705dc0b16df89036c8e5f9ba9a,https://polymarket.com/0x63ce342161250d705dc0b16df89036c8e5f9ba9a,closed,closed_positions,"Ethereum Up or Down - March 24, 7:30AM-7:35AM ET",eth-updown-5m-1774351800,eth-updown-5m-1774351800,56583356271388014550840508441107045835370112302779055773991012763612905288444,0x1ac40da16d7f2ce3cc4a318019291743c137165b2fe3970df26d03c5f07f4026,Down,0.397861,0,-198.411104,unavailable_from_public_profile_snapshot,602.375612,unavailable_from_public_profile_snapshot,unavailable_from_public_profile_snapshot,unavailable_from_public_profile_snapshot,1774352947,2026-03-24T00:00:00Z,fast_crypto,ETH,true,false,https://data-api.polymarket.com/closed-positions?user=0x63ce342161250d705dc0b16df89036c8e5f9ba9a&limit=50&offset=0&sortBy=TIMESTAMP&sortDirection=DESC,2026-06-24T20:00:17+00:00
0x63ce342161250d705dc0b16df89036c8e5f9ba9a,https://polymarket.com/0x63ce342161250d705dc0b16df89036c8e5f9ba9a,closed,closed_positions,"Bitcoin Up or Down - March 24, 7:30AM-7:45AM ET",btc-updown-15m-1774351800,btc-updown-15m-1774351800,46070551900610467582549696019437802052668639157301659872569782120156178614614,0xc8b40d85b114dadfa7b89f7e38b3a3bae46ad2f7ff19503b2a6d054b2dc4ee75,Up,0.44752,1,9.234106,unavailable_from_public_profile_snapshot,16.71392,unavailable_from_public_profile_snapshot,unavailable_from_public_profile_snapshot,unavailable_from_public_profile_snapshot,1774352947,2026-03-24T00:00:00Z,fast_crypto,BTC,true,false,https://data-api.polymarket.com/closed-positions?user=0x63ce342161250d705dc0b16df89036c8e5f9ba9a&limit=50&offset=0&sortBy=TIMESTAMP&sortDirection=DESC,2026-06-24T20:00:17+00:00
0x63ce342161250d705dc0b16df89036c8e5f9ba9a,https://polymarket.com/0x63ce342161250d705dc0b16df89036c8e5f9ba9a,closed,closed_positions,"Ethereum Up or Down - March 24, 7:30AM-7:35AM ET",eth-updown-5m-1774351800,eth-updown-5m-1774351800,16414518753360936411306600573864152562096344173463650889138873409440146574662,0x1ac40da16d7f2ce3cc4a318019291743c137165b2fe3970df26d03c5f07f4026,Up,0.557842,1,255.96787,unavailable_from_public_profile_snapshot,578.90589,unavailable_from_public_profile_snapshot,unavailable_from_public_profile_snapshot,unavailable_from_public_profile_snapshot,1774352947,2026-03-24T00:00:00Z,fast_crypto,ETH,true,false,https://data-api.polymarket.com/closed-positions?user=0x63ce342161250d705dc0b16df89036c8e5f9ba9a&limit=50&offset=0&sortBy=TIMESTAMP&sortDirection=DESC,2026-06-24T20:00:17+00:00
0x63ce342161250d705dc0b16df89036c8e5f9ba9a,https://polymarket.com/0x63ce342161250d705dc0b16df89036c8e5f9ba9a,closed,closed_positions,"Bitcoin Up or Down - March 24, 7:30AM-7:45AM ET",btc-updown-15m-1774351800,btc-updown-15m-1774351800,111285685570371925655576115908682733445918831673100578018519778163295254143003,0xc8b40d85b114dadfa7b89f7e38b3a3bae46ad2f7ff19503b2a6d054b2dc4ee75,Down,0.243084,0,-283.624008,unavailable_from_public_profile_snapshot,1166.773659,unavailable_from_public_profile_snapshot,unavailable_from_public_profile_snapshot,unavailable_from_public_profile_snapshot,1774352947,2026-03-24T00:00:00Z,fast_crypto,BTC,true,false,https://data-api.polymarket.com/closed-positions?user=0x63ce342161250d705dc0b16df89036c8e5f9ba9a&limit=50&offset=0&sortBy=TIMESTAMP&sortDirection=DESC,2026-06-24T20:00:17+00:00
0x63ce342161250d705dc0b16df89036c8e5f9ba9a,https://polymarket.com/0x63ce342161250d705dc0b16df89036c8e5f9ba9a,closed,closed_positions,"Ethereum Up or Down - March 24, 7:40AM-7:45AM ET",eth-updown-5m-1774352400,eth-updown-5m-1774352400,75184520525283494771116692813669183936797597094119827609457215974251060760961,0x213531431229c8138d669777af90a87dca11dab1864abab65d885104de65d72e,Up,0.605968,0,-834.359506,unavailable_from_public_profile_snapshot,1412.791193,unavailable_from_public_profile_snapshot,unavailable_from_public_profile_snapshot,unavailable_from_public_profile_snapshot,1774352941,2026-03-24T00:00:00Z,fast_crypto,ETH,true,false,https://data-api.polymarket.com/closed-positions?user=0x63ce342161250d705dc0b16df89036c8e5f9ba9a&limit=50&offset=0&sortBy=TIMESTAMP&sortDirection=DESC,2026-06-24T20:00:17+00:00
0x63ce342161250d705dc0b16df89036c8e5f9ba9a,https://polymarket.com/0x63ce342161250d705dc0b16df89036c8e5f9ba9a,closed,closed_positions,"Bitcoin Up or Down - March 24, 7:40AM-7:45AM ET",btc-updown-5m-1774352400,btc-updown-5m-1774352400,71068834418366632747434861899652279955494824750316563067874118343024096039228,0xc6cc132f5b417579e7e5fdef715ae8b8a32e6996fde2f78f1f3e3beb5c7e56d9,Down,0.325414,0,-646.765381,unavailable_from_public_profile_snapshot,2607.710449,unavailable_from_public_profile_snapshot,unavailable_from_public_profile_snapshot,unavailable_from_public_profile_snapshot,1774352941,2026-03-24T00:00:00Z,fast_crypto,BTC,true,false,https://data-api.polymarket.com/closed-positions?user=0x63ce342161250d705dc0b16df89036c8e5f9ba9a&limit=50&offset=0&sortBy=TIMESTAMP&sortDirection=DESC,2026-06-24T20:00:17+00:00
0x63ce342161250d705dc0b16df89036c8e5f9ba9a,https://polymarket.com/0x63ce342161250d705dc0b16df89036c8e5f9ba9a,closed,closed_positions,"Bitcoin Up or Down - March 24, 7:35AM-7:40AM ET",btc-updown-5m-1774352100,btc-updown-5m-1774352100,67803780350649590800824365855359312886550838204767957230730228807294876872470,0xda24884a6211a181f7a9a911773caaabc0573cbea03c4eecf846e05647b3beb6,Down,0.473943,0,-1009.408953,unavailable_from_public_profile_snapshot,2129.81087,unavailable_from_public_profile_snapshot,unavailable_from_public_profile_snapshot,unavailable_from_public_profile_snapshot,1774352941,2026-03-24T00:00:00Z,fast_crypto,BTC,true,false,https://data-api.polymarket.com/closed-positions?user=0x63ce342161250d705dc0b16df89036c8e5f9ba9a&limit=50&offset=0&sortBy=TIMESTAMP&sortDirection=DESC,2026-06-24T20:00:17+00:00
0x63ce342161250d705dc0b16df89036c8e5f9ba9a,https://polymarket.com/0x63ce342161250d705dc0b16df89036c8e5f9ba9a,closed,closed_positions,"Ethereum Up or Down - March 24, 7:35AM-7:40AM ET",eth-updown-5m-1774352100,eth-updown-5m-1774352100,62859992980299612312811485893373102365700502777492037033534518986560194173976,0x4de8166b626f69df088a0f6c0d351723870262e8757c5138cbaa9b191d81e4ee,Down,0.482218,0,-607.464319,unavailable_from_public_profile_snapshot,1286.588036,unavailable_from_public_profile_snapshot,unavailable_from_public_profile_snapshot,unavailable_from_public_profile_snapshot,1774352941,2026-03-24T00:00:00Z,fast_crypto,ETH,true,false,https://data-api.polymarket.com/closed-positions?user=0x63ce342161250d705dc0b16df89036c8e5f9ba9a&limit=50&offset=0&sortBy=TIMESTAMP&sortDirection=DESC,2026-06-24T20:00:17+00:00
0x63ce342161250d705dc0b16df89036c8e5f9ba9a,https://polymarket.com/0x63ce342161250d705dc0b16df89036c8e5f9ba9a,closed,closed_positions,"Bitcoin Up or Down - March 24, 7:30AM-7:35AM ET",btc-updown-5m-1774351800,btc-updown-5m-1774351800,57014033507381052993015623401232201414660133229220923362193947673993168595986,0x873695485bf3cca2df196ed5d14d408772f53fe1fd5888c388807b8261daad61,Down,0.41811,0,-883.778603,unavailable_from_public_profile_snapshot,2159.042998,unavailable_from_public_profile_snapshot,unavailable_from_public_profile_snapshot,unavailable_from_public_profile_snapshot,1774352941,2026-03-24T00:00:00Z,fast_crypto,BTC,true,false,https://data-api.polymarket.com/closed-positions?user=0x63ce342161250d705dc0b16df89036c8e5f9ba9a&limit=50&offset=0&sortBy=TIMESTAMP&sortDirection=DESC,2026-06-24T20:00:17+00:00
0x63ce342161250d705dc0b16df89036c8e5f9ba9a,https://polymarket.com/0x63ce342161250d705dc0b16df89036c8e5f9ba9a,closed,closed_positions,"Bitcoin Up or Down - March 24, 7:30AM-7:35AM ET",btc-updown-5m-1774351800,btc-updown-5m-1774351800,45884578128831770348346889406292134043482451176453739266879398968110398708551,0x873695485bf3cca2df196ed5d14d408772f53fe1fd5888c388807b8261daad61,Up,0.421633,1,1019.385925,unavailable_from_public_profile_snapshot,1974.459769,unavailable_from_public_profile_snapshot,unavailable_from_public_profile_snapshot,unavailable_from_public_profile_snapshot,1774352941,2026-03-24T00:00:00Z,fast_crypto,BTC,true,false,https://data-api.polymarket.com/closed-positions?user=0x63ce342161250d705dc0b16df89036c8e5f9ba9a&limit=50&offset=0&sortBy=TIMESTAMP&sortDirection=DESC,2026-06-24T20:00:17+00:00
0x63ce342161250d705dc0b16df89036c8e5f9ba9a,https://polymarket.com/0x63ce342161250d705dc0b16df89036c8e5f9ba9a,closed,closed_positions,"Ethereum Up or Down - March 24, 7:40AM-7:45AM ET",eth-updown-5m-1774352400,eth-updown-5m-1774352400,35882150915327925297392108979291368029212528381396841591934688212163025356235,0x213531431229c8138d669777af90a87dca11dab1864abab65d885104de65d72e,Down,0.406327,1,683.122265,unavailable_from_public_profile_snapshot,1669.438615,unavailable_from_public_profile_snapshot,unavailable_from_public_profile_snapshot,unavailable_from_public_profile_snapshot,1774352941,2026-03-24T00:00:00Z,fast_crypto,ETH,true,false,https://data-api.polymarket.com/closed-positions?user=0x63ce342161250d705dc0b16df89036c8e5f9ba9a&limit=50&offset=0&sortBy=TIMESTAMP&sortDirection=DESC,2026-06-24T20:00:17+00:00
0x63ce342161250d705dc0b16df89036c8e5f9ba9a,https://polymarket.com/0x63ce342161250d705dc0b16df89036c8e5f9ba9a,closed,closed_positions,"Bitcoin Up or Down - March 24, 7:35AM-7:40AM ET",btc-updown-5m-1774352100,btc-updown-5m-1774352100,29088454507469919567325377401362747890913120097563350613281865467016166154603,0xda24884a6211a181f7a9a911773caaabc0573cbea03c4eecf846e05647b3beb6,Up,0.473744,1,888.614463,unavailable_from_public_profile_snapshot,2197.256546,unavailable_from_public_profile_snapshot,unavailable_from_public_profile_snapshot,unavailable_from_public_profile_snapshot,1774352941,2026-03-24T00:00:00Z,fast_crypto,BTC,true,false,https://data-api.polymarket.com/closed-positions?user=0x63ce342161250d705dc0b16df89036c8e5f9ba9a&limit=50&offset=0&sortBy=TIMESTAMP&sortDirection=DESC,2026-06-24T20:00:17+00:00
0x63ce342161250d705dc0b16df89036c8e5f9ba9a,https://polymarket.com/0x63ce342161250d705dc0b16df89036c8e5f9ba9a,closed,closed_positions,"Bitcoin Up or Down - March 24, 7:40AM-7:45AM ET",btc-updown-5m-1774352400,btc-updown-5m-1774352400,13569868056047755741638742338061688739943966996652998929792778414770385393520,0xc6cc132f5b417579e7e5fdef715ae8b8a32e6996fde2f78f1f3e3beb5c7e56d9,Up,0.697423,1,355.172514,unavailable_from_public_profile_snapshot,1173.825222,unavailable_from_public_profile_snapshot,unavailable_from_public_profile_snapshot,unavailable_from_public_profile_snapshot,1774352941,2026-03-24T00:00:00Z,fast_crypto,BTC,true,false,https://data-api.polymarket.com/closed-positions?user=0x63ce342161250d705dc0b16df89036c8e5f9ba9a&limit=50&offset=0&sortBy=TIMESTAMP&sortDirection=DESC,2026-06-24T20:00:17+00:00
0x63ce342161250d705dc0b16df89036c8e5f9ba9a,https://polymarket.com/0x63ce342161250d705dc0b16df89036c8e5f9ba9a,closed,closed_positions,"Ethereum Up or Down - March 24, 7:35AM-7:40AM ET",eth-updown-5m-1774352100,eth-updown-5m-1774352100,105344385781466875824218797854510295672858052497834710395069823368683470297843,0x4de8166b626f69df088a0f6c0d351723870262e8757c5138cbaa9b191d81e4ee,Up,0.471975,1,642.638056,unavailable_from_public_profile_snapshot,1881.325326,unavailable_from_public_profile_snapshot,unavailable_from_public_profile_snapshot,unavailable_from_public_profile_snapshot,1774352941,2026-03-24T00:00:00Z,fast_crypto,ETH,true,false,https://data-api.polymarket.com/closed-positions?user=0x63ce342161250d705dc0b16df89036c8e5f9ba9a&limit=50&offset=0&sortBy=TIMESTAMP&sortDirection=DESC,2026-06-24T20:00:17+00:00
0x63ce342161250d705dc0b16df89036c8e5f9ba9a,https://polymarket.com/0x63ce342161250d705dc0b16df89036c8e5f9ba9a,closed,closed_positions,"Ethereum Up or Down - March 24, 7:25AM-7:30AM ET",eth-updown-5m-1774351500,eth-updown-5m-1774351500,59636493744165265602687802009843780244653763786985870339213565007001068162309,0x8008af01bc1cb87f2c837eef5455c039bcf6827684984dc6a446fa57720f582f,Down,0.348229,0,-151.221231,unavailable_from_public_profile_snapshot,434.258006,unavailable_from_public_profile_snapshot,unavailable_from_public_profile_snapshot,unavailable_from_public_profile_snapshot,1774352055,2026-03-24T00:00:00Z,fast_crypto,ETH,true,false,https://data-api.polymarket.com/closed-positions?user=0x63ce342161250d705dc0b16df89036c8e5f9ba9a&limit=50&offset=0&sortBy=TIMESTAMP&sortDirection=DESC,2026-06-24T20:00:17+00:00
0x63ce342161250d705dc0b16df89036c8e5f9ba9a,https://polymarket.com/0x63ce342161250d705dc0b16df89036c8e5f9ba9a,closed,closed_positions,"Bitcoin Up or Down - March 24, 7:15AM-7:20AM ET",btc-updown-5m-1774350900,btc-updown-5m-1774350900,40741250158599635525517995262247429360552387281144723408324738659187575954221,0x6098361173f2aacce88c3ba2e92ed106ffbeb7899ac14fce520361e73ffebf05,Down,0.670588,1,194.612775,unavailable_from_public_profile_snapshot,590.788361,unavailable_from_public_profile_snapshot,unavailable_from_public_profile_snapshot,unavailable_from_public_profile_snapshot,1774352055,2026-03-24T00:00:00Z,fast_crypto,BTC,true,false,https://data-api.polymarket.com/closed-positions?user=0x63ce342161250d705dc0b16df89036c8e5f9ba9a&limit=50&offset=0&sortBy=TIMESTAMP&sortDirection=DESC,2026-06-24T20:00:17+00:00
0x63ce342161250d705dc0b16df89036c8e5f9ba9a,https://polymarket.com/0x63ce342161250d705dc0b16df89036c8e5f9ba9a,closed,closed_positions,"Ethereum Up or Down - March 24, 7:15AM-7:20AM ET",eth-updown-5m-1774350900,eth-updown-5m-1774350900,24305652740010268550063604066921531624335566490748186055754082295603322537037,0xc077c95fe25851c525f1ff075d8d65bbf09561c38f2b9ce863efe796e27c963e,Down,0.54694,1,107.750887,unavailable_from_public_profile_snapshot,237.829178,unavailable_from_public_profile_snapshot,unavailable_from_public_profile_snapshot,unavailable_from_public_profile_snapshot,1774352055,2026-03-24T00:00:00Z,fast_crypto,ETH,true,false,https://data-api.polymarket.com/closed-positions?user=0x63ce342161250d705dc0b16df89036c8e5f9ba9a&limit=50&offset=0&sortBy=TIMESTAMP&sortDirection=DESC,2026-06-24T20:00:17+00:00
0x63ce342161250d705dc0b16df89036c8e5f9ba9a,https://polymarket.com/0x63ce342161250d705dc0b16df89036c8e5f9ba9a,closed,closed_positions,"Ethereum Up or Down - March 24, 7:25AM-7:30AM ET",eth-updown-5m-1774351500,eth-updown-5m-1774351500,22804469569541159123437296424557722089137069844001465043206556241965433846667,0x8008af01bc1cb87f2c837eef5455c039bcf6827684984dc6a446fa57720f582f,Up,0.278771,1,130.866226,unavailable_from_public_profile_snapshot,181.448925,unavailable_from_public_profile_snapshot,unavailable_from_public_profile_snapshot,unavailable_from_public_profile_snapshot,1774352055,2026-03-24T00:00:00Z,fast_crypto,ETH,true,false,https://data-api.polymarket.com/closed-positions?user=0x63ce342161250d705dc0b16df89036c8e5f9ba9a&limit=50&offset=0&sortBy=TIMESTAMP&sortDirection=DESC,2026-06-24T20:00:17+00:00
0x63ce342161250d705dc0b16df89036c8e5f9ba9a,https://polymarket.com/0x63ce342161250d705dc0b16df89036c8e5f9ba9a,closed,closed_positions,"Ethereum Up or Down - March 24, 7:20AM-7:25AM ET",eth-updown-5m-1774351200,eth-updown-5m-1774351200,114622642239787867491670106907540719717886639594088251199954365054175988103144,0xae68cf195e8d851ca05420a043f092ad5ad59d3e0af05b3198d18abe18b72e7f,Down,0.376165,0,-318.162933,unavailable_from_public_profile_snapshot,1160.122341,unavailable_from_public_profile_snapshot,unavailable_from_public_profile_snapshot,unavailable_from_public_profile_snapshot,1774352055,2026-03-24T00:00:00Z,fast_crypto,ETH,true,false,https://data-api.polymarket.com/closed-positions?user=0x63ce342161250d705dc0b16df89036c8e5f9ba9a&limit=50&offset=0&sortBy=TIMESTAMP&sortDirection=DESC,2026-06-24T20:00:17+00:00
0xde17f7144fbd0eddb2679132c10ff5e74b120988,https://polymarket.com/0xde17f7144fbd0eddb2679132c10ff5e74b120988,active,positions,"Will the price of Bitcoin be between $70,000 and $72,000 on March 20?",will-the-price-of-bitcoin-be-between-70000-72000-on-march-20,bitcoin-price-on-march-20,22371446532555424641450214344651854292505288657647006489855251528777611512242,0x06cdac0923e4092b972017d766b3b73d4c73700038d813fb568d24d08c318aff,Yes,0.4905,0,-32513.4804,-32290.7719,66570.512,65819.7449,32290.7719,0,,2026-03-20,crypto_other,BTC,false,false,https://data-api.polymarket.com/positions?user=0xde17f7144fbd0eddb2679132c10ff5e74b120988&limit=50,2026-06-24T20:00:17+00:00
0xde17f7144fbd0eddb2679132c10ff5e74b120988,https://polymarket.com/0xde17f7144fbd0eddb2679132c10ff5e74b120988,active,positions,"Will the price of Bitcoin be between $70,000 and $72,000 on March 11?",will-the-price-of-bitcoin-be-between-70000-72000-on-march-11,bitcoin-price-on-march-11,87734452504050268808400880345808918596979035305989939450525893325102705302772,0xe7033a6eefd2a6d3f1c93d1f6f9f40a4e95e4022cc7aa235b4245f9d2aa9ad7e,No,0.3231,0,-20363.8023,-19165.0065,69241.5079,59302.0722,19165.0065,0,,2026-03-11,crypto_other,BTC,false,false,https://data-api.polymarket.com/positions?user=0xde17f7144fbd0eddb2679132c10ff5e74b120988&limit=50,2026-06-24T20:00:17+00:00
0xde17f7144fbd0eddb2679132c10ff5e74b120988,https://polymarket.com/0xde17f7144fbd0eddb2679132c10ff5e74b120988,active,positions,"Will the price of Bitcoin be between $72,000 and $74,000 on March 16?",will-the-price-of-bitcoin-be-between-72000-74000-on-march-16,bitcoin-price-on-march-16,76645395884150588231967067835210519053115979930668099151303092667975378125963,0xfffca2fc14c1e8746df518fb236900ab9bca173854f246b55bf9902fa8432ea2,No,0.5802,0,-29790.2397,-29359.1707,51862.8133,50596.4915,29359.1707,0,,2026-03-16,crypto_other,BTC,false,false,https://data-api.polymarket.com/positions?user=0xde17f7144fbd0eddb2679132c10ff5e74b120988&limit=50,2026-06-24T20:00:17+00:00
0xde17f7144fbd0eddb2679132c10ff5e74b120988,https://polymarket.com/0xde17f7144fbd0eddb2679132c10ff5e74b120988,active,positions,"Will the price of Bitcoin be between $70,000 and $72,000 on March 13?",will-the-price-of-bitcoin-be-between-70000-72000-on-march-13,bitcoin-price-on-march-13,10385932638939867467218047328911551316451294427620792862446423809691924638099,0x9efe3caedfe20f2e96f8f1ac74739081c7832604f216bf0ad83811fced83ac30,No,0.0825,0,-9332.6339,-3569.951,88815.8185,43255.88,3569.951,0,,2026-03-13,crypto_other,BTC,false,true,https://data-api.polymarket.com/positions?user=0xde17f7144fbd0eddb2679132c10ff5e74b120988&limit=50,2026-06-24T20:00:17+00:00
0xde17f7144fbd0eddb2679132c10ff5e74b120988,https://polymarket.com/0xde17f7144fbd0eddb2679132c10ff5e74b120988,active,positions,"Will the price of Bitcoin be between $66,000 and $68,000 on March 1?",will-the-price-of-bitcoin-be-between-66000-68000-on-march-1,bitcoin-price-on-march-1,55620990674963455156983911814028635684019276174319605250294193295770736749943,0xddd93adb23aa70fae5672997f131a3e342699b2565cf4b2456601659b01633c7,No,0.0831,0,5750.8753,-3400.9493,62844.679,40888.5902,3400.9493,0,,2026-03-01,crypto_other,BTC,false,true,https://data-api.polymarket.com/positions?user=0xde17f7144fbd0eddb2679132c10ff5e74b120988&limit=50,2026-06-24T20:00:17+00:00
0xde17f7144fbd0eddb2679132c10ff5e74b120988,https://polymarket.com/0xde17f7144fbd0eddb2679132c10ff5e74b120988,active,positions,"Will the price of Bitcoin be between $68,000 and $70,000 on March 20?",will-the-price-of-bitcoin-be-between-68000-70000-on-march-20,bitcoin-price-on-march-20,108455184904184346739207026940266700362030896320760539497132604087711141628701,0xfbc75fa25408ed8981593ad402b6a5d9b3a0e63781e6680aab0cb3c7f356e82c,No,0.5039,0,-17780.8458,-17612.7065,35389.8616,34952.3651,17612.7065,0,,2026-03-20,crypto_other,BTC,false,false,https://data-api.polymarket.com/positions?user=0xde17f7144fbd0eddb2679132c10ff5e74b120988&limit=50,2026-06-24T20:00:17+00:00
0xde17f7144fbd0eddb2679132c10ff5e74b120988,https://polymarket.com/0xde17f7144fbd0eddb2679132c10ff5e74b120988,active,positions,"Will the price of Bitcoin be between $72,000 and $74,000 on March 13?",will-the-price-of-bitcoin-be-between-72000-74000-on-march-13,bitcoin-price-on-march-13,33807099820724446127797963663680372490446679014948006900746131452479192812857,0xac571a500f1875e9326708bdcdf8631be6e9bdf20bdcc5cbbc0d417451d3f1f1,Yes,0.2411,0,-15307.6226,-8314.2858,84261.8118,34478.2241,8314.2858,0,,2026-03-13,crypto_other,BTC,false,false,https://data-api.polymarket.com/positions?user=0xde17f7144fbd0eddb2679132c10ff5e74b120988&limit=50,2026-06-24T20:00:17+00:00
0xde17f7144fbd0eddb2679132c10ff5e74b120988,https://polymarket.com/0xde17f7144fbd0eddb2679132c10ff5e74b120988,active,positions,"Will the price of Bitcoin be between $68,000 and $70,000 on March 11?",will-the-price-of-bitcoin-be-between-68000-70000-on-march-11,bitcoin-price-on-march-11,89003136096914568294011168339858112910546045281702936178525401387691265991942,0x8090a49d77d369c6773e3f455af97524fa86ee4f3b25fe04eb35b155000325ae,Yes,0.2663,0,-9341.4253,-8928.5101,60300.7906,33521.4682,8928.5101,0,,2026-03-11,crypto_other,BTC,false,false,https://data-api.polymarket.com/positions?user=0xde17f7144fbd0eddb2679132c10ff5e74b120988&limit=50,2026-06-24T20:00:17+00:00
0xde17f7144fbd0eddb2679132c10ff5e74b120988,https://polymarket.com/0xde17f7144fbd0eddb2679132c10ff5e74b120988,active,positions,"Will the price of Bitcoin be between $68,000 and $70,000 on March 3?",will-the-price-of-bitcoin-be-between-68000-70000-on-march-3,bitcoin-price-on-march-3,80815206041890901327907720265474626523795389960078652861922187595217888719355,0x3ddb8caeb9cba3d58e2d144c8412dfaeb9ab20a85958f6441be8a4085b68f83c,No,0.0423,0,19892.3493,-1323.5952,148040.0069,31264.0612,1323.5952,0,,2026-03-03,crypto_other,BTC,false,true,https://data-api.polymarket.com/positions?user=0xde17f7144fbd0eddb2679132c10ff5e74b120988&limit=50,2026-06-24T20:00:17+00:00
0xde17f7144fbd0eddb2679132c10ff5e74b120988,https://polymarket.com/0xde17f7144fbd0eddb2679132c10ff5e74b120988,active,positions,"Will the price of Bitcoin be between $66,000 and $68,000 on March 8?",will-the-price-of-bitcoin-be-between-66000-68000-on-march-8,bitcoin-price-on-march-8,112104814969280703677461113541609096084736134847039538844068208775994983024870,0xe0f71e2ee9808e6da274d47c8fe0614171b509e1de824f0efbba3b8a716fb3e4,No,0.0017,0,17568.2288,-47.5802,66103.4572,27423.7676,47.5802,0,,2026-03-08,crypto_other,BTC,false,true,https://data-api.polymarket.com/positions?user=0xde17f7144fbd0eddb2679132c10ff5e74b120988&limit=50,2026-06-24T20:00:17+00:00
0xde17f7144fbd0eddb2679132c10ff5e74b120988,https://polymarket.com/0xde17f7144fbd0eddb2679132c10ff5e74b120988,active,positions,"Will the price of Bitcoin be between $74,000 and $76,000 on March 16?",will-the-price-of-bitcoin-be-between-74000-76000-on-march-16,bitcoin-price-on-march-16,28000884340976680296945027562981723714803201353268542541783472705479534614459,0xaecaeb04b1be61c4781f9420b7d2e6c7538c1b3ebc3c689530b85479411125c4,Yes,0.4897,0,-11674.678,-12560.9778,28409.5004,25649.6719,12560.9778,0,,2026-03-16,crypto_other,BTC,false,false,https://data-api.polymarket.com/positions?user=0xde17f7144fbd0eddb2679132c10ff5e74b120988&limit=50,2026-06-24T20:00:17+00:00
0xde17f7144fbd0eddb2679132c10ff5e74b120988,https://polymarket.com/0xde17f7144fbd0eddb2679132c10ff5e74b120988,active,positions,"Will the price of Bitcoin be between $74,000 and $76,000 on March 23?",will-the-price-of-bitcoin-be-between-74000-76000-on-march-23,bitcoin-price-on-march-23,41805822539241360017052182420584409747179204223677362915551527765524208493718,0x7d072348cc9c998c3ac12f4377a1b798aee40b785000e9ae2417d66cbe1e255c,Yes,0.0197,0,57.6311,-503.6404,27853.8421,25535.6929,503.6404,0,,2026-03-23,crypto_other,BTC,false,true,https://data-api.polymarket.com/positions?user=0xde17f7144fbd0eddb2679132c10ff5e74b120988&limit=50,2026-06-24T20:00:17+00:00
0xde17f7144fbd0eddb2679132c10ff5e74b120988,https://polymarket.com/0xde17f7144fbd0eddb2679132c10ff5e74b120988,active,positions,"Will the price of Bitcoin be between $64,000 and $66,000 on March 1?",will-the-price-of-bitcoin-be-between-64000-66000-on-march-1,bitcoin-price-on-march-1,15068800137309746952552192374280878475743983913841246516330433642363450886996,0xe152818adaa30a02186c5e0b5f23469739c3dff7126055e1f7bde8f0397c5b72,Yes,0.0827,0,6972.7968,-1932.5784,44695.132,23351.6,1932.5784,0,,2026-03-01,crypto_other,BTC,false,true,https://data-api.polymarket.com/positions?user=0xde17f7144fbd0eddb2679132c10ff5e74b120988&limit=50,2026-06-24T20:00:17+00:00
0xde17f7144fbd0eddb2679132c10ff5e74b120988,https://polymarket.com/0xde17f7144fbd0eddb2679132c10ff5e74b120988,active,positions,"Will the price of Bitcoin be less than $64,000 on March 23?",will-the-price-of-bitcoin-be-less-than-64000-on-march-23,bitcoin-price-on-march-23,99645009766493254631480435156564779365142549068544976253417324178393759848406,0xf5eb64aa1eaa864efff5fd12306e82a2c88d8ecc4e3b4544ecf256c800464f50,Yes,0.006,0,14386.9013,-137.5336,52115.4575,22672.8776,137.5336,0,,2026-03-23,crypto_other,BTC,false,true,https://data-api.polymarket.com/positions?user=0xde17f7144fbd0eddb2679132c10ff5e74b120988&limit=50,2026-06-24T20:00:17+00:00
0xde17f7144fbd0eddb2679132c10ff5e74b120988,https://polymarket.com/0xde17f7144fbd0eddb2679132c10ff5e74b120988,active,positions,"Will the price of Bitcoin be between $72,000 and $74,000 on March 26?",will-the-price-of-bitcoin-be-between-72000-74000-on-march-26,bitcoin-price-on-march-26,40031777875436415627134762496357764951298278518037244424222251287694939062437,0x32724fb7698e8158d2e8ceef95b88a025938c83df9f94311c4f87f27b1983f83,Yes,0.0019,0,6818.9065,-38.2321,34144.9416,19202.4978,38.2321,0,,2026-03-26,crypto_other,BTC,false,true,https://data-api.polymarket.com/positions?user=0xde17f7144fbd0eddb2679132c10ff5e74b120988&limit=50,2026-06-24T20:00:17+00:00
0xde17f7144fbd0eddb2679132c10ff5e74b120988,https://polymarket.com/0xde17f7144fbd0eddb2679132c10ff5e74b120988,active,positions,"Will the price of Bitcoin be between $76,000 and $78,000 on March 23?",will-the-price-of-bitcoin-be-between-76000-78000-on-march-23,bitcoin-price-on-march-23,66863810575845719589279795611692387460886958188366803506875867799239986212811,0x3ab5f54e122097e08edb4b566a2fee4f603a38e0dca4bc2393010d000fb60fb7,Yes,0.0041,0,4.5066,-71.9554,17394.7008,17238.9656,71.9554,0,,2026-03-23,crypto_other,BTC,false,true,https://data-api.polymarket.com/positions?user=0xde17f7144fbd0eddb2679132c10ff5e74b120988&limit=50,2026-06-24T20:00:17+00:00
0xde17f7144fbd0eddb2679132c10ff5e74b120988,https://polymarket.com/0xde17f7144fbd0eddb2679132c10ff5e74b120988,active,positions,"Will the price of Bitcoin be between $68,000 and $70,000 on March 24?",will-the-price-of-bitcoin-be-between-68000-70000-on-march-24,bitcoin-price-on-march-24,67009333651107634524352942937063164202078912846459033739616839113785376978399,0x0ff9ba7c39ac7f595c4a9911d8700450228ef7f1b955ee9fb811781922c82f45,No,0.2877,0,-16899.2636,-4931.8404,65888.3938,17140.9918,4931.8404,0,,2026-03-24,crypto_other,BTC,false,false,https://data-api.polymarket.com/positions?user=0xde17f7144fbd0eddb2679132c10ff5e74b120988&limit=50,2026-06-24T20:00:17+00:00
0xde17f7144fbd0eddb2679132c10ff5e74b120988,https://polymarket.com/0xde17f7144fbd0eddb2679132c10ff5e74b120988,active,positions,"Will the price of Bitcoin be between $72,000 and $74,000 on March 11?",will-the-price-of-bitcoin-be-between-72000-74000-on-march-11,bitcoin-price-on-march-11,57787241024419294007503177975416116000289414529724285677813065331286075925753,0x8271e1fecb4f450e1233b3affd2157582a3a3f439ea59b4dbef69e946cb854f5,Yes,0.0403,0,-361.2995,-665.0985,17554.6467,16466.5039,665.0985,0,,2026-03-11,crypto_other,BTC,false,true,https://data-api.polymarket.com/positions?user=0xde17f7144fbd0eddb2679132c10ff5e74b120988&limit=50,2026-06-24T20:00:17+00:00
0xde17f7144fbd0eddb2679132c10ff5e74b120988,https://polymarket.com/0xde17f7144fbd0eddb2679132c10ff5e74b120988,active,positions,"Will the price of Bitcoin be between $68,000 and $70,000 on March 22?",will-the-price-of-bitcoin-be-between-68000-70000-on-march-22,bitcoin-price-on-march-22,34649087981807817340021479040281774630693521592025976025727993911361882945434,0x2da170c5aca0e105b18d19beb71e7cf3768d580c52b5bf03ca1dd34b02551b13,No,0.0371,0,-985.4877,-607.9609,22917.7633,16345.6726,607.9609,0,,2026-03-22,crypto_other,BTC,false,true,https://data-api.polymarket.com/positions?user=0xde17f7144fbd0eddb2679132c10ff5e74b120988&limit=50,2026-06-24T20:00:17+00:00
0xde17f7144fbd0eddb2679132c10ff5e74b120988,https://polymarket.com/0xde17f7144fbd0eddb2679132c10ff5e74b120988,active,positions,"Will the price of Bitcoin be between $72,000 and $74,000 on March 20?",will-the-price-of-bitcoin-be-between-72000-74000-on-march-20,bitcoin-price-on-march-20,24013832097071089540989145602827237602388901936724717479444930011239650691586,0x0c4b8d332f7d5d033ac7b15c16d4d8f5470e266381fe92b17887bdf61f598f20,Yes,0.0519,0,-836.4943,-842.0223,16238.678,16218.3129,842.0223,0,,2026-03-20,crypto_other,BTC,false,true,https://data-api.polymarket.com/positions?user=0xde17f7144fbd0eddb2679132c10ff5e74b120988&limit=50,2026-06-24T20:00:17+00:00
0xde17f7144fbd0eddb2679132c10ff5e74b120988,https://polymarket.com/0xde17f7144fbd0eddb2679132c10ff5e74b120988,active,positions,"Will the price of Bitcoin be between $66,000 and $68,000 on March 20?",will-the-price-of-bitcoin-be-between-66000-68000-on-march-20,bitcoin-price-on-march-20,107050715057145065529769007532573778380980312297826697521752116277312398791857,0x6bbddd6d9970028ecbd4d0d6fd129debe6cd35ab2c0323291964ce88724ba2b4,Yes,0.0146,0,148.9717,-209.5822,15346.0792,14351.0191,209.5822,0,,2026-03-20,crypto_other,BTC,false,true,https://data-api.polymarket.com/positions?user=0xde17f7144fbd0eddb2679132c10ff5e74b120988&limit=50,2026-06-24T20:00:17+00:00
0xde17f7144fbd0eddb2679132c10ff5e74b120988,https://polymarket.com/0xde17f7144fbd0eddb2679132c10ff5e74b120988,active,positions,"Will the price of Bitcoin be between $66,000 and $68,000 on March 27?",will-the-price-of-bitcoin-be-between-66000-68000-on-march-27,bitcoin-price-on-march-27,10278310587526642605429266194644708997626097372461794284469310277229373585302,0xf45942d7c085c040c9ecc50f80a2c58cbfa3af0ff9afbd4fe823e2f40ef73664,No,0.0489,0,3890.4725,-644.872,57461.9481,13169.7929,644.872,0,,2026-03-27,crypto_other,BTC,false,true,https://data-api.polymarket.com/positions?user=0xde17f7144fbd0eddb2679132c10ff5e74b120988&limit=50,2026-06-24T20:00:17+00:00
0xde17f7144fbd0eddb2679132c10ff5e74b120988,https://polymarket.com/0xde17f7144fbd0eddb2679132c10ff5e74b120988,active,positions,"Will the price of Bitcoin be between $66,000 and $68,000 on March 3?",will-the-price-of-bitcoin-be-between-66000-68000-on-march-3,bitcoin-price-on-march-3,97991882010777221115103098392605458148578487709489360009089965769122793342939,0x0503e6d6db91af814aa9918cf6e4ae7656cef96cb321bffcccaea22fd3643402,Yes,0.0672,0,8902.6513,-858.9184,97312.4624,12767.0855,858.9184,0,,2026-03-03,crypto_other,BTC,false,true,https://data-api.polymarket.com/positions?user=0xde17f7144fbd0eddb2679132c10ff5e74b120988&limit=50,2026-06-24T20:00:17+00:00
0xde17f7144fbd0eddb2679132c10ff5e74b120988,https://polymarket.com/0xde17f7144fbd0eddb2679132c10ff5e74b120988,active,positions,"Will the price of Bitcoin be between $68,000 and $70,000 on March 23?",will-the-price-of-bitcoin-be-between-68000-70000-on-march-23,bitcoin-price-on-march-23,83085794594897360499761429524097492793174773121229662665788925452251207775126,0x9277185027f8811ecd51fa8ccf00b0a7b903f18c4db7bac192ed33f0173fea4c,Yes,0.1333,0,-474.5364,-1588.7988,41470.7695,11912.4473,1588.7988,0,,2026-03-23,crypto_other,BTC,false,true,https://data-api.polymarket.com/positions?user=0xde17f7144fbd0eddb2679132c10ff5e74b120988&limit=50,2026-06-24T20:00:17+00:00
0xde17f7144fbd0eddb2679132c10ff5e74b120988,https://polymarket.com/0xde17f7144fbd0eddb2679132c10ff5e74b120988,active,positions,"Will the price of Bitcoin be between $68,000 and $70,000 on March 12?",will-the-price-of-bitcoin-be-between-68000-70000-on-march-12,bitcoin-price-on-march-12,64306394261685303726134577568969146337264760065625762351721796372306500049187,0x38e0736dc00f43e4030be24c249b13421d00fa86bbba481654e321f34f42dd79,Yes,0.271,0,-8872.9835,-2693.568,50268.4924,9939.2187,2693.568,0,,2026-03-12,crypto_other,BTC,false,false,https://data-api.polymarket.com/positions?user=0xde17f7144fbd0eddb2679132c10ff5e74b120988&limit=50,2026-06-24T20:00:17+00:00
0xde17f7144fbd0eddb2679132c10ff5e74b120988,https://polymarket.com/0xde17f7144fbd0eddb2679132c10ff5e74b120988,active,positions,"Will the price of Bitcoin be between $70,000 and $72,000 on March 23?",will-the-price-of-bitcoin-be-between-70000-72000-on-march-23,bitcoin-price-on-march-23,96652184652180671105708206740663750785297219889919793955661083738434012300719,0x051196aad7ba07e0aaa5dfe595c5a88882f21273f8b8a0e805522a50d819aa7b,No,0.1428,0,-11055.8765,-1369.7053,65666.3594,9591.6394,1369.7053,0,,2026-03-23,crypto_other,BTC,false,true,https://data-api.polymarket.com/positions?user=0xde17f7144fbd0eddb2679132c10ff5e74b120988&limit=50,2026-06-24T20:00:17+00:00
0xde17f7144fbd0eddb2679132c10ff5e74b120988,https://polymarket.com/0xde17f7144fbd0eddb2679132c10ff5e74b120988,active,positions,"Will the price of Bitcoin be between $70,000 and $72,000 on March 16?",will-the-price-of-bitcoin-be-between-70000-72000-on-march-16,bitcoin-price-on-march-16,106182523642060422657059272860391293127212469665713889714413951169895490120146,0xdb2dc39a568c2779a0784bc51bd273cc8c0fc9808132469164b0e88687be15e5,Yes,0.1044,0,-176.8832,-946.43,11654.6625,9061.9503,946.43,0,,2026-03-16,crypto_other,BTC,false,true,https://data-api.polymarket.com/positions?user=0xde17f7144fbd0eddb2679132c10ff5e74b120988&limit=50,2026-06-24T20:00:17+00:00
0xde17f7144fbd0eddb2679132c10ff5e74b120988,https://polymarket.com/0xde17f7144fbd0eddb2679132c10ff5e74b120988,active,positions,"Will the price of Bitcoin be between $64,000 and $66,000 on March 23?",will-the-price-of-bitcoin-be-between-64000-66000-on-march-23,bitcoin-price-on-march-23,105076438200727718076188225894206674882332786895509533736926523968509271890990,0xe4ab9817a96b53301ce8f1624effa5e615ec297b506cbaac2102e53c4c602eb7,Yes,0.0148,0,3594.6662,-121.4913,16277.0738,8173.5297,121.4913,0,,2026-03-23,crypto_other,BTC,false,true,https://data-api.polymarket.com/positions?user=0xde17f7144fbd0eddb2679132c10ff5e74b120988&limit=50,2026-06-24T20:00:17+00:00
0xde17f7144fbd0eddb2679132c10ff5e74b120988,https://polymarket.com/0xde17f7144fbd0eddb2679132c10ff5e74b120988,active,positions,"Will the price of Bitcoin be between $66,000 and $68,000 on March 6?",will-the-price-of-bitcoin-be-between-66000-68000-on-march-6,bitcoin-price-on-march-6,84864134813345014680406790152269220227358229468011247282943102280661473136855,0xfd4b0767c1412c34390b987c13a33f9c573e43673293d793d5e942d285f1e27b,Yes,0.0756,0,8128.5926,-597.8185,28797.6194,7899.7116,597.8185,0,,2026-03-06,crypto_other,BTC,false,true,https://data-api.polymarket.com/positions?user=0xde17f7144fbd0eddb2679132c10ff5e74b120988&limit=50,2026-06-24T20:00:17+00:00
0xde17f7144fbd0eddb2679132c10ff5e74b120988,https://polymarket.com/0xde17f7144fbd0eddb2679132c10ff5e74b120988,active,positions,"Will the price of Bitcoin be between $70,000 and $72,000 on March 4?",will-the-price-of-bitcoin-be-between-70000-72000-on-march-4,bitcoin-price-on-march-4,32565001260415939810594938628921315502376126263375651361030092577920093812171,0x39893ca792cdde29b6e5401115d72da3d46db385a719d6f15981fe7af732459d,Yes,0.002,0,8908.7941,-15.1931,48856.5578,7596.5687,15.1931,0,,2026-03-04,crypto_other,BTC,false,true,https://data-api.polymarket.com/positions?user=0xde17f7144fbd0eddb2679132c10ff5e74b120988&limit=50,2026-06-24T20:00:17+00:00
0xde17f7144fbd0eddb2679132c10ff5e74b120988,https://polymarket.com/0xde17f7144fbd0eddb2679132c10ff5e74b120988,active,positions,"Will the price of Bitcoin be between $70,000 and $72,000 on March 10?",will-the-price-of-bitcoin-be-between-70000-72000-on-march-10,bitcoin-price-on-march-10,69398445172531256873662333157323666705746328513387230582804118095651117477963,0xd066c5aa8e534297f71dd8c4b83eb1268af29a1c58623ebfec1e6c3e4346d274,No,0.1197,0,8256.1737,-851.9886,71357.6813,7115.1438,851.9886,0,,2026-03-10,crypto_other,BTC,false,true,https://data-api.polymarket.com/positions?user=0xde17f7144fbd0eddb2679132c10ff5e74b120988&limit=50,2026-06-24T20:00:17+00:00
0xde17f7144fbd0eddb2679132c10ff5e74b120988,https://polymarket.com/0xde17f7144fbd0eddb2679132c10ff5e74b120988,active,positions,"Will the price of Bitcoin be between $66,000 and $68,000 on March 23?",will-the-price-of-bitcoin-be-between-66000-68000-on-march-23,bitcoin-price-on-march-23,104039652108917478235030163142466945205763302226966482840343808415734009795997,0x1d9712e84faa8db9403d40362947de195ebd2aa3aeebcdb2c318092c09196387,Yes,0.0726,0,2496.3082,-501.7921,14519.6258,6906.6953,501.7921,0,,2026-03-23,crypto_other,BTC,false,true,https://data-api.polymarket.com/positions?user=0xde17f7144fbd0eddb2679132c10ff5e74b120988&limit=50,2026-06-24T20:00:17+00:00
0xde17f7144fbd0eddb2679132c10ff5e74b120988,https://polymarket.com/0xde17f7144fbd0eddb2679132c10ff5e74b120988,active,positions,"Will the price of Bitcoin be between $66,000 and $68,000 on March 24?",will-the-price-of-bitcoin-be-between-66000-68000-on-march-24,bitcoin-price-on-march-24,80857386131815431975544365576166954736640786142913859350736804620059765342594,0xc156c31444841fdcb2696cead81867e82f109fea61e872acf21f7bc85a073034,Yes,0.0031,0,3554.7312,-20.4004,13867.1877,6547.0064,20.4004,0,,2026-03-24,crypto_other,BTC,false,true,https://data-api.polymarket.com/positions?user=0xde17f7144fbd0eddb2679132c10ff5e74b120988&limit=50,2026-06-24T20:00:17+00:00
0xde17f7144fbd0eddb2679132c10ff5e74b120988,https://polymarket.com/0xde17f7144fbd0eddb2679132c10ff5e74b120988,active,positions,"Will the price of Bitcoin be between $72,000 and $74,000 on March 17?",will-the-price-of-bitcoin-be-between-72000-74000-on-march-17,bitcoin-price-on-march-17,598296111357044172506853442110558820459088689712371111563295428585115833469,0x08ab3921fec6aa6c6e8df92a9f02711078439670df3887b7fc8cbe3ba4135a08,No,0.5095,0,-4048.4444,-3053.0435,72262.7877,5991.7877,3053.0435,0,,2026-03-17,crypto_other,BTC,false,false,https://data-api.polymarket.com/positions?user=0xde17f7144fbd0eddb2679132c10ff5e74b120988&limit=50,2026-06-24T20:00:17+00:00
0xde17f7144fbd0eddb2679132c10ff5e74b120988,https://polymarket.com/0xde17f7144fbd0eddb2679132c10ff5e74b120988,active,positions,"Will the price of Bitcoin be between $68,000 and $70,000 on March 10?",will-the-price-of-bitcoin-be-between-68000-70000-on-march-10,bitcoin-price-on-march-10,58561751220742268326407255391071599671509940668010292772003985391114376953309,0x536ff049fb309714dc5defd4a236a6be0008dc107ca36db92ffa0ee22d12e32e,Yes,0.1688,0,4483.3368,-971.3366,43795.1711,5753.8189,971.3366,0,,2026-03-10,crypto_other,BTC,false,true,https://data-api.polymarket.com/positions?user=0xde17f7144fbd0eddb2679132c10ff5e74b120988&limit=50,2026-06-24T20:00:17+00:00
0xde17f7144fbd0eddb2679132c10ff5e74b120988,https://polymarket.com/0xde17f7144fbd0eddb2679132c10ff5e74b120988,active,positions,"Will the price of Bitcoin be between $68,000 and $70,000 on March 9?",will-the-price-of-bitcoin-be-between-68000-70000-on-march-9,bitcoin-price-on-march-9,95131558691722902660296195398064131906546428626767767725892995651886406511589,0x99c8facacdc768350b32e5d707e31495b9bb4da801c08d6950434856dc38550a,No,0.2389,0,3456.312,-1209.2417,23319.8732,5060.8384,1209.2417,0,,2026-03-09,crypto_other,BTC,false,false,https://data-api.polymarket.com/positions?user=0xde17f7144fbd0eddb2679132c10ff5e74b120988&limit=50,2026-06-24T20:00:17+00:00
0xde17f7144fbd0eddb2679132c10ff5e74b120988,https://polymarket.com/0xde17f7144fbd0eddb2679132c10ff5e74b120988,active,positions,"Will the price of Bitcoin be above $66,000 on April 1?",bitcoin-above-66k-on-april-1,bitcoin-above-on-april-1,82658095530428246421197621602662611208256729546457254727549052220047835186801,0x63a809cdc022af8aec29af89e79dab712cf826903ab9b3472a7fa2fc3d9a4c89,No,0.4208,0,211.4533,-2095.4097,5642.8785,4979.1836,2095.4097,0,,2026-04-01,crypto_other,BTC,false,false,https://data-api.polymarket.com/positions?user=0xde17f7144fbd0eddb2679132c10ff5e74b120988&limit=50,2026-06-24T20:00:17+00:00
0xde17f7144fbd0eddb2679132c10ff5e74b120988,https://polymarket.com/0xde17f7144fbd0eddb2679132c10ff5e74b120988,active,positions,"Will the price of Bitcoin be between $78,000 and $80,000 on March 23?",will-the-price-of-bitcoin-be-between-78000-80000-on-march-23,bitcoin-price-on-march-23,21461808110904977535923957418759161607833352198009410704962576212041799891660,0xa90436f7a2ef17d0f1f0272b81f9b23271939ce0669b3ee154b2d2495acef753,Yes,0.001,0,652.0799,-4.9547,6275,4954.7786,4.9547,0,,2026-03-23,crypto_other,BTC,false,true,https://data-api.polymarket.com/positions?user=0xde17f7144fbd0eddb2679132c10ff5e74b120988&limit=50,2026-06-24T20:00:17+00:00
0xde17f7144fbd0eddb2679132c10ff5e74b120988,https://polymarket.com/0xde17f7144fbd0eddb2679132c10ff5e74b120988,active,positions,"Will the price of Bitcoin be between $74,000 and $76,000 on March 17?",will-the-price-of-bitcoin-be-between-74000-76000-on-march-17,bitcoin-price-on-march-17,5689440527478456220665904732893345118439130790956856487558484014894617718280,0xb980e21c27d9a8c729a14b6ef118e2e3793adb6ae1d92d151ba46b55b16cb70d,Yes,0.466,0,-233.2825,-2064.4851,57325.1891,4429.7313,2064.4851,0,,2026-03-17,crypto_other,BTC,false,false,https://data-api.polymarket.com/positions?user=0xde17f7144fbd0eddb2679132c10ff5e74b120988&limit=50,2026-06-24T20:00:17+00:00
0xde17f7144fbd0eddb2679132c10ff5e74b120988,https://polymarket.com/0xde17f7144fbd0eddb2679132c10ff5e74b120988,active,positions,"Will Bitcoin reach $100,000 in March?",will-bitcoin-reach-100k-in-march-2026,what-price-will-bitcoin-hit-in-march-2026,97317111333105248444305246935913701855276691680763278938354874121627341343131,0xdd52879558c981828ab058d9a66207749b6cfed858b547e2b632a5f7888e9437,Yes,0.01,0,18228.658,-44.3621,41798.8578,4418.9799,44.3621,0,,2026-04-01,crypto_other,BTC,false,true,https://data-api.polymarket.com/positions?user=0xde17f7144fbd0eddb2679132c10ff5e74b120988&limit=50,2026-06-24T20:00:17+00:00
0xde17f7144fbd0eddb2679132c10ff5e74b120988,https://polymarket.com/0xde17f7144fbd0eddb2679132c10ff5e74b120988,active,positions,"Will the price of Bitcoin be between $74,000 and $76,000 on March 25?",will-the-price-of-bitcoin-be-between-74000-76000-on-march-25,bitcoin-price-on-march-25,16323124862152762805251250753225349083121183977831152528415845972601158961084,0xfdbfd07d50cc57549201a6cdc5efd35627b1ceba5e3340f1bc4e67cfb759f85d,Yes,0.0014,0,2602.4432,-6.4017,9554.7794,4302.2393,6.4017,0,,2026-03-25,crypto_other,BTC,false,true,https://data-api.polymarket.com/positions?user=0xde17f7144fbd0eddb2679132c10ff5e74b120988&limit=50,2026-06-24T20:00:17+00:00
0xde17f7144fbd0eddb2679132c10ff5e74b120988,https://polymarket.com/0xde17f7144fbd0eddb2679132c10ff5e74b120988,active,positions,"Will the price of Bitcoin be above $64,000 on April 3?",bitcoin-above-64k-on-april-3,bitcoin-above-on-april-3,101421889037667510687642667365650455855634885873581300376860444631421988648932,0x408f69b6e234bb03624fbd5eba88ba03e68eb55ae75d8d707a3346fd8b68e47c,No,0.2764,0,54.2079,-952.69,3697.3201,3446.6553,952.69,0,,2026-04-03,crypto_other,BTC,false,false,https://data-api.polymarket.com/positions?user=0xde17f7144fbd0eddb2679132c10ff5e74b120988&limit=50,2026-06-24T20:00:17+00:00
0xde17f7144fbd0eddb2679132c10ff5e74b120988,https://polymarket.com/0xde17f7144fbd0eddb2679132c10ff5e74b120988,active,positions,"Will the price of Bitcoin be above $68,000 on April 1?",bitcoin-above-68k-on-april-1,bitcoin-above-on-april-1,98087877347503623697862601518353089869220870720643828947167791764468945128462,0xbb451b46761baa6feb84a41eecaac62c7761b1ff7b7cb4710ded5d19fff70723,No,0.5438,0,-3.0846,-1647.2517,3250.5884,3028.8658,1647.2517,0,,2026-04-01,crypto_other,BTC,false,false,https://data-api.polymarket.com/positions?user=0xde17f7144fbd0eddb2679132c10ff5e74b120988&limit=50,2026-06-24T20:00:17+00:00
0xde17f7144fbd0eddb2679132c10ff5e74b120988,https://polymarket.com/0xde17f7144fbd0eddb2679132c10ff5e74b120988,active,positions,"Will the price of Bitcoin be above $66,000 on April 3?",bitcoin-above-66k-on-april-3,bitcoin-above-on-april-3,113064842438800339979359305305468515446676076342512905116349066900399064175568,0xf2b4fdd920a609d50af500233d03f0f7b240ede276cbb4c2778f2828d48c1db3,No,0.4182,0,3.9178,-1262.1211,3082.0994,3017.429,1262.1211,0,,2026-04-03,crypto_other,BTC,false,false,https://data-api.polymarket.com/positions?user=0xde17f7144fbd0eddb2679132c10ff5e74b120988&limit=50,2026-06-24T20:00:17+00:00
0xde17f7144fbd0eddb2679132c10ff5e74b120988,https://polymarket.com/0xde17f7144fbd0eddb2679132c10ff5e74b120988,active,positions,"Will the price of Bitcoin be between $70,000 and $72,000 on March 24?",will-the-price-of-bitcoin-be-between-70000-72000-on-march-24,bitcoin-price-on-march-24,46593291892327154925476951716712747761437125100677257767155391616380424083057,0x16e28fd6aac1fb59039a8ec7e91288942019999b10630b87d7e8ff32c5be23e8,Yes,0.3694,0,-19714.9914,-1071.403,110477.189,2899.8534,1071.403,0,,2026-03-24,crypto_other,BTC,false,false,https://data-api.polymarket.com/positions?user=0xde17f7144fbd0eddb2679132c10ff5e74b120988&limit=50,2026-06-24T20:00:17+00:00
0xde17f7144fbd0eddb2679132c10ff5e74b120988,https://polymarket.com/0xde17f7144fbd0eddb2679132c10ff5e74b120988,active,positions,"Will the price of Bitcoin be above $64,000 on April 4?",bitcoin-above-64k-on-april-4,bitcoin-above-on-april-4,107165635497958054868480343796590095290227763440116069699683647850566673123329,0xd36d430cd7c211ddc0da130c3048e4bfef888680236b58fdeb28229a4c944a7b,No,0.2781,0,449.2065,-783.2383,4614.7844,2815.4596,783.2383,0,,2026-04-04,crypto_other,BTC,false,false,https://data-api.polymarket.com/positions?user=0xde17f7144fbd0eddb2679132c10ff5e74b120988&limit=50,2026-06-24T20:00:17+00:00
0xde17f7144fbd0eddb2679132c10ff5e74b120988,https://polymarket.com/0xde17f7144fbd0eddb2679132c10ff5e74b120988,active,positions,"Will Bitcoin reach $70,000 on March 30?",will-bitcoin-reach-70k-on-march-30,what-price-will-bitcoin-hit-on-march-30,23964815142213307071964174750563897000672118974654802426320652256949321548903,0x5e94ba771f970222bb7b9a56242a678bf1b027cfc5025558202f0a13584445fd,Yes,0.1527,0,222.8719,-398.5433,3269.7265,2609.002,398.5433,0,,2026-03-31,crypto_other,BTC,false,true,https://data-api.polymarket.com/positions?user=0xde17f7144fbd0eddb2679132c10ff5e74b120988&limit=50,2026-06-24T20:00:17+00:00
0xde17f7144fbd0eddb2679132c10ff5e74b120988,https://polymarket.com/0xde17f7144fbd0eddb2679132c10ff5e74b120988,active,positions,"Will Bitcoin reach $69,000 on March 30?",will-bitcoin-reach-69k-on-march-30,what-price-will-bitcoin-hit-on-march-30,15230638869643650359921263297449802243978947567110862446538033184611259259032,0xa8134955782f3b09c47d8cf42dba806dde992139bdafc763aa6e8938e5d629c8,Yes,0.3949,0,159.8785,-800.2038,3578.2908,2025.9916,800.2038,0,,2026-03-31,crypto_other,BTC,false,false,https://data-api.polymarket.com/positions?user=0xde17f7144fbd0eddb2679132c10ff5e74b120988&limit=50,2026-06-24T20:00:17+00:00
0xde17f7144fbd0eddb2679132c10ff5e74b120988,https://polymarket.com/0xde17f7144fbd0eddb2679132c10ff5e74b120988,active,positions,"Will Bitcoin dip to $66,000 March 30-April 5?",will-bitcoin-dip-to-66k-march-30-april-5,what-price-will-bitcoin-hit-march-30-april-5,100128273244125770420111331642670662223891018490058020954410186514811821617880,0xfc8562ea0f0c0a9239bb4063ec87f08219cc4d729025f0f9b08e8f0f9c2f52b3,No,0.3016,0,3.6953,-574.9054,1946.99,1905.9009,574.9054,0,,2026-04-06,crypto_other,BTC,false,false,https://data-api.polymarket.com/positions?user=0xde17f7144fbd0eddb2679132c10ff5e74b120988&limit=50,2026-06-24T20:00:17+00:00
0xde17f7144fbd0eddb2679132c10ff5e74b120988,https://polymarket.com/0xde17f7144fbd0eddb2679132c10ff5e74b120988,active,positions,"Will the price of Bitcoin be between $68,000 and $70,000 on April 1?",will-the-price-of-bitcoin-be-between-68000-70000-on-april-1,bitcoin-price-on-april-1,89086085828682164069239551757271709031185034327518927433613345656958602943507,0x0953a032ab4a0c9e37b4656691aa9b35f877da5f88615e6a811bb9edfcd9924e,No,0.7837,0,0,-1276.8685,1635.2196,1629.2178,1276.8685,0,,2026-04-01,crypto_other,BTC,false,false,https://data-api.polymarket.com/positions?user=0xde17f7144fbd0eddb2679132c10ff5e74b120988&limit=50,2026-06-24T20:00:17+00:00
0xde17f7144fbd0eddb2679132c10ff5e74b120988,https://polymarket.com/0xde17f7144fbd0eddb2679132c10ff5e74b120988,closed,closed_positions,"Will the price of Bitcoin be above $76,000 on April 5?",bitcoin-above-76k-on-april-5,bitcoin-above-on-april-5,93144045905155336736946388142067207414286626637294180098562899370064037623456,0x975fba86bbabe8f05d18d18f424d0bb3e6eb5521fa58aa2d3f31edc0fe719343,No,0.947,1,-9.162275,unavailable_from_public_profile_snapshot,63.963206,unavailable_from_public_profile_snapshot,unavailable_from_public_profile_snapshot,unavailable_from_public_profile_snapshot,1775477905,2026-04-05T00:00:00Z,crypto_other,BTC,false,false,https://data-api.polymarket.com/closed-positions?user=0xde17f7144fbd0eddb2679132c10ff5e74b120988&limit=50&offset=0&sortBy=TIMESTAMP&sortDirection=DESC,2026-06-24T20:00:17+00:00
0xde17f7144fbd0eddb2679132c10ff5e74b120988,https://polymarket.com/0xde17f7144fbd0eddb2679132c10ff5e74b120988,closed,closed_positions,"Will Bitcoin reach $82,000 March 30-April 5?",will-bitcoin-reach-82k-march-30-april-5,what-price-will-bitcoin-hit-march-30-april-5,67251935700634297402512670135057314132060106806418946077074579274490318646978,0xe5f78f688ed02a847240ae55eb9ca3e913afb9291e95ae5fe12b65260e9b39d2,Yes,0.002,0,-0.01504,unavailable_from_public_profile_snapshot,7.52,unavailable_from_public_profile_snapshot,unavailable_from_public_profile_snapshot,unavailable_from_public_profile_snapshot,1775477905,2026-04-06T00:00:00Z,crypto_other,BTC,false,true,https://data-api.polymarket.com/closed-positions?user=0xde17f7144fbd0eddb2679132c10ff5e74b120988&limit=50&offset=0&sortBy=TIMESTAMP&sortDirection=DESC,2026-06-24T20:00:17+00:00
0xde17f7144fbd0eddb2679132c10ff5e74b120988,https://polymarket.com/0xde17f7144fbd0eddb2679132c10ff5e74b120988,closed,closed_positions,"Will the price of Bitcoin be above $64,000 on April 5?",bitcoin-above-64k-on-april-5,bitcoin-above-on-april-5,54823133797009356098415524982899914927276006992127418943803232059827931669710,0xc40bb6c675e51478c47c7ddc7df4d44c6463abcc0594cbb69a547690990b38a5,No,0.19,0,-2.369132,unavailable_from_public_profile_snapshot,12.46912,unavailable_from_public_profile_snapshot,unavailable_from_public_profile_snapshot,unavailable_from_public_profile_snapshot,1775477905,2026-04-05T00:00:00Z,crypto_other,BTC,false,true,https://data-api.polymarket.com/closed-positions?user=0xde17f7144fbd0eddb2679132c10ff5e74b120988&limit=50&offset=0&sortBy=TIMESTAMP&sortDirection=DESC,2026-06-24T20:00:17+00:00
0xde17f7144fbd0eddb2679132c10ff5e74b120988,https://polymarket.com/0xde17f7144fbd0eddb2679132c10ff5e74b120988,closed,closed_positions,"Will the price of Bitcoin be above $68,000 on April 5?",bitcoin-above-68k-on-april-5,bitcoin-above-on-april-5,49385167885925520468204970658071819943035351787960821180456976227436478885165,0x53db9a0695942b660954716b34f1552fcc909e69ccd2ecf2bf3a78fc9205c81e,No,0.503473,1,25.418871,unavailable_from_public_profile_snapshot,51.193332,unavailable_from_public_profile_snapshot,unavailable_from_public_profile_snapshot,unavailable_from_public_profile_snapshot,1775477905,2026-04-05T00:00:00Z,crypto_other,BTC,false,false,https://data-api.polymarket.com/closed-positions?user=0xde17f7144fbd0eddb2679132c10ff5e74b120988&limit=50&offset=0&sortBy=TIMESTAMP&sortDirection=DESC,2026-06-24T20:00:17+00:00
0xde17f7144fbd0eddb2679132c10ff5e74b120988,https://polymarket.com/0xde17f7144fbd0eddb2679132c10ff5e74b120988,closed,closed_positions,"Will the price of Bitcoin be above $64,000 on April 5?",bitcoin-above-64k-on-april-5,bitcoin-above-on-april-5,11906163381989628749928406597420149309546831330986087668985681073054286829201,0xc40bb6c675e51478c47c7ddc7df4d44c6463abcc0594cbb69a547690990b38a5,Yes,0.77,1,9.999999,unavailable_from_public_profile_snapshot,43.478259,unavailable_from_public_profile_snapshot,unavailable_from_public_profile_snapshot,unavailable_from_public_profile_snapshot,1775477905,2026-04-05T00:00:00Z,crypto_other,BTC,false,false,https://data-api.polymarket.com/closed-positions?user=0xde17f7144fbd0eddb2679132c10ff5e74b120988&limit=50&offset=0&sortBy=TIMESTAMP&sortDirection=DESC,2026-06-24T20:00:17+00:00
0xde17f7144fbd0eddb2679132c10ff5e74b120988,https://polymarket.com/0xde17f7144fbd0eddb2679132c10ff5e74b120988,closed,closed_positions,"Will Bitcoin reach $82,000 March 30-April 5?",will-bitcoin-reach-82k-march-30-april-5,what-price-will-bitcoin-hit-march-30-april-5,113294930621053521298877744176731136754407088166202578195424426218696236325360,0xe5f78f688ed02a847240ae55eb9ca3e913afb9291e95ae5fe12b65260e9b39d2,No,0.983935,1,1.660049,unavailable_from_public_profile_snapshot,103.333332,unavailable_from_public_profile_snapshot,unavailable_from_public_profile_snapshot,unavailable_from_public_profile_snapshot,1775477905,2026-04-06T00:00:00Z,crypto_other,BTC,false,false,https://data-api.polymarket.com/closed-positions?user=0xde17f7144fbd0eddb2679132c10ff5e74b120988&limit=50&offset=0&sortBy=TIMESTAMP&sortDirection=DESC,2026-06-24T20:00:17+00:00
0xde17f7144fbd0eddb2679132c10ff5e74b120988,https://polymarket.com/0xde17f7144fbd0eddb2679132c10ff5e74b120988,closed,closed_positions,"Will the price of Bitcoin be between $60,000 and $62,000 on April 5?",will-the-price-of-bitcoin-be-between-60000-62000-on-april-5,bitcoin-price-on-april-5,86784846838469971711413219689596288984636007773807309194565678968792575729849,0xc957f061d95cc60e5b59b8ce68265b6f4e26f6e174f22ba9242c171780ac37a8,No,0.918547,1,-10.749602,unavailable_from_public_profile_snapshot,666.616,unavailable_from_public_profile_snapshot,unavailable_from_public_profile_snapshot,unavailable_from_public_profile_snapshot,1775477903,2026-04-05T00:00:00Z,crypto_other,BTC,false,false,https://data-api.polymarket.com/closed-positions?user=0xde17f7144fbd0eddb2679132c10ff5e74b120988&limit=50&offset=0&sortBy=TIMESTAMP&sortDirection=DESC,2026-06-24T20:00:17+00:00
0xde17f7144fbd0eddb2679132c10ff5e74b120988,https://polymarket.com/0xde17f7144fbd0eddb2679132c10ff5e74b120988,closed,closed_positions,"Will Bitcoin dip to $54,000 March 30-April 5?",will-bitcoin-dip-to-54k-march-30-april-5,what-price-will-bitcoin-hit-march-30-april-5,82477832534170044367559250897012209547028351181794612124085266375498511650583,0x7e6e20fd4c4bc26db3a14a7556006c97b79ecb3e938896809c651c539d2bf8a6,No,0.988695,1,7.150412,unavailable_from_public_profile_snapshot,632.5,unavailable_from_public_profile_snapshot,unavailable_from_public_profile_snapshot,unavailable_from_public_profile_snapshot,1775477903,2026-04-06T00:00:00Z,crypto_other,BTC,false,false,https://data-api.polymarket.com/closed-positions?user=0xde17f7144fbd0eddb2679132c10ff5e74b120988&limit=50&offset=0&sortBy=TIMESTAMP&sortDirection=DESC,2026-06-24T20:00:17+00:00
0xde17f7144fbd0eddb2679132c10ff5e74b120988,https://polymarket.com/0xde17f7144fbd0eddb2679132c10ff5e74b120988,closed,closed_positions,"Will Bitcoin reach $78,000 March 30-April 5?",will-bitcoin-reach-78k-march-30-april-5,what-price-will-bitcoin-hit-march-30-april-5,81461547985617364694277554918965867597280953874433226797688584678900137152295,0x10c47078ee39182ef8fa46e46518fea03629d43d89ebed1d254850c4e1d3eac6,Yes,0.033357,0,2401.234443,unavailable_from_public_profile_snapshot,5158.58268,unavailable_from_public_profile_snapshot,unavailable_from_public_profile_snapshot,unavailable_from_public_profile_snapshot,1775477903,2026-04-06T00:00:00Z,crypto_other,BTC,false,true,https://data-api.polymarket.com/closed-positions?user=0xde17f7144fbd0eddb2679132c10ff5e74b120988&limit=50&offset=0&sortBy=TIMESTAMP&sortDirection=DESC,2026-06-24T20:00:17+00:00
0xde17f7144fbd0eddb2679132c10ff5e74b120988,https://polymarket.com/0xde17f7144fbd0eddb2679132c10ff5e74b120988,closed,closed_positions,"Will the price of Bitcoin be above $70,000 on April 5?",bitcoin-above-70k-on-april-5,bitcoin-above-on-april-5,74999877940357931409206557647852734140654034894672727412201456522041102015430,0x779d73c9a68fd8939171969daaa1f6a9c797dd4f951471177887649d14546f69,No,0.679843,1,285.43906,unavailable_from_public_profile_snapshot,891.559643,unavailable_from_public_profile_snapshot,unavailable_from_public_profile_snapshot,unavailable_from_public_profile_snapshot,1775477903,2026-04-05T00:00:00Z,crypto_other,BTC,false,false,https://data-api.polymarket.com/closed-positions?user=0xde17f7144fbd0eddb2679132c10ff5e74b120988&limit=50&offset=0&sortBy=TIMESTAMP&sortDirection=DESC,2026-06-24T20:00:17+00:00
0xde17f7144fbd0eddb2679132c10ff5e74b120988,https://polymarket.com/0xde17f7144fbd0eddb2679132c10ff5e74b120988,closed,closed_positions,"Will the price of Bitcoin be between $68,000 and $70,000 on April 5?",will-the-price-of-bitcoin-be-between-68000-70000-on-april-5,bitcoin-price-on-april-5,68702617174670114652514107027489068233861929293913535147273808073491950282286,0xe55ef956d56394d71d875cbc5b0a8dce312ac84cc4ac46c34890f77c96e48cda,No,0.81,1,139.985456,unavailable_from_public_profile_snapshot,1067.894735,unavailable_from_public_profile_snapshot,unavailable_from_public_profile_snapshot,unavailable_from_public_profile_snapshot,1775477903,2026-04-05T00:00:00Z,crypto_other,BTC,false,false,https://data-api.polymarket.com/closed-positions?user=0xde17f7144fbd0eddb2679132c10ff5e74b120988&limit=50&offset=0&sortBy=TIMESTAMP&sortDirection=DESC,2026-06-24T20:00:17+00:00
0xde17f7144fbd0eddb2679132c10ff5e74b120988,https://polymarket.com/0xde17f7144fbd0eddb2679132c10ff5e74b120988,closed,closed_positions,"Will Bitcoin dip to $60,000 March 30-April 5?",will-bitcoin-dip-to-60k-march-30-april-5,what-price-will-bitcoin-hit-march-30-april-5,63015633298226514095598819700665600692356744971380150328429453531271389421049,0x8d9251e98cf93f48f9693116b2ccb671087d01a2466ce74cbc19c895d64f1054,Yes,0.11896,0,201.412031,unavailable_from_public_profile_snapshot,533.63331,unavailable_from_public_profile_snapshot,unavailable_from_public_profile_snapshot,unavailable_from_public_profile_snapshot,1775477903,2026-04-06T00:00:00Z,crypto_other,BTC,false,true,https://data-api.polymarket.com/closed-positions?user=0xde17f7144fbd0eddb2679132c10ff5e74b120988&limit=50&offset=0&sortBy=TIMESTAMP&sortDirection=DESC,2026-06-24T20:00:17+00:00
0xde17f7144fbd0eddb2679132c10ff5e74b120988,https://polymarket.com/0xde17f7144fbd0eddb2679132c10ff5e74b120988,closed,closed_positions,"Will Bitcoin dip to $58,000 March 30-April 5?",will-bitcoin-dip-to-58k-march-30-april-5,what-price-will-bitcoin-hit-march-30-april-5,61258173409619455849959031704246851281146909333134756856198460588326967204726,0xeecbda80096854e22d1e793fba170b356d61c65950ac319cb7df326c6b44e6d3,No,0.936048,1,121.816506,unavailable_from_public_profile_snapshot,2108.51,unavailable_from_public_profile_snapshot,unavailable_from_public_profile_snapshot,unavailable_from_public_profile_snapshot,1775477903,2026-04-06T00:00:00Z,crypto_other,BTC,false,false,https://data-api.polymarket.com/closed-positions?user=0xde17f7144fbd0eddb2679132c10ff5e74b120988&limit=50&offset=0&sortBy=TIMESTAMP&sortDirection=DESC,2026-06-24T20:00:17+00:00
0xde17f7144fbd0eddb2679132c10ff5e74b120988,https://polymarket.com/0xde17f7144fbd0eddb2679132c10ff5e74b120988,closed,closed_positions,"Will Bitcoin dip to $54,000 March 30-April 5?",will-bitcoin-dip-to-54k-march-30-april-5,what-price-will-bitcoin-hit-march-30-april-5,58895722817366884122636510727178969648788079745846499185867192099641949399691,0x7e6e20fd4c4bc26db3a14a7556006c97b79ecb3e938896809c651c539d2bf8a6,Yes,0.01,0,-0.056464,unavailable_from_public_profile_snapshot,5.6464,unavailable_from_public_profile_snapshot,unavailable_from_public_profile_snapshot,unavailable_from_public_profile_snapshot,1775477903,2026-04-06T00:00:00Z,crypto_other,BTC,false,true,https://data-api.polymarket.com/closed-positions?user=0xde17f7144fbd0eddb2679132c10ff5e74b120988&limit=50&offset=0&sortBy=TIMESTAMP&sortDirection=DESC,2026-06-24T20:00:17+00:00
0xde17f7144fbd0eddb2679132c10ff5e74b120988,https://polymarket.com/0xde17f7144fbd0eddb2679132c10ff5e74b120988,closed,closed_positions,"Will the price of Bitcoin be above $72,000 on April 5?",bitcoin-above-72k-on-april-5,bitcoin-above-on-april-5,56116058767978877924339750752741326905296469409304209197841962933167951699732,0x78f71396f0541f5cf4ff16d43e7aed6c3b921af1608773f3f65a199848d2b600,No,0.82,1,71.383694,unavailable_from_public_profile_snapshot,451.167773,unavailable_from_public_profile_snapshot,unavailable_from_public_profile_snapshot,unavailable_from_public_profile_snapshot,1775477903,2026-04-05T00:00:00Z,crypto_other,BTC,false,false,https://data-api.polymarket.com/closed-positions?user=0xde17f7144fbd0eddb2679132c10ff5e74b120988&limit=50&offset=0&sortBy=TIMESTAMP&sortDirection=DESC,2026-06-24T20:00:17+00:00
0xde17f7144fbd0eddb2679132c10ff5e74b120988,https://polymarket.com/0xde17f7144fbd0eddb2679132c10ff5e74b120988,closed,closed_positions,"Will the price of Bitcoin be less than $58,000 on April 5?",will-the-price-of-bitcoin-be-less-than-58000-on-april-5,bitcoin-price-on-april-5,41449234980996798637980374387719362033660046208161221944912234160486809268997,0x436fa73cdc3581ee7ec11d77b25fb6537997c71f1a38be15995c9224034fa2c5,No,0.979643,1,50.665954,unavailable_from_public_profile_snapshot,2489.076025,unavailable_from_public_profile_snapshot,unavailable_from_public_profile_snapshot,unavailable_from_public_profile_snapshot,1775477903,2026-04-05T00:00:00Z,crypto_other,BTC,false,false,https://data-api.polymarket.com/closed-positions?user=0xde17f7144fbd0eddb2679132c10ff5e74b120988&limit=50&offset=0&sortBy=TIMESTAMP&sortDirection=DESC,2026-06-24T20:00:17+00:00
0xde17f7144fbd0eddb2679132c10ff5e74b120988,https://polymarket.com/0xde17f7144fbd0eddb2679132c10ff5e74b120988,closed,closed_positions,"Will Bitcoin dip to $58,000 March 30-April 5?",will-bitcoin-dip-to-58k-march-30-april-5,what-price-will-bitcoin-hit-march-30-april-5,39800049520057814104985427366166000933531647177792764256889411793442619168688,0xeecbda80096854e22d1e793fba170b356d61c65950ac319cb7df326c6b44e6d3,Yes,0.048087,0,11.769931,unavailable_from_public_profile_snapshot,26.14,unavailable_from_public_profile_snapshot,unavailable_from_public_profile_snapshot,unavailable_from_public_profile_snapshot,1775477903,2026-04-06T00:00:00Z,crypto_other,BTC,false,true,https://data-api.polymarket.com/closed-positions?user=0xde17f7144fbd0eddb2679132c10ff5e74b120988&limit=50&offset=0&sortBy=TIMESTAMP&sortDirection=DESC,2026-06-24T20:00:17+00:00
0xde17f7144fbd0eddb2679132c10ff5e74b120988,https://polymarket.com/0xde17f7144fbd0eddb2679132c10ff5e74b120988,closed,closed_positions,"Will Bitcoin reach $70,000 March 30-April 5?",will-bitcoin-reach-70k-march-30-april-5,what-price-will-bitcoin-hit-march-30-april-5,30399147829943390410962881210587729509985423473602017686177462298706263480228,0x2dd157c0e690fd1cc4f8a0c0da20f098610b5d52a2cf3c0c162101447baa464b,No,0.398472,1,383.169576,unavailable_from_public_profile_snapshot,636.99375,unavailable_from_public_profile_snapshot,unavailable_from_public_profile_snapshot,unavailable_from_public_profile_snapshot,1775477903,2026-04-06T00:00:00Z,crypto_other,BTC,false,false,https://data-api.polymarket.com/closed-positions?user=0xde17f7144fbd0eddb2679132c10ff5e74b120988&limit=50&offset=0&sortBy=TIMESTAMP&sortDirection=DESC,2026-06-24T20:00:17+00:00
0xde17f7144fbd0eddb2679132c10ff5e74b120988,https://polymarket.com/0xde17f7144fbd0eddb2679132c10ff5e74b120988,closed,closed_positions,"Will Bitcoin reach $78,000 March 30-April 5?",will-bitcoin-reach-78k-march-30-april-5,what-price-will-bitcoin-hit-march-30-april-5,115594395390257667206669305842231397979898472782212163474420911483931192872203,0x10c47078ee39182ef8fa46e46518fea03629d43d89ebed1d254850c4e1d3eac6,No,0.969603,1,-2351.550515,unavailable_from_public_profile_snapshot,7295.416329,unavailable_from_public_profile_snapshot,unavailable_from_public_profile_snapshot,unavailable_from_public_profile_snapshot,1775477903,2026-04-06T00:00:00Z,crypto_other,BTC,false,false,https://data-api.polymarket.com/closed-positions?user=0xde17f7144fbd0eddb2679132c10ff5e74b120988&limit=50&offset=0&sortBy=TIMESTAMP&sortDirection=DESC,2026-06-24T20:00:17+00:00
0xde17f7144fbd0eddb2679132c10ff5e74b120988,https://polymarket.com/0xde17f7144fbd0eddb2679132c10ff5e74b120988,closed,closed_positions,"Will Bitcoin dip to $60,000 March 30-April 5?",will-bitcoin-dip-to-60k-march-30-april-5,what-price-will-bitcoin-hit-march-30-april-5,10917992154717520654758560147111583337519657090378759304341708852309902554156,0x8d9251e98cf93f48f9693116b2ccb671087d01a2466ce74cbc19c895d64f1054,No,0.861041,1,-170.651099,unavailable_from_public_profile_snapshot,677.738378,unavailable_from_public_profile_snapshot,unavailable_from_public_profile_snapshot,unavailable_from_public_profile_snapshot,1775477903,2026-04-06T00:00:00Z,crypto_other,BTC,false,false,https://data-api.polymarket.com/closed-positions?user=0xde17f7144fbd0eddb2679132c10ff5e74b120988&limit=50&offset=0&sortBy=TIMESTAMP&sortDirection=DESC,2026-06-24T20:00:17+00:00
0xde17f7144fbd0eddb2679132c10ff5e74b120988,https://polymarket.com/0xde17f7144fbd0eddb2679132c10ff5e74b120988,closed,closed_positions,"Will Bitcoin reach $72,000 March 30-April 5?",will-bitcoin-reach-72k-march-30-april-5,what-price-will-bitcoin-hit-march-30-april-5,95146943191725381886186934408306479309543888941737367840894417030874360689078,0x5af5548a14f286fbaf3a2367e0b2dfca4895d758dea3947991fd61a749b86b69,No,0.689469,1,2592.711488,unavailable_from_public_profile_snapshot,13880.316813,unavailable_from_public_profile_snapshot,unavailable_from_public_profile_snapshot,unavailable_from_public_profile_snapshot,1775477897,2026-04-06T00:00:00Z,crypto_other,BTC,false,false,https://data-api.polymarket.com/closed-positions?user=0xde17f7144fbd0eddb2679132c10ff5e74b120988&limit=50&offset=0&sortBy=TIMESTAMP&sortDirection=DESC,2026-06-24T20:00:17+00:00
0xde17f7144fbd0eddb2679132c10ff5e74b120988,https://polymarket.com/0xde17f7144fbd0eddb2679132c10ff5e74b120988,closed,closed_positions,"Will the price of Bitcoin be above $60,000 on April 5?",bitcoin-above-60k-on-april-5,bitcoin-above-on-april-5,80944232860624485473542388219286155433109186358732798902923917878101165998732,0x008610e0db57ec7036f13bcb2803a29b12e26de88e0c1b7013bc971f8c6e295f,Yes,0.939377,1,520.150608,unavailable_from_public_profile_snapshot,8580.086904,unavailable_from_public_profile_snapshot,unavailable_from_public_profile_snapshot,unavailable_from_public_profile_snapshot,1775477897,2026-04-05T00:00:00Z,crypto_other,BTC,false,false,https://data-api.polymarket.com/closed-positions?user=0xde17f7144fbd0eddb2679132c10ff5e74b120988&limit=50&offset=0&sortBy=TIMESTAMP&sortDirection=DESC,2026-06-24T20:00:17+00:00
0xde17f7144fbd0eddb2679132c10ff5e74b120988,https://polymarket.com/0xde17f7144fbd0eddb2679132c10ff5e74b120988,closed,closed_positions,"Will Bitcoin dip to $64,000 March 30-April 5?",will-bitcoin-dip-to-64k-march-30-april-5,what-price-will-bitcoin-hit-march-30-april-5,66126540739000269996777214951940046089689731879778832633047721804090170065704,0xbdcc8a447b78110b0f23282b9730bcec97efe8ed89deccb4604dd751b4a4b639,Yes,0.415393,0,74.055927,unavailable_from_public_profile_snapshot,927.118643,unavailable_from_public_profile_snapshot,unavailable_from_public_profile_snapshot,unavailable_from_public_profile_snapshot,1775477897,2026-04-06T00:00:00Z,crypto_other,BTC,false,false,https://data-api.polymarket.com/closed-positions?user=0xde17f7144fbd0eddb2679132c10ff5e74b120988&limit=50&offset=0&sortBy=TIMESTAMP&sortDirection=DESC,2026-06-24T20:00:17+00:00
0xde17f7144fbd0eddb2679132c10ff5e74b120988,https://polymarket.com/0xde17f7144fbd0eddb2679132c10ff5e74b120988,closed,closed_positions,"Will Bitcoin dip to $64,000 March 30-April 5?",will-bitcoin-dip-to-64k-march-30-april-5,what-price-will-bitcoin-hit-march-30-april-5,52207743116552515671995118378157173169752887854907622051990122529664435615495,0xbdcc8a447b78110b0f23282b9730bcec97efe8ed89deccb4604dd751b4a4b639,No,0.600076,1,2389.79932,unavailable_from_public_profile_snapshot,7123.788122,unavailable_from_public_profile_snapshot,unavailable_from_public_profile_snapshot,unavailable_from_public_profile_snapshot,1775477897,2026-04-06T00:00:00Z,crypto_other,BTC,false,false,https://data-api.polymarket.com/closed-positions?user=0xde17f7144fbd0eddb2679132c10ff5e74b120988&limit=50&offset=0&sortBy=TIMESTAMP&sortDirection=DESC,2026-06-24T20:00:17+00:00
0xde17f7144fbd0eddb2679132c10ff5e74b120988,https://polymarket.com/0xde17f7144fbd0eddb2679132c10ff5e74b120988,closed,closed_positions,"Will Bitcoin reach $74,000 March 30-April 5?",will-bitcoin-reach-74k-march-30-april-5,what-price-will-bitcoin-hit-march-30-april-5,46224264662942647228714568831266906110068077021967491279240599377668239180918,0xc5b98c248c0fce5702f4f8b8a5e26a37d6bb981cd134804e07d1a7b11ce8908a,Yes,0.149736,0,7219.610309,unavailable_from_public_profile_snapshot,20835.897918,unavailable_from_public_profile_snapshot,unavailable_from_public_profile_snapshot,unavailable_from_public_profile_snapshot,1775477897,2026-04-06T00:00:00Z,crypto_other,BTC,false,true,https://data-api.polymarket.com/closed-positions?user=0xde17f7144fbd0eddb2679132c10ff5e74b120988&limit=50&offset=0&sortBy=TIMESTAMP&sortDirection=DESC,2026-06-24T20:00:17+00:00
0xde17f7144fbd0eddb2679132c10ff5e74b120988,https://polymarket.com/0xde17f7144fbd0eddb2679132c10ff5e74b120988,closed,closed_positions,"Will the price of Bitcoin be above $56,000 on April 5?",bitcoin-above-56k-on-april-5,bitcoin-above-on-april-5,417600945546503313125198828739638855071268583707488329662784159146881317858,0x8593d244fae3faa8da4c41d8c4e884ea900d5d0d6b160731f1442ca50829921a,Yes,0.977915,1,127.537892,unavailable_from_public_profile_snapshot,5774.864971,unavailable_from_public_profile_snapshot,unavailable_from_public_profile_snapshot,unavailable_from_public_profile_snapshot,1775477897,2026-04-05T00:00:00Z,crypto_other,BTC,false,false,https://data-api.polymarket.com/closed-positions?user=0xde17f7144fbd0eddb2679132c10ff5e74b120988&limit=50&offset=0&sortBy=TIMESTAMP&sortDirection=DESC,2026-06-24T20:00:17+00:00
0xde17f7144fbd0eddb2679132c10ff5e74b120988,https://polymarket.com/0xde17f7144fbd0eddb2679132c10ff5e74b120988,closed,closed_positions,"Will Bitcoin reach $72,000 March 30-April 5?",will-bitcoin-reach-72k-march-30-april-5,what-price-will-bitcoin-hit-march-30-april-5,40583763465826133386577344157849424398365962285776659522400109756983262407378,0x5af5548a14f286fbaf3a2367e0b2dfca4895d758dea3947991fd61a749b86b69,Yes,0.306082,0,650.113386,unavailable_from_public_profile_snapshot,3485.794568,unavailable_from_public_profile_snapshot,unavailable_from_public_profile_snapshot,unavailable_from_public_profile_snapshot,1775477897,2026-04-06T00:00:00Z,crypto_other,BTC,false,false,https://data-api.polymarket.com/closed-positions?user=0xde17f7144fbd0eddb2679132c10ff5e74b120988&limit=50&offset=0&sortBy=TIMESTAMP&sortDirection=DESC,2026-06-24T20:00:17+00:00
0xde17f7144fbd0eddb2679132c10ff5e74b120988,https://polymarket.com/0xde17f7144fbd0eddb2679132c10ff5e74b120988,closed,closed_positions,"Will the price of Bitcoin be above $62,000 on April 5?",bitcoin-above-62k-on-april-5,bitcoin-above-on-april-5,38865998959448865393299793661325042816897110328405379069636842281535358313190,0x99b6ef5ba68c87beb00b144b5667d1e733ee9de7d7b8a72935bade8a37611eac,No,0.06,0,-0.474253,unavailable_from_public_profile_snapshot,7.904232,unavailable_from_public_profile_snapshot,unavailable_from_public_profile_snapshot,unavailable_from_public_profile_snapshot,1775477897,2026-04-05T00:00:00Z,crypto_other,BTC,false,true,https://data-api.polymarket.com/closed-positions?user=0xde17f7144fbd0eddb2679132c10ff5e74b120988&limit=50&offset=0&sortBy=TIMESTAMP&sortDirection=DESC,2026-06-24T20:00:17+00:00
0xde17f7144fbd0eddb2679132c10ff5e74b120988,https://polymarket.com/0xde17f7144fbd0eddb2679132c10ff5e74b120988,closed,closed_positions,"Will Bitcoin reach $76,000 March 30-April 5?",will-bitcoin-reach-76k-march-30-april-5,what-price-will-bitcoin-hit-march-30-april-5,33040702189964814137958959876518421702823561686782940172093773693372020731432,0x727545eb5f3f04f010d0024a4fef241c867f7d9c1b98ced2330df3bc26098a5c,No,0.942237,1,-5623.077521,unavailable_from_public_profile_snapshot,18378.496616,unavailable_from_public_profile_snapshot,unavailable_from_public_profile_snapshot,unavailable_from_public_profile_snapshot,1775477897,2026-04-06T00:00:00Z,crypto_other,BTC,false,false,https://data-api.polymarket.com/closed-positions?user=0xde17f7144fbd0eddb2679132c10ff5e74b120988&limit=50&offset=0&sortBy=TIMESTAMP&sortDirection=DESC,2026-06-24T20:00:17+00:00
0xde17f7144fbd0eddb2679132c10ff5e74b120988,https://polymarket.com/0xde17f7144fbd0eddb2679132c10ff5e74b120988,closed,closed_positions,"Will Bitcoin dip to $56,000 March 30-April 5?",will-bitcoin-dip-to-56k-march-30-april-5,what-price-will-bitcoin-hit-march-30-april-5,30047493865098939239289030892805907052268965322631795934410803200371587237403,0xde2720d4adf7b78e575de029e71fc811df6326911c32effb9cdf5ff2a53fa470,Yes,0.01,0,-0.108484,unavailable_from_public_profile_snapshot,10.8484,unavailable_from_public_profile_snapshot,unavailable_from_public_profile_snapshot,unavailable_from_public_profile_snapshot,1775477897,2026-04-06T00:00:00Z,crypto_other,BTC,false,true,https://data-api.polymarket.com/closed-positions?user=0xde17f7144fbd0eddb2679132c10ff5e74b120988&limit=50&offset=0&sortBy=TIMESTAMP&sortDirection=DESC,2026-06-24T20:00:17+00:00
0xde17f7144fbd0eddb2679132c10ff5e74b120988,https://polymarket.com/0xde17f7144fbd0eddb2679132c10ff5e74b120988,closed,closed_positions,"Will Bitcoin dip to $56,000 March 30-April 5?",will-bitcoin-dip-to-56k-march-30-april-5,what-price-will-bitcoin-hit-march-30-april-5,27105502530177022471278957648066105963269966147982252426131916390738121142250,0xde2720d4adf7b78e575de029e71fc811df6326911c32effb9cdf5ff2a53fa470,No,0.971369,1,89.927886,unavailable_from_public_profile_snapshot,3140.9272,unavailable_from_public_profile_snapshot,unavailable_from_public_profile_snapshot,unavailable_from_public_profile_snapshot,1775477897,2026-04-06T00:00:00Z,crypto_other,BTC,false,false,https://data-api.polymarket.com/closed-positions?user=0xde17f7144fbd0eddb2679132c10ff5e74b120988&limit=50&offset=0&sortBy=TIMESTAMP&sortDirection=DESC,2026-06-24T20:00:17+00:00
0xde17f7144fbd0eddb2679132c10ff5e74b120988,https://polymarket.com/0xde17f7144fbd0eddb2679132c10ff5e74b120988,closed,closed_positions,"Will Bitcoin dip to $62,000 March 30-April 5?",will-bitcoin-dip-to-62k-march-30-april-5,what-price-will-bitcoin-hit-march-30-april-5,24936050587084438467121037358672626444756467773360042594813703187893488533553,0x5dad7a433623ef4f0bbe06e59f0fbd114b3eb770bb064bb534217304bbff6c98,No,0.768332,1,1777.979075,unavailable_from_public_profile_snapshot,7674.68565,unavailable_from_public_profile_snapshot,unavailable_from_public_profile_snapshot,unavailable_from_public_profile_snapshot,1775477897,2026-04-06T00:00:00Z,crypto_other,BTC,false,false,https://data-api.polymarket.com/closed-positions?user=0xde17f7144fbd0eddb2679132c10ff5e74b120988&limit=50&offset=0&sortBy=TIMESTAMP&sortDirection=DESC,2026-06-24T20:00:17+00:00
0xde17f7144fbd0eddb2679132c10ff5e74b120988,https://polymarket.com/0xde17f7144fbd0eddb2679132c10ff5e74b120988,closed,closed_positions,"Will the price of Bitcoin be above $58,000 on April 5?",bitcoin-above-58k-on-april-5,bitcoin-above-on-april-5,18315645810571496979123829433081762186267867564613076399828200522008692808525,0x023571b9c21bece471a36c5f2f70fc8c5fce6241b9293530dfc0bfe913153ecf,Yes,0.970097,1,249.961172,unavailable_from_public_profile_snapshot,8359.066722,unavailable_from_public_profile_snapshot,unavailable_from_public_profile_snapshot,unavailable_from_public_profile_snapshot,1775477897,2026-04-05T00:00:00Z,crypto_other,BTC,false,false,https://data-api.polymarket.com/closed-positions?user=0xde17f7144fbd0eddb2679132c10ff5e74b120988&limit=50&offset=0&sortBy=TIMESTAMP&sortDirection=DESC,2026-06-24T20:00:17+00:00
0xde17f7144fbd0eddb2679132c10ff5e74b120988,https://polymarket.com/0xde17f7144fbd0eddb2679132c10ff5e74b120988,closed,closed_positions,"Will Bitcoin reach $76,000 March 30-April 5?",will-bitcoin-reach-76k-march-30-april-5,what-price-will-bitcoin-hit-march-30-april-5,11911187404354989951721374402076085338226242903999733792221637397931322478516,0x727545eb5f3f04f010d0024a4fef241c867f7d9c1b98ced2330df3bc26098a5c,Yes,0.077257,0,5646.485579,unavailable_from_public_profile_snapshot,13438.122651,unavailable_from_public_profile_snapshot,unavailable_from_public_profile_snapshot,unavailable_from_public_profile_snapshot,1775477897,2026-04-06T00:00:00Z,crypto_other,BTC,false,true,https://data-api.polymarket.com/closed-positions?user=0xde17f7144fbd0eddb2679132c10ff5e74b120988&limit=50&offset=0&sortBy=TIMESTAMP&sortDirection=DESC,2026-06-24T20:00:17+00:00
0xde17f7144fbd0eddb2679132c10ff5e74b120988,https://polymarket.com/0xde17f7144fbd0eddb2679132c10ff5e74b120988,closed,closed_positions,"Will the price of Bitcoin be above $62,000 on April 5?",bitcoin-above-62k-on-april-5,bitcoin-above-on-april-5,113728581884573050675166210691589028106760905789167298079429223518074150721089,0x99b6ef5ba68c87beb00b144b5667d1e733ee9de7d7b8a72935bade8a37611eac,Yes,0.908435,1,677.427758,unavailable_from_public_profile_snapshot,7398.326419,unavailable_from_public_profile_snapshot,unavailable_from_public_profile_snapshot,unavailable_from_public_profile_snapshot,1775477897,2026-04-05T00:00:00Z,crypto_other,BTC,false,false,https://data-api.polymarket.com/closed-positions?user=0xde17f7144fbd0eddb2679132c10ff5e74b120988&limit=50&offset=0&sortBy=TIMESTAMP&sortDirection=DESC,2026-06-24T20:00:17+00:00
0xde17f7144fbd0eddb2679132c10ff5e74b120988,https://polymarket.com/0xde17f7144fbd0eddb2679132c10ff5e74b120988,closed,closed_positions,"Will Bitcoin reach $74,000 March 30-April 5?",will-bitcoin-reach-74k-march-30-april-5,what-price-will-bitcoin-hit-march-30-april-5,10029497826145049423300389806580233060414772967059176641260102583167829906565,0xc5b98c248c0fce5702f4f8b8a5e26a37d6bb981cd134804e07d1a7b11ce8908a,No,0.860677,1,-6834.440363,unavailable_from_public_profile_snapshot,25173.933701,unavailable_from_public_profile_snapshot,unavailable_from_public_profile_snapshot,unavailable_from_public_profile_snapshot,1775477897,2026-04-06T00:00:00Z,crypto_other,BTC,false,false,https://data-api.polymarket.com/closed-positions?user=0xde17f7144fbd0eddb2679132c10ff5e74b120988&limit=50&offset=0&sortBy=TIMESTAMP&sortDirection=DESC,2026-06-24T20:00:17+00:00
0xde17f7144fbd0eddb2679132c10ff5e74b120988,https://polymarket.com/0xde17f7144fbd0eddb2679132c10ff5e74b120988,closed,closed_positions,"Will the price of Bitcoin be above $66,000 on April 4?",bitcoin-above-66k-on-april-4,bitcoin-above-on-april-4,91075103174377034838724528192087066859021857298502984212769542603352867779831,0x29a8f60012557a07d858476acbe2991f1ab4a219007cea96203e6e750ef8c40c,No,0.431076,0,-745.90883,unavailable_from_public_profile_snapshot,1730.341821,unavailable_from_public_profile_snapshot,unavailable_from_public_profile_snapshot,unavailable_from_public_profile_snapshot,1775402031,2026-04-04T00:00:00Z,crypto_other,BTC,false,false,https://data-api.polymarket.com/closed-positions?user=0xde17f7144fbd0eddb2679132c10ff5e74b120988&limit=50&offset=0&sortBy=TIMESTAMP&sortDirection=DESC,2026-06-24T20:00:17+00:00
0xde17f7144fbd0eddb2679132c10ff5e74b120988,https://polymarket.com/0xde17f7144fbd0eddb2679132c10ff5e74b120988,closed,closed_positions,"Will the price of Bitcoin be above $66,000 on April 2?",bitcoin-above-66k-on-april-2,bitcoin-above-on-april-2,84472873325494677431854810222090286475171721424223914483001551137462980604118,0x539f8099911b2b4350908cd57d24c67e87cfd372fdfe872cbe73d0b86e03cc53,No,0.433689,0,-1698.260402,unavailable_from_public_profile_snapshot,3919.426549,unavailable_from_public_profile_snapshot,unavailable_from_public_profile_snapshot,unavailable_from_public_profile_snapshot,1775402031,2026-04-02T00:00:00Z,crypto_other,BTC,false,false,https://data-api.polymarket.com/closed-positions?user=0xde17f7144fbd0eddb2679132c10ff5e74b120988&limit=50&offset=0&sortBy=TIMESTAMP&sortDirection=DESC,2026-06-24T20:00:17+00:00
0xde17f7144fbd0eddb2679132c10ff5e74b120988,https://polymarket.com/0xde17f7144fbd0eddb2679132c10ff5e74b120988,closed,closed_positions,"Will the price of Bitcoin be between $70,000 and $72,000 on April 3?",will-the-price-of-bitcoin-be-between-70000-72000-on-april-3,bitcoin-price-on-april-3,76349483904789736265663203145169624205269628588941732304757002355255720979912,0x600d0f4c033fc81bd4639ad9bef421246fb26f44e3ecf7d979113285b22ce4d6,No,0.9,1,0.8344,unavailable_from_public_profile_snapshot,8.344,unavailable_from_public_profile_snapshot,unavailable_from_public_profile_snapshot,unavailable_from_public_profile_snapshot,1775402031,2026-04-03T00:00:00Z,crypto_other,BTC,false,false,https://data-api.polymarket.com/closed-positions?user=0xde17f7144fbd0eddb2679132c10ff5e74b120988&limit=50&offset=0&sortBy=TIMESTAMP&sortDirection=DESC,2026-06-24T20:00:17+00:00
0xde17f7144fbd0eddb2679132c10ff5e74b120988,https://polymarket.com/0xde17f7144fbd0eddb2679132c10ff5e74b120988,closed,closed_positions,"Will the price of Bitcoin be above $66,000 on April 2?",bitcoin-above-66k-on-april-2,bitcoin-above-on-april-2,65715093963778434451368025028854571869695766647317766314832623442372280698089,0x539f8099911b2b4350908cd57d24c67e87cfd372fdfe872cbe73d0b86e03cc53,Yes,0.609439,1,3.330979,unavailable_from_public_profile_snapshot,12.878614,unavailable_from_public_profile_snapshot,unavailable_from_public_profile_snapshot,unavailable_from_public_profile_snapshot,1775402031,2026-04-02T00:00:00Z,crypto_other,BTC,false,false,https://data-api.polymarket.com/closed-positions?user=0xde17f7144fbd0eddb2679132c10ff5e74b120988&limit=50&offset=0&sortBy=TIMESTAMP&sortDirection=DESC,2026-06-24T20:00:17+00:00
0xde17f7144fbd0eddb2679132c10ff5e74b120988,https://polymarket.com/0xde17f7144fbd0eddb2679132c10ff5e74b120988,closed,closed_positions,"Will the price of Bitcoin be between $62,000 and $64,000 on April 2?",will-the-price-of-bitcoin-be-between-62000-64000-on-april-2,bitcoin-price-on-april-2,63907908300850100205273702198203800028427198893316733171376774864652069539623,0x885f9b0dd53c4d332e2c2f973e9d02e15aae4901325c41b91afbb80004d2db7b,No,0.883662,1,-408.506947,unavailable_from_public_profile_snapshot,1239.625678,unavailable_from_public_profile_snapshot,unavailable_from_public_profile_snapshot,unavailable_from_public_profile_snapshot,1775402031,2026-04-02T00:00:00Z,crypto_other,BTC,false,false,https://data-api.polymarket.com/closed-positions?user=0xde17f7144fbd0eddb2679132c10ff5e74b120988&limit=50&offset=0&sortBy=TIMESTAMP&sortDirection=DESC,2026-06-24T20:00:17+00:00
0xde17f7144fbd0eddb2679132c10ff5e74b120988,https://polymarket.com/0xde17f7144fbd0eddb2679132c10ff5e74b120988,closed,closed_positions,"Will the price of Bitcoin be above $70,000 on April 2?",bitcoin-above-70k-on-april-2,bitcoin-above-on-april-2,63780147522225346324552009272462317591988574913907389570280505856063659538177,0xbd9d235a9ddb6e573acc172dcd5f19159dc05803eb42767d2d9593e1aed0373a,No,0.691283,1,-197.767903,unavailable_from_public_profile_snapshot,1247.299682,unavailable_from_public_profile_snapshot,unavailable_from_public_profile_snapshot,unavailable_from_public_profile_snapshot,1775402031,2026-04-02T00:00:00Z,crypto_other,BTC,false,false,https://data-api.polymarket.com/closed-positions?user=0xde17f7144fbd0eddb2679132c10ff5e74b120988&limit=50&offset=0&sortBy=TIMESTAMP&sortDirection=DESC,2026-06-24T20:00:17+00:00
0xde17f7144fbd0eddb2679132c10ff5e74b120988,https://polymarket.com/0xde17f7144fbd0eddb2679132c10ff5e74b120988,closed,closed_positions,"Will the price of Bitcoin be between $66,000 and $68,000 on April 3?",will-the-price-of-bitcoin-be-between-66000-68000-on-april-3,bitcoin-price-on-april-3,39741968855032912261718016449275055663192081377273667752848879368518372096627,0x1d411d2aa3d3288f57cdfab39d58616f33ddca4c51f183c0d3852b01ea041ce7,Yes,0.15,1,4.569491,unavailable_from_public_profile_snapshot,5.375872,unavailable_from_public_profile_snapshot,unavailable_from_public_profile_snapshot,unavailable_from_public_profile_snapshot,1775402031,2026-04-03T00:00:00Z,crypto_other,BTC,false,true,https://data-api.polymarket.com/closed-positions?user=0xde17f7144fbd0eddb2679132c10ff5e74b120988&limit=50&offset=0&sortBy=TIMESTAMP&sortDirection=DESC,2026-06-24T20:00:17+00:00
0xde17f7144fbd0eddb2679132c10ff5e74b120988,https://polymarket.com/0xde17f7144fbd0eddb2679132c10ff5e74b120988,closed,closed_positions,"Will the price of Bitcoin be between $70,000 and $72,000 on April 2?",will-the-price-of-bitcoin-be-between-70000-72000-on-april-2,bitcoin-price-on-april-2,38876639521262873479907135514045734352019199713265969811118635929620522897823,0x5f908b4dc42724ead85f673b9f60f00cf14b7b78e1562773711c7374bb899dae,No,0.89535,1,1.363502,unavailable_from_public_profile_snapshot,13.029165,unavailable_from_public_profile_snapshot,unavailable_from_public_profile_snapshot,unavailable_from_public_profile_snapshot,1775402031,2026-04-02T00:00:00Z,crypto_other,BTC,false,false,https://data-api.polymarket.com/closed-positions?user=0xde17f7144fbd0eddb2679132c10ff5e74b120988&limit=50&offset=0&sortBy=TIMESTAMP&sortDirection=DESC,2026-06-24T20:00:17+00:00
0xde17f7144fbd0eddb2679132c10ff5e74b120988,https://polymarket.com/0xde17f7144fbd0eddb2679132c10ff5e74b120988,closed,closed_positions,"Will the price of Bitcoin be above $66,000 on April 4?",bitcoin-above-66k-on-april-4,bitcoin-above-on-april-4,21645364088621111622851001776890878453377694778379636320480054503279232512338,0x29a8f60012557a07d858476acbe2991f1ab4a219007cea96203e6e750ef8c40c,Yes,0.41,1,1.079999,unavailable_from_public_profile_snapshot,1.830507,unavailable_from_public_profile_snapshot,unavailable_from_public_profile_snapshot,unavailable_from_public_profile_snapshot,1775402031,2026-04-04T00:00:00Z,crypto_other,BTC,false,false,https://data-api.polymarket.com/closed-positions?user=0xde17f7144fbd0eddb2679132c10ff5e74b120988&limit=50&offset=0&sortBy=TIMESTAMP&sortDirection=DESC,2026-06-24T20:00:17+00:00
0xde17f7144fbd0eddb2679132c10ff5e74b120988,https://polymarket.com/0xde17f7144fbd0eddb2679132c10ff5e74b120988,closed,closed_positions,"Will the price of Bitcoin be between $72,000 and $74,000 on April 3?",will-the-price-of-bitcoin-be-between-72000-74000-on-april-3,bitcoin-price-on-april-3,106793581599836759271185779258982318044392343004171746368616745235551247009046,0xa4181b81536629e001362e57061894b805b154f2c4d9509c487da8548aa94fe8,No,0.91,1,0.999999,unavailable_from_public_profile_snapshot,11.11111,unavailable_from_public_profile_snapshot,unavailable_from_public_profile_snapshot,unavailable_from_public_profile_snapshot,1775402031,2026-04-03T00:00:00Z,crypto_other,BTC,false,false,https://data-api.polymarket.com/closed-positions?user=0xde17f7144fbd0eddb2679132c10ff5e74b120988&limit=50&offset=0&sortBy=TIMESTAMP&sortDirection=DESC,2026-06-24T20:00:17+00:00
0xde17f7144fbd0eddb2679132c10ff5e74b120988,https://polymarket.com/0xde17f7144fbd0eddb2679132c10ff5e74b120988,closed,closed_positions,"Will the price of Bitcoin be above $70,000 on April 2?",bitcoin-above-70k-on-april-2,bitcoin-above-on-april-2,101130777818091472612068415053064131943368798997570067070674294852722843294590,0xbd9d235a9ddb6e573acc172dcd5f19159dc05803eb42767d2d9593e1aed0373a,Yes,0.172922,0,404.484057,unavailable_from_public_profile_snapshot,1240.31533,unavailable_from_public_profile_snapshot,unavailable_from_public_profile_snapshot,unavailable_from_public_profile_snapshot,1775402031,2026-04-02T00:00:00Z,crypto_other,BTC,false,true,https://data-api.polymarket.com/closed-positions?user=0xde17f7144fbd0eddb2679132c10ff5e74b120988&limit=50&offset=0&sortBy=TIMESTAMP&sortDirection=DESC,2026-06-24T20:00:17+00:00
0xde17f7144fbd0eddb2679132c10ff5e74b120988,https://polymarket.com/0xde17f7144fbd0eddb2679132c10ff5e74b120988,closed,closed_positions,"Will the price of Bitcoin be between $64,000 and $66,000 on April 2?",will-the-price-of-bitcoin-be-between-64000-66000-on-april-2,bitcoin-price-on-april-2,90669997691015572514010933251921991587339325390898142488598960038468859033227,0x85ba8f4ca4208891fd5f1532b99285c4c51a2a4b0d085441303d9024179005d0,No,0.809622,1,30.14004,unavailable_from_public_profile_snapshot,208.10047,unavailable_from_public_profile_snapshot,unavailable_from_public_profile_snapshot,unavailable_from_public_profile_snapshot,1775402029,2026-04-02T00:00:00Z,crypto_other,BTC,false,false,https://data-api.polymarket.com/closed-positions?user=0xde17f7144fbd0eddb2679132c10ff5e74b120988&limit=50&offset=0&sortBy=TIMESTAMP&sortDirection=DESC,2026-06-24T20:00:17+00:00
0xde17f7144fbd0eddb2679132c10ff5e74b120988,https://polymarket.com/0xde17f7144fbd0eddb2679132c10ff5e74b120988,closed,closed_positions,"Will the price of Bitcoin be above $78,000 on April 2?",bitcoin-above-78k-on-april-2,bitcoin-above-on-april-2,59593530887561426456830522824538545304434426021361087804437896496448947621649,0xcfce4a5ee91f15548dc4205911bc1e66ce8580862b572e6cc172c4a5d87930e8,No,0.988154,1,-6.625107,unavailable_from_public_profile_snapshot,732.820583,unavailable_from_public_profile_snapshot,unavailable_from_public_profile_snapshot,unavailable_from_public_profile_snapshot,1775402029,2026-04-02T00:00:00Z,crypto_other,BTC,false,false,https://data-api.polymarket.com/closed-positions?user=0xde17f7144fbd0eddb2679132c10ff5e74b120988&limit=50&offset=0&sortBy=TIMESTAMP&sortDirection=DESC,2026-06-24T20:00:17+00:00
0xde17f7144fbd0eddb2679132c10ff5e74b120988,https://polymarket.com/0xde17f7144fbd0eddb2679132c10ff5e74b120988,closed,closed_positions,"Will the price of Bitcoin be between $64,000 and $66,000 on April 3?",will-the-price-of-bitcoin-be-between-64000-66000-on-april-3,bitcoin-price-on-april-3,51039170614137465460094981045982577290189570571116886149266212544266193430495,0x56c505285c9d8440421ba346468467751b4c8f7568b1d9983c7dece41681a2be,No,0.793288,1,16.392448,unavailable_from_public_profile_snapshot,79.691302,unavailable_from_public_profile_snapshot,unavailable_from_public_profile_snapshot,unavailable_from_public_profile_snapshot,1775402029,2026-04-03T00:00:00Z,crypto_other,BTC,false,false,https://data-api.polymarket.com/closed-positions?user=0xde17f7144fbd0eddb2679132c10ff5e74b120988&limit=50&offset=0&sortBy=TIMESTAMP&sortDirection=DESC,2026-06-24T20:00:17+00:00
0x1f0ebc543b2d411f66947041625c0aa1ce61cf86,https://polymarket.com/0x1f0ebc543b2d411f66947041625c0aa1ce61cf86,active,positions,"Ethereum Up or Down - March 24, 12PM ET",ethereum-up-or-down-march-24-2026-12pm-et,ethereum-up-or-down-march-24-2026-12pm-et,44713475906546244134902976373030053037579877252519346654109801804203200785536,0x84d3a5113e12efeb0d198848abd87d265f90cd932f8db2e481b475e65e13e8b6,Up,0.0995,0,351.3077,-469.1302,5593.4265,4713.0297,469.1302,0,,2026-03-24,fast_crypto,ETH,true,true,https://data-api.polymarket.com/positions?user=0x1f0ebc543b2d411f66947041625c0aa1ce61cf86&limit=50,2026-06-24T20:00:17+00:00
0x1f0ebc543b2d411f66947041625c0aa1ce61cf86,https://polymarket.com/0x1f0ebc543b2d411f66947041625c0aa1ce61cf86,active,positions,"Bitcoin Up or Down - March 24, 12PM ET",bitcoin-up-or-down-march-24-2026-12pm-et,bitcoin-up-or-down-march-24-2026-12pm-et,107692939746707210783245704542887719273116208031882132599256579427802811805133,0xd65a1c577ddf59beee6a7701e67a3c871d019d13e4f31c3fd41e44285ed42c72,Up,0.131,0,2947.8746,-290.25,10227.2932,2214.9223,290.25,0,,2026-03-24,fast_crypto,BTC,true,true,https://data-api.polymarket.com/positions?user=0x1f0ebc543b2d411f66947041625c0aa1ce61cf86&limit=50,2026-06-24T20:00:17+00:00
0x1f0ebc543b2d411f66947041625c0aa1ce61cf86,https://polymarket.com/0x1f0ebc543b2d411f66947041625c0aa1ce61cf86,active,positions,"Bitcoin Up or Down - March 24, 2:00PM-2:15PM ET",btc-updown-15m-1774375200,btc-updown-15m-1774375200,84254912068166438608871537128023487129981627257095971357028004700136090935500,0xdfb7e9bcbc3e01643d99bc36616510c528ee458593d2cf66d00fd1e547742f11,Down,0.4055,0,165.4463,-222.8931,2330.1606,549.5705,222.8931,0,,2026-03-24,fast_crypto,BTC,true,false,https://data-api.polymarket.com/positions?user=0x1f0ebc543b2d411f66947041625c0aa1ce61cf86&limit=50,2026-06-24T20:00:17+00:00
0x1f0ebc543b2d411f66947041625c0aa1ce61cf86,https://polymarket.com/0x1f0ebc543b2d411f66947041625c0aa1ce61cf86,active,positions,"Ethereum Up or Down - March 24, 2:00PM-2:15PM ET",eth-updown-15m-1774375200,eth-updown-15m-1774375200,25857583247067533001208314516405563031208068930703324539504691763432322842176,0x7457556d37cf6dc7d4aa13872eec5b0e32fdda86060c53c7c7f071ae85e30e0c,Down,0.5421,0,-94.7971,-180.0413,2621.8689,332.117,180.0413,0,,2026-03-24,fast_crypto,ETH,true,false,https://data-api.polymarket.com/positions?user=0x1f0ebc543b2d411f66947041625c0aa1ce61cf86&limit=50,2026-06-24T20:00:17+00:00
0x1f0ebc543b2d411f66947041625c0aa1ce61cf86,https://polymarket.com/0x1f0ebc543b2d411f66947041625c0aa1ce61cf86,active,positions,"Solana Up or Down - March 24, 12PM ET",solana-up-or-down-march-24-2026-12pm-et,solana-up-or-down-march-24-2026-12pm-et,61180076073693254421840729777719445431883931496688807271516327312044145182010,0x066b2e71d8028b14e6f00d71ac616e583cedd6505d122710219e797231fcefee,Up,0.1776,0,401.124,-56.8655,1564.9077,320.1315,56.8655,0,,2026-03-24,fast_crypto,SOL,true,true,https://data-api.polymarket.com/positions?user=0x1f0ebc543b2d411f66947041625c0aa1ce61cf86&limit=50,2026-06-24T20:00:17+00:00
0x1f0ebc543b2d411f66947041625c0aa1ce61cf86,https://polymarket.com/0x1f0ebc543b2d411f66947041625c0aa1ce61cf86,active,positions,"Solana Up or Down - March 24, 2:00PM-2:15PM ET",sol-updown-15m-1774375200,sol-updown-15m-1774375200,39931026612077087503182327823967010228308350532909729177690235737206655293368,0xfde9f2d927f6667a8770901b24b1b73ccd5012c0e8930d0fb6dc78b1c5893164,Down,0.6383,0,-51.506,-146.3886,609.4812,229.335,146.3886,0,,2026-03-24,fast_crypto,SOL,true,false,https://data-api.polymarket.com/positions?user=0x1f0ebc543b2d411f66947041625c0aa1ce61cf86&limit=50,2026-06-24T20:00:17+00:00
0x1f0ebc543b2d411f66947041625c0aa1ce61cf86,https://polymarket.com/0x1f0ebc543b2d411f66947041625c0aa1ce61cf86,active,positions,"XRP Up or Down - March 24, 2:00PM-2:15PM ET",xrp-updown-15m-1774375200,xrp-updown-15m-1774375200,89870433318999613869587905351892819395469577209488877899492541269903066365926,0x6019ed5780a52aaa783418ac3419dc12bfeca168ab0113ec5c6d7e753e47af08,Down,0.2367,0,75.426,-21.2999,379.1166,89.9542,21.2999,0,,2026-03-24,other,OTHER,false,false,https://data-api.polymarket.com/positions?user=0x1f0ebc543b2d411f66947041625c0aa1ce61cf86&limit=50,2026-06-24T20:00:17+00:00
0x1f0ebc543b2d411f66947041625c0aa1ce61cf86,https://polymarket.com/0x1f0ebc543b2d411f66947041625c0aa1ce61cf86,closed,closed_positions,"XRP Up or Down - March 24, 1PM ET",xrp-up-or-down-march-24-2026-1pm-et,xrp-up-or-down-march-24-2026-1pm-et,83243413897266424163927376484547024463541530828491070530395318735566637297629,0x496befb616d48447752d574c0d8473ff392be023ca2b283779015504c7aab77d,Down,0.799753,1,-292.10062,unavailable_from_public_profile_snapshot,1355.568786,unavailable_from_public_profile_snapshot,unavailable_from_public_profile_snapshot,unavailable_from_public_profile_snapshot,1774392081,2026-03-24T00:00:00Z,other,OTHER,false,false,https://data-api.polymarket.com/closed-positions?user=0x1f0ebc543b2d411f66947041625c0aa1ce61cf86&limit=50&offset=0&sortBy=TIMESTAMP&sortDirection=DESC,2026-06-24T20:00:17+00:00
0x1f0ebc543b2d411f66947041625c0aa1ce61cf86,https://polymarket.com/0x1f0ebc543b2d411f66947041625c0aa1ce61cf86,closed,closed_positions,"Bitcoin Up or Down - March 24, 1PM ET",bitcoin-up-or-down-march-24-2026-1pm-et,bitcoin-up-or-down-march-24-2026-1pm-et,53630588011963004671853622714497541343854261330989642717449104785912336665792,0x9a2b7cb4bbdc992534a597320dd384273d779ad2131ff7b16a5b02a39668ac1c,Down,0.610766,1,-716.701128,unavailable_from_public_profile_snapshot,6999.119886,unavailable_from_public_profile_snapshot,unavailable_from_public_profile_snapshot,unavailable_from_public_profile_snapshot,1774392081,2026-03-24T00:00:00Z,fast_crypto,BTC,true,false,https://data-api.polymarket.com/closed-positions?user=0x1f0ebc543b2d411f66947041625c0aa1ce61cf86&limit=50&offset=0&sortBy=TIMESTAMP&sortDirection=DESC,2026-06-24T20:00:17+00:00
0x1f0ebc543b2d411f66947041625c0aa1ce61cf86,https://polymarket.com/0x1f0ebc543b2d411f66947041625c0aa1ce61cf86,closed,closed_positions,"XRP Up or Down - March 24, 1PM ET",xrp-up-or-down-march-24-2026-1pm-et,xrp-up-or-down-march-24-2026-1pm-et,4376446565772829153701491175312985404607578021917105264436205323701132342483,0x496befb616d48447752d574c0d8473ff392be023ca2b283779015504c7aab77d,Up,0.325993,0,196.051962,unavailable_from_public_profile_snapshot,1127.316355,unavailable_from_public_profile_snapshot,unavailable_from_public_profile_snapshot,unavailable_from_public_profile_snapshot,1774392081,2026-03-24T00:00:00Z,other,OTHER,false,false,https://data-api.polymarket.com/closed-positions?user=0x1f0ebc543b2d411f66947041625c0aa1ce61cf86&limit=50&offset=0&sortBy=TIMESTAMP&sortDirection=DESC,2026-06-24T20:00:17+00:00
0x1f0ebc543b2d411f66947041625c0aa1ce61cf86,https://polymarket.com/0x1f0ebc543b2d411f66947041625c0aa1ce61cf86,closed,closed_positions,"Bitcoin Up or Down - March 24, 1PM ET",bitcoin-up-or-down-march-24-2026-1pm-et,bitcoin-up-or-down-march-24-2026-1pm-et,36645404278553444661370342418837838202603714999682547683987908912654564256313,0x9a2b7cb4bbdc992534a597320dd384273d779ad2131ff7b16a5b02a39668ac1c,Up,0.118228,0,2626.439332,unavailable_from_public_profile_snapshot,6889.715005,unavailable_from_public_profile_snapshot,unavailable_from_public_profile_snapshot,unavailable_from_public_profile_snapshot,1774392081,2026-03-24T00:00:00Z,fast_crypto,BTC,true,true,https://data-api.polymarket.com/closed-positions?user=0x1f0ebc543b2d411f66947041625c0aa1ce61cf86&limit=50&offset=0&sortBy=TIMESTAMP&sortDirection=DESC,2026-06-24T20:00:17+00:00
0x1f0ebc543b2d411f66947041625c0aa1ce61cf86,https://polymarket.com/0x1f0ebc543b2d411f66947041625c0aa1ce61cf86,closed,closed_positions,"XRP Up or Down - March 24, 2PM ET",xrp-up-or-down-march-24-2026-2pm-et,xrp-up-or-down-march-24-2026-2pm-et,100277301616944701808328552796544620253985486628785466283717401782116878301770,0x7ddba3d996f0214ecbe3717e1448ba58f369bee092a35154f49b8e0b3a467aab,Up,0.572583,1,60.063719,unavailable_from_public_profile_snapshot,140.527212,unavailable_from_public_profile_snapshot,unavailable_from_public_profile_snapshot,unavailable_from_public_profile_snapshot,1774392081,2026-03-24T00:00:00Z,other,OTHER,false,false,https://data-api.polymarket.com/closed-positions?user=0x1f0ebc543b2d411f66947041625c0aa1ce61cf86&limit=50&offset=0&sortBy=TIMESTAMP&sortDirection=DESC,2026-06-24T20:00:17+00:00
0x1f0ebc543b2d411f66947041625c0aa1ce61cf86,https://polymarket.com/0x1f0ebc543b2d411f66947041625c0aa1ce61cf86,closed,closed_positions,"Solana Up or Down - March 24, 12:00PM-4:00PM ET",sol-updown-4h-1774368000,sol-updown-4h-1774368000,99493179877635722467780389270879278933331111674314974575797022157153395947651,0xc454ac99c7d3bc7e7e265031c937a280c338af92eaa5dc570e0e95faceb64352,Down,0.625871,1,444.762232,unavailable_from_public_profile_snapshot,1657.810459,unavailable_from_public_profile_snapshot,unavailable_from_public_profile_snapshot,unavailable_from_public_profile_snapshot,1774392079,2026-03-24T00:00:00Z,fast_crypto,SOL,true,false,https://data-api.polymarket.com/closed-positions?user=0x1f0ebc543b2d411f66947041625c0aa1ce61cf86&limit=50&offset=0&sortBy=TIMESTAMP&sortDirection=DESC,2026-06-24T20:00:17+00:00
0x1f0ebc543b2d411f66947041625c0aa1ce61cf86,https://polymarket.com/0x1f0ebc543b2d411f66947041625c0aa1ce61cf86,closed,closed_positions,"Ethereum Up or Down - March 24, 1PM ET",ethereum-up-or-down-march-24-2026-1pm-et,ethereum-up-or-down-march-24-2026-1pm-et,91534260875869912760388854708216087223236184850138863342452754922741788074946,0xd6b5a1a394899352dc0a396b8d7937bfe5f06d1127f68622f1c648567937358f,Down,0.680217,1,-8.686831,unavailable_from_public_profile_snapshot,2556.830259,unavailable_from_public_profile_snapshot,unavailable_from_public_profile_snapshot,unavailable_from_public_profile_snapshot,1774392079,2026-03-24T00:00:00Z,fast_crypto,ETH,true,false,https://data-api.polymarket.com/closed-positions?user=0x1f0ebc543b2d411f66947041625c0aa1ce61cf86&limit=50&offset=0&sortBy=TIMESTAMP&sortDirection=DESC,2026-06-24T20:00:17+00:00
0x1f0ebc543b2d411f66947041625c0aa1ce61cf86,https://polymarket.com/0x1f0ebc543b2d411f66947041625c0aa1ce61cf86,closed,closed_positions,"Ethereum Up or Down - March 24, 2PM ET",ethereum-up-or-down-march-24-2026-2pm-et,ethereum-up-or-down-march-24-2026-2pm-et,8921099597592663234025646762245308546585208537920818862238543308542884929056,0xfd1352cae1ee4f2d3a18e19cc290bb7ab7298067855093acfd60ff71b76e492b,Up,0.802254,1,178.269428,unavailable_from_public_profile_snapshot,957.31,unavailable_from_public_profile_snapshot,unavailable_from_public_profile_snapshot,unavailable_from_public_profile_snapshot,1774392079,2026-03-24T00:00:00Z,fast_crypto,ETH,true,false,https://data-api.polymarket.com/closed-positions?user=0x1f0ebc543b2d411f66947041625c0aa1ce61cf86&limit=50&offset=0&sortBy=TIMESTAMP&sortDirection=DESC,2026-06-24T20:00:17+00:00
0x1f0ebc543b2d411f66947041625c0aa1ce61cf86,https://polymarket.com/0x1f0ebc543b2d411f66947041625c0aa1ce61cf86,closed,closed_positions,"Solana Up or Down - March 24, 12:00PM-4:00PM ET",sol-updown-4h-1774368000,sol-updown-4h-1774368000,86796592918907729309412017360111266275752003496775427668845108139510006744027,0xc454ac99c7d3bc7e7e265031c937a280c338af92eaa5dc570e0e95faceb64352,Up,0.473956,0,8.91825,unavailable_from_public_profile_snapshot,351.413394,unavailable_from_public_profile_snapshot,unavailable_from_public_profile_snapshot,unavailable_from_public_profile_snapshot,1774392079,2026-03-24T00:00:00Z,fast_crypto,SOL,true,false,https://data-api.polymarket.com/closed-positions?user=0x1f0ebc543b2d411f66947041625c0aa1ce61cf86&limit=50&offset=0&sortBy=TIMESTAMP&sortDirection=DESC,2026-06-24T20:00:17+00:00
0x1f0ebc543b2d411f66947041625c0aa1ce61cf86,https://polymarket.com/0x1f0ebc543b2d411f66947041625c0aa1ce61cf86,closed,closed_positions,"Solana Up or Down - March 24, 1PM ET",solana-up-or-down-march-24-2026-1pm-et,solana-up-or-down-march-24-2026-1pm-et,85677803780756273085403434584305854750289488824047493757016064370430698827484,0xfd6c3612efea08021939528ff0d801aabe42ca5ef5ace16e8dab8d83a9164c53,Up,0.139195,0,437.252576,unavailable_from_public_profile_snapshot,1214.035785,unavailable_from_public_profile_snapshot,unavailable_from_public_profile_snapshot,unavailable_from_public_profile_snapshot,1774392079,2026-03-24T00:00:00Z,fast_crypto,SOL,true,true,https://data-api.polymarket.com/closed-positions?user=0x1f0ebc543b2d411f66947041625c0aa1ce61cf86&limit=50&offset=0&sortBy=TIMESTAMP&sortDirection=DESC,2026-06-24T20:00:17+00:00
0x1f0ebc543b2d411f66947041625c0aa1ce61cf86,https://polymarket.com/0x1f0ebc543b2d411f66947041625c0aa1ce61cf86,closed,closed_positions,"XRP Up or Down - March 24, 12:00PM-4:00PM ET",xrp-updown-4h-1774368000,xrp-updown-4h-1774368000,74312086852997262862287426943143539219090109123472217139987175065373465364226,0xc3c54849923797d3b63915b9109d69dcd23f91f17ebfc7242b0cfae69fe7332d,Up,0.184903,0,75.023089,unavailable_from_public_profile_snapshot,238.671708,unavailable_from_public_profile_snapshot,unavailable_from_public_profile_snapshot,unavailable_from_public_profile_snapshot,1774392079,2026-03-24T00:00:00Z,other,OTHER,false,true,https://data-api.polymarket.com/closed-positions?user=0x1f0ebc543b2d411f66947041625c0aa1ce61cf86&limit=50&offset=0&sortBy=TIMESTAMP&sortDirection=DESC,2026-06-24T20:00:17+00:00
0x1f0ebc543b2d411f66947041625c0aa1ce61cf86,https://polymarket.com/0x1f0ebc543b2d411f66947041625c0aa1ce61cf86,closed,closed_positions,"XRP Up or Down - March 24, 12:00PM-4:00PM ET",xrp-updown-4h-1774368000,xrp-updown-4h-1774368000,70668415388794458806233616764554493067404090041806487434916709289577825352132,0xc3c54849923797d3b63915b9109d69dcd23f91f17ebfc7242b0cfae69fe7332d,Down,0.715073,1,153.572115,unavailable_from_public_profile_snapshot,957.179625,unavailable_from_public_profile_snapshot,unavailable_from_public_profile_snapshot,unavailable_from_public_profile_snapshot,1774392079,2026-03-24T00:00:00Z,other,OTHER,false,false,https://data-api.polymarket.com/closed-positions?user=0x1f0ebc543b2d411f66947041625c0aa1ce61cf86&limit=50&offset=0&sortBy=TIMESTAMP&sortDirection=DESC,2026-06-24T20:00:17+00:00
0x1f0ebc543b2d411f66947041625c0aa1ce61cf86,https://polymarket.com/0x1f0ebc543b2d411f66947041625c0aa1ce61cf86,closed,closed_positions,"Bitcoin Up or Down - March 24, 12:00PM-4:00PM ET",btc-updown-4h-1774368000,btc-updown-4h-1774368000,60243103091746196492892324887011887010848613146940654904705397604730602741595,0x98760d427d20937ac38406b7fbdc44aecc49d5566076e50c9be6ec1f030d1b5d,Down,0.696125,1,900.968428,unavailable_from_public_profile_snapshot,5434.6857,unavailable_from_public_profile_snapshot,unavailable_from_public_profile_snapshot,unavailable_from_public_profile_snapshot,1774392079,2026-03-24T00:00:00Z,fast_crypto,BTC,true,false,https://data-api.polymarket.com/closed-positions?user=0x1f0ebc543b2d411f66947041625c0aa1ce61cf86&limit=50&offset=0&sortBy=TIMESTAMP&sortDirection=DESC,2026-06-24T20:00:17+00:00
0x1f0ebc543b2d411f66947041625c0aa1ce61cf86,https://polymarket.com/0x1f0ebc543b2d411f66947041625c0aa1ce61cf86,closed,closed_positions,"Ethereum Up or Down - March 24, 12:00PM-4:00PM ET",eth-updown-4h-1774368000,eth-updown-4h-1774368000,51975551029524552216683037447953796054760576827402312666240525954899540970580,0x44bcfa9c7a067cf4768598b70c8ccd71a5ce87f86903ddc40c21a3808036bff4,Down,0.765528,1,168.72906,unavailable_from_public_profile_snapshot,894.298832,unavailable_from_public_profile_snapshot,unavailable_from_public_profile_snapshot,unavailable_from_public_profile_snapshot,1774392079,2026-03-24T00:00:00Z,fast_crypto,ETH,true,false,https://data-api.polymarket.com/closed-positions?user=0x1f0ebc543b2d411f66947041625c0aa1ce61cf86&limit=50&offset=0&sortBy=TIMESTAMP&sortDirection=DESC,2026-06-24T20:00:17+00:00
0x1f0ebc543b2d411f66947041625c0aa1ce61cf86,https://polymarket.com/0x1f0ebc543b2d411f66947041625c0aa1ce61cf86,closed,closed_positions,"XRP Up or Down - March 24, 12PM ET",xrp-up-or-down-march-24-2026-12pm-et,xrp-up-or-down-march-24-2026-12pm-et,40180657595455521343726410963469011310905290302984373033319132782512549865421,0x6a42d4ffb2d2d46397be3ad7c3c9ffbfd59b561e9e3fb9b3db7babdbead5182d,Down,0.769378,1,94.853014,unavailable_from_public_profile_snapshot,512.35898,unavailable_from_public_profile_snapshot,unavailable_from_public_profile_snapshot,unavailable_from_public_profile_snapshot,1774392079,2026-03-24T00:00:00Z,other,OTHER,false,false,https://data-api.polymarket.com/closed-positions?user=0x1f0ebc543b2d411f66947041625c0aa1ce61cf86&limit=50&offset=0&sortBy=TIMESTAMP&sortDirection=DESC,2026-06-24T20:00:17+00:00
0x1f0ebc543b2d411f66947041625c0aa1ce61cf86,https://polymarket.com/0x1f0ebc543b2d411f66947041625c0aa1ce61cf86,closed,closed_positions,"Solana Up or Down - March 24, 2PM ET",solana-up-or-down-march-24-2026-2pm-et,solana-up-or-down-march-24-2026-2pm-et,37991023055813221626257004391277697884585468218774831207491616820794622902233,0xce7ce28c2bc063f7bc326d165e320fff802c9f5543634b20398cf07a781f7a3d,Down,0.372176,1,239.285784,unavailable_from_public_profile_snapshot,381.135134,unavailable_from_public_profile_snapshot,unavailable_from_public_profile_snapshot,unavailable_from_public_profile_snapshot,1774392079,2026-03-24T00:00:00Z,fast_crypto,SOL,true,false,https://data-api.polymarket.com/closed-positions?user=0x1f0ebc543b2d411f66947041625c0aa1ce61cf86&limit=50&offset=0&sortBy=TIMESTAMP&sortDirection=DESC,2026-06-24T20:00:17+00:00
0x1f0ebc543b2d411f66947041625c0aa1ce61cf86,https://polymarket.com/0x1f0ebc543b2d411f66947041625c0aa1ce61cf86,closed,closed_positions,"Ethereum Up or Down - March 24, 1PM ET",ethereum-up-or-down-march-24-2026-1pm-et,ethereum-up-or-down-march-24-2026-1pm-et,30299362234643388383521468911627699319583965277430376853097781007985308629945,0xd6b5a1a394899352dc0a396b8d7937bfe5f06d1127f68622f1c648567937358f,Up,0.07075,0,709.364881,unavailable_from_public_profile_snapshot,1653.043113,unavailable_from_public_profile_snapshot,unavailable_from_public_profile_snapshot,unavailable_from_public_profile_snapshot,1774392079,2026-03-24T00:00:00Z,fast_crypto,ETH,true,true,https://data-api.polymarket.com/closed-positions?user=0x1f0ebc543b2d411f66947041625c0aa1ce61cf86&limit=50&offset=0&sortBy=TIMESTAMP&sortDirection=DESC,2026-06-24T20:00:17+00:00
0x1f0ebc543b2d411f66947041625c0aa1ce61cf86,https://polymarket.com/0x1f0ebc543b2d411f66947041625c0aa1ce61cf86,closed,closed_positions,"Solana Up or Down - March 24, 1PM ET",solana-up-or-down-march-24-2026-1pm-et,solana-up-or-down-march-24-2026-1pm-et,26189870308012185256897892670893996079305674063508725677845551793913694712274,0xfd6c3612efea08021939528ff0d801aabe42ca5ef5ace16e8dab8d83a9164c53,Down,0.809218,1,-236.1806,unavailable_from_public_profile_snapshot,1939.699172,unavailable_from_public_profile_snapshot,unavailable_from_public_profile_snapshot,unavailable_from_public_profile_snapshot,1774392079,2026-03-24T00:00:00Z,fast_crypto,SOL,true,false,https://data-api.polymarket.com/closed-positions?user=0x1f0ebc543b2d411f66947041625c0aa1ce61cf86&limit=50&offset=0&sortBy=TIMESTAMP&sortDirection=DESC,2026-06-24T20:00:17+00:00
0x1f0ebc543b2d411f66947041625c0aa1ce61cf86,https://polymarket.com/0x1f0ebc543b2d411f66947041625c0aa1ce61cf86,closed,closed_positions,"Ethereum Up or Down - March 24, 12:00PM-4:00PM ET",eth-updown-4h-1774368000,eth-updown-4h-1774368000,25219735078638425318526373346064661348641488834403317961772829340895357864166,0x44bcfa9c7a067cf4768598b70c8ccd71a5ce87f86903ddc40c21a3808036bff4,Up,0.21918,0,22.996379,unavailable_from_public_profile_snapshot,81.953632,unavailable_from_public_profile_snapshot,unavailable_from_public_profile_snapshot,unavailable_from_public_profile_snapshot,1774392079,2026-03-24T00:00:00Z,fast_crypto,ETH,true,false,https://data-api.polymarket.com/closed-positions?user=0x1f0ebc543b2d411f66947041625c0aa1ce61cf86&limit=50&offset=0&sortBy=TIMESTAMP&sortDirection=DESC,2026-06-24T20:00:17+00:00
0x1f0ebc543b2d411f66947041625c0aa1ce61cf86,https://polymarket.com/0x1f0ebc543b2d411f66947041625c0aa1ce61cf86,closed,closed_positions,"Bitcoin Up or Down - March 24, 2PM ET",bitcoin-up-or-down-march-24-2026-2pm-et,bitcoin-up-or-down-march-24-2026-2pm-et,2234561175646023811959671001477924963695928604621768960063986790345769535149,0x6c13248425c7f5f9a527da1f2ca0524b982dede8d0118291491205877bbb0965,Up,0.803549,1,256.597528,unavailable_from_public_profile_snapshot,3385.652176,unavailable_from_public_profile_snapshot,unavailable_from_public_profile_snapshot,unavailable_from_public_profile_snapshot,1774392079,2026-03-24T00:00:00Z,fast_crypto,BTC,true,false,https://data-api.polymarket.com/closed-positions?user=0x1f0ebc543b2d411f66947041625c0aa1ce61cf86&limit=50&offset=0&sortBy=TIMESTAMP&sortDirection=DESC,2026-06-24T20:00:17+00:00
0x1f0ebc543b2d411f66947041625c0aa1ce61cf86,https://polymarket.com/0x1f0ebc543b2d411f66947041625c0aa1ce61cf86,closed,closed_positions,"Solana Up or Down - March 24, 2PM ET",solana-up-or-down-march-24-2026-2pm-et,solana-up-or-down-march-24-2026-2pm-et,20881779262064316543440862647577579327424219439536468411528238160809874822443,0xce7ce28c2bc063f7bc326d165e320fff802c9f5543634b20398cf07a781f7a3d,Up,0.599678,0,-296.514024,unavailable_from_public_profile_snapshot,494.455398,unavailable_from_public_profile_snapshot,unavailable_from_public_profile_snapshot,unavailable_from_public_profile_snapshot,1774392079,2026-03-24T00:00:00Z,fast_crypto,SOL,true,false,https://data-api.polymarket.com/closed-positions?user=0x1f0ebc543b2d411f66947041625c0aa1ce61cf86&limit=50&offset=0&sortBy=TIMESTAMP&sortDirection=DESC,2026-06-24T20:00:17+00:00
0x1f0ebc543b2d411f66947041625c0aa1ce61cf86,https://polymarket.com/0x1f0ebc543b2d411f66947041625c0aa1ce61cf86,closed,closed_positions,"Bitcoin Up or Down - March 24, 12:00PM-4:00PM ET",btc-updown-4h-1774368000,btc-updown-4h-1774368000,13521012463264208274676996775157261027737761538088663860824270679989771527529,0x98760d427d20937ac38406b7fbdc44aecc49d5566076e50c9be6ec1f030d1b5d,Up,0.447697,0,70.279456,unavailable_from_public_profile_snapshot,1519.369647,unavailable_from_public_profile_snapshot,unavailable_from_public_profile_snapshot,unavailable_from_public_profile_snapshot,1774392079,2026-03-24T00:00:00Z,fast_crypto,BTC,true,false,https://data-api.polymarket.com/closed-positions?user=0x1f0ebc543b2d411f66947041625c0aa1ce61cf86&limit=50&offset=0&sortBy=TIMESTAMP&sortDirection=DESC,2026-06-24T20:00:17+00:00
0x1f0ebc543b2d411f66947041625c0aa1ce61cf86,https://polymarket.com/0x1f0ebc543b2d411f66947041625c0aa1ce61cf86,closed,closed_positions,"Ethereum Up or Down - March 24, 2PM ET",ethereum-up-or-down-march-24-2026-2pm-et,ethereum-up-or-down-march-24-2026-2pm-et,115169437589995816901586861523947955406998522856051033989976606187488636875596,0xfd1352cae1ee4f2d3a18e19cc290bb7ab7298067855093acfd60ff71b76e492b,Down,0.099208,0,-166.899284,unavailable_from_public_profile_snapshot,1739.410549,unavailable_from_public_profile_snapshot,unavailable_from_public_profile_snapshot,unavailable_from_public_profile_snapshot,1774392079,2026-03-24T00:00:00Z,fast_crypto,ETH,true,true,https://data-api.polymarket.com/closed-positions?user=0x1f0ebc543b2d411f66947041625c0aa1ce61cf86&limit=50&offset=0&sortBy=TIMESTAMP&sortDirection=DESC,2026-06-24T20:00:17+00:00
0x1f0ebc543b2d411f66947041625c0aa1ce61cf86,https://polymarket.com/0x1f0ebc543b2d411f66947041625c0aa1ce61cf86,closed,closed_positions,"Bitcoin Up or Down - March 24, 2PM ET",bitcoin-up-or-down-march-24-2026-2pm-et,bitcoin-up-or-down-march-24-2026-2pm-et,110149152872065717396833727502509557448427278670048810846518524434717338696140,0x6c13248425c7f5f9a527da1f2ca0524b982dede8d0118291491205877bbb0965,Down,0.211121,0,-868.307731,unavailable_from_public_profile_snapshot,5578.816776,unavailable_from_public_profile_snapshot,unavailable_from_public_profile_snapshot,unavailable_from_public_profile_snapshot,1774392079,2026-03-24T00:00:00Z,fast_crypto,BTC,true,false,https://data-api.polymarket.com/closed-positions?user=0x1f0ebc543b2d411f66947041625c0aa1ce61cf86&limit=50&offset=0&sortBy=TIMESTAMP&sortDirection=DESC,2026-06-24T20:00:17+00:00
0x1f0ebc543b2d411f66947041625c0aa1ce61cf86,https://polymarket.com/0x1f0ebc543b2d411f66947041625c0aa1ce61cf86,closed,closed_positions,"Ethereum Up or Down - March 8, 10:25AM-10:30AM ET",eth-updown-5m-1772979900,eth-updown-5m-1772979900,61840006962340850622357787464121318362489582978076023907476501151788300635640,0xf6b6ea029d84e12f25e5e30172d1c8033ad03880262c2ba3eac6d2e041d8db96,Down,0.97,1,0.0288,unavailable_from_public_profile_snapshot,0.96,unavailable_from_public_profile_snapshot,unavailable_from_public_profile_snapshot,unavailable_from_public_profile_snapshot,1774376049,2026-03-08T00:00:00Z,fast_crypto,ETH,true,false,https://data-api.polymarket.com/closed-positions?user=0x1f0ebc543b2d411f66947041625c0aa1ce61cf86&limit=50&offset=0&sortBy=TIMESTAMP&sortDirection=DESC,2026-06-24T20:00:17+00:00
0x1f0ebc543b2d411f66947041625c0aa1ce61cf86,https://polymarket.com/0x1f0ebc543b2d411f66947041625c0aa1ce61cf86,closed,closed_positions,"XRP Up or Down - March 18, 6:35PM-6:40PM ET",xrp-updown-5m-1773873300,xrp-updown-5m-1773873300,40590664070406943607388032616230082955240272415999569478397462779466408519961,0x2f0a1ff39e22300b66bb476a38a6127d167c033fef09982d801570db697fb2c7,Down,0.56,1,0.2684,unavailable_from_public_profile_snapshot,0.61,unavailable_from_public_profile_snapshot,unavailable_from_public_profile_snapshot,unavailable_from_public_profile_snapshot,1774376049,2026-03-18T00:00:00Z,other,OTHER,false,false,https://data-api.polymarket.com/closed-positions?user=0x1f0ebc543b2d411f66947041625c0aa1ce61cf86&limit=50&offset=0&sortBy=TIMESTAMP&sortDirection=DESC,2026-06-24T20:00:17+00:00
0x1f0ebc543b2d411f66947041625c0aa1ce61cf86,https://polymarket.com/0x1f0ebc543b2d411f66947041625c0aa1ce61cf86,closed,closed_positions,"Bitcoin Up or Down - March 14, 5:45AM-5:50AM ET",btc-updown-5m-1773481500,btc-updown-5m-1773481500,31262511121184728636844878896704100351991089613466751814062695073516982506486,0x406ee53bc479f6466986e9a292134a86b917128f637810691977db606b49e37b,Down,0.9,1,0.1,unavailable_from_public_profile_snapshot,1,unavailable_from_public_profile_snapshot,unavailable_from_public_profile_snapshot,unavailable_from_public_profile_snapshot,1774376049,2026-03-14T00:00:00Z,fast_crypto,BTC,true,false,https://data-api.polymarket.com/closed-positions?user=0x1f0ebc543b2d411f66947041625c0aa1ce61cf86&limit=50&offset=0&sortBy=TIMESTAMP&sortDirection=DESC,2026-06-24T20:00:17+00:00
0x1f0ebc543b2d411f66947041625c0aa1ce61cf86,https://polymarket.com/0x1f0ebc543b2d411f66947041625c0aa1ce61cf86,closed,closed_positions,"Solana Up or Down - March 24, 2:00PM-2:15PM ET",sol-updown-15m-1774375200,sol-updown-15m-1774375200,98414204694063674358553156736159850468504453139153029790621804827420573585182,0xfde9f2d927f6667a8770901b24b1b73ccd5012c0e8930d0fb6dc78b1c5893164,Up,0.566497,1,-24.76176,unavailable_from_public_profile_snapshot,377.837784,unavailable_from_public_profile_snapshot,unavailable_from_public_profile_snapshot,unavailable_from_public_profile_snapshot,1774376015,2026-03-24T00:00:00Z,fast_crypto,SOL,true,false,https://data-api.polymarket.com/closed-positions?user=0x1f0ebc543b2d411f66947041625c0aa1ce61cf86&limit=50&offset=0&sortBy=TIMESTAMP&sortDirection=DESC,2026-06-24T20:00:17+00:00
0x1f0ebc543b2d411f66947041625c0aa1ce61cf86,https://polymarket.com/0x1f0ebc543b2d411f66947041625c0aa1ce61cf86,closed,closed_positions,"Ethereum Up or Down - March 24, 2:00PM-2:15PM ET",eth-updown-15m-1774375200,eth-updown-15m-1774375200,95459241248979648479634481055609871738769076360432427369491475126843935073295,0x7457556d37cf6dc7d4aa13872eec5b0e32fdda86060c53c7c7f071ae85e30e0c,Up,0.573617,1,-165.756585,unavailable_from_public_profile_snapshot,2284.232878,unavailable_from_public_profile_snapshot,unavailable_from_public_profile_snapshot,unavailable_from_public_profile_snapshot,1774376015,2026-03-24T00:00:00Z,fast_crypto,ETH,true,false,https://data-api.polymarket.com/closed-positions?user=0x1f0ebc543b2d411f66947041625c0aa1ce61cf86&limit=50&offset=0&sortBy=TIMESTAMP&sortDirection=DESC,2026-06-24T20:00:17+00:00
0x1f0ebc543b2d411f66947041625c0aa1ce61cf86,https://polymarket.com/0x1f0ebc543b2d411f66947041625c0aa1ce61cf86,closed,closed_positions,"Solana Up or Down - March 24, 12PM ET",solana-up-or-down-march-24-2026-12pm-et,solana-up-or-down-march-24-2026-12pm-et,8921550038495106296015677328689515798606530021801459503060408904597237770730,0x066b2e71d8028b14e6f00d71ac616e583cedd6505d122710219e797231fcefee,Down,0.712893,1,-264.903806,unavailable_from_public_profile_snapshot,1246.767775,unavailable_from_public_profile_snapshot,unavailable_from_public_profile_snapshot,unavailable_from_public_profile_snapshot,1774376015,2026-03-24T00:00:00Z,fast_crypto,SOL,true,false,https://data-api.polymarket.com/closed-positions?user=0x1f0ebc543b2d411f66947041625c0aa1ce61cf86&limit=50&offset=0&sortBy=TIMESTAMP&sortDirection=DESC,2026-06-24T20:00:17+00:00
0x1f0ebc543b2d411f66947041625c0aa1ce61cf86,https://polymarket.com/0x1f0ebc543b2d411f66947041625c0aa1ce61cf86,closed,closed_positions,"Bitcoin Up or Down - March 24, 12PM ET",bitcoin-up-or-down-march-24-2026-12pm-et,bitcoin-up-or-down-march-24-2026-12pm-et,35615796212409561558848315194226687037845704354710846680646052519433366635071,0xd65a1c577ddf59beee6a7701e67a3c871d019d13e4f31c3fd41e44285ed42c72,Down,0.739497,1,-1913.521424,unavailable_from_public_profile_snapshot,8030.970853,unavailable_from_public_profile_snapshot,unavailable_from_public_profile_snapshot,unavailable_from_public_profile_snapshot,1774376015,2026-03-24T00:00:00Z,fast_crypto,BTC,true,false,https://data-api.polymarket.com/closed-positions?user=0x1f0ebc543b2d411f66947041625c0aa1ce61cf86&limit=50&offset=0&sortBy=TIMESTAMP&sortDirection=DESC,2026-06-24T20:00:17+00:00
0x1f0ebc543b2d411f66947041625c0aa1ce61cf86,https://polymarket.com/0x1f0ebc543b2d411f66947041625c0aa1ce61cf86,closed,closed_positions,"XRP Up or Down - March 24, 12PM ET",xrp-up-or-down-march-24-2026-12pm-et,xrp-up-or-down-march-24-2026-12pm-et,32092448402824067559175595906560788579958894710052895475129204773205928178648,0x6a42d4ffb2d2d46397be3ad7c3c9ffbfd59b561e9e3fb9b3db7babdbead5182d,Up,0.083772,0,19.403083,unavailable_from_public_profile_snapshot,46.616479,unavailable_from_public_profile_snapshot,unavailable_from_public_profile_snapshot,unavailable_from_public_profile_snapshot,1774376015,2026-03-24T00:00:00Z,other,OTHER,false,true,https://data-api.polymarket.com/closed-positions?user=0x1f0ebc543b2d411f66947041625c0aa1ce61cf86&limit=50&offset=0&sortBy=TIMESTAMP&sortDirection=DESC,2026-06-24T20:00:17+00:00
0x1f0ebc543b2d411f66947041625c0aa1ce61cf86,https://polymarket.com/0x1f0ebc543b2d411f66947041625c0aa1ce61cf86,closed,closed_positions,"Ethereum Up or Down - March 24, 12PM ET",ethereum-up-or-down-march-24-2026-12pm-et,ethereum-up-or-down-march-24-2026-12pm-et,14442954127550750926969530818768710226230404092501271779736928832665678078261,0x84d3a5113e12efeb0d198848abd87d265f90cd932f8db2e481b475e65e13e8b6,Down,0.510549,1,-9.254198,unavailable_from_public_profile_snapshot,880.536665,unavailable_from_public_profile_snapshot,unavailable_from_public_profile_snapshot,unavailable_from_public_profile_snapshot,1774376015,2026-03-24T00:00:00Z,fast_crypto,ETH,true,false,https://data-api.polymarket.com/closed-positions?user=0x1f0ebc543b2d411f66947041625c0aa1ce61cf86&limit=50&offset=0&sortBy=TIMESTAMP&sortDirection=DESC,2026-06-24T20:00:17+00:00
0x1f0ebc543b2d411f66947041625c0aa1ce61cf86,https://polymarket.com/0x1f0ebc543b2d411f66947041625c0aa1ce61cf86,closed,closed_positions,"Bitcoin Up or Down - March 24, 2:00PM-2:15PM ET",btc-updown-15m-1774375200,btc-updown-15m-1774375200,113313891623737805640373346543303605688334583773161755188972438476449911427045,0xdfb7e9bcbc3e01643d99bc36616510c528ee458593d2cf66d00fd1e547742f11,Up,0.712362,1,-372.097128,unavailable_from_public_profile_snapshot,1770.2,unavailable_from_public_profile_snapshot,unavailable_from_public_profile_snapshot,unavailable_from_public_profile_snapshot,1774376015,2026-03-24T00:00:00Z,fast_crypto,BTC,true,false,https://data-api.polymarket.com/closed-positions?user=0x1f0ebc543b2d411f66947041625c0aa1ce61cf86&limit=50&offset=0&sortBy=TIMESTAMP&sortDirection=DESC,2026-06-24T20:00:17+00:00
0x1f0ebc543b2d411f66947041625c0aa1ce61cf86,https://polymarket.com/0x1f0ebc543b2d411f66947041625c0aa1ce61cf86,closed,closed_positions,"XRP Up or Down - March 24, 2:00PM-2:15PM ET",xrp-updown-15m-1774375200,xrp-updown-15m-1774375200,100442543318715086479529492663236545869375343497473675376338456520133645511793,0x6019ed5780a52aaa783418ac3419dc12bfeca168ab0113ec5c6d7e753e47af08,Up,0.678931,1,-51.274081,unavailable_from_public_profile_snapshot,289.895312,unavailable_from_public_profile_snapshot,unavailable_from_public_profile_snapshot,unavailable_from_public_profile_snapshot,1774376015,2026-03-24T00:00:00Z,other,OTHER,false,false,https://data-api.polymarket.com/closed-positions?user=0x1f0ebc543b2d411f66947041625c0aa1ce61cf86&limit=50&offset=0&sortBy=TIMESTAMP&sortDirection=DESC,2026-06-24T20:00:17+00:00
0x1f0ebc543b2d411f66947041625c0aa1ce61cf86,https://polymarket.com/0x1f0ebc543b2d411f66947041625c0aa1ce61cf86,closed,closed_positions,"Bitcoin Up or Down - March 24, 1:00PM-1:15PM ET",btc-updown-15m-1774371600,btc-updown-15m-1774371600,92541032427143104660231667974882719680450158907229882766015886886063100612042,0xd656432293747b67209ccfd5ad06ca57752095d5f90696e51d30c590498eb940,Up,0.047807,0,-310.676248,unavailable_from_public_profile_snapshot,6498.551427,unavailable_from_public_profile_snapshot,unavailable_from_public_profile_snapshot,unavailable_from_public_profile_snapshot,1774375655,2026-03-24T00:00:00Z,fast_crypto,BTC,true,true,https://data-api.polymarket.com/closed-positions?user=0x1f0ebc543b2d411f66947041625c0aa1ce61cf86&limit=50&offset=0&sortBy=TIMESTAMP&sortDirection=DESC,2026-06-24T20:00:17+00:00
0x1f0ebc543b2d411f66947041625c0aa1ce61cf86,https://polymarket.com/0x1f0ebc543b2d411f66947041625c0aa1ce61cf86,closed,closed_positions,"Ethereum Up or Down - March 24, 1:15PM-1:20PM ET",eth-updown-5m-1774372500,eth-updown-5m-1774372500,9215026313469090580923815504698416097357392839231174651984766664210624496118,0x602962bc642a9420d3010faab0c1273423660d9d52a09724fb1606a0162d37bc,Up,0.147029,0,-392.886195,unavailable_from_public_profile_snapshot,2672.168045,unavailable_from_public_profile_snapshot,unavailable_from_public_profile_snapshot,unavailable_from_public_profile_snapshot,1774375655,2026-03-24T00:00:00Z,fast_crypto,ETH,true,true,https://data-api.polymarket.com/closed-positions?user=0x1f0ebc543b2d411f66947041625c0aa1ce61cf86&limit=50&offset=0&sortBy=TIMESTAMP&sortDirection=DESC,2026-06-24T20:00:17+00:00
0x1f0ebc543b2d411f66947041625c0aa1ce61cf86,https://polymarket.com/0x1f0ebc543b2d411f66947041625c0aa1ce61cf86,closed,closed_positions,"XRP Up or Down - March 24, 1:40PM-1:45PM ET",xrp-updown-5m-1774374000,xrp-updown-5m-1774374000,91941373087177334061669602733168505192041629558449177277910402014836949293397,0x31b2acf67204a54b2d050b0ea113a200230047f5f43a8d085d33d74382e385c9,Down,0.690023,1,53.6842,unavailable_from_public_profile_snapshot,173.187691,unavailable_from_public_profile_snapshot,unavailable_from_public_profile_snapshot,unavailable_from_public_profile_snapshot,1774375655,2026-03-24T00:00:00Z,other,OTHER,false,false,https://data-api.polymarket.com/closed-positions?user=0x1f0ebc543b2d411f66947041625c0aa1ce61cf86&limit=50&offset=0&sortBy=TIMESTAMP&sortDirection=DESC,2026-06-24T20:00:17+00:00
0x1f0ebc543b2d411f66947041625c0aa1ce61cf86,https://polymarket.com/0x1f0ebc543b2d411f66947041625c0aa1ce61cf86,closed,closed_positions,"Solana Up or Down - March 24, 1:15PM-1:30PM ET",sol-updown-15m-1774372500,sol-updown-15m-1774372500,90209808762363396396194109044969709912686546174773247174055365758711107148633,0x693bf3b653e019e02f7d26bb6a76624e9ebfc13de3c162043f38b2d631ca0e35,Down,0.617085,1,709.701747,unavailable_from_public_profile_snapshot,1853.418508,unavailable_from_public_profile_snapshot,unavailable_from_public_profile_snapshot,unavailable_from_public_profile_snapshot,1774375655,2026-03-24T00:00:00Z,fast_crypto,SOL,true,false,https://data-api.polymarket.com/closed-positions?user=0x1f0ebc543b2d411f66947041625c0aa1ce61cf86&limit=50&offset=0&sortBy=TIMESTAMP&sortDirection=DESC,2026-06-24T20:00:17+00:00
0x1f0ebc543b2d411f66947041625c0aa1ce61cf86,https://polymarket.com/0x1f0ebc543b2d411f66947041625c0aa1ce61cf86,closed,closed_positions,"Bitcoin Up or Down - March 24, 1:00PM-1:15PM ET",btc-updown-15m-1774371600,btc-updown-15m-1774371600,89597959225667502302006519178443067133481812689615244276818153304814642978301,0xd656432293747b67209ccfd5ad06ca57752095d5f90696e51d30c590498eb940,Down,0.553791,1,3207.716325,unavailable_from_public_profile_snapshot,7188.820318,unavailable_from_public_profile_snapshot,unavailable_from_public_profile_snapshot,unavailable_from_public_profile_snapshot,1774375655,2026-03-24T00:00:00Z,fast_crypto,BTC,true,false,https://data-api.polymarket.com/closed-positions?user=0x1f0ebc543b2d411f66947041625c0aa1ce61cf86&limit=50&offset=0&sortBy=TIMESTAMP&sortDirection=DESC,2026-06-24T20:00:17+00:00
0x1f0ebc543b2d411f66947041625c0aa1ce61cf86,https://polymarket.com/0x1f0ebc543b2d411f66947041625c0aa1ce61cf86,closed,closed_positions,"Bitcoin Up or Down - March 24, 1:25PM-1:30PM ET",btc-updown-5m-1774373100,btc-updown-5m-1774373100,88473649363580276020273034476682471239520009176766049730741719129293243052958,0xcf9ecfc1fc5c6551ae33a735962956e49cf38d46e92fae4c5c964d988e04beb2,Down,0.688465,1,1924.90703,unavailable_from_public_profile_snapshot,6178.782579,unavailable_from_public_profile_snapshot,unavailable_from_public_profile_snapshot,unavailable_from_public_profile_snapshot,1774375655,2026-03-24T00:00:00Z,fast_crypto,BTC,true,false,https://data-api.polymarket.com/closed-positions?user=0x1f0ebc543b2d411f66947041625c0aa1ce61cf86&limit=50&offset=0&sortBy=TIMESTAMP&sortDirection=DESC,2026-06-24T20:00:17+00:00
0x1f0ebc543b2d411f66947041625c0aa1ce61cf86,https://polymarket.com/0x1f0ebc543b2d411f66947041625c0aa1ce61cf86,closed,closed_positions,"XRP Up or Down - March 24, 1:25PM-1:30PM ET",xrp-updown-5m-1774373100,xrp-updown-5m-1774373100,88322647829107673575477300700723273272758277990373406033400584771340363738008,0x57fe768cd8895f9c949e7a986202637c6b2e9402734ca85d5089e04f9aa75e5c,Down,0.807318,1,36.371348,unavailable_from_public_profile_snapshot,188.763601,unavailable_from_public_profile_snapshot,unavailable_from_public_profile_snapshot,unavailable_from_public_profile_snapshot,1774375655,2026-03-24T00:00:00Z,other,OTHER,false,false,https://data-api.polymarket.com/closed-positions?user=0x1f0ebc543b2d411f66947041625c0aa1ce61cf86&limit=50&offset=0&sortBy=TIMESTAMP&sortDirection=DESC,2026-06-24T20:00:17+00:00
0x1f0ebc543b2d411f66947041625c0aa1ce61cf86,https://polymarket.com/0x1f0ebc543b2d411f66947041625c0aa1ce61cf86,closed,closed_positions,"Bitcoin Up or Down - March 24, 1:05PM-1:10PM ET",btc-updown-5m-1774371900,btc-updown-5m-1774371900,86696691468848239308862640299721813486925729510345059185146244047594259693571,0xa79a30b24f54c0372737c9ce346cf80bc79bd6d2a4e1e2bf7968e3fe20608528,Down,0.809289,1,626.642499,unavailable_from_public_profile_snapshot,3285.822523,unavailable_from_public_profile_snapshot,unavailable_from_public_profile_snapshot,unavailable_from_public_profile_snapshot,1774375655,2026-03-24T00:00:00Z,fast_crypto,BTC,true,false,https://data-api.polymarket.com/closed-positions?user=0x1f0ebc543b2d411f66947041625c0aa1ce61cf86&limit=50&offset=0&sortBy=TIMESTAMP&sortDirection=DESC,2026-06-24T20:00:17+00:00
0x1f0ebc543b2d411f66947041625c0aa1ce61cf86,https://polymarket.com/0x1f0ebc543b2d411f66947041625c0aa1ce61cf86,closed,closed_positions,"XRP Up or Down - March 24, 1:20PM-1:25PM ET",xrp-updown-5m-1774372800,xrp-updown-5m-1774372800,86632947965198655090911880064232178102919047600391088063307979817741578696327,0xa1354ede1bfd9de021a35649461941017de633eb4bafdd8e0c4248434b2ed9ec,Down,0.513679,1,68.85819,unavailable_from_public_profile_snapshot,141.59,unavailable_from_public_profile_snapshot,unavailable_from_public_profile_snapshot,unavailable_from_public_profile_snapshot,1774375655,2026-03-24T00:00:00Z,other,OTHER,false,false,https://data-api.polymarket.com/closed-positions?user=0x1f0ebc543b2d411f66947041625c0aa1ce61cf86&limit=50&offset=0&sortBy=TIMESTAMP&sortDirection=DESC,2026-06-24T20:00:17+00:00
0x1f0ebc543b2d411f66947041625c0aa1ce61cf86,https://polymarket.com/0x1f0ebc543b2d411f66947041625c0aa1ce61cf86,closed,closed_positions,"Bitcoin Up or Down - March 24, 1:10PM-1:15PM ET",btc-updown-5m-1774372200,btc-updown-5m-1774372200,85482809736399802446431458091971449929912993786557030058063666351454536573083,0x41bb3d1a31f3f163cd589c65c5b69561ebc2f23e48abc2f0456df3ac77aa3a11,Up,0.643001,1,2217.347816,unavailable_from_public_profile_snapshot,6211.075707,unavailable_from_public_profile_snapshot,unavailable_from_public_profile_snapshot,unavailable_from_public_profile_snapshot,1774375655,2026-03-24T00:00:00Z,fast_crypto,BTC,true,false,https://data-api.polymarket.com/closed-positions?user=0x1f0ebc543b2d411f66947041625c0aa1ce61cf86&limit=50&offset=0&sortBy=TIMESTAMP&sortDirection=DESC,2026-06-24T20:00:17+00:00
0x1f0ebc543b2d411f66947041625c0aa1ce61cf86,https://polymarket.com/0x1f0ebc543b2d411f66947041625c0aa1ce61cf86,closed,closed_positions,"Bitcoin Up or Down - March 24, 1:40PM-1:45PM ET",btc-updown-5m-1774374000,btc-updown-5m-1774374000,85150726924497578337884147242863532341411727186871643650887557689211141430586,0x56238d69574b97e9dc0f7220229c29372a6889459a05bc605b8af97567f898db,Up,0.116692,0,-159.863372,unavailable_from_public_profile_snapshot,1369.96,unavailable_from_public_profile_snapshot,unavailable_from_public_profile_snapshot,unavailable_from_public_profile_snapshot,1774375655,2026-03-24T00:00:00Z,fast_crypto,BTC,true,true,https://data-api.polymarket.com/closed-positions?user=0x1f0ebc543b2d411f66947041625c0aa1ce61cf86&limit=50&offset=0&sortBy=TIMESTAMP&sortDirection=DESC,2026-06-24T20:00:17+00:00
0x1f0ebc543b2d411f66947041625c0aa1ce61cf86,https://polymarket.com/0x1f0ebc543b2d411f66947041625c0aa1ce61cf86,closed,closed_positions,"Ethereum Up or Down - March 24, 11AM ET",ethereum-up-or-down-march-24-2026-11am-et,ethereum-up-or-down-march-24-2026-11am-et,84690732649427640148605311571210452217558865417969766955065956906425795087385,0x1a420bf8f477ae6869c9400dd7b02eb6e1cf2c62bf58b5b872d7cd0fa51cac2f,Down,0.307058,0,-2367.420786,unavailable_from_public_profile_snapshot,7710.011746,unavailable_from_public_profile_snapshot,unavailable_from_public_profile_snapshot,unavailable_from_public_profile_snapshot,1774375655,2026-03-24T00:00:00Z,fast_crypto,ETH,true,false,https://data-api.polymarket.com/closed-positions?user=0x1f0ebc543b2d411f66947041625c0aa1ce61cf86&limit=50&offset=0&sortBy=TIMESTAMP&sortDirection=DESC,2026-06-24T20:00:17+00:00
0x1f0ebc543b2d411f66947041625c0aa1ce61cf86,https://polymarket.com/0x1f0ebc543b2d411f66947041625c0aa1ce61cf86,closed,closed_positions,"Solana Up or Down - March 24, 1:05PM-1:10PM ET",sol-updown-5m-1774371900,sol-updown-5m-1774371900,83929020775013053692559359185620860364729553449784316141653668761586691462466,0x53f0b5bf2d5e0750e57eba6ea66375db6849c4a10706d966f139fbf3e88f7bd6,Up,0.389871,0,-808.177279,unavailable_from_public_profile_snapshot,2072.935097,unavailable_from_public_profile_snapshot,unavailable_from_public_profile_snapshot,unavailable_from_public_profile_snapshot,1774375655,2026-03-24T00:00:00Z,fast_crypto,SOL,true,false,https://data-api.polymarket.com/closed-positions?user=0x1f0ebc543b2d411f66947041625c0aa1ce61cf86&limit=50&offset=0&sortBy=TIMESTAMP&sortDirection=DESC,2026-06-24T20:00:17+00:00
0x1f0ebc543b2d411f66947041625c0aa1ce61cf86,https://polymarket.com/0x1f0ebc543b2d411f66947041625c0aa1ce61cf86,closed,closed_positions,"Ethereum Up or Down - March 24, 1:35PM-1:40PM ET",eth-updown-5m-1774373700,eth-updown-5m-1774373700,83540431771422588048547945896328878930311740538231963821641182963585126326049,0xbfe0d5b6aca0f6ee68aaecaed2b6da4811ffb22641dbf2de71c0e0527fff2706,Up,0.913295,1,312.049883,unavailable_from_public_profile_snapshot,3598.983716,unavailable_from_public_profile_snapshot,unavailable_from_public_profile_snapshot,unavailable_from_public_profile_snapshot,1774375655,2026-03-24T00:00:00Z,fast_crypto,ETH,true,false,https://data-api.polymarket.com/closed-positions?user=0x1f0ebc543b2d411f66947041625c0aa1ce61cf86&limit=50&offset=0&sortBy=TIMESTAMP&sortDirection=DESC,2026-06-24T20:00:17+00:00
0x1f0ebc543b2d411f66947041625c0aa1ce61cf86,https://polymarket.com/0x1f0ebc543b2d411f66947041625c0aa1ce61cf86,closed,closed_positions,"Ethereum Up or Down - March 24, 1:25PM-1:30PM ET",eth-updown-5m-1774373100,eth-updown-5m-1774373100,83247410480124398179651759555804454447244513540056027910759102551802533886174,0x4cd5f5aa7958b8ae009148ffe6f84e8881f63005d961a6831cfe3001a601229a,Down,0.694065,1,418.088121,unavailable_from_public_profile_snapshot,1366.591339,unavailable_from_public_profile_snapshot,unavailable_from_public_profile_snapshot,unavailable_from_public_profile_snapshot,1774375655,2026-03-24T00:00:00Z,fast_crypto,ETH,true,false,https://data-api.polymarket.com/closed-positions?user=0x1f0ebc543b2d411f66947041625c0aa1ce61cf86&limit=50&offset=0&sortBy=TIMESTAMP&sortDirection=DESC,2026-06-24T20:00:17+00:00
0xd0d6053c3c37e727402d84c14069780d360993aa,https://polymarket.com/@k9Q2mX4L8A7ZP3R,active,positions,"Bitcoin Up or Down - December 18, 2:45PM-3:00PM ET",btc-updown-15m-1766087100,btc-updown-15m-1766087100,81920307254189069809630970823066240275251892571738921131995894607927575251126,0x72314ad0a33602b4332e820b24425b3f36c1879e274135656fb5bf08d5bfaabf,Down,0.9715,1,225.5615,4.6287,2999.4442,162.8938,158.265,162.8938,,2025-12-18,fast_crypto,BTC,true,false,https://data-api.polymarket.com/positions?user=0xd0d6053c3c37e727402d84c14069780d360993aa&limit=50,2026-06-24T20:00:17+00:00
0xd0d6053c3c37e727402d84c14069780d360993aa,https://polymarket.com/@k9Q2mX4L8A7ZP3R,active,positions,"Bitcoin Up or Down - December 18, 2:45PM-3:00PM ET",btc-updown-15m-1766087100,btc-updown-15m-1766087100,85492634533829462993550271720923265043369307136522062342967507867530785876291,0x72314ad0a33602b4332e820b24425b3f36c1879e274135656fb5bf08d5bfaabf,Up,0.1183,0,2.6433,-1.2555,2860.8891,10.6043,1.2555,0,,2025-12-18,fast_crypto,BTC,true,true,https://data-api.polymarket.com/positions?user=0xd0d6053c3c37e727402d84c14069780d360993aa&limit=50,2026-06-24T20:00:17+00:00
0xd0d6053c3c37e727402d84c14069780d360993aa,https://polymarket.com/@k9Q2mX4L8A7ZP3R,active,positions,"XRP Up or Down - March 21, 10:40PM-10:45PM ET",xrp-updown-5m-1774147200,xrp-updown-5m-1774147200,42424118233505873896078967271262214166753509593948314329163025121597409253526,0x5a459271ac78e0b2518be08cf0a7908129938279fa0d3c9ef7b84c207271c22b,Up,0.23,0,-0.23,-0.23,1,1,0.23,0,,2026-03-22,other,OTHER,false,false,https://data-api.polymarket.com/positions?user=0xd0d6053c3c37e727402d84c14069780d360993aa&limit=50,2026-06-24T20:00:17+00:00
0xd0d6053c3c37e727402d84c14069780d360993aa,https://polymarket.com/@k9Q2mX4L8A7ZP3R,closed,closed_positions,"XRP Up or Down - February 24, 2:00AM-2:05AM ET",xrp-updown-5m-1771916400,xrp-updown-5m-1771916400,106321015771996003843951031116798387360396092381038356576150508114564342386617,0x8fe2ec3961b5151878793f5ee9f3386462ab2cffa341f521ea4af3c943f4f1e1,Up,0.535035,0.0355,-103.72328,unavailable_from_public_profile_snapshot,195.905895,unavailable_from_public_profile_snapshot,unavailable_from_public_profile_snapshot,unavailable_from_public_profile_snapshot,1775479047,2026-02-24T00:00:00Z,other,OTHER,false,false,https://data-api.polymarket.com/closed-positions?user=0xd0d6053c3c37e727402d84c14069780d360993aa&limit=50&offset=0&sortBy=TIMESTAMP&sortDirection=DESC,2026-06-24T20:00:17+00:00
0xd0d6053c3c37e727402d84c14069780d360993aa,https://polymarket.com/@k9Q2mX4L8A7ZP3R,closed,closed_positions,"XRP Up or Down - February 24, 2:00AM-2:05AM ET",xrp-updown-5m-1771916400,xrp-updown-5m-1771916400,63871622315168997250449926595191905329567685141975937804940439076331565817724,0x8fe2ec3961b5151878793f5ee9f3386462ab2cffa341f521ea4af3c943f4f1e1,Down,0.61574,0.9645,80.88354,unavailable_from_public_profile_snapshot,217.179483,unavailable_from_public_profile_snapshot,unavailable_from_public_profile_snapshot,unavailable_from_public_profile_snapshot,1775478999,2026-02-24T00:00:00Z,other,OTHER,false,false,https://data-api.polymarket.com/closed-positions?user=0xd0d6053c3c37e727402d84c14069780d360993aa&limit=50&offset=0&sortBy=TIMESTAMP&sortDirection=DESC,2026-06-24T20:00:17+00:00
0xd0d6053c3c37e727402d84c14069780d360993aa,https://polymarket.com/@k9Q2mX4L8A7ZP3R,closed,closed_positions,"Solana Up or Down - March 2, 11:15PM-11:20PM ET",sol-updown-5m-1772511300,sol-updown-5m-1772511300,57854012505887494681497641091918447445421223020421465338167446015079308319889,0xe8610ab673e976a86c8f445c413369f39fedf72e863efaaa0754db4eafa9a2a8,Up,0.51,1,0.0735,unavailable_from_public_profile_snapshot,0.15,unavailable_from_public_profile_snapshot,unavailable_from_public_profile_snapshot,unavailable_from_public_profile_snapshot,1775478939,2026-03-03T00:00:00Z,fast_crypto,SOL,true,false,https://data-api.polymarket.com/closed-positions?user=0xd0d6053c3c37e727402d84c14069780d360993aa&limit=50&offset=0&sortBy=TIMESTAMP&sortDirection=DESC,2026-06-24T20:00:17+00:00
0xd0d6053c3c37e727402d84c14069780d360993aa,https://polymarket.com/@k9Q2mX4L8A7ZP3R,closed,closed_positions,"Solana Up or Down - February 20, 12:25AM-12:30AM ET",sol-updown-5m-1771565100,sol-updown-5m-1771565100,72288155409631339090108451313774156304306418909193101010883101603839268905291,0x0d60fe36394b42a9b3bd03fcc8b51806df64a4c0224371922bacff79f86a11cd,Up,0.63,1,0.0666,unavailable_from_public_profile_snapshot,0.18,unavailable_from_public_profile_snapshot,unavailable_from_public_profile_snapshot,unavailable_from_public_profile_snapshot,1775478937,2026-02-20T00:00:00Z,fast_crypto,SOL,true,false,https://data-api.polymarket.com/closed-positions?user=0xd0d6053c3c37e727402d84c14069780d360993aa&limit=50&offset=0&sortBy=TIMESTAMP&sortDirection=DESC,2026-06-24T20:00:17+00:00
0xd0d6053c3c37e727402d84c14069780d360993aa,https://polymarket.com/@k9Q2mX4L8A7ZP3R,closed,closed_positions,"XRP Up or Down - March 4, 9:55AM-10:00AM ET",xrp-updown-5m-1772636100,xrp-updown-5m-1772636100,66778018398990952685862976219999094272220903862423602589541478126430651492213,0xec5bebdd705db6cd5fbd4ffd3877366906149b13c5369bfc655a30792a0255b7,Down,0.51,1,0.098,unavailable_from_public_profile_snapshot,0.2,unavailable_from_public_profile_snapshot,unavailable_from_public_profile_snapshot,unavailable_from_public_profile_snapshot,1775478937,2026-03-04T00:00:00Z,other,OTHER,false,false,https://data-api.polymarket.com/closed-positions?user=0xd0d6053c3c37e727402d84c14069780d360993aa&limit=50&offset=0&sortBy=TIMESTAMP&sortDirection=DESC,2026-06-24T20:00:17+00:00
0xd0d6053c3c37e727402d84c14069780d360993aa,https://polymarket.com/@k9Q2mX4L8A7ZP3R,closed,closed_positions,"XRP Up or Down - March 1, 8:25PM-8:30PM ET",xrp-updown-5m-1772414700,xrp-updown-5m-1772414700,80887803680620604156092523847808171930155965148304727770276022091125734661545,0xef35b4f2d75dcef1e53b55c7151df5d3b23c04389a9bd7b0b3d41748691be589,Down,0.51,1,0.2303,unavailable_from_public_profile_snapshot,0.47,unavailable_from_public_profile_snapshot,unavailable_from_public_profile_snapshot,unavailable_from_public_profile_snapshot,1775478935,2026-03-02T00:00:00Z,other,OTHER,false,false,https://data-api.polymarket.com/closed-positions?user=0xd0d6053c3c37e727402d84c14069780d360993aa&limit=50&offset=0&sortBy=TIMESTAMP&sortDirection=DESC,2026-06-24T20:00:17+00:00
0xd0d6053c3c37e727402d84c14069780d360993aa,https://polymarket.com/@k9Q2mX4L8A7ZP3R,closed,closed_positions,"XRP Up or Down - March 2, 11:20AM-11:25AM ET",xrp-updown-5m-1772468400,xrp-updown-5m-1772468400,69727026092144876053764463218345392048621150694055698022019353576288809976058,0xeb21a45a6ef0915c83d44b78c912df86ce9d695ddb477a10c6a37d33acbffdad,Up,0.5,1,0.25,unavailable_from_public_profile_snapshot,0.5,unavailable_from_public_profile_snapshot,unavailable_from_public_profile_snapshot,unavailable_from_public_profile_snapshot,1775478935,2026-03-02T00:00:00Z,other,OTHER,false,false,https://data-api.polymarket.com/closed-positions?user=0xd0d6053c3c37e727402d84c14069780d360993aa&limit=50&offset=0&sortBy=TIMESTAMP&sortDirection=DESC,2026-06-24T20:00:17+00:00
0xd0d6053c3c37e727402d84c14069780d360993aa,https://polymarket.com/@k9Q2mX4L8A7ZP3R,closed,closed_positions,"XRP Up or Down - March 3, 12:00PM-12:05PM ET",xrp-updown-5m-1772557200,xrp-updown-5m-1772557200,16416669049060879458665883301317234080806213249385911093684336130365124057983,0xd36a960613a1457fc501f19accaf56e47657e218fbfd96dd0a5c8e3141eccc94,Down,0.640001,1,0.169999,unavailable_from_public_profile_snapshot,0.472221,unavailable_from_public_profile_snapshot,unavailable_from_public_profile_snapshot,unavailable_from_public_profile_snapshot,1775478935,2026-03-03T00:00:00Z,other,OTHER,false,false,https://data-api.polymarket.com/closed-positions?user=0xd0d6053c3c37e727402d84c14069780d360993aa&limit=50&offset=0&sortBy=TIMESTAMP&sortDirection=DESC,2026-06-24T20:00:17+00:00
0xd0d6053c3c37e727402d84c14069780d360993aa,https://polymarket.com/@k9Q2mX4L8A7ZP3R,closed,closed_positions,"Solana Up or Down - March 9, 11:15AM-11:30AM ET",sol-updown-15m-1773069300,sol-updown-15m-1773069300,99130191811921221539039721390149931028550565916055757570156687858534716282054,0xb4fb1edb749813503087632433485545ee955dd95d7cf9eb7829953d34c04294,Down,0.34,1,0.419998,unavailable_from_public_profile_snapshot,0.636361,unavailable_from_public_profile_snapshot,unavailable_from_public_profile_snapshot,unavailable_from_public_profile_snapshot,1775478933,2026-03-09T00:00:00Z,fast_crypto,SOL,true,false,https://data-api.polymarket.com/closed-positions?user=0xd0d6053c3c37e727402d84c14069780d360993aa&limit=50&offset=0&sortBy=TIMESTAMP&sortDirection=DESC,2026-06-24T20:00:17+00:00
0xd0d6053c3c37e727402d84c14069780d360993aa,https://polymarket.com/@k9Q2mX4L8A7ZP3R,closed,closed_positions,"XRP Up or Down - February 24, 10:10PM-10:15PM ET",xrp-updown-5m-1771989000,xrp-updown-5m-1771989000,63605062511009766552027987807931127615740243671882713692859548018586277611355,0x38adb579c8f87c7ebb7e84c596583f2df26d7216a7bd8553036b62365591b689,Down,0.54,1,0.4186,unavailable_from_public_profile_snapshot,0.91,unavailable_from_public_profile_snapshot,unavailable_from_public_profile_snapshot,unavailable_from_public_profile_snapshot,1775478865,2026-02-25T00:00:00Z,other,OTHER,false,false,https://data-api.polymarket.com/closed-positions?user=0xd0d6053c3c37e727402d84c14069780d360993aa&limit=50&offset=0&sortBy=TIMESTAMP&sortDirection=DESC,2026-06-24T20:00:17+00:00
0xd0d6053c3c37e727402d84c14069780d360993aa,https://polymarket.com/@k9Q2mX4L8A7ZP3R,closed,closed_positions,"Solana Up or Down - March 4, 11:20AM-11:25AM ET",sol-updown-5m-1772641200,sol-updown-5m-1772641200,56437352529747738238405377302741040472189456470060380542614625545094086618296,0xa775b378cd2bfd474da6a84dc9c5e6e82ab31281aa4625990e31cb55f9bfa199,Down,0.62,1,0.3344,unavailable_from_public_profile_snapshot,0.88,unavailable_from_public_profile_snapshot,unavailable_from_public_profile_snapshot,unavailable_from_public_profile_snapshot,1775478865,2026-03-04T00:00:00Z,fast_crypto,SOL,true,false,https://data-api.polymarket.com/closed-positions?user=0xd0d6053c3c37e727402d84c14069780d360993aa&limit=50&offset=0&sortBy=TIMESTAMP&sortDirection=DESC,2026-06-24T20:00:17+00:00
0xd0d6053c3c37e727402d84c14069780d360993aa,https://polymarket.com/@k9Q2mX4L8A7ZP3R,closed,closed_positions,"XRP Up or Down - March 15, 10:05AM-10:10AM ET",xrp-updown-5m-1773583500,xrp-updown-5m-1773583500,15186844988065951510034876906477544646845101034404214753849913336912703793642,0xc9ab6d7fbde63de8b0a8b17093ff6d2d3cf692d76a989c3b522511da0001b7ce,Down,0.59,1,0.3977,unavailable_from_public_profile_snapshot,0.97,unavailable_from_public_profile_snapshot,unavailable_from_public_profile_snapshot,unavailable_from_public_profile_snapshot,1775478865,2026-03-15T00:00:00Z,other,OTHER,false,false,https://data-api.polymarket.com/closed-positions?user=0xd0d6053c3c37e727402d84c14069780d360993aa&limit=50&offset=0&sortBy=TIMESTAMP&sortDirection=DESC,2026-06-24T20:00:17+00:00
0xd0d6053c3c37e727402d84c14069780d360993aa,https://polymarket.com/@k9Q2mX4L8A7ZP3R,closed,closed_positions,"XRP Up or Down - March 11, 10:35AM-10:40AM ET",xrp-updown-5m-1773239700,xrp-updown-5m-1773239700,111078627016205689463594603435525647638527179265812380224303115323692074176743,0xcee1f89096b3b5b4ac9e64c6d69aecbaa691d5e242806bf26310a9301c25b053,Up,0.57,1,0.425599,unavailable_from_public_profile_snapshot,0.989766,unavailable_from_public_profile_snapshot,unavailable_from_public_profile_snapshot,unavailable_from_public_profile_snapshot,1775478865,2026-03-11T00:00:00Z,other,OTHER,false,false,https://data-api.polymarket.com/closed-positions?user=0xd0d6053c3c37e727402d84c14069780d360993aa&limit=50&offset=0&sortBy=TIMESTAMP&sortDirection=DESC,2026-06-24T20:00:17+00:00
0xd0d6053c3c37e727402d84c14069780d360993aa,https://polymarket.com/@k9Q2mX4L8A7ZP3R,closed,closed_positions,"Ethereum Up or Down - March 24, 8AM ET",ethereum-up-or-down-march-24-2026-8am-et,ethereum-up-or-down-march-24-2026-8am-et,21107280283096520792594550406728998679300734141563201019748125495568014315368,0x4f8bd192b85240c77508ae2959bb39b2edb485b9df187e6ddf6ae7348024eef3,Up,0.464957,0,-318.850461,unavailable_from_public_profile_snapshot,685.763332,unavailable_from_public_profile_snapshot,unavailable_from_public_profile_snapshot,unavailable_from_public_profile_snapshot,1774362799,2026-03-24T00:00:00Z,fast_crypto,ETH,true,false,https://data-api.polymarket.com/closed-positions?user=0xd0d6053c3c37e727402d84c14069780d360993aa&limit=50&offset=0&sortBy=TIMESTAMP&sortDirection=DESC,2026-06-24T20:00:17+00:00
0xd0d6053c3c37e727402d84c14069780d360993aa,https://polymarket.com/@k9Q2mX4L8A7ZP3R,closed,closed_positions,"Ethereum Up or Down - March 24, 8AM ET",ethereum-up-or-down-march-24-2026-8am-et,ethereum-up-or-down-march-24-2026-8am-et,11975948477375645433253215872019943810947461227495411318827875409957850162320,0x4f8bd192b85240c77508ae2959bb39b2edb485b9df187e6ddf6ae7348024eef3,Down,0.556391,1,208.496039,unavailable_from_public_profile_snapshot,469.99957,unavailable_from_public_profile_snapshot,unavailable_from_public_profile_snapshot,unavailable_from_public_profile_snapshot,1774362799,2026-03-24T00:00:00Z,fast_crypto,ETH,true,false,https://data-api.polymarket.com/closed-positions?user=0xd0d6053c3c37e727402d84c14069780d360993aa&limit=50&offset=0&sortBy=TIMESTAMP&sortDirection=DESC,2026-06-24T20:00:17+00:00
0xd0d6053c3c37e727402d84c14069780d360993aa,https://polymarket.com/@k9Q2mX4L8A7ZP3R,closed,closed_positions,"Bitcoin Up or Down - March 24, 7AM ET",bitcoin-up-or-down-march-24-2026-7am-et,bitcoin-up-or-down-march-24-2026-7am-et,88963913950597889505892110198731383372390480749426481747896059772730273128614,0xa50072610231e2930a424b1ce902d7826e0116681b7c9f829ec0acb24be06374,Up,0.391321,0,-4093.970834,unavailable_from_public_profile_snapshot,10461.924697,unavailable_from_public_profile_snapshot,unavailable_from_public_profile_snapshot,unavailable_from_public_profile_snapshot,1774361899,2026-03-24T00:00:00Z,fast_crypto,BTC,true,false,https://data-api.polymarket.com/closed-positions?user=0xd0d6053c3c37e727402d84c14069780d360993aa&limit=50&offset=0&sortBy=TIMESTAMP&sortDirection=DESC,2026-06-24T20:00:17+00:00
0xd0d6053c3c37e727402d84c14069780d360993aa,https://polymarket.com/@k9Q2mX4L8A7ZP3R,closed,closed_positions,"Bitcoin Up or Down - March 24, 8AM ET",bitcoin-up-or-down-march-24-2026-8am-et,bitcoin-up-or-down-march-24-2026-8am-et,87462675490946556244444664310805493315849252845933585793206243167363476248626,0x1ffe6eb7a9160a4db01ff7595e7762cf5c035a47822e31da6b575395c33c5219,Down,0.62007,1,597.361744,unavailable_from_public_profile_snapshot,1572.294224,unavailable_from_public_profile_snapshot,unavailable_from_public_profile_snapshot,unavailable_from_public_profile_snapshot,1774361899,2026-03-24T00:00:00Z,fast_crypto,BTC,true,false,https://data-api.polymarket.com/closed-positions?user=0xd0d6053c3c37e727402d84c14069780d360993aa&limit=50&offset=0&sortBy=TIMESTAMP&sortDirection=DESC,2026-06-24T20:00:17+00:00
0xd0d6053c3c37e727402d84c14069780d360993aa,https://polymarket.com/@k9Q2mX4L8A7ZP3R,closed,closed_positions,"Bitcoin Up or Down - March 24, 7AM ET",bitcoin-up-or-down-march-24-2026-7am-et,bitcoin-up-or-down-march-24-2026-7am-et,80782695538529052795504688404660582385437216690720885088735596241860890031907,0xa50072610231e2930a424b1ce902d7826e0116681b7c9f829ec0acb24be06374,Down,0.54603,1,4152.387437,unavailable_from_public_profile_snapshot,9146.832252,unavailable_from_public_profile_snapshot,unavailable_from_public_profile_snapshot,unavailable_from_public_profile_snapshot,1774361899,2026-03-24T00:00:00Z,fast_crypto,BTC,true,false,https://data-api.polymarket.com/closed-positions?user=0xd0d6053c3c37e727402d84c14069780d360993aa&limit=50&offset=0&sortBy=TIMESTAMP&sortDirection=DESC,2026-06-24T20:00:17+00:00
0xd0d6053c3c37e727402d84c14069780d360993aa,https://polymarket.com/@k9Q2mX4L8A7ZP3R,closed,closed_positions,"Ethereum Up or Down - March 24, 7AM ET",ethereum-up-or-down-march-24-2026-7am-et,ethereum-up-or-down-march-24-2026-7am-et,52024366640113252143981754961647423432301670541040708920867102520605978437331,0xd8cc0f453ad702ae6308bb73156e4cb15044c99b68d1b6d6ab1cc24e777b38e6,Up,0.441492,1,990.179866,unavailable_from_public_profile_snapshot,1772.90185,unavailable_from_public_profile_snapshot,unavailable_from_public_profile_snapshot,unavailable_from_public_profile_snapshot,1774361899,2026-03-24T00:00:00Z,fast_crypto,ETH,true,false,https://data-api.polymarket.com/closed-positions?user=0xd0d6053c3c37e727402d84c14069780d360993aa&limit=50&offset=0&sortBy=TIMESTAMP&sortDirection=DESC,2026-06-24T20:00:17+00:00
0xd0d6053c3c37e727402d84c14069780d360993aa,https://polymarket.com/@k9Q2mX4L8A7ZP3R,closed,closed_positions,"Ethereum Up or Down - March 24, 7AM ET",ethereum-up-or-down-march-24-2026-7am-et,ethereum-up-or-down-march-24-2026-7am-et,113001084211600622380708988958779700145942034299762324605164975053895158773013,0xd8cc0f453ad702ae6308bb73156e4cb15044c99b68d1b6d6ab1cc24e777b38e6,Down,0.366269,0,-852.302882,unavailable_from_public_profile_snapshot,2326.986129,unavailable_from_public_profile_snapshot,unavailable_from_public_profile_snapshot,unavailable_from_public_profile_snapshot,1774361899,2026-03-24T00:00:00Z,fast_crypto,ETH,true,false,https://data-api.polymarket.com/closed-positions?user=0xd0d6053c3c37e727402d84c14069780d360993aa&limit=50&offset=0&sortBy=TIMESTAMP&sortDirection=DESC,2026-06-24T20:00:17+00:00
0xd0d6053c3c37e727402d84c14069780d360993aa,https://polymarket.com/@k9Q2mX4L8A7ZP3R,closed,closed_positions,"Bitcoin Up or Down - March 24, 8AM ET",bitcoin-up-or-down-march-24-2026-8am-et,bitcoin-up-or-down-march-24-2026-8am-et,106171518487354950961295162719317549533165780042017933081078468626111989784899,0x1ffe6eb7a9160a4db01ff7595e7762cf5c035a47822e31da6b575395c33c5219,Up,0.432319,0,-586.522864,unavailable_from_public_profile_snapshot,1356.69,unavailable_from_public_profile_snapshot,unavailable_from_public_profile_snapshot,unavailable_from_public_profile_snapshot,1774361899,2026-03-24T00:00:00Z,fast_crypto,BTC,true,false,https://data-api.polymarket.com/closed-positions?user=0xd0d6053c3c37e727402d84c14069780d360993aa&limit=50&offset=0&sortBy=TIMESTAMP&sortDirection=DESC,2026-06-24T20:00:17+00:00
0xd0d6053c3c37e727402d84c14069780d360993aa,https://polymarket.com/@k9Q2mX4L8A7ZP3R,closed,closed_positions,"Bitcoin Up or Down - March 24, 6AM ET",bitcoin-up-or-down-march-24-2026-6am-et,bitcoin-up-or-down-march-24-2026-6am-et,65521852177298374080218357017024085622720877465147066238691900289716351971232,0x8c3fd25e609d1527ddca189ea9e1d2eaa5e484fe6f741463afd85e7630933c9b,Up,0.203016,0,-1389.586997,unavailable_from_public_profile_snapshot,6844.716659,unavailable_from_public_profile_snapshot,unavailable_from_public_profile_snapshot,unavailable_from_public_profile_snapshot,1774356553,2026-03-24T00:00:00Z,fast_crypto,BTC,true,false,https://data-api.polymarket.com/closed-positions?user=0xd0d6053c3c37e727402d84c14069780d360993aa&limit=50&offset=0&sortBy=TIMESTAMP&sortDirection=DESC,2026-06-24T20:00:17+00:00
0xd0d6053c3c37e727402d84c14069780d360993aa,https://polymarket.com/@k9Q2mX4L8A7ZP3R,closed,closed_positions,"Ethereum Up or Down - March 24, 6AM ET",ethereum-up-or-down-march-24-2026-6am-et,ethereum-up-or-down-march-24-2026-6am-et,49859324723513372574604334460911387940095015314975188672968064936486275259246,0x829f5b8d9abaeed5aeed2efc46294109456a66db57f91a9eeadd34044a543ab1,Up,0.213529,0,-423.484235,unavailable_from_public_profile_snapshot,1983.263329,unavailable_from_public_profile_snapshot,unavailable_from_public_profile_snapshot,unavailable_from_public_profile_snapshot,1774356553,2026-03-24T00:00:00Z,fast_crypto,ETH,true,false,https://data-api.polymarket.com/closed-positions?user=0xd0d6053c3c37e727402d84c14069780d360993aa&limit=50&offset=0&sortBy=TIMESTAMP&sortDirection=DESC,2026-06-24T20:00:17+00:00
0xd0d6053c3c37e727402d84c14069780d360993aa,https://polymarket.com/@k9Q2mX4L8A7ZP3R,closed,closed_positions,"Ethereum Up or Down - March 24, 6AM ET",ethereum-up-or-down-march-24-2026-6am-et,ethereum-up-or-down-march-24-2026-6am-et,40175831392218969762556614930881028704299853719786252310056725394417111985964,0x829f5b8d9abaeed5aeed2efc46294109456a66db57f91a9eeadd34044a543ab1,Down,0.6315,1,359.433944,unavailable_from_public_profile_snapshot,975.397406,unavailable_from_public_profile_snapshot,unavailable_from_public_profile_snapshot,unavailable_from_public_profile_snapshot,1774356553,2026-03-24T00:00:00Z,fast_crypto,ETH,true,false,https://data-api.polymarket.com/closed-positions?user=0xd0d6053c3c37e727402d84c14069780d360993aa&limit=50&offset=0&sortBy=TIMESTAMP&sortDirection=DESC,2026-06-24T20:00:17+00:00
0xd0d6053c3c37e727402d84c14069780d360993aa,https://polymarket.com/@k9Q2mX4L8A7ZP3R,closed,closed_positions,"Bitcoin Up or Down - March 24, 6AM ET",bitcoin-up-or-down-march-24-2026-6am-et,bitcoin-up-or-down-march-24-2026-6am-et,112036245933324166066548890781703050352066492085828922589374292780742342507469,0x8c3fd25e609d1527ddca189ea9e1d2eaa5e484fe6f741463afd85e7630933c9b,Down,0.725783,1,1427.593596,unavailable_from_public_profile_snapshot,5206.07255,unavailable_from_public_profile_snapshot,unavailable_from_public_profile_snapshot,unavailable_from_public_profile_snapshot,1774356553,2026-03-24T00:00:00Z,fast_crypto,BTC,true,false,https://data-api.polymarket.com/closed-positions?user=0xd0d6053c3c37e727402d84c14069780d360993aa&limit=50&offset=0&sortBy=TIMESTAMP&sortDirection=DESC,2026-06-24T20:00:17+00:00
0xd0d6053c3c37e727402d84c14069780d360993aa,https://polymarket.com/@k9Q2mX4L8A7ZP3R,closed,closed_positions,"Bitcoin Up or Down - March 24, 8:05AM-8:10AM ET",btc-updown-5m-1774353900,btc-updown-5m-1774353900,8244077164856926411261303233955005884093998385465040993262466644766374364805,0x1f92e3544ed41cd369a5f42fb581fe411022a196b97590709b3e52b8f849ad0a,Down,0.362899,0,-238.726846,unavailable_from_public_profile_snapshot,1135.983977,unavailable_from_public_profile_snapshot,unavailable_from_public_profile_snapshot,unavailable_from_public_profile_snapshot,1774354741,2026-03-24T00:00:00Z,fast_crypto,BTC,true,false,https://data-api.polymarket.com/closed-positions?user=0xd0d6053c3c37e727402d84c14069780d360993aa&limit=50&offset=0&sortBy=TIMESTAMP&sortDirection=DESC,2026-06-24T20:00:17+00:00
0xd0d6053c3c37e727402d84c14069780d360993aa,https://polymarket.com/@k9Q2mX4L8A7ZP3R,closed,closed_positions,"Bitcoin Up or Down - March 24, 8:00AM-8:15AM ET",btc-updown-15m-1774353600,btc-updown-15m-1774353600,76829429153942219807978602083390198391897986706153416743972383502549288436433,0xe097a1795f1e604a6978f204fdedc2a74bed913dfc1a0e821bb3e1b9dc400b0c,Up,0.200511,0,-270.204953,unavailable_from_public_profile_snapshot,1365.884432,unavailable_from_public_profile_snapshot,unavailable_from_public_profile_snapshot,unavailable_from_public_profile_snapshot,1774354741,2026-03-24T00:00:00Z,fast_crypto,BTC,true,false,https://data-api.polymarket.com/closed-positions?user=0xd0d6053c3c37e727402d84c14069780d360993aa&limit=50&offset=0&sortBy=TIMESTAMP&sortDirection=DESC,2026-06-24T20:00:17+00:00
0xd0d6053c3c37e727402d84c14069780d360993aa,https://polymarket.com/@k9Q2mX4L8A7ZP3R,closed,closed_positions,"Ethereum Up or Down - March 24, 8:00AM-8:15AM ET",eth-updown-15m-1774353600,eth-updown-15m-1774353600,75139063122232866067258124112832904034767367947069781217957581785696187480282,0xf52eaf6a03a696f23bbd67e9ec475c5951b7d22d698250aa0fc2fd110e5eb95e,Down,0.543344,0,-516.563418,unavailable_from_public_profile_snapshot,950.711553,unavailable_from_public_profile_snapshot,unavailable_from_public_profile_snapshot,unavailable_from_public_profile_snapshot,1774354741,2026-03-24T00:00:00Z,fast_crypto,ETH,true,false,https://data-api.polymarket.com/closed-positions?user=0xd0d6053c3c37e727402d84c14069780d360993aa&limit=50&offset=0&sortBy=TIMESTAMP&sortDirection=DESC,2026-06-24T20:00:17+00:00
0xd0d6053c3c37e727402d84c14069780d360993aa,https://polymarket.com/@k9Q2mX4L8A7ZP3R,closed,closed_positions,"Bitcoin Up or Down - March 24, 8:00AM-8:05AM ET",btc-updown-5m-1774353600,btc-updown-5m-1774353600,63844832604661782864141394945693720876019830493690584923324651798616664710129,0x8d08d9fe93b110b5d94802aff76d707e356c70ac7284dfaf108d42499e2d6340,Up,0.482498,0,-111.599504,unavailable_from_public_profile_snapshot,248,unavailable_from_public_profile_snapshot,unavailable_from_public_profile_snapshot,unavailable_from_public_profile_snapshot,1774354741,2026-03-24T00:00:00Z,fast_crypto,BTC,true,false,https://data-api.polymarket.com/closed-positions?user=0xd0d6053c3c37e727402d84c14069780d360993aa&limit=50&offset=0&sortBy=TIMESTAMP&sortDirection=DESC,2026-06-24T20:00:17+00:00
0xd0d6053c3c37e727402d84c14069780d360993aa,https://polymarket.com/@k9Q2mX4L8A7ZP3R,closed,closed_positions,"Bitcoin Up or Down - March 24, 8:00AM-8:15AM ET",btc-updown-15m-1774353600,btc-updown-15m-1774353600,62894662456220851726452672615597874290509594423510958773383898728861545814193,0xe097a1795f1e604a6978f204fdedc2a74bed913dfc1a0e821bb3e1b9dc400b0c,Down,0.729876,1,214.161352,unavailable_from_public_profile_snapshot,792.826082,unavailable_from_public_profile_snapshot,unavailable_from_public_profile_snapshot,unavailable_from_public_profile_snapshot,1774354741,2026-03-24T00:00:00Z,fast_crypto,BTC,true,false,https://data-api.polymarket.com/closed-positions?user=0xd0d6053c3c37e727402d84c14069780d360993aa&limit=50&offset=0&sortBy=TIMESTAMP&sortDirection=DESC,2026-06-24T20:00:17+00:00
0xd0d6053c3c37e727402d84c14069780d360993aa,https://polymarket.com/@k9Q2mX4L8A7ZP3R,closed,closed_positions,"Bitcoin Up or Down - March 24, 8:00AM-8:05AM ET",btc-updown-5m-1774353600,btc-updown-5m-1774353600,61714498350719767773634961594610283037331289363497182108991246203829643926856,0x8d08d9fe93b110b5d94802aff76d707e356c70ac7284dfaf108d42499e2d6340,Down,0.630494,1,92.199137,unavailable_from_public_profile_snapshot,249.52,unavailable_from_public_profile_snapshot,unavailable_from_public_profile_snapshot,unavailable_from_public_profile_snapshot,1774354741,2026-03-24T00:00:00Z,fast_crypto,BTC,true,false,https://data-api.polymarket.com/closed-positions?user=0xd0d6053c3c37e727402d84c14069780d360993aa&limit=50&offset=0&sortBy=TIMESTAMP&sortDirection=DESC,2026-06-24T20:00:17+00:00
0xd0d6053c3c37e727402d84c14069780d360993aa,https://polymarket.com/@k9Q2mX4L8A7ZP3R,closed,closed_positions,"Bitcoin Up or Down - March 24, 8:10AM-8:15AM ET",btc-updown-5m-1774354200,btc-updown-5m-1774354200,57757711353948206496308974720653041281531664620819592620274509612885753631860,0xa2fda9f86408298bdc36dd3d1bef7957f6cb4ef114fa5e6871f944eb169da774,Up,0.552439,1,18.347315,unavailable_from_public_profile_snapshot,40.994,unavailable_from_public_profile_snapshot,unavailable_from_public_profile_snapshot,unavailable_from_public_profile_snapshot,1774354741,2026-03-24T00:00:00Z,fast_crypto,BTC,true,false,https://data-api.polymarket.com/closed-positions?user=0xd0d6053c3c37e727402d84c14069780d360993aa&limit=50&offset=0&sortBy=TIMESTAMP&sortDirection=DESC,2026-06-24T20:00:17+00:00
0xd0d6053c3c37e727402d84c14069780d360993aa,https://polymarket.com/@k9Q2mX4L8A7ZP3R,closed,closed_positions,"Bitcoin Up or Down - March 24, 8:10AM-8:15AM ET",btc-updown-5m-1774354200,btc-updown-5m-1774354200,3001122599774871719771217659422417276145740147746151603625973587736643850787,0xa2fda9f86408298bdc36dd3d1bef7957f6cb4ef114fa5e6871f944eb169da774,Down,0.478985,0,-128.292498,unavailable_from_public_profile_snapshot,267.842414,unavailable_from_public_profile_snapshot,unavailable_from_public_profile_snapshot,unavailable_from_public_profile_snapshot,1774354741,2026-03-24T00:00:00Z,fast_crypto,BTC,true,false,https://data-api.polymarket.com/closed-positions?user=0xd0d6053c3c37e727402d84c14069780d360993aa&limit=50&offset=0&sortBy=TIMESTAMP&sortDirection=DESC,2026-06-24T20:00:17+00:00
0xd0d6053c3c37e727402d84c14069780d360993aa,https://polymarket.com/@k9Q2mX4L8A7ZP3R,closed,closed_positions,"Bitcoin Up or Down - March 24, 8:05AM-8:10AM ET",btc-updown-5m-1774353900,btc-updown-5m-1774353900,18125977540959621330469258877926842156733473654330308716310760170896087567874,0x1f92e3544ed41cd369a5f42fb581fe411022a196b97590709b3e52b8f849ad0a,Up,0.497042,1,494.556504,unavailable_from_public_profile_snapshot,1494.113684,unavailable_from_public_profile_snapshot,unavailable_from_public_profile_snapshot,unavailable_from_public_profile_snapshot,1774354741,2026-03-24T00:00:00Z,fast_crypto,BTC,true,false,https://data-api.polymarket.com/closed-positions?user=0xd0d6053c3c37e727402d84c14069780d360993aa&limit=50&offset=0&sortBy=TIMESTAMP&sortDirection=DESC,2026-06-24T20:00:17+00:00
0xd0d6053c3c37e727402d84c14069780d360993aa,https://polymarket.com/@k9Q2mX4L8A7ZP3R,closed,closed_positions,"Ethereum Up or Down - March 24, 8:00AM-8:15AM ET",eth-updown-15m-1774353600,eth-updown-15m-1774353600,16820025249999639209657705542686085972345460376714202302628130376987697590719,0xf52eaf6a03a696f23bbd67e9ec475c5951b7d22d698250aa0fc2fd110e5eb95e,Up,0.367657,1,822.102096,unavailable_from_public_profile_snapshot,1463.86901,unavailable_from_public_profile_snapshot,unavailable_from_public_profile_snapshot,unavailable_from_public_profile_snapshot,1774354741,2026-03-24T00:00:00Z,fast_crypto,ETH,true,false,https://data-api.polymarket.com/closed-positions?user=0xd0d6053c3c37e727402d84c14069780d360993aa&limit=50&offset=0&sortBy=TIMESTAMP&sortDirection=DESC,2026-06-24T20:00:17+00:00
0xd0d6053c3c37e727402d84c14069780d360993aa,https://polymarket.com/@k9Q2mX4L8A7ZP3R,closed,closed_positions,"XRP Up or Down - March 24, 7:45AM-7:50AM ET",xrp-updown-5m-1774352700,xrp-updown-5m-1774352700,95930431543425399987932174481183679672638015532981317273776420151357328551430,0x3989c45fbd7c407d6ed0fab95d205ace001063b2681e67f0f0804639156a393f,Down,0.330187,0,-42.415159,unavailable_from_public_profile_snapshot,128.457994,unavailable_from_public_profile_snapshot,unavailable_from_public_profile_snapshot,unavailable_from_public_profile_snapshot,1774353871,2026-03-24T00:00:00Z,other,OTHER,false,false,https://data-api.polymarket.com/closed-positions?user=0xd0d6053c3c37e727402d84c14069780d360993aa&limit=50&offset=0&sortBy=TIMESTAMP&sortDirection=DESC,2026-06-24T20:00:17+00:00
0xd0d6053c3c37e727402d84c14069780d360993aa,https://polymarket.com/@k9Q2mX4L8A7ZP3R,closed,closed_positions,"Solana Up or Down - March 24, 7:45AM-8:00AM ET",sol-updown-15m-1774352700,sol-updown-15m-1774352700,67754573072012712880898698772556931044984687667543757483118366553000815335230,0x7c5a85498c8921bb9f1049489783cca650b329567a2285035d15eabb9a5e3fd0,Up,0.446516,0,-32.73595,unavailable_from_public_profile_snapshot,73.314172,unavailable_from_public_profile_snapshot,unavailable_from_public_profile_snapshot,unavailable_from_public_profile_snapshot,1774353871,2026-03-24T00:00:00Z,fast_crypto,SOL,true,false,https://data-api.polymarket.com/closed-positions?user=0xd0d6053c3c37e727402d84c14069780d360993aa&limit=50&offset=0&sortBy=TIMESTAMP&sortDirection=DESC,2026-06-24T20:00:17+00:00
0xd0d6053c3c37e727402d84c14069780d360993aa,https://polymarket.com/@k9Q2mX4L8A7ZP3R,closed,closed_positions,"Solana Up or Down - March 24, 7:50AM-7:55AM ET",sol-updown-5m-1774353000,sol-updown-5m-1774353000,66491719874509682668712451131005738222375237027418435740054013750475449275089,0x09e743dd75fdfbe475ab288c05a66552b02bff7a1b4e63336596469fdfa17a17,Down,0.477516,1,169.657086,unavailable_from_public_profile_snapshot,324.712501,unavailable_from_public_profile_snapshot,unavailable_from_public_profile_snapshot,unavailable_from_public_profile_snapshot,1774353871,2026-03-24T00:00:00Z,fast_crypto,SOL,true,false,https://data-api.polymarket.com/closed-positions?user=0xd0d6053c3c37e727402d84c14069780d360993aa&limit=50&offset=0&sortBy=TIMESTAMP&sortDirection=DESC,2026-06-24T20:00:17+00:00
0xd0d6053c3c37e727402d84c14069780d360993aa,https://polymarket.com/@k9Q2mX4L8A7ZP3R,closed,closed_positions,"XRP Up or Down - March 24, 7:45AM-7:50AM ET",xrp-updown-5m-1774352700,xrp-updown-5m-1774352700,34652652351302267378370238850380706534324082030346062672124846719652708373147,0x3989c45fbd7c407d6ed0fab95d205ace001063b2681e67f0f0804639156a393f,Up,0.539879,1,22.205439,unavailable_from_public_profile_snapshot,48.26,unavailable_from_public_profile_snapshot,unavailable_from_public_profile_snapshot,unavailable_from_public_profile_snapshot,1774353871,2026-03-24T00:00:00Z,other,OTHER,false,false,https://data-api.polymarket.com/closed-positions?user=0xd0d6053c3c37e727402d84c14069780d360993aa&limit=50&offset=0&sortBy=TIMESTAMP&sortDirection=DESC,2026-06-24T20:00:17+00:00
0xd0d6053c3c37e727402d84c14069780d360993aa,https://polymarket.com/@k9Q2mX4L8A7ZP3R,closed,closed_positions,"Solana Up or Down - March 24, 7:45AM-7:50AM ET",sol-updown-5m-1774352700,sol-updown-5m-1774352700,20110313621621099623360939617231797369176327544601308786281677601886161601061,0xd367d2f4aea7da4b7546fd627e11159aded34ea5a1af436752cdb94ed377120f,Down,0.470944,1,122.720244,unavailable_from_public_profile_snapshot,231.960783,unavailable_from_public_profile_snapshot,unavailable_from_public_profile_snapshot,unavailable_from_public_profile_snapshot,1774353871,2026-03-24T00:00:00Z,fast_crypto,SOL,true,false,https://data-api.polymarket.com/closed-positions?user=0xd0d6053c3c37e727402d84c14069780d360993aa&limit=50&offset=0&sortBy=TIMESTAMP&sortDirection=DESC,2026-06-24T20:00:17+00:00
0xd0d6053c3c37e727402d84c14069780d360993aa,https://polymarket.com/@k9Q2mX4L8A7ZP3R,closed,closed_positions,"Solana Up or Down - March 24, 7:45AM-8:00AM ET",sol-updown-15m-1774352700,sol-updown-15m-1774352700,113423878560578607840116236721811807921372450751737098934480412257869422375564,0x7c5a85498c8921bb9f1049489783cca650b329567a2285035d15eabb9a5e3fd0,Down,0.56,1,34.908397,unavailable_from_public_profile_snapshot,79.337268,unavailable_from_public_profile_snapshot,unavailable_from_public_profile_snapshot,unavailable_from_public_profile_snapshot,1774353871,2026-03-24T00:00:00Z,fast_crypto,SOL,true,false,https://data-api.polymarket.com/closed-positions?user=0xd0d6053c3c37e727402d84c14069780d360993aa&limit=50&offset=0&sortBy=TIMESTAMP&sortDirection=DESC,2026-06-24T20:00:17+00:00
0xd0d6053c3c37e727402d84c14069780d360993aa,https://polymarket.com/@k9Q2mX4L8A7ZP3R,closed,closed_positions,"Solana Up or Down - March 24, 7:45AM-7:50AM ET",sol-updown-5m-1774352700,sol-updown-5m-1774352700,101915210553557154637064399732976617742025927884775988980141431735035692768775,0xd367d2f4aea7da4b7546fd627e11159aded34ea5a1af436752cdb94ed377120f,Up,0.574633,0,-191.309692,unavailable_from_public_profile_snapshot,332.925002,unavailable_from_public_profile_snapshot,unavailable_from_public_profile_snapshot,unavailable_from_public_profile_snapshot,1774353871,2026-03-24T00:00:00Z,fast_crypto,SOL,true,false,https://data-api.polymarket.com/closed-positions?user=0xd0d6053c3c37e727402d84c14069780d360993aa&limit=50&offset=0&sortBy=TIMESTAMP&sortDirection=DESC,2026-06-24T20:00:17+00:00
0xd0d6053c3c37e727402d84c14069780d360993aa,https://polymarket.com/@k9Q2mX4L8A7ZP3R,closed,closed_positions,"XRP Up or Down - March 24, 7:45AM-8:00AM ET",xrp-updown-15m-1774352700,xrp-updown-15m-1774352700,94155771719219139953279466363315776920910128235305881296616799404164785607006,0xb3e9a47ec8178a98f681cea2c521ab8e6f4c8ea9b3481dc10918788ddb6f93e5,Down,0.297552,0,-135.39045,unavailable_from_public_profile_snapshot,455.014421,unavailable_from_public_profile_snapshot,unavailable_from_public_profile_snapshot,unavailable_from_public_profile_snapshot,1774353865,2026-03-24T00:00:00Z,other,OTHER,false,false,https://data-api.polymarket.com/closed-positions?user=0xd0d6053c3c37e727402d84c14069780d360993aa&limit=50&offset=0&sortBy=TIMESTAMP&sortDirection=DESC,2026-06-24T20:00:17+00:00
0xd0d6053c3c37e727402d84c14069780d360993aa,https://polymarket.com/@k9Q2mX4L8A7ZP3R,closed,closed_positions,"XRP Up or Down - March 24, 7:50AM-7:55AM ET",xrp-updown-5m-1774353000,xrp-updown-5m-1774353000,86971697533879669694915742078312228276801346657771916407651595860702940019751,0xfab265727436e3556b547ff27e7b3ce9af3b79856c7fea210d88bb20d73fc127,Down,0.523444,1,180.495234,unavailable_from_public_profile_snapshot,378.749264,unavailable_from_public_profile_snapshot,unavailable_from_public_profile_snapshot,unavailable_from_public_profile_snapshot,1774353865,2026-03-24T00:00:00Z,other,OTHER,false,false,https://data-api.polymarket.com/closed-positions?user=0xd0d6053c3c37e727402d84c14069780d360993aa&limit=50&offset=0&sortBy=TIMESTAMP&sortDirection=DESC,2026-06-24T20:00:17+00:00
0xd0d6053c3c37e727402d84c14069780d360993aa,https://polymarket.com/@k9Q2mX4L8A7ZP3R,closed,closed_positions,"XRP Up or Down - March 24, 7:45AM-8:00AM ET",xrp-updown-15m-1774352700,xrp-updown-15m-1774352700,80840043828415585471742708563805796527011070528274189520799138013354623974835,0xb3e9a47ec8178a98f681cea2c521ab8e6f4c8ea9b3481dc10918788ddb6f93e5,Up,0.516419,1,27.88328,unavailable_from_public_profile_snapshot,57.66,unavailable_from_public_profile_snapshot,unavailable_from_public_profile_snapshot,unavailable_from_public_profile_snapshot,1774353865,2026-03-24T00:00:00Z,other,OTHER,false,false,https://data-api.polymarket.com/closed-positions?user=0xd0d6053c3c37e727402d84c14069780d360993aa&limit=50&offset=0&sortBy=TIMESTAMP&sortDirection=DESC,2026-06-24T20:00:17+00:00
0xd0d6053c3c37e727402d84c14069780d360993aa,https://polymarket.com/@k9Q2mX4L8A7ZP3R,closed,closed_positions,"Bitcoin Up or Down - March 24, 7:45AM-7:50AM ET",btc-updown-5m-1774352700,btc-updown-5m-1774352700,674384150860576709026790629636276698758556916724227332970072161932386359437,0x36165bfc469bfe521dd6edc1e2f2fb008a78cd2ab672ae1221645bef10375609,Up,0.655839,1,217.114618,unavailable_from_public_profile_snapshot,630.851892,unavailable_from_public_profile_snapshot,unavailable_from_public_profile_snapshot,unavailable_from_public_profile_snapshot,1774353865,2026-03-24T00:00:00Z,fast_crypto,BTC,true,false,https://data-api.polymarket.com/closed-positions?user=0xd0d6053c3c37e727402d84c14069780d360993aa&limit=50&offset=0&sortBy=TIMESTAMP&sortDirection=DESC,2026-06-24T20:00:17+00:00
0xd0d6053c3c37e727402d84c14069780d360993aa,https://polymarket.com/@k9Q2mX4L8A7ZP3R,closed,closed_positions,"Bitcoin Up or Down - March 24, 7:55AM-8:00AM ET",btc-updown-5m-1774353300,btc-updown-5m-1774353300,49305227855558776716240706262225949654994545340007720470381021112450777127619,0xe7f83f4fd9e2c1b8c5752d514e5c5761d953417037de06e6856ef066adcdf3e4,Up,0.678151,1,202.31736,unavailable_from_public_profile_snapshot,628.609568,unavailable_from_public_profile_snapshot,unavailable_from_public_profile_snapshot,unavailable_from_public_profile_snapshot,1774353865,2026-03-24T00:00:00Z,fast_crypto,BTC,true,false,https://data-api.polymarket.com/closed-positions?user=0xd0d6053c3c37e727402d84c14069780d360993aa&limit=50&offset=0&sortBy=TIMESTAMP&sortDirection=DESC,2026-06-24T20:00:17+00:00
0xd0d6053c3c37e727402d84c14069780d360993aa,https://polymarket.com/@k9Q2mX4L8A7ZP3R,closed,closed_positions,"Bitcoin Up or Down - March 24, 7:45AM-7:50AM ET",btc-updown-5m-1774352700,btc-updown-5m-1774352700,49007069724605819471264355770029764537302719227294533267000614460450685238964,0x36165bfc469bfe521dd6edc1e2f2fb008a78cd2ab672ae1221645bef10375609,Down,0.204463,0,-212.150369,unavailable_from_public_profile_snapshot,1278.913262,unavailable_from_public_profile_snapshot,unavailable_from_public_profile_snapshot,unavailable_from_public_profile_snapshot,1774353865,2026-03-24T00:00:00Z,fast_crypto,BTC,true,false,https://data-api.polymarket.com/closed-positions?user=0xd0d6053c3c37e727402d84c14069780d360993aa&limit=50&offset=0&sortBy=TIMESTAMP&sortDirection=DESC,2026-06-24T20:00:17+00:00
0xd0d6053c3c37e727402d84c14069780d360993aa,https://polymarket.com/@k9Q2mX4L8A7ZP3R,closed,closed_positions,"Bitcoin Up or Down - March 24, 7:50AM-7:55AM ET",btc-updown-5m-1774353000,btc-updown-5m-1774353000,47931763696812685041569273335751042888359795927984064552205837817510678414066,0xc5fde1df4a4e0a7428da29eff218cb7a95fd34469bec1a522c4aa5f3cb6c6566,Down,0.699553,1,125.083061,unavailable_from_public_profile_snapshot,416.323216,unavailable_from_public_profile_snapshot,unavailable_from_public_profile_snapshot,unavailable_from_public_profile_snapshot,1774353865,2026-03-24T00:00:00Z,fast_crypto,BTC,true,false,https://data-api.polymarket.com/closed-positions?user=0xd0d6053c3c37e727402d84c14069780d360993aa&limit=50&offset=0&sortBy=TIMESTAMP&sortDirection=DESC,2026-06-24T20:00:17+00:00
0xd0d6053c3c37e727402d84c14069780d360993aa,https://polymarket.com/@k9Q2mX4L8A7ZP3R,closed,closed_positions,"Bitcoin Up or Down - March 24, 7:55AM-8:00AM ET",btc-updown-5m-1774353300,btc-updown-5m-1774353300,33772256513953729867305428364575471811054395663634834290762938224302400571258,0xe7f83f4fd9e2c1b8c5752d514e5c5761d953417037de06e6856ef066adcdf3e4,Down,0.284183,0,-145.43729,unavailable_from_public_profile_snapshot,626.889313,unavailable_from_public_profile_snapshot,unavailable_from_public_profile_snapshot,unavailable_from_public_profile_snapshot,1774353865,2026-03-24T00:00:00Z,fast_crypto,BTC,true,false,https://data-api.polymarket.com/closed-positions?user=0xd0d6053c3c37e727402d84c14069780d360993aa&limit=50&offset=0&sortBy=TIMESTAMP&sortDirection=DESC,2026-06-24T20:00:17+00:00
0x594edB9112f526Fa6A80b8F858A6379C8A2c1C11,https://polymarket.com/@0x594edB9112f526Fa6A80b8F858A6379C8A2c1C11,active,positions,Will Germany win on 2026-06-25?,fifwc-ecu-ger-2026-06-25-ger,fifwc-ecu-ger-2026-06-25,12895713634933367223676558147527749758143822673340639855731583908529004951892,0xe690620297dfea974d20df84b4cf90460e46a26ec864353482717b90509a3c0b,No,0.5,0.465,0,-916.2675,26179.07,26179.07,13089.535,12173.2675,,2026-06-25,other,OTHER,false,false,https://data-api.polymarket.com/positions?user=0x594edB9112f526Fa6A80b8F858A6379C8A2c1C11&limit=50,2026-06-24T20:00:17+00:00
0x594edB9112f526Fa6A80b8F858A6379C8A2c1C11,https://polymarket.com/@0x594edB9112f526Fa6A80b8F858A6379C8A2c1C11,active,positions,Will Ecuador win on 2026-06-25?,fifwc-ecu-ger-2026-06-25-ecu,fifwc-ecu-ger-2026-06-25,14621976022388339155866443939403907158807725281606484508612016632018100973573,0x44e25f753ae47dbdf2705d35e0a45db24d3a1b2996b82a1350ade2c7e92c4f93,Yes,0.2759,0.245,1.1203,-521.0313,16847.78,16842.78,4647.5124,4126.4811,,2026-06-25,other,OTHER,false,false,https://data-api.polymarket.com/positions?user=0x594edB9112f526Fa6A80b8F858A6379C8A2c1C11&limit=50,2026-06-24T20:00:17+00:00
0x594edB9112f526Fa6A80b8F858A6379C8A2c1C11,https://polymarket.com/@0x594edB9112f526Fa6A80b8F858A6379C8A2c1C11,active,positions,Will Finland be in the top 5 at Eurovision 2026?,will-finland-be-in-the-top-5-at-eurovision-2026,eurovision-2026-top-5,75677063155027651648936519694706826489347055511864233022823309176795939150576,0x9c55cf660ee4a0236fa940e7e78fbd241d6076f1bd97d8e9a4e7222bc8e86fe2,Yes,0.8879,0,-5632.0023,-12001.4637,28034.57,13515.6032,12001.4637,0,,2026-05-16,other,OTHER,false,false,https://data-api.polymarket.com/positions?user=0x594edB9112f526Fa6A80b8F858A6379C8A2c1C11&limit=50,2026-06-24T20:00:17+00:00
0x594edB9112f526Fa6A80b8F858A6379C8A2c1C11,https://polymarket.com/@0x594edB9112f526Fa6A80b8F858A6379C8A2c1C11,active,positions,Will the highest temperature in Cape Town be 16°C on April 20?,highest-temperature-in-cape-town-on-april-20-2026-16c,highest-temperature-in-cape-town-on-april-20-2026,94970610546552027350783341645804773401964930164062365815403754225298169889885,0x1735d39497d7e3f7e125eedee780fa8df177bcf54f7c7b0129d003d7411327f9,Yes,0.0114,0,42.7969,-149.7288,13829.9,13082.4709,149.7288,0,,2026-04-20,weather,OTHER,false,true,https://data-api.polymarket.com/positions?user=0x594edB9112f526Fa6A80b8F858A6379C8A2c1C11&limit=50,2026-06-24T20:00:17+00:00
0x594edB9112f526Fa6A80b8F858A6379C8A2c1C11,https://polymarket.com/@0x594edB9112f526Fa6A80b8F858A6379C8A2c1C11,active,positions,Will the lowest temperature in New York City be between 40-41°F on May 1?,lowest-temperature-in-nyc-on-may-1-2026-40-41f,lowest-temperature-in-nyc-on-may-1-2026,51525505646971202565944933942360203077509410610715172204560077876911395832897,0xc9714d2a0cc55cde8fabc66cf9812d48781f6ad2a79d850c0096f2abbabb64b7,Yes,0.008,0,2844.2633,-63.7688,13702.2397,7920.6174,63.7688,0,,2026-05-01,weather,OTHER,false,true,https://data-api.polymarket.com/positions?user=0x594edB9112f526Fa6A80b8F858A6379C8A2c1C11&limit=50,2026-06-24T20:00:17+00:00
0x594edB9112f526Fa6A80b8F858A6379C8A2c1C11,https://polymarket.com/@0x594edB9112f526Fa6A80b8F858A6379C8A2c1C11,active,positions,Will Finland be the Jury Winner in the Eurovision 2026 Grand Final?,will-finland-be-the-jury-winner-in-the-eurovision-2026-grand-final,eurovision-2026-jury-winner,77644945593968738846116689924274014713929457290863317352363704504546587151562,0x81ea1a7f83a58f5257dde4697bb38c84911bb636bcc9e5b23a9c11cb4ebb06d4,Yes,0.2138,0,0,-1691.2716,7907.24,7907.24,1691.2716,0,,2026-05-16,other,OTHER,false,false,https://data-api.polymarket.com/positions?user=0x594edB9112f526Fa6A80b8F858A6379C8A2c1C11&limit=50,2026-06-24T20:00:17+00:00
0x594edB9112f526Fa6A80b8F858A6379C8A2c1C11,https://polymarket.com/@0x594edB9112f526Fa6A80b8F858A6379C8A2c1C11,active,positions,Will the highest temperature in Ankara be 10°C or higher on March 1?,highest-temperature-in-ankara-on-march-1-2026-10corhigher,highest-temperature-in-ankara-on-march-1-2026,87648397681891690531115173010356635453596913990323957892076266644045481572818,0x7a5d4d35fc30e1deb58ca0d11b8d2e8492e37190f2405a81be1f4ee10f213c3c,Yes,0.0018,0,915.3495,-12.7554,8608.0208,6770.3975,12.7554,0,,2026-03-01,weather,OTHER,false,true,https://data-api.polymarket.com/positions?user=0x594edB9112f526Fa6A80b8F858A6379C8A2c1C11&limit=50,2026-06-24T20:00:17+00:00
0x594edB9112f526Fa6A80b8F858A6379C8A2c1C11,https://polymarket.com/@0x594edB9112f526Fa6A80b8F858A6379C8A2c1C11,active,positions,Will the highest temperature in Wellington be 21°C or higher on February 28?,highest-temperature-in-wellington-on-february-28-2026-21corhigher,highest-temperature-in-wellington-on-february-28-2026,78258244062111549386430755615756482454053857525661123719983015978860019242005,0xeaa2cb8a4d93245755e65a4f78d80852db6a13be0b9a300ef3918ae2226004e2,Yes,0.0023,0,1163.0579,-14.7894,8522.7476,6185.4548,14.7894,0,,2026-02-28,weather,OTHER,false,true,https://data-api.polymarket.com/positions?user=0x594edB9112f526Fa6A80b8F858A6379C8A2c1C11&limit=50,2026-06-24T20:00:17+00:00
0x594edB9112f526Fa6A80b8F858A6379C8A2c1C11,https://polymarket.com/@0x594edB9112f526Fa6A80b8F858A6379C8A2c1C11,active,positions,Will the highest temperature in London be 11°C on April 14?,highest-temperature-in-london-on-april-14-2026-11c,highest-temperature-in-london-on-april-14-2026,3844667860501809605173999266362722515846558626535102424451142425234004141854,0xb431f84c35a7a33c7c374f6dd51e6cf6b6d3be334804e59c244ca4c79d9801c9,Yes,0.0028,0,737.0745,-15.7967,7430.9707,5597.7162,15.7967,0,,2026-04-14,weather,OTHER,false,true,https://data-api.polymarket.com/positions?user=0x594edB9112f526Fa6A80b8F858A6379C8A2c1C11&limit=50,2026-06-24T20:00:17+00:00
0x594edB9112f526Fa6A80b8F858A6379C8A2c1C11,https://polymarket.com/@0x594edB9112f526Fa6A80b8F858A6379C8A2c1C11,active,positions,Will the highest temperature in Ankara be 13°C or higher on March 21?,highest-temperature-in-ankara-on-march-21-2026-13corhigher,highest-temperature-in-ankara-on-march-21-2026,78119473527007971786973655144302302241773150342557453881460053047445366768149,0x7e85a8e74483831b54c56aa86dd516152f883eda0d74865c5917594c3573f863,Yes,0.0101,0,742.4405,-55.0958,6917.8796,5402.0792,55.0958,0,,2026-03-21,weather,OTHER,false,true,https://data-api.polymarket.com/positions?user=0x594edB9112f526Fa6A80b8F858A6379C8A2c1C11&limit=50,2026-06-24T20:00:17+00:00
0x594edB9112f526Fa6A80b8F858A6379C8A2c1C11,https://polymarket.com/@0x594edB9112f526Fa6A80b8F858A6379C8A2c1C11,active,positions,Will the highest temperature in Beijing be 36°C on May 5?,highest-temperature-in-beijing-on-may-5-2026-36c,highest-temperature-in-beijing-on-may-5-2026,9788458581112514568457298921582133091434951746874566776410894759565612312429,0x2d9bc2ee6b1c99d05400953b8c985bfcd24842d709266ffe3123711faea9ffdb,Yes,0.0021,0,2120.2608,-11.1255,9501.9699,5245.4437,11.1255,0,,2026-05-05,weather,OTHER,false,true,https://data-api.polymarket.com/positions?user=0x594edB9112f526Fa6A80b8F858A6379C8A2c1C11&limit=50,2026-06-24T20:00:17+00:00
0x594edB9112f526Fa6A80b8F858A6379C8A2c1C11,https://polymarket.com/@0x594edB9112f526Fa6A80b8F858A6379C8A2c1C11,active,positions,Will Italy be in the top 5 at Eurovision 2026?,will-italy-be-in-the-top-5-at-eurovision-2026,eurovision-2026-top-5,29632720442926475515404294394507047200370083412070175066119434597066824590106,0x569de5b320eb6ffc682a365f1f7040f66554d70fe85a8fc38fdc7310c19f5c11,No,0.7582,0,0,-3875.7174,5111.29,5111.29,3875.7174,0,,2026-05-16,other,OTHER,false,false,https://data-api.polymarket.com/positions?user=0x594edB9112f526Fa6A80b8F858A6379C8A2c1C11&limit=50,2026-06-24T20:00:17+00:00
0x594edB9112f526Fa6A80b8F858A6379C8A2c1C11,https://polymarket.com/@0x594edB9112f526Fa6A80b8F858A6379C8A2c1C11,active,positions,Will the highest temperature in Lucknow be 35°C on March 5?,highest-temperature-in-lucknow-on-march-5-2026-35c,highest-temperature-in-lucknow-on-march-5-2026,47578631510154176956986538747055266938370927208885629281839254444359896840279,0xe49877e3c1a4bffdb919e550f8d588b729637869bcb03f52e9e5416d1ababb53,Yes,0.0029,0,668.4971,-14.7443,6342.9665,4998.0932,14.7443,0,,2026-03-05,weather,OTHER,false,true,https://data-api.polymarket.com/positions?user=0x594edB9112f526Fa6A80b8F858A6379C8A2c1C11&limit=50,2026-06-24T20:00:17+00:00
0x594edB9112f526Fa6A80b8F858A6379C8A2c1C11,https://polymarket.com/@0x594edB9112f526Fa6A80b8F858A6379C8A2c1C11,active,positions,Will the highest temperature in Ankara be 7°C on February 26?,highest-temperature-in-ankara-on-february-26-2026-7c,highest-temperature-in-ankara-on-february-26-2026,8795797539170809875558577355078863350419750477011333018136520805796017404192,0x2dd73a627ca2c2fd2495a32994ca585dfa6563c270987c17fd1617821f429f07,Yes,0.0049,0,104.7355,-23.4113,4927.791,4716.2194,23.4113,0,,2026-02-26,weather,OTHER,false,true,https://data-api.polymarket.com/positions?user=0x594edB9112f526Fa6A80b8F858A6379C8A2c1C11&limit=50,2026-06-24T20:00:17+00:00
0x594edB9112f526Fa6A80b8F858A6379C8A2c1C11,https://polymarket.com/@0x594edB9112f526Fa6A80b8F858A6379C8A2c1C11,active,positions,Will the highest temperature in Ankara be 8°C or higher on February 26?,highest-temperature-in-ankara-on-february-26-2026-8corhigher,highest-temperature-in-ankara-on-february-26-2026,42796820164525418223748622978488685934007196079622057702326178788860322943911,0xc9ae269e4f9f9bc82c983d091107ca32a0bc80f69d815a6c30a3e1f6d7dc62de,Yes,0.0072,0,717.3122,-33.3565,6067.3452,4611.7117,33.3565,0,,2026-02-26,weather,OTHER,false,true,https://data-api.polymarket.com/positions?user=0x594edB9112f526Fa6A80b8F858A6379C8A2c1C11&limit=50,2026-06-24T20:00:17+00:00
0x594edB9112f526Fa6A80b8F858A6379C8A2c1C11,https://polymarket.com/@0x594edB9112f526Fa6A80b8F858A6379C8A2c1C11,active,positions,Will the highest temperature in Wellington be 14°C or below on February 26?,highest-temperature-in-wellington-on-february-26-2026-14corbelow,highest-temperature-in-wellington-on-february-26-2026,100114013437145671838446488572090697263184605557595057765520332218509336666422,0x9b727619fb4d1ef9492fa3696fa571a707f7e3f69e23795969cc2f6cb6b0441c,Yes,0.0101,0,744.9476,-44.695,5920.7726,4399.9808,44.695,0,,2026-02-26,weather,OTHER,false,true,https://data-api.polymarket.com/positions?user=0x594edB9112f526Fa6A80b8F858A6379C8A2c1C11&limit=50,2026-06-24T20:00:17+00:00
0x594edB9112f526Fa6A80b8F858A6379C8A2c1C11,https://polymarket.com/@0x594edB9112f526Fa6A80b8F858A6379C8A2c1C11,active,positions,Will the highest temperature in Beijing be 23°C on March 24?,highest-temperature-in-beijing-on-march-24-2026-23c,highest-temperature-in-beijing-on-march-24-2026,81510551095335262624774675297628534314949167662499863842019190358484859124745,0xe68938f0bcfafd020b6717d7f05ebd664f7420cdc3b7200b10ae73b3faada735,Yes,0.0048,0,2315.6212,-20.0725,8845.8917,4169.6261,20.0725,0,,2026-03-25,weather,OTHER,false,true,https://data-api.polymarket.com/positions?user=0x594edB9112f526Fa6A80b8F858A6379C8A2c1C11&limit=50,2026-06-24T20:00:17+00:00
0x594edB9112f526Fa6A80b8F858A6379C8A2c1C11,https://polymarket.com/@0x594edB9112f526Fa6A80b8F858A6379C8A2c1C11,active,positions,Will the highest temperature in Beijing be 38°C or higher on May 5?,highest-temperature-in-beijing-on-may-5-2026-38corhigher,highest-temperature-in-beijing-on-may-5-2026,82783197280764673383057177236695587177923472456102810543398843670722909769885,0x471a5e2ece434a20351220b1224cedbfe425a380fb924eecb05589c3a5d755b5,Yes,0.0017,0,1750.0153,-7.3936,7677.9587,4165.4587,7.3936,0,,2026-05-05,weather,OTHER,false,true,https://data-api.polymarket.com/positions?user=0x594edB9112f526Fa6A80b8F858A6379C8A2c1C11&limit=50,2026-06-24T20:00:17+00:00
0x594edB9112f526Fa6A80b8F858A6379C8A2c1C11,https://polymarket.com/@0x594edB9112f526Fa6A80b8F858A6379C8A2c1C11,active,positions,Will the highest temperature in Atlanta be between 60-61°F on February 17?,highest-temperature-in-atlanta-on-february-17-2026-60-61f,highest-temperature-in-atlanta-on-february-17-2026,95804289944772987276429516589437715096278704750255362067977357065918391592966,0x2f7aa1eacd665c1c40a9344f8bca6ff3f8a2686ebcc510f42defb058cc580883,Yes,0.0124,0,4580.6274,-51.6714,13514.8925,4145.9874,51.6714,0,,2026-02-17,weather,OTHER,false,true,https://data-api.polymarket.com/positions?user=0x594edB9112f526Fa6A80b8F858A6379C8A2c1C11&limit=50,2026-06-24T20:00:17+00:00
0x594edB9112f526Fa6A80b8F858A6379C8A2c1C11,https://polymarket.com/@0x594edB9112f526Fa6A80b8F858A6379C8A2c1C11,active,positions,Will Australia be the Jury Winner in the Eurovision 2026 Grand Final?,will-australia-be-the-jury-winner-in-the-eurovision-2026-grand-final,eurovision-2026-jury-winner,56197722980827806368496192318150293824734785779824826838580177577325256727315,0x947dd80143339be3a01453de9c1e40bae72688c56622796521805823eb35cb03,Yes,0.6278,0,0,-2538.7856,4043.367,4043.367,2538.7856,0,,2026-05-16,other,OTHER,false,false,https://data-api.polymarket.com/positions?user=0x594edB9112f526Fa6A80b8F858A6379C8A2c1C11&limit=50,2026-06-24T20:00:17+00:00
0x594edB9112f526Fa6A80b8F858A6379C8A2c1C11,https://polymarket.com/@0x594edB9112f526Fa6A80b8F858A6379C8A2c1C11,active,positions,Will Spain win on 2026-06-15?,fifwc-esp-cvi-2026-06-15-esp,fifwc-esp-cvi-2026-06-15,3612393435281522540359979834655761894598376313180591710384535406994913064931,0xa5501b4dc0c99c382b1c2871ad9141c7f58509a0f962f70a38bb6566ec570049,Yes,0.7099,0,0,-2839.996,4000,4000,2839.996,0,,2026-06-15,other,OTHER,false,false,https://data-api.polymarket.com/positions?user=0x594edB9112f526Fa6A80b8F858A6379C8A2c1C11&limit=50,2026-06-24T20:00:17+00:00
0x594edB9112f526Fa6A80b8F858A6379C8A2c1C11,https://polymarket.com/@0x594edB9112f526Fa6A80b8F858A6379C8A2c1C11,active,positions,Will the highest temperature in Chicago be between 44-45°F on February 19?,highest-temperature-in-chicago-on-february-19-2026-44-45f,highest-temperature-in-chicago-on-february-19-2026,37698752088248608082005669453649338771579691585101071718520041908091905369442,0x62f03ce178bac4b1725470bdfd808564e38cac6d90a81c3bec59161d195eb50b,Yes,0.0032,0,1746.1817,-12.7137,7460.9211,3945.9069,12.7137,0,,2026-02-19,weather,OTHER,false,true,https://data-api.polymarket.com/positions?user=0x594edB9112f526Fa6A80b8F858A6379C8A2c1C11&limit=50,2026-06-24T20:00:17+00:00
0x594edB9112f526Fa6A80b8F858A6379C8A2c1C11,https://polymarket.com/@0x594edB9112f526Fa6A80b8F858A6379C8A2c1C11,active,positions,Will Liverpool FC win on 2025-12-27?,epl-liv-wol-2025-12-27-liv,epl-liv-wol-2025-12-27,57378692341662289662015060554644548184453358524373618740335521524442378832164,0x01ab7fe245b14b93a644098513de0181ff9c6dc247ad2641a13a644c1e6978e0,No,0.001,0,0,-3.943,3943,3943,3.943,0,,2025-12-27,other,OTHER,false,true,https://data-api.polymarket.com/positions?user=0x594edB9112f526Fa6A80b8F858A6379C8A2c1C11&limit=50,2026-06-24T20:00:17+00:00
0x594edB9112f526Fa6A80b8F858A6379C8A2c1C11,https://polymarket.com/@0x594edB9112f526Fa6A80b8F858A6379C8A2c1C11,active,positions,Will the highest temperature in Buenos Aires be 25°C or below on February 26?,highest-temperature-in-buenos-aires-on-february-26-2026-25corbelow,highest-temperature-in-buenos-aires-on-february-26-2026,34066071204817354642336752507393120515702478240849985857346679105436909807769,0xf63b1f8fcb7fcd48a57557881f08ecfd90aa452940b071736e67d359d9b2465d,Yes,0.001,0,2639.91,-3.6193,8963.1895,3619.351,3.6193,0,,2026-02-26,weather,OTHER,false,true,https://data-api.polymarket.com/positions?user=0x594edB9112f526Fa6A80b8F858A6379C8A2c1C11&limit=50,2026-06-24T20:00:17+00:00
0x594edB9112f526Fa6A80b8F858A6379C8A2c1C11,https://polymarket.com/@0x594edB9112f526Fa6A80b8F858A6379C8A2c1C11,active,positions,Will the highest temperature in Seattle be 51°F or below on April 10?,highest-temperature-in-seattle-on-april-10-2026-51forbelow,highest-temperature-in-seattle-on-april-10-2026,92418077559150250385767664967085773196341610716719706706912774252544233122777,0x02d12823de63104230c1ac1fdfef56a76cffcc17ed6eb5d9c7586d368182e36c,Yes,0.007,0,37.9722,-24.8274,3782.9306,3533.1499,24.8274,0,,2026-04-10,weather,OTHER,false,true,https://data-api.polymarket.com/positions?user=0x594edB9112f526Fa6A80b8F858A6379C8A2c1C11&limit=50,2026-06-24T20:00:17+00:00
0x594edB9112f526Fa6A80b8F858A6379C8A2c1C11,https://polymarket.com/@0x594edB9112f526Fa6A80b8F858A6379C8A2c1C11,active,positions,Will the highest temperature in Wellington be 21°C on March 25?,highest-temperature-in-wellington-on-march-25-2026-21c,highest-temperature-in-wellington-on-march-25-2026,62994276856806453436317985900858288109443630897439500236873004064460729317881,0x47cba45a5e2e6dc822a79d1e11e63fc62207a583515692d4ca661695c8b51203,Yes,0.0135,0,1880.3441,-47.0821,7341.3785,3475.9765,47.0821,0,,2026-03-25,weather,OTHER,false,true,https://data-api.polymarket.com/positions?user=0x594edB9112f526Fa6A80b8F858A6379C8A2c1C11&limit=50,2026-06-24T20:00:17+00:00
0x594edB9112f526Fa6A80b8F858A6379C8A2c1C11,https://polymarket.com/@0x594edB9112f526Fa6A80b8F858A6379C8A2c1C11,active,positions,Will the highest temperature in Lucknow be 35°C on March 16?,highest-temperature-in-lucknow-on-march-16-2026-35c,highest-temperature-in-lucknow-on-march-16-2026,8679058400348096182676108647202779489124981582470597758901106637239185008757,0x63516bbe174d738be28a5dd03eae809b2b48300b9eedddfabed8e2efb1e62a8c,Yes,0.0126,0,1811.5251,-43.7511,7250.6056,3449.0427,43.7511,0,,2026-03-16,weather,OTHER,false,true,https://data-api.polymarket.com/positions?user=0x594edB9112f526Fa6A80b8F858A6379C8A2c1C11&limit=50,2026-06-24T20:00:17+00:00
0x594edB9112f526Fa6A80b8F858A6379C8A2c1C11,https://polymarket.com/@0x594edB9112f526Fa6A80b8F858A6379C8A2c1C11,active,positions,Will the highest temperature in Seoul be 13°C or higher on March 18?,highest-temperature-in-seoul-on-march-18-2026-13corhigher,highest-temperature-in-seoul-on-march-18-2026,26369677202639140638457077738347265245854665520759259522212993786997450766032,0xb0fd310aa70b7b3319ac1e52d7514ccb1d800f9ce2696a7b78d6eba4ac682289,Yes,0.0131,0,286.7565,-44.9381,4012.829,3423.8552,44.9381,0,,2026-03-18,weather,OTHER,false,true,https://data-api.polymarket.com/positions?user=0x594edB9112f526Fa6A80b8F858A6379C8A2c1C11&limit=50,2026-06-24T20:00:17+00:00
0x594edB9112f526Fa6A80b8F858A6379C8A2c1C11,https://polymarket.com/@0x594edB9112f526Fa6A80b8F858A6379C8A2c1C11,active,positions,Will the highest temperature in Panama City be 21°C or below on May 20?,highest-temperature-in-panama-city-on-may-20-2026-21corbelow,highest-temperature-in-panama-city-on-may-20-2026,66023454757822496807093270222633048310320692316661723061395636694640823929975,0xc9926fb0672e249a5209322b7944621455713a847504cd8bab9748a89c4a9f5c,Yes,0.001,0,0,-3.0483,3048.32,3048.32,3.0483,0,,2026-05-20,weather,OTHER,false,true,https://data-api.polymarket.com/positions?user=0x594edB9112f526Fa6A80b8F858A6379C8A2c1C11&limit=50,2026-06-24T20:00:17+00:00
0x594edB9112f526Fa6A80b8F858A6379C8A2c1C11,https://polymarket.com/@0x594edB9112f526Fa6A80b8F858A6379C8A2c1C11,active,positions,Will Israel win Eurovision 2026?,will-israel-win-eurovision-2026,eurovision-winner-2026,95405575911585769697099772472184152032778179663119942855636123308055234853243,0x6680cae9b37261f6c1ec3313f9ad175708bb9722e94285b5b0a5b50a9972d312,Yes,0.0667,0,0,-200.133,3000,3000,200.133,0,,2026-05-16,other,OTHER,false,true,https://data-api.polymarket.com/positions?user=0x594edB9112f526Fa6A80b8F858A6379C8A2c1C11&limit=50,2026-06-24T20:00:17+00:00
0x594edB9112f526Fa6A80b8F858A6379C8A2c1C11,https://polymarket.com/@0x594edB9112f526Fa6A80b8F858A6379C8A2c1C11,active,positions,Will the highest temperature in Taipei be 38°C or higher on April 13?,highest-temperature-in-taipei-on-april-13-2026-38corhigher,highest-temperature-in-taipei-on-april-13-2026,75553139567175238190498908214304758124250456401240159189025710457008173644549,0x974b3062628bfce2db992e088f211cdd6613d1bedd67121a97586588e8f7b2c9,Yes,0.0017,0,361.8362,-5.1571,3868.7699,2955.3725,5.1571,0,,2026-04-13,weather,OTHER,false,true,https://data-api.polymarket.com/positions?user=0x594edB9112f526Fa6A80b8F858A6379C8A2c1C11&limit=50,2026-06-24T20:00:17+00:00
0x594edB9112f526Fa6A80b8F858A6379C8A2c1C11,https://polymarket.com/@0x594edB9112f526Fa6A80b8F858A6379C8A2c1C11,active,positions,Will the highest temperature in Atlanta be between 54-55°F on February 18?,highest-temperature-in-atlanta-on-february-18-2026-54-55f,highest-temperature-in-atlanta-on-february-18-2026,64695582618827314696793227244633081659750540725576198074870845547549734280534,0x527b8fc5ad41f88a99be824b767ef6ff9699598e51b97835e1a7df3fac0da8f6,Yes,0.0029,0,274.7344,-8.613,3445.9449,2893.1849,8.613,0,,2026-02-18,weather,OTHER,false,true,https://data-api.polymarket.com/positions?user=0x594edB9112f526Fa6A80b8F858A6379C8A2c1C11&limit=50,2026-06-24T20:00:17+00:00
0x594edB9112f526Fa6A80b8F858A6379C8A2c1C11,https://polymarket.com/@0x594edB9112f526Fa6A80b8F858A6379C8A2c1C11,active,positions,Will the highest temperature in Singapore be 34°C on March 21?,highest-temperature-in-singapore-on-march-21-2026-34c,highest-temperature-in-singapore-on-march-21-2026,36105025884823993047783725038998077900302238572635340640581830088456999926372,0x2a397a162f83d74ec2580994bcd1bf576da8aeea9d862013d329aa55ed132f67,Yes,0.0103,0,11.7101,-29.2715,2864.9883,2841.0753,29.2715,0,,2026-03-21,weather,OTHER,false,true,https://data-api.polymarket.com/positions?user=0x594edB9112f526Fa6A80b8F858A6379C8A2c1C11&limit=50,2026-06-24T20:00:17+00:00
0x594edB9112f526Fa6A80b8F858A6379C8A2c1C11,https://polymarket.com/@0x594edB9112f526Fa6A80b8F858A6379C8A2c1C11,active,positions,Will the highest temperature in Wellington be 21°C on April 8?,highest-temperature-in-wellington-on-april-8-2026-21c,highest-temperature-in-wellington-on-april-8-2026,60165944543480075442426866772886823012618439776519492979070744353900649579389,0xbc166d6d84403bccc1145276194080753697fa9f24ef1b3b2ac77806d2d946ba,Yes,0.0294,0,640.9272,-83.4124,4317.9825,2832.5352,83.4124,0,,2026-04-08,weather,OTHER,false,true,https://data-api.polymarket.com/positions?user=0x594edB9112f526Fa6A80b8F858A6379C8A2c1C11&limit=50,2026-06-24T20:00:17+00:00
0x594edB9112f526Fa6A80b8F858A6379C8A2c1C11,https://polymarket.com/@0x594edB9112f526Fa6A80b8F858A6379C8A2c1C11,active,positions,Will the highest temperature in Wellington be 15°C or below on February 19?,highest-temperature-in-wellington-on-february-19-2026-15corbelow,highest-temperature-in-wellington-on-february-19-2026,83978452578667751386816510489369250998733795776669196944015557743556174156532,0x6eb6a6de1cc04550eca6d54b244b673d0c8e673c3fad8e514ccf9854aecdb501,Yes,0.0035,0,3126.3673,-9.4917,9175.0391,2697.2834,9.4917,0,,2026-02-19,weather,OTHER,false,true,https://data-api.polymarket.com/positions?user=0x594edB9112f526Fa6A80b8F858A6379C8A2c1C11&limit=50,2026-06-24T20:00:17+00:00
0x594edB9112f526Fa6A80b8F858A6379C8A2c1C11,https://polymarket.com/@0x594edB9112f526Fa6A80b8F858A6379C8A2c1C11,active,positions,Will the highest temperature in Dallas be 50°F or higher on January 23?,highest-temperature-in-dallas-on-january-23-50forhigher,highest-temperature-in-dallas-on-january-23,59115570798814545328143290318955515923610097977020108360595882350473494145573,0xb5b2a68a14142671f36dc3e2fa8949f9319c9da09b86d23ed41de81b1394c00c,No,0.001,0,54.3197,-2.6459,2775.645,2645.995,2.6459,0,,2026-01-23,weather,OTHER,false,true,https://data-api.polymarket.com/positions?user=0x594edB9112f526Fa6A80b8F858A6379C8A2c1C11&limit=50,2026-06-24T20:00:17+00:00
0x594edB9112f526Fa6A80b8F858A6379C8A2c1C11,https://polymarket.com/@0x594edB9112f526Fa6A80b8F858A6379C8A2c1C11,active,positions,Will the highest temperature in Tokyo be 17°C on March 17?,highest-temperature-in-tokyo-on-march-17-2026-17c,highest-temperature-in-tokyo-on-march-17-2026,15099389145875085271839621067896221816145524336183892023465795172904081560525,0x0a243ed8de9d5664873d4b5940785b94c18b0974d40eac59030883e5cab50775,Yes,0.0137,0,144.9263,-35.3744,2870.9213,2572.8729,35.3744,0,,2026-03-17,weather,OTHER,false,true,https://data-api.polymarket.com/positions?user=0x594edB9112f526Fa6A80b8F858A6379C8A2c1C11&limit=50,2026-06-24T20:00:17+00:00
0x594edB9112f526Fa6A80b8F858A6379C8A2c1C11,https://polymarket.com/@0x594edB9112f526Fa6A80b8F858A6379C8A2c1C11,active,positions,Will the highest temperature in Beijing be 26°C on April 16?,highest-temperature-in-beijing-on-april-16-2026-26c,highest-temperature-in-beijing-on-april-16-2026,27308702704207335061799662131404731205156501731168192799682343048276929751634,0x62c707da3306e374d73118a3e5364e804bc399e15003854d3fc3984555b1db02,Yes,0.0019,0,51.985,-4.8639,2766.42,2538.5767,4.8639,0,,2026-04-16,weather,OTHER,false,true,https://data-api.polymarket.com/positions?user=0x594edB9112f526Fa6A80b8F858A6379C8A2c1C11&limit=50,2026-06-24T20:00:17+00:00
0x594edB9112f526Fa6A80b8F858A6379C8A2c1C11,https://polymarket.com/@0x594edB9112f526Fa6A80b8F858A6379C8A2c1C11,active,positions,Will Finland win Eurovision 2026?,will-finland-win-eurovision-2026,eurovision-winner-2026,70364657290228044448461397404440906092275799648915793839023224483022545171360,0xc6ddb19f848ac363330d0a690cfe6818d4c51e837161a41d42675eda27767ed0,Yes,0.4531,0,137.0434,-1148.0924,5459.36,2533.52,1148.0924,0,,2026-05-16,other,OTHER,false,false,https://data-api.polymarket.com/positions?user=0x594edB9112f526Fa6A80b8F858A6379C8A2c1C11&limit=50,2026-06-24T20:00:17+00:00
0x594edB9112f526Fa6A80b8F858A6379C8A2c1C11,https://polymarket.com/@0x594edB9112f526Fa6A80b8F858A6379C8A2c1C11,active,positions,Will the highest temperature in Singapore be 26°C on March 18?,highest-temperature-in-singapore-on-march-18-2026-26c,highest-temperature-in-singapore-on-march-18-2026,34134784569574013623009280261023078001147824825260177551768933241856325274868,0x0a004f74290a475af329a57a86eab20b3f73dc7ae33d9fc8c6569ba51802b64a,Yes,0.0075,0,308.5907,-18.7941,3119.8827,2493.2541,18.7941,0,,2026-03-18,weather,OTHER,false,true,https://data-api.polymarket.com/positions?user=0x594edB9112f526Fa6A80b8F858A6379C8A2c1C11&limit=50,2026-06-24T20:00:17+00:00
0x594edB9112f526Fa6A80b8F858A6379C8A2c1C11,https://polymarket.com/@0x594edB9112f526Fa6A80b8F858A6379C8A2c1C11,active,positions,Will the highest temperature in Wellington be 16°C on April 20?,highest-temperature-in-wellington-on-april-20-2026-16c,highest-temperature-in-wellington-on-april-20-2026,39929511688364616652770337829198616547411691982667070642311672614472972914081,0x88236bb6641beaa50aeb45fd1f4bc63d01a6a18f67a4b93bdd17837f3e674084,Yes,0.0116,0,1339.6527,-28.4972,5391.4991,2440.8788,28.4972,0,,2026-04-20,weather,OTHER,false,true,https://data-api.polymarket.com/positions?user=0x594edB9112f526Fa6A80b8F858A6379C8A2c1C11&limit=50,2026-06-24T20:00:17+00:00
0x594edB9112f526Fa6A80b8F858A6379C8A2c1C11,https://polymarket.com/@0x594edB9112f526Fa6A80b8F858A6379C8A2c1C11,active,positions,Will the highest temperature in Cape Town be 21°C on April 30?,highest-temperature-in-cape-town-on-april-30-2026-21c,highest-temperature-in-cape-town-on-april-30-2026,98550694009516116050918607587217485878218511422391673844670109330882586329276,0x0a35a029855e86c1a031c65ed16fe726868baa4f6b68319fdcbd567f503f3353,Yes,0.0023,0,316.2841,-5.5493,2996.9978,2361.4423,5.5493,0,,2026-04-30,weather,OTHER,false,true,https://data-api.polymarket.com/positions?user=0x594edB9112f526Fa6A80b8F858A6379C8A2c1C11&limit=50,2026-06-24T20:00:17+00:00
0x594edB9112f526Fa6A80b8F858A6379C8A2c1C11,https://polymarket.com/@0x594edB9112f526Fa6A80b8F858A6379C8A2c1C11,active,positions,Will the highest temperature in Singapore be 25°C or below on March 21?,highest-temperature-in-singapore-on-march-21-2026-25corbelow,highest-temperature-in-singapore-on-march-21-2026,90930181062002051247753860848044965524710694076035320743590253461506889938180,0x8d9edb292b1a2e26b83236e930b477b268720f0639ca3727f3f9c926dba42174,Yes,0.0064,0,1170.8931,-14.1644,4559.9766,2189.5843,14.1644,0,,2026-03-21,weather,OTHER,false,true,https://data-api.polymarket.com/positions?user=0x594edB9112f526Fa6A80b8F858A6379C8A2c1C11&limit=50,2026-06-24T20:00:17+00:00
0x594edB9112f526Fa6A80b8F858A6379C8A2c1C11,https://polymarket.com/@0x594edB9112f526Fa6A80b8F858A6379C8A2c1C11,active,positions,Will the highest temperature in Wellington be 19°C or higher on February 27?,highest-temperature-in-wellington-on-february-27-2026-19corhigher,highest-temperature-in-wellington-on-february-27-2026,46469537202655154829437423498647950574413996279865558153995549138855993065458,0xd8c9e85950996faf9b04df48f07fd090d2e0276b7937f2d6f246e242e4050b5d,Yes,0.0083,0,1670.6487,-17.9599,5582.8093,2145.4978,17.9599,0,,2026-02-27,weather,OTHER,false,true,https://data-api.polymarket.com/positions?user=0x594edB9112f526Fa6A80b8F858A6379C8A2c1C11&limit=50,2026-06-24T20:00:17+00:00
0x594edB9112f526Fa6A80b8F858A6379C8A2c1C11,https://polymarket.com/@0x594edB9112f526Fa6A80b8F858A6379C8A2c1C11,active,positions,Will the highest temperature in Lucknow be 41°C on May 5?,highest-temperature-in-lucknow-on-may-5-2026-41c,highest-temperature-in-lucknow-on-may-5-2026,45941474461085873285563604109216951869226212385288164113611986989683905114565,0xe9770b1bc2a4a4bf156f29f2de639bb76645bea9fe8253cd74b4d71c99d3ecee,Yes,0.0038,0,0,-8.0605,2069.9898,2069.9898,8.0605,0,,2026-05-05,weather,OTHER,false,true,https://data-api.polymarket.com/positions?user=0x594edB9112f526Fa6A80b8F858A6379C8A2c1C11&limit=50,2026-06-24T20:00:17+00:00
0x594edB9112f526Fa6A80b8F858A6379C8A2c1C11,https://polymarket.com/@0x594edB9112f526Fa6A80b8F858A6379C8A2c1C11,active,positions,Will the highest temperature in Cape Town be 18°C on May 5?,highest-temperature-in-cape-town-on-may-5-2026-18c,highest-temperature-in-cape-town-on-may-5-2026,104564632717596389619267690265387921270046332054634323641874796558191924898325,0xfeeb05a8bce3fd96cd74d9feec9a49a6e05729655672416545b2f896b9661532,No,0.0067,0,652.4878,-13.5466,3335.9591,2013.1814,13.5466,0,,2026-05-05,weather,OTHER,false,true,https://data-api.polymarket.com/positions?user=0x594edB9112f526Fa6A80b8F858A6379C8A2c1C11&limit=50,2026-06-24T20:00:17+00:00
0x594edB9112f526Fa6A80b8F858A6379C8A2c1C11,https://polymarket.com/@0x594edB9112f526Fa6A80b8F858A6379C8A2c1C11,active,positions,Will the highest temperature in Seoul be 5°C on February 22?,highest-temperature-in-seoul-on-february-22-2026-5c,highest-temperature-in-seoul-on-february-22-2026,78693903020559142494369883260729259703460460424823928945038604520341051164061,0x687113c1e958d7679716e6d09f6d9db26948e4039d419acbe04c58c6e96976cb,Yes,0.0063,0,358.1983,-12.7167,2738.5348,2013.0929,12.7167,0,,2026-02-22,weather,OTHER,false,true,https://data-api.polymarket.com/positions?user=0x594edB9112f526Fa6A80b8F858A6379C8A2c1C11&limit=50,2026-06-24T20:00:17+00:00
0x594edB9112f526Fa6A80b8F858A6379C8A2c1C11,https://polymarket.com/@0x594edB9112f526Fa6A80b8F858A6379C8A2c1C11,active,positions,Will the highest temperature in Toronto be -1°C on January 22?,highest-temperature-in-toronto-on-january-22-neg-1c,highest-temperature-in-toronto-on-january-22,109515117974428556701323457423757401066999891426948829433950125179019339787711,0x41d07f2d58430e98149f80c56759db56251148307e163a5dda32f7c611a1935e,No,0.001,0,0,-2.009,2009,2009,2.009,0,,2026-01-22,weather,OTHER,false,true,https://data-api.polymarket.com/positions?user=0x594edB9112f526Fa6A80b8F858A6379C8A2c1C11&limit=50,2026-06-24T20:00:17+00:00
0x594edB9112f526Fa6A80b8F858A6379C8A2c1C11,https://polymarket.com/@0x594edB9112f526Fa6A80b8F858A6379C8A2c1C11,active,positions,Will the highest temperature in Seoul be 3°C on January 12?,highest-temperature-in-seoul-on-january-12-3c,highest-temperature-in-seoul-on-january-12,11973476359549951987020774463859836309812682045657051273130464401075881245349,0x112bb66569f28c1d2e495f988a4b55a0d21ac7480e8d3fd78d07479d82c69058,Yes,0.01,0,0,-20,2000,2000,20,0,,2026-01-12,weather,OTHER,false,true,https://data-api.polymarket.com/positions?user=0x594edB9112f526Fa6A80b8F858A6379C8A2c1C11&limit=50,2026-06-24T20:00:17+00:00
0x594edB9112f526Fa6A80b8F858A6379C8A2c1C11,https://polymarket.com/@0x594edB9112f526Fa6A80b8F858A6379C8A2c1C11,active,positions,Will the highest temperature in Miami be between 72-73°F on February 18?,highest-temperature-in-miami-on-february-18-2026-72-73f,highest-temperature-in-miami-on-february-18-2026,29612822697333748245558844159508975583036150513279511822152075556446880383791,0xadfbf95cc6b7c413c60f18b101e8f79a9dd8f7218259aa01116aa3234076890f,Yes,0.0018,0,150.9306,-3.7375,2292.0909,1989.0909,3.7375,0,,2026-02-18,weather,OTHER,false,true,https://data-api.polymarket.com/positions?user=0x594edB9112f526Fa6A80b8F858A6379C8A2c1C11&limit=50,2026-06-24T20:00:17+00:00
0x594edB9112f526Fa6A80b8F858A6379C8A2c1C11,https://polymarket.com/@0x594edB9112f526Fa6A80b8F858A6379C8A2c1C11,closed,closed_positions,Will the lowest temperature in New York City be between 70-71°F on June 23?,lowest-temperature-in-nyc-on-june-23-2026-70-71f,lowest-temperature-in-nyc-on-june-23-2026,102660313272218957409800442946985135922472415062507147028925917603118469436849,0x96cd04e206ca3028e6237edb86d0bdaf38a68c5789c79281e0afaec9af9fb6b0,Yes,0.005425,0,0,unavailable_from_public_profile_snapshot,231.990571,unavailable_from_public_profile_snapshot,unavailable_from_public_profile_snapshot,unavailable_from_public_profile_snapshot,1782221161,2026-06-23T00:00:00Z,weather,OTHER,false,true,https://data-api.polymarket.com/closed-positions?user=0x594edB9112f526Fa6A80b8F858A6379C8A2c1C11&limit=50&offset=0&sortBy=TIMESTAMP&sortDirection=DESC,2026-06-24T20:00:17+00:00
0x594edB9112f526Fa6A80b8F858A6379C8A2c1C11,https://polymarket.com/@0x594edB9112f526Fa6A80b8F858A6379C8A2c1C11,closed,closed_positions,Will the lowest temperature in New York City be between 70-71°F on June 23?,lowest-temperature-in-nyc-on-june-23-2026-70-71f,lowest-temperature-in-nyc-on-june-23-2026,85842881957182701164454341981469531681668829991257755022194381353975916846096,0x96cd04e206ca3028e6237edb86d0bdaf38a68c5789c79281e0afaec9af9fb6b0,No,0.992,1,0,unavailable_from_public_profile_snapshot,137.5,unavailable_from_public_profile_snapshot,unavailable_from_public_profile_snapshot,unavailable_from_public_profile_snapshot,1782221159,2026-06-23T00:00:00Z,weather,OTHER,false,false,https://data-api.polymarket.com/closed-positions?user=0x594edB9112f526Fa6A80b8F858A6379C8A2c1C11&limit=50&offset=0&sortBy=TIMESTAMP&sortDirection=DESC,2026-06-24T20:00:17+00:00
0x594edB9112f526Fa6A80b8F858A6379C8A2c1C11,https://polymarket.com/@0x594edB9112f526Fa6A80b8F858A6379C8A2c1C11,closed,closed_positions,Will the lowest temperature in New York City be between 70-71°F on June 22?,lowest-temperature-in-nyc-on-june-22-2026-70-71f,lowest-temperature-in-nyc-on-june-22-2026,58941793963660636013897047880237603461728823846394529518840025751400296930645,0xca1c28663ba0918b7d4989b6a9950d21477fe13e14a7e72ea69f05483064e737,No,0.993095,1,0,unavailable_from_public_profile_snapshot,304.166665,unavailable_from_public_profile_snapshot,unavailable_from_public_profile_snapshot,unavailable_from_public_profile_snapshot,1782125803,2026-06-22T00:00:00Z,weather,OTHER,false,false,https://data-api.polymarket.com/closed-positions?user=0x594edB9112f526Fa6A80b8F858A6379C8A2c1C11&limit=50&offset=0&sortBy=TIMESTAMP&sortDirection=DESC,2026-06-24T20:00:17+00:00
0x594edB9112f526Fa6A80b8F858A6379C8A2c1C11,https://polymarket.com/@0x594edB9112f526Fa6A80b8F858A6379C8A2c1C11,closed,closed_positions,Will the lowest temperature in New York City be between 68-69°F on June 22?,lowest-temperature-in-nyc-on-june-22-2026-68-69f,lowest-temperature-in-nyc-on-june-22-2026,100022173967792159685845415143209525395531895392071645851308091192446060283505,0x79c2cbcddf68f447406dcfda4f41e310c51a8942a98f4ad4db72d36a47332ac8,No,0.993374,1,0,unavailable_from_public_profile_snapshot,202.732856,unavailable_from_public_profile_snapshot,unavailable_from_public_profile_snapshot,unavailable_from_public_profile_snapshot,1782125801,2026-06-22T00:00:00Z,weather,OTHER,false,false,https://data-api.polymarket.com/closed-positions?user=0x594edB9112f526Fa6A80b8F858A6379C8A2c1C11&limit=50&offset=0&sortBy=TIMESTAMP&sortDirection=DESC,2026-06-24T20:00:17+00:00
0x594edB9112f526Fa6A80b8F858A6379C8A2c1C11,https://polymarket.com/@0x594edB9112f526Fa6A80b8F858A6379C8A2c1C11,closed,closed_positions,Will the lowest temperature in New York City be between 68-69°F on June 22?,lowest-temperature-in-nyc-on-june-22-2026-68-69f,lowest-temperature-in-nyc-on-june-22-2026,73504811964506341687667150854560609135973368582311552317078464726313097733877,0x79c2cbcddf68f447406dcfda4f41e310c51a8942a98f4ad4db72d36a47332ac8,Yes,0.006,0,0,unavailable_from_public_profile_snapshot,199.966498,unavailable_from_public_profile_snapshot,unavailable_from_public_profile_snapshot,unavailable_from_public_profile_snapshot,1782125725,2026-06-22T00:00:00Z,weather,OTHER,false,true,https://data-api.polymarket.com/closed-positions?user=0x594edB9112f526Fa6A80b8F858A6379C8A2c1C11&limit=50&offset=0&sortBy=TIMESTAMP&sortDirection=DESC,2026-06-24T20:00:17+00:00
0x594edB9112f526Fa6A80b8F858A6379C8A2c1C11,https://polymarket.com/@0x594edB9112f526Fa6A80b8F858A6379C8A2c1C11,closed,closed_positions,Will the lowest temperature in New York City be between 70-71°F on June 22?,lowest-temperature-in-nyc-on-june-22-2026-70-71f,lowest-temperature-in-nyc-on-june-22-2026,32049798925999586761657402586441204940804637908399488926798508419605204933530,0xca1c28663ba0918b7d4989b6a9950d21477fe13e14a7e72ea69f05483064e737,Yes,0.00253,0,0,unavailable_from_public_profile_snapshot,192.996571,unavailable_from_public_profile_snapshot,unavailable_from_public_profile_snapshot,unavailable_from_public_profile_snapshot,1782125656,2026-06-22T00:00:00Z,weather,OTHER,false,true,https://data-api.polymarket.com/closed-positions?user=0x594edB9112f526Fa6A80b8F858A6379C8A2c1C11&limit=50&offset=0&sortBy=TIMESTAMP&sortDirection=DESC,2026-06-24T20:00:17+00:00
0x594edB9112f526Fa6A80b8F858A6379C8A2c1C11,https://polymarket.com/@0x594edB9112f526Fa6A80b8F858A6379C8A2c1C11,closed,closed_positions,Will the lowest temperature in New York City be between 70-71°F on June 21?,lowest-temperature-in-nyc-on-june-21-2026-70-71f,lowest-temperature-in-nyc-on-june-21-2026,7477547147414505500735006809199373092375578129892354771252461613711053065614,0x877f25a0cc94732b73ba2ea42a10476d8269ea3cc83f57386080a52e86e600fc,No,0.994,1,-29.76755,unavailable_from_public_profile_snapshot,183.333332,unavailable_from_public_profile_snapshot,unavailable_from_public_profile_snapshot,unavailable_from_public_profile_snapshot,1782059807,2026-06-21T00:00:00Z,weather,OTHER,false,false,https://data-api.polymarket.com/closed-positions?user=0x594edB9112f526Fa6A80b8F858A6379C8A2c1C11&limit=50&offset=0&sortBy=TIMESTAMP&sortDirection=DESC,2026-06-24T20:00:17+00:00
0x594edB9112f526Fa6A80b8F858A6379C8A2c1C11,https://polymarket.com/@0x594edB9112f526Fa6A80b8F858A6379C8A2c1C11,closed,closed_positions,Will the lowest temperature in New York City be between 72-73°F on June 21?,lowest-temperature-in-nyc-on-june-21-2026-72-73f,lowest-temperature-in-nyc-on-june-21-2026,31430364850864908418200780039082891631196867086863095952432440360738147303870,0x24f3ed19366f1c7c52cc19506e21ffe17a4a3f1080d0c127d3ea63451d401715,No,0.992,1,-199.78521,unavailable_from_public_profile_snapshot,406.0675,unavailable_from_public_profile_snapshot,unavailable_from_public_profile_snapshot,unavailable_from_public_profile_snapshot,1782059807,2026-06-21T00:00:00Z,weather,OTHER,false,false,https://data-api.polymarket.com/closed-positions?user=0x594edB9112f526Fa6A80b8F858A6379C8A2c1C11&limit=50&offset=0&sortBy=TIMESTAMP&sortDirection=DESC,2026-06-24T20:00:17+00:00
0x594edB9112f526Fa6A80b8F858A6379C8A2c1C11,https://polymarket.com/@0x594edB9112f526Fa6A80b8F858A6379C8A2c1C11,closed,closed_positions,Will the lowest temperature in New York City be between 60-61°F on June 21?,lowest-temperature-in-nyc-on-june-21-2026-60-61f,lowest-temperature-in-nyc-on-june-21-2026,24370412636953818631489003868213243104831822119863995605409685322905694997541,0xbdc218319424944adbeecf9b2f9e41c388e9cd52eefae9e59530eb494f6847fd,Yes,0.008,0,35.327863,unavailable_from_public_profile_snapshot,71.804625,unavailable_from_public_profile_snapshot,unavailable_from_public_profile_snapshot,unavailable_from_public_profile_snapshot,1782059807,2026-06-21T00:00:00Z,weather,OTHER,false,true,https://data-api.polymarket.com/closed-positions?user=0x594edB9112f526Fa6A80b8F858A6379C8A2c1C11&limit=50&offset=0&sortBy=TIMESTAMP&sortDirection=DESC,2026-06-24T20:00:17+00:00
0x594edB9112f526Fa6A80b8F858A6379C8A2c1C11,https://polymarket.com/@0x594edB9112f526Fa6A80b8F858A6379C8A2c1C11,closed,closed_positions,Will the lowest temperature in New York City be between 60-61°F on June 21?,lowest-temperature-in-nyc-on-june-21-2026-60-61f,lowest-temperature-in-nyc-on-june-21-2026,22666965840197437617507758696118759486605695799276784584202895721760123676191,0xbdc218319424944adbeecf9b2f9e41c388e9cd52eefae9e59530eb494f6847fd,No,0.991,1,-35.256058,unavailable_from_public_profile_snapshot,122.792221,unavailable_from_public_profile_snapshot,unavailable_from_public_profile_snapshot,unavailable_from_public_profile_snapshot,1782059807,2026-06-21T00:00:00Z,weather,OTHER,false,false,https://data-api.polymarket.com/closed-positions?user=0x594edB9112f526Fa6A80b8F858A6379C8A2c1C11&limit=50&offset=0&sortBy=TIMESTAMP&sortDirection=DESC,2026-06-24T20:00:17+00:00
0x594edB9112f526Fa6A80b8F858A6379C8A2c1C11,https://polymarket.com/@0x594edB9112f526Fa6A80b8F858A6379C8A2c1C11,closed,closed_positions,Will Ecuador win on 2026-06-25?,fifwc-ecu-ger-2026-06-25-ecu,fifwc-ecu-ger-2026-06-25,135792657791879031181866023056748029392055768984822794561479819351684481583,0x44e25f753ae47dbdf2705d35e0a45db24d3a1b2996b82a1350ade2c7e92c4f93,No,0.73,0.755,-1.15,unavailable_from_public_profile_snapshot,5,unavailable_from_public_profile_snapshot,unavailable_from_public_profile_snapshot,unavailable_from_public_profile_snapshot,1782059807,2026-06-25T00:00:00Z,other,OTHER,false,false,https://data-api.polymarket.com/closed-positions?user=0x594edB9112f526Fa6A80b8F858A6379C8A2c1C11&limit=50&offset=0&sortBy=TIMESTAMP&sortDirection=DESC,2026-06-24T20:00:17+00:00
0x594edB9112f526Fa6A80b8F858A6379C8A2c1C11,https://polymarket.com/@0x594edB9112f526Fa6A80b8F858A6379C8A2c1C11,closed,closed_positions,Will the lowest temperature in New York City be between 70-71°F on June 21?,lowest-temperature-in-nyc-on-june-21-2026-70-71f,lowest-temperature-in-nyc-on-june-21-2026,126422315861222131738266380579489202312987866556913008224529491279926045686,0x877f25a0cc94732b73ba2ea42a10476d8269ea3cc83f57386080a52e86e600fc,Yes,0.003039,0,29.945975,unavailable_from_public_profile_snapshot,60.2582,unavailable_from_public_profile_snapshot,unavailable_from_public_profile_snapshot,unavailable_from_public_profile_snapshot,1782059807,2026-06-21T00:00:00Z,weather,OTHER,false,true,https://data-api.polymarket.com/closed-positions?user=0x594edB9112f526Fa6A80b8F858A6379C8A2c1C11&limit=50&offset=0&sortBy=TIMESTAMP&sortDirection=DESC,2026-06-24T20:00:17+00:00
0x594edB9112f526Fa6A80b8F858A6379C8A2c1C11,https://polymarket.com/@0x594edB9112f526Fa6A80b8F858A6379C8A2c1C11,closed,closed_positions,Will the lowest temperature in New York City be between 62-63°F on June 20?,lowest-temperature-in-nyc-on-june-20-2026-62-63f,lowest-temperature-in-nyc-on-june-20-2026,99769633863000789645692491702656211888914849289352307244203372310499778055456,0x212c7e843acc6916130033679a5a24ef20986c3f7c64a53bc9c4fa670709dd7e,No,0.992,1,0,unavailable_from_public_profile_snapshot,405.8325,unavailable_from_public_profile_snapshot,unavailable_from_public_profile_snapshot,unavailable_from_public_profile_snapshot,1781989888,2026-06-20T00:00:00Z,weather,OTHER,false,false,https://data-api.polymarket.com/closed-positions?user=0x594edB9112f526Fa6A80b8F858A6379C8A2c1C11&limit=50&offset=0&sortBy=TIMESTAMP&sortDirection=DESC,2026-06-24T20:00:17+00:00
0x594edB9112f526Fa6A80b8F858A6379C8A2c1C11,https://polymarket.com/@0x594edB9112f526Fa6A80b8F858A6379C8A2c1C11,closed,closed_positions,Will the lowest temperature in New York City be between 62-63°F on June 20?,lowest-temperature-in-nyc-on-june-20-2026-62-63f,lowest-temperature-in-nyc-on-june-20-2026,37039479971942063042260964360953762192077779614012811481606086499313952798578,0x212c7e843acc6916130033679a5a24ef20986c3f7c64a53bc9c4fa670709dd7e,Yes,0.003746,0,0,unavailable_from_public_profile_snapshot,217.996428,unavailable_from_public_profile_snapshot,unavailable_from_public_profile_snapshot,unavailable_from_public_profile_snapshot,1781989714,2026-06-20T00:00:00Z,weather,OTHER,false,true,https://data-api.polymarket.com/closed-positions?user=0x594edB9112f526Fa6A80b8F858A6379C8A2c1C11&limit=50&offset=0&sortBy=TIMESTAMP&sortDirection=DESC,2026-06-24T20:00:17+00:00
0x594edB9112f526Fa6A80b8F858A6379C8A2c1C11,https://polymarket.com/@0x594edB9112f526Fa6A80b8F858A6379C8A2c1C11,closed,closed_positions,Will the highest temperature in Wuhan be 33°C on June 20?,highest-temperature-in-wuhan-on-june-20-2026-33c,highest-temperature-in-wuhan-on-june-20-2026,15059905967714190593668832939995386451988887496067462931012613204011997922681,0x3c68a96e13e76554c58dff71df15805926acdceea41757bef1a9c1ceaf0d6783,No,0.987693,1,0,unavailable_from_public_profile_snapshot,426.26,unavailable_from_public_profile_snapshot,unavailable_from_public_profile_snapshot,unavailable_from_public_profile_snapshot,1781944265,2026-06-20T00:00:00Z,weather,OTHER,false,false,https://data-api.polymarket.com/closed-positions?user=0x594edB9112f526Fa6A80b8F858A6379C8A2c1C11&limit=50&offset=0&sortBy=TIMESTAMP&sortDirection=DESC,2026-06-24T20:00:17+00:00
0x594edB9112f526Fa6A80b8F858A6379C8A2c1C11,https://polymarket.com/@0x594edB9112f526Fa6A80b8F858A6379C8A2c1C11,closed,closed_positions,Will the highest temperature in Wuhan be 32°C on June 20?,highest-temperature-in-wuhan-on-june-20-2026-32c,highest-temperature-in-wuhan-on-june-20-2026,78993937814505522252929515263122146934627212210859904818605168080992715609494,0xe978bfab09c729a7fb5945bd28c00bfe379f4211e0230544d1ad3a8a268cf280,Yes,0.991,1,0,unavailable_from_public_profile_snapshot,167,unavailable_from_public_profile_snapshot,unavailable_from_public_profile_snapshot,unavailable_from_public_profile_snapshot,1781944258,2026-06-20T00:00:00Z,weather,OTHER,false,false,https://data-api.polymarket.com/closed-positions?user=0x594edB9112f526Fa6A80b8F858A6379C8A2c1C11&limit=50&offset=0&sortBy=TIMESTAMP&sortDirection=DESC,2026-06-24T20:00:17+00:00
0x594edB9112f526Fa6A80b8F858A6379C8A2c1C11,https://polymarket.com/@0x594edB9112f526Fa6A80b8F858A6379C8A2c1C11,closed,closed_positions,Will the lowest temperature in New York City be 57°F or below on June 20?,lowest-temperature-in-nyc-on-june-20-2026-57forbelow,lowest-temperature-in-nyc-on-june-20-2026,36255663122300922446827895188196106105402047261505221207536072485792491869397,0x44f3d9c9aee644f9b34013c9c973998796b6af0fa3d67f5e1a5efe8a2481eda0,Yes,0.005731,0,0,unavailable_from_public_profile_snapshot,149.986713,unavailable_from_public_profile_snapshot,unavailable_from_public_profile_snapshot,unavailable_from_public_profile_snapshot,1781943560,2026-06-20T00:00:00Z,weather,OTHER,false,true,https://data-api.polymarket.com/closed-positions?user=0x594edB9112f526Fa6A80b8F858A6379C8A2c1C11&limit=50&offset=0&sortBy=TIMESTAMP&sortDirection=DESC,2026-06-24T20:00:17+00:00
0x594edB9112f526Fa6A80b8F858A6379C8A2c1C11,https://polymarket.com/@0x594edB9112f526Fa6A80b8F858A6379C8A2c1C11,closed,closed_positions,Will the lowest temperature in New York City be 57°F or below on June 20?,lowest-temperature-in-nyc-on-june-20-2026-57forbelow,lowest-temperature-in-nyc-on-june-20-2026,31568045861545531920199171194043987688073495511478161058900770925741290259704,0x44f3d9c9aee644f9b34013c9c973998796b6af0fa3d67f5e1a5efe8a2481eda0,No,0.992,1,0,unavailable_from_public_profile_snapshot,378,unavailable_from_public_profile_snapshot,unavailable_from_public_profile_snapshot,unavailable_from_public_profile_snapshot,1781943560,2026-06-20T00:00:00Z,weather,OTHER,false,false,https://data-api.polymarket.com/closed-positions?user=0x594edB9112f526Fa6A80b8F858A6379C8A2c1C11&limit=50&offset=0&sortBy=TIMESTAMP&sortDirection=DESC,2026-06-24T20:00:17+00:00
0x594edB9112f526Fa6A80b8F858A6379C8A2c1C11,https://polymarket.com/@0x594edB9112f526Fa6A80b8F858A6379C8A2c1C11,closed,closed_positions,Will the lowest temperature in New York City be between 70-71°F on June 20?,lowest-temperature-in-nyc-on-june-20-2026-70-71f,lowest-temperature-in-nyc-on-june-20-2026,20469306858084041688251098691052389408159774209687784182434416147911487273488,0xe1a26823285523872df02623ecab101a20aeb56629e7883ccef7d8b9ce9de02c,No,0.992823,1,0,unavailable_from_public_profile_snapshot,983.71,unavailable_from_public_profile_snapshot,unavailable_from_public_profile_snapshot,unavailable_from_public_profile_snapshot,1781943422,2026-06-20T00:00:00Z,weather,OTHER,false,false,https://data-api.polymarket.com/closed-positions?user=0x594edB9112f526Fa6A80b8F858A6379C8A2c1C11&limit=50&offset=0&sortBy=TIMESTAMP&sortDirection=DESC,2026-06-24T20:00:17+00:00
0x594edB9112f526Fa6A80b8F858A6379C8A2c1C11,https://polymarket.com/@0x594edB9112f526Fa6A80b8F858A6379C8A2c1C11,closed,closed_positions,Will the lowest temperature in New York City be between 70-71°F on June 20?,lowest-temperature-in-nyc-on-june-20-2026-70-71f,lowest-temperature-in-nyc-on-june-20-2026,37924707656359473084481825953756888585093173605063443985951696165113839993383,0xe1a26823285523872df02623ecab101a20aeb56629e7883ccef7d8b9ce9de02c,Yes,0.005784,0,0,unavailable_from_public_profile_snapshot,126.929628,unavailable_from_public_profile_snapshot,unavailable_from_public_profile_snapshot,unavailable_from_public_profile_snapshot,1781943412,2026-06-20T00:00:00Z,weather,OTHER,false,true,https://data-api.polymarket.com/closed-positions?user=0x594edB9112f526Fa6A80b8F858A6379C8A2c1C11&limit=50&offset=0&sortBy=TIMESTAMP&sortDirection=DESC,2026-06-24T20:00:17+00:00
0x594edB9112f526Fa6A80b8F858A6379C8A2c1C11,https://polymarket.com/@0x594edB9112f526Fa6A80b8F858A6379C8A2c1C11,closed,closed_positions,Will the highest temperature in Dallas be between 96-97°F on June 19?,highest-temperature-in-dallas-on-june-19-2026-96-97f,highest-temperature-in-dallas-on-june-19-2026,54279071496532209659526129852406123035141734331575327863603950134302566727094,0x75adc5e38ffcc7d05b89d256303a798a5e0234a25c4c06b5d889ba3504bf4a4b,Yes,0.003565,0,0,unavailable_from_public_profile_snapshot,297,unavailable_from_public_profile_snapshot,unavailable_from_public_profile_snapshot,unavailable_from_public_profile_snapshot,1781856994,2026-06-19T00:00:00Z,weather,OTHER,false,true,https://data-api.polymarket.com/closed-positions?user=0x594edB9112f526Fa6A80b8F858A6379C8A2c1C11&limit=50&offset=0&sortBy=TIMESTAMP&sortDirection=DESC,2026-06-24T20:00:17+00:00
0x594edB9112f526Fa6A80b8F858A6379C8A2c1C11,https://polymarket.com/@0x594edB9112f526Fa6A80b8F858A6379C8A2c1C11,closed,closed_positions,Will the highest temperature in Dallas be between 96-97°F on June 19?,highest-temperature-in-dallas-on-june-19-2026-96-97f,highest-temperature-in-dallas-on-june-19-2026,3526264912881375847713244948952859501745262700407840636415240572108504490246,0x75adc5e38ffcc7d05b89d256303a798a5e0234a25c4c06b5d889ba3504bf4a4b,No,0.991,1,0,unavailable_from_public_profile_snapshot,3,unavailable_from_public_profile_snapshot,unavailable_from_public_profile_snapshot,unavailable_from_public_profile_snapshot,1781856961,2026-06-19T00:00:00Z,weather,OTHER,false,false,https://data-api.polymarket.com/closed-positions?user=0x594edB9112f526Fa6A80b8F858A6379C8A2c1C11&limit=50&offset=0&sortBy=TIMESTAMP&sortDirection=DESC,2026-06-24T20:00:17+00:00
0x594edB9112f526Fa6A80b8F858A6379C8A2c1C11,https://polymarket.com/@0x594edB9112f526Fa6A80b8F858A6379C8A2c1C11,closed,closed_positions,Will the highest temperature in Dallas be between 100-101°F on June 19?,highest-temperature-in-dallas-on-june-19-2026-100-101f,highest-temperature-in-dallas-on-june-19-2026,97696328560832794032414413140693316419119145452117220645790918019445185687664,0xba2c07569badf389b7f9a07b8803c9c2c12969ad83f2a4cc255e0ef2aa5d21bd,Yes,0.003283,0,0,unavailable_from_public_profile_snapshot,426.991999,unavailable_from_public_profile_snapshot,unavailable_from_public_profile_snapshot,unavailable_from_public_profile_snapshot,1781856896,2026-06-19T00:00:00Z,weather,OTHER,false,true,https://data-api.polymarket.com/closed-positions?user=0x594edB9112f526Fa6A80b8F858A6379C8A2c1C11&limit=50&offset=0&sortBy=TIMESTAMP&sortDirection=DESC,2026-06-24T20:00:17+00:00
0x594edB9112f526Fa6A80b8F858A6379C8A2c1C11,https://polymarket.com/@0x594edB9112f526Fa6A80b8F858A6379C8A2c1C11,closed,closed_positions,Will the highest temperature in Dallas be between 100-101°F on June 19?,highest-temperature-in-dallas-on-june-19-2026-100-101f,highest-temperature-in-dallas-on-june-19-2026,99774948355136274447377671728541543267122141072698063177007761714657056608315,0xba2c07569badf389b7f9a07b8803c9c2c12969ad83f2a4cc255e0ef2aa5d21bd,No,0.992234,1,0,unavailable_from_public_profile_snapshot,655.682535,unavailable_from_public_profile_snapshot,unavailable_from_public_profile_snapshot,unavailable_from_public_profile_snapshot,1781856895,2026-06-19T00:00:00Z,weather,OTHER,false,false,https://data-api.polymarket.com/closed-positions?user=0x594edB9112f526Fa6A80b8F858A6379C8A2c1C11&limit=50&offset=0&sortBy=TIMESTAMP&sortDirection=DESC,2026-06-24T20:00:17+00:00
0x594edB9112f526Fa6A80b8F858A6379C8A2c1C11,https://polymarket.com/@0x594edB9112f526Fa6A80b8F858A6379C8A2c1C11,closed,closed_positions,Spread: Hamarkameratene (-2.5),nor-bog-ham-2026-03-22-spread-away-2pt5,nor-bog-ham-2026-03-22-more-markets,79557734933297376310831003829482741834961061737873124646088070977898868276906,0x2b8b108bc6504c5a70004aca8a70ba0b80a7ccb74e2de4d986ddffb06bf9d7d9,Hamarkameratene,0.048706,0.0255,16.391223,unavailable_from_public_profile_snapshot,36.3205,unavailable_from_public_profile_snapshot,unavailable_from_public_profile_snapshot,unavailable_from_public_profile_snapshot,1781856392,2026-03-22T00:00:00Z,other,OTHER,false,true,https://data-api.polymarket.com/closed-positions?user=0x594edB9112f526Fa6A80b8F858A6379C8A2c1C11&limit=50&offset=0&sortBy=TIMESTAMP&sortDirection=DESC,2026-06-24T20:00:17+00:00
0x594edB9112f526Fa6A80b8F858A6379C8A2c1C11,https://polymarket.com/@0x594edB9112f526Fa6A80b8F858A6379C8A2c1C11,closed,closed_positions,Will the lowest temperature in London be 20°C on June 19?,lowest-temperature-in-london-on-june-19-2026-20c,lowest-temperature-in-london-on-june-19-2026,63608701982882760804021961054146647789736527374411404220585439874958633433880,0xd0f913d7bf7265d7981d34892d248a3b55f5c27e0f5e37364e17c8c9fff743b9,No,0.991,1,-370.022902,unavailable_from_public_profile_snapshot,843.095548,unavailable_from_public_profile_snapshot,unavailable_from_public_profile_snapshot,unavailable_from_public_profile_snapshot,1781856392,2026-06-19T00:00:00Z,weather,OTHER,false,false,https://data-api.polymarket.com/closed-positions?user=0x594edB9112f526Fa6A80b8F858A6379C8A2c1C11&limit=50&offset=0&sortBy=TIMESTAMP&sortDirection=DESC,2026-06-24T20:00:17+00:00
0x594edB9112f526Fa6A80b8F858A6379C8A2c1C11,https://polymarket.com/@0x594edB9112f526Fa6A80b8F858A6379C8A2c1C11,closed,closed_positions,Will the lowest temperature in London be 20°C on June 19?,lowest-temperature-in-london-on-june-19-2026-20c,lowest-temperature-in-london-on-june-19-2026,55670292897337148090268109502756873172041936286035861448604315102948569327965,0xd0f913d7bf7265d7981d34892d248a3b55f5c27e0f5e37364e17c8c9fff743b9,Yes,0.002715,0,374.759346,unavailable_from_public_profile_snapshot,753.610875,unavailable_from_public_profile_snapshot,unavailable_from_public_profile_snapshot,unavailable_from_public_profile_snapshot,1781856392,2026-06-19T00:00:00Z,weather,OTHER,false,true,https://data-api.polymarket.com/closed-positions?user=0x594edB9112f526Fa6A80b8F858A6379C8A2c1C11&limit=50&offset=0&sortBy=TIMESTAMP&sortDirection=DESC,2026-06-24T20:00:17+00:00
0x594edB9112f526Fa6A80b8F858A6379C8A2c1C11,https://polymarket.com/@0x594edB9112f526Fa6A80b8F858A6379C8A2c1C11,closed,closed_positions,Will the lowest temperature in London be 20°C on June 18?,lowest-temperature-in-london-on-june-18-2026-20c,lowest-temperature-in-london-on-june-18-2026,98147139210995411243921239702820889523718830575122907642962247081233023651508,0x03bc83b618b9af4c362b27a0f8529035336e5ab2aedb06acd29c9360add474a6,No,0.994,1,-171.70699,unavailable_from_public_profile_snapshot,347.585,unavailable_from_public_profile_snapshot,unavailable_from_public_profile_snapshot,unavailable_from_public_profile_snapshot,1781768678,2026-06-18T00:00:00Z,weather,OTHER,false,false,https://data-api.polymarket.com/closed-positions?user=0x594edB9112f526Fa6A80b8F858A6379C8A2c1C11&limit=50&offset=0&sortBy=TIMESTAMP&sortDirection=DESC,2026-06-24T20:00:17+00:00
0x594edB9112f526Fa6A80b8F858A6379C8A2c1C11,https://polymarket.com/@0x594edB9112f526Fa6A80b8F858A6379C8A2c1C11,closed,closed_positions,Will the lowest temperature in London be 15°C on June 18?,lowest-temperature-in-london-on-june-18-2026-15c,lowest-temperature-in-london-on-june-18-2026,92322392782048575912138592151097238315449514415820470800282702122217429214357,0x81eae87d1d317fbea96772ab3077cdeb580869bc7b3540a44fa980934ac8de6e,No,0.965782,1,-76.487459,unavailable_from_public_profile_snapshot,164.213074,unavailable_from_public_profile_snapshot,unavailable_from_public_profile_snapshot,unavailable_from_public_profile_snapshot,1781768678,2026-06-18T00:00:00Z,weather,OTHER,false,false,https://data-api.polymarket.com/closed-positions?user=0x594edB9112f526Fa6A80b8F858A6379C8A2c1C11&limit=50&offset=0&sortBy=TIMESTAMP&sortDirection=DESC,2026-06-24T20:00:17+00:00
0x594edB9112f526Fa6A80b8F858A6379C8A2c1C11,https://polymarket.com/@0x594edB9112f526Fa6A80b8F858A6379C8A2c1C11,closed,closed_positions,Will the lowest temperature in Shanghai be 22°C on June 19?,lowest-temperature-in-shanghai-on-june-19-2026-22c,lowest-temperature-in-shanghai-on-june-19-2026,86980197730005009054138038339925890365479428020228593134713773078717143621784,0x845d586bcdfea02d95c7d82a3b49b239e562be818b44c6648422445b9f5379e0,Yes,0.05,0,4.58523,unavailable_from_public_profile_snapshot,10.18946,unavailable_from_public_profile_snapshot,unavailable_from_public_profile_snapshot,unavailable_from_public_profile_snapshot,1781768678,2026-06-19T00:00:00Z,weather,OTHER,false,true,https://data-api.polymarket.com/closed-positions?user=0x594edB9112f526Fa6A80b8F858A6379C8A2c1C11&limit=50&offset=0&sortBy=TIMESTAMP&sortDirection=DESC,2026-06-24T20:00:17+00:00
0x594edB9112f526Fa6A80b8F858A6379C8A2c1C11,https://polymarket.com/@0x594edB9112f526Fa6A80b8F858A6379C8A2c1C11,closed,closed_positions,Will the lowest temperature in New York City be 78°F or higher on June 18?,lowest-temperature-in-nyc-on-june-18-2026-78forhigher,lowest-temperature-in-nyc-on-june-18-2026,79350290335237780305331417295851639792524663637393771631932945380437845824529,0x09f26b6d549adacf149cf5eb1cf24b4b16208500d75b788e72dba0e2171d5219,Yes,0.00302,0,430.370019,unavailable_from_public_profile_snapshot,865.97057,unavailable_from_public_profile_snapshot,unavailable_from_public_profile_snapshot,unavailable_from_public_profile_snapshot,1781768678,2026-06-18T00:00:00Z,weather,OTHER,false,true,https://data-api.polymarket.com/closed-positions?user=0x594edB9112f526Fa6A80b8F858A6379C8A2c1C11&limit=50&offset=0&sortBy=TIMESTAMP&sortDirection=DESC,2026-06-24T20:00:17+00:00
0x594edB9112f526Fa6A80b8F858A6379C8A2c1C11,https://polymarket.com/@0x594edB9112f526Fa6A80b8F858A6379C8A2c1C11,closed,closed_positions,Will the lowest temperature in Shanghai be 22°C on June 19?,lowest-temperature-in-shanghai-on-june-19-2026-22c,lowest-temperature-in-shanghai-on-june-19-2026,71515556443725810968537543101563340700797590294391458791511473034905946034536,0x845d586bcdfea02d95c7d82a3b49b239e562be818b44c6648422445b9f5379e0,No,0.95,1,-4.58523,unavailable_from_public_profile_snapshot,20,unavailable_from_public_profile_snapshot,unavailable_from_public_profile_snapshot,unavailable_from_public_profile_snapshot,1781768678,2026-06-19T00:00:00Z,weather,OTHER,false,false,https://data-api.polymarket.com/closed-positions?user=0x594edB9112f526Fa6A80b8F858A6379C8A2c1C11&limit=50&offset=0&sortBy=TIMESTAMP&sortDirection=DESC,2026-06-24T20:00:17+00:00
0x594edB9112f526Fa6A80b8F858A6379C8A2c1C11,https://polymarket.com/@0x594edB9112f526Fa6A80b8F858A6379C8A2c1C11,closed,closed_positions,Will the lowest temperature in Paris be 15°C on June 18?,lowest-temperature-in-paris-on-june-18-2026-15c,lowest-temperature-in-paris-on-june-18-2026,64796303049191077505506217751590637076234570188676301959728888214658525114762,0xb4edd22203c20e4dc1613120ac0de70a843824cfe9940152322b3203289013da,Yes,0.006777,0,108.497124,unavailable_from_public_profile_snapshot,219.975875,unavailable_from_public_profile_snapshot,unavailable_from_public_profile_snapshot,unavailable_from_public_profile_snapshot,1781768678,2026-06-18T00:00:00Z,weather,OTHER,false,true,https://data-api.polymarket.com/closed-positions?user=0x594edB9112f526Fa6A80b8F858A6379C8A2c1C11&limit=50&offset=0&sortBy=TIMESTAMP&sortDirection=DESC,2026-06-24T20:00:17+00:00
0x594edB9112f526Fa6A80b8F858A6379C8A2c1C11,https://polymarket.com/@0x594edB9112f526Fa6A80b8F858A6379C8A2c1C11,closed,closed_positions,Will the lowest temperature in Paris be 15°C on June 18?,lowest-temperature-in-paris-on-june-18-2026-15c,lowest-temperature-in-paris-on-june-18-2026,41929684828276156665348381989793277024241726547760022073959239661609630830143,0xb4edd22203c20e4dc1613120ac0de70a843824cfe9940152322b3203289013da,No,0.992437,1,-108.324223,unavailable_from_public_profile_snapshot,593.296665,unavailable_from_public_profile_snapshot,unavailable_from_public_profile_snapshot,unavailable_from_public_profile_snapshot,1781768678,2026-06-18T00:00:00Z,weather,OTHER,false,false,https://data-api.polymarket.com/closed-positions?user=0x594edB9112f526Fa6A80b8F858A6379C8A2c1C11&limit=50&offset=0&sortBy=TIMESTAMP&sortDirection=DESC,2026-06-24T20:00:17+00:00
0x594edB9112f526Fa6A80b8F858A6379C8A2c1C11,https://polymarket.com/@0x594edB9112f526Fa6A80b8F858A6379C8A2c1C11,closed,closed_positions,Will the lowest temperature in New York City be between 72-73°F on June 18?,lowest-temperature-in-nyc-on-june-18-2026-72-73f,lowest-temperature-in-nyc-on-june-18-2026,36680237901029291291539058730652253679023018552240650152339095110699349757706,0x4a65c5e0c6b5290c0b79dc40febc7865840314ea799e44b01aa146e21a782164,No,0.991,1,-381.985872,unavailable_from_public_profile_snapshot,2203.333307,unavailable_from_public_profile_snapshot,unavailable_from_public_profile_snapshot,unavailable_from_public_profile_snapshot,1781768678,2026-06-18T00:00:00Z,weather,OTHER,false,false,https://data-api.polymarket.com/closed-positions?user=0x594edB9112f526Fa6A80b8F858A6379C8A2c1C11&limit=50&offset=0&sortBy=TIMESTAMP&sortDirection=DESC,2026-06-24T20:00:17+00:00
0x594edB9112f526Fa6A80b8F858A6379C8A2c1C11,https://polymarket.com/@0x594edB9112f526Fa6A80b8F858A6379C8A2c1C11,closed,closed_positions,Will the lowest temperature in New York City be between 74-75°F on June 18?,lowest-temperature-in-nyc-on-june-18-2026-74-75f,lowest-temperature-in-nyc-on-june-18-2026,36255902971210489097997282451317974157922755611814341592020920175768690874862,0xfff42c3ef8cf1551ec3b0ed3acf8e889125373550b4c9890dbc4b451109974d5,Yes,0.003907,0,177.596581,unavailable_from_public_profile_snapshot,357.990571,unavailable_from_public_profile_snapshot,unavailable_from_public_profile_snapshot,unavailable_from_public_profile_snapshot,1781768678,2026-06-18T00:00:00Z,weather,OTHER,false,true,https://data-api.polymarket.com/closed-positions?user=0x594edB9112f526Fa6A80b8F858A6379C8A2c1C11&limit=50&offset=0&sortBy=TIMESTAMP&sortDirection=DESC,2026-06-24T20:00:17+00:00
0x594edB9112f526Fa6A80b8F858A6379C8A2c1C11,https://polymarket.com/@0x594edB9112f526Fa6A80b8F858A6379C8A2c1C11,closed,closed_positions,Will the lowest temperature in New York City be between 76-77°F on June 18?,lowest-temperature-in-nyc-on-june-18-2026-76-77f,lowest-temperature-in-nyc-on-june-18-2026,20895256036605518970548037707929024374244941073660434062873075393773688427940,0xdeb7e270315ae8b78fb61f332d8c3f320d8c159c1d76de0184d51781ed0a6089,No,0.993559,1,-192.734789,unavailable_from_public_profile_snapshot,390.5,unavailable_from_public_profile_snapshot,unavailable_from_public_profile_snapshot,unavailable_from_public_profile_snapshot,1781768678,2026-06-18T00:00:00Z,weather,OTHER,false,false,https://data-api.polymarket.com/closed-positions?user=0x594edB9112f526Fa6A80b8F858A6379C8A2c1C11&limit=50&offset=0&sortBy=TIMESTAMP&sortDirection=DESC,2026-06-24T20:00:17+00:00
0x594edB9112f526Fa6A80b8F858A6379C8A2c1C11,https://polymarket.com/@0x594edB9112f526Fa6A80b8F858A6379C8A2c1C11,closed,closed_positions,Will the lowest temperature in New York City be between 72-73°F on June 18?,lowest-temperature-in-nyc-on-june-18-2026-72-73f,lowest-temperature-in-nyc-on-june-18-2026,15468433002776476692557435307615168679936402535820461471291612934944126178201,0x4a65c5e0c6b5290c0b79dc40febc7865840314ea799e44b01aa146e21a782164,Yes,0.003921,0,385.937208,unavailable_from_public_profile_snapshot,777.975375,unavailable_from_public_profile_snapshot,unavailable_from_public_profile_snapshot,unavailable_from_public_profile_snapshot,1781768678,2026-06-18T00:00:00Z,weather,OTHER,false,true,https://data-api.polymarket.com/closed-positions?user=0x594edB9112f526Fa6A80b8F858A6379C8A2c1C11&limit=50&offset=0&sortBy=TIMESTAMP&sortDirection=DESC,2026-06-24T20:00:17+00:00
0x594edB9112f526Fa6A80b8F858A6379C8A2c1C11,https://polymarket.com/@0x594edB9112f526Fa6A80b8F858A6379C8A2c1C11,closed,closed_positions,Will the lowest temperature in New York City be 78°F or higher on June 18?,lowest-temperature-in-nyc-on-june-18-2026-78forhigher,lowest-temperature-in-nyc-on-june-18-2026,108354752207453359874345226082674068927019715731073819085168031507765988529295,0x09f26b6d549adacf149cf5eb1cf24b4b16208500d75b788e72dba0e2171d5219,No,0.993956,1,-427.751324,unavailable_from_public_profile_snapshot,2443.755,unavailable_from_public_profile_snapshot,unavailable_from_public_profile_snapshot,unavailable_from_public_profile_snapshot,1781768678,2026-06-18T00:00:00Z,weather,OTHER,false,false,https://data-api.polymarket.com/closed-positions?user=0x594edB9112f526Fa6A80b8F858A6379C8A2c1C11&limit=50&offset=0&sortBy=TIMESTAMP&sortDirection=DESC,2026-06-24T20:00:17+00:00
0x594edB9112f526Fa6A80b8F858A6379C8A2c1C11,https://polymarket.com/@0x594edB9112f526Fa6A80b8F858A6379C8A2c1C11,closed,closed_positions,Will the lowest temperature in London be 18°C on June 18?,lowest-temperature-in-london-on-june-18-2026-18c,lowest-temperature-in-london-on-june-18-2026,107575622271568080688197329269130923900378516050963349008229475672805878479185,0x432fbc2137671c41a9d7e7b6b394f2bfbb4ac4a429a1e162881ea87b31402aa9,No,0.993,1,-217.93134,unavailable_from_public_profile_snapshot,442.051427,unavailable_from_public_profile_snapshot,unavailable_from_public_profile_snapshot,unavailable_from_public_profile_snapshot,1781768678,2026-06-18T00:00:00Z,weather,OTHER,false,false,https://data-api.polymarket.com/closed-positions?user=0x594edB9112f526Fa6A80b8F858A6379C8A2c1C11&limit=50&offset=0&sortBy=TIMESTAMP&sortDirection=DESC,2026-06-24T20:00:17+00:00
0x594edB9112f526Fa6A80b8F858A6379C8A2c1C11,https://polymarket.com/@0x594edB9112f526Fa6A80b8F858A6379C8A2c1C11,closed,closed_positions,Will the lowest temperature in New York City be between 74-75°F on June 18?,lowest-temperature-in-nyc-on-june-18-2026-74-75f,lowest-temperature-in-nyc-on-june-18-2026,104131597680836165190400134772828225008336002048744294796203761633916771280606,0xfff42c3ef8cf1551ec3b0ed3acf8e889125373550b4c9890dbc4b451109974d5,No,0.992888,1,-176.449221,unavailable_from_public_profile_snapshot,2249.557856,unavailable_from_public_profile_snapshot,unavailable_from_public_profile_snapshot,unavailable_from_public_profile_snapshot,1781768678,2026-06-18T00:00:00Z,weather,OTHER,false,false,https://data-api.polymarket.com/closed-positions?user=0x594edB9112f526Fa6A80b8F858A6379C8A2c1C11&limit=50&offset=0&sortBy=TIMESTAMP&sortDirection=DESC,2026-06-24T20:00:17+00:00
0x594edB9112f526Fa6A80b8F858A6379C8A2c1C11,https://polymarket.com/@0x594edB9112f526Fa6A80b8F858A6379C8A2c1C11,closed,closed_positions,Will the lowest temperature in Seoul be 20°C on June 18?,lowest-temperature-in-seoul-on-june-18-2026-20c,lowest-temperature-in-seoul-on-june-18-2026,103954532442203172259071945466131807828644491677833732069417645579440458317618,0xe9093eba71ad807f4785e3969ce99113f7d34c5bdca228a4c228ea7a7a0325a7,No,0.99,1,0,unavailable_from_public_profile_snapshot,0.25,unavailable_from_public_profile_snapshot,unavailable_from_public_profile_snapshot,unavailable_from_public_profile_snapshot,1781767480,2026-06-18T00:00:00Z,weather,OTHER,false,false,https://data-api.polymarket.com/closed-positions?user=0x594edB9112f526Fa6A80b8F858A6379C8A2c1C11&limit=50&offset=0&sortBy=TIMESTAMP&sortDirection=DESC,2026-06-24T20:00:17+00:00
0x594edB9112f526Fa6A80b8F858A6379C8A2c1C11,https://polymarket.com/@0x594edB9112f526Fa6A80b8F858A6379C8A2c1C11,closed,closed_positions,Will the lowest temperature in New York City be 59°F or below on June 18?,lowest-temperature-in-nyc-on-june-18-2026-59forbelow,lowest-temperature-in-nyc-on-june-18-2026,42640551913718070562570305535271610404502171782117177294983642365799079601353,0xd31c594709fb4e6f9d3b896079f19f983dfc27ca517f1ebf6761ea3ab0f99f55,No,0.991,1,-93.256121,unavailable_from_public_profile_snapshot,2186.53775,unavailable_from_public_profile_snapshot,unavailable_from_public_profile_snapshot,unavailable_from_public_profile_snapshot,1781766256,2026-06-18T00:00:00Z,weather,OTHER,false,false,https://data-api.polymarket.com/closed-positions?user=0x594edB9112f526Fa6A80b8F858A6379C8A2c1C11&limit=50&offset=0&sortBy=TIMESTAMP&sortDirection=DESC,2026-06-24T20:00:17+00:00
0x594edB9112f526Fa6A80b8F858A6379C8A2c1C11,https://polymarket.com/@0x594edB9112f526Fa6A80b8F858A6379C8A2c1C11,closed,closed_positions,Will the lowest temperature in New York City be 59°F or below on June 18?,lowest-temperature-in-nyc-on-june-18-2026-59forbelow,lowest-temperature-in-nyc-on-june-18-2026,101716672414344811088119727049763958939268260458406543619298173990184553916137,0xd31c594709fb4e6f9d3b896079f19f983dfc27ca517f1ebf6761ea3ab0f99f55,Yes,0.007031,0,93.630095,unavailable_from_public_profile_snapshot,189.931,unavailable_from_public_profile_snapshot,unavailable_from_public_profile_snapshot,unavailable_from_public_profile_snapshot,1781766256,2026-06-18T00:00:00Z,weather,OTHER,false,true,https://data-api.polymarket.com/closed-positions?user=0x594edB9112f526Fa6A80b8F858A6379C8A2c1C11&limit=50&offset=0&sortBy=TIMESTAMP&sortDirection=DESC,2026-06-24T20:00:17+00:00
0x594edB9112f526Fa6A80b8F858A6379C8A2c1C11,https://polymarket.com/@0x594edB9112f526Fa6A80b8F858A6379C8A2c1C11,closed,closed_positions,Will the lowest temperature in Tokyo be 17°C on June 17?,lowest-temperature-in-tokyo-on-june-17-2026-17c,lowest-temperature-in-tokyo-on-june-17-2026,59559917638321324817284670303923622594928799800616388475414397914519321298566,0xf0e1a374f656997bcf47de6dd7aa7ca4746693c3229a8c08e56fe1a5c5985c74,No,0.99,1,0,unavailable_from_public_profile_snapshot,300,unavailable_from_public_profile_snapshot,unavailable_from_public_profile_snapshot,unavailable_from_public_profile_snapshot,1781696836,2026-06-17T00:00:00Z,weather,OTHER,false,false,https://data-api.polymarket.com/closed-positions?user=0x594edB9112f526Fa6A80b8F858A6379C8A2c1C11&limit=50&offset=0&sortBy=TIMESTAMP&sortDirection=DESC,2026-06-24T20:00:17+00:00
0x594edB9112f526Fa6A80b8F858A6379C8A2c1C11,https://polymarket.com/@0x594edB9112f526Fa6A80b8F858A6379C8A2c1C11,closed,closed_positions,Will the lowest temperature in Tokyo be 17°C on June 17?,lowest-temperature-in-tokyo-on-june-17-2026-17c,lowest-temperature-in-tokyo-on-june-17-2026,73369502947510179527466829286505352899618924712269204433177414300347338066296,0xf0e1a374f656997bcf47de6dd7aa7ca4746693c3229a8c08e56fe1a5c5985c74,Yes,0.013055,0,0,unavailable_from_public_profile_snapshot,989,unavailable_from_public_profile_snapshot,unavailable_from_public_profile_snapshot,unavailable_from_public_profile_snapshot,1781696770,2026-06-17T00:00:00Z,weather,OTHER,false,true,https://data-api.polymarket.com/closed-positions?user=0x594edB9112f526Fa6A80b8F858A6379C8A2c1C11&limit=50&offset=0&sortBy=TIMESTAMP&sortDirection=DESC,2026-06-24T20:00:17+00:00
0x594edB9112f526Fa6A80b8F858A6379C8A2c1C11,https://polymarket.com/@0x594edB9112f526Fa6A80b8F858A6379C8A2c1C11,closed,closed_positions,Will the lowest temperature in London be 16°C on June 17?,lowest-temperature-in-london-on-june-17-2026-16c,lowest-temperature-in-london-on-june-17-2026,65246386943900470725038356664275395867067503323158662776111278077007166748941,0xec424c02b834ec2b37ddad01b6f60e9105a66fae2065d95fc8faae65713632fa,No,0.955838,1,0,unavailable_from_public_profile_snapshot,37.090908,unavailable_from_public_profile_snapshot,unavailable_from_public_profile_snapshot,unavailable_from_public_profile_snapshot,1781696534,2026-06-17T00:00:00Z,weather,OTHER,false,false,https://data-api.polymarket.com/closed-positions?user=0x594edB9112f526Fa6A80b8F858A6379C8A2c1C11&limit=50&offset=0&sortBy=TIMESTAMP&sortDirection=DESC,2026-06-24T20:00:17+00:00
0x594edB9112f526Fa6A80b8F858A6379C8A2c1C11,https://polymarket.com/@0x594edB9112f526Fa6A80b8F858A6379C8A2c1C11,closed,closed_positions,Will the lowest temperature in London be 16°C on June 17?,lowest-temperature-in-london-on-june-17-2026-16c,lowest-temperature-in-london-on-june-17-2026,30407436432542923935895893415312195727220440217837362474529943229828245739042,0xec424c02b834ec2b37ddad01b6f60e9105a66fae2065d95fc8faae65713632fa,Yes,0.026041,0,0,unavailable_from_public_profile_snapshot,80.087111,unavailable_from_public_profile_snapshot,unavailable_from_public_profile_snapshot,unavailable_from_public_profile_snapshot,1781696486,2026-06-17T00:00:00Z,weather,OTHER,false,true,https://data-api.polymarket.com/closed-positions?user=0x594edB9112f526Fa6A80b8F858A6379C8A2c1C11&limit=50&offset=0&sortBy=TIMESTAMP&sortDirection=DESC,2026-06-24T20:00:17+00:00
0x594edB9112f526Fa6A80b8F858A6379C8A2c1C11,https://polymarket.com/@0x594edB9112f526Fa6A80b8F858A6379C8A2c1C11,closed,closed_positions,Will the lowest temperature in London be 17°C on June 17?,lowest-temperature-in-london-on-june-17-2026-17c,lowest-temperature-in-london-on-june-17-2026,22722104355911230107041048943072430537351235434533679717426085963432416373834,0xf68262781d22705a9a3c6ff512afe7faff452c6a07304c8c9471cf26a8764d93,No,0.025263,0,0,unavailable_from_public_profile_snapshot,405.055768,unavailable_from_public_profile_snapshot,unavailable_from_public_profile_snapshot,unavailable_from_public_profile_snapshot,1781696434,2026-06-17T00:00:00Z,weather,OTHER,false,true,https://data-api.polymarket.com/closed-positions?user=0x594edB9112f526Fa6A80b8F858A6379C8A2c1C11&limit=50&offset=0&sortBy=TIMESTAMP&sortDirection=DESC,2026-06-24T20:00:17+00:00
0x594edB9112f526Fa6A80b8F858A6379C8A2c1C11,https://polymarket.com/@0x594edB9112f526Fa6A80b8F858A6379C8A2c1C11,closed,closed_positions,Will the lowest temperature in London be 17°C on June 17?,lowest-temperature-in-london-on-june-17-2026-17c,lowest-temperature-in-london-on-june-17-2026,42206229351906972119859335286468885888098669190744453056792571809620278634455,0xf68262781d22705a9a3c6ff512afe7faff452c6a07304c8c9471cf26a8764d93,Yes,0.954,1,0,unavailable_from_public_profile_snapshot,818.995597,unavailable_from_public_profile_snapshot,unavailable_from_public_profile_snapshot,unavailable_from_public_profile_snapshot,1781696396,2026-06-17T00:00:00Z,weather,OTHER,false,false,https://data-api.polymarket.com/closed-positions?user=0x594edB9112f526Fa6A80b8F858A6379C8A2c1C11&limit=50&offset=0&sortBy=TIMESTAMP&sortDirection=DESC,2026-06-24T20:00:17+00:00
0xde79cc7660d5c05b4cd2f4e72cae30cde2583d9a,https://polymarket.com/0xde79cc7660d5c05b4cd2f4e72cae30cde2583d9a,active,positions,"Bitcoin Up or Down - February 16, 5:50PM-5:55PM ET",btc-updown-5m-1771282200,btc-updown-5m-1771282200,60372480659066749659245261515726029271626208338423506511721323939353936635772,0xbc5b3456f58b9d50591593c1855b36990be36e986523f3c936d7eece1ac6aa75,Down,0.9229,0,0,-239.1769,259.4787,259.1505,239.1769,0,,2026-02-16,fast_crypto,BTC,true,false,https://data-api.polymarket.com/positions?user=0xde79cc7660d5c05b4cd2f4e72cae30cde2583d9a&limit=50,2026-06-24T20:00:17+00:00
0xde79cc7660d5c05b4cd2f4e72cae30cde2583d9a,https://polymarket.com/0xde79cc7660d5c05b4cd2f4e72cae30cde2583d9a,active,positions,"Bitcoin Up or Down - February 17, 6:15AM-6:30AM ET",btc-updown-15m-1771326900,btc-updown-15m-1771326900,55648064559060824625092770575020159635730869561247365209150047148659062670156,0x06dd1b616803bab24ff7b640dfd2c1ef15f07aa57424214496cb587950c979e8,Down,0.98,0,-1.932,-97.3755,102.1326,99.3628,97.3755,0,,2026-02-17,fast_crypto,BTC,true,false,https://data-api.polymarket.com/positions?user=0xde79cc7660d5c05b4cd2f4e72cae30cde2583d9a&limit=50,2026-06-24T20:00:17+00:00
0xde79cc7660d5c05b4cd2f4e72cae30cde2583d9a,https://polymarket.com/0xde79cc7660d5c05b4cd2f4e72cae30cde2583d9a,active,positions,"Bitcoin Up or Down - February 16, 4:30AM-4:35AM ET",btc-updown-5m-1771234200,btc-updown-5m-1771234200,62613021882491563385777369505449499369141472966378164346482157329384689000140,0x9d2516575412146080c27aeab6dfb8a1eee5458cb1ef4b4162702e2db2c52fc3,Down,0.7349,0,-0.9746,-72.0698,104.05,98.0629,72.0698,0,,2026-02-16,fast_crypto,BTC,true,false,https://data-api.polymarket.com/positions?user=0xde79cc7660d5c05b4cd2f4e72cae30cde2583d9a&limit=50,2026-06-24T20:00:17+00:00
0xde79cc7660d5c05b4cd2f4e72cae30cde2583d9a,https://polymarket.com/0xde79cc7660d5c05b4cd2f4e72cae30cde2583d9a,active,positions,"Bitcoin Up or Down - February 13, 10:45AM-10:50AM ET",btc-updown-5m-1770997500,btc-updown-5m-1770997500,98525409192332397391570522171830903500318762472726595436499348162348594925234,0x95c5979fa2418c7759f287d20001aee066cde1b7f36b1196438aba3300b11fda,Up,0.2555,0,-6.2846,-19.8618,142.9392,77.7237,19.8618,0,,2026-02-13,fast_crypto,BTC,true,false,https://data-api.polymarket.com/positions?user=0xde79cc7660d5c05b4cd2f4e72cae30cde2583d9a&limit=50,2026-06-24T20:00:17+00:00
0xde79cc7660d5c05b4cd2f4e72cae30cde2583d9a,https://polymarket.com/0xde79cc7660d5c05b4cd2f4e72cae30cde2583d9a,active,positions,"Bitcoin Up or Down - February 14, 1:45AM-2:00AM ET",btc-updown-15m-1771051500,btc-updown-15m-1771051500,9400067515759905276785967320593804398623639377313858009701392951157720073351,0x0dfa6398660cc3abbe2ddfda77cd73bffacc88d98b3b8e175a9422b7dba3488f,Down,0.1399,0,0,-9.9636,71.4285,71.1697,9.9636,0,,2026-02-14,fast_crypto,BTC,true,true,https://data-api.polymarket.com/positions?user=0xde79cc7660d5c05b4cd2f4e72cae30cde2583d9a&limit=50,2026-06-24T20:00:17+00:00
0xde79cc7660d5c05b4cd2f4e72cae30cde2583d9a,https://polymarket.com/0xde79cc7660d5c05b4cd2f4e72cae30cde2583d9a,active,positions,"Bitcoin Up or Down - February 3, 4:45PM-5:00PM ET",btc-updown-15m-1770155100,btc-updown-15m-1770155100,62609370894063599815349376967571381428519616349450706969797045952167467332970,0xafbb27dcd3e5916ed6f55d0406d6a280f95f6059bd54bf25721ac7fc55f0e508,Up,0.186,0,0,-12.9231,69.8841,69.4716,12.9231,0,,2026-02-03,fast_crypto,BTC,true,true,https://data-api.polymarket.com/positions?user=0xde79cc7660d5c05b4cd2f4e72cae30cde2583d9a&limit=50,2026-06-24T20:00:17+00:00
0xde79cc7660d5c05b4cd2f4e72cae30cde2583d9a,https://polymarket.com/0xde79cc7660d5c05b4cd2f4e72cae30cde2583d9a,active,positions,"Bitcoin Up or Down - February 3, 6:45PM-7:00PM ET",btc-updown-15m-1770162300,btc-updown-15m-1770162300,47408165888767952178504786824687860534972457890413735924269983683767336529163,0xac33fed581442d76ce5e7649c4491e5da3906b52d2d115f2da2bcac7ce593de5,Up,0.0321,0,-10.1519,-2.1412,100.9523,66.6546,2.1412,0,,2026-02-04,fast_crypto,BTC,true,true,https://data-api.polymarket.com/positions?user=0xde79cc7660d5c05b4cd2f4e72cae30cde2583d9a&limit=50,2026-06-24T20:00:17+00:00
0xde79cc7660d5c05b4cd2f4e72cae30cde2583d9a,https://polymarket.com/0xde79cc7660d5c05b4cd2f4e72cae30cde2583d9a,active,positions,"Bitcoin Up or Down - February 13, 7:40AM-7:45AM ET",btc-updown-5m-1770986400,btc-updown-5m-1770986400,22202305663386293267072055149963891149104149400464407269613887761643664707778,0x666f5945027aafbf67f6a3f2d583eea264b4ec6fda455e95d1ae469c5539b210,Down,0.2984,0,0,-19.7807,67.007,66.2726,19.7807,0,,2026-02-13,fast_crypto,BTC,true,false,https://data-api.polymarket.com/positions?user=0xde79cc7660d5c05b4cd2f4e72cae30cde2583d9a&limit=50,2026-06-24T20:00:17+00:00
0xde79cc7660d5c05b4cd2f4e72cae30cde2583d9a,https://polymarket.com/0xde79cc7660d5c05b4cd2f4e72cae30cde2583d9a,active,positions,"Bitcoin Up or Down - February 13, 11:45AM-12:00PM ET",btc-updown-15m-1771001100,btc-updown-15m-1771001100,70691167293642039967998922828087770199027722496924750258807327584129784845016,0x556b6f05283e99c52fc2b92801d39606e568fba0670e7b1730b4f5916a4b4498,Up,0.3154,0,0.1767,-19.7522,90.2101,62.6249,19.7522,0,,2026-02-13,fast_crypto,BTC,true,false,https://data-api.polymarket.com/positions?user=0xde79cc7660d5c05b4cd2f4e72cae30cde2583d9a&limit=50,2026-06-24T20:00:17+00:00
0xde79cc7660d5c05b4cd2f4e72cae30cde2583d9a,https://polymarket.com/0xde79cc7660d5c05b4cd2f4e72cae30cde2583d9a,active,positions,"Bitcoin Up or Down - February 12, 5:30AM-5:45AM ET",btc-updown-15m-1770892200,btc-updown-15m-1770892200,70137607204932683299025628515516010313999263792586693058364258551099305418378,0xc9a466ff5dcda816673a399a9022dfb23d5c3d8b64952bb4c83f1ff89c0a14f9,Down,0.08,0,0,-4.9932,62.5,62.4154,4.9932,0,,2026-02-12,fast_crypto,BTC,true,true,https://data-api.polymarket.com/positions?user=0xde79cc7660d5c05b4cd2f4e72cae30cde2583d9a&limit=50,2026-06-24T20:00:17+00:00
0xde79cc7660d5c05b4cd2f4e72cae30cde2583d9a,https://polymarket.com/0xde79cc7660d5c05b4cd2f4e72cae30cde2583d9a,active,positions,"Bitcoin Up or Down - February 13, 8:00AM-8:15AM ET",btc-updown-15m-1770987600,btc-updown-15m-1770987600,98811342133746121775245046848652869165826290277339976474612235800320773252156,0xd3c71dfbbd8720c06ab61f7b3b2faf31d75723f7b39e0380c3d012ee8c21dddc,Up,0.16,0,0,-9.9548,62.5,62.2178,9.9548,0,,2026-02-13,fast_crypto,BTC,true,true,https://data-api.polymarket.com/positions?user=0xde79cc7660d5c05b4cd2f4e72cae30cde2583d9a&limit=50,2026-06-24T20:00:17+00:00
0xde79cc7660d5c05b4cd2f4e72cae30cde2583d9a,https://polymarket.com/0xde79cc7660d5c05b4cd2f4e72cae30cde2583d9a,active,positions,"Bitcoin Up or Down - February 16, 7:35AM-7:40AM ET",btc-updown-5m-1771245300,btc-updown-5m-1771245300,44823544487228093036750103471403718337666294152715461275786181226903452412659,0x23ba9568dea52f9568e411c902fee0d4cca10bb37bda07c088d04a0f7590cc0c,Down,0.9331,0,0,-57.8041,62.0173,61.9468,57.8041,0,,2026-02-16,fast_crypto,BTC,true,false,https://data-api.polymarket.com/positions?user=0xde79cc7660d5c05b4cd2f4e72cae30cde2583d9a&limit=50,2026-06-24T20:00:17+00:00
0xde79cc7660d5c05b4cd2f4e72cae30cde2583d9a,https://polymarket.com/0xde79cc7660d5c05b4cd2f4e72cae30cde2583d9a,active,positions,"Bitcoin Up or Down - February 13, 6:45AM-7:00AM ET",btc-updown-15m-1770983100,btc-updown-15m-1770983100,78054034651593745729534417803397301838717296752359544277206232457559106617417,0x922f1c67adc10beb2e67ec480fe70f1f2d791b4c55028ae84921af439f58214f,Down,0.3234,0,-2.7175,-19.8962,96.7259,61.5158,19.8962,0,,2026-02-13,fast_crypto,BTC,true,false,https://data-api.polymarket.com/positions?user=0xde79cc7660d5c05b4cd2f4e72cae30cde2583d9a&limit=50,2026-06-24T20:00:17+00:00
0xde79cc7660d5c05b4cd2f4e72cae30cde2583d9a,https://polymarket.com/0xde79cc7660d5c05b4cd2f4e72cae30cde2583d9a,active,positions,"Bitcoin Up or Down - February 3, 4:30PM-4:45PM ET",btc-updown-15m-1770154200,btc-updown-15m-1770154200,35830065018591052958462068529728046849588964848195745735498863345430492033591,0x0afffe80865b0b5cd481439852e44f2001af29e4facd5272c52cf3f72fe8f4b6,Up,0.0499,0,0,-2.9983,60,59.9662,2.9983,0,,2026-02-03,fast_crypto,BTC,true,true,https://data-api.polymarket.com/positions?user=0xde79cc7660d5c05b4cd2f4e72cae30cde2583d9a&limit=50,2026-06-24T20:00:17+00:00
0xde79cc7660d5c05b4cd2f4e72cae30cde2583d9a,https://polymarket.com/0xde79cc7660d5c05b4cd2f4e72cae30cde2583d9a,active,positions,"Bitcoin Up or Down - February 16, 4:20PM-4:25PM ET",btc-updown-5m-1771276800,btc-updown-5m-1771276800,5213490661297316071692634491837821149835210454614811172124639536329599779615,0x8ced0e4d2900af69ac5c6c3ecef53a4482f8218434e433594302db734af86938,Down,0.3789,0,0,-19.723,52.7742,52.0434,19.723,0,,2026-02-16,fast_crypto,BTC,true,false,https://data-api.polymarket.com/positions?user=0xde79cc7660d5c05b4cd2f4e72cae30cde2583d9a&limit=50,2026-06-24T20:00:17+00:00
0xde79cc7660d5c05b4cd2f4e72cae30cde2583d9a,https://polymarket.com/0xde79cc7660d5c05b4cd2f4e72cae30cde2583d9a,active,positions,"Bitcoin Up or Down - February 13, 7:00AM-7:15AM ET",btc-updown-15m-1770984000,btc-updown-15m-1770984000,93564394007078513265383722172612882917620079640271681071936672345259465634260,0x2b6257d4300204b97900e19bc7de550b73cf58d2735860f13e4345ea20d996a9,Up,0.0999,0,0,-4.9898,50,49.8988,4.9898,0,,2026-02-13,fast_crypto,BTC,true,true,https://data-api.polymarket.com/positions?user=0xde79cc7660d5c05b4cd2f4e72cae30cde2583d9a&limit=50,2026-06-24T20:00:17+00:00
0xde79cc7660d5c05b4cd2f4e72cae30cde2583d9a,https://polymarket.com/0xde79cc7660d5c05b4cd2f4e72cae30cde2583d9a,active,positions,"Bitcoin Up or Down - February 14, 12:15AM-12:30AM ET",btc-updown-15m-1771046100,btc-updown-15m-1771046100,107775474192672092375466461527021632402218757035110906597944685846477430136315,0x47e14bd59a83f6711480ed928fea0e485bfafb13b4292d1ed1df84bf7053d0ee,Down,0.1999,0,0,-9.936,50,49.68,9.936,0,,2026-02-14,fast_crypto,BTC,true,true,https://data-api.polymarket.com/positions?user=0xde79cc7660d5c05b4cd2f4e72cae30cde2583d9a&limit=50,2026-06-24T20:00:17+00:00
0xde79cc7660d5c05b4cd2f4e72cae30cde2583d9a,https://polymarket.com/0xde79cc7660d5c05b4cd2f4e72cae30cde2583d9a,active,positions,"Bitcoin Up or Down - February 13, 6:05AM-6:10AM ET",btc-updown-5m-1770980700,btc-updown-5m-1770980700,50650578905003799106902182169000811405018927782363061964942970109376505133552,0x82b3fe96c30625f2f13b60755577e9c4c40f795e762c4530bb2a1e2cb7c985e3,Up,0.6237,0,0,-29.7401,48.0969,47.6804,29.7401,0,,2026-02-13,fast_crypto,BTC,true,false,https://data-api.polymarket.com/positions?user=0xde79cc7660d5c05b4cd2f4e72cae30cde2583d9a&limit=50,2026-06-24T20:00:17+00:00
0xde79cc7660d5c05b4cd2f4e72cae30cde2583d9a,https://polymarket.com/0xde79cc7660d5c05b4cd2f4e72cae30cde2583d9a,active,positions,"Bitcoin Up or Down - February 13, 6:55AM-7:00AM ET",btc-updown-5m-1770983700,btc-updown-5m-1770983700,38717830432886428365262373828597733824719485187475919440761049362465621245441,0x909d2ae2ef045fdec2dd2ebe236b11ebb096713b2cb1ac262921f5773a592c7f,Down,0.1057,0,0,-4.9888,47.2727,47.167,4.9888,0,,2026-02-13,fast_crypto,BTC,true,true,https://data-api.polymarket.com/positions?user=0xde79cc7660d5c05b4cd2f4e72cae30cde2583d9a&limit=50,2026-06-24T20:00:17+00:00
0xde79cc7660d5c05b4cd2f4e72cae30cde2583d9a,https://polymarket.com/0xde79cc7660d5c05b4cd2f4e72cae30cde2583d9a,active,positions,"Bitcoin Up or Down - February 16, 4:45PM-4:50PM ET",btc-updown-5m-1771278300,btc-updown-5m-1771278300,42045196942851189099495476013580188725113997948888346476316172741479588272452,0x47df549a34923c8a71b143756bb8a139855a509b7de6dd6701ba333fe179a722,Up,0.5712,0,8.8859,-26.3129,87.5213,46.059,26.3129,0,,2026-02-16,fast_crypto,BTC,true,false,https://data-api.polymarket.com/positions?user=0xde79cc7660d5c05b4cd2f4e72cae30cde2583d9a&limit=50,2026-06-24T20:00:17+00:00
0xde79cc7660d5c05b4cd2f4e72cae30cde2583d9a,https://polymarket.com/0xde79cc7660d5c05b4cd2f4e72cae30cde2583d9a,active,positions,"Bitcoin Up or Down - February 5, 3:15PM-3:30PM ET",btc-updown-15m-1770322500,btc-updown-15m-1770322500,65032847304496162849410052381827632046505873260140508387360081365920954352147,0xed1710fc6f6b08c0d81fa645c0d0c5792eec4139eb21719a143848258ee15d39,Up,0.5499,0,0,-24.6171,45.4545,44.7585,24.6171,0,,2026-02-05,fast_crypto,BTC,true,false,https://data-api.polymarket.com/positions?user=0xde79cc7660d5c05b4cd2f4e72cae30cde2583d9a&limit=50,2026-06-24T20:00:17+00:00
0xde79cc7660d5c05b4cd2f4e72cae30cde2583d9a,https://polymarket.com/0xde79cc7660d5c05b4cd2f4e72cae30cde2583d9a,active,positions,"Bitcoin Up or Down - February 4, 1:30PM-1:45PM ET",btc-updown-15m-1770229800,btc-updown-15m-1770229800,97188771037341091143705672548788920976974882180276272478271796125221695074804,0xa1da98191ee00000d93dc4dd240e133807783d339725af18f6690dd79eb5d563,Down,0.4527,0,0,-19.7347,44.1712,43.5855,19.7347,0,,2026-02-04,fast_crypto,BTC,true,false,https://data-api.polymarket.com/positions?user=0xde79cc7660d5c05b4cd2f4e72cae30cde2583d9a&limit=50,2026-06-24T20:00:17+00:00
0xde79cc7660d5c05b4cd2f4e72cae30cde2583d9a,https://polymarket.com/0xde79cc7660d5c05b4cd2f4e72cae30cde2583d9a,active,positions,"Bitcoin Up or Down - February 9, 4:15PM-4:30PM ET",btc-updown-15m-1770671700,btc-updown-15m-1770671700,44004129409996533289482776433685194355177442246958633668402650925007878482799,0x1791726859f5751a4849ad6b5b0b046b7660ee50fa5bcf98ed96fb32d9bbad67,Up,0.364,0,0,-15.7929,43.9454,43.377,15.7929,0,,2026-02-09,fast_crypto,BTC,true,false,https://data-api.polymarket.com/positions?user=0xde79cc7660d5c05b4cd2f4e72cae30cde2583d9a&limit=50,2026-06-24T20:00:17+00:00
0xde79cc7660d5c05b4cd2f4e72cae30cde2583d9a,https://polymarket.com/0xde79cc7660d5c05b4cd2f4e72cae30cde2583d9a,active,positions,"Bitcoin Up or Down - February 4, 4:15AM-4:30AM ET",btc-updown-15m-1770196500,btc-updown-15m-1770196500,47321899781011270877823634402493521548888718494639578016710552991148082898359,0x3b7d6555b740f83422264b2b7290d375b1b68bb3c57eb5d9b76a1063932480ff,Up,0.2979,0,0,-12.8592,43.6343,43.1619,12.8592,0,,2026-02-04,fast_crypto,BTC,true,false,https://data-api.polymarket.com/positions?user=0xde79cc7660d5c05b4cd2f4e72cae30cde2583d9a&limit=50,2026-06-24T20:00:17+00:00
0xde79cc7660d5c05b4cd2f4e72cae30cde2583d9a,https://polymarket.com/0xde79cc7660d5c05b4cd2f4e72cae30cde2583d9a,active,positions,"Bitcoin Up or Down - February 16, 2:35AM-2:40AM ET",btc-updown-5m-1771227300,btc-updown-5m-1771227300,113524072588264071056793777033341209242148862548576899971991854657720314854563,0xc93406783b7d3d55ff3fe74e0a1b0e0e1b9ba9b6ec529ab5b6fa2bcb9f995099,Up,0.8871,0,0,-37.8974,42.8342,42.7187,37.8974,0,,2026-02-16,fast_crypto,BTC,true,false,https://data-api.polymarket.com/positions?user=0xde79cc7660d5c05b4cd2f4e72cae30cde2583d9a&limit=50,2026-06-24T20:00:17+00:00
0xde79cc7660d5c05b4cd2f4e72cae30cde2583d9a,https://polymarket.com/0xde79cc7660d5c05b4cd2f4e72cae30cde2583d9a,active,positions,"Bitcoin Up or Down - February 2, 5:45PM-6:00PM ET",btc-updown-15m-1770072300,btc-updown-15m-1770072300,97296788165373684716364754342215317220776001521177845240487676947864336311446,0x1f5ec8538d84cb7699f3b44dddd8cde63740a8fc2101f91e92aa95a7c1580b9c,Up,0.2407,0,0,-10.1842,42.6666,42.3104,10.1842,0,,2026-02-02,fast_crypto,BTC,true,false,https://data-api.polymarket.com/positions?user=0xde79cc7660d5c05b4cd2f4e72cae30cde2583d9a&limit=50,2026-06-24T20:00:17+00:00
0xde79cc7660d5c05b4cd2f4e72cae30cde2583d9a,https://polymarket.com/0xde79cc7660d5c05b4cd2f4e72cae30cde2583d9a,active,positions,"Bitcoin Up or Down - February 3, 4:00PM-4:15PM ET",btc-updown-15m-1770152400,btc-updown-15m-1770152400,12803047620667215609636771828141722908459196151211593914165605385551933236218,0x69bb2e9c6be2c850591d8878ea799011631b9d4bdfeafc1ad502c47b363ef726,Down,0.1199,0,0,-4.986,41.6666,41.5505,4.986,0,,2026-02-03,fast_crypto,BTC,true,true,https://data-api.polymarket.com/positions?user=0xde79cc7660d5c05b4cd2f4e72cae30cde2583d9a&limit=50,2026-06-24T20:00:17+00:00
0xde79cc7660d5c05b4cd2f4e72cae30cde2583d9a,https://polymarket.com/0xde79cc7660d5c05b4cd2f4e72cae30cde2583d9a,active,positions,"Bitcoin Up or Down - February 13, 7:35AM-7:40AM ET",btc-updown-5m-1770986100,btc-updown-5m-1770986100,87201794612743856718247903874520586022881957548632853647669723618714027388722,0xd1da3f42d5916334d4ad81d0a40074631a7e953a561241d5bb78c34b9dc4fba8,Down,0.4856,0,0,-19.6879,41.1818,40.5394,19.6879,0,,2026-02-13,fast_crypto,BTC,true,false,https://data-api.polymarket.com/positions?user=0xde79cc7660d5c05b4cd2f4e72cae30cde2583d9a&limit=50,2026-06-24T20:00:17+00:00
0xde79cc7660d5c05b4cd2f4e72cae30cde2583d9a,https://polymarket.com/0xde79cc7660d5c05b4cd2f4e72cae30cde2583d9a,active,positions,"Bitcoin Up or Down - February 3, 10:15AM-10:30AM ET",btc-updown-15m-1770131700,btc-updown-15m-1770131700,35407242335443843601602650396177359988373670977732355688859052533532858197562,0x07f8ee1eca2a3ca7b183f852e3573f6f57772c66be91b63e4082a82752e92ce6,Down,0.25,0,0,-9.9121,40,39.6485,9.9121,0,,2026-02-03,fast_crypto,BTC,true,false,https://data-api.polymarket.com/positions?user=0xde79cc7660d5c05b4cd2f4e72cae30cde2583d9a&limit=50,2026-06-24T20:00:17+00:00
0xde79cc7660d5c05b4cd2f4e72cae30cde2583d9a,https://polymarket.com/0xde79cc7660d5c05b4cd2f4e72cae30cde2583d9a,active,positions,"Bitcoin Up or Down - February 2, 1:00PM-1:15PM ET",btc-updown-15m-1770055200,btc-updown-15m-1770055200,64475584171844005070957199578524890077560514293820160395234897382071165626668,0x1bd135c86acf625cd082d1a58e6bda5cf0721ad3ccb2dabcd155b25462505138,Up,0.2525,0,0,-9.9111,39.5962,39.2444,9.9111,0,,2026-02-02,fast_crypto,BTC,true,false,https://data-api.polymarket.com/positions?user=0xde79cc7660d5c05b4cd2f4e72cae30cde2583d9a&limit=50,2026-06-24T20:00:17+00:00
0xde79cc7660d5c05b4cd2f4e72cae30cde2583d9a,https://polymarket.com/0xde79cc7660d5c05b4cd2f4e72cae30cde2583d9a,active,positions,"Bitcoin Up or Down - February 2, 5:30PM-5:45PM ET",btc-updown-15m-1770071400,btc-updown-15m-1770071400,4137306405183263816842706753266256702708556204973580447433197115452301485955,0x623baf894ecea7c5ccb311b7a79f624adab1860e8e9740576b1b9c3f3063e25d,Down,0.2538,0,0,-9.9108,39.3939,39.0429,9.9108,0,,2026-02-02,fast_crypto,BTC,true,false,https://data-api.polymarket.com/positions?user=0xde79cc7660d5c05b4cd2f4e72cae30cde2583d9a&limit=50,2026-06-24T20:00:17+00:00
0xde79cc7660d5c05b4cd2f4e72cae30cde2583d9a,https://polymarket.com/0xde79cc7660d5c05b4cd2f4e72cae30cde2583d9a,active,positions,"Bitcoin Up or Down - February 2, 2:00PM-2:15PM ET",btc-updown-15m-1770058800,btc-updown-15m-1770058800,73706155139981481909118227296943595809908363342030043233206742659927527202138,0xe0217a3414a237e96caf006bc26acae2752052ad15d8904523f6321abd9f5890,Up,0.6576,0,0,-25.6705,39.5337,39.0329,25.6705,0,,2026-02-02,fast_crypto,BTC,true,false,https://data-api.polymarket.com/positions?user=0xde79cc7660d5c05b4cd2f4e72cae30cde2583d9a&limit=50,2026-06-24T20:00:17+00:00
0xde79cc7660d5c05b4cd2f4e72cae30cde2583d9a,https://polymarket.com/0xde79cc7660d5c05b4cd2f4e72cae30cde2583d9a,active,positions,"Bitcoin Up or Down - February 3, 9:45AM-10:00AM ET",btc-updown-15m-1770129900,btc-updown-15m-1770129900,90389424428324762024426296133631031551502349595079613294801679906614977246586,0x3d4cb72df5e56fcf1ea337c14b0b7cb516527e0566500115ad42cb4ba00615fb,Up,0.4587,0,0,-17.7354,39.2337,38.6573,17.7354,0,,2026-02-03,fast_crypto,BTC,true,false,https://data-api.polymarket.com/positions?user=0xde79cc7660d5c05b4cd2f4e72cae30cde2583d9a&limit=50,2026-06-24T20:00:17+00:00
0xde79cc7660d5c05b4cd2f4e72cae30cde2583d9a,https://polymarket.com/0xde79cc7660d5c05b4cd2f4e72cae30cde2583d9a,active,positions,"Bitcoin Up or Down - February 4, 3:45AM-4:00AM ET",btc-updown-15m-1770194700,btc-updown-15m-1770194700,84677811942817915460226580914112323374717146217293427931639345613981866605157,0x8190083bf04ada3ed29985955e30497e66185b36dd671b823c6c603e74e91a0a,Down,0.3078,0,0,-11.8733,38.9826,38.5713,11.8733,0,,2026-02-04,fast_crypto,BTC,true,false,https://data-api.polymarket.com/positions?user=0xde79cc7660d5c05b4cd2f4e72cae30cde2583d9a&limit=50,2026-06-24T20:00:17+00:00
0xde79cc7660d5c05b4cd2f4e72cae30cde2583d9a,https://polymarket.com/0xde79cc7660d5c05b4cd2f4e72cae30cde2583d9a,active,positions,"Bitcoin Up or Down - February 2, 2:15PM-2:30PM ET",btc-updown-15m-1770059700,btc-updown-15m-1770059700,91755806031458355925753884152639890420276498343625786646567001885254336580750,0x2685b66531cdf49835332e83326f3b53cb054ed462b6da784bab51e0fb4ffb98,Up,0.1299,0,0,-4.9839,38.4615,38.3386,4.9839,0,,2026-02-02,fast_crypto,BTC,true,true,https://data-api.polymarket.com/positions?user=0xde79cc7660d5c05b4cd2f4e72cae30cde2583d9a&limit=50,2026-06-24T20:00:17+00:00
0xde79cc7660d5c05b4cd2f4e72cae30cde2583d9a,https://polymarket.com/0xde79cc7660d5c05b4cd2f4e72cae30cde2583d9a,active,positions,"Bitcoin Up or Down - February 1, 1:00PM-1:15PM ET",btc-updown-15m-1769968800,btc-updown-15m-1769968800,76130032564919044634633586585828857564201293503411270305171814064138504635791,0xb81ac38fe89a9258553e66bbda21bd693f5217ea9519f8686a145a49782c1436,Down,0.1309,0,0,-4.9836,38.1818,38.0571,4.9836,0,,2026-02-01,fast_crypto,BTC,true,true,https://data-api.polymarket.com/positions?user=0xde79cc7660d5c05b4cd2f4e72cae30cde2583d9a&limit=50,2026-06-24T20:00:17+00:00
0xde79cc7660d5c05b4cd2f4e72cae30cde2583d9a,https://polymarket.com/0xde79cc7660d5c05b4cd2f4e72cae30cde2583d9a,active,positions,"Bitcoin Up or Down - February 1, 6:15PM-6:30PM ET",btc-updown-15m-1769987700,btc-updown-15m-1769987700,98733638815465848167821878103509263141724269675621309685322043817418992719678,0xae959fa91192849cb10f89036d98810f7bc3c2811abe6e06f0adf7c114dd2384,Down,0.1926,0,-2.0978,-7.0539,66.9625,36.6245,7.0539,0,,2026-02-01,fast_crypto,BTC,true,true,https://data-api.polymarket.com/positions?user=0xde79cc7660d5c05b4cd2f4e72cae30cde2583d9a&limit=50,2026-06-24T20:00:17+00:00
0xde79cc7660d5c05b4cd2f4e72cae30cde2583d9a,https://polymarket.com/0xde79cc7660d5c05b4cd2f4e72cae30cde2583d9a,active,positions,"Bitcoin Up or Down - February 4, 5:00AM-5:15AM ET",btc-updown-15m-1770199200,btc-updown-15m-1770199200,82921850429156874785327325391401214701442202065995742458792983932106525318736,0x323984d9873d13dff42b8b6b15393bc2007ccc246123c60bae6c57565bc40d93,Down,0.4113,0,-5.4471,-14.8309,79.1023,36.0526,14.8309,0,,2026-02-04,fast_crypto,BTC,true,false,https://data-api.polymarket.com/positions?user=0xde79cc7660d5c05b4cd2f4e72cae30cde2583d9a&limit=50,2026-06-24T20:00:17+00:00
0xde79cc7660d5c05b4cd2f4e72cae30cde2583d9a,https://polymarket.com/0xde79cc7660d5c05b4cd2f4e72cae30cde2583d9a,active,positions,"Bitcoin Up or Down - February 4, 1:00PM-1:15PM ET",btc-updown-15m-1770228000,btc-updown-15m-1770228000,105426291179181917492269418933170316883284419515052758005719684092176869806583,0xb4ab82dd1bce34902acecdeb8077e299ee06dcc074977e763795954473669d6d,Down,0.282,0,-0.557,-9.9729,54.5822,35.3568,9.9729,0,,2026-02-04,fast_crypto,BTC,true,false,https://data-api.polymarket.com/positions?user=0xde79cc7660d5c05b4cd2f4e72cae30cde2583d9a&limit=50,2026-06-24T20:00:17+00:00
0xde79cc7660d5c05b4cd2f4e72cae30cde2583d9a,https://polymarket.com/0xde79cc7660d5c05b4cd2f4e72cae30cde2583d9a,active,positions,"Bitcoin Up or Down - February 3, 3:45PM-4:00PM ET",btc-updown-15m-1770151500,btc-updown-15m-1770151500,12130707657030253374920754668054989956187398325838658027105897486789568320033,0x1b23a075842c820625b907bb9ea3ec493e8f950da1a06228cfaec63d01825b70,Down,0.4202,0,1.8359,-14.7891,70.1316,35.1931,14.7891,0,,2026-02-03,fast_crypto,BTC,true,false,https://data-api.polymarket.com/positions?user=0xde79cc7660d5c05b4cd2f4e72cae30cde2583d9a&limit=50,2026-06-24T20:00:17+00:00
0xde79cc7660d5c05b4cd2f4e72cae30cde2583d9a,https://polymarket.com/0xde79cc7660d5c05b4cd2f4e72cae30cde2583d9a,active,positions,"Bitcoin Up or Down - February 4, 5:45AM-6:00AM ET",btc-updown-15m-1770201900,btc-updown-15m-1770201900,112309333719643111378780491472203488133081643803851068150979529688531000295935,0xd45b0ec6ff8fd0716ee12dc2d74b1c7114c4ff873ca5371d937fbd62c9c2ba42,Down,0.4299,0,0,-14.7746,34.8837,34.3598,14.7746,0,,2026-02-04,fast_crypto,BTC,true,false,https://data-api.polymarket.com/positions?user=0xde79cc7660d5c05b4cd2f4e72cae30cde2583d9a&limit=50,2026-06-24T20:00:17+00:00
0xde79cc7660d5c05b4cd2f4e72cae30cde2583d9a,https://polymarket.com/0xde79cc7660d5c05b4cd2f4e72cae30cde2583d9a,active,positions,"Bitcoin Up or Down - February 1, 9:45AM-10:00AM ET",btc-updown-15m-1769957100,btc-updown-15m-1769957100,71071706639667284152796248421656005688461804065370199507982527154078909920963,0xb1f17f5a9e2effe449825bc8d5f0dd07162a4119b08f949d498b9ed346c24c98,Down,0.0599,0,0,-1.9983,33.3333,33.3068,1.9983,0,,2026-02-01,fast_crypto,BTC,true,true,https://data-api.polymarket.com/positions?user=0xde79cc7660d5c05b4cd2f4e72cae30cde2583d9a&limit=50,2026-06-24T20:00:17+00:00
0xde79cc7660d5c05b4cd2f4e72cae30cde2583d9a,https://polymarket.com/0xde79cc7660d5c05b4cd2f4e72cae30cde2583d9a,active,positions,"Bitcoin Up or Down - February 13, 9:55AM-10:00AM ET",btc-updown-5m-1770994500,btc-updown-5m-1770994500,104554153582756460461696942162247859290847813913472492097829359419786757066552,0x436d5af713760daeef7711f31ae885679d82745c96c0006043ee8745425c404c,Down,0.5945,0,0,-19.7094,33.6385,33.1499,19.7094,0,,2026-02-13,fast_crypto,BTC,true,false,https://data-api.polymarket.com/positions?user=0xde79cc7660d5c05b4cd2f4e72cae30cde2583d9a&limit=50,2026-06-24T20:00:17+00:00
0xde79cc7660d5c05b4cd2f4e72cae30cde2583d9a,https://polymarket.com/0xde79cc7660d5c05b4cd2f4e72cae30cde2583d9a,active,positions,"Bitcoin Up or Down - February 4, 3:15PM-3:30PM ET",btc-updown-15m-1770236100,btc-updown-15m-1770236100,78204012464888431728237445918198678499677231194560346730277613089378631630453,0x54d24f8f4caea1f12d051dc773940c0834ea2688f01751507842f716fdde9e1c,Down,0.186,0,0,-6.0649,32.7777,32.5897,6.0649,0,,2026-02-04,fast_crypto,BTC,true,true,https://data-api.polymarket.com/positions?user=0xde79cc7660d5c05b4cd2f4e72cae30cde2583d9a&limit=50,2026-06-24T20:00:17+00:00
0xde79cc7660d5c05b4cd2f4e72cae30cde2583d9a,https://polymarket.com/0xde79cc7660d5c05b4cd2f4e72cae30cde2583d9a,active,positions,"Bitcoin Up or Down - February 13, 6:15AM-6:30AM ET",btc-updown-15m-1770981300,btc-updown-15m-1770981300,58373838369336315281050317314244398231668591107391570616756908641068357784741,0xfb8c76151f6993550ff850eb2cb71bb75eb070fd0478acd624aa22c6f513e4d7,Down,0.3099,0,0,-9.8856,32.258,31.8891,9.8856,0,,2026-02-13,fast_crypto,BTC,true,false,https://data-api.polymarket.com/positions?user=0xde79cc7660d5c05b4cd2f4e72cae30cde2583d9a&limit=50,2026-06-24T20:00:17+00:00
0xde79cc7660d5c05b4cd2f4e72cae30cde2583d9a,https://polymarket.com/0xde79cc7660d5c05b4cd2f4e72cae30cde2583d9a,active,positions,"Bitcoin Up or Down - February 1, 7:15AM-7:30AM ET",btc-updown-15m-1769948100,btc-updown-15m-1769948100,50840100094291501385886716478627556569959134837279158096680837109856126776604,0x018906098ff86fbc2c49a859664a893d4bc04129f46eb2eb0874d091120a0e61,Up,0.094,0,0,-2.9922,31.8965,31.8143,2.9922,0,,2026-02-01,fast_crypto,BTC,true,true,https://data-api.polymarket.com/positions?user=0xde79cc7660d5c05b4cd2f4e72cae30cde2583d9a&limit=50,2026-06-24T20:00:17+00:00
0xde79cc7660d5c05b4cd2f4e72cae30cde2583d9a,https://polymarket.com/0xde79cc7660d5c05b4cd2f4e72cae30cde2583d9a,active,positions,"Bitcoin Up or Down - February 2, 3:45PM-4:00PM ET",btc-updown-15m-1770065100,btc-updown-15m-1770065100,74888529820797194088653777670181080232669367155538012812144324121095345903274,0x19b6b8966f3afed1875ef458f8a84a5427f1cdd3fc718aef081ec1365fdce480,Up,0.4695,0,0,-14.7929,31.9472,31.5064,14.7929,0,,2026-02-02,fast_crypto,BTC,true,false,https://data-api.polymarket.com/positions?user=0xde79cc7660d5c05b4cd2f4e72cae30cde2583d9a&limit=50,2026-06-24T20:00:17+00:00
0xde79cc7660d5c05b4cd2f4e72cae30cde2583d9a,https://polymarket.com/0xde79cc7660d5c05b4cd2f4e72cae30cde2583d9a,active,positions,"Bitcoin Up or Down - February 15, 1:30PM-1:35PM ET",btc-updown-5m-1771180200,btc-updown-5m-1771180200,1148505196282244306411733014249621665708366185398478157680798195964751150253,0xc6c19fa4b92cbb414115ef535d86753c040cef512788559e646e91ff7453af3a,Up,0.6299,0,0,-19.7283,31.746,31.3148,19.7283,0,,2026-02-15,fast_crypto,BTC,true,false,https://data-api.polymarket.com/positions?user=0xde79cc7660d5c05b4cd2f4e72cae30cde2583d9a&limit=50,2026-06-24T20:00:17+00:00
0xde79cc7660d5c05b4cd2f4e72cae30cde2583d9a,https://polymarket.com/0xde79cc7660d5c05b4cd2f4e72cae30cde2583d9a,active,positions,"Bitcoin Up or Down - February 4, 3:45PM-4:00PM ET",btc-updown-15m-1770237900,btc-updown-15m-1770237900,94248455258929918241889766263786317801848583919944269964165970697229402693357,0xeec7d74bb122b7ec47ab2a9991a28786cbb8fec81c7d4178345d7ba9e79d4235,Up,0.4199,0,0,-12.8071,30.9523,30.4932,12.8071,0,,2026-02-04,fast_crypto,BTC,true,false,https://data-api.polymarket.com/positions?user=0xde79cc7660d5c05b4cd2f4e72cae30cde2583d9a&limit=50,2026-06-24T20:00:17+00:00
0xde79cc7660d5c05b4cd2f4e72cae30cde2583d9a,https://polymarket.com/0xde79cc7660d5c05b4cd2f4e72cae30cde2583d9a,active,positions,"Bitcoin Up or Down - February 4, 9:45AM-10:00AM ET",btc-updown-15m-1770216300,btc-updown-15m-1770216300,98517988190547093191301921101376519713618795783947713012776621497214357910268,0x0b852bc44bada06be9df55f76f0ebc1ec3bfe99e2d5cdbb90b9bcd1129ccc48a,Up,0.1699,0,0,-4.975,29.4117,29.2654,4.975,0,,2026-02-04,fast_crypto,BTC,true,true,https://data-api.polymarket.com/positions?user=0xde79cc7660d5c05b4cd2f4e72cae30cde2583d9a&limit=50,2026-06-24T20:00:17+00:00
0xde79cc7660d5c05b4cd2f4e72cae30cde2583d9a,https://polymarket.com/0xde79cc7660d5c05b4cd2f4e72cae30cde2583d9a,closed,closed_positions,"Bitcoin Up or Down - February 17, 5:30AM-5:45AM ET",btc-updown-15m-1771324200,btc-updown-15m-1771324200,103927816016202751061724512752989082199956598040964653826191736903517318487556,0xdd7a489c86322fba4e4a8a20638f98c378cc076eef493d08fd6af1d2b73edb3c,Down,0.9796,1,2.041872,unavailable_from_public_profile_snapshot,100.0918,unavailable_from_public_profile_snapshot,unavailable_from_public_profile_snapshot,unavailable_from_public_profile_snapshot,1771325397,2026-02-17T00:00:00Z,fast_crypto,BTC,true,false,https://data-api.polymarket.com/closed-positions?user=0xde79cc7660d5c05b4cd2f4e72cae30cde2583d9a&limit=50&offset=0&sortBy=TIMESTAMP&sortDirection=DESC,2026-06-24T20:00:17+00:00
0xde79cc7660d5c05b4cd2f4e72cae30cde2583d9a,https://polymarket.com/0xde79cc7660d5c05b4cd2f4e72cae30cde2583d9a,closed,closed_positions,"Bitcoin Up or Down - February 16, 5:30PM-5:35PM ET",btc-updown-5m-1771281000,btc-updown-5m-1771281000,111220752415266568315044210759061945840571789611044601803375625216801382173396,0xf09cbb02a77963866fc39fbf3785ef6d4664b0737bed4513c33d60d6fc4c0c32,Up,0.974171,1,5.952007,unavailable_from_public_profile_snapshot,239.76265,unavailable_from_public_profile_snapshot,unavailable_from_public_profile_snapshot,unavailable_from_public_profile_snapshot,1771281421,2026-02-16T00:00:00Z,fast_crypto,BTC,true,false,https://data-api.polymarket.com/closed-positions?user=0xde79cc7660d5c05b4cd2f4e72cae30cde2583d9a&limit=50&offset=0&sortBy=TIMESTAMP&sortDirection=DESC,2026-06-24T20:00:17+00:00
0xde79cc7660d5c05b4cd2f4e72cae30cde2583d9a,https://polymarket.com/0xde79cc7660d5c05b4cd2f4e72cae30cde2583d9a,closed,closed_positions,"Bitcoin Up or Down - February 16, 5:15PM-5:30PM ET",btc-updown-15m-1771280100,btc-updown-15m-1771280100,115122762883553093991228315491545172369724679350097496427535717136355209576798,0xc99e4cf77c61b329f6e996693726cda90abc578e0d22f588f62b78d76185645b,Down,0.95,1,11.45669,unavailable_from_public_profile_snapshot,233.94736,unavailable_from_public_profile_snapshot,unavailable_from_public_profile_snapshot,unavailable_from_public_profile_snapshot,1771281151,2026-02-16T00:00:00Z,fast_crypto,BTC,true,false,https://data-api.polymarket.com/closed-positions?user=0xde79cc7660d5c05b4cd2f4e72cae30cde2583d9a&limit=50&offset=0&sortBy=TIMESTAMP&sortDirection=DESC,2026-06-24T20:00:17+00:00
0xde79cc7660d5c05b4cd2f4e72cae30cde2583d9a,https://polymarket.com/0xde79cc7660d5c05b4cd2f4e72cae30cde2583d9a,closed,closed_positions,"Bitcoin Up or Down - February 16, 5:20PM-5:25PM ET",btc-updown-5m-1771280400,btc-updown-5m-1771280400,17944200751466517208015636353327867435472750391074869945116249375875489474678,0x93588b5ea0a09101bfe29296c926c7370786c90765388ff4a08b0c4bc9cd90ac,Down,0.99,1,2.00223,unavailable_from_public_profile_snapshot,222.4848,unavailable_from_public_profile_snapshot,unavailable_from_public_profile_snapshot,unavailable_from_public_profile_snapshot,1771280819,2026-02-16T00:00:00Z,fast_crypto,BTC,true,false,https://data-api.polymarket.com/closed-positions?user=0xde79cc7660d5c05b4cd2f4e72cae30cde2583d9a&limit=50&offset=0&sortBy=TIMESTAMP&sortDirection=DESC,2026-06-24T20:00:17+00:00
0xde79cc7660d5c05b4cd2f4e72cae30cde2583d9a,https://polymarket.com/0xde79cc7660d5c05b4cd2f4e72cae30cde2583d9a,closed,closed_positions,"Bitcoin Up or Down - February 16, 5:00PM-5:15PM ET",btc-updown-15m-1771279200,btc-updown-15m-1771279200,56786514857032019101074734002165588949835999213983845374984169374202673110696,0xc10bcbf65b84d311cfd2a249dd321b03106ae2c2aa2746c829babf979aebf372,Down,0.98,1,4.047551,unavailable_from_public_profile_snapshot,202.37755,unavailable_from_public_profile_snapshot,unavailable_from_public_profile_snapshot,unavailable_from_public_profile_snapshot,1771280377,2026-02-16T00:00:00Z,fast_crypto,BTC,true,false,https://data-api.polymarket.com/closed-positions?user=0xde79cc7660d5c05b4cd2f4e72cae30cde2583d9a&limit=50&offset=0&sortBy=TIMESTAMP&sortDirection=DESC,2026-06-24T20:00:17+00:00
0xde79cc7660d5c05b4cd2f4e72cae30cde2583d9a,https://polymarket.com/0xde79cc7660d5c05b4cd2f4e72cae30cde2583d9a,closed,closed_positions,"Bitcoin Up or Down - February 16, 5:10PM-5:15PM ET",btc-updown-5m-1771279800,btc-updown-5m-1771279800,114020280452071777084023062623741247341034443897425248630000621577531069118965,0xd17e2e81c2e8f526ad1152d171be78352284824f84e8e1b42fe69c97272eb481,Up,0.783117,1,-53.27706,unavailable_from_public_profile_snapshot,350.483832,unavailable_from_public_profile_snapshot,unavailable_from_public_profile_snapshot,unavailable_from_public_profile_snapshot,1771279997,2026-02-16T00:00:00Z,fast_crypto,BTC,true,false,https://data-api.polymarket.com/closed-positions?user=0xde79cc7660d5c05b4cd2f4e72cae30cde2583d9a&limit=50&offset=0&sortBy=TIMESTAMP&sortDirection=DESC,2026-06-24T20:00:17+00:00
0xde79cc7660d5c05b4cd2f4e72cae30cde2583d9a,https://polymarket.com/0xde79cc7660d5c05b4cd2f4e72cae30cde2583d9a,closed,closed_positions,"Bitcoin Up or Down - February 16, 5:05PM-5:10PM ET",btc-updown-5m-1771279500,btc-updown-5m-1771279500,866618764004672938401506932445494621631763177504393811253855425274531075192,0x6170f17fee8f1ad791f30e245771374abd9a0f527312720a03055c83b25e23de,Down,0.807204,1,-99.314156,unavailable_from_public_profile_snapshot,470.921425,unavailable_from_public_profile_snapshot,unavailable_from_public_profile_snapshot,unavailable_from_public_profile_snapshot,1771279717,2026-02-16T00:00:00Z,fast_crypto,BTC,true,false,https://data-api.polymarket.com/closed-positions?user=0xde79cc7660d5c05b4cd2f4e72cae30cde2583d9a&limit=50&offset=0&sortBy=TIMESTAMP&sortDirection=DESC,2026-06-24T20:00:17+00:00
0xde79cc7660d5c05b4cd2f4e72cae30cde2583d9a,https://polymarket.com/0xde79cc7660d5c05b4cd2f4e72cae30cde2583d9a,closed,closed_positions,"Bitcoin Up or Down - February 16, 4:55PM-5:00PM ET",btc-updown-5m-1771278900,btc-updown-5m-1771278900,6606385024474879371520514013925326270155710322314391181655404617277436314025,0x9ff912f9a78b17ebf7b39fa00e1aa732f0871a611b3349728e9dab45a56e0e0c,Up,0.95,1,18.64499,unavailable_from_public_profile_snapshot,380.7263,unavailable_from_public_profile_snapshot,unavailable_from_public_profile_snapshot,unavailable_from_public_profile_snapshot,1771279333,2026-02-16T00:00:00Z,fast_crypto,BTC,true,false,https://data-api.polymarket.com/closed-positions?user=0xde79cc7660d5c05b4cd2f4e72cae30cde2583d9a&limit=50&offset=0&sortBy=TIMESTAMP&sortDirection=DESC,2026-06-24T20:00:17+00:00
0xde79cc7660d5c05b4cd2f4e72cae30cde2583d9a,https://polymarket.com/0xde79cc7660d5c05b4cd2f4e72cae30cde2583d9a,closed,closed_positions,"Bitcoin Up or Down - February 16, 4:40PM-4:45PM ET",btc-updown-5m-1771278000,btc-updown-5m-1771278000,94045889077382798226797945340822934699792963694350439856987804666751828433019,0x19e77bc46e80a0fa9a59140785f05645a94d936d27cd39d51f4dffff5dcd0c32,Up,0.859999,1,4.517534,unavailable_from_public_profile_snapshot,34.883714,unavailable_from_public_profile_snapshot,unavailable_from_public_profile_snapshot,unavailable_from_public_profile_snapshot,1771278325,2026-02-16T00:00:00Z,fast_crypto,BTC,true,false,https://data-api.polymarket.com/closed-positions?user=0xde79cc7660d5c05b4cd2f4e72cae30cde2583d9a&limit=50&offset=0&sortBy=TIMESTAMP&sortDirection=DESC,2026-06-24T20:00:17+00:00
0xde79cc7660d5c05b4cd2f4e72cae30cde2583d9a,https://polymarket.com/0xde79cc7660d5c05b4cd2f4e72cae30cde2583d9a,closed,closed_positions,"Bitcoin Up or Down - February 16, 4:15PM-4:30PM ET",btc-updown-15m-1771276500,btc-updown-15m-1771276500,10906957689825578248095717120710111004991497566423815155656124539196077930870,0xa18225b7b4d58006efa92cea79afa8b291c2d54c8408db3bb4ce6451c485f390,Down,0.98,1,7.514285,unavailable_from_public_profile_snapshot,375.71425,unavailable_from_public_profile_snapshot,unavailable_from_public_profile_snapshot,unavailable_from_public_profile_snapshot,1771277573,2026-02-16T00:00:00Z,fast_crypto,BTC,true,false,https://data-api.polymarket.com/closed-positions?user=0xde79cc7660d5c05b4cd2f4e72cae30cde2583d9a&limit=50&offset=0&sortBy=TIMESTAMP&sortDirection=DESC,2026-06-24T20:00:17+00:00
0xde79cc7660d5c05b4cd2f4e72cae30cde2583d9a,https://polymarket.com/0xde79cc7660d5c05b4cd2f4e72cae30cde2583d9a,closed,closed_positions,"Bitcoin Up or Down - February 16, 4:20PM-4:25PM ET",btc-updown-5m-1771276800,btc-updown-5m-1771276800,113479280045891239200991823895759301920013756994755608189069230801587414128425,0x8ced0e4d2900af69ac5c6c3ecef53a4482f8218434e433594302db734af86938,Up,0.946697,1,-25.197974,unavailable_from_public_profile_snapshot,437.95388,unavailable_from_public_profile_snapshot,unavailable_from_public_profile_snapshot,unavailable_from_public_profile_snapshot,1771277053,2026-02-16T00:00:00Z,fast_crypto,BTC,true,false,https://data-api.polymarket.com/closed-positions?user=0xde79cc7660d5c05b4cd2f4e72cae30cde2583d9a&limit=50&offset=0&sortBy=TIMESTAMP&sortDirection=DESC,2026-06-24T20:00:17+00:00
0xde79cc7660d5c05b4cd2f4e72cae30cde2583d9a,https://polymarket.com/0xde79cc7660d5c05b4cd2f4e72cae30cde2583d9a,closed,closed_positions,"Bitcoin Up or Down - February 16, 4:05PM-4:10PM ET",btc-updown-5m-1771275900,btc-updown-5m-1771275900,35657530019220905780436760381506499019343558108763721414474519073851519052687,0xdf9a79ef3faf407febdb179da21ab93423ab420021b70170b508af14b95eefa6,Up,0.969999,1,12.441445,unavailable_from_public_profile_snapshot,414.701029,unavailable_from_public_profile_snapshot,unavailable_from_public_profile_snapshot,unavailable_from_public_profile_snapshot,1771276487,2026-02-16T00:00:00Z,fast_crypto,BTC,true,false,https://data-api.polymarket.com/closed-positions?user=0xde79cc7660d5c05b4cd2f4e72cae30cde2583d9a&limit=50&offset=0&sortBy=TIMESTAMP&sortDirection=DESC,2026-06-24T20:00:17+00:00
0xde79cc7660d5c05b4cd2f4e72cae30cde2583d9a,https://polymarket.com/0xde79cc7660d5c05b4cd2f4e72cae30cde2583d9a,closed,closed_positions,"Bitcoin Up or Down - February 16, 3:45PM-4:00PM ET",btc-updown-15m-1771274700,btc-updown-15m-1771274700,108527551578113685821848196631559975620480584721305267560519961645860771758147,0xd7ab328735923b293a244b6966d57a0e1362f7d81ffa0008e0c40e2f670d635e,Up,0.904809,1,37.926948,unavailable_from_public_profile_snapshot,403.410766,unavailable_from_public_profile_snapshot,unavailable_from_public_profile_snapshot,unavailable_from_public_profile_snapshot,1771275745,2026-02-16T00:00:00Z,fast_crypto,BTC,true,false,https://data-api.polymarket.com/closed-positions?user=0xde79cc7660d5c05b4cd2f4e72cae30cde2583d9a&limit=50&offset=0&sortBy=TIMESTAMP&sortDirection=DESC,2026-06-24T20:00:17+00:00
0xde79cc7660d5c05b4cd2f4e72cae30cde2583d9a,https://polymarket.com/0xde79cc7660d5c05b4cd2f4e72cae30cde2583d9a,closed,closed_positions,"Bitcoin Up or Down - February 16, 3:50PM-3:55PM ET",btc-updown-5m-1771275000,btc-updown-5m-1771275000,44436746328484984469490752918502108640768301581973396360758223280479557935949,0xa6fff465e2ab6340e80ecc871b7008cd7c575ccb5bbc22461ff77ffd2935a123,Up,0.95,1,14.7484,unavailable_from_public_profile_snapshot,368.9263,unavailable_from_public_profile_snapshot,unavailable_from_public_profile_snapshot,unavailable_from_public_profile_snapshot,1771275259,2026-02-16T00:00:00Z,fast_crypto,BTC,true,false,https://data-api.polymarket.com/closed-positions?user=0xde79cc7660d5c05b4cd2f4e72cae30cde2583d9a&limit=50&offset=0&sortBy=TIMESTAMP&sortDirection=DESC,2026-06-24T20:00:17+00:00
0xde79cc7660d5c05b4cd2f4e72cae30cde2583d9a,https://polymarket.com/0xde79cc7660d5c05b4cd2f4e72cae30cde2583d9a,closed,closed_positions,"Bitcoin Up or Down - February 16, 3:40PM-3:45PM ET",btc-updown-5m-1771274400,btc-updown-5m-1771274400,46962087069571492782435623495398541574727652643525800344175584502556144045648,0x6bc5db5dd63ae81c1fb74e0f1168d42b2c09f80efed885c61643172a1090d485,Up,0.968431,1,11.066724,unavailable_from_public_profile_snapshot,350.5567,unavailable_from_public_profile_snapshot,unavailable_from_public_profile_snapshot,unavailable_from_public_profile_snapshot,1771274937,2026-02-16T00:00:00Z,fast_crypto,BTC,true,false,https://data-api.polymarket.com/closed-positions?user=0xde79cc7660d5c05b4cd2f4e72cae30cde2583d9a&limit=50&offset=0&sortBy=TIMESTAMP&sortDirection=DESC,2026-06-24T20:00:17+00:00
0xde79cc7660d5c05b4cd2f4e72cae30cde2583d9a,https://polymarket.com/0xde79cc7660d5c05b4cd2f4e72cae30cde2583d9a,closed,closed_positions,"Bitcoin Up or Down - February 16, 3:35PM-3:40PM ET",btc-updown-5m-1771274100,btc-updown-5m-1771274100,10095620726424702722283864933313057337217664126660941979921878304498754548787,0xabaa7ec522b8a84ca0c5c1ab3a7a4530f78c26fd6d4be9b23aaf8ce2932cfe67,Down,0.95,1,16.65167,unavailable_from_public_profile_snapshot,340.03156,unavailable_from_public_profile_snapshot,unavailable_from_public_profile_snapshot,unavailable_from_public_profile_snapshot,1771274483,2026-02-16T00:00:00Z,fast_crypto,BTC,true,false,https://data-api.polymarket.com/closed-positions?user=0xde79cc7660d5c05b4cd2f4e72cae30cde2583d9a&limit=50&offset=0&sortBy=TIMESTAMP&sortDirection=DESC,2026-06-24T20:00:17+00:00
0xde79cc7660d5c05b4cd2f4e72cae30cde2583d9a,https://polymarket.com/0xde79cc7660d5c05b4cd2f4e72cae30cde2583d9a,closed,closed_positions,"Bitcoin Up or Down - February 16, 3:25PM-3:30PM ET",btc-updown-5m-1771273500,btc-updown-5m-1771273500,22746638373726296409807898808757890817235990282731073683419477891580498901019,0x014d772d72f9fb6fe8322e237b7316cc3a94da59106afd5200aca974da5bb246,Up,0.935737,1,20.778025,unavailable_from_public_profile_snapshot,323.327966,unavailable_from_public_profile_snapshot,unavailable_from_public_profile_snapshot,unavailable_from_public_profile_snapshot,1771274049,2026-02-16T00:00:00Z,fast_crypto,BTC,true,false,https://data-api.polymarket.com/closed-positions?user=0xde79cc7660d5c05b4cd2f4e72cae30cde2583d9a&limit=50&offset=0&sortBy=TIMESTAMP&sortDirection=DESC,2026-06-24T20:00:17+00:00
0xde79cc7660d5c05b4cd2f4e72cae30cde2583d9a,https://polymarket.com/0xde79cc7660d5c05b4cd2f4e72cae30cde2583d9a,closed,closed_positions,"Bitcoin Up or Down - February 16, 3:15PM-3:30PM ET",btc-updown-15m-1771272900,btc-updown-15m-1771272900,84123857543977526234600150595912372209973460701684676831569529221079135611195,0xd6e743655f74c8e3c67527de54aecaf70642cbc68579d46112adadb788f9e5a9,Up,0.98,1,0,unavailable_from_public_profile_snapshot,308.7857,unavailable_from_public_profile_snapshot,unavailable_from_public_profile_snapshot,unavailable_from_public_profile_snapshot,1771273669,2026-02-16T00:00:00Z,fast_crypto,BTC,true,false,https://data-api.polymarket.com/closed-positions?user=0xde79cc7660d5c05b4cd2f4e72cae30cde2583d9a&limit=50&offset=0&sortBy=TIMESTAMP&sortDirection=DESC,2026-06-24T20:00:17+00:00
0xde79cc7660d5c05b4cd2f4e72cae30cde2583d9a,https://polymarket.com/0xde79cc7660d5c05b4cd2f4e72cae30cde2583d9a,closed,closed_positions,"Bitcoin Up or Down - February 16, 3:20PM-3:25PM ET",btc-updown-5m-1771273200,btc-updown-5m-1771273200,110412322559634297179390871586061836199823585395911718369401115060791720876342,0xf16102dfb2f1f52820379f41ca1e9f080f52a3c77d07e35b36d530886570ab70,Up,0.96954,1,6.208587,unavailable_from_public_profile_snapshot,303.525333,unavailable_from_public_profile_snapshot,unavailable_from_public_profile_snapshot,unavailable_from_public_profile_snapshot,1771273595,2026-02-16T00:00:00Z,fast_crypto,BTC,true,false,https://data-api.polymarket.com/closed-positions?user=0xde79cc7660d5c05b4cd2f4e72cae30cde2583d9a&limit=50&offset=0&sortBy=TIMESTAMP&sortDirection=DESC,2026-06-24T20:00:17+00:00
0xde79cc7660d5c05b4cd2f4e72cae30cde2583d9a,https://polymarket.com/0xde79cc7660d5c05b4cd2f4e72cae30cde2583d9a,closed,closed_positions,"Bitcoin Up or Down - February 16, 3:20PM-3:25PM ET",btc-updown-5m-1771273200,btc-updown-5m-1771273200,25055498435800800252876333907251267767119488125976788948432409978919647209726,0xf16102dfb2f1f52820379f41ca1e9f080f52a3c77d07e35b36d530886570ab70,Down,0.180077,0,-7.735051,unavailable_from_public_profile_snapshot,55.531577,unavailable_from_public_profile_snapshot,unavailable_from_public_profile_snapshot,unavailable_from_public_profile_snapshot,1771273461,2026-02-16T00:00:00Z,fast_crypto,BTC,true,true,https://data-api.polymarket.com/closed-positions?user=0xde79cc7660d5c05b4cd2f4e72cae30cde2583d9a&limit=50&offset=0&sortBy=TIMESTAMP&sortDirection=DESC,2026-06-24T20:00:17+00:00
0xde79cc7660d5c05b4cd2f4e72cae30cde2583d9a,https://polymarket.com/0xde79cc7660d5c05b4cd2f4e72cae30cde2583d9a,closed,closed_positions,"Bitcoin Up or Down - February 16, 3:10PM-3:15PM ET",btc-updown-5m-1771272600,btc-updown-5m-1771272600,37130010088332442648744861772391477522187945138945162874088816234183570825771,0xf6575864037284884a429b895a41f5bca8ecba5a29832746954144acd766c97b,Up,0.445224,1,20.999342,unavailable_from_public_profile_snapshot,44.92111,unavailable_from_public_profile_snapshot,unavailable_from_public_profile_snapshot,unavailable_from_public_profile_snapshot,1771272949,2026-02-16T00:00:00Z,fast_crypto,BTC,true,false,https://data-api.polymarket.com/closed-positions?user=0xde79cc7660d5c05b4cd2f4e72cae30cde2583d9a&limit=50&offset=0&sortBy=TIMESTAMP&sortDirection=DESC,2026-06-24T20:00:17+00:00
0xde79cc7660d5c05b4cd2f4e72cae30cde2583d9a,https://polymarket.com/0xde79cc7660d5c05b4cd2f4e72cae30cde2583d9a,closed,closed_positions,"Bitcoin Up or Down - February 16, 3:05PM-3:10PM ET",btc-updown-5m-1771272300,btc-updown-5m-1771272300,24858849614183142479964066150980801656466116672945242948492693250520073404090,0xf6a628bf4b0aa4b1ad98151a26d50591ed8644c69c15a8d123ee0eaccef91b82,Up,0.479999,1,10.45502,unavailable_from_public_profile_snapshot,20.833332,unavailable_from_public_profile_snapshot,unavailable_from_public_profile_snapshot,unavailable_from_public_profile_snapshot,1771272627,2026-02-16T00:00:00Z,fast_crypto,BTC,true,false,https://data-api.polymarket.com/closed-positions?user=0xde79cc7660d5c05b4cd2f4e72cae30cde2583d9a&limit=50&offset=0&sortBy=TIMESTAMP&sortDirection=DESC,2026-06-24T20:00:17+00:00
0xde79cc7660d5c05b4cd2f4e72cae30cde2583d9a,https://polymarket.com/0xde79cc7660d5c05b4cd2f4e72cae30cde2583d9a,closed,closed_positions,"Bitcoin Up or Down - February 16, 3:05PM-3:10PM ET",btc-updown-5m-1771272300,btc-updown-5m-1771272300,68190867518223789074472591711104344287481977052831963904935184472968831390555,0xf6a628bf4b0aa4b1ad98151a26d50591ed8644c69c15a8d123ee0eaccef91b82,Down,0.876781,0,-92.25061,unavailable_from_public_profile_snapshot,422.214541,unavailable_from_public_profile_snapshot,unavailable_from_public_profile_snapshot,unavailable_from_public_profile_snapshot,1771272487,2026-02-16T00:00:00Z,fast_crypto,BTC,true,false,https://data-api.polymarket.com/closed-positions?user=0xde79cc7660d5c05b4cd2f4e72cae30cde2583d9a&limit=50&offset=0&sortBy=TIMESTAMP&sortDirection=DESC,2026-06-24T20:00:17+00:00
0xde79cc7660d5c05b4cd2f4e72cae30cde2583d9a,https://polymarket.com/0xde79cc7660d5c05b4cd2f4e72cae30cde2583d9a,closed,closed_positions,"Bitcoin Up or Down - February 16, 2:45PM-3:00PM ET",btc-updown-15m-1771271100,btc-updown-15m-1771271100,69637911578793052368008211676271961739584786184960498765872150690899251079037,0x5347c8ca47a3144f5fdaf7709f7fcfc2f85623fed6ba57e1d9dc384d1bb6321d,Down,0.932383,1,24.685595,unavailable_from_public_profile_snapshot,370.931166,unavailable_from_public_profile_snapshot,unavailable_from_public_profile_snapshot,unavailable_from_public_profile_snapshot,1771272089,2026-02-16T00:00:00Z,fast_crypto,BTC,true,false,https://data-api.polymarket.com/closed-positions?user=0xde79cc7660d5c05b4cd2f4e72cae30cde2583d9a&limit=50&offset=0&sortBy=TIMESTAMP&sortDirection=DESC,2026-06-24T20:00:17+00:00
0xde79cc7660d5c05b4cd2f4e72cae30cde2583d9a,https://polymarket.com/0xde79cc7660d5c05b4cd2f4e72cae30cde2583d9a,closed,closed_positions,"Bitcoin Up or Down - February 16, 2:45PM-2:50PM ET",btc-updown-5m-1771271100,btc-updown-5m-1771271100,104061064247386173772545788287993890111136470160307905128698268433378957395936,0x0fb2ceba05d2dae4139f3daf1f5edd70254c664ecac1cfe69d18460326e8fe76,Down,0.884448,1,40.067305,unavailable_from_public_profile_snapshot,346.746963,unavailable_from_public_profile_snapshot,unavailable_from_public_profile_snapshot,unavailable_from_public_profile_snapshot,1771271601,2026-02-16T00:00:00Z,fast_crypto,BTC,true,false,https://data-api.polymarket.com/closed-positions?user=0xde79cc7660d5c05b4cd2f4e72cae30cde2583d9a&limit=50&offset=0&sortBy=TIMESTAMP&sortDirection=DESC,2026-06-24T20:00:17+00:00
0xde79cc7660d5c05b4cd2f4e72cae30cde2583d9a,https://polymarket.com/0xde79cc7660d5c05b4cd2f4e72cae30cde2583d9a,closed,closed_positions,"Bitcoin Up or Down - February 16, 2:30PM-2:45PM ET",btc-updown-15m-1771270200,btc-updown-15m-1771270200,62922206268673932069584517583171119840340241116716892977729491249445845991568,0x5285379beb1a5637ff4d1a33f49ce07e62e9247115f85ccee99516ad98167c17,Up,0.936101,1,19.309364,unavailable_from_public_profile_snapshot,307.27425,unavailable_from_public_profile_snapshot,unavailable_from_public_profile_snapshot,unavailable_from_public_profile_snapshot,1771271157,2026-02-16T00:00:00Z,fast_crypto,BTC,true,false,https://data-api.polymarket.com/closed-positions?user=0xde79cc7660d5c05b4cd2f4e72cae30cde2583d9a&limit=50&offset=0&sortBy=TIMESTAMP&sortDirection=DESC,2026-06-24T20:00:17+00:00
0xde79cc7660d5c05b4cd2f4e72cae30cde2583d9a,https://polymarket.com/0xde79cc7660d5c05b4cd2f4e72cae30cde2583d9a,closed,closed_positions,"Bitcoin Up or Down - February 16, 2:35PM-2:40PM ET",btc-updown-5m-1771270500,btc-updown-5m-1771270500,23183029198438796838763268887136305485866656141117934527295977555329105022147,0x1e946cd8e5627303b5d6244831dae73bee2d7e72e83164312ff2d95e89116bd5,Up,0.966349,1,-26.240445,unavailable_from_public_profile_snapshot,325.668966,unavailable_from_public_profile_snapshot,unavailable_from_public_profile_snapshot,unavailable_from_public_profile_snapshot,1771270763,2026-02-16T00:00:00Z,fast_crypto,BTC,true,false,https://data-api.polymarket.com/closed-positions?user=0xde79cc7660d5c05b4cd2f4e72cae30cde2583d9a&limit=50&offset=0&sortBy=TIMESTAMP&sortDirection=DESC,2026-06-24T20:00:17+00:00
0xde79cc7660d5c05b4cd2f4e72cae30cde2583d9a,https://polymarket.com/0xde79cc7660d5c05b4cd2f4e72cae30cde2583d9a,closed,closed_positions,"Bitcoin Up or Down - February 16, 2:15PM-2:20PM ET",btc-updown-5m-1771269300,btc-updown-5m-1771269300,63631808186054856475182296880724840304334582067146217227800203876735418792089,0x99602c170d19db5a543c8f6088a87c7d9d4d7a9a775438920034837f49c4064e,Down,0.99,1,3.147171,unavailable_from_public_profile_snapshot,314.7171,unavailable_from_public_profile_snapshot,unavailable_from_public_profile_snapshot,unavailable_from_public_profile_snapshot,1771269833,2026-02-16T00:00:00Z,fast_crypto,BTC,true,false,https://data-api.polymarket.com/closed-positions?user=0xde79cc7660d5c05b4cd2f4e72cae30cde2583d9a&limit=50&offset=0&sortBy=TIMESTAMP&sortDirection=DESC,2026-06-24T20:00:17+00:00
0xde79cc7660d5c05b4cd2f4e72cae30cde2583d9a,https://polymarket.com/0xde79cc7660d5c05b4cd2f4e72cae30cde2583d9a,closed,closed_positions,"Bitcoin Up or Down - February 16, 2:00PM-2:15PM ET",btc-updown-15m-1771268400,btc-updown-15m-1771268400,71181147860562048180834851861529845675396112006771217257727615301916266325262,0x77cbfa13a63e6a90f097087c7730d2b0348cecd749f1bcb9ecfc475ce65d5469,Up,0.972469,1,8.579184,unavailable_from_public_profile_snapshot,311.61905,unavailable_from_public_profile_snapshot,unavailable_from_public_profile_snapshot,unavailable_from_public_profile_snapshot,1771269545,2026-02-16T00:00:00Z,fast_crypto,BTC,true,false,https://data-api.polymarket.com/closed-positions?user=0xde79cc7660d5c05b4cd2f4e72cae30cde2583d9a&limit=50&offset=0&sortBy=TIMESTAMP&sortDirection=DESC,2026-06-24T20:00:17+00:00
0xde79cc7660d5c05b4cd2f4e72cae30cde2583d9a,https://polymarket.com/0xde79cc7660d5c05b4cd2f4e72cae30cde2583d9a,closed,closed_positions,"Bitcoin Up or Down - February 16, 1:45PM-2:00PM ET",btc-updown-15m-1771267500,btc-updown-15m-1771267500,81273356517762487146958974805519619949641660317502392493400157921279866792998,0x708fabadc1990fd2ff131ffc8e0b17ac1f015aecfc3acc03d4fc8361ab71061c,Down,0.921993,1,23.670468,unavailable_from_public_profile_snapshot,303.440314,unavailable_from_public_profile_snapshot,unavailable_from_public_profile_snapshot,unavailable_from_public_profile_snapshot,1771268629,2026-02-16T00:00:00Z,fast_crypto,BTC,true,false,https://data-api.polymarket.com/closed-positions?user=0xde79cc7660d5c05b4cd2f4e72cae30cde2583d9a&limit=50&offset=0&sortBy=TIMESTAMP&sortDirection=DESC,2026-06-24T20:00:17+00:00
0xde79cc7660d5c05b4cd2f4e72cae30cde2583d9a,https://polymarket.com/0xde79cc7660d5c05b4cd2f4e72cae30cde2583d9a,closed,closed_positions,"Bitcoin Up or Down - February 16, 1:45PM-1:50PM ET",btc-updown-5m-1771267500,btc-updown-5m-1771267500,66232177729087725563513157602537363907148875330337597264239684497710813625692,0xd271dec2c36f3f4596d3ccec5a97fa288886ff67a456a74c80af29a4efe50f0e,Down,0.938987,1,17.083217,unavailable_from_public_profile_snapshot,279.993083,unavailable_from_public_profile_snapshot,unavailable_from_public_profile_snapshot,unavailable_from_public_profile_snapshot,1771267979,2026-02-16T00:00:00Z,fast_crypto,BTC,true,false,https://data-api.polymarket.com/closed-positions?user=0xde79cc7660d5c05b4cd2f4e72cae30cde2583d9a&limit=50&offset=0&sortBy=TIMESTAMP&sortDirection=DESC,2026-06-24T20:00:17+00:00
0xde79cc7660d5c05b4cd2f4e72cae30cde2583d9a,https://polymarket.com/0xde79cc7660d5c05b4cd2f4e72cae30cde2583d9a,closed,closed_positions,"Bitcoin Up or Down - February 16, 1:30PM-1:45PM ET",btc-updown-15m-1771266600,btc-updown-15m-1771266600,115480262796006240218429441737423217780462618680474307990506602882620905842920,0x5ff746c1d31f12286aa625db85e355d2d988e0073bec198e0c2857214abdf8b9,Down,0.969783,1,7.68933,unavailable_from_public_profile_snapshot,263.2444,unavailable_from_public_profile_snapshot,unavailable_from_public_profile_snapshot,unavailable_from_public_profile_snapshot,1771267599,2026-02-16T00:00:00Z,fast_crypto,BTC,true,false,https://data-api.polymarket.com/closed-positions?user=0xde79cc7660d5c05b4cd2f4e72cae30cde2583d9a&limit=50&offset=0&sortBy=TIMESTAMP&sortDirection=DESC,2026-06-24T20:00:17+00:00
0xde79cc7660d5c05b4cd2f4e72cae30cde2583d9a,https://polymarket.com/0xde79cc7660d5c05b4cd2f4e72cae30cde2583d9a,closed,closed_positions,"Bitcoin Up or Down - February 16, 1:35PM-1:40PM ET",btc-updown-5m-1771266900,btc-updown-5m-1771266900,114330972001947446373267624812733762852793861814978582285805523179420636679816,0x416f5ac8b55799610964327e14c0f215e5bd9345045be8f69b55ac2795ab2987,Down,0.939999,1,15.077115,unavailable_from_public_profile_snapshot,255.744666,unavailable_from_public_profile_snapshot,unavailable_from_public_profile_snapshot,unavailable_from_public_profile_snapshot,1771267281,2026-02-16T00:00:00Z,fast_crypto,BTC,true,false,https://data-api.polymarket.com/closed-positions?user=0xde79cc7660d5c05b4cd2f4e72cae30cde2583d9a&limit=50&offset=0&sortBy=TIMESTAMP&sortDirection=DESC,2026-06-24T20:00:17+00:00
0xde79cc7660d5c05b4cd2f4e72cae30cde2583d9a,https://polymarket.com/0xde79cc7660d5c05b4cd2f4e72cae30cde2583d9a,closed,closed_positions,"Bitcoin Up or Down - February 16, 1:25PM-1:30PM ET",btc-updown-5m-1771266300,btc-updown-5m-1771266300,69206862295163078061519395247442270894268204874829590922532212336725566636116,0x654f8d472d23c05f7646660a112bef3d14ab8c4dc7e39bc0d21d85d9a8c13764,Down,0.98,1,4.808571,unavailable_from_public_profile_snapshot,240.42855,unavailable_from_public_profile_snapshot,unavailable_from_public_profile_snapshot,unavailable_from_public_profile_snapshot,1771266835,2026-02-16T00:00:00Z,fast_crypto,BTC,true,false,https://data-api.polymarket.com/closed-positions?user=0xde79cc7660d5c05b4cd2f4e72cae30cde2583d9a&limit=50&offset=0&sortBy=TIMESTAMP&sortDirection=DESC,2026-06-24T20:00:17+00:00
0xde79cc7660d5c05b4cd2f4e72cae30cde2583d9a,https://polymarket.com/0xde79cc7660d5c05b4cd2f4e72cae30cde2583d9a,closed,closed_positions,"Bitcoin Up or Down - February 16, 1:00PM-1:15PM ET",btc-updown-15m-1771264800,btc-updown-15m-1771264800,83903844925943482149246592001153703688440556741429351793898444449998286250349,0x2b450bcc83edbeb9535637c0a7297cc3d879d19c833d0b689509e48d7c286258,Up,0.989932,1,8.967109,unavailable_from_public_profile_snapshot,479.934414,unavailable_from_public_profile_snapshot,unavailable_from_public_profile_snapshot,unavailable_from_public_profile_snapshot,1771265729,2026-02-16T00:00:00Z,fast_crypto,BTC,true,false,https://data-api.polymarket.com/closed-positions?user=0xde79cc7660d5c05b4cd2f4e72cae30cde2583d9a&limit=50&offset=0&sortBy=TIMESTAMP&sortDirection=DESC,2026-06-24T20:00:17+00:00
0xde79cc7660d5c05b4cd2f4e72cae30cde2583d9a,https://polymarket.com/0xde79cc7660d5c05b4cd2f4e72cae30cde2583d9a,closed,closed_positions,"Bitcoin Up or Down - February 16, 12:45PM-12:50PM ET",btc-updown-5m-1771263900,btc-updown-5m-1771263900,57382135162319986287004092026273109462553688522454777479501243620022814963556,0x9b9d6055850bcf6b9b0a34d7c1a77604a9cacc5657913bd34759958057e78da0,Down,0.92,1,13.8996,unavailable_from_public_profile_snapshot,231.97825,unavailable_from_public_profile_snapshot,unavailable_from_public_profile_snapshot,unavailable_from_public_profile_snapshot,1771264183,2026-02-16T00:00:00Z,fast_crypto,BTC,true,false,https://data-api.polymarket.com/closed-positions?user=0xde79cc7660d5c05b4cd2f4e72cae30cde2583d9a&limit=50&offset=0&sortBy=TIMESTAMP&sortDirection=DESC,2026-06-24T20:00:17+00:00
0xde79cc7660d5c05b4cd2f4e72cae30cde2583d9a,https://polymarket.com/0xde79cc7660d5c05b4cd2f4e72cae30cde2583d9a,closed,closed_positions,"Bitcoin Up or Down - February 16, 12:30PM-12:45PM ET",btc-updown-15m-1771263000,btc-updown-15m-1771263000,16453558317275321655400376147068921681305890100072149537140031670835236583270,0x59e9af0092b48f6dc87fd817957b5cb58588e4159b633c002002c2bb04e051ea,Up,0.98,1,4.05897,unavailable_from_public_profile_snapshot,213.65305,unavailable_from_public_profile_snapshot,unavailable_from_public_profile_snapshot,unavailable_from_public_profile_snapshot,1771263933,2026-02-16T00:00:00Z,fast_crypto,BTC,true,false,https://data-api.polymarket.com/closed-positions?user=0xde79cc7660d5c05b4cd2f4e72cae30cde2583d9a&limit=50&offset=0&sortBy=TIMESTAMP&sortDirection=DESC,2026-06-24T20:00:17+00:00
0xde79cc7660d5c05b4cd2f4e72cae30cde2583d9a,https://polymarket.com/0xde79cc7660d5c05b4cd2f4e72cae30cde2583d9a,closed,closed_positions,"Bitcoin Up or Down - February 16, 12:30PM-12:35PM ET",btc-updown-5m-1771263000,btc-updown-5m-1771263000,35441344274099810393490507311360612768143473068230484234960392087767184495778,0x5e0458cdece6709fa56779c846e67b7bd4b4cea7741b77146d4b0aca711107dc,Up,0.969999,1,6.078319,unavailable_from_public_profile_snapshot,209.639166,unavailable_from_public_profile_snapshot,unavailable_from_public_profile_snapshot,unavailable_from_public_profile_snapshot,1771263323,2026-02-16T00:00:00Z,fast_crypto,BTC,true,false,https://data-api.polymarket.com/closed-positions?user=0xde79cc7660d5c05b4cd2f4e72cae30cde2583d9a&limit=50&offset=0&sortBy=TIMESTAMP&sortDirection=DESC,2026-06-24T20:00:17+00:00
0xde79cc7660d5c05b4cd2f4e72cae30cde2583d9a,https://polymarket.com/0xde79cc7660d5c05b4cd2f4e72cae30cde2583d9a,closed,closed_positions,"Bitcoin Up or Down - February 16, 12:15PM-12:30PM ET",btc-updown-15m-1771262100,btc-updown-15m-1771262100,3732732560340064546733385922962917690102703962128566869528624270788891317615,0x080ac9ec85a8ec23cfeacced59dd88680bf964af07d80d2e2f2d6cbf953665f4,Up,0.99,1,1.83204,unavailable_from_public_profile_snapshot,203.5656,unavailable_from_public_profile_snapshot,unavailable_from_public_profile_snapshot,unavailable_from_public_profile_snapshot,1771263119,2026-02-16T00:00:00Z,fast_crypto,BTC,true,false,https://data-api.polymarket.com/closed-positions?user=0xde79cc7660d5c05b4cd2f4e72cae30cde2583d9a&limit=50&offset=0&sortBy=TIMESTAMP&sortDirection=DESC,2026-06-24T20:00:17+00:00
0xde79cc7660d5c05b4cd2f4e72cae30cde2583d9a,https://polymarket.com/0xde79cc7660d5c05b4cd2f4e72cae30cde2583d9a,closed,closed_positions,"Bitcoin Up or Down - February 16, 12:20PM-12:25PM ET",btc-updown-5m-1771262400,btc-updown-5m-1771262400,260127016427671013418306537834113480030919661721355058066168560717244623351,0x8ad986c2cbee07c6b3556aee11fa0eff88a37da9f6bee0bc08b86d0035e54a76,Up,0.949999,1,9.884971,unavailable_from_public_profile_snapshot,201.85263,unavailable_from_public_profile_snapshot,unavailable_from_public_profile_snapshot,unavailable_from_public_profile_snapshot,1771262787,2026-02-16T00:00:00Z,fast_crypto,BTC,true,false,https://data-api.polymarket.com/closed-positions?user=0xde79cc7660d5c05b4cd2f4e72cae30cde2583d9a&limit=50&offset=0&sortBy=TIMESTAMP&sortDirection=DESC,2026-06-24T20:00:17+00:00
0xde79cc7660d5c05b4cd2f4e72cae30cde2583d9a,https://polymarket.com/0xde79cc7660d5c05b4cd2f4e72cae30cde2583d9a,closed,closed_positions,"Bitcoin Up or Down - February 16, 12:15PM-12:20PM ET",btc-updown-5m-1771262100,btc-updown-5m-1771262100,84247069850592364727366838969780080901628433006217408981327913765280727350970,0xc7af825c5745cac5c1e6670d854bc77656ca03da9c4c8ac4bf2a2ba81ad0a1b5,Down,0.905804,1,12.93205,unavailable_from_public_profile_snapshot,197.824166,unavailable_from_public_profile_snapshot,unavailable_from_public_profile_snapshot,unavailable_from_public_profile_snapshot,1771262387,2026-02-16T00:00:00Z,fast_crypto,BTC,true,false,https://data-api.polymarket.com/closed-positions?user=0xde79cc7660d5c05b4cd2f4e72cae30cde2583d9a&limit=50&offset=0&sortBy=TIMESTAMP&sortDirection=DESC,2026-06-24T20:00:17+00:00
0xde79cc7660d5c05b4cd2f4e72cae30cde2583d9a,https://polymarket.com/0xde79cc7660d5c05b4cd2f4e72cae30cde2583d9a,closed,closed_positions,"Bitcoin Up or Down - February 16, 12:00PM-12:15PM ET",btc-updown-15m-1771261200,btc-updown-15m-1771261200,44194815726062936172744349182805860888200887063648054747113350123226607416774,0x752ae08d059598eb1ca8483a4225e7af27dcfb63e394d0c1640ddd122cf2b989,Down,0.919999,1,14.170409,unavailable_from_public_profile_snapshot,179.619562,unavailable_from_public_profile_snapshot,unavailable_from_public_profile_snapshot,unavailable_from_public_profile_snapshot,1771262101,2026-02-16T00:00:00Z,fast_crypto,BTC,true,false,https://data-api.polymarket.com/closed-positions?user=0xde79cc7660d5c05b4cd2f4e72cae30cde2583d9a&limit=50&offset=0&sortBy=TIMESTAMP&sortDirection=DESC,2026-06-24T20:00:17+00:00
0xde79cc7660d5c05b4cd2f4e72cae30cde2583d9a,https://polymarket.com/0xde79cc7660d5c05b4cd2f4e72cae30cde2583d9a,closed,closed_positions,"Bitcoin Up or Down - February 16, 12:05PM-12:10PM ET",btc-updown-5m-1771261500,btc-updown-5m-1771261500,124155584934381387493315157328451783728016576555400405581401299428588985697,0x97e08b3f412b93e56521616643fb9d6bae0714396f2de9f9c782e9420abe353b,Down,0.882614,1,17.925944,unavailable_from_public_profile_snapshot,167.388981,unavailable_from_public_profile_snapshot,unavailable_from_public_profile_snapshot,unavailable_from_public_profile_snapshot,1771261841,2026-02-16T00:00:00Z,fast_crypto,BTC,true,false,https://data-api.polymarket.com/closed-positions?user=0xde79cc7660d5c05b4cd2f4e72cae30cde2583d9a&limit=50&offset=0&sortBy=TIMESTAMP&sortDirection=DESC,2026-06-24T20:00:17+00:00
0xde79cc7660d5c05b4cd2f4e72cae30cde2583d9a,https://polymarket.com/0xde79cc7660d5c05b4cd2f4e72cae30cde2583d9a,closed,closed_positions,"Bitcoin Up or Down - February 16, 7:30AM-7:35AM ET",btc-updown-5m-1771245000,btc-updown-5m-1771245000,68006001811534563959271838417573543168489727307731776830463708648017371923516,0x6f53b2b45ddaa64f959d71136e16ef2993a1e19242291c45d2c70d9fcc4031fa,Down,0.89793,1,5.918924,unavailable_from_public_profile_snapshot,57.98888,unavailable_from_public_profile_snapshot,unavailable_from_public_profile_snapshot,unavailable_from_public_profile_snapshot,1771245519,2026-02-16T00:00:00Z,fast_crypto,BTC,true,false,https://data-api.polymarket.com/closed-positions?user=0xde79cc7660d5c05b4cd2f4e72cae30cde2583d9a&limit=50&offset=0&sortBy=TIMESTAMP&sortDirection=DESC,2026-06-24T20:00:17+00:00
0xde79cc7660d5c05b4cd2f4e72cae30cde2583d9a,https://polymarket.com/0xde79cc7660d5c05b4cd2f4e72cae30cde2583d9a,closed,closed_positions,"Bitcoin Up or Down - February 16, 7:20AM-7:25AM ET",btc-updown-5m-1771244400,btc-updown-5m-1771244400,103094332073715085825902168086964973957740353697131506775679911279457878735521,0xaf988ba63b3e1788f5c304de411d3ec24d80869dc5456d3a5c0813c64d6f03c6,Up,0.966985,1,3.371538,unavailable_from_public_profile_snapshot,102.121412,unavailable_from_public_profile_snapshot,unavailable_from_public_profile_snapshot,unavailable_from_public_profile_snapshot,1771244903,2026-02-16T00:00:00Z,fast_crypto,BTC,true,false,https://data-api.polymarket.com/closed-positions?user=0xde79cc7660d5c05b4cd2f4e72cae30cde2583d9a&limit=50&offset=0&sortBy=TIMESTAMP&sortDirection=DESC,2026-06-24T20:00:17+00:00
0xde79cc7660d5c05b4cd2f4e72cae30cde2583d9a,https://polymarket.com/0xde79cc7660d5c05b4cd2f4e72cae30cde2583d9a,closed,closed_positions,"Bitcoin Up or Down - February 16, 7:10AM-7:15AM ET",btc-updown-5m-1771243800,btc-updown-5m-1771243800,53124106059550407960381205576740689381901151692657971706318077070204873361578,0xb335c938da2d5023712becc181b0227fe1ef3faa7a2d5b2a617c6fd23ba6f828,Down,0.941568,1,5.774508,unavailable_from_public_profile_snapshot,98.82442,unavailable_from_public_profile_snapshot,unavailable_from_public_profile_snapshot,unavailable_from_public_profile_snapshot,1771244575,2026-02-16T00:00:00Z,fast_crypto,BTC,true,false,https://data-api.polymarket.com/closed-positions?user=0xde79cc7660d5c05b4cd2f4e72cae30cde2583d9a&limit=50&offset=0&sortBy=TIMESTAMP&sortDirection=DESC,2026-06-24T20:00:17+00:00
0xde79cc7660d5c05b4cd2f4e72cae30cde2583d9a,https://polymarket.com/0xde79cc7660d5c05b4cd2f4e72cae30cde2583d9a,closed,closed_positions,"Bitcoin Up or Down - February 16, 7:00AM-7:05AM ET",btc-updown-5m-1771243200,btc-updown-5m-1771243200,107857063702825562167024295095717810440600193110836258575798743061756928819202,0x6c401b0ad12e904b262b018053421b5e56af358aee6d9fe19f53bc803cad8cf3,Up,0.930705,1,6.458153,unavailable_from_public_profile_snapshot,93.197969,unavailable_from_public_profile_snapshot,unavailable_from_public_profile_snapshot,unavailable_from_public_profile_snapshot,1771243983,2026-02-16T00:00:00Z,fast_crypto,BTC,true,false,https://data-api.polymarket.com/closed-positions?user=0xde79cc7660d5c05b4cd2f4e72cae30cde2583d9a&limit=50&offset=0&sortBy=TIMESTAMP&sortDirection=DESC,2026-06-24T20:00:17+00:00
0xde79cc7660d5c05b4cd2f4e72cae30cde2583d9a,https://polymarket.com/0xde79cc7660d5c05b4cd2f4e72cae30cde2583d9a,closed,closed_positions,"Bitcoin Up or Down - February 16, 6:20AM-6:25AM ET",btc-updown-5m-1771240800,btc-updown-5m-1771240800,57767615204855338129703521715957876480297838436398594308760106435972285806800,0x8cce941688472ffe9fbce87b19b9a58f9ef0e3185ec90bee0c7267574c20332d,Down,0.912265,1,7.62264,unavailable_from_public_profile_snapshot,86.88255,unavailable_from_public_profile_snapshot,unavailable_from_public_profile_snapshot,unavailable_from_public_profile_snapshot,1771241401,2026-02-16T00:00:00Z,fast_crypto,BTC,true,false,https://data-api.polymarket.com/closed-positions?user=0xde79cc7660d5c05b4cd2f4e72cae30cde2583d9a&limit=50&offset=0&sortBy=TIMESTAMP&sortDirection=DESC,2026-06-24T20:00:17+00:00
0xde79cc7660d5c05b4cd2f4e72cae30cde2583d9a,https://polymarket.com/0xde79cc7660d5c05b4cd2f4e72cae30cde2583d9a,closed,closed_positions,"Bitcoin Up or Down - February 16, 6:10AM-6:15AM ET",btc-updown-5m-1771240200,btc-updown-5m-1771240200,72472227687694361872779774149292011150048561575082991830520398016358615952969,0x9d97674a9a089a5017b8a7c80fdd98178c4db0ea5c1b49402c978926fb9bc107,Down,0.931404,1,5.442577,unavailable_from_public_profile_snapshot,79.342485,unavailable_from_public_profile_snapshot,unavailable_from_public_profile_snapshot,unavailable_from_public_profile_snapshot,1771240713,2026-02-16T00:00:00Z,fast_crypto,BTC,true,false,https://data-api.polymarket.com/closed-positions?user=0xde79cc7660d5c05b4cd2f4e72cae30cde2583d9a&limit=50&offset=0&sortBy=TIMESTAMP&sortDirection=DESC,2026-06-24T20:00:17+00:00
0xde79cc7660d5c05b4cd2f4e72cae30cde2583d9a,https://polymarket.com/0xde79cc7660d5c05b4cd2f4e72cae30cde2583d9a,closed,closed_positions,"Bitcoin Up or Down - February 16, 5:35AM-5:40AM ET",btc-updown-5m-1771238100,btc-updown-5m-1771238100,10975309344063693011622163825036825737184315063482713476156950222478604269218,0x4e9d346b1ad89559c9d0e4b732fdc9b718150334f141f16456eb89199dbb2e29,Down,0.99,1,0.73909,unavailable_from_public_profile_snapshot,73.909,unavailable_from_public_profile_snapshot,unavailable_from_public_profile_snapshot,unavailable_from_public_profile_snapshot,1771239985,2026-02-16T00:00:00Z,fast_crypto,BTC,true,false,https://data-api.polymarket.com/closed-positions?user=0xde79cc7660d5c05b4cd2f4e72cae30cde2583d9a&limit=50&offset=0&sortBy=TIMESTAMP&sortDirection=DESC,2026-06-24T20:00:17+00:00
