market_id,question,asset,window_start,window_end,yes_token_id,no_token_id,liquidity,volume,active,closed,lifecycle,discovered_at,updated_at,snapshots,opportunities,skip_reason
0x24e7bc41fe043ee72a8a3bdeed6b8fedf88f21429e4589fa9a29eb03069f209d,"Bitcoin Up or Down - June 24, 11:40AM-11:45AM ET",BTC,2026-06-24T15:40:00+00:00,2026-06-24T15:45:00+00:00,25810421069175840111830434648415334417493659192978465050631512417422743670613,69618353585041282194685154263660651888769517363311891651208487694145490798306,16187.8162,7248.053039999999,True,False,closed,2026-06-24T15:42:12.761215+00:00,2026-06-24T15:45:00.754644+00:00,83,0,
0x80658216d4530ee5d8f87f3a84d6788c0505a016f5d1a52bfb8fc3c1afc1f1c2,"Ethereum Up or Down - June 24, 11:40AM-11:45AM ET",ETH,2026-06-24T15:40:00+00:00,2026-06-24T15:45:00+00:00,94967616576433958477322819934193710096741478632862862586424304205654486703332,23823739330973641938813347297534728930226439751669738901745884668820616764319,4475.2763,5.0,True,False,closed,2026-06-24T15:42:12.761215+00:00,2026-06-24T15:45:00.754644+00:00,83,0,
0x287b49f521db3360ad2cff8bb6568cb969fd10b29f33a68f16a4e9614d25506a,"Solana Up or Down - June 24, 11:40AM-11:45AM ET",SOL,2026-06-24T15:40:00+00:00,2026-06-24T15:45:00+00:00,73346835027845383059008767657927647025251157175293979020683806154532202502902,95207045468787245804362162115073176314334823246533043284683230050521368516698,2131.7403,10.879999999999999,True,False,closed,2026-06-24T15:42:12.761215+00:00,2026-06-24T15:45:00.754644+00:00,82,0,
0x5b488535f72b2ea3033edeb996bd1253563725c7a55bb0c5503f5cbb551eaeab,"Bitcoin Up or Down - June 24, 11:45AM-11:50AM ET",BTC,2026-06-24T15:45:00+00:00,2026-06-24T15:50:00+00:00,7607115867114349173456461089837662038937588861875388795867941443193317581026,111700754666643614708595640391893299213028550294665516518296090588742660131875,14416.9897,55.043134,True,False,closed,2026-06-24T15:42:12.761215+00:00,2026-06-24T15:50:00.758754+00:00,149,0,
0x0b386260e4a3714a2ef4a95b3a902f60aad8c7b951ac3ffa55869e5fef1eb6f2,"Ethereum Up or Down - June 24, 11:45AM-11:50AM ET",ETH,2026-06-24T15:45:00+00:00,2026-06-24T15:50:00+00:00,4317565045921442636616458873835547085063188034908092953881704469495665229514,37631199722175801546200915079093691457473805000457728250569390421099939488142,5738.3779,2.0,True,False,closed,2026-06-24T15:42:12.761215+00:00,2026-06-24T15:50:00.758754+00:00,149,0,
0x8e22e9bf1a5c5cf1e5a91126865227cf0b75a5ec64611f0e0b23348e2b8eebc6,"Solana Up or Down - June 24, 11:45AM-11:50AM ET",SOL,2026-06-24T15:45:00+00:00,2026-06-24T15:50:00+00:00,102304108652296915865332182480868977034413246553859135522281449435741768789566,2328711641606846676012999866949628953856724708610953220821974696231673023123,2937.1559,5.0,True,False,closed,2026-06-24T15:42:12.761215+00:00,2026-06-24T15:50:00.758754+00:00,149,9,
0x745f5f514b1592a78aae56407b5a1cf9fc70e7242855069e857079bc59d48241,"Bitcoin Up or Down - June 24, 11:50AM-11:55AM ET",BTC,2026-06-24T15:50:00+00:00,2026-06-24T15:55:00+00:00,4482267587974188476008093122832795985153181278191917878258050488822012830153,25507400541378044551799911711156527553422101038142970454717157484522725856261,14009.2099,126.12156599999999,True,False,closed,2026-06-24T15:45:06.761646+00:00,2026-06-24T15:55:00.760157+00:00,149,0,
0x908dc5044eab9d5768e59c6ce1b123363314b8f29a599760fb17a853f1bfbb15,"Ethereum Up or Down - June 24, 11:50AM-11:55AM ET",ETH,2026-06-24T15:50:00+00:00,2026-06-24T15:55:00+00:00,33394418746756574122260252095469305657889070244251811932239166187926386443647,64160915966945567727619886809170307802045685456918722843383608657644239309922,5333.2614,7.0,True,False,closed,2026-06-24T15:45:06.761646+00:00,2026-06-24T15:55:00.760157+00:00,149,0,
0x7898d35499e286b377c6a73e8a0242fc6f09e11ed3d8366ed26ac46335301a92,"Solana Up or Down - June 24, 11:50AM-11:55AM ET",SOL,2026-06-24T15:50:00+00:00,2026-06-24T15:55:00+00:00,6798420586089529378150741785045286128310202816604582413332810538910782306224,67936923930849404247419430353745581327970635467789092897597166282870599521532,3025.7659,0.0,True,False,closed,2026-06-24T15:45:06.761646+00:00,2026-06-24T15:55:00.760157+00:00,149,0,
0xcef5470c8383297a0fa999a2179e36187225506b7b9de6a47528d902b5559c93,"Bitcoin Up or Down - June 24, 11:55AM-12:00PM ET",BTC,2026-06-24T15:55:00+00:00,2026-06-24T16:00:00+00:00,28488599490666735611990571168830471589034540917009498419676510743949538720702,74180025575387236273637787129834254198370312126501541459624513868395447251316,14074.385,374.922302,True,False,closed,2026-06-24T15:50:12.766777+00:00,2026-06-24T16:00:00.755273+00:00,149,0,
0xfaa63456b48ed4428448f9be1523db6564c4777f3aa6e98834ad154b44941d41,"Ethereum Up or Down - June 24, 11:55AM-12:00PM ET",ETH,2026-06-24T15:55:00+00:00,2026-06-24T16:00:00+00:00,49464772794590861060549604099194340986754828333776773597113658608998311700289,43142592599985960428800045438498566484255880062037966522842122353809583158569,5258.6012,5.0,True,False,closed,2026-06-24T15:50:12.766777+00:00,2026-06-24T16:00:00.755273+00:00,149,0,
0xc7d03c6228bcc95822468fdd64d6f6bbfd9efdeae07ab4ff1a892700d919a8a9,"Solana Up or Down - June 24, 11:55AM-12:00PM ET",SOL,2026-06-24T15:55:00+00:00,2026-06-24T16:00:00+00:00,33758416350255422993972863503214945676258188713828783263713358328924768916774,114223076974121964568926408846801267750290260696499048085304476985695545017133,2272.3864,2.0,True,False,closed,2026-06-24T15:50:12.766777+00:00,2026-06-24T16:00:00.755273+00:00,149,0,
0x33b5d42620e21041d017330af1e2d6be163e2acc66417d69d1c4123404a8ed22,"Bitcoin Up or Down - June 24, 12:00PM-12:05PM ET",BTC,2026-06-24T16:00:00+00:00,2026-06-24T16:05:00+00:00,30444048455701253294329749990399499030192510980676795098074588700370807107222,69176862702755687408708635075945801128287834701514395952734780898305842384425,14548.3945,414.184814,True,False,closed,2026-06-24T15:57:00.761346+00:00,2026-06-24T16:05:00.762478+00:00,149,0,
0x898e75f4a2714851629ab01153214fbf585c570d631964d411eb3f85d6f77427,"Ethereum Up or Down - June 24, 12:00PM-12:05PM ET",ETH,2026-06-24T16:00:00+00:00,2026-06-24T16:05:00+00:00,96981257942830926892712543334284989389715497012315736131647104747151031639657,61490859804227384149111920622251214504554712845554971909828003017475006481206,5713.5659,5.0,True,False,closed,2026-06-24T15:57:00.761346+00:00,2026-06-24T16:05:00.762478+00:00,149,6,
0x63e1df2395c4876cadb4fb06b1e28c63708893c3ab988b51a48a74f7b9942132,"Solana Up or Down - June 24, 12:00PM-12:05PM ET",SOL,2026-06-24T16:00:00+00:00,2026-06-24T16:05:00+00:00,107744268941884250675749695149907890641407027447850345824585340757677476956499,50615603034092086617758022250290185239354068487385983304128331015066704371169,2371.6658,2.0,True,False,closed,2026-06-24T15:57:00.761346+00:00,2026-06-24T16:05:00.762478+00:00,149,0,
0x89334c0209c78cad2783b17488257e06fe6fe00d502db902eb75cbd3e3056a8f,"Bitcoin Up or Down - June 24, 12:05PM-12:10PM ET",BTC,2026-06-24T16:05:00+00:00,2026-06-24T16:10:00+00:00,67440659789767563160737851046748890817976930890286025948827110206507417254061,70386549783854735905175199131216159504784199433345844502543920831624907783009,13679.2242,404.843136,True,False,closed,2026-06-24T16:00:06.760975+00:00,2026-06-24T16:10:00.762191+00:00,149,0,
0xe8004605c8373cfd50c0f9a04c8ea05e3192ef3386b5904b45792d27d8cfcdc6,"Ethereum Up or Down - June 24, 12:05PM-12:10PM ET",ETH,2026-06-24T16:05:00+00:00,2026-06-24T16:10:00+00:00,56949242133659962073154914589266420956525018876456198896700782556593968777822,30163855720552601244946412700512606982747738376582351086280669912408833616194,5075.199,0.0,True,False,closed,2026-06-24T16:00:06.760975+00:00,2026-06-24T16:10:00.762191+00:00,149,0,
0x93ba4ad2ce02cd6f33211c345659bf3fb165b8e73c3363395d03d4b52530ede5,"Solana Up or Down - June 24, 12:05PM-12:10PM ET",SOL,2026-06-24T16:05:00+00:00,2026-06-24T16:10:00+00:00,91487163812022283002526765019906686156254450310276319668715141038079992369230,99505292108007082238758461370728708249023281294532018744373624083804219783600,2144.8913,0.0,True,False,closed,2026-06-24T16:00:06.760975+00:00,2026-06-24T16:10:00.762191+00:00,149,0,
0x63ac8a028d85949b3a646af04cbcf7c064e05e7159d6977035b42017ec927ad3,"Bitcoin Up or Down - June 24, 12:10PM-12:15PM ET",BTC,2026-06-24T16:10:00+00:00,2026-06-24T16:15:00+00:00,67803301396576308139160883315930476014224254394641532971393379694710929925286,53965173155418980351014378784753645558836828160169181567218273452854816850024,13735.2251,415.15686,True,False,closed,2026-06-24T16:06:00.752986+00:00,2026-06-24T16:15:00.762349+00:00,149,0,
0xf0b669d8471a2a789ae2b007a74201c39cf87e0a849733118f93ab53f5aaaf98,"Ethereum Up or Down - June 24, 12:10PM-12:15PM ET",ETH,2026-06-24T16:10:00+00:00,2026-06-24T16:15:00+00:00,9397201846499200235726469440321238069792557875715011026543038049371182122355,112197540059981743906757389416424032031355415170239458333992268522544164697286,5154.9003,5.0,True,False,closed,2026-06-24T16:06:00.752986+00:00,2026-06-24T16:15:00.762349+00:00,149,0,
0xb28be77cf1edfc72527922a15b7846d23a9816f2dab884d8b4a22cfd0b5cf7e6,"Solana Up or Down - June 24, 12:10PM-12:15PM ET",SOL,2026-06-24T16:10:00+00:00,2026-06-24T16:15:00+00:00,95462983801312211878433702394466523385369889391074876393305325756592132952953,20575833316392067671090105819616163696403690378065722414071206114161955526362,2309.8059,5.0,True,False,closed,2026-06-24T16:06:00.752986+00:00,2026-06-24T16:15:00.762349+00:00,149,0,
0x324fbcacad726ea372f3ac950d76a7bb971fd721bcd93e082f8f269202bcdb69,"Bitcoin Up or Down - June 24, 12:15PM-12:20PM ET",BTC,2026-06-24T16:15:00+00:00,2026-06-24T16:20:00+00:00,110686683972107752011735040241026037459072282726330995382676523583289802076451,56505251104094768951743410021732428190356841334711917555737642500585534298163,17670.8724,399.86078299999997,True,False,closed,2026-06-24T16:11:06.759051+00:00,2026-06-24T16:20:00.754238+00:00,149,0,
0xcbc6483fa0beb2a1bc3992f5471d743fb860b0cf66114fad9a1245142a223ace,"Ethereum Up or Down - June 24, 12:15PM-12:20PM ET",ETH,2026-06-24T16:15:00+00:00,2026-06-24T16:20:00+00:00,13352131140912943685195184845183601171578421440219136879404465881444198306490,99753868734235599474119507957947131102474782879488761920936492470654533148992,6342.098,0.0,True,False,closed,2026-06-24T16:11:06.759051+00:00,2026-06-24T16:20:00.754238+00:00,149,0,
0x16d9a49118c42f6c43e48602f4356b563fe7d62f03eace901d12f3671b7534cd,"Solana Up or Down - June 24, 12:15PM-12:20PM ET",SOL,2026-06-24T16:15:00+00:00,2026-06-24T16:20:00+00:00,72708615857419450104357092514371114223695647774880818069438164633799896398495,10004022999577913137437574926705381466328831257615626753915002576616824501265,3501.0855,0.0,True,False,closed,2026-06-24T16:11:06.759051+00:00,2026-06-24T16:20:00.754238+00:00,149,0,
0xbb67d8bca1c52cca23f6ddceda41e5ea20118dd5fd81f0379a913559bdccd138,"Bitcoin Up or Down - June 24, 12:20PM-12:25PM ET",BTC,2026-06-24T16:20:00+00:00,2026-06-24T16:25:00+00:00,7244468162674095292966125119839361179499596068169477254272067002495854015842,78393751508773969647715136999350808019522730395989660124289216946278535347453,12583.8269,341.657084,True,False,closed,2026-06-24T16:16:00.754626+00:00,2026-06-24T16:25:00.754747+00:00,149,0,
0x3ff6467a550c98f4169110ba92b77909067aecb7236e397d6a532a2810ce3a03,"Ethereum Up or Down - June 24, 12:20PM-12:25PM ET",ETH,2026-06-24T16:20:00+00:00,2026-06-24T16:25:00+00:00,54642223684240392322308824390156103452564002065902883610788670089674648082844,53798895517637773829126274817888933646342743930722420143348274040794813008370,5183.9512,0.0,True,False,closed,2026-06-24T16:16:00.754626+00:00,2026-06-24T16:25:00.754747+00:00,149,0,
0x76ee4df37777787c309b30aa15d0861f505cc65be0cea6ab16949e8fba9fa172,"Solana Up or Down - June 24, 12:20PM-12:25PM ET",SOL,2026-06-24T16:20:00+00:00,2026-06-24T16:25:00+00:00,88684620684934424894328888667971883394853553144567574857592971675484134936743,16973894241730855857990941804476397392018045004669672710594373546235158036332,2307.9061,0.0,True,False,closed,2026-06-24T16:16:00.754626+00:00,2026-06-24T16:25:00.754747+00:00,149,2,
0xcc2ed2bd0b1ca8edd6d5214f829f7b814b51382de9812537794f4606de6d0a16,"Bitcoin Up or Down - June 24, 12:25PM-12:30PM ET",BTC,2026-06-24T16:25:00+00:00,2026-06-24T16:30:00+00:00,11140681037595546176618939135343758464474990290638183067056101498241545340789,79398076687204539636604955687614841334778691890683356989846461769466924963867,12653.6747,376.165486,True,False,closed,2026-06-24T16:20:18.758582+00:00,2026-06-24T16:30:00.755078+00:00,149,0,
0x3835c06b8f8d7d7128273ac5877f6186ca74b3a5f258ad1fbfc36829fb960e2b,"Ethereum Up or Down - June 24, 12:25PM-12:30PM ET",ETH,2026-06-24T16:25:00+00:00,2026-06-24T16:30:00+00:00,77788875173886929613478020169543849350870891042887095899038191803064867539867,18556218439750788304153814001350618044461199990938290491137802074819327536171,5182.4007,5.0,True,False,closed,2026-06-24T16:20:18.758582+00:00,2026-06-24T16:30:00.755078+00:00,149,0,
0xf5cd3bfefccfe180145c976a05bbd31b5eb2adbad63889c910bf7462f264456e,"Solana Up or Down - June 24, 12:25PM-12:30PM ET",SOL,2026-06-24T16:25:00+00:00,2026-06-24T16:30:00+00:00,107968332386140880293657082087901528556385766344618735453752366797656816243514,50059129649246419204458107289933667479727094135360041095619602264047026977498,2214.5855,0.0,True,False,closed,2026-06-24T16:20:18.758582+00:00,2026-06-24T16:30:00.755078+00:00,149,0,
0xd790bf3695daf71f37de22ebd887b8113ee9e705cf21561096ffc0eeb30c338f,"Bitcoin Up or Down - June 24, 12:30PM-12:35PM ET",BTC,2026-06-24T16:30:00+00:00,2026-06-24T16:35:00+00:00,4520486195603434900904106553921511404271968577901322443946241262335611638140,112827742772114892591270875708560979706477170444967745198131592206210202622705,13943.2141,337.86078299999997,True,False,closed,2026-06-24T16:25:24.764994+00:00,2026-06-24T16:35:00.764290+00:00,149,0,
0x196271e758b602ff82bf2032b07803112009b8b7fcc4fa3c6ea0cc681f1cd79d,"Ethereum Up or Down - June 24, 12:30PM-12:35PM ET",ETH,2026-06-24T16:30:00+00:00,2026-06-24T16:35:00+00:00,81558588008501356034524998695081138452059216851070814038031749634531937686646,98169261541524681769112816906486924735196283775658258875076638811039098812366,5193.3503,2.0,True,False,closed,2026-06-24T16:25:24.764994+00:00,2026-06-24T16:35:00.764290+00:00,149,0,
0xa7ef03ed79513a4516ce5e36f0812052580634bddfd7dc3d6f28a33da62d4ce0,"Solana Up or Down - June 24, 12:30PM-12:35PM ET",SOL,2026-06-24T16:30:00+00:00,2026-06-24T16:35:00+00:00,84917105901265260823383240073369210392502248739159085040885100741217316424818,39769528594856201633046804537615868152094586342253702797973967540060254317577,2268.4064,5.0,True,False,closed,2026-06-24T16:25:24.764994+00:00,2026-06-24T16:35:00.764290+00:00,149,0,
0xa7bae944dc43f93817598f12584047241d1bf908f3ed3e6bcb17fa6dd79c08f4,"Bitcoin Up or Down - June 24, 12:35PM-12:40PM ET",BTC,2026-06-24T16:35:00+00:00,2026-06-24T16:40:00+00:00,16573808716858203176681381779447046948880338330982314938219398108602044812471,37379933426461168725278697958283429370790357852728208991109038087925866739632,13636.616,296.706466,True,False,closed,2026-06-24T16:30:36.764380+00:00,2026-06-24T16:40:00.759064+00:00,149,0,
0x9f618f49ba31f531870311a2c40d0444b8ed6b94a19e9dcb4258f94bc3ee017b,"Ethereum Up or Down - June 24, 12:35PM-12:40PM ET",ETH,2026-06-24T16:35:00+00:00,2026-06-24T16:40:00+00:00,68743461853548056436416745294871830237678160845426987356061772469545295769513,100876127200685916343063692507754512371265074284391874976119019654357667966315,5052.1553,9.0,True,False,closed,2026-06-24T16:30:36.764380+00:00,2026-06-24T16:40:00.759064+00:00,149,0,
0x9cf79ba1b2d8fa207a4ee03e8f3a7034dc7f00cb86974dabd3df2c6098fcd400,"Solana Up or Down - June 24, 12:35PM-12:40PM ET",SOL,2026-06-24T16:35:00+00:00,2026-06-24T16:40:00+00:00,102560476906387152261461575030116614582883204462788144808822957241902790183969,93266010590555788341156388977672068652306061335007707929277450620509289374595,2268.3859,0.0,True,False,closed,2026-06-24T16:30:36.764380+00:00,2026-06-24T16:40:00.759064+00:00,149,0,
0xcf530ab5e3774ff0a53812f92ebd020f2ad849bca691297e4d6c25ed3685a8aa,"Bitcoin Up or Down - June 24, 12:40PM-12:45PM ET",BTC,2026-06-24T16:40:00+00:00,2026-06-24T16:45:00+00:00,12281601285687663747503437945567006971296115111552532146157275343471621125572,45363041293167664585872835753947951591473196518629520075859231049750090671943,15907.4485,77.449017,True,False,closed,2026-06-24T16:35:06.755838+00:00,2026-06-24T16:45:00.760024+00:00,149,0,
0x54faa3af7fa6193533f340c3ceb42d2a8d405f5e3b23e2178d2a0212ac8cd968,"Ethereum Up or Down - June 24, 12:40PM-12:45PM ET",ETH,2026-06-24T16:40:00+00:00,2026-06-24T16:45:00+00:00,55603317471708550934071315102648788087460008426368005900731970617021469833609,107890154204554307593170749064854868852042885716285349439130303481366725177499,6446.4502,5.0,True,False,closed,2026-06-24T16:35:06.755838+00:00,2026-06-24T16:45:00.760024+00:00,149,0,
0x7676152a050132fc950dac0a71cfdfb4820f4c9ac28602f59986851e9f3aa114,"Solana Up or Down - June 24, 12:40PM-12:45PM ET",SOL,2026-06-24T16:40:00+00:00,2026-06-24T16:45:00+00:00,27317132644010834562389880262923155677593536490539697586209356529376448367895,14662253408296526536134125325534142865105540921382493108481599033386983898787,3411.7059,5.0,True,False,closed,2026-06-24T16:35:06.755838+00:00,2026-06-24T16:45:00.760024+00:00,149,0,
0x6a9cd2dd7bc9c9807d3452c9f1a97c34ac7aedbc934b79054d8b3a0bfdcd4e42,"Bitcoin Up or Down - June 24, 12:45PM-12:50PM ET",BTC,2026-06-24T16:45:00+00:00,2026-06-24T16:50:00+00:00,105753060303901016644764767369014984603269563031066710526288755766023988566135,39693435440833639330340767694826898425357272610671516617456465724529511462623,17162.2458,281.511172,True,False,closed,2026-06-24T16:40:18.766586+00:00,2026-06-24T16:50:00.763219+00:00,149,1,
0x5f9429ecb50c9665cb115803d00900eef739e87d582da30351bd49e832aeda56,"Ethereum Up or Down - June 24, 12:45PM-12:50PM ET",ETH,2026-06-24T16:45:00+00:00,2026-06-24T16:50:00+00:00,44754127217384132059020152697896818399550120442760443804722358393431426856016,85708571884366229736892099095246624739691343214702783653799935672629745281494,6729.0003,5.0,True,False,closed,2026-06-24T16:40:18.766586+00:00,2026-06-24T16:50:00.763219+00:00,149,0,
0xc0c41b685b21d4492d0153c440d950126dd88e6fcce29b416a8b08c965a9f561,"Solana Up or Down - June 24, 12:45PM-12:50PM ET",SOL,2026-06-24T16:45:00+00:00,2026-06-24T16:50:00+00:00,14720154432684422821847520439638714510684135663052282100446654452138369264057,43349323130785105731480286435242442380967159196403106963664921167748535518411,3429.4545,5.0,True,False,closed,2026-06-24T16:40:18.766586+00:00,2026-06-24T16:50:00.763219+00:00,149,0,
0x11be248eacf03fecfc51007bb9833cc1452e33e48c5226ab9c30e91656ca4fed,"Bitcoin Up or Down - June 24, 12:50PM-12:55PM ET",BTC,2026-06-24T16:50:00+00:00,2026-06-24T16:55:00+00:00,105404517867166855182095158283522420625100182596674659573773602324296053095571,98918482443447237618902501489604024376509708343300370842204527601003135651832,14573.0375,300.152063,True,False,closed,2026-06-24T16:45:06.752606+00:00,2026-06-24T16:55:00.756724+00:00,149,0,
0xabff544d3602969cb25677257451bdb7c6ad59b48e75d1d633afb248b012b06c,"Ethereum Up or Down - June 24, 12:50PM-12:55PM ET",ETH,2026-06-24T16:50:00+00:00,2026-06-24T16:55:00+00:00,51000752535342986788708620206433762921693748597350378782571158934402611314213,48565067972414740241595337243693451442277553445657415815639630109906832173793,6280.4003,1.960783,True,False,closed,2026-06-24T16:45:06.752606+00:00,2026-06-24T16:55:00.756724+00:00,149,3,
0x7d0f63daa0e0bd4993d80fa4bcb62fd622043fb264ec4a7aa7b875871c6a353a,"Solana Up or Down - June 24, 12:50PM-12:55PM ET",SOL,2026-06-24T16:50:00+00:00,2026-06-24T16:55:00+00:00,111711622847315816830650256579114213852699437426886103149191622961628108337963,36495177809024956523257341651583006997523109989478250824922132268268022792528,3430.1059,0.0,True,False,closed,2026-06-24T16:45:06.752606+00:00,2026-06-24T16:55:00.756724+00:00,149,6,
0xa1e93afae816217288d27d08dfb8fbba84272b8031f7549ed8ee0f2d49f05aeb,"Bitcoin Up or Down - June 24, 12:55PM-1:00PM ET",BTC,2026-06-24T16:55:00+00:00,2026-06-24T17:00:00+00:00,45110475972314225775605405670504952804236120967677043615330274856864738543944,67435447119239810102514045429216282104206060560452799593581319319375283208631,13756.7108,305.541566,True,False,closed,2026-06-24T16:50:06.756801+00:00,2026-06-24T17:00:00.760633+00:00,148,0,
0xdc4693598a20d019c083949d35703b04d5de73552f4d0fb762787cbe10eef7af,"Ethereum Up or Down - June 24, 12:55PM-1:00PM ET",ETH,2026-06-24T16:55:00+00:00,2026-06-24T17:00:00+00:00,53632556974879734416677441671145463825217239395269265227827702338735918543885,98339150068454023243798721005856837327129524154711019789225493286292978283560,6427.7003,2.0,True,False,closed,2026-06-24T16:50:06.756801+00:00,2026-06-24T17:00:00.760633+00:00,149,0,
0xd9fdd3e41c44d6fc45dea83b9bcc8f20fec35e132240088f994e244f73a5fa48,"Solana Up or Down - June 24, 12:55PM-1:00PM ET",SOL,2026-06-24T16:55:00+00:00,2026-06-24T17:00:00+00:00,69155411914483020476474724124554079340467290373444333849369969935018942482401,94948667431114159406296025722136016927092227668058541256792536214043166678606,3430.1559,0.0,True,False,closed,2026-06-24T16:50:06.756801+00:00,2026-06-24T17:00:00.760633+00:00,149,0,
0xe775695d84d993756f797e019dec13054300dde3c6261e2b5d40b89a55a5f4f5,"Bitcoin Up or Down - June 24, 1:00PM-1:05PM ET",BTC,2026-06-24T17:00:00+00:00,2026-06-24T17:05:00+00:00,4154211051258897220418823291115859727080724008797178557915538109734430860583,14800997566070829848837125727673023418841866155192398189523104206672233505043,17789.0968,76.037643,True,False,closed,2026-06-24T16:55:18.765132+00:00,2026-06-24T17:05:00.765500+00:00,149,0,
0x01159c87410a630447b45765c6f25fdae80f1b170992a056b088e47954017ebb,"Ethereum Up or Down - June 24, 1:00PM-1:05PM ET",ETH,2026-06-24T17:00:00+00:00,2026-06-24T17:05:00+00:00,1143141749525165090263387999108708707183866498392150991051259700458267672626,48372887765277440768430031174076089888590642337746703509326991266154670341203,6936.4508,2.0,True,False,closed,2026-06-24T16:55:18.765132+00:00,2026-06-24T17:05:00.765500+00:00,149,0,
0xedb631a26d20009bca731d168de7e2970c3591a80c59196bdebbfaf66274f111,"Solana Up or Down - June 24, 1:00PM-1:05PM ET",SOL,2026-06-24T17:00:00+00:00,2026-06-24T17:05:00+00:00,30184565656267816843380690829658300971567531646554661232892486264496287258627,16496278168618192881744891228530763954119786028261936063255502010847255072022,3428.1559,0.0,True,False,closed,2026-06-24T16:55:18.765132+00:00,2026-06-24T17:05:00.765500+00:00,149,0,
0xb8a6cccfce8b56221c317a6d5f5ebd3267d80fa4999eec70f445acae2d8056fe,"Bitcoin Up or Down - June 24, 1:05PM-1:10PM ET",BTC,2026-06-24T17:05:00+00:00,2026-06-24T17:10:00+00:00,58104052091995506115365801862809739110288871604230621616493213536089025509586,23280691935419036892044620687160842129581038506650518167953996149393195349859,17269.3682,7.920783,True,False,closed,2026-06-24T17:01:42.754614+00:00,2026-06-24T17:10:00.754980+00:00,149,0,
0xe35e602f1c1c033fe050efa63336c8b815bf0de32849c1036871b5f68eeaadd1,"Ethereum Up or Down - June 24, 1:05PM-1:10PM ET",ETH,2026-06-24T17:05:00+00:00,2026-06-24T17:10:00+00:00,2230584639004925564334347715557613813828190018635966378217441434682930245527,74189413640887387218227926389656760137680850267303552749551903447681933287887,6402.0604,0.0,True,False,closed,2026-06-24T17:01:42.754614+00:00,2026-06-24T17:10:00.754980+00:00,149,0,
0x8012be1807800688cf5bf49d35bea3095478016ae9f67ef7e1f86cfd1bec0700,"Solana Up or Down - June 24, 1:05PM-1:10PM ET",SOL,2026-06-24T17:05:00+00:00,2026-06-24T17:10:00+00:00,77967425364071256056421136674629331992129962392328582736447501973990535550995,92959256122617439194349617443441012189987018573679916479723197665601806261001,3425.5882,0.0,True,False,closed,2026-06-24T17:01:42.754614+00:00,2026-06-24T17:10:00.754980+00:00,149,0,
0x80e10def63fc1786eb16218ff465f9b181d803cd6115214461d90a8820648d13,"Bitcoin Up or Down - June 24, 1:10PM-1:15PM ET",BTC,2026-06-24T17:10:00+00:00,2026-06-24T17:15:00+00:00,36452995916134724002218068061875187428658686777002998944534270382211657676335,64358855654921340697236204487041292811573864720811771866086562209204288551597,17296.5484,153.108792,True,False,closed,2026-06-24T17:06:24.759110+00:00,2026-06-24T17:15:00.759862+00:00,149,0,
0x915b585d1af9d32daaee4f7e2435bf584f455371ecbceccdb5eed48b591c4269,"Ethereum Up or Down - June 24, 1:10PM-1:15PM ET",ETH,2026-06-24T17:10:00+00:00,2026-06-24T17:15:00+00:00,114244186199039978538318000758847070303848417841521613120452154073968696034021,98357938619694146722509003769414945361469187549675786364253415465904890744394,6418.8812,5.0,True,False,closed,2026-06-24T17:06:24.759110+00:00,2026-06-24T17:15:00.759862+00:00,149,0,
0x6bcbfb85688c3516d74eda21ae1058775c9dbb0c3c2ed80679bea5efa4224f1f,"Solana Up or Down - June 24, 1:10PM-1:15PM ET",SOL,2026-06-24T17:10:00+00:00,2026-06-24T17:15:00+00:00,83209436271876305596836918299102802530364602422413022807177738940238213486399,57593472620993350767960402124859709356492336639966274276268063722202917683578,3413.9568,5.0,True,False,closed,2026-06-24T17:06:24.759110+00:00,2026-06-24T17:15:00.759862+00:00,149,0,
0xc6ddbe45253f77b8dbd808a9153ec3477a66b95ce3dcd40edbdbf5e69a9fad74,"Bitcoin Up or Down - June 24, 1:15PM-1:20PM ET",BTC,2026-06-24T17:15:00+00:00,2026-06-24T17:20:00+00:00,72405859103817499990482327468036935096276082875485050416041962428443450824741,51209088306001357127998787029384065637145216621304754397109348390094054694192,17101.9305,66.53999999999999,True,False,closed,2026-06-24T17:11:42.764224+00:00,2026-06-24T17:20:00.764548+00:00,149,0,
0x2a87ba5465e5a39b23f5c245ce8daf4e9166a6b5d3a01f97e3c5cebe5f542667,"Ethereum Up or Down - June 24, 1:15PM-1:20PM ET",ETH,2026-06-24T17:15:00+00:00,2026-06-24T17:20:00+00:00,52725396041051820206130648725545518859312698258133060822039005521265077110823,38875325085058563224987376355103446438396060139935208481185245693206921164140,6760.0496,5.0,True,False,closed,2026-06-24T17:11:42.764224+00:00,2026-06-24T17:20:00.764548+00:00,149,0,
0x591e488c61580b1bbad4ea90f3528fa4248c9a367d4d77e8e9a3b05282cd83b4,"Solana Up or Down - June 24, 1:15PM-1:20PM ET",SOL,2026-06-24T17:15:00+00:00,2026-06-24T17:20:00+00:00,53673052692875734586908120228080696251479918333532484345609662892676292275669,42582507620405405894463648960034776120487075327860495655858741779174247177159,3435.5638,5.0,True,False,closed,2026-06-24T17:11:42.764224+00:00,2026-06-24T17:20:00.764548+00:00,149,0,
0x4e3ccef6d09b12b5096ae7d0f0a31ad0d330a97162edd47f2c2f21292743e480,"Bitcoin Up or Down - June 24, 1:20PM-1:25PM ET",BTC,2026-06-24T17:20:00+00:00,2026-06-24T17:25:00+00:00,25272709830884963454430981148273302849376661004769976589773109336062567714426,87667678464219216992563568966136364147473318361497406390477961058363318997708,15482.9849,32.882351,True,False,closed,2026-06-24T17:15:24.766219+00:00,2026-06-24T17:25:00.757745+00:00,149,0,
0xe0bc189f3c230eaa7f15c3089cf08bacd29d0131a8d464ba6d3bdb9daa7da7ec,"Ethereum Up or Down - June 24, 1:20PM-1:25PM ET",ETH,2026-06-24T17:20:00+00:00,2026-06-24T17:25:00+00:00,2036487061443919450364666849265309935349103727279899191059958447240736570493,79291539927271251056354990827168939571649220681195811909878254945530074793579,6456.1003,7.0,True,False,closed,2026-06-24T17:15:24.766219+00:00,2026-06-24T17:25:00.757745+00:00,149,0,
0xd8e21b0124221e5a6948b65f0b5c1b7c563a3c7e6ea11a1e7d760638a2e885ba,"Solana Up or Down - June 24, 1:20PM-1:25PM ET",SOL,2026-06-24T17:20:00+00:00,2026-06-24T17:25:00+00:00,28114218324325442554664504415945138521145350583256895167137858402292432087607,109155460330612704713192864594916232329002335210687001187230031485306149242804,3441.7559,0.0,True,False,closed,2026-06-24T17:15:24.766219+00:00,2026-06-24T17:25:00.757745+00:00,149,2,
0xe299ce909474c2f305598fb95da26d8fda10eef60f3f4c978ea829fc50be07c7,"Bitcoin Up or Down - June 24, 1:25PM-1:30PM ET",BTC,2026-06-24T17:25:00+00:00,2026-06-24T17:30:00+00:00,51397169700790107137865214788243686624613154473877763724111460063661082826509,19250988374895286352909611051872484598203787379045952269073056657686496419846,16776.9403,10.0,True,False,closed,2026-06-24T17:20:18.767103+00:00,2026-06-24T17:30:00.766491+00:00,149,0,
0x0a15e96a2f8db3533603fd8a311915394fd8b8b6cbc3c3b90e5225964660bd94,"Ethereum Up or Down - June 24, 1:25PM-1:30PM ET",ETH,2026-06-24T17:25:00+00:00,2026-06-24T17:30:00+00:00,102116838107414852913928037210651910758976866923458765028234554015457875514327,106101347756720317405495910680641941300151468212972024454287408182251195029417,6370.2594,8.0,True,False,closed,2026-06-24T17:20:18.767103+00:00,2026-06-24T17:30:00.766491+00:00,149,1,
0x8b89ebef2e337682d0c761c2d9ea76b14916b0fbaa6b07ab496782aa61d08092,"Solana Up or Down - June 24, 1:25PM-1:30PM ET",SOL,2026-06-24T17:25:00+00:00,2026-06-24T17:30:00+00:00,9019439275622632659417780079631055623556323843018909086316438783882561238283,34076347997461525899372924382088118778315466696422999818384485362567220901024,3432.4154,0.0,True,False,closed,2026-06-24T17:20:18.767103+00:00,2026-06-24T17:30:00.766491+00:00,149,14,
0xfac222c67e9a366314d5012f7485349c5f0597ef38a8db54ab2eeb9d263fc9a0,"Bitcoin Up or Down - June 24, 1:30PM-1:35PM ET",BTC,2026-06-24T17:30:00+00:00,2026-06-24T17:35:00+00:00,75070287346407995272330973989978615263376309872590163938733651318429680190942,98063260691304224620829067148440442235587721802370943502923290419662224081978,14906.8507,2.0,True,False,closed,2026-06-24T17:25:06.765688+00:00,2026-06-24T17:35:00.761942+00:00,149,0,
0x5f0e52a395dd3cbb0bca044a7ad11cb3f396c0e422c83460e86d57c6ff02aa5f,"Ethereum Up or Down - June 24, 1:30PM-1:35PM ET",ETH,2026-06-24T17:30:00+00:00,2026-06-24T17:35:00+00:00,110212512242676962495934067274083237630574313471063027357088308320128685985924,21351159334765664959692971227016354041379236137107792377647526805221982038192,6141.31,0.0,True,False,closed,2026-06-24T17:25:06.765688+00:00,2026-06-24T17:35:00.761942+00:00,149,0,
0xc53755a72a77c13680d29f80e88a1ffcdaeda374fb64389c3801a5660e24deb8,"Solana Up or Down - June 24, 1:30PM-1:35PM ET",SOL,2026-06-24T17:30:00+00:00,2026-06-24T17:35:00+00:00,8455797709466981922742427984606171286625413380712752065246971953842367729496,80737253876674727353582445341983120751928766210142460407486450092142526982075,3448.3332,0.0,True,False,closed,2026-06-24T17:25:06.765688+00:00,2026-06-24T17:35:00.761942+00:00,149,0,
0xebe888e796d207e5c5364d22e93f60bf475323ceb396e5845ca1ea61e31401bd,"Bitcoin Up or Down - June 24, 1:35PM-1:40PM ET",BTC,2026-06-24T17:35:00+00:00,2026-06-24T17:40:00+00:00,114266091615568352834470394448897125273170469962218929785907984201381861393544,76687503982293802411379510145511043825545906970937917161734675359092799492455,15228.3792,12.0,True,False,closed,2026-06-24T17:30:18.762417+00:00,2026-06-24T17:40:00.761278+00:00,149,0,
0x82d1df5d173d9b874917b2f7ad83dcf9241aba172c06f71533e32f4afcad69eb,"Ethereum Up or Down - June 24, 1:35PM-1:40PM ET",ETH,2026-06-24T17:35:00+00:00,2026-06-24T17:40:00+00:00,78530341530833434864383953880003475802535737812628750932255651300033275313155,77885606007935120448249646543153461923789375435309386548560306624413040876711,6125.449,0.0,True,False,closed,2026-06-24T17:30:18.762417+00:00,2026-06-24T17:40:00.761278+00:00,149,0,
0x219d8e72bb098cc6e5ca84e608330fa3f9319fe3d47c2094c49a65e7c52f15b9,"Solana Up or Down - June 24, 1:35PM-1:40PM ET",SOL,2026-06-24T17:35:00+00:00,2026-06-24T17:40:00+00:00,8452916522579453758695812080182047722522170335707564799273917241384523751269,5171558676251820371263660691836336967820629972494533059222151191057645229927,3384.1855,5.0,True,False,closed,2026-06-24T17:30:18.762417+00:00,2026-06-24T17:40:00.761278+00:00,149,0,
0xe162acce182a1c54de6efd4a047bee1957d9d0ce3a96723f622886a34ce9ef56,"Bitcoin Up or Down - June 24, 1:40PM-1:45PM ET",BTC,2026-06-24T17:40:00+00:00,2026-06-24T17:45:00+00:00,91981383328199495009082337690781245769132976876126447014785147214061620849677,113704716204954584548247651537855227780150252839925424637718357096016012038364,15568.4761,14.0,True,False,closed,2026-06-24T17:35:36.765329+00:00,2026-06-24T17:45:00.756597+00:00,149,0,
0xb2ef8531c478d2f81acb57f0ec6d19a7afb7db39a4cc238f47763091389b13ae,"Ethereum Up or Down - June 24, 1:40PM-1:45PM ET",ETH,2026-06-24T17:40:00+00:00,2026-06-24T17:45:00+00:00,32868287625195895990179723018471470734314340951915766876416861754588023481454,2227417749214054778618108131631069358275865495806640815446505438717276696064,6146.0224,10.980768,True,False,closed,2026-06-24T17:35:36.765329+00:00,2026-06-24T17:45:00.756597+00:00,149,0,
0x61273ed42fee0bd139522d1ac7f91eb332967e436f91e3e23ae29dee7877293c,"Solana Up or Down - June 24, 1:40PM-1:45PM ET",SOL,2026-06-24T17:40:00+00:00,2026-06-24T17:45:00+00:00,22302932962239788704026410928725931893364563264111476385372888005604234268307,14225442347487423468858735238815533549767590739041063388270549982857106252539,3490.6858,5.0,True,False,closed,2026-06-24T17:35:36.765329+00:00,2026-06-24T17:45:00.756597+00:00,149,0,
0x83503332ad5653311dc3777bdad785cf22071ae77a6f9ce6d09e09ade6461d85,"Bitcoin Up or Down - June 24, 1:45PM-1:50PM ET",BTC,2026-06-24T17:45:00+00:00,2026-06-24T17:50:00+00:00,106548528863579092282545150099836191678318159584319212837901416199677804448407,47053195325465693294077059490998102667881363414298686143694475476587027960708,17465.8503,6.0,True,False,closed,2026-06-24T17:41:00.760560+00:00,2026-06-24T17:50:00.762097+00:00,149,0,
0x931296be6d3fc5e74df946ebeb47595bd30d0b51c747520c22454b54dbde783c,"Ethereum Up or Down - June 24, 1:45PM-1:50PM ET",ETH,2026-06-24T17:45:00+00:00,2026-06-24T17:50:00+00:00,46929755726901821900102318794657033368412388216404452496645173784453982523566,26142665473954895490101022953672087523711572819276421985301047903444627197957,6463.1494,1.960783,True,False,closed,2026-06-24T17:41:00.760560+00:00,2026-06-24T17:50:00.762097+00:00,149,1,
0x2c34844eb45d86c71fa7fb0dbf24049e5ec77b7f89de65390211fad70ed166ea,"Solana Up or Down - June 24, 1:45PM-1:50PM ET",SOL,2026-06-24T17:45:00+00:00,2026-06-24T17:50:00+00:00,78972192148885786360324948816125886276362838250804426857657737238819297961815,78531319390626985249555818752161338103172853459005368789214033458454147903616,3364.1855,0.0,True,False,closed,2026-06-24T17:41:00.760560+00:00,2026-06-24T17:50:00.762097+00:00,149,0,
0xe8eba31f46f6f76a7b41adc510d172b219d0aa208d38dbb68c89d4ceb58e5cb4,"Bitcoin Up or Down - June 24, 1:50PM-1:55PM ET",BTC,2026-06-24T17:50:00+00:00,2026-06-24T17:55:00+00:00,70102633092269155870956543587111358147048344548071973224997722341187621901432,93827721302791528773634615730251447298002929727497813466183507983399949336409,14763.3139,125.80392,True,False,closed,2026-06-24T17:45:06.761468+00:00,2026-06-24T17:55:00.763323+00:00,149,0,
0x194f1a4e2379454932fbb5d7009cbda6c18925a7c42f9cd77a2de21860b1528d,"Ethereum Up or Down - June 24, 1:50PM-1:55PM ET",ETH,2026-06-24T17:50:00+00:00,2026-06-24T17:55:00+00:00,33298333170542029606044764787148445215399298525969218704378695176998167638417,96541787457321906197527701569952520864362643783308414662165980208705255510382,6251.1485,0.0,True,False,closed,2026-06-24T17:45:06.761468+00:00,2026-06-24T17:55:00.763323+00:00,148,0,
0xe0261c3af71ec76885a6befe78536d37f4f39622a19d0102257561caaca61811,"Solana Up or Down - June 24, 1:50PM-1:55PM ET",SOL,2026-06-24T17:50:00+00:00,2026-06-24T17:55:00+00:00,111332796658377686335029304465224718824174684432478631623046710439819859600851,10388239842482300172286283988185721502152673195385975675035831378814794738315,3396.2664,5.0,True,False,closed,2026-06-24T17:45:06.761468+00:00,2026-06-24T17:55:00.763323+00:00,149,0,
0xaf9cf4c41738602c51f5c80cea369300050bf9991dd341bfc50cab9911e73a4f,"Bitcoin Up or Down - June 24, 1:55PM-2:00PM ET",BTC,2026-06-24T17:55:00+00:00,2026-06-24T18:00:00+00:00,54504604526218531830983916942342585052790524866006932726592904591544597525218,59108300174544321790053546282573836776899516098945456436853481964177814944239,13639.6721,66.03921299999999,True,False,closed,2026-06-24T17:51:30.761906+00:00,2026-06-24T18:00:00.761042+00:00,149,0,
0x04ab51b423192950e29fc1a889524c88b9630b12da1f303ea0a4e91031f97fea,"Ethereum Up or Down - June 24, 1:55PM-2:00PM ET",ETH,2026-06-24T17:55:00+00:00,2026-06-24T18:00:00+00:00,26087086333329368725322824350625713199320555714315195436144200183699753434810,62226977306664313457343590819815528115304385502356550906177060216772916224457,6156.3542,6.0,True,False,closed,2026-06-24T17:51:30.761906+00:00,2026-06-24T18:00:00.761042+00:00,149,0,
0xe35e0247327c4aa7fa2d329fe648da1ed73e2c9dde8af578cb52ad4f638ae074,"Solana Up or Down - June 24, 1:55PM-2:00PM ET",SOL,2026-06-24T17:55:00+00:00,2026-06-24T18:00:00+00:00,82723000470909244829993509596375590237624587904163174984242815257609548721337,78980508739202370417815495981927000900631756128715057803620681240294282144489,3396.1855,5.0,True,False,closed,2026-06-24T17:51:30.761906+00:00,2026-06-24T18:00:00.761042+00:00,149,0,
0xc02d82e6d126ad0990e6909d8f67f2e2a23cf5a8fc66c770cb94ab95d56ac12c,"Bitcoin Up or Down - June 24, 2:00PM-2:05PM ET",BTC,2026-06-24T18:00:00+00:00,2026-06-24T18:05:00+00:00,42318582101291184921029457189581941570992121747150476255279911350822354204430,71626145409023414606008937943894820683269204227376538089895587198660595386940,13465.7351,66.36,True,False,closed,2026-06-24T17:55:12.754828+00:00,2026-06-24T18:05:00.758889+00:00,149,0,
0x4f430d72c8c97d4793f79f9e80e1548f086fa4b4f7292e1546e6c9496e17be31,"Ethereum Up or Down - June 24, 2:00PM-2:05PM ET",ETH,2026-06-24T18:00:00+00:00,2026-06-24T18:05:00+00:00,63455976176806567443327238055899362182540499190489233774289482601122028492405,80723558572353009232632674851015219344142596197722369349635580352450612750185,5097.9481,0.0,True,False,closed,2026-06-24T17:55:12.754828+00:00,2026-06-24T18:05:00.758889+00:00,149,0,
0x5a189bc1b252af1469e531eb62cee5995fe46dd01bcaff6b137a7bc3109e2e43,"Solana Up or Down - June 24, 2:00PM-2:05PM ET",SOL,2026-06-24T18:00:00+00:00,2026-06-24T18:05:00+00:00,48326167082965897430467452556419832208258454687388924765483244634432739783724,96743585056018013748925561225569196856354908299963424198068440704220998247202,2207.5855,5.0,True,False,closed,2026-06-24T17:55:12.754828+00:00,2026-06-24T18:05:00.758889+00:00,149,16,
0x17dc5c06a8038c8b9fe98dc10caabed5e643e594aa096dfa257871e4e6fc79db,"Bitcoin Up or Down - June 24, 2:05PM-2:10PM ET",BTC,2026-06-24T18:05:00+00:00,2026-06-24T18:10:00+00:00,13641621897930941721478214883824576290817410847165058706382737707167614328678,27897955064426782288531940188981351571850241242984871120947684439733967128138,14016.8459,332.54999999999995,True,False,closed,2026-06-24T18:00:18.755371+00:00,2026-06-24T18:10:00.755061+00:00,146,3,
0x8d10de7291a64d25792f964f003561f76748af315ddbdcaeb2a66663b08979bd,"Ethereum Up or Down - June 24, 2:05PM-2:10PM ET",ETH,2026-06-24T18:05:00+00:00,2026-06-24T18:10:00+00:00,106432640405268115403874686003720697489441211350224592239910414839873331408423,52360561043746931531165919080850361646229125653392121098703273557522241391955,6146.2484,0.0,True,False,closed,2026-06-24T18:00:18.755371+00:00,2026-06-24T18:10:00.755061+00:00,148,0,
0x3d07d4fd8f80b13ff82b8a59ac4e27ef61cee1ca5f5e8b639dd421a3a7bc2fcb,"Solana Up or Down - June 24, 2:05PM-2:10PM ET",SOL,2026-06-24T18:05:00+00:00,2026-06-24T18:10:00+00:00,104577805648823849791690276064051414935043594290287390458421856794223607886525,35408203806378692284871477249531780370720934134759727918962587164497461683622,3385.9855,5.0,True,False,closed,2026-06-24T18:00:18.755371+00:00,2026-06-24T18:10:00.755061+00:00,148,0,
0xe3120089fce1f1a743fc240f0033561fca78ae3088352a0f3f52413a0a0b39cb,"Bitcoin Up or Down - June 24, 2:10PM-2:15PM ET",BTC,2026-06-24T18:10:00+00:00,2026-06-24T18:15:00+00:00,15317562781095052856502457368982810063926888582939771886398789138167411423210,18264189998735092659987577628518365358637806270720086172873296844738597147981,14163.7106,101.93392,True,False,closed,2026-06-24T18:05:18.765652+00:00,2026-06-24T18:15:00.757514+00:00,149,0,
0x2a8f1b4db2834d8f740fa140f88d4c2cd7464241d37403fce3ab3bc53ee78792,"Ethereum Up or Down - June 24, 2:10PM-2:15PM ET",ETH,2026-06-24T18:10:00+00:00,2026-06-24T18:15:00+00:00,109928530154276887426825546413246726009052795965850163913109186553202065145066,109402009307432802432924391219375848398242450326176218928228542050462535296871,6247.2799,6.0,True,False,closed,2026-06-24T18:05:18.765652+00:00,2026-06-24T18:15:00.757514+00:00,149,0,
0x2a80d3f00a6392321236292ecda6dc80067f0b9b9f4acf1f1bdcd56055164ca4,"Solana Up or Down - June 24, 2:10PM-2:15PM ET",SOL,2026-06-24T18:10:00+00:00,2026-06-24T18:15:00+00:00,103421632101521956991900717452873629318094862131301597047938395478922781858794,72662251207991105605093368639777279222849216067983914979986888860328571526166,3478.4265,5.0,True,False,closed,2026-06-24T18:05:18.765652+00:00,2026-06-24T18:15:00.757514+00:00,149,0,
0x8aa2d7ec8b240a0e2931db4011678b98eed6075e2c089fee699d1f2aef5220d0,"Bitcoin Up or Down - June 24, 2:15PM-2:20PM ET",BTC,2026-06-24T18:15:00+00:00,2026-06-24T18:20:00+00:00,52936184623756330981535292878332704744419016272546837205630062781623279596618,21835635769092827378064291816136693104075829418611456175265217733850118783573,16569.6453,92.13,True,False,closed,2026-06-24T18:11:24.762752+00:00,2026-06-24T18:20:00.756245+00:00,147,0,
0x34cb5f958f45833d278895f1a72438dfb0cb8ba5738c75452941a42a4176ac1c,"Ethereum Up or Down - June 24, 2:15PM-2:20PM ET",ETH,2026-06-24T18:15:00+00:00,2026-06-24T18:20:00+00:00,86540038229214656715507273327550753870283335424784433797848970115481138654940,86247159035658496854351692678224743001418885064714166604058118840266461709257,6225.9508,5.0,True,False,closed,2026-06-24T18:11:24.762752+00:00,2026-06-24T18:20:00.756245+00:00,149,0,
0x675d4e9eaab753136ac59c70fe990768011d01678f2cb769f7cb0e23b5bde004,"Solana Up or Down - June 24, 2:15PM-2:20PM ET",SOL,2026-06-24T18:15:00+00:00,2026-06-24T18:20:00+00:00,97129403676711214094919839992964521469846696275440077259749168630401969321401,25583341181973897621836636557209620104099498781649837978152051341838881567387,3435.8059,5.0,True,False,closed,2026-06-24T18:11:24.762752+00:00,2026-06-24T18:20:00.756245+00:00,149,0,
0x3d34074cabf8c0c7082b719f8b1d246fbf3344709e9dceb7baf2a9e21d9dcd71,"Bitcoin Up or Down - June 24, 2:20PM-2:25PM ET",BTC,2026-06-24T18:20:00+00:00,2026-06-24T18:25:00+00:00,46446717332370704802830815228651261242045864995241962795719583192420447793029,93224373647656210360693996231872845100175958393411344596792116663864519777458,13094.5008,94.13,True,False,closed,2026-06-24T18:15:54.760195+00:00,2026-06-24T18:25:00.763503+00:00,149,1,
0x063b6476f22b96ffa4e2b1b40b6be64b68228f02258cf4f2cb5ae83ecbf708fd,"Ethereum Up or Down - June 24, 2:20PM-2:25PM ET",ETH,2026-06-24T18:20:00+00:00,2026-06-24T18:25:00+00:00,50331666533385589045787076356206726804005307647081097628084813398502187468432,1742315272848618625060129681807502579103370385204243766053675642038074192397,4139.2504,5.0,True,False,closed,2026-06-24T18:15:54.760195+00:00,2026-06-24T18:25:00.763503+00:00,149,1,
0xb65494287b0ded4df523c3dfb7bc08d0faf51fbdea965329a079db51324f4dae,"Solana Up or Down - June 24, 2:20PM-2:25PM ET",SOL,2026-06-24T18:20:00+00:00,2026-06-24T18:25:00+00:00,115156384270351053679878330551520649829880378423504458011269350641950663452063,97101615835705484886321631499049941077785022201692859427143399404085573955334,2220.9656,0.0,True,False,closed,2026-06-24T18:15:54.760195+00:00,2026-06-24T18:25:00.763503+00:00,149,0,
0x44957331aa22b5e735dcfa68a3bd085cc745f25b78960795ac053511bb1b933f,"Bitcoin Up or Down - June 24, 2:25PM-2:30PM ET",BTC,2026-06-24T18:25:00+00:00,2026-06-24T18:30:00+00:00,35763166276017862807525809958762543598563622885592097666541640377382567600209,83586579076545032706169470589383167419073252249719849697738897381862053522989,14535.4127,118.141567,True,False,closed,2026-06-24T18:21:06.764841+00:00,2026-06-24T18:30:00.762535+00:00,149,0,
0x0f58baf57772722db394290841df2a23b89d3ef388a740790fe4356e58669164,"Ethereum Up or Down - June 24, 2:25PM-2:30PM ET",ETH,2026-06-24T18:25:00+00:00,2026-06-24T18:30:00+00:00,111698643439577882346298717065956846091416814364123914835849824129196601631524,110540099091647493340947706251285328082812687607439319096121385041759434724286,6346.8003,5.0,True,False,closed,2026-06-24T18:21:06.764841+00:00,2026-06-24T18:30:00.762535+00:00,149,0,
0xdd2d17b0c57f28751bb180bc9b0f8f5b5d2593a2e0197eae01b5165ba91f7df8,"Solana Up or Down - June 24, 2:25PM-2:30PM ET",SOL,2026-06-24T18:25:00+00:00,2026-06-24T18:30:00+00:00,92827118170038587778403525917937983739111742158828410158440853644163109016365,62566883965705113743140509239420179592048686689077834599545611214975161238913,3352.5555,0.0,True,False,closed,2026-06-24T18:21:06.764841+00:00,2026-06-24T18:30:00.762535+00:00,149,0,
0x06ec9b490f7c4c617377c56b319d58d48c406b100a2631cef61552b445c82176,"Bitcoin Up or Down - June 24, 2:30PM-2:35PM ET",BTC,2026-06-24T18:30:00+00:00,2026-06-24T18:35:00+00:00,82091913637730324042268218975212646026182326108668995183971429501498865468452,22931368934136497530818488082934573118923087628624815755552233696641193600719,16200.6036,228.695293,True,False,closed,2026-06-24T18:26:06.762133+00:00,2026-06-24T18:35:00.761632+00:00,149,0,
0x64173c699bc1398254a676fbaa756dffd446650586927e2afb4e4d41fea9f4c5,"Ethereum Up or Down - June 24, 2:30PM-2:35PM ET",ETH,2026-06-24T18:30:00+00:00,2026-06-24T18:35:00+00:00,86901157309184295679474730266147576436996089525164208418877426407310281081351,114358905870716066741422304077831234848964887906264931301343449116939185689669,6251.0039,0.0,True,False,closed,2026-06-24T18:26:06.762133+00:00,2026-06-24T18:35:00.761632+00:00,149,0,
0xbde68413691d686e0741615c9dad23d2669c8cfcdd14efb81d2fd53260602d61,"Solana Up or Down - June 24, 2:30PM-2:35PM ET",SOL,2026-06-24T18:30:00+00:00,2026-06-24T18:35:00+00:00,16954171519314776867001417781259313781595423607270533689404164506198167348411,115471836604288260150570251592734295294004839362834814833051650729691711742033,3421.2074,10.0,True,False,closed,2026-06-24T18:26:06.762133+00:00,2026-06-24T18:35:00.761632+00:00,149,0,
0xc1f56817b46716931229a03c89caecb9a7c7b9cc4c96181369b2d2f78235bf8f,"Bitcoin Up or Down - June 24, 2:35PM-2:40PM ET",BTC,2026-06-24T18:35:00+00:00,2026-06-24T18:40:00+00:00,65984387126147495121233853302268184208332280881475848130130841163092231537137,67287738540896600048873501503575017687783069000564911391459492523363778819490,14925.8775,21.321566999999998,True,False,closed,2026-06-24T18:31:00.766416+00:00,2026-06-24T18:40:00.766207+00:00,149,0,
0xcad7e69ceaf068cd9902caaeca7049f6d152d04a6a0e1aa81c1ddcf6459dd1e7,"Ethereum Up or Down - June 24, 2:35PM-2:40PM ET",ETH,2026-06-24T18:35:00+00:00,2026-06-24T18:40:00+00:00,69111960052656019696770617587398167948243286410579087115245231685752746187369,93702044262592879447293251012318873746507139780076959032981255402146934373697,7905.2207,5.0,True,False,closed,2026-06-24T18:31:00.766416+00:00,2026-06-24T18:40:00.766207+00:00,149,0,
0xbb7d71bc66ea5fa6ce7a31e4030c2f024d767c20d3481c3d9b1c4f2362f85484,"Solana Up or Down - June 24, 2:35PM-2:40PM ET",SOL,2026-06-24T18:35:00+00:00,2026-06-24T18:40:00+00:00,15516941350714232590863695355892159146314760063031249859256415316907899520031,31558100265367209861615588707120984683367662409242596301113921339505018072238,3513.4698,15.882351,True,False,closed,2026-06-24T18:31:00.766416+00:00,2026-06-24T18:40:00.766207+00:00,149,0,
0x279f9c91d27c50e536f11c97ee7242bfcb05b64cf31da8d5181d6e61156eb574,"Bitcoin Up or Down - June 24, 2:40PM-2:45PM ET",BTC,2026-06-24T18:40:00+00:00,2026-06-24T18:45:00+00:00,31687832398718420871940244341201041118187819547401385555915372187682291632540,55479891147653775527047377476888840452181701912135712238690694465616492127666,15066.0604,161.548811,True,False,closed,2026-06-24T18:35:54.766541+00:00,2026-06-24T18:45:00.766946+00:00,149,0,
0x99d627a7d6146969cf22b01d0ca14c13d79b72cc4e2f416b02938c3c4ec8834b,"Ethereum Up or Down - June 24, 2:40PM-2:45PM ET",ETH,2026-06-24T18:40:00+00:00,2026-06-24T18:45:00+00:00,56138810127588884843028029268755547736852661427787843360544993327284255280917,57877834980276398136845101953296302521631909626416129680917093089377097181141,6195.8502,5.0,True,False,closed,2026-06-24T18:35:54.766541+00:00,2026-06-24T18:45:00.766946+00:00,149,0,
0x7a202c4ca62d1b3f0f3dcf0772ea82ed89c087491fc37caf6fad7c622f4805e0,"Solana Up or Down - June 24, 2:40PM-2:45PM ET",SOL,2026-06-24T18:40:00+00:00,2026-06-24T18:45:00+00:00,26894496894209724135251729832831253479213597786595915746587320172469464524607,63859870913261055357332848257670420820332001945941942538774627830948511213931,3533.9559,5.0,True,False,closed,2026-06-24T18:35:54.766541+00:00,2026-06-24T18:45:00.766946+00:00,149,0,
0xa34db525ec55e54d659d252b8193a0df9cdb4dd63d12016f688cdf012e128d5d,"Bitcoin Up or Down - June 24, 2:45PM-2:50PM ET",BTC,2026-06-24T18:45:00+00:00,2026-06-24T18:50:00+00:00,53803121612297049406425494639364244447939159807449642824893184096216300644968,93658031626469619525169062358221402473870386549927534500892862247519691434773,16436.3511,21.0,True,False,closed,2026-06-24T18:40:30.764263+00:00,2026-06-24T18:50:00.757326+00:00,149,0,
0x0d8afdf07a3591a93843d3833b859830d7045ebac4e8302a74d45c13eb16fc98,"Ethereum Up or Down - June 24, 2:45PM-2:50PM ET",ETH,2026-06-24T18:45:00+00:00,2026-06-24T18:50:00+00:00,68944963062712446553607237906279760665498820404211555321022134408780905060548,41031819575485042169735135186655008690228623431368967961763353664281081337853,6874.0907,5.0,True,False,closed,2026-06-24T18:40:30.764263+00:00,2026-06-24T18:50:00.757326+00:00,149,0,
0x30a4171641af8ec5a98c49768717ffc3af519ed151309298166bb4460d74574c,"Solana Up or Down - June 24, 2:45PM-2:50PM ET",SOL,2026-06-24T18:45:00+00:00,2026-06-24T18:50:00+00:00,17077117913865550026484780401710223450184569066229229049179450144035143162818,88977624137064802535260519039311616057243919907160970904058622403836807425375,3408.356,0.0,True,False,closed,2026-06-24T18:40:30.764263+00:00,2026-06-24T18:50:00.757326+00:00,149,0,
0x44c8c8bd1e6bba3c6def2bbcf27462061c615933176799d424db5c433063242b,"Bitcoin Up or Down - June 24, 2:50PM-2:55PM ET",BTC,2026-06-24T18:50:00+00:00,2026-06-24T18:55:00+00:00,6499315474825072613416763004615950728564762693462052452016775743569015285537,4314574169670667592970120386281972514132348695655368799312812823975124629991,15704.7765,134.09,True,False,closed,2026-06-24T18:46:42.765203+00:00,2026-06-24T18:55:00.760138+00:00,149,0,
0x768552d5316e123aaa73080f47f5e8f4e0ba7553daff6a1d32fa8d9ed5552775,"Ethereum Up or Down - June 24, 2:50PM-2:55PM ET",ETH,2026-06-24T18:50:00+00:00,2026-06-24T18:55:00+00:00,63016802292384100424066371820125783099359354029611861648193743228424252696593,115283372866066374868525166602821595223296331223896055200501831298829290501511,5685.9399,5.0,True,False,closed,2026-06-24T18:46:42.765203+00:00,2026-06-24T18:55:00.760138+00:00,149,0,
0x76ceb5966715afdbb09250dea84bccfc837e72c59d375b0ca15e03fcc417fb4e,"Solana Up or Down - June 24, 2:50PM-2:55PM ET",SOL,2026-06-24T18:50:00+00:00,2026-06-24T18:55:00+00:00,109281759243672600032200740783181031105406599805512145333991462378273524790861,83601286920083321637794667615172345360888065511933675740759537988056593902792,3418.5764,0.0,True,False,closed,2026-06-24T18:46:42.765203+00:00,2026-06-24T18:55:00.760138+00:00,149,1,
0xf60c5ccad232c42657ee276cf479d8e88225c111dea7def79e5a1933206200ab,"Bitcoin Up or Down - June 24, 2:55PM-3:00PM ET",BTC,2026-06-24T18:55:00+00:00,2026-06-24T19:00:00+00:00,17368696109967191410092028718030106376949526233145187878038139741271900922287,53519720692596238847301311287665281257635489406930452662681339325087210383438,16115.7584,313.813915,True,False,closed,2026-06-24T18:50:36.759884+00:00,2026-06-24T19:00:00.760639+00:00,149,0,
0xd9cb6ff56171443a2a64500266b33628d84323b6234421652313634b4707027c,"Ethereum Up or Down - June 24, 2:55PM-3:00PM ET",ETH,2026-06-24T18:55:00+00:00,2026-06-24T19:00:00+00:00,97282584479349336228971874962440582856231521402222341598627605638638993143234,104402803709478874276614683812375974910492360696940568200461857075445150119909,6340.2407,5.0,True,False,closed,2026-06-24T18:50:36.759884+00:00,2026-06-24T19:00:00.760639+00:00,149,0,
0xa328fa367270d4b14f64efdc1ed3b150c552c6eebe5504d603d87408834296af,"Solana Up or Down - June 24, 2:55PM-3:00PM ET",SOL,2026-06-24T18:55:00+00:00,2026-06-24T19:00:00+00:00,6032958176603230890422420671201362020726210970430787777593769601915887372211,87807918417635838172368052789167373291937454297363935753899887856536141355016,3407.5554,0.0,True,False,closed,2026-06-24T18:50:36.759884+00:00,2026-06-24T19:00:00.760639+00:00,149,0,
0xc41c9a019d29f207af68d3fe15e8a2e6a671b543b88682b44b73f2e1c6e1fbdb,"Bitcoin Up or Down - June 24, 3:00PM-3:05PM ET",BTC,2026-06-24T19:00:00+00:00,2026-06-24T19:05:00+00:00,93613435483574690158362302855636923169976808256259719932318179519180651562884,1289504904764705378766760355376123734727708885061807742463861965078367184228,15687.7835,185.92587699999999,True,False,closed,2026-06-24T18:56:00.763271+00:00,2026-06-24T19:05:00.759500+00:00,149,0,
0x9828065f135b73cbb04da613189035c96beca24508e8d4b15f9a9b670b7519eb,"Ethereum Up or Down - June 24, 3:00PM-3:05PM ET",ETH,2026-06-24T19:00:00+00:00,2026-06-24T19:05:00+00:00,57364190376389044315092431543909210324617202162527473577545756807746308365169,58176031841789319798846095231882046121790718485037072057849161358139516975984,6855.8412,5.0,True,False,closed,2026-06-24T18:56:00.763271+00:00,2026-06-24T19:05:00.759500+00:00,149,0,
0x6f14d199dafd35a5f545aad500e9cd65eaf22a2bf1a522817da62c57245246f4,"Solana Up or Down - June 24, 3:00PM-3:05PM ET",SOL,2026-06-24T19:00:00+00:00,2026-06-24T19:05:00+00:00,73406206159639029593692010775089474147764454198753908763746896461816571029935,30896954499852217489186394913753825581201542207776759535586719499769806887085,3442.4568,0.0,True,False,closed,2026-06-24T18:56:00.763271+00:00,2026-06-24T19:05:00.759500+00:00,149,0,
0xcf5eed1cf8734cbf194ac5901383319b4571738d5d8c855e4579a163f11a36fc,"Bitcoin Up or Down - June 24, 3:05PM-3:10PM ET",BTC,2026-06-24T19:05:00+00:00,2026-06-24T19:10:00+00:00,81035447913897636522305935605630497631777624184046465971841120449356583633360,23692048635136237732974924073090103472100976810773760043833186271830347022744,16011.7331,534.3472079999999,True,False,closed,2026-06-24T19:01:00.760428+00:00,2026-06-24T19:10:00.754964+00:00,149,0,
0xa2be0224ac1f2fb6a28db652f35263142c3f5f510762ede628f9c27b28d800ec,"Ethereum Up or Down - June 24, 3:05PM-3:10PM ET",ETH,2026-06-24T19:05:00+00:00,2026-06-24T19:10:00+00:00,8292246677632153340735423745741621401563657659021776488732915291061433186130,99184866878016762638397512244680776621231206393910283715230512107456877103307,6341.5878,0.0,True,False,closed,2026-06-24T19:01:00.760428+00:00,2026-06-24T19:10:00.754964+00:00,149,0,
0x32237a3d36ae004b1db26c681866072698df44c72c2f33d6d69a3b2092e672f1,"Solana Up or Down - June 24, 3:05PM-3:10PM ET",SOL,2026-06-24T19:05:00+00:00,2026-06-24T19:10:00+00:00,38172807395289585401413933167404217912376516712100188545877291853927752385061,59647426762558829934127117220908050067079593975907333505649874031262278692651,3428.4559,5.0,True,False,closed,2026-06-24T19:01:00.760428+00:00,2026-06-24T19:10:00.754964+00:00,149,0,
0x824b7414d48bb717a3f68b79ef3b5d35b08d3bacc69b3169efcbc79d7d6aa13c,"Bitcoin Up or Down - June 24, 3:10PM-3:15PM ET",BTC,2026-06-24T19:10:00+00:00,2026-06-24T19:15:00+00:00,112075534129690808573468140733587744853682390353193461703959070484805329738422,50372372328759930645141504783819664946269977294357466073055852024890137574743,17773.8415,233.070389,True,False,closed,2026-06-24T19:06:06.756033+00:00,2026-06-24T19:15:00.760676+00:00,149,0,
0x1aee94333f9f59a16641bfb6bb79781128bfc7c762e6ec35a3e28ae595c8f710,"Ethereum Up or Down - June 24, 3:10PM-3:15PM ET",ETH,2026-06-24T19:10:00+00:00,2026-06-24T19:15:00+00:00,97415906053512581845460370676296259313363298482902985445311061451172230069257,60024736617274287625693399290929019576392225801380014938116432985882085487500,6369.4903,0.0,True,False,closed,2026-06-24T19:06:06.756033+00:00,2026-06-24T19:15:00.760676+00:00,149,16,
0x102c87bab85c31cb06e69ac616525137cb5c79a60ded32ab7dd886d678915fdd,"Solana Up or Down - June 24, 3:10PM-3:15PM ET",SOL,2026-06-24T19:10:00+00:00,2026-06-24T19:15:00+00:00,25309750136764922373360240286441301568000185093521350716139950118473773122998,76505406568877264505116923763088001111055818761222061018114189720757465420386,3437.4559,5.0,True,False,closed,2026-06-24T19:06:06.756033+00:00,2026-06-24T19:15:00.760676+00:00,149,0,
0xb802375b899f20776320f8a3ad101bd8c4a32ff81a436fcc308a140cc33d96bf,"Bitcoin Up or Down - June 24, 3:15PM-3:20PM ET",BTC,2026-06-24T19:15:00+00:00,2026-06-24T19:20:00+00:00,111041727356207860114284550657827041156838382151159994311009796697525072821659,68223751988702036938460048245570045838703505630526661998353075520854754210720,17784.5188,63.0,True,False,closed,2026-06-24T19:10:18.753077+00:00,2026-06-24T19:20:00.765227+00:00,149,0,
0x4982ded7e4b9233220595f26cc997fa151f1902c8893a0a78a52d656b5fdb3d4,"Ethereum Up or Down - June 24, 3:15PM-3:20PM ET",ETH,2026-06-24T19:15:00+00:00,2026-06-24T19:20:00+00:00,25941161307364143888767089340295636115752458093056309623717316286036845187910,102707027502674252820334960658330148345601388294641469189513492077082984895793,6698.7907,5.0,True,False,closed,2026-06-24T19:10:18.753077+00:00,2026-06-24T19:20:00.765227+00:00,149,2,
0x381d95c7118e4176d4bfd933b09dd6cc5fc8dbe076ce3de5db029c1d5a4c01db,"Solana Up or Down - June 24, 3:15PM-3:20PM ET",SOL,2026-06-24T19:15:00+00:00,2026-06-24T19:20:00+00:00,111964503111656707546557330702275940619144787555918492288342876944389311777859,2926146311088496436292234101879145866988823338913277931575874036478223454145,3412.2568,0.0,True,False,closed,2026-06-24T19:10:18.753077+00:00,2026-06-24T19:20:00.765227+00:00,149,0,
0x10c1fc0a9ef988315ac78718c6cd12ddd1d0cd3f6fc343cb26a01f902cc7e34e,"Bitcoin Up or Down - June 24, 3:20PM-3:25PM ET",BTC,2026-06-24T19:20:00+00:00,2026-06-24T19:25:00+00:00,35189977477884587943547746022087492920979779848734874469453551917076779341999,85056214239343972247202563918064091057104454650059372690446136982409195852678,17702.2031,270.901566,True,False,closed,2026-06-24T19:16:06.757690+00:00,2026-06-24T19:25:00.759047+00:00,149,0,
0xb3011e918f8457dc8a9b22c43171f75963be0f3410f63d85b23317954015a46a,"Ethereum Up or Down - June 24, 3:20PM-3:25PM ET",ETH,2026-06-24T19:20:00+00:00,2026-06-24T19:25:00+00:00,61884730176826083095889350178203250171007976387475092596272922186725830745100,4779486821547806965270637519761008323114581291769539284967147090069130581068,6263.2878,0.0,True,False,closed,2026-06-24T19:16:06.757690+00:00,2026-06-24T19:25:00.759047+00:00,149,0,
0xfb2d975df6a6f30cb9fa99c239111a8258f5963b8823097c9ac12954546c26b7,"Solana Up or Down - June 24, 3:20PM-3:25PM ET",SOL,2026-06-24T19:20:00+00:00,2026-06-24T19:25:00+00:00,4891142288209493333493436970152786507672923763286148785716155802617854947448,23519401210618647425867537533368125033890257354400982237289186234243335572808,2274.452,0.0,True,False,closed,2026-06-24T19:16:06.757690+00:00,2026-06-24T19:25:00.759047+00:00,149,0,
0x9be2c58164b10cbe96b83a441e8b34d4e15b9fd267b2e1cd39350a712c142ba4,"Bitcoin Up or Down - June 24, 3:25PM-3:30PM ET",BTC,2026-06-24T19:25:00+00:00,2026-06-24T19:30:00+00:00,92504367858405151323168092775106272300540077438633735971960040906963862089773,40231124470816190712722123870662046231926597890438929200096402656034874152385,17436.5048,83.53,True,False,closed,2026-06-24T19:20:06.757763+00:00,2026-06-24T19:30:00.752768+00:00,149,0,
0x72e26296827892a1ea9a664798a81cc20f4a35e04e65d5b131f2f3aed25faa6b,"Ethereum Up or Down - June 24, 3:25PM-3:30PM ET",ETH,2026-06-24T19:25:00+00:00,2026-06-24T19:30:00+00:00,74277157431330916543246937900617787313837540265508565986706184126301936953280,101598084996595647689318709615615436770365773767641577074084795726688035441530,6162.0841,0.0,True,False,closed,2026-06-24T19:20:06.757763+00:00,2026-06-24T19:30:00.752768+00:00,149,0,
0x6e39d066f4cd8679f901216c55834139a9ad2240af38a11b09b63b0473e2b84b,"Solana Up or Down - June 24, 3:25PM-3:30PM ET",SOL,2026-06-24T19:25:00+00:00,2026-06-24T19:30:00+00:00,96323328280498046907311102008617877235241069167920398915270451592912931436362,2288969917359490102767426115014197608061870235846115129574191864469109185586,3426.0527,0.0,True,False,closed,2026-06-24T19:20:06.757763+00:00,2026-06-24T19:30:00.752768+00:00,149,0,
0x65a6b4df0a4ffb0fab000cc33dbbe0b613ffe6f73e16c4423265b97d100e56d6,"Bitcoin Up or Down - June 24, 3:30PM-3:35PM ET",BTC,2026-06-24T19:30:00+00:00,2026-06-24T19:35:00+00:00,18943343665837901446218912535033428366823935364846400249694702754834752902303,79230358265650747771417634215959466310415044866612625857917059722387144171477,18231.9201,169.79862500000002,True,False,closed,2026-06-24T19:26:18.755692+00:00,2026-06-24T19:35:00.763402+00:00,149,0,
0x5c41fcc83ceb3bc9c5c37a09cf67f410221b7409f7ba3c07b1b8d47a7acd65a1,"Ethereum Up or Down - June 24, 3:30PM-3:35PM ET",ETH,2026-06-24T19:30:00+00:00,2026-06-24T19:35:00+00:00,84244527972084479604510909980360996700643383833801051340293411252596997465400,26141082940139638847330866631445065851006876385709424059479142468666141945001,6218.2855,0.0,True,False,closed,2026-06-24T19:26:18.755692+00:00,2026-06-24T19:35:00.763402+00:00,149,0,
0xb4e46a1ba589b488c9e91aa0a7949c36120961739d50d29586d0568d199a6bde,"Solana Up or Down - June 24, 3:30PM-3:35PM ET",SOL,2026-06-24T19:30:00+00:00,2026-06-24T19:35:00+00:00,48445590909753581643820533878664812381110154991830487880873270880797792239561,40862342671855246301043148553632050242463376167579863686824564605340621142471,3423.25,0.0,True,False,closed,2026-06-24T19:26:18.755692+00:00,2026-06-24T19:35:00.763402+00:00,149,0,
0xf5a2d3e44ab4d845157e3dbc553f80c96b82c88ec472c3525fda5efc7d394b40,"Bitcoin Up or Down - June 24, 3:35PM-3:40PM ET",BTC,2026-06-24T19:35:00+00:00,2026-06-24T19:40:00+00:00,40264673379522930693313825622146099403422817263620017164156096341711704252054,1214943590667293565209687090489930714985786394942806452012538749135801076161,15960.4224,508.591685,True,False,closed,2026-06-24T19:30:18.763061+00:00,2026-06-24T19:40:00.760283+00:00,148,0,
0x4f98d2887e1a9d9a9afdc3f193c6f9302ec42c93d0d0fc110ebacac0ab60efe5,"Ethereum Up or Down - June 24, 3:35PM-3:40PM ET",ETH,2026-06-24T19:35:00+00:00,2026-06-24T19:40:00+00:00,63573570232119390681455024325134127600602673744151620052921312394333369888782,73878887621759197214257710416374984742687213314986691006960870239489629725388,6163.683,0.0,True,False,closed,2026-06-24T19:30:18.763061+00:00,2026-06-24T19:40:00.760283+00:00,148,0,
0xfedc3df4cb1db1fc866524795ac2fcdf9941f43010b9c15e487a333e6f266394,"Solana Up or Down - June 24, 3:35PM-3:40PM ET",SOL,2026-06-24T19:35:00+00:00,2026-06-24T19:40:00+00:00,82159732608633219672444581596211316142730586283835355842745239713994918817986,69702421276631973561004387132259066503751769435307283495634313663270442121062,3452.651,0.0,True,False,closed,2026-06-24T19:30:18.763061+00:00,2026-06-24T19:40:00.760283+00:00,148,0,
0x535716db7cd9e987caeedb5b5959dc495f97268e703a9d3c7723c614eb7fca56,"Bitcoin Up or Down - June 24, 3:40PM-3:45PM ET",BTC,2026-06-24T19:40:00+00:00,2026-06-24T19:45:00+00:00,29467889959335682408493187611973027428898266269267408031976684526950606493160,23050913007358557134915960478245780753929913996454476311471537082006958879008,16742.3789,9.0,True,False,closed,2026-06-24T19:35:30.757896+00:00,2026-06-24T19:45:00.755950+00:00,149,0,
0x5d104a9d3ae227fb37d5fbca9c08b524274b0a5013db390d1e3e9d1ebfca0b9b,"Ethereum Up or Down - June 24, 3:40PM-3:45PM ET",ETH,2026-06-24T19:40:00+00:00,2026-06-24T19:45:00+00:00,36679250579368854356715313579040917982571339508595661584964766851153680234117,45981762198193747375217648054863429299652173199512545331098228708338461473489,6386.0864,5.0,True,False,closed,2026-06-24T19:35:30.757896+00:00,2026-06-24T19:45:00.755950+00:00,149,0,
0x7001dd0099cdee5fbb1efe846336e41812c524e7585b6f7c9a0a5c9882f114b9,"Solana Up or Down - June 24, 3:40PM-3:45PM ET",SOL,2026-06-24T19:40:00+00:00,2026-06-24T19:45:00+00:00,43721247959514570620958181107675825604810259562834331476075326292874368893457,96984794859049973833867800556183848419453340059707057358956356643756234930616,3421.0894,0.0,True,False,skipped,2026-06-24T19:35:30.757896+00:00,2026-06-24T19:46:48.767145+00:00,67,0,
0x821c46ee7bf4ea7bc89a1742b91b57d1d94a97d3abfaae37c3a07867b6a9c241,"Bitcoin Up or Down - June 24, 3:45PM-3:50PM ET",BTC,2026-06-24T19:45:00+00:00,2026-06-24T19:50:00+00:00,3164582274903368481100548679752596086756560301560539829657322557180864153584,23087634843542377865045056661248739689784580019452437926486750900399180413128,16606.0113,1717.438256,True,False,closed,2026-06-24T19:40:18.752891+00:00,2026-06-24T19:50:00.765836+00:00,148,0,
0x4f55d140209fd0d5a7745de8f8a0f150f3b6097aedbaeee7d1a0618c0c3d7bb8,"Ethereum Up or Down - June 24, 3:45PM-3:50PM ET",ETH,2026-06-24T19:45:00+00:00,2026-06-24T19:50:00+00:00,64513770961757558423172833251856233125521819587798239042645014483175597676555,80620836501858770098532126327560728040635246846598595656333426470412315136102,6227.0864,5.0,True,False,closed,2026-06-24T19:40:18.752891+00:00,2026-06-24T19:50:00.765836+00:00,148,0,
0xd09ba7fa7388080473fd9dd1de9e07ed6a4355ee2bd02a06568a1d971768fc1e,"Solana Up or Down - June 24, 3:45PM-3:50PM ET",SOL,2026-06-24T19:45:00+00:00,2026-06-24T19:50:00+00:00,81608949277718364769230451484054395988933860740652551988290017334741012911858,73581213623321332439016460712856188376305368121427772368456869060918071398269,3397.3504,5.0,True,False,closed,2026-06-24T19:40:18.752891+00:00,2026-06-24T19:50:00.765836+00:00,149,0,
0xc9507c9ac130243ae4b16d5a455e9d538e3a6038eda95bdeed8d487f18afec9b,"Bitcoin Up or Down - June 24, 3:50PM-3:55PM ET",BTC,2026-06-24T19:50:00+00:00,2026-06-24T19:55:00+00:00,42051067288899274804691234580032251145494780036385584022896650808440222056477,50857445163220347786710429831449923015959021094495690661475729839976108264204,13320.818,142.09,True,False,closed,2026-06-24T19:46:54.753992+00:00,2026-06-24T19:55:00.766107+00:00,149,0,
0xc96403519749cd0eea369ebd5c4825b7fd71d5793d688e79c35906bb01a9913a,"Ethereum Up or Down - June 24, 3:50PM-3:55PM ET",ETH,2026-06-24T19:50:00+00:00,2026-06-24T19:55:00+00:00,71395169744442961264111506228181610643285101534590547809725766897777737536333,56926790148059510984986710899114699616697193181855580767292985286716227015443,6672.349,5.0,True,False,closed,2026-06-24T19:46:54.753992+00:00,2026-06-24T19:55:00.766107+00:00,149,0,
0x3ba3b3f951b2628ef716722de268dd5e244f8d45fd355168fab2e3b85af75128,"Solana Up or Down - June 24, 3:50PM-3:55PM ET",SOL,2026-06-24T19:50:00+00:00,2026-06-24T19:55:00+00:00,109242460662832181522058369873195009851366533900221278755066493073180626356468,108536416830507673769048985055851830609673417954429866328902813741591347722752,3403.951,5.0,True,False,closed,2026-06-24T19:46:54.753992+00:00,2026-06-24T19:55:00.766107+00:00,149,9,
0x3efb9f9d7fb0c6dd901c87b8056d1a0916a99c3ed7bf87a5087b44d4a54d3354,"Bitcoin Up or Down - June 24, 3:55PM-4:00PM ET",BTC,2026-06-24T19:55:00+00:00,2026-06-24T20:00:00+00:00,37772376756670857184169372752541150496374608738407724609508355472486924617909,94815564343804200634116065560991788162818211504251123373376318915248598382979,15899.0288,267.26307499999996,True,False,closed,2026-06-24T19:50:36.757729+00:00,2026-06-24T20:00:00.764383+00:00,149,0,
0x0a60f393d3113e207c53749e815e7432434dbe78fce02b6c0a8859ff9d3d29da,"Ethereum Up or Down - June 24, 3:55PM-4:00PM ET",ETH,2026-06-24T19:55:00+00:00,2026-06-24T20:00:00+00:00,57114355040644119402776103889665774301304968957657001163264577262704493607884,40386447765598981697077883083848287510322074637638937492132400757703320972339,6366.832,5.0,True,False,closed,2026-06-24T19:50:36.757729+00:00,2026-06-24T20:00:00.764383+00:00,149,0,
0x6ac2711ceb13a26f38036cb1c33a7a427a4cc659b04b85286e0f12e1c55eed3f,"Solana Up or Down - June 24, 3:55PM-4:00PM ET",SOL,2026-06-24T19:55:00+00:00,2026-06-24T20:00:00+00:00,26194764858127326267094492237241601111315242651437311828721145087091130636156,5840975818165131672649780636421081046465063451512440608229309198766896492065,3428.1515,5.0,True,False,closed,2026-06-24T19:50:36.757729+00:00,2026-06-24T20:00:00.764383+00:00,149,0,
0x99160df581693bc7fa4ad76b5fe823f5346ef5cb655f1e8650a60c30a642c0ac,"Bitcoin Up or Down - June 24, 4:00PM-4:05PM ET",BTC,2026-06-24T20:00:00+00:00,2026-06-24T20:05:00+00:00,34230703338508967439714325887786485123131609110546926384344893197667262868367,88504423163568844224727422755680549144510983944042323598766902069712663233059,16668.6728,1667.730783,True,False,closed,2026-06-24T19:55:48.753976+00:00,2026-06-24T20:05:00.766206+00:00,149,0,
0x3912b4373e23647926c5d512cafaae80c9c7641a3550a1d748686162e333021d,"Ethereum Up or Down - June 24, 4:00PM-4:05PM ET",ETH,2026-06-24T20:00:00+00:00,2026-06-24T20:05:00+00:00,89055008884345735651527846166823666333611771017765687270630146872773209949697,7246476790660081098799410153940763892406067484360037803807703783544520439593,6263.4782,11.862744,True,False,closed,2026-06-24T19:55:48.753976+00:00,2026-06-24T20:05:00.766206+00:00,149,0,
0x88fd0bf02fe557e16419750274baafa5fd89a12437e7d4215161d95a77cc069e,"Solana Up or Down - June 24, 4:00PM-4:05PM ET",SOL,2026-06-24T20:00:00+00:00,2026-06-24T20:05:00+00:00,12860368219460808302114646854489503767976113076265791769087283644904641051995,90226251062588094115810310859877352129274250558396509887404907021928094378629,3435.152,5.0,True,False,closed,2026-06-24T19:55:48.753976+00:00,2026-06-24T20:05:00.766206+00:00,149,0,
0xd14dfda063d0d2dafe354fe938c73ea7643db9f344cf11598794d252f8d453a1,"Bitcoin Up or Down - June 24, 4:05PM-4:10PM ET",BTC,2026-06-24T20:05:00+00:00,2026-06-24T20:10:00+00:00,16497035247697190993164512076744899078863130401669433328474391082325360425845,68374245085727195439148258752325308802718161327500637377335548482086417307602,16977.9693,30.05,True,False,closed,2026-06-24T20:00:12.759499+00:00,2026-06-24T20:10:00.756842+00:00,149,12,
0x416b790373ae909a4fd5ec50ef89d9332f39fc50351498f59cf2be3bc38513b3,"Ethereum Up or Down - June 24, 4:05PM-4:10PM ET",ETH,2026-06-24T20:05:00+00:00,2026-06-24T20:10:00+00:00,5435071215326282880243863169789785854113828543029060764995990716096364362818,59855522175024173014798084101341273361714597805321736403316981435271252107908,6342.7836,0.0,True,False,closed,2026-06-24T20:00:12.759499+00:00,2026-06-24T20:10:00.756842+00:00,149,0,
0x3b9f2d85cb009eb0686dc579b9597b22b57bfcbc3ed4807e976186919de38410,"Solana Up or Down - June 24, 4:05PM-4:10PM ET",SOL,2026-06-24T20:05:00+00:00,2026-06-24T20:10:00+00:00,84534876512829488503850429075065820151121942295083861371142685699116329614054,8032559446200437833370600397812824319349176552352754877563735026872113288744,3416.35,5.0,True,False,closed,2026-06-24T20:00:12.759499+00:00,2026-06-24T20:10:00.756842+00:00,149,0,
0xf8776b5271ce59d683b9da736a42f8139c58e4093ad342ae1288f9addc1b3cfe,"Bitcoin Up or Down - June 24, 4:10PM-4:15PM ET",BTC,2026-06-24T20:10:00+00:00,2026-06-24T20:15:00+00:00,90790364940403154726906322401475689259854854223441365237069337661648702131461,115767044537070948371470831403641048656326914724187930312888114769124832337761,16843.06,32.05,True,False,closed,2026-06-24T20:05:12.761091+00:00,2026-06-24T20:15:00.761479+00:00,149,0,
0xc075a6f6246daddaa3d8cf449963af748efc2cb5ece3c566b54b1b7aaaac0879,"Ethereum Up or Down - June 24, 4:10PM-4:15PM ET",ETH,2026-06-24T20:10:00+00:00,2026-06-24T20:15:00+00:00,58887096207852236506916982431952247365640240651853487366682905421297028181490,82986825470128365187109109200874246573845876697352248571886432576767826079733,6351.0848,5.0,True,False,closed,2026-06-24T20:05:12.761091+00:00,2026-06-24T20:15:00.761479+00:00,149,0,
0x7fbf078616ca1bf007ee355cbb03798d73e8626b3de6fbad796985b4cd1030f0,"Solana Up or Down - June 24, 4:10PM-4:15PM ET",SOL,2026-06-24T20:10:00+00:00,2026-06-24T20:15:00+00:00,1964736023670750384112665624887586196325828034292844926371236899918183749706,58446417259490747107724180932339633726150743393640085016153050703161937161429,3433.7894,0.0,True,False,skipped,2026-06-24T20:05:12.761091+00:00,2026-06-24T20:15:06.756306+00:00,77,0,
0x9c3ac652cc797ed5fdf7c5717c58c9ce007e9fabecc76e1454bf2d8db03c7150,"Bitcoin Up or Down - June 24, 4:15PM-4:20PM ET",BTC,2026-06-24T20:15:00+00:00,2026-06-24T20:20:00+00:00,64977952669645333613728056814672124639213425214052081947228638656253692457120,114366636948762028226668833468241486359809177289163841019879276560570800774436,17856.8247,31.85392,True,False,closed,2026-06-24T20:11:30.759680+00:00,2026-06-24T20:20:00.755542+00:00,149,1,
0xcaa2ab0fed68894ee3c880d4160b9d2e16fc3e0dbfd0e85682fdbd3b4e1a8c4e,"Ethereum Up or Down - June 24, 4:15PM-4:20PM ET",ETH,2026-06-24T20:15:00+00:00,2026-06-24T20:20:00+00:00,96750976197167764099802880411174118403615127840433248450039012589617614845896,49006389700945413264216074825469067453886585907042372998249593908795981231163,6723.604,5.0,True,False,closed,2026-06-24T20:11:30.759680+00:00,2026-06-24T20:20:00.755542+00:00,149,0,
0x632b6867d0b43d7e861ea464f995d1221ef7e9ecdec761b063c239212a89034a,"Solana Up or Down - June 24, 4:15PM-4:20PM ET",SOL,2026-06-24T20:15:00+00:00,2026-06-24T20:20:00+00:00,49808531382726501637118748782209443488377026636713697441197845553991123084820,106010960312566218943253466386676399062054495680308968756427176987017629013784,3436.452,5.0,True,False,closed,2026-06-24T20:11:30.759680+00:00,2026-06-24T20:20:00.755542+00:00,149,0,
0x29eed21fe513cc735aa71bd68ea11ba5d2a30d8d5176b19b13b167935ba053e3,"Bitcoin Up or Down - June 24, 4:20PM-4:25PM ET",BTC,2026-06-24T20:20:00+00:00,2026-06-24T20:25:00+00:00,108614771722513046726641611706208125794181399942693667535818373750614555141933,38259803590374081924057122597351504135449429002750091816415557712150773938948,17282.1698,45.535487,True,False,closed,2026-06-24T20:15:12.759709+00:00,2026-06-24T20:25:00.752657+00:00,149,0,
0xb6ede3437f7b0dc9950bb8d83a9af65dc9b922a46531decba4c449a0d6812485,"Ethereum Up or Down - June 24, 4:20PM-4:25PM ET",ETH,2026-06-24T20:20:00+00:00,2026-06-24T20:25:00+00:00,90487070223618196622714453334628682914116396158968520135162151027406597962641,50284153241419154732250078016565796029550116290201250134901886403277807261625,6266.385,5.0,True,False,closed,2026-06-24T20:15:12.759709+00:00,2026-06-24T20:25:00.752657+00:00,149,0,
0x664abf9e27ed69e80bbe4cc0517b8a125ca044c42ad3357a7c7af2ed9436c74e,"Solana Up or Down - June 24, 4:20PM-4:25PM ET",SOL,2026-06-24T20:20:00+00:00,2026-06-24T20:25:00+00:00,57370136329207326748413672161648023921754678555284257120251846713096377893219,55873968978145716686102488075202034825071582267408974715559590511719895171837,3421.0024,10.0,True,False,closed,2026-06-24T20:15:12.759709+00:00,2026-06-24T20:25:00.752657+00:00,149,0,
0xf70262642fa95ddedbbbebdb6aeefaa1a6f7fcd22b57764ab388ea811044ca30,"Bitcoin Up or Down - June 24, 4:25PM-4:30PM ET",BTC,2026-06-24T20:25:00+00:00,2026-06-24T20:30:00+00:00,36484922916536975559774374113108221323115855008433148792793342946599293868030,105529575272064047003203131415333684324113254656879825482753959028421463910397,12927.8385,80.535487,True,False,closed,2026-06-24T20:20:18.757876+00:00,2026-06-24T20:30:00.763760+00:00,149,0,
0x5b27c8ec4769fd924eb5eef60c174f59020a6b860f7113a3aeff18e54ee786eb,"Ethereum Up or Down - June 24, 4:25PM-4:30PM ET",ETH,2026-06-24T20:25:00+00:00,2026-06-24T20:30:00+00:00,80741836281867504515462542432587511365167968112574754719125559384429989496090,2598477590750801208037444718544071875243292508275462902105096785612455258920,6262.136,5.0,True,False,closed,2026-06-24T20:20:18.757876+00:00,2026-06-24T20:30:00.763760+00:00,149,0,
0x87c3ca2e6d5a9ad308e693d4bed76568b93b8c7154fe9fc7e3e68227d3352b6a,"Solana Up or Down - June 24, 4:25PM-4:30PM ET",SOL,2026-06-24T20:25:00+00:00,2026-06-24T20:30:00+00:00,22909854706835580375895873361181754917015180788628577715362530041406236958248,105257259173938940811955297509545160542092417481116357824833027688793041458225,3455.0511,5.0,True,False,closed,2026-06-24T20:20:18.757876+00:00,2026-06-24T20:30:00.763760+00:00,149,0,
0x451951062c955a233c965db4e295016f3e31ab0e52e7329a1ff4f3d4407812f6,"Bitcoin Up or Down - June 24, 4:30PM-4:35PM ET",BTC,2026-06-24T20:30:00+00:00,2026-06-24T20:35:00+00:00,83687608123379715066938559399716284099884668241957798737797343144850871599149,82957089492718650197933255476591359751814298942975383887051517956628643370434,14194.8803,171.574704,True,False,closed,2026-06-24T20:26:12.756848+00:00,2026-06-24T20:35:00.761612+00:00,149,0,
0xd3633018e1796cc97753295d03f7a955df928ba81d0ea2033fb005289dae4275,"Ethereum Up or Down - June 24, 4:30PM-4:35PM ET",ETH,2026-06-24T20:30:00+00:00,2026-06-24T20:35:00+00:00,91567729282209204314758744653428995564254445241408328861910704735424026191781,13454250308817966231168890123715258391909750771581239508097531872158344177882,5076.6336,5.0,True,False,closed,2026-06-24T20:26:12.756848+00:00,2026-06-24T20:35:00.761612+00:00,149,0,
0x4dd3a21158dc2341d429921b0f01d6ef1d5b1b88544a4e1166825c85360a31f3,"Solana Up or Down - June 24, 4:30PM-4:35PM ET",SOL,2026-06-24T20:30:00+00:00,2026-06-24T20:35:00+00:00,18889898778723367347477320267174813824030415592217493132150225342886165572783,72632103805669332174623579539948242222838486500301795156190826830640776256708,3455.6504,5.0,True,False,skipped,2026-06-24T20:26:12.756848+00:00,2026-06-24T20:35:12.759582+00:00,98,0,
0x788f9fc15fedb6af14c5a6b461b21ecc29ed52a04d0a8698def82131cdcd24bb,"Bitcoin Up or Down - June 24, 4:35PM-4:40PM ET",BTC,2026-06-24T20:35:00+00:00,2026-06-24T20:40:00+00:00,24417963832155895927997825047483853831369307476086706226257941472499543469650,79595353903408627876121152482400240319223859509689197801621632222289306352648,13433.6425,107.150783,True,False,closed,2026-06-24T20:30:48.756524+00:00,2026-06-24T20:40:00.756804+00:00,149,0,
0xc65dfe3d145f535860c439fb4471f0c71ca5e9a210996adedf5a06161758b2d5,"Ethereum Up or Down - June 24, 4:35PM-4:40PM ET",ETH,2026-06-24T20:35:00+00:00,2026-06-24T20:40:00+00:00,31286834969864990996405537443285732172709295697650951066252013342271398535436,102534256149994324435647213222091302516536178937119422164742055360171321872439,4952.426,5.0,True,False,closed,2026-06-24T20:30:48.756524+00:00,2026-06-24T20:40:00.756804+00:00,149,0,
0x18147d2ea022301b32cf7b68b0109ae6353e57df78333679642b50ef9144ac43,"Solana Up or Down - June 24, 4:35PM-4:40PM ET",SOL,2026-06-24T20:35:00+00:00,2026-06-24T20:40:00+00:00,25853914295653307886203105605346577696022685550285849948212916206237836107523,64781548833844314267796729610967769066199567478058332542761436492147144973180,2858.8469,5.0,True,False,closed,2026-06-24T20:30:48.756524+00:00,2026-06-24T20:40:00.756804+00:00,149,0,
0x5286175ad30ec49bf40eb4364093c962667942b2b9cd73a123e96aa39560f010,"Bitcoin Up or Down - June 24, 4:40PM-4:45PM ET",BTC,2026-06-24T20:40:00+00:00,2026-06-24T20:45:00+00:00,29612406356179507605250556132462211846394515319192992416088565192002883311496,85667239528196527351944744501381892592928824775626039757072784191730910565374,12712.5529,111.23,True,False,closed,2026-06-24T20:35:18.765184+00:00,2026-06-24T20:45:00.765601+00:00,149,0,
0xf0cecf51d83c694276df8582a3000f00f410eb17410bde42c2c6d77d812ca284,"Ethereum Up or Down - June 24, 4:40PM-4:45PM ET",ETH,2026-06-24T20:40:00+00:00,2026-06-24T20:45:00+00:00,33563120834102738114615319018239336110023070221000979259148644458989939049367,104679836519296270310332159925790117484750089214860465857739523912684383655458,6638.2337,0.0,True,False,closed,2026-06-24T20:35:18.765184+00:00,2026-06-24T20:45:00.765601+00:00,149,0,
0x58b397bf33893571138cf525ff9787ec93b0ad0422e97b5bfbdce23cc0e68331,"Solana Up or Down - June 24, 4:40PM-4:45PM ET",SOL,2026-06-24T20:40:00+00:00,2026-06-24T20:45:00+00:00,10633094191203863529856506289123734909579715172718854971207625807764864422118,95702244355674571391828364553443494599229882360559182552976009485555258730027,2893.3316,5.0,True,False,closed,2026-06-24T20:35:18.765184+00:00,2026-06-24T20:45:00.765601+00:00,149,0,
0xe4a020683f1838ca9c89e2e7247c6768aa6b882ef04346fe723f9573ee07d633,"Bitcoin Up or Down - June 24, 4:45PM-4:50PM ET",BTC,2026-06-24T20:45:00+00:00,2026-06-24T20:50:00+00:00,56028963734507178997133239437632963028782578133095844206660450600595303237648,73226563477626572716262893933021161146338368978478969790132845444421716222093,14072.3847,479.558038,True,False,closed,2026-06-24T20:40:42.756032+00:00,2026-06-24T20:50:00.764550+00:00,149,0,
0xa4d811d4fb27dd578dfdc4e33ff086c9238aab8c90459567924f40b2e6735cd3,"Ethereum Up or Down - June 24, 4:45PM-4:50PM ET",ETH,2026-06-24T20:45:00+00:00,2026-06-24T20:50:00+00:00,110099426775460161683208784782717844193194591041121445442520028532168799623294,42025865912283480274485815377416144168153726065240462903490465241156737009798,5140.9336,5.0,True,False,closed,2026-06-24T20:40:42.756032+00:00,2026-06-24T20:50:00.764550+00:00,149,0,
0x715d007e4b452ee5843bd7ff260062dae226c463a47570beb41c5c754c359602,"Solana Up or Down - June 24, 4:45PM-4:50PM ET",SOL,2026-06-24T20:45:00+00:00,2026-06-24T20:50:00+00:00,39373523006781649113729582440499230471062543519884797476841273095931541144262,106808044176216771764199498658770104800478494720998029515733240652578149574776,2854.5511,5.0,True,False,closed,2026-06-24T20:40:42.756032+00:00,2026-06-24T20:50:00.764550+00:00,149,0,
0xa18f20c9d7af10ea829ba2117f462eed5781ccb83a3b11964e8464ea1bee0872,"Bitcoin Up or Down - June 24, 4:50PM-4:55PM ET",BTC,2026-06-24T20:50:00+00:00,2026-06-24T20:55:00+00:00,57586022465378294143109799383210930435147158423606540963860906469667322613793,85721898026896068051796107349723426066868973260671608488415650794381217176585,13489.7964,14.010783,True,False,closed,2026-06-24T20:45:36.758253+00:00,2026-06-24T20:55:00.753512+00:00,149,23,
0xb5b2cc6f7e364320387000357dcec77c8e290b19a91515fda9f1eba110a7206b,"Ethereum Up or Down - June 24, 4:50PM-4:55PM ET",ETH,2026-06-24T20:50:00+00:00,2026-06-24T20:55:00+00:00,75244679524346129863261402350803626012997126227987624085822767032366239229869,44247557546645495577177200928838819971462634926381583542564342295250066382802,6747.9798,5.0,True,False,skipped,2026-06-24T20:45:36.758253+00:00,2026-06-24T20:55:36.759111+00:00,44,10,
0x8faf001f0cb0420fe9216e45664d43db363e1235986c35e425847671efe887b9,"Solana Up or Down - June 24, 4:50PM-4:55PM ET",SOL,2026-06-24T20:50:00+00:00,2026-06-24T20:55:00+00:00,93733657405916057116268929915222330322321344451832400934182279882560299219832,11335494561743384579495696380798124865002336011808823774889253101154303217771,2800.7316,5.0,True,False,closed,2026-06-24T20:45:36.758253+00:00,2026-06-24T20:55:00.753512+00:00,149,26,
0x15b2defe18c1f1dce1dfb2a45bf9d7ef5caecf213c15cba4667f847ea9ccabe5,"Bitcoin Up or Down - June 24, 4:55PM-5:00PM ET",BTC,2026-06-24T20:55:00+00:00,2026-06-24T21:00:00+00:00,74459113010622038601416488144528644099029573473770773952505544204182637968858,98488673638380442910128831120451146583060498137200253154713839345898183972616,12285.0051,77.941175,True,False,closed,2026-06-24T20:51:24.762523+00:00,2026-06-24T21:00:00.766215+00:00,138,0,
0x0009db3fe7a5a3b8b7e68093b951a13f70dfb7438b8b70022015c952eda95ad4,"Ethereum Up or Down - June 24, 4:55PM-5:00PM ET",ETH,2026-06-24T20:55:00+00:00,2026-06-24T21:00:00+00:00,23485777927192008248932980912574641307512510268681030567918058240820602961835,68179843934608059192137010032608758348090001913054730220006121171153690912180,5207.4968,15.588234,True,False,closed,2026-06-24T20:51:24.762523+00:00,2026-06-24T21:00:00.766215+00:00,149,0,
0x265b510083510cc09ce6ddb6a7987190a198e8def83cd1c15e895ef0414bb41d,"Solana Up or Down - June 24, 4:55PM-5:00PM ET",SOL,2026-06-24T20:55:00+00:00,2026-06-24T21:00:00+00:00,89147506322972514835155706663071113639852235466953459528826233020486843439156,110173746002671027982299548655911608413632733099972580572084137266064125440026,2849.452,5.0,True,False,closed,2026-06-24T20:51:24.762523+00:00,2026-06-24T21:00:00.766215+00:00,149,0,
0x069c9d92193698c5a9fb5b972f38feadcba2bc58f4d53e73c4d51bc7a28ca259,"Bitcoin Up or Down - June 24, 5:00PM-5:05PM ET",BTC,2026-06-24T21:00:00+00:00,2026-06-24T21:05:00+00:00,86357082062714203854364005248728028283163611904633611463894541533868082706182,93166517150227683783564994769555659337625489311845372480685971961882884892870,11603.0535,0.0,True,False,closed,2026-06-24T20:55:42.763423+00:00,2026-06-24T21:05:00.759751+00:00,109,0,
0x3db948aa918883610305c3876eaff96a7644e4823fba81d189bb525948f89356,"Ethereum Up or Down - June 24, 5:00PM-5:05PM ET",ETH,2026-06-24T21:00:00+00:00,2026-06-24T21:05:00+00:00,10051278256301782193960338899776122996394460395825443945397414580077478091816,89266460229694439058971439180720200875942733443482306444143807602666000301028,4573.0542,0.0,True,False,closed,2026-06-24T20:55:42.763423+00:00,2026-06-24T21:05:00.759751+00:00,109,0,
0xc9e11aaaff1a92a6ade17b6d501f5fd3fdb742c3ac4299198e6531afcd8762b5,"Solana Up or Down - June 24, 5:00PM-5:05PM ET",SOL,2026-06-24T21:00:00+00:00,2026-06-24T21:05:00+00:00,6614631804975471206173138118253489136997595586781360651389309442253149372531,64620433653090096074448346698735342905681323120054832834062809858355856089499,3027.6804,2.0,True,False,closed,2026-06-24T20:55:42.763423+00:00,2026-06-24T21:05:00.759751+00:00,109,0,
0xaa2029eae1454eff4dd2950180ce1a61bf2cc891c5bac51d9e0a15f22cddbee9,"Bitcoin Up or Down - June 24, 5:05PM-5:10PM ET",BTC,2026-06-24T21:05:00+00:00,2026-06-24T21:10:00+00:00,5318554065509738908849065852012475578430688476561884774250950318209986137836,26353676928990391633212018948743402259265895127992874508624332535272591538714,11840.5971,5.05,True,False,closed,2026-06-24T21:00:42.754624+00:00,2026-06-24T21:10:00.764066+00:00,149,0,
0xb7d742fd20f29d5d2b38196bc797dd396ba2076f1370c95bfe2bbfe41667a975,"Ethereum Up or Down - June 24, 5:05PM-5:10PM ET",ETH,2026-06-24T21:05:00+00:00,2026-06-24T21:10:00+00:00,4900313979865451625115270152027883950638788207452113277351769289387669894185,73454420251165020839676056603495405036887132352068770195948309638848302591636,4695.103,0.0,True,False,closed,2026-06-24T21:00:42.754624+00:00,2026-06-24T21:10:00.764066+00:00,149,0,
0x676b44330fde6798b108d1210660a3b5fc3fff34b9a187662b5e623b2b30e92d,"Solana Up or Down - June 24, 5:05PM-5:10PM ET",SOL,2026-06-24T21:05:00+00:00,2026-06-24T21:10:00+00:00,113386256066723427443404699036240504148024291952199208364687105078684336939587,7865033838828045429528085540280404798676121502905962499062923036389771320536,2444.231,0.0,True,False,closed,2026-06-24T21:00:42.754624+00:00,2026-06-24T21:10:00.764066+00:00,149,0,
0xc529efcb021a626a6c7183384b8cc7070690958ecf4a73ce312eafff4aaa6d22,"Bitcoin Up or Down - June 24, 5:10PM-5:15PM ET",BTC,2026-06-24T21:10:00+00:00,2026-06-24T21:15:00+00:00,86958218886074411948522603392752628659054664955315630637750713184160780714413,99148893732951943249251660925161049709122838913614321552456105925864769131999,12484.8946,19.853918,True,False,closed,2026-06-24T21:05:30.765488+00:00,2026-06-24T21:15:00.765176+00:00,149,0,
0x4ce667c09b5cf37336e652a825e41e0f7d34c0ad46f057b7ba302c4262af45f5,"Ethereum Up or Down - June 24, 5:10PM-5:15PM ET",ETH,2026-06-24T21:10:00+00:00,2026-06-24T21:15:00+00:00,100418070412436653551716170655901288422853932844395682843289342370825468849951,86657994559314904496979206108808268188887041172032895776713051565106508780387,4899.8437,0.0,True,False,closed,2026-06-24T21:05:30.765488+00:00,2026-06-24T21:15:00.765176+00:00,149,0,
0x08bd57023a4f5896c10489d8ef09c1bce11e1597e5b3ec7d8a5fe21bd8b18c99,"Solana Up or Down - June 24, 5:10PM-5:15PM ET",SOL,2026-06-24T21:10:00+00:00,2026-06-24T21:15:00+00:00,8744811579008335700370359083617226751855536733695631289488949030441986056171,86022653879957010604468603054895604964836974134252751230095094900429620593024,2829.5047,1.960783,True,False,closed,2026-06-24T21:05:30.765488+00:00,2026-06-24T21:15:00.765176+00:00,149,0,
0x70514533210407ffc139eda8b0b459ef19a22f638322f1ee759c731d58a6aac8,"Bitcoin Up or Down - June 24, 5:15PM-5:20PM ET",BTC,2026-06-24T21:15:00+00:00,2026-06-24T21:20:00+00:00,48975605337221251206342465976732916492982689283052111377493556265930059643413,43723222866323465922810200262108759458804640809568941430615108511617533296222,15557.2038,164.13254799999999,True,False,closed,2026-06-24T21:10:54.756007+00:00,2026-06-24T21:20:00.753984+00:00,149,0,
0x937f6ce7ec05a5cf598e814d8b21ca1b03831a607d67f7a737b4b455195b6347,"Ethereum Up or Down - June 24, 5:15PM-5:20PM ET",ETH,2026-06-24T21:15:00+00:00,2026-06-24T21:20:00+00:00,109682624725311655150237682332564367625708596606498203768239019725530090895298,19103312428801461138633644609742960948429363615672232933121657890866842984589,6370.9937,0.0,True,False,closed,2026-06-24T21:10:54.756007+00:00,2026-06-24T21:20:00.753984+00:00,149,0,
0x197aac6a84be0a59b0c56cbce6804721592290180a40b33203a357b88a388b9e,"Solana Up or Down - June 24, 5:15PM-5:20PM ET",SOL,2026-06-24T21:15:00+00:00,2026-06-24T21:20:00+00:00,58085676514072382180355016259307207746242559694362174968737073286592457803473,6132333946756406612344187594193972869102131031963905553706291937080504507382,2284.1476,0.0,True,False,closed,2026-06-24T21:10:54.756007+00:00,2026-06-24T21:20:00.753984+00:00,149,0,
0x083976de4a6cae6f1bef831005b14465be792572508116bb3e6be2b5bbcd8dbc,"Bitcoin Up or Down - June 24, 5:20PM-5:25PM ET",BTC,2026-06-24T21:20:00+00:00,2026-06-24T21:25:00+00:00,77833064459338777316392034039856186882592992396773978592532198058339469401724,57300518288346669441812644831364640462288060661169431410900912485593052480414,15225.9256,111.05,True,False,closed,2026-06-24T21:15:06.759504+00:00,2026-06-24T21:25:00.763146+00:00,149,0,
0xa3665a63848ac625420234587affb18a3ccb90dc798c6e0b5435527be2007ba0,"Ethereum Up or Down - June 24, 5:20PM-5:25PM ET",ETH,2026-06-24T21:20:00+00:00,2026-06-24T21:25:00+00:00,97333512348265491511970879659335886344352662710368166627105893281615917615392,14333784230945132236663734004105835080752766941213035165339997399171974917093,6126.9246,0.0,True,False,closed,2026-06-24T21:15:06.759504+00:00,2026-06-24T21:25:00.763146+00:00,149,0,
0xc6ef5efefe52337535ef640dc5214f2cfca21f24db5da5f6461bb61b04d1757b,"Solana Up or Down - June 24, 5:20PM-5:25PM ET",SOL,2026-06-24T21:20:00+00:00,2026-06-24T21:25:00+00:00,76837403066963002216341525723749776786539751423382827198789901388692588646101,18482567945118255315306777356033703555230625894888840287826635306204440728169,3419.4116,5.0,True,False,closed,2026-06-24T21:15:06.759504+00:00,2026-06-24T21:25:00.763146+00:00,149,2,
0x00ad0adde3bc6bec1593e09679108b24701115b76f25570f77c686be2cfd017c,"Bitcoin Up or Down - June 24, 5:25PM-5:30PM ET",BTC,2026-06-24T21:25:00+00:00,2026-06-24T21:30:00+00:00,85655842691024040555496048557398477234934764062468840896882734087405659021319,44270460235505897886561598789264719265232192581545971960958457935662892883074,15313.3616,66.010783,True,False,closed,2026-06-24T21:20:42.755472+00:00,2026-06-24T21:30:00.756500+00:00,149,0,
0x3d874e8da76a5e2344531374546f4a70f4db425abbbfb0f4862bc19e8caa93a0,"Ethereum Up or Down - June 24, 5:25PM-5:30PM ET",ETH,2026-06-24T21:25:00+00:00,2026-06-24T21:30:00+00:00,46995405478911082623385744247701510878919137431879403384119347296048155169306,42230776975333444877061404722436404696457808179002213067841204565048935916026,6256.106,10.0,True,False,closed,2026-06-24T21:20:42.755472+00:00,2026-06-24T21:30:00.756500+00:00,149,0,
0xdd98958e2726abfe55a436a53d5f1df1d59109b370af4e602937d74a278e5aef,"Solana Up or Down - June 24, 5:25PM-5:30PM ET",SOL,2026-06-24T21:25:00+00:00,2026-06-24T21:30:00+00:00,83045344313288787789596480436387808089337664702922646256965987098100924153646,81927307033870150680838225856872638061228818943428505947893494687955655445163,3470.51,5.0,True,False,closed,2026-06-24T21:20:42.755472+00:00,2026-06-24T21:30:00.756500+00:00,149,0,
0x1ad819344284209df77b2187c6e8abeccadc46edd6dab0594a4b78c0a176c886,"Bitcoin Up or Down - June 24, 5:30PM-5:35PM ET",BTC,2026-06-24T21:30:00+00:00,2026-06-24T21:35:00+00:00,47133477965976679609358956505467872611662588542610390100839828165785365979054,54949888468715813145843212719176840067359619960695443800743171611704245235907,15943.1514,29.650783,True,False,closed,2026-06-24T21:25:06.755554+00:00,2026-06-24T21:35:00.753226+00:00,149,0,
0xaad0997f0ddcfd432dcd4da4c7b11ebdb3cd0ff7cf1e35cbd0b1ece1344b8f07,"Ethereum Up or Down - June 24, 5:30PM-5:35PM ET",ETH,2026-06-24T21:30:00+00:00,2026-06-24T21:35:00+00:00,72776715268349572061615569934210427644061744523334556849871031339776374328907,104825300786845379643305672045640325570126651177593439971867710451077406760124,6156.0258,5.0,True,False,closed,2026-06-24T21:25:06.755554+00:00,2026-06-24T21:35:00.753226+00:00,149,0,
0xba4bb556a83841492656a1187e5a418a9c0b2fd87f74090813916c5779430080,"Solana Up or Down - June 24, 5:30PM-5:35PM ET",SOL,2026-06-24T21:30:00+00:00,2026-06-24T21:35:00+00:00,32734364255396076549482559302853971079938747697005561497909676714159586307915,100008580078716374042589131518487528277970047502004316041616929664741850888738,3446.1004,0.0,True,False,closed,2026-06-24T21:25:06.755554+00:00,2026-06-24T21:35:00.753226+00:00,149,0,
0xb25cc8ec934076ecc2c407e67649bae83a570f36bbf013b7ae7ccd5056525ab1,"Bitcoin Up or Down - June 24, 5:35PM-5:40PM ET",BTC,2026-06-24T21:35:00+00:00,2026-06-24T21:40:00+00:00,110375314334351387000197265029023336604133236953331811748898660671048572732441,13226825775702486805774261011924048597125967214586799569915848750652430289979,15794.3214,30.600783,True,False,closed,2026-06-24T21:30:06.766520+00:00,2026-06-24T21:40:00.763334+00:00,149,0,
0x5d49feb21bddac01572fa6deda8235240b6a7744fea813a7a1e11e47b17f2e89,"Ethereum Up or Down - June 24, 5:35PM-5:40PM ET",ETH,2026-06-24T21:35:00+00:00,2026-06-24T21:40:00+00:00,20374264508677936672298744038194793678912525229916541703254704601642836212963,42068332052902560131082287651172949381757533329876788345434657487343761934874,6231.4966,0.0,True,False,closed,2026-06-24T21:30:06.766520+00:00,2026-06-24T21:40:00.763334+00:00,149,0,
0x44e60f94145c87efeabea4e285ee0f3ac237da8b94782321b60236fb24f18b68,"Solana Up or Down - June 24, 5:35PM-5:40PM ET",SOL,2026-06-24T21:35:00+00:00,2026-06-24T21:40:00+00:00,82807044468816044655321199145370830926009329801060265540746307624165938539858,42669960081807002399754837067232257072811363342333440078759517796222523444161,3393.8812,0.0,True,False,closed,2026-06-24T21:30:06.766520+00:00,2026-06-24T21:40:00.763334+00:00,149,0,
0x11ef83ff274ae79ecb45d1a5cee870444de21ea69c0e452ccb7a60d27b2388fd,"Bitcoin Up or Down - June 24, 5:40PM-5:45PM ET",BTC,2026-06-24T21:40:00+00:00,2026-06-24T21:45:00+00:00,75106533792699714882737480650784677059631809609420156110617180534682113397204,35465503835541186161761148374596372309855384868548537991930924540820691531790,17610.1632,63.080783,True,False,closed,2026-06-24T21:35:54.760423+00:00,2026-06-24T21:45:00.757941+00:00,147,0,
0x4daad2c081307b92840bd4a4efd719f7a66bf083799edf27940c9203de6d41cb,"Ethereum Up or Down - June 24, 5:40PM-5:45PM ET",ETH,2026-06-24T21:40:00+00:00,2026-06-24T21:45:00+00:00,72529203597138456076502994490571651174988681046801122387894660876431220908622,41366534580221608309016734060477676926424756957770800002595942896300110600720,6440.8957,0.0,True,False,closed,2026-06-24T21:35:54.760423+00:00,2026-06-24T21:45:00.757941+00:00,147,0,
0x68bc7e11cf9c93fc05ede978459b531e13f4a340500d9d6f48591261979c339a,"Solana Up or Down - June 24, 5:40PM-5:45PM ET",SOL,2026-06-24T21:40:00+00:00,2026-06-24T21:45:00+00:00,93420323231321658758578647311712214178852122920512399303091162270026818804864,35127907039826279744121332351138143099440754520663758423586632805314007334394,2289.8111,5.0,True,False,closed,2026-06-24T21:35:54.760423+00:00,2026-06-24T21:45:00.757941+00:00,147,0,
0x788f14ea287dfa34d8c6e65dc9177361a65ecded835cb5f8b38df4817c57fcac,"Bitcoin Up or Down - June 24, 5:45PM-5:50PM ET",BTC,2026-06-24T21:45:00+00:00,2026-06-24T21:50:00+00:00,69760774536838114582455832582679342797823518979050889837017434065304992152941,75281663605663405344462221911158789259533455001771538284443077018779618109571,15281.3778,8.991174,True,False,closed,2026-06-24T21:40:06.758867+00:00,2026-06-24T21:50:00.760948+00:00,149,0,
0x23d900c95017a670ef21032da18eef44b4fa58432aebdaf756308f69bd3cbe5e,"Ethereum Up or Down - June 24, 5:45PM-5:50PM ET",ETH,2026-06-24T21:45:00+00:00,2026-06-24T21:50:00+00:00,13981865951539794015951552103861190369802366523187375933154830438914718483258,30109998840331249510310019521561662354528956580310506792626096077376353044854,6195.3971,0.0,True,False,closed,2026-06-24T21:40:06.758867+00:00,2026-06-24T21:50:00.760948+00:00,149,0,
0x3e2df7a5108a61cfc324833ad0cc5437a475227b8c5f7d9d1771471e7b34928a,"Solana Up or Down - June 24, 5:45PM-5:50PM ET",SOL,2026-06-24T21:45:00+00:00,2026-06-24T21:50:00+00:00,54052868656794661840008876393441634061534013829683896115506053422982229717516,112504754106651253107722922690048934463340945719267676333873577359946522699238,3435.121,5.0,True,False,closed,2026-06-24T21:40:06.758867+00:00,2026-06-24T21:50:00.760948+00:00,149,0,
0x98c8ff311d5ea478bfb7f22907fa69c35663dafb426f3b597db0f7b2cb6e7979,"Bitcoin Up or Down - June 24, 5:50PM-5:55PM ET",BTC,2026-06-24T21:50:00+00:00,2026-06-24T21:55:00+00:00,13177621126606001812257667870478937803638141662871498971071109052395296977240,68979599536143241982596802980418984195476758850598855354022986621612320394441,16792.7574,57.306658999999996,True,False,closed,2026-06-24T21:45:06.753433+00:00,2026-06-24T21:55:00.764626+00:00,149,0,
0x7fbe688341ddae06160eff5aac8f26038a48033105f090548376f3245d6f8f09,"Ethereum Up or Down - June 24, 5:50PM-5:55PM ET",ETH,2026-06-24T21:50:00+00:00,2026-06-24T21:55:00+00:00,83485549824038019769262986907542985080815719468575804749805518272649437810338,82163634260271139469595516982474039902828812190665920999777630067956263474402,6139.3966,8.0,True,False,closed,2026-06-24T21:45:06.753433+00:00,2026-06-24T21:55:00.764626+00:00,149,0,
0x7ed8b14de56dc07229f8b84062e8935e5cc3a8e31462999ae8327f3397cc045a,"Solana Up or Down - June 24, 5:50PM-5:55PM ET",SOL,2026-06-24T21:50:00+00:00,2026-06-24T21:55:00+00:00,16633056805226908399551138647324571895168529075298332269454096862762983437710,43931595093525060514930823657674120126460334496096730433616408862319465509127,3416.7014,5.0,True,False,closed,2026-06-24T21:45:06.753433+00:00,2026-06-24T21:55:00.764626+00:00,149,0,
0xc0b20438b318ec36cfaf4a34ed47ca584288d1ad03cbf4cca0a62bf9b7a89b93,"Bitcoin Up or Down - June 24, 5:55PM-6:00PM ET",BTC,2026-06-24T21:55:00+00:00,2026-06-24T22:00:00+00:00,40796972647541588713237023420196949274971734904621748907906178521065505013653,58970117371011455603139207191501917518869043751293041732850660824973346017026,15192.1183,13.960783,True,False,closed,2026-06-24T21:50:24.763675+00:00,2026-06-24T22:00:00.757926+00:00,149,0,
0xe21d75051373ede2efc205ea685bf51f4b93d4c02e2637d89ac594780adb2679,"Ethereum Up or Down - June 24, 5:55PM-6:00PM ET",ETH,2026-06-24T21:55:00+00:00,2026-06-24T22:00:00+00:00,26776476875769179880001577324151368101486014492253613494207449612011445372868,55481257979773784896741437427901560418611485635717506360341581541336026959952,6235.7257,8.0,True,False,closed,2026-06-24T21:50:24.763675+00:00,2026-06-24T22:00:00.757926+00:00,149,0,
0xbaef655d310565f3993e782d67586e237a3dfb031aabb05fe99e7ff912f98261,"Solana Up or Down - June 24, 5:55PM-6:00PM ET",SOL,2026-06-24T21:55:00+00:00,2026-06-24T22:00:00+00:00,62347295946812471324969745078393397935988910191483194427731148089407530891262,108109746394987736091122259514485052771559229852506252767224907958566999669201,3477.5143,0.0,True,False,closed,2026-06-24T21:50:24.763675+00:00,2026-06-24T22:00:00.757926+00:00,149,0,
0xcf18650bb71f0d2acdcfa5293517f17b087f3438f75d388e0330d7e9bf0f55dc,"Bitcoin Up or Down - June 24, 6:00PM-6:05PM ET",BTC,2026-06-24T22:00:00+00:00,2026-06-24T22:05:00+00:00,99765220905255071767169897727520729905868202933547823825656124014589486177833,43248307761639222939433060254376642257397431700218879007655702430440673288142,16907.5635,38.764703,True,False,closed,2026-06-24T21:55:42.764161+00:00,2026-06-24T22:05:00.752993+00:00,149,0,
0x8d3e7e3c36b3e5d1112c98d87518a00383581755190d5a55edc69c26749c1f59,"Ethereum Up or Down - June 24, 6:00PM-6:05PM ET",ETH,2026-06-24T22:00:00+00:00,2026-06-24T22:05:00+00:00,47119038511293586408127065295216851412662215500172655910095979817511359890503,6726171214967950287659217389490955027857376155955084815905234571697345642229,6944.2971,10.0,True,False,closed,2026-06-24T21:55:42.764161+00:00,2026-06-24T22:05:00.752993+00:00,149,0,
0x0aef3f7b57938eeebdae25b7c9f91d92e042830cebaca0f47279b3fb05557562,"Solana Up or Down - June 24, 6:00PM-6:05PM ET",SOL,2026-06-24T22:00:00+00:00,2026-06-24T22:05:00+00:00,11497479168005234834362011626637555672349212412409352198748257070550151768516,89432246545519204279001864004622645404689947469560496779136948845565083747522,3501.23,5.0,True,False,closed,2026-06-24T21:55:42.764161+00:00,2026-06-24T22:05:00.752993+00:00,149,0,
0x9132b28e5bc6d34e73e69d065d799d36e8d533cfa88e3e579177c3ed1bb1d5aa,"Bitcoin Up or Down - June 24, 6:05PM-6:10PM ET",BTC,2026-06-24T22:05:00+00:00,2026-06-24T22:10:00+00:00,45811153960586462387946345142736307322992804268840386548101667152895358899244,7106782236852921479473352150766547384438484892167932274627134268302606134116,15547.0668,15.764703,True,False,closed,2026-06-24T22:00:48.764566+00:00,2026-06-24T22:10:00.756149+00:00,147,0,
0x821473ab328eb34e8c15b37ba60fa74721bd450cc657b95448c08a5f02e0e8a6,"Ethereum Up or Down - June 24, 6:05PM-6:10PM ET",ETH,2026-06-24T22:05:00+00:00,2026-06-24T22:10:00+00:00,81739468105294395789662387333204259982028179217657169893009262744668381180338,73384902456856393007956222217135718765023647782097990011289589560961521909883,6397.0751,8.0,True,False,closed,2026-06-24T22:00:48.764566+00:00,2026-06-24T22:10:00.756149+00:00,147,0,
0xea32ac2a84475229a4fb9393ba9a354aa0a729f711a3dd959b144bfc04ce5618,"Solana Up or Down - June 24, 6:05PM-6:10PM ET",SOL,2026-06-24T22:05:00+00:00,2026-06-24T22:10:00+00:00,13413839106665396267307940696601710408071799098362986852145937938772916077630,15954905034960041425121679972438908858487859568681317132014061988793320593472,3450.7011,5.0,True,False,closed,2026-06-24T22:00:48.764566+00:00,2026-06-24T22:10:00.756149+00:00,147,0,
0xb819dc0478ae61d4b6e1f7da311d06a77e48be240e629c5f6dfe5fedd305d81c,"Bitcoin Up or Down - June 24, 6:10PM-6:15PM ET",BTC,2026-06-24T22:10:00+00:00,2026-06-24T22:15:00+00:00,26653262311478715124266094575127927245201047916453387729786999991125176712481,96688358526819615175996998441187123206233394132366945689703519611845039048398,15845.209,20.803919999999998,True,False,closed,2026-06-24T22:05:06.761594+00:00,2026-06-24T22:15:00.752823+00:00,149,0,
0x7d22cd077e3d39903113b91a352b261e17b0f62c306564340fffd278a585c6ad,"Ethereum Up or Down - June 24, 6:10PM-6:15PM ET",ETH,2026-06-24T22:10:00+00:00,2026-06-24T22:15:00+00:00,79230560917241104801243597815654240971904371828387895284990956093063177611762,863532680928012983761830567199913915397253430641103615141724928375895371714,6319.3337,0.0,True,False,closed,2026-06-24T22:05:06.761594+00:00,2026-06-24T22:15:00.752823+00:00,149,0,
0xd4c1522b6f17bb43f8bf2fb454e97ff7519bbbca02c0f95b25492da975928cc1,"Solana Up or Down - June 24, 6:10PM-6:15PM ET",SOL,2026-06-24T22:10:00+00:00,2026-06-24T22:15:00+00:00,65306461624450400953850438508196190630864396508608347905672043976479394839786,80632262315225795443544937152348468288588065289259637152961030063642861092418,3439.4,6.0,True,False,closed,2026-06-24T22:05:06.761594+00:00,2026-06-24T22:15:00.752823+00:00,149,0,
0x600243ec7fb6f2cc315a7d1d07e9a5e4f9ce810d1f38df0ff380de47d5007573,"Bitcoin Up or Down - June 24, 6:15PM-6:20PM ET",BTC,2026-06-24T22:15:00+00:00,2026-06-24T22:20:00+00:00,51087909662150529893192745324978540801479968377215273786658613020963649006692,45155141956854695845632659043338324573954843953454677407140803129397819404226,12375.9817,15.80392,True,False,closed,2026-06-24T22:10:18.755616+00:00,2026-06-24T22:20:00.766674+00:00,147,0,
0x66dcdafe4c750a2865f8d1931d4fb95af914b5c6abdf0c4638553ea131c789f4,"Ethereum Up or Down - June 24, 6:15PM-6:20PM ET",ETH,2026-06-24T22:15:00+00:00,2026-06-24T22:20:00+00:00,111399068755581830418403754508402056463679451039099702514587563258884513079833,24986706011239295394900497099927142168147543467544508783875206261018523972541,5305.4946,8.0,True,False,closed,2026-06-24T22:10:18.755616+00:00,2026-06-24T22:20:00.766674+00:00,147,0,
0x864e201e198292665e634e9ba132c240dcb3633ab83f7c07a1f35416aa610c7c,"Solana Up or Down - June 24, 6:15PM-6:20PM ET",SOL,2026-06-24T22:15:00+00:00,2026-06-24T22:20:00+00:00,61569731854801028239877542659163047990111622278633921502259974254776312203289,19637266434210230106410946108153119057896361400606751661251643872282177154415,3491.0798,6.0,True,False,closed,2026-06-24T22:10:18.755616+00:00,2026-06-24T22:20:00.766674+00:00,147,0,
0xf130eff8c038184fe0b4a9d8614cef95763b73a7558908497f8457468a6c3f1f,"Bitcoin Up or Down - June 24, 6:20PM-6:25PM ET",BTC,2026-06-24T22:20:00+00:00,2026-06-24T22:25:00+00:00,45485839936170351324425164099573760456865301994044181603838991400555896720190,98579728709541509818950872941538117281694967110196651834729478499902667639113,16953.0031,29.65784,True,False,closed,2026-06-24T22:15:12.765357+00:00,2026-06-24T22:25:00.766366+00:00,149,0,
0x12241545e09c835ba8d33ae516fe8fbc2de7b302d27b6fdefcc2919dd63c2f37,"Ethereum Up or Down - June 24, 6:20PM-6:25PM ET",ETH,2026-06-24T22:20:00+00:00,2026-06-24T22:25:00+00:00,69160920062375098724123566734978345883143997963766724650489052409828948026870,16016275762501779779098405490508590154409697459379344605698320187420865995213,5161.5961,8.0,True,False,closed,2026-06-24T22:15:12.765357+00:00,2026-06-24T22:25:00.766366+00:00,149,0,
0xf3461dfe9362009cc237d8b94114627ea86481e64b3080a005a706bf44650089,"Solana Up or Down - June 24, 6:20PM-6:25PM ET",SOL,2026-06-24T22:20:00+00:00,2026-06-24T22:25:00+00:00,111331042065477889488549459957912039505693145626822410946556043968853214230383,45475986775223119395196342035794360570340974769846869967742975020635414537880,3455.7212,10.0,True,False,closed,2026-06-24T22:15:12.765357+00:00,2026-06-24T22:25:00.766366+00:00,149,0,
0xfad48ff3a8412afda370663626db35cfd7cdffea65cdcb6967a57e26ac6ae37c,"Bitcoin Up or Down - June 24, 6:25PM-6:30PM ET",BTC,2026-06-24T22:25:00+00:00,2026-06-24T22:30:00+00:00,20963810765481508035756598769078969589202695235737259850246904038457523931649,12022910497485506962752119673580711011008282252335200319691942598575013298693,14043.3556,52.814702,True,False,closed,2026-06-24T22:20:06.762989+00:00,2026-06-24T22:30:00.763476+00:00,149,0,
0x26aeb71068f469abc9ee7949ebd5b889b019df1fa38a605e6cfb05a11fc655f2,"Ethereum Up or Down - June 24, 6:25PM-6:30PM ET",ETH,2026-06-24T22:25:00+00:00,2026-06-24T22:30:00+00:00,115672816770009122606411561652613432465581589061640023501817704381118535031636,32844750265573009514283542619886463709649729941765222631538665491224591458842,6467.1457,5.0,True,False,closed,2026-06-24T22:20:06.762989+00:00,2026-06-24T22:30:00.763476+00:00,149,0,
0x3c6ad85b26006a8ae2287ec29101055479584cf85e1af7e3015e0a48bd209bef,"Solana Up or Down - June 24, 6:25PM-6:30PM ET",SOL,2026-06-24T22:25:00+00:00,2026-06-24T22:30:00+00:00,58480334771888023813557800973622710706930667401603593595543090466638154653322,100134838528966050872599002159147883215053791719486139663083651505226447574255,3488.46,6.0,True,False,closed,2026-06-24T22:20:06.762989+00:00,2026-06-24T22:30:00.763476+00:00,149,0,
0x47d0c4a03b2461637ed667c581a669a998ec502f01bf127b5ce91f6133fb79e7,"Bitcoin Up or Down - June 24, 6:30PM-6:35PM ET",BTC,2026-06-24T22:30:00+00:00,2026-06-24T22:35:00+00:00,32827457740569069360876620369754646637294530049466149181942507006516784149023,52170239753219749565803223481377535904650097460980047823881535626311679532080,17093.4519,52.775484999999996,True,False,closed,2026-06-24T22:25:06.761017+00:00,2026-06-24T22:35:00.752159+00:00,149,0,
0x9d51fc5a8997e770639c0e41a8aa9f71a4e64d45347e92a53330700f7cd6f37a,"Ethereum Up or Down - June 24, 6:30PM-6:35PM ET",ETH,2026-06-24T22:30:00+00:00,2026-06-24T22:35:00+00:00,56353143385246295242828312987771631835234992153458861952367710660915706425209,112053507226018697315307931020195584136417361679509211321951719333405858356695,6936.5875,5.0,True,False,closed,2026-06-24T22:25:06.761017+00:00,2026-06-24T22:35:00.752159+00:00,149,0,
0xff40186341b93fb9e99d616ac46d6de6253510da83884e30507fba9c62269efc,"Solana Up or Down - June 24, 6:30PM-6:35PM ET",SOL,2026-06-24T22:30:00+00:00,2026-06-24T22:35:00+00:00,12677730938410174586047827507197182051755513549307530710381530985769792223625,107306429024057666896815475059930145689488757674896278230601062804289009120062,3538.832,5.0,True,False,closed,2026-06-24T22:25:06.761017+00:00,2026-06-24T22:35:00.752159+00:00,149,0,
0xf0ee17b914c78557a3d020e395efd19290a4c9b872050fee6cbe5730c55fc367,"Bitcoin Up or Down - June 24, 6:35PM-6:40PM ET",BTC,2026-06-24T22:35:00+00:00,2026-06-24T22:40:00+00:00,32169466861693244149619827391570332206425516872661748020991711410124335349876,115323283977809931968524952086750094522654117073167366213198148071476679921161,17350.8226,41.853919999999995,True,False,closed,2026-06-24T22:30:06.758002+00:00,2026-06-24T22:40:00.756974+00:00,149,0,
0x14d83f6074a9f4ec04a2bbf241704fa35fea82637577ea00cf4834a3856547b6,"Ethereum Up or Down - June 24, 6:35PM-6:40PM ET",ETH,2026-06-24T22:35:00+00:00,2026-06-24T22:40:00+00:00,49815028684469151953523765778766121419301747627916848136062059267299567981550,67557120188154027558013941907695805390585104845271730323450812618334820734307,6417.3884,0.0,True,False,closed,2026-06-24T22:30:06.758002+00:00,2026-06-24T22:40:00.756974+00:00,149,0,
0x5b4997fca49fbcc15e754934297d70b3603f1efbafa999613bfa86334aa9b153,"Solana Up or Down - June 24, 6:35PM-6:40PM ET",SOL,2026-06-24T22:35:00+00:00,2026-06-24T22:40:00+00:00,31763479486749742663480745419158746245873045720648383587335801743339296410068,15010196356744352782639221234103701321059563934306297097013479211708855140565,3499.18,0.0,True,False,closed,2026-06-24T22:30:06.758002+00:00,2026-06-24T22:40:00.756974+00:00,149,0,
0xfe8846d44cdf5e401b2e259a447af76487bb6b52603650272d0926bfc7686f72,"Bitcoin Up or Down - June 24, 6:40PM-6:45PM ET",BTC,2026-06-24T22:40:00+00:00,2026-06-24T22:45:00+00:00,35273605862129961011835503704516503533266799362743092904021540877666172341708,28529522464669498056462648883874883126310404584054547924291289319413263091378,12374.5072,36.853919999999995,True,False,closed,2026-06-24T22:35:06.764013+00:00,2026-06-24T22:45:00.754649+00:00,149,0,
0x95df1863e4352f6ca66142963d6ae87d615fdf75b45feb83d05f14176fafc9f1,"Ethereum Up or Down - June 24, 6:40PM-6:45PM ET",ETH,2026-06-24T22:40:00+00:00,2026-06-24T22:45:00+00:00,34753281032041951591098075633637419573465711341619619965620966919908824701428,115447062497388350859898389775680425183467844534562970240356919574182444250612,5285.4857,0.0,True,False,closed,2026-06-24T22:35:06.764013+00:00,2026-06-24T22:45:00.754649+00:00,149,0,
0x19b5618a0bc3e6bf7a31023941072b4b78ad86345bcfbae55c15b32ca8e88711,"Solana Up or Down - June 24, 6:40PM-6:45PM ET",SOL,2026-06-24T22:40:00+00:00,2026-06-24T22:45:00+00:00,47139916000190171760914255661206383102011942125576293849962678803149486192599,6935547710863519107822941892616812420408895778463990093127261181899619530770,2275.5907,0.0,True,False,closed,2026-06-24T22:35:06.764013+00:00,2026-06-24T22:45:00.754649+00:00,149,0,
0xf99eed65d2e48e44d4cd0627cb921b4ca000a25aa66f339c89b00e0fdad14a30,"Bitcoin Up or Down - June 24, 6:45PM-6:50PM ET",BTC,2026-06-24T22:45:00+00:00,2026-06-24T22:50:00+00:00,67417745181455556098617825015348095052198253546297643511880337064989850581852,97408932430835110808046080562615437720805184135726918211385968366818302827198,14100.8934,34.853919999999995,True,False,closed,2026-06-24T22:40:06.767056+00:00,2026-06-24T22:50:00.755974+00:00,149,0,
0x63f7c7a911d509d10af986abf750e622216900455bd886649be5b3d3110be41e,"Ethereum Up or Down - June 24, 6:45PM-6:50PM ET",ETH,2026-06-24T22:45:00+00:00,2026-06-24T22:50:00+00:00,4954252846152361656295200325329188930464249478270795874031009514177246506107,115293728361758693819668417549492994599182559210987469604138922954040718751444,5282.7457,0.0,True,False,closed,2026-06-24T22:40:06.767056+00:00,2026-06-24T22:50:00.755974+00:00,149,0,
0x6bc29a3aa22340638bb062f154c871572bb67f7f9050003cea265d8c1b2956d1,"Solana Up or Down - June 24, 6:45PM-6:50PM ET",SOL,2026-06-24T22:45:00+00:00,2026-06-24T22:50:00+00:00,70399147586424061418882568242409390001305892280183865031961927523687949135444,4942313143052927959865011415930715329713811284273041846679080106782671542793,2335.0916,0.0,True,False,closed,2026-06-24T22:40:06.767056+00:00,2026-06-24T22:50:00.755974+00:00,149,0,
0x42c231433cdd19f2780096a7ebcd1ddae96c40597f1f74c68031d9e2ea067552,"Bitcoin Up or Down - June 24, 6:50PM-6:55PM ET",BTC,2026-06-24T22:50:00+00:00,2026-06-24T22:55:00+00:00,89513946259063652904556165628347664803839199022447474492704292155903354177505,20145993039708578083085690088257288452971080193102726931653708967346945212063,12781.6807,14.853919999999999,True,False,closed,2026-06-24T22:45:06.764989+00:00,2026-06-24T22:55:00.764772+00:00,149,0,
0xd429c8aa0a0d776eb6182f29a70a66f1c6851c3bd37eee1b518ac1155a5c2135,"Ethereum Up or Down - June 24, 6:50PM-6:55PM ET",ETH,2026-06-24T22:50:00+00:00,2026-06-24T22:55:00+00:00,94772327630311068983520216011851994223586480068958778378139628604211101727699,55860749182703615232915114536647654572019592833759585251085160681653164770171,5176.2879,0.0,True,False,closed,2026-06-24T22:45:06.764989+00:00,2026-06-24T22:55:00.764772+00:00,149,0,
0x43813f315d63d3ac1d66bfb25d45272389bd380d86282ead781d5639735861c7,"Solana Up or Down - June 24, 6:50PM-6:55PM ET",SOL,2026-06-24T22:50:00+00:00,2026-06-24T22:55:00+00:00,104746413242857961041547533615791581633954536719586980356502247237928870805257,75137583303226183223602341750167505141712196354159507880533607776351474401231,2141.5707,0.0,True,False,closed,2026-06-24T22:45:06.764989+00:00,2026-06-24T22:55:00.764772+00:00,149,0,
0x7a211227a84d96f887954196d09ddbe4179be8bd554a1c941d5defef180cbe52,"Bitcoin Up or Down - June 24, 6:55PM-7:00PM ET",BTC,2026-06-24T22:55:00+00:00,2026-06-24T23:00:00+00:00,104869657285961962372585316901834093729198471560297464096329061312777655120872,49977078878594193747815737456532510927999645915809112720006094685531230895222,15722.2024,14.853919999999999,True,False,closed,2026-06-24T22:50:06.765096+00:00,2026-06-24T23:00:00.763641+00:00,149,0,
0x58f3bb4a278783148f21a5ef39375906b15e88797d0a739112cb0584e6d88d28,"Ethereum Up or Down - June 24, 6:55PM-7:00PM ET",ETH,2026-06-24T22:55:00+00:00,2026-06-24T23:00:00+00:00,75130570546803167699125817255961759741205702382485346574402631888660116785577,55209755993883006935411077792718910321147952574826725044543181641712974121012,6470.984,2.0,True,False,closed,2026-06-24T22:50:06.765096+00:00,2026-06-24T23:00:00.763641+00:00,149,0,
0x59077399e6e32629ec41586e3e39fd1ec96bc21dccbbe6223e7cc31db7e8e2e0,"Solana Up or Down - June 24, 6:55PM-7:00PM ET",SOL,2026-06-24T22:55:00+00:00,2026-06-24T23:00:00+00:00,75810106509974738768212173043964756700958989161689050968093675937324814204152,90376586342040817602166400564505420540744378897932180998672863858590767812120,3538.0906,0.0,True,False,closed,2026-06-24T22:50:06.765096+00:00,2026-06-24T23:00:00.763641+00:00,149,0,
0xf5d52a75fe504f3e509accd1cb3a5fc68ab9c35581338c98124271485839411d,"Bitcoin Up or Down - June 24, 7:00PM-7:05PM ET",BTC,2026-06-24T23:00:00+00:00,2026-06-24T23:05:00+00:00,91106170767767060256784021198339633936011756425683765959312444261043053439431,63671638486830003847394412746199604348674218137650901346364947928516124417082,15903.8642,5.05,True,False,closed,2026-06-24T22:55:06.759179+00:00,2026-06-24T23:05:00.759841+00:00,149,0,
0xd9587efcd9a27c95a35e7cfc690800e66aa0e9f1118d294a08d24f7f6adf76a3,"Ethereum Up or Down - June 24, 7:00PM-7:05PM ET",ETH,2026-06-24T23:00:00+00:00,2026-06-24T23:05:00+00:00,106026196837440826069081310927146545580736111027778338876483007589629437199646,19378566357182836156384858319560966035612149703355156376108308186741216292491,7073.788,2.0,True,False,closed,2026-06-24T22:55:06.759179+00:00,2026-06-24T23:05:00.759841+00:00,149,0,
0x855b59ae8c9af3aa198f26f608a981d0bdd6b97662a229ba92747ab24b9a7078,"Solana Up or Down - June 24, 7:00PM-7:05PM ET",SOL,2026-06-24T23:00:00+00:00,2026-06-24T23:05:00+00:00,82289996677620071844456015240053310520341535618891030141495555507111027017811,101636813376879696247206461529164054513305049321489440437974124128277737184459,2257.8307,0.0,True,False,closed,2026-06-24T22:55:06.759179+00:00,2026-06-24T23:05:00.759841+00:00,149,0,
0x9cf722e4f1f08dcbb18a3d23b9c59c1d5bd59898eff93f80866c51e9ae0c04b2,"Bitcoin Up or Down - June 24, 7:05PM-7:10PM ET",BTC,2026-06-24T23:05:00+00:00,2026-06-24T23:10:00+00:00,32592237188980070816165640127296330033685926200628183141197705316371759488041,3466722139116010946448037114849456137865081031143750863180953367517031522738,14283.6528,22.716661000000002,True,False,closed,2026-06-24T23:00:06.757402+00:00,2026-06-24T23:10:00.768182+00:00,149,0,
0xb096e3cb393ca584fec93b0632df9f404d878c89d6e4106fa8a5f1d343715da2,"Ethereum Up or Down - June 24, 7:05PM-7:10PM ET",ETH,2026-06-24T23:05:00+00:00,2026-06-24T23:10:00+00:00,65444870715675703352076726541983468434699157724514409013787300370482551006233,15885872556034175095900954101256356372399241984589502907687839706756188317217,5370.2875,0.0,True,False,closed,2026-06-24T23:00:06.757402+00:00,2026-06-24T23:10:00.768182+00:00,149,0,
0xfdf1d1d3459978bbaa3746692b4c9285b1cbd6f3864a00cd0c1e66b97202ff77,"Solana Up or Down - June 24, 7:05PM-7:10PM ET",SOL,2026-06-24T23:05:00+00:00,2026-06-24T23:10:00+00:00,40143398912787577626799680835613917608665367866652264843875103376644656647985,109643622787856630855949614010444110092271165711019245293292630834986501098818,2296.2907,0.0,True,False,closed,2026-06-24T23:00:06.757402+00:00,2026-06-24T23:10:00.768182+00:00,149,0,
0x90f937138e8d5041090a1a3a0d0e762f6a49cd58e55ab895d7aebdcd4233d61c,"Bitcoin Up or Down - June 24, 7:10PM-7:15PM ET",BTC,2026-06-24T23:10:00+00:00,2026-06-24T23:15:00+00:00,108100081550870580002113090456350278087865146700390214869534428141743262677526,68747958948287284524931005652689701654133660599794582646994564042094282387917,12471.47,9.80392,True,False,closed,2026-06-24T23:05:06.755095+00:00,2026-06-24T23:15:00.766514+00:00,149,0,
0xbe2b564421fb20f8e5a12fdb5572b5859fd5fb3c88b36e03523fe1578c38eabf,"Ethereum Up or Down - June 24, 7:10PM-7:15PM ET",ETH,2026-06-24T23:10:00+00:00,2026-06-24T23:15:00+00:00,30487554994142809398259158091203607949300449428666893483410649327519546229558,6861940160012009123070317830425357074040228739212452964178036919935769249718,5391.7884,0.0,True,False,closed,2026-06-24T23:05:06.755095+00:00,2026-06-24T23:15:00.766514+00:00,149,0,
0x48464ea0dcb29178e19fb2eb842711c56e3f0cb7edaaededebdf19bd4d77e952,"Solana Up or Down - June 24, 7:10PM-7:15PM ET",SOL,2026-06-24T23:10:00+00:00,2026-06-24T23:15:00+00:00,54604212233180060578029610478417646499967246169591797602605728526049004384401,40455151656832715347022119219752278038753803791726033741347761481108960892210,2198.8554,0.0,True,False,closed,2026-06-24T23:05:06.755095+00:00,2026-06-24T23:15:00.766514+00:00,149,0,
0xff18f2fbc3a19a8882e048d56b5b51252e5fec994e57bd4c459be36b93845783,"Bitcoin Up or Down - June 24, 7:15PM-7:20PM ET",BTC,2026-06-24T23:15:00+00:00,2026-06-24T23:20:00+00:00,2609049294645342572227956554733409545793415621633586819046883012046776559139,47109239713753574473858221357878202707532725046448535512763126067985001625940,14773.5124,19.85392,True,False,closed,2026-06-24T23:10:06.765114+00:00,2026-06-24T23:20:00.753744+00:00,149,0,
0xf4040b59f75a274f80a90249eb01347edeb5381b157eec2816c35418d729c59f,"Ethereum Up or Down - June 24, 7:15PM-7:20PM ET",ETH,2026-06-24T23:15:00+00:00,2026-06-24T23:20:00+00:00,60902900130563761762025388606218030061029512174977411974679759498450009637859,12111702598545755636635601108888911763798798052279207873794676298800049867700,5964.5864,0.0,True,False,closed,2026-06-24T23:10:06.765114+00:00,2026-06-24T23:20:00.753744+00:00,149,0,
0x39d9e1fb4827c4303835b56359a8428e8d1dbb8c7d1edd81d270242667c5068a,"Solana Up or Down - June 24, 7:15PM-7:20PM ET",SOL,2026-06-24T23:15:00+00:00,2026-06-24T23:20:00+00:00,36504466214079907255619125849569060449732198385862020795812512330714409816215,2190384169594473371744319530006986113716635057623057812405613551195430031612,2342.2907,0.0,True,False,closed,2026-06-24T23:10:06.765114+00:00,2026-06-24T23:20:00.753744+00:00,149,0,
0xc87892d997d694e240d1f9028190a0031b112fdbc8d36e6c3dbe194debb2bb73,"Bitcoin Up or Down - June 24, 7:20PM-7:25PM ET",BTC,2026-06-24T23:20:00+00:00,2026-06-24T23:25:00+00:00,40813959778602678402593325667218140685324552903069429791966003646518899746320,62449339038184399232879597833561149060994296384263415582061878638150528717971,14296.4678,23.814702,True,False,closed,2026-06-24T23:15:06.762425+00:00,2026-06-24T23:25:00.766762+00:00,149,0,
0x5bb69dc5856c3343926054d72fb1340aca70fefa0f4c3ca7fd4b02987497f00c,"Ethereum Up or Down - June 24, 7:20PM-7:25PM ET",ETH,2026-06-24T23:20:00+00:00,2026-06-24T23:25:00+00:00,45569456255591075649251816390314000761527230418247355763428206962062054917231,10804924520980718991104740995628583825860120940412270796799877612482944692667,5254.4466,0.0,True,False,closed,2026-06-24T23:15:06.762425+00:00,2026-06-24T23:25:00.766762+00:00,149,0,
0x1d7c2d610bff5b7b989dcf30605531ccf6fd79e6d08c48f8a7593c5808a0cdfb,"Solana Up or Down - June 24, 7:20PM-7:25PM ET",SOL,2026-06-24T23:20:00+00:00,2026-06-24T23:25:00+00:00,29651693781399455707431394235939685482190229161242410524691316296619697951496,63160835041807838130368451019029254206176153748884211462626771341245411934916,2274.86,0.0,True,False,closed,2026-06-24T23:15:06.762425+00:00,2026-06-24T23:25:00.766762+00:00,149,0,
0xef99768b2ae8700c6cb0cb420121d03cff801bc904751a2ac6335a61a0df4a36,"Bitcoin Up or Down - June 24, 7:25PM-7:30PM ET",BTC,2026-06-24T23:25:00+00:00,2026-06-24T23:30:00+00:00,60094030734272787615411584004855349162338695036111106270422881517077735838211,111937511019349458021755421336939188417888954368236473036226935887128963085656,14514.8551,25.775485,True,False,closed,2026-06-24T23:20:06.755639+00:00,2026-06-24T23:30:00.766208+00:00,149,0,
0xafa9c008c15ee2640ffde2ad9af4eb43e11cd3ec7ad8b91d56d5c7000ff2a8b6,"Ethereum Up or Down - June 24, 7:25PM-7:30PM ET",ETH,2026-06-24T23:25:00+00:00,2026-06-24T23:30:00+00:00,87595738417323782948172050022143598234912733634041458208667102088868300716970,15998875379604113423540758737892046567314056813630167417099441463561739837661,5327.4457,0.0,True,False,closed,2026-06-24T23:20:06.755639+00:00,2026-06-24T23:30:00.766208+00:00,149,0,
0x9749ef6a7363676f9319b2b87e465dff3fc3e27be84f1bf79b3d58b5b0629093,"Solana Up or Down - June 24, 7:25PM-7:30PM ET",SOL,2026-06-24T23:25:00+00:00,2026-06-24T23:30:00+00:00,96683302304178738973143139636152889136176248683097481234566574026299842458387,24242401194114062230433877316930528777198250215903524655635314447980414758579,2294.8716,0.0,True,False,closed,2026-06-24T23:20:06.755639+00:00,2026-06-24T23:30:00.766208+00:00,149,0,
0xe31226bd4dffe8819d83cbd951132104a3b9a5e7069e39db57000b1ee9e15c64,"Bitcoin Up or Down - June 24, 7:30PM-7:35PM ET",BTC,2026-06-24T23:30:00+00:00,2026-06-24T23:35:00+00:00,78173052088373330649428227357299482362188203368082592043854410139180311269327,102829488143198123326585785451219575567147848831018615418625864894721427994406,14876.0296,24.49666,True,False,closed,2026-06-24T23:25:06.761896+00:00,2026-06-24T23:35:00.753131+00:00,149,0,
0x89a19f17ad1ff3f3423bc8a4b4b0a5c63915e55530faef56c1f141f7b3443e52,"Ethereum Up or Down - June 24, 7:30PM-7:35PM ET",ETH,2026-06-24T23:30:00+00:00,2026-06-24T23:35:00+00:00,65608678549672566296101498703747124089921270133500224942316945849660214746159,80492474038565827748103577958435390550072983964584766522448274668515692187650,5263.0457,0.0,True,False,closed,2026-06-24T23:25:06.761896+00:00,2026-06-24T23:35:00.753131+00:00,149,0,
0x8b25768d37a62af5f5482e6090c47428c5f143484351c7a29467f8d2c7100bde,"Solana Up or Down - June 24, 7:30PM-7:35PM ET",SOL,2026-06-24T23:30:00+00:00,2026-06-24T23:35:00+00:00,34755218947065417088844695296740815273495134708915417035886721112840600296171,45647668961018606775815142269520864401198336331478014956110474593588842825291,2272.4711,0.0,True,False,closed,2026-06-24T23:25:06.761896+00:00,2026-06-24T23:35:00.753131+00:00,149,0,
0x4b5447a13de4494bcc91d0f68635cd298361f54fab81020ade07e44f9b6d0968,"Bitcoin Up or Down - June 24, 7:35PM-7:40PM ET",BTC,2026-06-24T23:35:00+00:00,2026-06-24T23:40:00+00:00,99084697688425137641131618681610736094304832237655193978281211995497481448061,8044654059199874698702489751553431975693124140270141403263589912492980094178,14560.811,23.795094,True,False,closed,2026-06-24T23:30:06.760961+00:00,2026-06-24T23:40:00.766546+00:00,149,0,
0xd930bf08c6be5c843ba7fdbc85a41fe0e9f7c96e50741b07ad2023e8d9d750ce,"Ethereum Up or Down - June 24, 7:35PM-7:40PM ET",ETH,2026-06-24T23:35:00+00:00,2026-06-24T23:40:00+00:00,42783697991530209134201618240923008295819466852731035747635994086708857545084,54413076501280578643123460944523206468621613807825001427062708932908962705607,5342.5457,0.0,True,False,closed,2026-06-24T23:30:06.760961+00:00,2026-06-24T23:40:00.766546+00:00,149,0,
0x4cf63773cd6da15ad6af86efc47e11cf2175fc3f33f0b2d559a572b3e1029119,"Solana Up or Down - June 24, 7:35PM-7:40PM ET",SOL,2026-06-24T23:35:00+00:00,2026-06-24T23:40:00+00:00,74436260667465212429547384927608912835469636737638097368467112373322937440668,84674663150356439356389592049142815376266907848860204101087790850493197007699,2325.8112,5.0,True,False,closed,2026-06-24T23:30:06.760961+00:00,2026-06-24T23:40:00.766546+00:00,149,0,
0x3ef098499a041455aee4281222d16a96172e06914b0021bcef7d1fcf481fddf6,"Bitcoin Up or Down - June 24, 7:40PM-7:45PM ET",BTC,2026-06-24T23:40:00+00:00,2026-06-24T23:45:00+00:00,12984714134681336397555998983336125530596362306194981309509555251540492859182,21891113695310640666259689904219454163771859337818818435229837389133029741049,14546.8103,25.775485,True,False,closed,2026-06-24T23:35:06.764593+00:00,2026-06-24T23:45:00.752924+00:00,149,0,
0x6430f10c6207552e4d4e2ac65a744437b62563856aa5a0a16e198da0dda0a060,"Ethereum Up or Down - June 24, 7:40PM-7:45PM ET",ETH,2026-06-24T23:40:00+00:00,2026-06-24T23:45:00+00:00,63815143622233208185348289867071279456803104881655557252315275738998652672296,48334719902762030425623631334572376814467698225564938048841350378812078526108,5276.4466,0.0,True,False,closed,2026-06-24T23:35:06.764593+00:00,2026-06-24T23:45:00.752924+00:00,149,0,
0x0c6bc2e36bb31e4846690a0ce0c4bde6268a8228fb1bf58b0e8645f35711ca7a,"Solana Up or Down - June 24, 7:40PM-7:45PM ET",SOL,2026-06-24T23:40:00+00:00,2026-06-24T23:45:00+00:00,26270295885376776147397542776772578366206784657731838767143452402938053504708,20349818565515120777462511313675986918688667172466731054153711799074298867109,2229.004,5.0,True,False,closed,2026-06-24T23:35:06.764593+00:00,2026-06-24T23:45:00.752924+00:00,149,0,
0xf2b02e3ede80b87635cb55fd8c3e089a5c10abff87451798bafd5c671352b432,"Bitcoin Up or Down - June 24, 7:45PM-7:50PM ET",BTC,2026-06-24T23:45:00+00:00,2026-06-24T23:50:00+00:00,9685437716483770026988125527827801438332806438397359479616413606155766060579,14995572500283967753736367229726908713488635964604799175836513317032193745744,12473.7127,15.725484999999999,True,False,closed,2026-06-24T23:40:06.762975+00:00,2026-06-24T23:50:00.767301+00:00,149,0,
0x673c613485fa04ea112ce45d7319f398268e585295b4a5daa0443b004d404ea0,"Ethereum Up or Down - June 24, 7:45PM-7:50PM ET",ETH,2026-06-24T23:45:00+00:00,2026-06-24T23:50:00+00:00,3988388047094249289243382166131731939397951413150475052614926847243435500110,57321631983958296129938258428601204757093289355026412289493017722767997084423,5363.8457,0.0,True,False,closed,2026-06-24T23:40:06.762975+00:00,2026-06-24T23:50:00.767301+00:00,149,0,
0xe27d4a77c948df8942ad95acf06894dbdd500e48ee09f8929de6a4725c5ec1af,"Solana Up or Down - June 24, 7:45PM-7:50PM ET",SOL,2026-06-24T23:45:00+00:00,2026-06-24T23:50:00+00:00,94237438683970778264926147796285409996640574580698470225831179187954230593767,4931209321614377969534365615532153474759658542241799350119769320800134252244,2282.531,5.0,True,False,closed,2026-06-24T23:40:06.762975+00:00,2026-06-24T23:50:00.767301+00:00,149,0,
0xc643924d32b6e162da7e61ccc9a97b19d8aa511c6e87e56ab1e0b3f1085aafd9,"Bitcoin Up or Down - June 24, 7:50PM-7:55PM ET",BTC,2026-06-24T23:50:00+00:00,2026-06-24T23:55:00+00:00,32793018317990519096526927160292880192366668991444798816108634570268011817966,13089441171595048424799336976876893349472022123963491057906478224859759489815,14254.1144,63.882349000000005,True,False,closed,2026-06-24T23:45:06.765264+00:00,2026-06-24T23:55:00.752654+00:00,149,0,
0x3f1b43b291fef0b2e842d62e030f33e47e622d058b7bdd7ee1937fb18c9e4417,"Ethereum Up or Down - June 24, 7:50PM-7:55PM ET",ETH,2026-06-24T23:50:00+00:00,2026-06-24T23:55:00+00:00,114197142015656421623496132970614181242486645183495385591185611426316828438837,73446784329354838461121536584802527232323077436902969827966582603473820716552,5374.4664,0.0,True,False,closed,2026-06-24T23:45:06.765264+00:00,2026-06-24T23:55:00.752654+00:00,149,0,
0x19f8f61526b9eb34a9f07f42447c5dd020e9ba88580c38772b82cdbf4fc27c4f,"Solana Up or Down - June 24, 7:50PM-7:55PM ET",SOL,2026-06-24T23:50:00+00:00,2026-06-24T23:55:00+00:00,28724926303316849844814308776028978607396526392800477046769605441719966431622,86488791851044926181908972955264073411345382270595146542752985463209190502685,2226.0011,5.0,True,False,closed,2026-06-24T23:45:06.765264+00:00,2026-06-24T23:55:00.752654+00:00,149,0,
0x289e693b2b9f1eba291257e1062f2610248b96b8e708007dbac446167544a441,"Bitcoin Up or Down - June 24, 7:55PM-8:00PM ET",BTC,2026-06-24T23:55:00+00:00,2026-06-25T00:00:00+00:00,107271865818038977617499739422129189339415721514404841915392641899075706572231,62709710575021952836800461611460366682233035411098161153838289015086419902983,12635.4537,5.05,True,False,closed,2026-06-24T23:50:06.762131+00:00,2026-06-25T00:00:00.760091+00:00,149,0,
0x04e8919234dc08210da32b8e0d633bc09b4fa124d75f45d1e59ba1e35424b4a8,"Ethereum Up or Down - June 24, 7:55PM-8:00PM ET",ETH,2026-06-24T23:55:00+00:00,2026-06-25T00:00:00+00:00,60018093799502344559343943593584836758962292746820552856459922833501232636385,50190766124011454078552224291253467412289386196919010926680560236085865960179,5319.0462,0.0,True,False,closed,2026-06-24T23:50:06.762131+00:00,2026-06-25T00:00:00.760091+00:00,149,0,
0x4765da0064090612244977629de8c3635836bfb2716b97fd9e3dbd3e37082fee,"Solana Up or Down - June 24, 7:55PM-8:00PM ET",SOL,2026-06-24T23:55:00+00:00,2026-06-25T00:00:00+00:00,21512252766277365764079859409247509895897613077371126040910277376356860966949,100890733152978652410309588629406755728571673868738782933686540837022943390624,2288.4011,5.0,True,False,closed,2026-06-24T23:50:06.762131+00:00,2026-06-25T00:00:00.760091+00:00,149,0,
0x6d57cc86eb93439007b168e8820e419b5da26d5df8adbd61e2ff41a9123eb157,"Bitcoin Up or Down - June 24, 8:00PM-8:05PM ET",BTC,2026-06-25T00:00:00+00:00,2026-06-25T00:05:00+00:00,92529374132067792950557034623901668373619972330211608760963256008473051083974,16365519763985682519746416969332938614122996548622712366251241968740122247812,14096.9484,10.05,True,False,closed,2026-06-24T23:55:06.764742+00:00,2026-06-25T00:05:00.760648+00:00,149,0,
0x7f6fe5fe008d8b76f5666b47a1be0c777f8d4409a0a975f3f0e2a35486994c0d,"Ethereum Up or Down - June 24, 8:00PM-8:05PM ET",ETH,2026-06-25T00:00:00+00:00,2026-06-25T00:05:00+00:00,22250156180377689657474542322506360076100607850200506761378867839807990450205,113778532692444882215251746410778908387361579213178075619054436281002816964171,5337.1862,2.0,True,False,closed,2026-06-24T23:55:06.764742+00:00,2026-06-25T00:05:00.760648+00:00,149,0,
0x1dd22693c193d766aa42bfe13acbe36b56b60c46d8b39f9d2869ffdfa3651600,"Solana Up or Down - June 24, 8:00PM-8:05PM ET",SOL,2026-06-25T00:00:00+00:00,2026-06-25T00:05:00+00:00,43990029014967551544189325258464679353110306537083772630794961662086230391441,75865448846662338922486702372335689333816008751957884670930943487712303823065,2197.2816,0.0,True,False,closed,2026-06-24T23:55:06.764742+00:00,2026-06-25T00:05:00.760648+00:00,149,0,
0x86f6a6b13c68a8d1ab9e007b4e6ddc9c08a0500efb82a5d9bb00c970fc46e583,"Bitcoin Up or Down - June 24, 8:05PM-8:10PM ET",BTC,2026-06-25T00:05:00+00:00,2026-06-25T00:10:00+00:00,79199443581663758786432282970700298507327886265580865645606821068371808880474,66809861172933082912258341346825253199411314402346111124947218164454386525908,12200.0712,0.0,True,False,closed,2026-06-25T00:00:06.756460+00:00,2026-06-25T00:10:00.757015+00:00,149,0,
0x9060c3f346c3ba69f93004d9574214547c0aa029e3b844481452d5ad20abcb54,"Ethereum Up or Down - June 24, 8:05PM-8:10PM ET",ETH,2026-06-25T00:05:00+00:00,2026-06-25T00:10:00+00:00,96242072592008253349278188765395321162890936895356205402060598220428603160289,22554904518751942416785908644716408794836845423270772119419285526555146930870,5330.6876,0.0,True,False,closed,2026-06-25T00:00:06.756460+00:00,2026-06-25T00:10:00.757015+00:00,149,0,
0xd65cb4f9d9b3cd9e0726c6723aaedeea6270e2b27f07e8d8d75fb866fc66efda,"Solana Up or Down - June 24, 8:05PM-8:10PM ET",SOL,2026-06-25T00:05:00+00:00,2026-06-25T00:10:00+00:00,36519072808628055700174720422466317243376932897582116668141014132463407868028,42250256724659727795507976592545750056927673798513050857376198378782280252356,2237.672,5.0,True,False,closed,2026-06-25T00:00:06.756460+00:00,2026-06-25T00:10:00.757015+00:00,149,1,
0x408deac6481330e9cd80dcea2de08272324fd0fcbd995ad47d92ec751b46b165,"Bitcoin Up or Down - June 24, 8:10PM-8:15PM ET",BTC,2026-06-25T00:10:00+00:00,2026-06-25T00:15:00+00:00,103117584946729963380830688284482286137201182444634322512328836979426409735833,56417407860866505975756611597823044896165803877698564026697557066267866841258,14079.5402,32.697053,True,False,closed,2026-06-25T00:05:06.756831+00:00,2026-06-25T00:15:00.766562+00:00,149,0,
0xd23430c828edabf221d0b3d2e426c4764b55597772713f791d9027bb03317030,"Ethereum Up or Down - June 24, 8:10PM-8:15PM ET",ETH,2026-06-25T00:10:00+00:00,2026-06-25T00:15:00+00:00,93339018077600588256230533763279416055616706149365111982034821635920132297198,35921049215259858568275537983891710603905774907554198796983076648462652654378,5234.9166,3.0,True,False,closed,2026-06-25T00:05:06.756831+00:00,2026-06-25T00:15:00.766562+00:00,149,0,
0x9414de5037db0b34baf895abb160a04a4c752eb4d12fbc8d0c48dceb1da89202,"Solana Up or Down - June 24, 8:10PM-8:15PM ET",SOL,2026-06-25T00:10:00+00:00,2026-06-25T00:15:00+00:00,80259600897288583661851447363225749425408621756162541703123748506178190291338,61563022414888060365348385889052064408046725394235423726140067242637650188609,2280.8111,5.0,True,False,closed,2026-06-25T00:05:06.756831+00:00,2026-06-25T00:15:00.766562+00:00,149,0,
0xa2fda93cc302f100a790f9314d7c9e553e5bbdcfbb3b0a831d64633b82918cc8,"Bitcoin Up or Down - June 24, 8:15PM-8:20PM ET",BTC,2026-06-25T00:15:00+00:00,2026-06-25T00:20:00+00:00,109141711974369110764966683890837737388959568009536411289097813815691370104239,53813959526646960526414562686317476054063667273120878677927075409403790774614,12672.9007,10.05,True,False,closed,2026-06-25T00:10:06.753344+00:00,2026-06-25T00:20:00.761491+00:00,149,0,
0x32b72237356fe6337df590bb1ec9181b22302bb9f5dea451fc71d080f8ed3bc6,"Ethereum Up or Down - June 24, 8:15PM-8:20PM ET",ETH,2026-06-25T00:15:00+00:00,2026-06-25T00:20:00+00:00,74136291371996728937163902739242396569220054112332302961895110462193376340764,15310152936049692936019799844395914747634557224722807945646245197060322654516,5901.2864,0.0,True,False,closed,2026-06-25T00:10:06.753344+00:00,2026-06-25T00:20:00.761491+00:00,149,0,
0x10da6d769ea8fd604f761c72300e8b9f01575346ce5178500d34a27dbfcf1789,"Solana Up or Down - June 24, 8:15PM-8:20PM ET",SOL,2026-06-25T00:15:00+00:00,2026-06-25T00:20:00+00:00,94956794957349012974481938986761957494741961961176864614857527552618211178020,72728837296075625096383902510723566445964589871140337242830354486340898763939,2288.2711,5.0,True,False,closed,2026-06-25T00:10:06.753344+00:00,2026-06-25T00:20:00.761491+00:00,149,0,
0x84704cb3b476bd52c831d16414c792a8f8f804670241ac7ae09d82cec8d02cd7,"Bitcoin Up or Down - June 24, 8:20PM-8:25PM ET",BTC,2026-06-25T00:20:00+00:00,2026-06-25T00:25:00+00:00,67529112683168424777412432521218097285241330187232850271296518474343688244226,24078080595766314784741316984485076356738042029634063502982927936064648059025,12567.2837,17.010783,True,False,closed,2026-06-25T00:15:06.763875+00:00,2026-06-25T00:25:00.761215+00:00,149,0,
0x21aac1987c620ecc1233720f512195cc415784e7616eecc73997282ab16894ab,"Ethereum Up or Down - June 24, 8:20PM-8:25PM ET",ETH,2026-06-25T00:20:00+00:00,2026-06-25T00:25:00+00:00,67613441811284220639788849198212791705194713746252883756163931117304529723932,106433451332683160524208654844606787080896296287919610402910484487205203162961,5305.8857,5.0,True,False,closed,2026-06-25T00:15:06.763875+00:00,2026-06-25T00:25:00.761215+00:00,149,0,
0xc6d2fd163b13d994d8e125d594b525864c374925721e0c853ca7e34e782eb41e,"Solana Up or Down - June 24, 8:20PM-8:25PM ET",SOL,2026-06-25T00:20:00+00:00,2026-06-25T00:25:00+00:00,74259164726977218157501967815426969152008002083008096578643815826547824399121,57459257391483278034148901293829049976729079618574075913947401926290605317685,2198.1596,5.0,True,False,closed,2026-06-25T00:15:06.763875+00:00,2026-06-25T00:25:00.761215+00:00,149,0,
0xcc3d76b81c1b931f3756c6e66ffd6bcae95945316268079c9943590762a91a0f,"Bitcoin Up or Down - June 24, 8:25PM-8:30PM ET",BTC,2026-06-25T00:25:00+00:00,2026-06-25T00:30:00+00:00,40058586088161470280402780705393426252253728088037019237162974330955300619354,66186679125127168564096781148184065786686613452031781922846232478877907780176,14413.3568,22.010783,True,False,closed,2026-06-25T00:20:06.759096+00:00,2026-06-25T00:30:00.762306+00:00,149,0,
0x26bbffd017be7911ad322b872cebb18d733c3562edf331a632e20ce7217cc114,"Ethereum Up or Down - June 24, 8:25PM-8:30PM ET",ETH,2026-06-25T00:25:00+00:00,2026-06-25T00:30:00+00:00,94448611363130890652864928325015023605211155578055001590032144047987109434277,83097364818104202865254948067118367126482040142926170032643225878425679235759,5314.2884,5.0,True,False,closed,2026-06-25T00:20:06.759096+00:00,2026-06-25T00:30:00.762306+00:00,149,0,
0xa4d59e9f1ed1aad178da143b628143b3d89c644a9b702bc7d206082639e6d822,"Solana Up or Down - June 24, 8:25PM-8:30PM ET",SOL,2026-06-25T00:25:00+00:00,2026-06-25T00:30:00+00:00,22634205348555773764263891056109540051750809877304555673106611042188133269656,73716806453390619553230200288614744593606348931964897076728104314489191404231,2249.1396,5.0,True,False,closed,2026-06-25T00:20:06.759096+00:00,2026-06-25T00:30:00.762306+00:00,149,0,
0x38327f41c3fd302fee3f9830f0e274c7917221cbef54259f5d1c8ba5deb9d0d8,"Bitcoin Up or Down - June 24, 8:30PM-8:35PM ET",BTC,2026-06-25T00:30:00+00:00,2026-06-25T00:35:00+00:00,21875866486151931303034313539722656485942620240515857766464901210615063257978,14511600512771218745302439254450892020795275748490819577194428718115546134071,14751.5992,72.991175,True,False,closed,2026-06-25T00:25:06.757265+00:00,2026-06-25T00:35:00.753352+00:00,149,0,
0xf0d126c3ad3586a2b430e9fbdfbbc0dc6bb717af504541f500019ddaa19b50bb,"Ethereum Up or Down - June 24, 8:30PM-8:35PM ET",ETH,2026-06-25T00:30:00+00:00,2026-06-25T00:35:00+00:00,43773849621365480437120542190657860251063496534527695846085029014904330277419,45883404472589296579187263397247636246347182451515713753415922992953301364377,5775.7857,5.0,True,False,closed,2026-06-25T00:25:06.757265+00:00,2026-06-25T00:35:00.753352+00:00,149,0,
0x602ef2de0546c15e0de1d3f03d69e1af816f2d7cd1e1b961238c8c2333e6fc44,"Solana Up or Down - June 24, 8:30PM-8:35PM ET",SOL,2026-06-25T00:30:00+00:00,2026-06-25T00:35:00+00:00,44009672229128090115561892167400539990073502025362910856039488589636750459424,65030558598058568807019059385684303550560201651770136248979411724188506325594,2240.8683,5.0,True,False,closed,2026-06-25T00:25:06.757265+00:00,2026-06-25T00:35:00.753352+00:00,149,0,
0xb0dbe6cae87f4dca0a3b5ad9901ea9352678cbc6c26183ca5d5c06564bd39f71,"Bitcoin Up or Down - June 24, 8:35PM-8:40PM ET",BTC,2026-06-25T00:35:00+00:00,2026-06-25T00:40:00+00:00,90892420196667665998629901572948606114274711952880003091333161034754933681733,12481435965122367497418255078172895166752327860957182036464482537151448977346,12590.9968,15.05,True,False,closed,2026-06-25T00:30:06.757736+00:00,2026-06-25T00:40:00.763676+00:00,149,0,
0xa05cff8036c459cd240da3035dc85f2becf34afd9015231ad23fef6f39fa51c9,"Ethereum Up or Down - June 24, 8:35PM-8:40PM ET",ETH,2026-06-25T00:35:00+00:00,2026-06-25T00:40:00+00:00,589184239122464808434847643677742417442207724950832290011378763472749011888,103380714356417585639123761024109388403769835608924853476032988503510985130837,5234.1457,5.0,True,False,closed,2026-06-25T00:30:06.757736+00:00,2026-06-25T00:40:00.763676+00:00,149,0,
0x5d2fede4334dc4b84ebde0c505e3684fa807ebe9ae3326959598fd544a37e68d,"Solana Up or Down - June 24, 8:35PM-8:40PM ET",SOL,2026-06-25T00:35:00+00:00,2026-06-25T00:40:00+00:00,69708865266422097743596137442226305589492517037268144004919421174760185158255,42322043510347950101049113706945246648761024019462950302722527004657782919893,2274.8183,0.0,True,False,closed,2026-06-25T00:30:06.757736+00:00,2026-06-25T00:40:00.763676+00:00,149,0,
0xa51506fbe5fd7054ce91fe91ffd0e7e6105813cd262e866178805245b72556d5,"Bitcoin Up or Down - June 24, 8:40PM-8:45PM ET",BTC,2026-06-25T00:40:00+00:00,2026-06-25T00:45:00+00:00,66328146721117172486985443015588037240480998155154939574240990381671191662897,7757302482861577450606583863613492772074688325521230093955125908937183865642,14259.3843,30.05,True,False,closed,2026-06-25T00:35:06.762676+00:00,2026-06-25T00:45:00.766345+00:00,137,0,
0x7a41105e473dd9dd91536ca6c31b46ea3d517752fafe5f31ad5709f719cc8bf0,"Ethereum Up or Down - June 24, 8:40PM-8:45PM ET",ETH,2026-06-25T00:40:00+00:00,2026-06-25T00:45:00+00:00,71001853470665531246915692792318029495281779592256221933416034114829463456196,21125676522525864235294759089465510090483713353818490016719954570589828507257,5334.0884,0.0,True,False,closed,2026-06-25T00:35:06.762676+00:00,2026-06-25T00:45:00.766345+00:00,137,0,
0xfe9ffb69aacde98558ca18d4d51b3c8c8b59c1c4505661e8c4b6e9c85311b7ed,"Solana Up or Down - June 24, 8:40PM-8:45PM ET",SOL,2026-06-25T00:40:00+00:00,2026-06-25T00:45:00+00:00,40624513297930573960866576342044404573839099340243930250551855769183050395647,9536992297697047809283661011568736498157385345441196904226095157415149220630,2214.7888,5.0,True,False,closed,2026-06-25T00:35:06.762676+00:00,2026-06-25T00:45:00.766345+00:00,137,0,
0xe13ca2c3f07a7694376ab3043ae3ffd14a27bc93f563d4879a373b95ab9edd9f,"Bitcoin Up or Down - June 24, 8:45PM-8:50PM ET",BTC,2026-06-25T00:45:00+00:00,2026-06-25T00:50:00+00:00,106585242539312192763624470225945644647160799127001179761516773137068247560006,107838449237051221675325940115155929223902631895123031488886619095984685415323,12621.5523,15.05,True,False,closed,2026-06-25T00:40:06.758804+00:00,2026-06-25T00:50:00.752777+00:00,149,0,
0xf3a0eacab27fc4d58711a88b026bbc30934aca96cdffe97a9a81de7a47106044,"Ethereum Up or Down - June 24, 8:45PM-8:50PM ET",ETH,2026-06-25T00:45:00+00:00,2026-06-25T00:50:00+00:00,28396454144027403230683752722235215209979055064933190382043612371474352025676,98139377913194731602779350059599856519567163335069843370956234272627841633835,5859.7875,0.0,True,False,closed,2026-06-25T00:40:06.758804+00:00,2026-06-25T00:50:00.752777+00:00,149,0,
0x783a727e49b122bf22eb271995012f9c5683bf1b5d17751d8e412487f6e209e1,"Solana Up or Down - June 24, 8:45PM-8:50PM ET",SOL,2026-06-25T00:45:00+00:00,2026-06-25T00:50:00+00:00,28738710160036186747102933525322238177558104787373823724664525351427324062424,43754855456353322977139410919462382577464851048736582365825441040692270025551,2232.608,5.0,True,False,closed,2026-06-25T00:40:06.758804+00:00,2026-06-25T00:50:00.752777+00:00,149,0,
0x0f205ecb59d1ff153103e3ddbf66a2fc7e636e69cb07f1886fbd07cba457886d,"Bitcoin Up or Down - June 24, 8:50PM-8:55PM ET",BTC,2026-06-25T00:50:00+00:00,2026-06-25T00:55:00+00:00,53368541100576158038012965113011223865855456948678786410483794182381960058492,115241966078163341108237778076649776076329856609507241049255674613247097813434,14371.7968,23.921567,True,False,closed,2026-06-25T00:45:06.761527+00:00,2026-06-25T00:55:00.757587+00:00,149,0,
0x0f86316f17b44856a72dfc07b3774ca8fe3ab34cd30a1faa2f3aea3c9225d76d,"Ethereum Up or Down - June 24, 8:50PM-8:55PM ET",ETH,2026-06-25T00:50:00+00:00,2026-06-25T00:55:00+00:00,39643276716353465453727232706853787613338191139951172784346976056670820821279,36877332504875264007356464971069827774440667722480850511701720592994355165044,5307.7271,0.0,True,False,closed,2026-06-25T00:45:06.761527+00:00,2026-06-25T00:55:00.757587+00:00,149,0,
0x6a6ca9f62ed95470c98b0f4ba44558d56569e198aa0bbd5a604bffa635b818c2,"Solana Up or Down - June 24, 8:50PM-8:55PM ET",SOL,2026-06-25T00:50:00+00:00,2026-06-25T00:55:00+00:00,55294825203905367352009704220564767689169104255884039971121279977640671405718,104706608033062336080622231154141899509569910560356015747306370794839770246137,2221.2667,0.0,True,False,closed,2026-06-25T00:45:06.761527+00:00,2026-06-25T00:55:00.757587+00:00,149,0,
0xf151a92aaeaae40bd53931143736bc001744b94952dc40d9c012c04650db78c9,"Bitcoin Up or Down - June 24, 8:55PM-9:00PM ET",BTC,2026-06-25T00:55:00+00:00,2026-06-25T01:00:00+00:00,21617854777201017187421748995339877112254155344492700883645562746034931568856,99727013399328452377136803762326312173524616073614000085612994196038239959500,14189.1906,72.0,True,False,closed,2026-06-25T00:50:06.765699+00:00,2026-06-25T01:00:00.757307+00:00,149,0,
0x3f6bd274c5d2ca61b09cfa1e4bfe969d4eea4c8032e50107defb924d0c4371a1,"Ethereum Up or Down - June 24, 8:55PM-9:00PM ET",ETH,2026-06-25T00:55:00+00:00,2026-06-25T01:00:00+00:00,53337713877299620357051229690436381580159190935824659355855836750683029747196,43022529026390640932493247743889762532451281195166766733751970792313159830552,5270.9284,0.0,True,False,closed,2026-06-25T00:50:06.765699+00:00,2026-06-25T01:00:00.757307+00:00,149,0,
0x3e4513373dc2293d95cd27bbc4fcf8126e2c03f18dc2e3aedcb7cde97d6cd8e0,"Solana Up or Down - June 24, 8:55PM-9:00PM ET",SOL,2026-06-25T00:55:00+00:00,2026-06-25T01:00:00+00:00,85299870151889991752164715286373840277747110575784844709200280842986149779040,22887752114768863127686947995371012300855212397786414282469619272296113945071,2292.3411,0.0,True,False,closed,2026-06-25T00:50:06.765699+00:00,2026-06-25T01:00:00.757307+00:00,149,0,
0xc373ad2d24226e31d57bd06e35b466e10b0af5b88b2756156542da9d1ee371e1,"Bitcoin Up or Down - June 24, 9:00PM-9:05PM ET",BTC,2026-06-25T01:00:00+00:00,2026-06-25T01:05:00+00:00,13370476660013745603674862288564788809828930021635322445369932048271575426412,12508305499135365920894119287202919369721004226865024243117322532402761991401,14903.2908,44.010783,True,False,closed,2026-06-25T00:55:06.754021+00:00,2026-06-25T01:05:00.767296+00:00,149,0,
0x1510feaae914ed10d697e7f39a9972865a7abca75dbefc472a1ea54fab365cab,"Ethereum Up or Down - June 24, 9:00PM-9:05PM ET",ETH,2026-06-25T01:00:00+00:00,2026-06-25T01:05:00+00:00,61364594670175502991656785356528875194125709659513672963444436948417277498976,64118989598259694708321087961740933697056721786045556687120714839000081916354,5764.9264,1.960783,True,False,closed,2026-06-25T00:55:06.754021+00:00,2026-06-25T01:05:00.767296+00:00,149,0,
0xef5dc0c64f3a47c099428f17c962ff8bd9c2d215b702f08ca039c4fcc00e7d6f,"Solana Up or Down - June 24, 9:00PM-9:05PM ET",SOL,2026-06-25T01:00:00+00:00,2026-06-25T01:05:00+00:00,31748030969789436556464986160323126851890949306416704371381778381931245184670,39982569401947088743857310488445122914856180273348401355771877843125230886059,2246.7445,2.0,True,False,closed,2026-06-25T00:55:06.754021+00:00,2026-06-25T01:05:00.767296+00:00,149,0,
0x30d863296b5a0384d4115efc228c278b82bd45100397f86dfe57de4befe4a40b,"Bitcoin Up or Down - June 24, 9:05PM-9:10PM ET",BTC,2026-06-25T01:05:00+00:00,2026-06-25T01:10:00+00:00,15757642665461162382504589876943168170959708434495666634812513079218546015627,80205495802691337667803227838832558597684455509699374336124994352660630012824,14424.1456,40.73313399999999,True,False,closed,2026-06-25T01:00:06.752976+00:00,2026-06-25T01:10:00.761457+00:00,149,0,
0xa1d8b10b2d4c1a6d2053a98d88000ffedb97056836a4cca118ff785b336d5889,"Ethereum Up or Down - June 24, 9:05PM-9:10PM ET",ETH,2026-06-25T01:05:00+00:00,2026-06-25T01:10:00+00:00,460330697571510847179911772737272620197401578426235291709998920515787277297,104286854342788855039668100480726523379053405359230988832909403424846335314428,5298.5976,0.0,True,False,closed,2026-06-25T01:00:06.752976+00:00,2026-06-25T01:10:00.761457+00:00,149,0,
0x51519aa0f894b997f977ebcaa8018c2afdf8e808f0397f7891d550cf70e8f8b6,"Solana Up or Down - June 24, 9:05PM-9:10PM ET",SOL,2026-06-25T01:05:00+00:00,2026-06-25T01:10:00+00:00,45384708045129365053210662749713888351535337281855832407223388550611256858589,63077948422345899929267648638362254940209790071934683707340400278326252881628,2209.7045,3.0,True,False,closed,2026-06-25T01:00:06.752976+00:00,2026-06-25T01:10:00.761457+00:00,149,0,
0x1b39b1585942bc1c2f54cf9115f4729801dfa8bae61845c53f31e37b21671e09,"Bitcoin Up or Down - June 24, 9:10PM-9:15PM ET",BTC,2026-06-25T01:10:00+00:00,2026-06-25T01:15:00+00:00,111851910646426330393217570219878458679852616230353532032103616696347358425748,32447544284803932234914415116233372128791435459933908158798503704136715266604,13892.6606,35.0,True,False,closed,2026-06-25T01:05:06.766275+00:00,2026-06-25T01:15:00.756190+00:00,149,0,
0x3d4fd96e4305317c7dc3a89334979e855d83a64db2a668e93451b1216088b7f4,"Ethereum Up or Down - June 24, 9:10PM-9:15PM ET",ETH,2026-06-25T01:10:00+00:00,2026-06-25T01:15:00+00:00,87354079143717270549480450290111732945000396570680113624248176191675123984139,42081146945296314915903621267924249638276346609464770369678471319656597563180,5051.5976,0.0,True,False,closed,2026-06-25T01:05:06.766275+00:00,2026-06-25T01:15:00.756190+00:00,149,0,
0x64b99b81e5eae3ba77b1ff8ddad785bbd2b9b86afc5c67ccb16cddf0b94243cc,"Solana Up or Down - June 24, 9:10PM-9:15PM ET",SOL,2026-06-25T01:10:00+00:00,2026-06-25T01:15:00+00:00,92646022062875762898742597000901539085335157512827124385038024409542423101654,126612561188602736370765132503693336198549061145016354173039898627766149157,2252.1045,6.0,True,False,closed,2026-06-25T01:05:06.766275+00:00,2026-06-25T01:15:00.756190+00:00,149,0,
0x1c574df8b3b4525e705dc24158def1ea7a8c77b8654f90e5c117f62e8e91ae7c,"Bitcoin Up or Down - June 24, 9:15PM-9:20PM ET",BTC,2026-06-25T01:15:00+00:00,2026-06-25T01:20:00+00:00,23932301826833313121356677241029639720390843014818040377140982293001846050851,75110247670386180043922727428376373117530229235208576860952553971829454718875,12683.3285,37.05,True,False,closed,2026-06-25T01:10:06.757858+00:00,2026-06-25T01:20:00.767740+00:00,149,0,
0x9d66031ce8a6a874071ef8cea40832412d6a07d2cae20d4df4c77733e35cdecd,"Ethereum Up or Down - June 24, 9:15PM-9:20PM ET",ETH,2026-06-25T01:15:00+00:00,2026-06-25T01:20:00+00:00,98446686188780124964611749434915175293224038108740302397955446164095986997067,16067613770098028725951860395859657141297916670043823750617497915552604980227,5563.4635,0.0,True,False,closed,2026-06-25T01:10:06.757858+00:00,2026-06-25T01:20:00.767740+00:00,149,0,
0xe9bea170c80111bdd7d9a704e84a8e5604c69766e3b0ac6fbf92882640d04ec0,"Solana Up or Down - June 24, 9:15PM-9:20PM ET",SOL,2026-06-25T01:15:00+00:00,2026-06-25T01:20:00+00:00,97650532724910892358744038089050840996685640155186957198331696006205147941605,98905374760379112079639244545112921478080722266131103313541925457409170474781,2311.7065,0.0,True,False,closed,2026-06-25T01:10:06.757858+00:00,2026-06-25T01:20:00.767740+00:00,149,0,
0x7cab51ba4ac1ac251bd99bb87c262fbc5dd4881e733826cc72d3ab65d3a42a24,"Bitcoin Up or Down - June 24, 9:20PM-9:25PM ET",BTC,2026-06-25T01:20:00+00:00,2026-06-25T01:25:00+00:00,107377569838275961948978897978503425690660617411473428152390189898744108104838,15454335743978019951458350159533070364460746784800986253373230642426042833469,12649.318,35.960781999999995,True,False,closed,2026-06-25T01:15:06.767690+00:00,2026-06-25T01:25:00.761998+00:00,149,0,
0xcb7afa6acd6e7d79c61631caeb5c053febd774f21e4e928106e0ec516c367aa6,"Ethereum Up or Down - June 24, 9:20PM-9:25PM ET",ETH,2026-06-25T01:20:00+00:00,2026-06-25T01:25:00+00:00,88487472216804517382251034481071902340519175341764526188349914642357541541297,31559378563602088498144925136716513246993802566742902431575725561245582912113,5064.0925,0.0,True,False,closed,2026-06-25T01:15:06.767690+00:00,2026-06-25T01:25:00.761998+00:00,149,0,
0xe51ff7369845492d0cc717d2e36e9e4177778225ec2818894ca7013cc770178a,"Solana Up or Down - June 24, 9:20PM-9:25PM ET",SOL,2026-06-25T01:20:00+00:00,2026-06-25T01:25:00+00:00,75437124713450262330915098634226672021335211305400798896720135049847995266386,99813677722226227681166046052209698202913407826146038713274562051124611356440,2280.367,0.0,True,False,closed,2026-06-25T01:15:06.767690+00:00,2026-06-25T01:25:00.761998+00:00,149,0,
0x40b04002a64e7ff0caa2630c0daf74240943f5052c1c42bad5ceb4f99f0c78a6,"Bitcoin Up or Down - June 24, 9:25PM-9:30PM ET",BTC,2026-06-25T01:25:00+00:00,2026-06-25T01:30:00+00:00,36469407719780175544015776224970405770219396233486306234949801524786728266455,29330516319639422446288023219003221710188966225797273041735128551770190340703,12649.7824,41.030390999999995,True,False,closed,2026-06-25T01:20:06.764174+00:00,2026-06-25T01:30:00.765134+00:00,143,0,
0xb7afe73b63919991795a30d96aad26a47d6c0fc820d0420caa084cbc06fe89e2,"Ethereum Up or Down - June 24, 9:25PM-9:30PM ET",ETH,2026-06-25T01:25:00+00:00,2026-06-25T01:30:00+00:00,85361743726739018359017525527227930046544555689168278362973211170076881220642,19125559847280880219848911008081775158530487158168553691575954659183646721933,5091.6484,0.0,True,False,closed,2026-06-25T01:20:06.764174+00:00,2026-06-25T01:30:00.765134+00:00,143,0,
0x7cd312d54c850c8d7e97e5f8509a9c25a8309ab705a47412b89083c1f46456d1,"Solana Up or Down - June 24, 9:25PM-9:30PM ET",SOL,2026-06-25T01:25:00+00:00,2026-06-25T01:30:00+00:00,68893259539103498693910459470673486458236591040861754776966497881686302105490,55784735260825077600211502212340362883820215510263116212904080009137575802265,2310.1166,0.0,True,False,closed,2026-06-25T01:20:06.764174+00:00,2026-06-25T01:30:00.765134+00:00,143,0,
0x2a75508208d5c62955e2e7fd1718ae7f4838b32b4642f5aee06396db17b1b513,"Bitcoin Up or Down - June 24, 9:30PM-9:35PM ET",BTC,2026-06-25T01:30:00+00:00,2026-06-25T01:35:00+00:00,70806657017103122056209036595404088820117958637018519436576352322328683245084,95396570405696399104603607314402068766754534559272096790232632833063378771908,12657.093,32.05,True,False,closed,2026-06-25T01:25:06.757379+00:00,2026-06-25T01:35:00.762920+00:00,149,0,
0x777f4793b7917921be1ede3a82264858387e7d3fe6a99501d4481275e6df5cf0,"Ethereum Up or Down - June 24, 9:30PM-9:35PM ET",ETH,2026-06-25T01:30:00+00:00,2026-06-25T01:35:00+00:00,71521198913291600000906330618160029671058196229065950130457613217067351872,54847925147140091029244060363606946985172900827990390476035128005066492728379,5548.0882,0.0,True,False,closed,2026-06-25T01:25:06.757379+00:00,2026-06-25T01:35:00.762920+00:00,149,0,
0x602fc81588371c6300c338fa57aa8d2bfae4a81766a0425d3f53e28137ccdeec,"Solana Up or Down - June 24, 9:30PM-9:35PM ET",SOL,2026-06-25T01:30:00+00:00,2026-06-25T01:35:00+00:00,30703497321332681983272991426681196551990476222245377750083145409624915311628,44597669243425783807015087122055868651250649748067487015334362679565426997476,2285.2661,0.0,True,False,closed,2026-06-25T01:25:06.757379+00:00,2026-06-25T01:35:00.762920+00:00,149,0,
0xcb3c68ab5ea1c327797f65b5e8fb140fee77d5e135b9adb8644dbd36ed205192,"Bitcoin Up or Down - June 24, 9:35PM-9:40PM ET",BTC,2026-06-25T01:35:00+00:00,2026-06-25T01:40:00+00:00,89135634326552733443404854630735788730493221772733416710234678717081000819385,88671260966210480605725355436903296742635156154022586926544471347089158380135,12609.2739,112.05,True,False,closed,2026-06-25T01:30:06.761164+00:00,2026-06-25T01:40:00.753794+00:00,149,0,
0xb63e499c56dd21c65080647333f337ad2a2432a2ca22f7798cd2c2633a5fe28a,"Ethereum Up or Down - June 24, 9:35PM-9:40PM ET",ETH,2026-06-25T01:35:00+00:00,2026-06-25T01:40:00+00:00,81031977728276046482741380548036538350021569968076275514230419877793181543799,23514502033221764916220382084417735922118935711111165260923101842631905955065,5096.3979,0.0,True,False,closed,2026-06-25T01:30:06.761164+00:00,2026-06-25T01:40:00.753794+00:00,149,0,
0x9a71906de144446f32df2550bdf48dd001a635063f7f6e9e906dcfc6c418891b,"Solana Up or Down - June 24, 9:35PM-9:40PM ET",SOL,2026-06-25T01:35:00+00:00,2026-06-25T01:40:00+00:00,59128659514892422623678228842571000015898016430325576045052300821266620237614,57022532008749885122536241016169029997432839758734381671366513450381631770373,2314.9664,0.0,True,False,closed,2026-06-25T01:30:06.761164+00:00,2026-06-25T01:40:00.753794+00:00,149,0,
0x7cc1b144f529d10827aa740c443ca25032bef221aa2672e52ffe6a829fd8b36b,"Bitcoin Up or Down - June 24, 9:40PM-9:45PM ET",BTC,2026-06-25T01:40:00+00:00,2026-06-25T01:45:00+00:00,111535640614951426569718247142467819289925514983824717289832177876710339715908,20989328846239638932826112618863821641897268737099810719044101748402895177937,12561.7953,54.05,True,False,closed,2026-06-25T01:35:06.760997+00:00,2026-06-25T01:45:00.764867+00:00,149,0,
0x47d6257b3f7546cac9b4477be25a89e14e29610800529f68e43857aa42cc424b,"Ethereum Up or Down - June 24, 9:40PM-9:45PM ET",ETH,2026-06-25T01:40:00+00:00,2026-06-25T01:45:00+00:00,42143297930061589712252508055167125328478542399342360551308582000255216453770,38024257446606704764332055627789383500071184930276114194855899317072952790596,5008.0984,0.0,True,False,closed,2026-06-25T01:35:06.760997+00:00,2026-06-25T01:45:00.764867+00:00,149,0,
0x2b70df650ffeda9ffa1deb893153c1e757ac45a4faf8f7c2d8b5e7f7718740d9,"Solana Up or Down - June 24, 9:40PM-9:45PM ET",SOL,2026-06-25T01:40:00+00:00,2026-06-25T01:45:00+00:00,73923769205293396735369054780388434941734498628345376004484370753287310948714,10557992971306579446632760161606913994834757288652582031251835245944320758703,2233.4666,0.0,True,False,closed,2026-06-25T01:35:06.760997+00:00,2026-06-25T01:45:00.764867+00:00,149,0,
0xf36cfe24e6c6f508f5e6f1de2716e85de23f20f8678bd5397497d1fad6890251,"Bitcoin Up or Down - June 24, 9:45PM-9:50PM ET",BTC,2026-06-25T01:45:00+00:00,2026-06-25T01:50:00+00:00,33176339465888342183167374238725581118693300521246907251584840364491391621507,16786038708717977876364519458729219456069726323894598715826827111962381252737,14371.1355,91.951958,True,False,closed,2026-06-25T01:40:06.766102+00:00,2026-06-25T01:50:00.759332+00:00,149,0,
0x32fa05ad523a53cbddd088cef42d3af217000a9c6dd396b669299bc918183c3f,"Ethereum Up or Down - June 24, 9:45PM-9:50PM ET",ETH,2026-06-25T01:45:00+00:00,2026-06-25T01:50:00+00:00,19212634140643719661861544317296365037680842390798037972487693891074254786392,87764913807482618029440031230668065046771307006730282618609259661643876676483,5563.0975,0.0,True,False,closed,2026-06-25T01:40:06.766102+00:00,2026-06-25T01:50:00.759332+00:00,149,0,
0x6e26fa78a9bc5aaa51b47dc577d82976084cd2afde0e57dca5212688fbb13d71,"Solana Up or Down - June 24, 9:45PM-9:50PM ET",SOL,2026-06-25T01:45:00+00:00,2026-06-25T01:50:00+00:00,41089493993595484442959554523283121626796175536670668383472446541331078569835,47657229282534509520759535012342621029745468748724464801633176590292111657909,2302.0665,0.0,True,False,closed,2026-06-25T01:40:06.766102+00:00,2026-06-25T01:50:00.759332+00:00,149,0,
0xef5b30c0fa36baf2986394bda7a5b58bf3ca8a37f6b5af75b7afc5f7c503fa43,"Bitcoin Up or Down - June 24, 9:50PM-9:55PM ET",BTC,2026-06-25T01:50:00+00:00,2026-06-25T01:55:00+00:00,95909222193161272189523942802724294344731283967369629037842138433370432429227,112652342202877550054495408790035977279388604789827515770352652691319933213384,13931.387,70.693918,True,False,closed,2026-06-25T01:45:06.764539+00:00,2026-06-25T01:55:00.760321+00:00,149,0,
0x47e352dde1436cd3e7c56494e85250bb5dbc00ae266fe9dc3ebe9a0704f6e381,"Ethereum Up or Down - June 24, 9:50PM-9:55PM ET",ETH,2026-06-25T01:50:00+00:00,2026-06-25T01:55:00+00:00,40014952749995185243767515995671179805765961836279370696781204416103470991956,54874784903222590391351631997856809356448079691052232541594770016986874561439,5032.598,0.0,True,False,closed,2026-06-25T01:45:06.764539+00:00,2026-06-25T01:55:00.760321+00:00,149,0,
0xa39938a9e86e20e75d88cb5b8fa764a2e63d42b77b932da05357ea3b43bf4d67,"Solana Up or Down - June 24, 9:50PM-9:55PM ET",SOL,2026-06-25T01:50:00+00:00,2026-06-25T01:55:00+00:00,27111602017737874858909716808045621592660478050994109871084486498059280640625,89926289076436414182361352366379349009703385790617106413906883890766999503388,2321.6565,5.0,True,False,closed,2026-06-25T01:45:06.764539+00:00,2026-06-25T01:55:00.760321+00:00,149,0,
0x4e516f8cee77595c17c4edafd2073f2a70e1caee25a4f59a28a6c9e13c7bee0f,"Bitcoin Up or Down - June 24, 9:55PM-10:00PM ET",BTC,2026-06-25T01:55:00+00:00,2026-06-25T02:00:00+00:00,28904112934250392265288978564042051030349879776991783062415941388715850967920,24795634158732128234729471684277865735461512109637145980497679335929219369951,12496.4845,37.849999999999994,True,False,closed,2026-06-25T01:50:06.754956+00:00,2026-06-25T02:00:00.765854+00:00,149,0,
0x40520821b48700e081a5306bb7ba74d13746a95c1876cd80ea3a39bb0c059803,"Ethereum Up or Down - June 24, 9:55PM-10:00PM ET",ETH,2026-06-25T01:55:00+00:00,2026-06-25T02:00:00+00:00,44918358657099555149979546920163403170117476126276161702348051603371990273368,22899062129116223793198798962943749798760047033493382566304971187531127695385,5084.2975,0.0,True,False,closed,2026-06-25T01:50:06.754956+00:00,2026-06-25T02:00:00.765854+00:00,149,0,
0x0254a182306188d76716e45a961ecc941ac1383137af4c9deff9d03e4774a66a,"Solana Up or Down - June 24, 9:55PM-10:00PM ET",SOL,2026-06-25T01:55:00+00:00,2026-06-25T02:00:00+00:00,92128129026423595700605409681015950615286119270368236622079659024044056271194,74099662613077882438683730885401271604965622863651116333254297071897429387403,2316.5661,0.0,True,False,closed,2026-06-25T01:50:06.754956+00:00,2026-06-25T02:00:00.765854+00:00,149,0,
0x8df957a997e0da7c68c2fc7f40b1234ab69d1be18bba3a8aacff530066f2ae62,"Bitcoin Up or Down - June 24, 10:00PM-10:05PM ET",BTC,2026-06-25T02:00:00+00:00,2026-06-25T02:05:00+00:00,104840357138161646500960144428641852473441754633549650432360621210973448049158,21773346855031397695429513379546531386919006608890698954568638710907652725221,14268.2037,32.05,True,False,closed,2026-06-25T01:55:06.755235+00:00,2026-06-25T02:05:00.767492+00:00,149,0,
0xb85608b83656f36b7809ee6823aff53b53a1fc42e29427e5f6213f1ecb76dbad,"Ethereum Up or Down - June 24, 10:00PM-10:05PM ET",ETH,2026-06-25T02:00:00+00:00,2026-06-25T02:05:00+00:00,82379189334309402584475673833782307429004786504072306069315090995421184941000,46303631247943938830384968913623462452571789209962192385684418986605439974052,5107.6553,0.0,True,False,closed,2026-06-25T01:55:06.755235+00:00,2026-06-25T02:05:00.767492+00:00,149,0,
0x4414d52276a6d632dd0175e83f34a7f6363e5fd4d7789d1a35cdcea57dfe023b,"Solana Up or Down - June 24, 10:00PM-10:05PM ET",SOL,2026-06-25T02:00:00+00:00,2026-06-25T02:05:00+00:00,27698188431108642099661770360183449484767370706142863606277771552592180012998,87171994937046708310038719413573116131977913806215500864543159093438414435916,1853.2461,5.0,True,False,closed,2026-06-25T01:55:06.755235+00:00,2026-06-25T02:05:00.767492+00:00,149,0,
0xf2f3660b845fdaa1684cf428f65734c2e1f70de5051072cdd2ae33ead2116822,"Bitcoin Up or Down - June 24, 10:05PM-10:10PM ET",BTC,2026-06-25T02:05:00+00:00,2026-06-25T02:10:00+00:00,16700081239239525450784862900551667728506090118734214239948034494745056401836,63817384174403643931859622063165431434264604454471902822999583444614527108496,13791.736,71.265685,True,False,closed,2026-06-25T02:00:06.763643+00:00,2026-06-25T02:10:00.753262+00:00,149,0,
0xc7918bcc162ca61a6a5ba2dad0b9644e9228c82e9a8f477944a29b3f49fb89da,"Ethereum Up or Down - June 24, 10:05PM-10:10PM ET",ETH,2026-06-25T02:05:00+00:00,2026-06-25T02:10:00+00:00,31813288332575444394228193016002578374306317450199234316749122084093852738567,11415890432807357778226704545285344342288842838013887472988225560773637086791,5102.7429,0.0,True,False,closed,2026-06-25T02:00:06.763643+00:00,2026-06-25T02:10:00.753262+00:00,149,0,
0x7045cef067e832c226fd159eaa3e65b98426f4af6f1dcf118a4f049551584e24,"Solana Up or Down - June 24, 10:05PM-10:10PM ET",SOL,2026-06-25T02:05:00+00:00,2026-06-25T02:10:00+00:00,2888475603914434568742954627648827343602928776014163838660752959145698826337,36325937008285893959514988380914063128696949382681416692820548763475502406638,2287.7065,5.0,True,False,closed,2026-06-25T02:00:06.763643+00:00,2026-06-25T02:10:00.753262+00:00,149,0,
0x09bd3593d6bf0ad7b64090ad5282d45537f29d6b360f0be1043d54231315393a,"Bitcoin Up or Down - June 24, 10:10PM-10:15PM ET",BTC,2026-06-25T02:10:00+00:00,2026-06-25T02:15:00+00:00,126527303587874615493425193592244755940969932424742454354001834554760789065,112404668563825743112700321321436586013725618190863936550096372199789509282009,13376.7101,142.05,True,False,closed,2026-06-25T02:05:06.762765+00:00,2026-06-25T02:15:00.756121+00:00,149,0,
0xe4ce0c5a492b61afdf1b9caa4a469d5e7fec014a0893a64a3c6c7f57c77c2274,"Ethereum Up or Down - June 24, 10:10PM-10:15PM ET",ETH,2026-06-25T02:10:00+00:00,2026-06-25T02:15:00+00:00,6350309956115355340509665483429646262480781446632779521115603920628215857559,92856437426167336351287677731852563522989117296804881299264080934464205960579,5033.3958,0.0,True,False,closed,2026-06-25T02:05:06.762765+00:00,2026-06-25T02:15:00.756121+00:00,149,0,
0xf77fc2805d8e111e47a5f976b90b5e9ca8a28c7cdaf2a2457df2aaaf72d9999d,"Solana Up or Down - June 24, 10:10PM-10:15PM ET",SOL,2026-06-25T02:10:00+00:00,2026-06-25T02:15:00+00:00,97734125935195036087105580829652500627970323270435105020067469352374145435071,28075387463939587248085274940071414084182251362546678267367820292466658718207,2250.8861,5.0,True,False,closed,2026-06-25T02:05:06.762765+00:00,2026-06-25T02:15:00.756121+00:00,149,0,
0x81c7772275f9d4a580dcce5f92bb8568c3d107fcc8349ec216763d8058fcafdd,"Bitcoin Up or Down - June 24, 10:15PM-10:20PM ET",BTC,2026-06-25T02:15:00+00:00,2026-06-25T02:20:00+00:00,906254916678737892551332902213884302339462756424595543691644213635128866026,30093796968836897502772103821010535134868757408106932582793032400223040527664,14252.0325,32.05,True,False,closed,2026-06-25T02:10:06.762958+00:00,2026-06-25T02:20:00.763177+00:00,149,0,
0x51463f8a43e604f946123c3b798ac4ac94e556cf126f04da2f138e9646c50aa4,"Ethereum Up or Down - June 24, 10:15PM-10:20PM ET",ETH,2026-06-25T02:15:00+00:00,2026-06-25T02:20:00+00:00,60437853797875836531725734570656775692891399875255545842441504904793400156448,25978471286416513275900921968085586311158996735808846086822960027727845405810,5144.8553,0.0,True,False,closed,2026-06-25T02:10:06.762958+00:00,2026-06-25T02:20:00.763177+00:00,149,0,
0x2add25d895e9e4d41ee717fa8736a1aa0d4c9b4f939b79cf5c539a4d54208b9e,"Solana Up or Down - June 24, 10:15PM-10:20PM ET",SOL,2026-06-25T02:15:00+00:00,2026-06-25T02:20:00+00:00,108832839291487283128683724164266885326834664266820804453228893530286955599624,108842866216248871172775525235667583651192231389569901940208268575056192603867,2211.6861,5.0,True,False,closed,2026-06-25T02:10:06.762958+00:00,2026-06-25T02:20:00.763177+00:00,149,0,
0x108290dfe49a4f8fedf11463c34e90c82c576f1407f43e3346160826f0fe14cd,"Bitcoin Up or Down - June 24, 10:20PM-10:25PM ET",BTC,2026-06-25T02:20:00+00:00,2026-06-25T02:25:00+00:00,72390803613200467905789035843495219805635358298761651412228153393608294946574,2794473360256423548340457749449279305877854768220769707098938670060994796597,13609.2918,42.05,True,False,closed,2026-06-25T02:15:06.753254+00:00,2026-06-25T02:25:00.762661+00:00,149,0,
0xfdc46fc0e9293d135cd1cd7a39a86bb9041381bd3b1d95e71443ab911a8d78b4,"Ethereum Up or Down - June 24, 10:20PM-10:25PM ET",ETH,2026-06-25T02:20:00+00:00,2026-06-25T02:25:00+00:00,97239109125811717350124698546053981494714013397484536817368991343281171157651,7048842990034772792903239812628599806381798607474047914266565255412420617309,5104.1557,0.0,True,False,closed,2026-06-25T02:15:06.753254+00:00,2026-06-25T02:25:00.762661+00:00,149,0,
0xf7c2f04e3b2ffd2947d7538a6c15979f5ef53065432e700f69bbd3efec2628a9,"Solana Up or Down - June 24, 10:20PM-10:25PM ET",SOL,2026-06-25T02:20:00+00:00,2026-06-25T02:25:00+00:00,10088091850500090866650011149491177277240938255690901240245840794111654244900,61586434552830277943330039991628849785710355565579530339730640799605783439570,2255.5058,5.0,True,False,closed,2026-06-25T02:15:06.753254+00:00,2026-06-25T02:25:00.762661+00:00,149,0,
0x187b629742cf7e05601b9339a1923e3c5d1184af0ee3bd565d347df556084ba9,"Bitcoin Up or Down - June 24, 10:25PM-10:30PM ET",BTC,2026-06-25T02:25:00+00:00,2026-06-25T02:30:00+00:00,34546281911676646518022166178571366112109497169653783856837069524870801830025,66133938879048443686120895385987499692576374818753718678533103336450043436089,13676.1362,103.52058699999999,True,False,closed,2026-06-25T02:20:06.759304+00:00,2026-06-25T02:30:00.758901+00:00,149,0,
0xe4c08f3b6a5fe8c4ed6ce2045e351e956bf5cde7094fb65b985167aa2293a1b8,"Ethereum Up or Down - June 24, 10:25PM-10:30PM ET",ETH,2026-06-25T02:25:00+00:00,2026-06-25T02:30:00+00:00,57918476943219038683268360262980217260626682470976441307388127713140863632628,52250523575346249041917352556145442059239464246133186944695097262279761460435,5093.8976,0.0,True,False,closed,2026-06-25T02:20:06.759304+00:00,2026-06-25T02:30:00.758901+00:00,149,0,
0x0c0debc80424856bed86e318135f4748ea84cc0912e4b5318533f83e3339b317,"Solana Up or Down - June 24, 10:25PM-10:30PM ET",SOL,2026-06-25T02:25:00+00:00,2026-06-25T02:30:00+00:00,11330908030732032229574762347580879938572500941621715143809040091172827525848,97710041804702681857884013127262571103365627680580938597164318225903221005901,2276.4074,0.0,True,False,closed,2026-06-25T02:20:06.759304+00:00,2026-06-25T02:30:00.758901+00:00,149,0,
0xce0f211fd6096867f00bc921cafcc5e3deb2ad6d20da0d5df27550e19b5136c0,"Bitcoin Up or Down - June 24, 10:30PM-10:35PM ET",BTC,2026-06-25T02:30:00+00:00,2026-06-25T02:35:00+00:00,108244323461488470457395146424440177088500270097437359017873588120849706862431,37229153226578313155022762828517701428293438616376241188458413922850639347591,14124.5639,27.05,True,False,closed,2026-06-25T02:25:06.756917+00:00,2026-06-25T02:35:00.755587+00:00,149,0,
0xd0cfdc893608383ce9ad1bd1d1c9832c559ba39c069a5594ce0cfec9436ed2af,"Ethereum Up or Down - June 24, 10:30PM-10:35PM ET",ETH,2026-06-25T02:30:00+00:00,2026-06-25T02:35:00+00:00,59539554387554624440786352949422092428301562410307574116954847598928364000959,72021626660667508774164070232122679433905894443731684486680180592570665237624,5531.0962,0.0,True,False,closed,2026-06-25T02:25:06.756917+00:00,2026-06-25T02:35:00.755587+00:00,149,0,
0xa8995e841b7b7129f704355cd693f093bf35c51269264a78c39829a5ec816b76,"Solana Up or Down - June 24, 10:30PM-10:35PM ET",SOL,2026-06-25T02:30:00+00:00,2026-06-25T02:35:00+00:00,50312627716597594301343485474815451440719131706435608851756762745405266508914,66385096627305308177821941153673234924354209174457566094044872753513887313052,2284.707,0.0,True,False,closed,2026-06-25T02:25:06.756917+00:00,2026-06-25T02:35:00.755587+00:00,149,0,
0x5306194ea21adac782714d10fa7cfc05862da1620e80ac79965cf2572c52ad6c,"Bitcoin Up or Down - June 24, 10:35PM-10:40PM ET",BTC,2026-06-25T02:35:00+00:00,2026-06-25T02:40:00+00:00,22439991910770337273312078126399965176610219094251464957046133767538188969134,40454141950572284253842298419598610407890891856900993897794557331017741872478,13780.7945,239.58,True,False,closed,2026-06-25T02:30:12.761122+00:00,2026-06-25T02:40:00.754337+00:00,149,0,
0xb666ce69a2782beaed1cdb9802393ea46176ac6fcaca99f46af2c92a7dd6aebb,"Ethereum Up or Down - June 24, 10:35PM-10:40PM ET",ETH,2026-06-25T02:35:00+00:00,2026-06-25T02:40:00+00:00,32360253000476438110403963400895945729204452203697392435840984847792581843383,45287655864351247370316985338052292590482828298411970933071846885496269741522,5083.6386,5.0,True,False,closed,2026-06-25T02:30:12.761122+00:00,2026-06-25T02:40:00.754337+00:00,149,0,
0xedc63935350afe3f18cb14f3cea2afdd4026112d8ad53061ff4150ace9325d3d,"Solana Up or Down - June 24, 10:35PM-10:40PM ET",SOL,2026-06-25T02:35:00+00:00,2026-06-25T02:40:00+00:00,78738548249469032142497685194552783951077647419654433393799464931299617021333,22729339507789856332143277926086808619120052173390139905229832874932126332432,2273.5065,0.0,True,False,closed,2026-06-25T02:30:12.761122+00:00,2026-06-25T02:40:00.754337+00:00,149,0,
0x546daa7b6ec15b04aabf79617602d12f1f1b6de1c24493d879faeb1d5fdb0d4e,"Bitcoin Up or Down - June 24, 10:40PM-10:45PM ET",BTC,2026-06-25T02:40:00+00:00,2026-06-25T02:45:00+00:00,1032608638697986848298185740151104685825675770987316066955239536585040900694,101050475566761097636367636002365356468555650768110033931853948825175972241949,13721.5464,207.92000000000002,True,False,closed,2026-06-25T02:35:06.765191+00:00,2026-06-25T02:45:00.760769+00:00,149,0,
0xf15f947c7a7b7658bcc04343e696b6d816bb030eaeef2fa3196e63453ad1139d,"Ethereum Up or Down - June 24, 10:40PM-10:45PM ET",ETH,2026-06-25T02:40:00+00:00,2026-06-25T02:45:00+00:00,12414603198012623669272944221627265442789304162246378200493238490092860388669,78183721219398245469768103515163580857032302090332553977446055857833991353196,5096.7897,1.960783,True,False,closed,2026-06-25T02:35:06.765191+00:00,2026-06-25T02:45:00.760769+00:00,149,0,
0xc0edf829639b3a37d35281a689c093a8c6bf572f72abda9508d2ee8ac7880933,"Solana Up or Down - June 24, 10:40PM-10:45PM ET",SOL,2026-06-25T02:40:00+00:00,2026-06-25T02:45:00+00:00,87340878875238628411239824392976738012982685122727332686006318896299497185712,72583930833824869424449995956110373351206896029935490230504857477034175581384,2244.8058,7.0,True,False,closed,2026-06-25T02:35:06.765191+00:00,2026-06-25T02:45:00.760769+00:00,149,0,
0xb25a46e754bf8ed5dc611f376c6888c2a487fd2fefd5ea125248eeacd8a7348a,"Bitcoin Up or Down - June 24, 10:45PM-10:50PM ET",BTC,2026-06-25T02:45:00+00:00,2026-06-25T02:50:00+00:00,109088219946477947923306472101009255345588884739248456811973991332235173200544,31536833225195259905135525438173587606624205662339566393054551206868759546102,12440.4321,217.48,True,False,closed,2026-06-25T02:40:06.764601+00:00,2026-06-25T02:50:00.753245+00:00,149,0,
0x14982cf6b0a4bffdd9d92699efabf26afd0c690b9161fd342d0a367f248d9829,"Ethereum Up or Down - June 24, 10:45PM-10:50PM ET",ETH,2026-06-25T02:45:00+00:00,2026-06-25T02:50:00+00:00,88882995601421734847135463850786669161504829227893318177660533494642545705003,96482942191692910958099633334974176008931364400607772894941168492490147065135,5157.755,0.0,True,False,closed,2026-06-25T02:40:06.764601+00:00,2026-06-25T02:50:00.753245+00:00,149,0,
0xac3c7e2fa3a89b5de63c9ecdbcacb1eaea52861c27dc12b2d0d7738c03f90722,"Solana Up or Down - June 24, 10:45PM-10:50PM ET",SOL,2026-06-25T02:45:00+00:00,2026-06-25T02:50:00+00:00,97507505262576847406128730668677259973204152858370706449574910388689701461036,110192807777325198625737457953924265825495103862819607696474193410164666983030,2263.3066,5.0,True,False,closed,2026-06-25T02:40:06.764601+00:00,2026-06-25T02:50:00.753245+00:00,149,0,
0xafa6139c937f826025342cb0c4ca07d013d79919d47e12862752d4f792968be2,"Bitcoin Up or Down - June 24, 10:50PM-10:55PM ET",BTC,2026-06-25T02:50:00+00:00,2026-06-25T02:55:00+00:00,88845900537637425490030617166288327400318630965792356451486403248987420145446,96893379052386757961212971535718097425056526441002836518903332536027976964723,13418.0928,283.99,True,False,closed,2026-06-25T02:45:06.756834+00:00,2026-06-25T02:55:00.764717+00:00,149,0,
0x5fca1eb5be861afe60110ad4e34ae80a6a544f79f4296f6b24f5f5c76c2f4d13,"Ethereum Up or Down - June 24, 10:50PM-10:55PM ET",ETH,2026-06-25T02:50:00+00:00,2026-06-25T02:55:00+00:00,45109838157104467289342862234667726750836148412247044232855489010031780752608,679574067276350354808349024952374937162229233811905259707777658227169009910,5053.5975,10.490195,True,False,closed,2026-06-25T02:45:06.756834+00:00,2026-06-25T02:55:00.764717+00:00,149,0,
0x1b17d7f97bf4fa9e61b87cb9a2d10a4017db392db8c970841c6c2e91a724d392,"Solana Up or Down - June 24, 10:50PM-10:55PM ET",SOL,2026-06-25T02:50:00+00:00,2026-06-25T02:55:00+00:00,45069809928302675710405452360061446918380509309726863814616737140865177685679,88707073585121265788428872724179132544028863567882660248031762569413854298715,2276.6065,5.0,True,False,closed,2026-06-25T02:45:06.756834+00:00,2026-06-25T02:55:00.764717+00:00,149,0,
0xdc50528ddd95715389bece5e22c3924ab255ac03cc50a796d14fc1536f99e645,"Bitcoin Up or Down - June 24, 10:55PM-11:00PM ET",BTC,2026-06-25T02:55:00+00:00,2026-06-25T03:00:00+00:00,16636945186356273174311632932522146878680301064837380606071946310150839817858,18120932534269823052450727644265045316750814754992012666756554217636343109725,12123.5522,269.15,True,False,closed,2026-06-25T02:50:06.764295+00:00,2026-06-25T03:00:00.760993+00:00,149,0,
0xe6d3a5bc7972ec9197256ce347a61b105228c70deaac501b9b91f65f4d83ef85,"Ethereum Up or Down - June 24, 10:55PM-11:00PM ET",ETH,2026-06-25T02:55:00+00:00,2026-06-25T03:00:00+00:00,21479261660637248562388127030161761819202785010237237914853915897089474340277,79908965183436906334578666129596746689080988810750545806911531534131254710873,5056.698,0.0,True,False,closed,2026-06-25T02:50:06.764295+00:00,2026-06-25T03:00:00.760993+00:00,144,0,
0x572dbbbae864b6f6f91edbd3e3e727f9ebfcaf0bdf5aacfb7c51dccb31d0c131,"Solana Up or Down - June 24, 10:55PM-11:00PM ET",SOL,2026-06-25T02:55:00+00:00,2026-06-25T03:00:00+00:00,104168033269192018530112431164749177691697663223828421653623361092064909091021,6973145327987706173126047644178776599345686974928185684355796138299529247073,2364.2661,5.0,True,False,closed,2026-06-25T02:50:06.764295+00:00,2026-06-25T03:00:00.760993+00:00,149,0,
0xda4193f2043281e40032e7293d9f588083528af727b3fe7c7d5dda4962f7350e,"Bitcoin Up or Down - June 24, 11:00PM-11:05PM ET",BTC,2026-06-25T03:00:00+00:00,2026-06-25T03:05:00+00:00,79140671804382507127653442977829996380151073570915409040699942705829493013133,73581399385091473565171772474815252365677644948409929355625870072162869735938,13483.0179,32.05,True,False,closed,2026-06-25T02:55:06.757963+00:00,2026-06-25T03:05:00.754789+00:00,149,0,
0xdcd2e134101f046e6ab64767a87ae498d5f115eadedd4e53521e41af4185c1c4,"Ethereum Up or Down - June 24, 11:00PM-11:05PM ET",ETH,2026-06-25T03:00:00+00:00,2026-06-25T03:05:00+00:00,24346553136862351784987148651438555984649685253400518556329824188600432427389,93586149371109194919490385210988967608759254494388575664848195929943826795048,5578.1971,0.0,True,False,closed,2026-06-25T02:55:06.757963+00:00,2026-06-25T03:05:00.754789+00:00,149,0,
0xa68a6de67011a6b28db72edfecbdb43514c142dcd13d97993d26108c51b3088a,"Solana Up or Down - June 24, 11:00PM-11:05PM ET",SOL,2026-06-25T03:00:00+00:00,2026-06-25T03:05:00+00:00,87530763650377854670366234699687516664978651168911501148417875092670547428841,40754045606960062102389594412716057236851327074611253168183028417670705762007,2266.0661,5.0,True,False,closed,2026-06-25T02:55:06.757963+00:00,2026-06-25T03:05:00.754789+00:00,149,0,
0xff1efa798a8f258497fc3c2ca9ae157bf5cf8caed5b920b0ec67c06dfa73484b,"Bitcoin Up or Down - June 24, 11:05PM-11:10PM ET",BTC,2026-06-25T03:05:00+00:00,2026-06-25T03:10:00+00:00,82646633410913278206501344051713338332434659782824574531529088103039590415686,54358994440409381516341203293682043328296618294270701811801264306241424479126,12468.38,281.23,True,False,closed,2026-06-25T03:00:06.765559+00:00,2026-06-25T03:10:00.762246+00:00,146,0,
0xc9f72f4854bbf2401a7e599d2ed10d2871f4e54221fafcd8e54cb34b092f661c,"Ethereum Up or Down - June 24, 11:05PM-11:10PM ET",ETH,2026-06-25T03:05:00+00:00,2026-06-25T03:10:00+00:00,60609757097963974165015208200414038076864236560588496992350448841541264154147,93090829746853709015391654971770111785587575631593170774040408670678908661308,5048.7984,0.0,True,False,closed,2026-06-25T03:00:06.765559+00:00,2026-06-25T03:10:00.762246+00:00,149,0,
0xd540db458599ef41eb01bb3d0355a1f7828788a8c20302ec258968b95a4343e7,"Solana Up or Down - June 24, 11:05PM-11:10PM ET",SOL,2026-06-25T03:05:00+00:00,2026-06-25T03:10:00+00:00,13190697823461204890181843249326101675944840730328118464700100707017530872575,30973152688529732761743911783232924029487259188318634039983064306266460917213,2313.1665,5.0,True,False,closed,2026-06-25T03:00:06.765559+00:00,2026-06-25T03:10:00.762246+00:00,149,0,
0xde602e72507fce6c6aa1b4ac15e57930aa52115ae6ac759b18831cb4a87ebe0f,"Bitcoin Up or Down - June 24, 11:10PM-11:15PM ET",BTC,2026-06-25T03:10:00+00:00,2026-06-25T03:15:00+00:00,27344842917546335469664132598130228679308682948518446030046421743832730693786,6486108284312578637279049771881439989979439363099491124195981233789636138201,12380.1104,211.52391999999998,True,False,closed,2026-06-25T03:05:06.762242+00:00,2026-06-25T03:15:00.753944+00:00,149,0,
0x29de2b8dc4e0709c39664a3ac431adc960e64d21c89757b0c60da97476dee333,"Ethereum Up or Down - June 24, 11:10PM-11:15PM ET",ETH,2026-06-25T03:10:00+00:00,2026-06-25T03:15:00+00:00,84528343456391521523197981502515096648749734821004158275533261375945512011753,80339352344865754669541557427374992108652753406991554696271286245491556288515,5062.5557,0.0,True,False,closed,2026-06-25T03:05:06.762242+00:00,2026-06-25T03:15:00.753944+00:00,149,0,
0x3203b0d574241ba5c10870a4a1ded4cdcf71573c9fa3e25ee545925b51e65550,"Solana Up or Down - June 24, 11:10PM-11:15PM ET",SOL,2026-06-25T03:10:00+00:00,2026-06-25T03:15:00+00:00,81113416008908662220801726682135947705968152195652284469652337984446193130224,102792764635562408601559363487590488266872618574991694156256952463838597479776,2221.6103,10.0,True,False,closed,2026-06-25T03:05:06.762242+00:00,2026-06-25T03:15:00.753944+00:00,149,0,
0xd64b2ce5267698719de20d05b135368962c8a4f1835384f18f0605ccaac199d5,"Bitcoin Up or Down - June 24, 11:15PM-11:20PM ET",BTC,2026-06-25T03:15:00+00:00,2026-06-25T03:20:00+00:00,115317485418013909164337437375912212890603676238604260965350700663046989116066,77970464964184072146390469971879351823681353133889598282908549150959191045098,12079.1104,258.401567,True,False,closed,2026-06-25T03:10:06.756936+00:00,2026-06-25T03:20:00.761589+00:00,149,1,
0x6bdcb273fa2393c474845881f05cb6ddcdb8c5a21325633e4aa71a4f8fa69af4,"Ethereum Up or Down - June 24, 11:15PM-11:20PM ET",ETH,2026-06-25T03:15:00+00:00,2026-06-25T03:20:00+00:00,62988763753951506017809212472346687607893312773574858107678213087108377683292,20479592045991971743007620288339810925050375870480487734465394795693095902718,5013.2562,0.0,True,False,closed,2026-06-25T03:10:06.756936+00:00,2026-06-25T03:20:00.761589+00:00,149,0,
0xe9b43bb6aa0a0aa923a5b7ea6e70758b5f517507971004160627be84bdb0dbe3,"Solana Up or Down - June 24, 11:15PM-11:20PM ET",SOL,2026-06-25T03:15:00+00:00,2026-06-25T03:20:00+00:00,84904586807716885407010994907235580959697832928048025248080296959965389478927,46541711612127178209356687987328650408125638014370188563378603341037587433996,2261.2862,5.0,True,False,closed,2026-06-25T03:10:06.756936+00:00,2026-06-25T03:20:00.761589+00:00,149,1,
0x4fb9b5f7172d3890378261ee1982c14268ee617b3dba9e7073c0fc436988747b,"Bitcoin Up or Down - June 24, 11:20PM-11:25PM ET",BTC,2026-06-25T03:20:00+00:00,2026-06-25T03:25:00+00:00,20496226619496011995534324490935761512619629420569711903569440889936960404726,100796545701924728231887147801956341795713185016363659129319955976892290332807,13724.8375,264.055487,True,False,closed,2026-06-25T03:15:06.762660+00:00,2026-06-25T03:25:00.767605+00:00,149,0,
0x4f5366aa494da9920a4b6ef0f76de091dc7dd9d30094b0ba14b785568c78d9aa,"Ethereum Up or Down - June 24, 11:20PM-11:25PM ET",ETH,2026-06-25T03:20:00+00:00,2026-06-25T03:25:00+00:00,110503958399285403986732943870931470096303131251971144011245551101418183196907,47123386967467762539801062530215217155457342726665488672014982802607938271656,5087.556,0.0,True,False,closed,2026-06-25T03:15:06.762660+00:00,2026-06-25T03:25:00.767605+00:00,149,0,
0xd16de0ee4ae8e19ae7dd01f183d15df9e83fa6d864425ed9dc6aa86f9afaf71b,"Solana Up or Down - June 24, 11:20PM-11:25PM ET",SOL,2026-06-25T03:20:00+00:00,2026-06-25T03:25:00+00:00,80152612051176483779852469666016379056960679786563802432320329686398836431841,75344385472967172164698952373146056686414805963073695338006477450813174828007,2269.3074,7.0,True,False,closed,2026-06-25T03:15:06.762660+00:00,2026-06-25T03:25:00.767605+00:00,149,0,
0xf9e6e2c9faebcf93a613199c2229cdbd74778474b76167b640d0f3603a3e7a7f,"Bitcoin Up or Down - June 24, 11:25PM-11:30PM ET",BTC,2026-06-25T03:25:00+00:00,2026-06-25T03:30:00+00:00,104844037375031242201344598445662076509187672463004627756657689547035471875003,97847531601277077529196037125972936018681886419903963307177542877834827840009,12540.0027,234.401567,True,False,closed,2026-06-25T03:20:06.758147+00:00,2026-06-25T03:30:00.761800+00:00,149,0,
0x1b0ccda7111e2a4c3b4a4e77ea944aea44353c32538fd243420904f1bb952948,"Ethereum Up or Down - June 24, 11:25PM-11:30PM ET",ETH,2026-06-25T03:25:00+00:00,2026-06-25T03:30:00+00:00,58494544636694826379125427993570336583281522364157477244422431431525003810496,113399260907534693772083223559280337515245259146760703735000565898923344236098,5187.2353,0.0,True,False,closed,2026-06-25T03:20:06.758147+00:00,2026-06-25T03:30:00.761800+00:00,149,0,
0xe92ce72fe6fb5e9ae7659ead7fc9441ee8490c468a7c2d9ad7501506a0d3c7c6,"Solana Up or Down - June 24, 11:25PM-11:30PM ET",SOL,2026-06-25T03:25:00+00:00,2026-06-25T03:30:00+00:00,96973520527061289506439720337398567165211755404457295421636342217299485448456,92416802663238289805905470301430633503040229513523747715141496093245472919196,2339.567,5.0,True,False,closed,2026-06-25T03:20:06.758147+00:00,2026-06-25T03:30:00.761800+00:00,149,0,
0x386e4af860298faee014762ae90b0930ca332ac8c10358b8684e85fd54eae8cf,"Bitcoin Up or Down - June 24, 11:30PM-11:35PM ET",BTC,2026-06-25T03:30:00+00:00,2026-06-25T03:35:00+00:00,9741892824355997957654535852662971276802146214528107632278147077118753414031,5884475146638451275901740232369474310002367734588274681899543326194862705094,12670.4792,238.19,True,False,closed,2026-06-25T03:25:06.762085+00:00,2026-06-25T03:35:00.761718+00:00,149,0,
0xb7ad17eae4797bcf5a5bd3f8faea387b8c3976706516b5fa646d8d858cabff9c,"Ethereum Up or Down - June 24, 11:30PM-11:35PM ET",ETH,2026-06-25T03:30:00+00:00,2026-06-25T03:35:00+00:00,95733222555328550593291268878118430070077381542556420447114112044451445579571,69255830236745146520616611828845112069559421163685802557102381869592966620810,5100.9566,0.0,True,False,closed,2026-06-25T03:25:06.762085+00:00,2026-06-25T03:35:00.761718+00:00,149,0,
0xa0e2333f416a8e0a27751c6433f5faa9cdfb2fc14a4c3c7d689e9a8c2c00c90b,"Solana Up or Down - June 24, 11:30PM-11:35PM ET",SOL,2026-06-25T03:30:00+00:00,2026-06-25T03:35:00+00:00,36446870739695399568786943530645745046422020124566001766375954993676929056592,109257910949999207100859436355269291347705164085518593007260696972426466448041,2279.0069,0.0,True,False,closed,2026-06-25T03:25:06.762085+00:00,2026-06-25T03:35:00.761718+00:00,149,0,
0x1a319c35f8523475d9ea5e6b67caf8bda062950ad12d9aa479f2059b74628f4d,"Bitcoin Up or Down - June 24, 11:35PM-11:40PM ET",BTC,2026-06-25T03:35:00+00:00,2026-06-25T03:40:00+00:00,95497447100789789486678012599503308093392628905639384072325927550926630193932,86640924084306715705606290810036379963028868197196006584836475142062656330199,12638.3722,35.010782,True,False,closed,2026-06-25T03:30:06.757490+00:00,2026-06-25T03:40:00.766010+00:00,149,0,
0xd59fcc093ccd672ff862a953f15bebaff249939f79d9be9f8aef07a7ad35391d,"Ethereum Up or Down - June 24, 11:35PM-11:40PM ET",ETH,2026-06-25T03:35:00+00:00,2026-06-25T03:40:00+00:00,10292906566039739127479883195502214742919656927442790130122911190929296144837,71855530417045649404379877008447626819888645773375416295231728288818552681302,5145.555,0.0,True,False,closed,2026-06-25T03:30:06.757490+00:00,2026-06-25T03:40:00.766010+00:00,149,0,
0x02d6d23309f92d26812ce047ad4c3679a563ff43e8ec482aab72afba1e5ec758,"Solana Up or Down - June 24, 11:35PM-11:40PM ET",SOL,2026-06-25T03:35:00+00:00,2026-06-25T03:40:00+00:00,42050672477994085807857000035328173315344626565592969237389242366333801319710,18061777822796114234532884742883733496824783461356179681929406695314008928411,2273.7074,0.0,True,False,closed,2026-06-25T03:30:06.757490+00:00,2026-06-25T03:40:00.766010+00:00,149,0,
0x92240a04fef0d841cafccb3faa521096bda1c71794abc27ce12cd8097b8028de,"Bitcoin Up or Down - June 24, 11:40PM-11:45PM ET",BTC,2026-06-25T03:40:00+00:00,2026-06-25T03:45:00+00:00,32274688052320741731354196281149722710042604395773693026907181863514631698540,93482727823507183912055864652264904106922851690739187368426249865541571462866,13741.9,36.05,True,False,active,2026-06-25T03:35:06.758037+00:00,2026-06-25T03:40:00.766010+00:00,62,0,
0x3f7e23bbdb674a270ca8b093eb1ca45a6b0c29bab0db9b6622157f8c9f80831b,"Ethereum Up or Down - June 24, 11:40PM-11:45PM ET",ETH,2026-06-25T03:40:00+00:00,2026-06-25T03:45:00+00:00,98800159922183251277270112009603548485793027524252651522933065839866724221570,18045853591480847313935241737736641714736406539754719768521017921295363057659,5088.7557,0.0,True,False,active,2026-06-25T03:35:06.758037+00:00,2026-06-25T03:40:00.766010+00:00,62,0,
0x45ff2cea47ac3a26660422c80042e40aaa9f99bf9e976c259eec649b408d5fe9,"Solana Up or Down - June 24, 11:40PM-11:45PM ET",SOL,2026-06-25T03:40:00+00:00,2026-06-25T03:45:00+00:00,11125028454107234463643221464869754026860497114126338985397278811841950451929,114996363777280853457288298857229758125614786931165866129609423878906424346930,2173.9069,0.0,True,False,active,2026-06-25T03:35:06.758037+00:00,2026-06-25T03:40:00.766010+00:00,62,0,
0x6245cdfcd7c948204d6414440756d52e56bd57b478cc9ed6d84e9a97588df4af,"Bitcoin Up or Down - June 24, 11:45PM-11:50PM ET",BTC,2026-06-25T03:45:00+00:00,2026-06-25T03:50:00+00:00,95935397718805767849941744615712690236037364310104726463682009681827139696840,38970724084024892363170614411430507426803018637263457080283835662246709886607,14556.7135,313.070783,True,False,discovered,2026-06-25T03:40:06.761756+00:00,2026-06-25T03:40:06.761756+00:00,0,0,
0xd12874444ce7c63ecde435729ba739a234e8dc5d79cf1140a73482b9addf9ad1,"Ethereum Up or Down - June 24, 11:45PM-11:50PM ET",ETH,2026-06-25T03:45:00+00:00,2026-06-25T03:50:00+00:00,17178103447544266596050911409105607384543186671041054048286325977187159377593,37368222803626316425807494226410694606953233148896419716541216705788148819110,5160.7557,0.0,True,False,discovered,2026-06-25T03:40:06.761756+00:00,2026-06-25T03:40:06.761756+00:00,0,0,
0x5c8c3bf71cbe2fc1dc03d3b43a77d911fe38c604b6b86d6ea565adcfa81b78b2,"Solana Up or Down - June 24, 11:45PM-11:50PM ET",SOL,2026-06-25T03:45:00+00:00,2026-06-25T03:50:00+00:00,32732752243626662882174233446434290988305938490116169602444314284750049248473,73150153534744668239996288409660973810337090820227588424585392908237149768489,2189.9065,0.0,True,False,discovered,2026-06-25T03:40:06.761756+00:00,2026-06-25T03:40:06.761756+00:00,0,0,
