wallet_id,profile_url,poll_cycle,poll_started_at_utc,request_started_at_utc,response_received_at_utc,first_observation_timestamp_utc,trade_timestamp,trade_datetime_utc,first_seen_delay_seconds,delay_measurement_status,observation_class,poll_interval_seconds,response_latency_ms,transaction_hash,transaction_hash_available,market_slug,event_slug,market_title,condition_id,token_id,outcome,side,price,size,market_type,asset_class,up_down_market,five_minute_market,source_endpoint,trade_identity,raw_payload_hash
0xde79cc7660d5c05b4cd2f4e72cae30cde2583d9a,https://polymarket.com/0xde79cc7660d5c05b4cd2f4e72cae30cde2583d9a,5,2026-06-28T14:02:19.495+00:00,2026-06-28T14:02:20.532+00:00,2026-06-28T14:02:20.918+00:00,2026-06-28T14:02:20.918+00:00,1771237359,2026-02-16T10:22:39.000+00:00,,excluded_historical_page_churn,historical_page_churn,5.000000,386.000000,0x4996d9ac2353211dc0847e1abf16ea0f1f03cc787fcd23f8136dc022bfe8e478,true,btc-updown-5m-1771237200,btc-updown-5m-1771237200,"Bitcoin Up or Down - February 16, 5:20AM-5:25AM ET",0xa0d8cf278a3dbc193f6341bfd34febf730c33d26b9f0849a3f31a9dcb2c8ba7c,70752050551455090662791650789488074239711496503593022052944752022385005309174,Down,BUY,0.9672672204,73.185566,fast_crypto_up_down,BTC,true,true,https://data-api.polymarket.com/activity?user=0xde79cc7660d5c05b4cd2f4e72cae30cde2583d9a&type=TRADE&limit=100&offset=0&sortBy=TIMESTAMP&sortDirection=DESC,6a2763f87a63169177e12f837e7477984f3d66776e2b5668f45d39323e372527,60b0b27d37f01bc951ea2e539f37bc668fc8a7a7ea13570f3b320674c91e170c
0xde79cc7660d5c05b4cd2f4e72cae30cde2583d9a,https://polymarket.com/0xde79cc7660d5c05b4cd2f4e72cae30cde2583d9a,5,2026-06-28T14:02:19.495+00:00,2026-06-28T14:02:20.532+00:00,2026-06-28T14:02:20.918+00:00,2026-06-28T14:02:20.918+00:00,1771240275,2026-02-16T11:11:15.000+00:00,,excluded_historical_page_churn,historical_page_churn,5.000000,386.000000,0xa040ee14e5fcf7a3942ddea6b2fc23752c92b8f555d87c519db81bccb90ff0fb,true,btc-updown-5m-1771240200,btc-updown-5m-1771240200,"Bitcoin Up or Down - February 16, 6:10AM-6:15AM ET",0x9d97674a9a089a5017b8a7c80fdd98178c4db0ea5c1b49402c978926fb9bc107,72472227687694361872779774149292011150048561575082991830520398016358615952969,Down,BUY,0.9280640572,53.875585,fast_crypto_up_down,BTC,true,true,https://data-api.polymarket.com/activity?user=0xde79cc7660d5c05b4cd2f4e72cae30cde2583d9a&type=TRADE&limit=100&offset=0&sortBy=TIMESTAMP&sortDirection=DESC,beeff950bd6409e0086ee164d1d7a7e05a33491511fd1b9714b0a22df0a236ed,b83b069746e1aa5d5e2b37ed993e6aa4eb0b13d012a202706c7cdf00ecdc651d
0xde79cc7660d5c05b4cd2f4e72cae30cde2583d9a,https://polymarket.com/0xde79cc7660d5c05b4cd2f4e72cae30cde2583d9a,5,2026-06-28T14:02:19.495+00:00,2026-06-28T14:02:20.532+00:00,2026-06-28T14:02:20.918+00:00,2026-06-28T14:02:20.918+00:00,1771240291,2026-02-16T11:11:31.000+00:00,,excluded_historical_page_churn,historical_page_churn,5.000000,386.000000,0x8eafa2dc3ff43c2dcb559b4d4288ed4e193a06df99f2b1b39f8e57025eeff668,true,btc-updown-5m-1771240200,btc-updown-5m-1771240200,"Bitcoin Up or Down - February 16, 6:10AM-6:15AM ET",0x9d97674a9a089a5017b8a7c80fdd98178c4db0ea5c1b49402c978926fb9bc107,72472227687694361872779774149292011150048561575082991830520398016358615952969,Down,BUY,0.9384725271,25.4669,fast_crypto_up_down,BTC,true,true,https://data-api.polymarket.com/activity?user=0xde79cc7660d5c05b4cd2f4e72cae30cde2583d9a&type=TRADE&limit=100&offset=0&sortBy=TIMESTAMP&sortDirection=DESC,7587601fea69418782f5c7e83bdd4046aa8a5c4272098d04ea267df467a21f1b,c157445902dfe7f949e20dd04c1a97e61f0c1980de5db91694f6f746b5adb813
0xde79cc7660d5c05b4cd2f4e72cae30cde2583d9a,https://polymarket.com/0xde79cc7660d5c05b4cd2f4e72cae30cde2583d9a,5,2026-06-28T14:02:19.495+00:00,2026-06-28T14:02:20.532+00:00,2026-06-28T14:02:20.918+00:00,2026-06-28T14:02:20.918+00:00,1771240897,2026-02-16T11:21:37.000+00:00,,excluded_historical_page_churn,historical_page_churn,5.000000,386.000000,0x5795ff8c10d3fda68ad27602c3da3f70d7441307c569d3784eb1db555b1c1db0,true,btc-updown-5m-1771240800,btc-updown-5m-1771240800,"Bitcoin Up or Down - February 16, 6:20AM-6:25AM ET",0x8cce941688472ffe9fbce87b19b9a58f9ef0e3185ec90bee0c7267574c20332d,57767615204855338129703521715957876480297838436398594308760106435972285806800,Down,BUY,0.8915428239,56.08255,fast_crypto_up_down,BTC,true,true,https://data-api.polymarket.com/activity?user=0xde79cc7660d5c05b4cd2f4e72cae30cde2583d9a&type=TRADE&limit=100&offset=0&sortBy=TIMESTAMP&sortDirection=DESC,74a218151e89611d92747c081c8a16bb5bbf769c509d7a4b6d9bc9db1eb4e6f0,52643de600bd75a350a09fa26228d95e19ccfa09d20c74de4bf1599c3ab9d23a
0xde79cc7660d5c05b4cd2f4e72cae30cde2583d9a,https://polymarket.com/0xde79cc7660d5c05b4cd2f4e72cae30cde2583d9a,5,2026-06-28T14:02:19.495+00:00,2026-06-28T14:02:20.532+00:00,2026-06-28T14:02:20.918+00:00,2026-06-28T14:02:20.918+00:00,1771243263,2026-02-16T12:01:03.000+00:00,,excluded_historical_page_churn,historical_page_churn,5.000000,386.000000,0x11905cd4ffe0940370f846c4101ed44a997dad4c997aef5acf747441c9b9c9af,true,btc-updown-5m-1771243200,btc-updown-5m-1771243200,"Bitcoin Up or Down - February 16, 7:00AM-7:05AM ET",0x6c401b0ad12e904b262b018053421b5e56af358aee6d9fe19f53bc803cad8cf3,107857063702825562167024295095717810440600193110836258575798743061756928819202,Up,BUY,0.7599999483,13.157893,fast_crypto_up_down,BTC,true,true,https://data-api.polymarket.com/activity?user=0xde79cc7660d5c05b4cd2f4e72cae30cde2583d9a&type=TRADE&limit=100&offset=0&sortBy=TIMESTAMP&sortDirection=DESC,526cdfb25196d51b62a9c328c137065206b6ab7d94e16ebd1f293443a1a37338,db2e0641ab22c4d5dfebefd6bbc27cf1abb696f7dab0e14d8237b895465a13a1
0xde79cc7660d5c05b4cd2f4e72cae30cde2583d9a,https://polymarket.com/0xde79cc7660d5c05b4cd2f4e72cae30cde2583d9a,5,2026-06-28T14:02:19.495+00:00,2026-06-28T14:02:20.532+00:00,2026-06-28T14:02:20.918+00:00,2026-06-28T14:02:20.918+00:00,1771243383,2026-02-16T12:03:03.000+00:00,,excluded_historical_page_churn,historical_page_churn,5.000000,386.000000,0x68fd473b388a14e50a5b17fa4853089a42f9e312f8d08e1925f03e9c707d0c35,true,btc-updown-5m-1771243200,btc-updown-5m-1771243200,"Bitcoin Up or Down - February 16, 7:00AM-7:05AM ET",0x6c401b0ad12e904b262b018053421b5e56af358aee6d9fe19f53bc803cad8cf3,107857063702825562167024295095717810440600193110836258575798743061756928819202,Up,BUY,0.8899999947,11.235954,fast_crypto_up_down,BTC,true,true,https://data-api.polymarket.com/activity?user=0xde79cc7660d5c05b4cd2f4e72cae30cde2583d9a&type=TRADE&limit=100&offset=0&sortBy=TIMESTAMP&sortDirection=DESC,ce2c0ffda33579a6765fbb8d55cacca75e965197ca1f005c13e3a058534201b4,baf31f2c50d00ae6c09347d9c028925170bfea229645499e342187230e81286b
0xde79cc7660d5c05b4cd2f4e72cae30cde2583d9a,https://polymarket.com/0xde79cc7660d5c05b4cd2f4e72cae30cde2583d9a,5,2026-06-28T14:02:19.495+00:00,2026-06-28T14:02:20.532+00:00,2026-06-28T14:02:20.918+00:00,2026-06-28T14:02:20.918+00:00,1771243441,2026-02-16T12:04:01.000+00:00,,excluded_historical_page_churn,historical_page_churn,5.000000,386.000000,0x59b8a91764530b56491270bdf1997465eed68d1088c4c94fbabf9ef6f90adcca,true,btc-updown-5m-1771243200,btc-updown-5m-1771243200,"Bitcoin Up or Down - February 16, 7:00AM-7:05AM ET",0x6c401b0ad12e904b262b018053421b5e56af358aee6d9fe19f53bc803cad8cf3,107857063702825562167024295095717810440600193110836258575798743061756928819202,Up,BUY,0.9699999951,68.804122,fast_crypto_up_down,BTC,true,true,https://data-api.polymarket.com/activity?user=0xde79cc7660d5c05b4cd2f4e72cae30cde2583d9a&type=TRADE&limit=100&offset=0&sortBy=TIMESTAMP&sortDirection=DESC,ee6f708b6ef480a51a444a9954ef5876dc5070adea6f5aeab9975d4186fe9e6c,0a1f4cc2e89f175cba936eed225ecbf581aafbdfa50a3671fb92aad4710f8bae
0xde79cc7660d5c05b4cd2f4e72cae30cde2583d9a,https://polymarket.com/0xde79cc7660d5c05b4cd2f4e72cae30cde2583d9a,5,2026-06-28T14:02:19.495+00:00,2026-06-28T14:02:20.532+00:00,2026-06-28T14:02:20.918+00:00,2026-06-28T14:02:20.918+00:00,1771244027,2026-02-16T12:13:47.000+00:00,,excluded_historical_page_churn,historical_page_churn,5.000000,386.000000,0x5628cdf5e8b8e4a6e053ddf9332e7a70dcf04eda332eca457bf8b53c2298d196,true,btc-updown-5m-1771243800,btc-updown-5m-1771243800,"Bitcoin Up or Down - February 16, 7:10AM-7:15AM ET",0xb335c938da2d5023712becc181b0227fe1ef3faa7a2d5b2a617c6fd23ba6f828,53124106059550407960381205576740689381901151692657971706318077070204873361578,Down,BUY,0.9415688855,98.82442,fast_crypto_up_down,BTC,true,true,https://data-api.polymarket.com/activity?user=0xde79cc7660d5c05b4cd2f4e72cae30cde2583d9a&type=TRADE&limit=100&offset=0&sortBy=TIMESTAMP&sortDirection=DESC,06650aa100dc5a7d3ae2a4b1355770aa8a8cfb18583838021aafbe3ba5d1aa09,0548a9e961e1f2b4c6c094bcf544f69b08cc2d1d4a985c0260d51eda3164910c
0xde79cc7660d5c05b4cd2f4e72cae30cde2583d9a,https://polymarket.com/0xde79cc7660d5c05b4cd2f4e72cae30cde2583d9a,5,2026-06-28T14:02:19.495+00:00,2026-06-28T14:02:20.532+00:00,2026-06-28T14:02:20.918+00:00,2026-06-28T14:02:20.918+00:00,1771244617,2026-02-16T12:23:37.000+00:00,,excluded_historical_page_churn,historical_page_churn,5.000000,386.000000,0xd5a58984aea2b02d78030fd5c8a38307dbf4e507ad3f3ff6ccc342f6f53e8096,true,btc-updown-5m-1771244400,btc-updown-5m-1771244400,"Bitcoin Up or Down - February 16, 7:20AM-7:25AM ET",0xaf988ba63b3e1788f5c304de411d3ec24d80869dc5456d3a5c0813c64d6f03c6,103094332073715085825902168086964973957740353697131506775679911279457878735521,Up,BUY,0.9299999154,10.752687,fast_crypto_up_down,BTC,true,true,https://data-api.polymarket.com/activity?user=0xde79cc7660d5c05b4cd2f4e72cae30cde2583d9a&type=TRADE&limit=100&offset=0&sortBy=TIMESTAMP&sortDirection=DESC,58bcfe3400b15c7434fd64677cdd31f374c23fefec3ce449f10c2b531ed38fa2,836745e955a22c86426e83df431d82055b051e3214b54ddad39dbb37b05ae50d
0xde79cc7660d5c05b4cd2f4e72cae30cde2583d9a,https://polymarket.com/0xde79cc7660d5c05b4cd2f4e72cae30cde2583d9a,5,2026-06-28T14:02:19.495+00:00,2026-06-28T14:02:20.532+00:00,2026-06-28T14:02:20.918+00:00,2026-06-28T14:02:20.918+00:00,1771244653,2026-02-16T12:24:13.000+00:00,,excluded_historical_page_churn,historical_page_churn,5.000000,386.000000,0x98760288523b9ba5680553cc020d3147f7f905a5f465979d83471df7d74b3b75,true,btc-updown-5m-1771244400,btc-updown-5m-1771244400,"Bitcoin Up or Down - February 16, 7:20AM-7:25AM ET",0xaf988ba63b3e1788f5c304de411d3ec24d80869dc5456d3a5c0813c64d6f03c6,103094332073715085825902168086964973957740353697131506775679911279457878735521,Up,BUY,0.9780439078,15.3367,fast_crypto_up_down,BTC,true,true,https://data-api.polymarket.com/activity?user=0xde79cc7660d5c05b4cd2f4e72cae30cde2583d9a&type=TRADE&limit=100&offset=0&sortBy=TIMESTAMP&sortDirection=DESC,a78abc0b0a27ffb873e5b265991a901faa0480035de104ee67214ec9b684d9c0,2f6a7da58ce5ed41a31f248bcda92b998deff2cf66218534ad470a69a89e2784
0xde79cc7660d5c05b4cd2f4e72cae30cde2583d9a,https://polymarket.com/0xde79cc7660d5c05b4cd2f4e72cae30cde2583d9a,5,2026-06-28T14:02:19.495+00:00,2026-06-28T14:02:20.532+00:00,2026-06-28T14:02:20.918+00:00,2026-06-28T14:02:20.918+00:00,1771245081,2026-02-16T12:31:21.000+00:00,,excluded_historical_page_churn,historical_page_churn,5.000000,386.000000,0x81f451f56164afc0b827bb22856ada1e0c762567524ea81057d76f8f403bfe67,true,btc-updown-5m-1771245000,btc-updown-5m-1771245000,"Bitcoin Up or Down - February 16, 7:30AM-7:35AM ET",0x6f53b2b45ddaa64f959d71136e16ef2993a1e19242291c45d2c70d9fcc4031fa,68006001811534563959271838417573543168489727307731776830463708648017371923516,Down,BUY,0.8979306377,57.98888,fast_crypto_up_down,BTC,true,true,https://data-api.polymarket.com/activity?user=0xde79cc7660d5c05b4cd2f4e72cae30cde2583d9a&type=TRADE&limit=100&offset=0&sortBy=TIMESTAMP&sortDirection=DESC,c168a16ba818c67d4b4d7b82ca8b3d8305b06e2703f9ef66f1c4369266693783,a6d2c5582ccbeb6f8fde6ba481ed2a9d9c9a75cdf49734ac0e33b42822c0ce23
0xde79cc7660d5c05b4cd2f4e72cae30cde2583d9a,https://polymarket.com/0xde79cc7660d5c05b4cd2f4e72cae30cde2583d9a,5,2026-06-28T14:02:19.495+00:00,2026-06-28T14:02:20.532+00:00,2026-06-28T14:02:20.918+00:00,2026-06-28T14:02:20.918+00:00,1771261751,2026-02-16T17:09:11.000+00:00,,excluded_historical_page_churn,historical_page_churn,5.000000,386.000000,0xc6aabb43085d4e3596158a2cb639ce6e07470f7daeb64311ccd43f05764e502e,true,btc-updown-5m-1771261500,btc-updown-5m-1771261500,"Bitcoin Up or Down - February 16, 12:05PM-12:10PM ET",0x97e08b3f412b93e56521616643fb9d6bae0714396f2de9f9c782e9420abe353b,124155584934381387493315157328451783728016576555400405581401299428588985697,Down,BUY,0.882614806,167.388981,fast_crypto_up_down,BTC,true,true,https://data-api.polymarket.com/activity?user=0xde79cc7660d5c05b4cd2f4e72cae30cde2583d9a&type=TRADE&limit=100&offset=0&sortBy=TIMESTAMP&sortDirection=DESC,c84b757b335bdf55aa05ebf1f0fa9b5d58777783f02770f5aaab5410aff08d58,1a88b6fdf844fcd3c0e2509d7b3f5461561967081eb4482b6117e3678ecb3cad
0xde79cc7660d5c05b4cd2f4e72cae30cde2583d9a,https://polymarket.com/0xde79cc7660d5c05b4cd2f4e72cae30cde2583d9a,5,2026-06-28T14:02:19.495+00:00,2026-06-28T14:02:20.532+00:00,2026-06-28T14:02:20.918+00:00,2026-06-28T14:02:20.918+00:00,1771261857,2026-02-16T17:10:57.000+00:00,,excluded_historical_page_churn,historical_page_churn,5.000000,386.000000,0x04ffaeffe46b6aeb96dc314f6b7d4fc8097c3f55da663d307ea2fac5f108d65c,true,btc-updown-15m-1771261200,btc-updown-15m-1771261200,"Bitcoin Up or Down - February 16, 12:00PM-12:15PM ET",0x752ae08d059598eb1ca8483a4225e7af27dcfb63e394d0c1640ddd122cf2b989,44194815726062936172744349182805860888200887063648054747113350123226607416774,Down,BUY,0.9199999998,179.619562,fast_crypto_up_down,BTC,true,false,https://data-api.polymarket.com/activity?user=0xde79cc7660d5c05b4cd2f4e72cae30cde2583d9a&type=TRADE&limit=100&offset=0&sortBy=TIMESTAMP&sortDirection=DESC,204cd9bf89b6892f95413f0b44b07932431a1be9b6d5034f95036c1bc8dd7739,dd204fc45e04f207f7e8d10392958b3fa802f570c7b57f923840580393ec9546
0xde79cc7660d5c05b4cd2f4e72cae30cde2583d9a,https://polymarket.com/0xde79cc7660d5c05b4cd2f4e72cae30cde2583d9a,5,2026-06-28T14:02:19.495+00:00,2026-06-28T14:02:20.532+00:00,2026-06-28T14:02:20.918+00:00,2026-06-28T14:02:20.918+00:00,1771262267,2026-02-16T17:17:47.000+00:00,,excluded_historical_page_churn,historical_page_churn,5.000000,386.000000,0xe16b3a3d5a7c599df4616e42080ef5d349b6add041ccfbd54435bfacf536a5c0,true,btc-updown-5m-1771262100,btc-updown-5m-1771262100,"Bitcoin Up or Down - February 16, 12:15PM-12:20PM ET",0xc7af825c5745cac5c1e6670d854bc77656ca03da9c4c8ac4bf2a2ba81ad0a1b5,84247069850592364727366838969780080901628433006217408981327913765280727350970,Down,BUY,0.9058043546,197.824166,fast_crypto_up_down,BTC,true,true,https://data-api.polymarket.com/activity?user=0xde79cc7660d5c05b4cd2f4e72cae30cde2583d9a&type=TRADE&limit=100&offset=0&sortBy=TIMESTAMP&sortDirection=DESC,efe7fd3822a02a35cca4166aeaf41d62bdd405afb0e841f697673d3e950936a5,89eac8235367e9d5b53ec3db8f3e28ada36b21224984f8d3beb058a6c2874198
0xde79cc7660d5c05b4cd2f4e72cae30cde2583d9a,https://polymarket.com/0xde79cc7660d5c05b4cd2f4e72cae30cde2583d9a,5,2026-06-28T14:02:19.495+00:00,2026-06-28T14:02:20.532+00:00,2026-06-28T14:02:20.918+00:00,2026-06-28T14:02:20.918+00:00,1771262387,2026-02-16T17:19:47.000+00:00,,excluded_historical_page_churn,historical_page_churn,5.000000,386.000000,0xf92418e4b68487bfaf61a2105273ca7c80e218fbef7e6884da605dd256c05ff5,true,btc-updown-5m-1771262100,btc-updown-5m-1771262100,"Bitcoin Up or Down - February 16, 12:15PM-12:20PM ET",0xc7af825c5745cac5c1e6670d854bc77656ca03da9c4c8ac4bf2a2ba81ad0a1b5,84247069850592364727366838969780080901628433006217408981327913765280727350970,Down,SELL,0.9712969715,197.46,fast_crypto_up_down,BTC,true,true,https://data-api.polymarket.com/activity?user=0xde79cc7660d5c05b4cd2f4e72cae30cde2583d9a&type=TRADE&limit=100&offset=0&sortBy=TIMESTAMP&sortDirection=DESC,ef32be4e83d0d3020392d60309fde33af5a4fcd34de876803d4ad55aa96a131b,e57f4f903288a1e6d08b2e7fc66227f1f52ed9b8b0ec0ac90a0b424f52fa6a81
0xde79cc7660d5c05b4cd2f4e72cae30cde2583d9a,https://polymarket.com/0xde79cc7660d5c05b4cd2f4e72cae30cde2583d9a,5,2026-06-28T14:02:19.495+00:00,2026-06-28T14:02:20.532+00:00,2026-06-28T14:02:20.918+00:00,2026-06-28T14:02:20.918+00:00,1771262581,2026-02-16T17:23:01.000+00:00,,excluded_historical_page_churn,historical_page_churn,5.000000,386.000000,0x77c75b2ba3b850b690127c0e27ac3da66384a28822af3d2593eff639ff9e294a,true,btc-updown-5m-1771262400,btc-updown-5m-1771262400,"Bitcoin Up or Down - February 16, 12:20PM-12:25PM ET",0x8ad986c2cbee07c6b3556aee11fa0eff88a37da9f6bee0bc08b86d0035e54a76,260127016427671013418306537834113480030919661721355058066168560717244623351,Up,BUY,0.9499999975,201.85263,fast_crypto_up_down,BTC,true,true,https://data-api.polymarket.com/activity?user=0xde79cc7660d5c05b4cd2f4e72cae30cde2583d9a&type=TRADE&limit=100&offset=0&sortBy=TIMESTAMP&sortDirection=DESC,7070da085d1ac496f6d5fadf8b31f310a058ab152439d0fb79911a5081395fca,562ad664d5ebef104786183a679ce3d14b31818cc520c41ad13c87c38e29f99d
0xde79cc7660d5c05b4cd2f4e72cae30cde2583d9a,https://polymarket.com/0xde79cc7660d5c05b4cd2f4e72cae30cde2583d9a,5,2026-06-28T14:02:19.495+00:00,2026-06-28T14:02:20.532+00:00,2026-06-28T14:02:20.918+00:00,2026-06-28T14:02:20.918+00:00,1771263225,2026-02-16T17:33:45.000+00:00,,excluded_historical_page_churn,historical_page_churn,5.000000,386.000000,0xed0ee6d2218f85441c6b2e5ec787a93f1116ce9abf15f372921d37199880388f,true,btc-updown-5m-1771263000,btc-updown-5m-1771263000,"Bitcoin Up or Down - February 16, 12:30PM-12:35PM ET",0x5e0458cdece6709fa56779c846e67b7bd4b4cea7741b77146d4b0aca711107dc,35441344274099810393490507311360612768143473068230484234960392087767184495778,Up,BUY,0.9699999999,209.639166,fast_crypto_up_down,BTC,true,true,https://data-api.polymarket.com/activity?user=0xde79cc7660d5c05b4cd2f4e72cae30cde2583d9a&type=TRADE&limit=100&offset=0&sortBy=TIMESTAMP&sortDirection=DESC,b0cb0b2d4985321eafc0df165a52559d6aab20af93e288134b647e4d98ae0eed,3e98e6ce5927b2f12fc58688f4e35d1136d0ce0c97bbe251b5c3a8ac15d57d38
0xde79cc7660d5c05b4cd2f4e72cae30cde2583d9a,https://polymarket.com/0xde79cc7660d5c05b4cd2f4e72cae30cde2583d9a,5,2026-06-28T14:02:19.495+00:00,2026-06-28T14:02:20.532+00:00,2026-06-28T14:02:20.918+00:00,2026-06-28T14:02:20.918+00:00,1771265329,2026-02-16T18:08:49.000+00:00,,excluded_historical_page_churn,historical_page_churn,5.000000,386.000000,0x0a1d21fad62e58e9f229ab9bfe19477c0ecc72497bc7f3247b2ed2b5f45c79d3,true,btc-updown-15m-1771264800,btc-updown-15m-1771264800,"Bitcoin Up or Down - February 16, 1:00PM-1:15PM ET",0x2b450bcc83edbeb9535637c0a7297cc3d879d19c833d0b689509e48d7c286258,83903844925943482149246592001153703688440556741429351793898444449998286250349,Up,BUY,0.9299999999,244.086014,fast_crypto_up_down,BTC,true,false,https://data-api.polymarket.com/activity?user=0xde79cc7660d5c05b4cd2f4e72cae30cde2583d9a&type=TRADE&limit=100&offset=0&sortBy=TIMESTAMP&sortDirection=DESC,b1d67835e629d0127c6f8089359cedcb65f0d8e5d25e5ebb88a3238491427c8c,17d35d4019a5c05bd4a50e9636841ca5ee0b62ad79a0a7d5f00c4fde10cb0c1d
0xde79cc7660d5c05b4cd2f4e72cae30cde2583d9a,https://polymarket.com/0xde79cc7660d5c05b4cd2f4e72cae30cde2583d9a,5,2026-06-28T14:02:19.495+00:00,2026-06-28T14:02:20.532+00:00,2026-06-28T14:02:20.918+00:00,2026-06-28T14:02:20.918+00:00,1771265461,2026-02-16T18:11:01.000+00:00,,excluded_historical_page_churn,historical_page_churn,5.000000,386.000000,0x72f6e1cd33b4e2b70bdadee97bd330340336387fcea5e8a0d6a2c8bccf936e56,true,btc-updown-15m-1771264800,btc-updown-15m-1771264800,"Bitcoin Up or Down - February 16, 1:00PM-1:15PM ET",0x2b450bcc83edbeb9535637c0a7297cc3d879d19c833d0b689509e48d7c286258,83903844925943482149246592001153703688440556741429351793898444449998286250349,Up,SELL,0.958005906,243.82,fast_crypto_up_down,BTC,true,false,https://data-api.polymarket.com/activity?user=0xde79cc7660d5c05b4cd2f4e72cae30cde2583d9a&type=TRADE&limit=100&offset=0&sortBy=TIMESTAMP&sortDirection=DESC,c0d3c514d444e98f29a72ec8e3bc5909244cbcaad0ab98fc75c8ddb3fdc37cb1,a917f771bfde8af0b6d992b3cd54dd90e16ea288d36787fc4622fead133ec892
0xde79cc7660d5c05b4cd2f4e72cae30cde2583d9a,https://polymarket.com/0xde79cc7660d5c05b4cd2f4e72cae30cde2583d9a,5,2026-06-28T14:02:19.495+00:00,2026-06-28T14:02:20.532+00:00,2026-06-28T14:02:20.918+00:00,2026-06-28T14:02:20.918+00:00,1771267039,2026-02-16T18:37:19.000+00:00,,excluded_historical_page_churn,historical_page_churn,5.000000,386.000000,0x9ef11f1f3797196d8971bc3576eb644d7f74980d8a9c5f498d129bdaeea0f444,true,btc-updown-5m-1771266900,btc-updown-5m-1771266900,"Bitcoin Up or Down - February 16, 1:35PM-1:40PM ET",0x416f5ac8b55799610964327e14c0f215e5bd9345045be8f69b55ac2795ab2987,114330972001947446373267624812733762852793861814978582285805523179420636679816,Down,BUY,0.9399999998,255.744666,fast_crypto_up_down,BTC,true,true,https://data-api.polymarket.com/activity?user=0xde79cc7660d5c05b4cd2f4e72cae30cde2583d9a&type=TRADE&limit=100&offset=0&sortBy=TIMESTAMP&sortDirection=DESC,aba44c4bd183114b060e0c9efb61e4016a921dad83acbd805c80c10b527b1cbe,3e662823eb533b28314d4df6c703f3d4b8879e0e456a6ba17e131536e2cb8f7b
0xde79cc7660d5c05b4cd2f4e72cae30cde2583d9a,https://polymarket.com/0xde79cc7660d5c05b4cd2f4e72cae30cde2583d9a,5,2026-06-28T14:02:19.495+00:00,2026-06-28T14:02:20.532+00:00,2026-06-28T14:02:20.918+00:00,2026-06-28T14:02:20.918+00:00,1771267375,2026-02-16T18:42:55.000+00:00,,excluded_historical_page_churn,historical_page_churn,5.000000,386.000000,0x61c1cff76c4555e555445cbf9b092c409cacf5e08552fd5c9ffecd4e728249c2,true,btc-updown-15m-1771266600,btc-updown-15m-1771266600,"Bitcoin Up or Down - February 16, 1:30PM-1:45PM ET",0x5ff746c1d31f12286aa625db85e355d2d988e0073bec198e0c2857214abdf8b9,115480262796006240218429441737423217780462618680474307990506602882620905842920,Down,BUY,0.9697830913,263.2444,fast_crypto_up_down,BTC,true,false,https://data-api.polymarket.com/activity?user=0xde79cc7660d5c05b4cd2f4e72cae30cde2583d9a&type=TRADE&limit=100&offset=0&sortBy=TIMESTAMP&sortDirection=DESC,589879314654bec35f563a33ff552c799cfc53bd447a960bbc24e735ef56ec70,142a460c2ccf2cc185dd9511e27b51f5570aaff90a3e4ef90d4fb0808bd61e11
0xde79cc7660d5c05b4cd2f4e72cae30cde2583d9a,https://polymarket.com/0xde79cc7660d5c05b4cd2f4e72cae30cde2583d9a,5,2026-06-28T14:02:19.495+00:00,2026-06-28T14:02:20.532+00:00,2026-06-28T14:02:20.918+00:00,2026-06-28T14:02:20.918+00:00,1771267715,2026-02-16T18:48:35.000+00:00,,excluded_historical_page_churn,historical_page_churn,5.000000,386.000000,0x213ffa53390561b484c792a71d125fd02280b21c3d4da1e4ca0571bfed057194,true,btc-updown-5m-1771267500,btc-updown-5m-1771267500,"Bitcoin Up or Down - February 16, 1:45PM-1:50PM ET",0xd271dec2c36f3f4596d3ccec5a97fa288886ff67a456a74c80af29a4efe50f0e,66232177729087725563513157602537363907148875330337597264239684497710813625692,Down,BUY,0.9389874749,279.993083,fast_crypto_up_down,BTC,true,true,https://data-api.polymarket.com/activity?user=0xde79cc7660d5c05b4cd2f4e72cae30cde2583d9a&type=TRADE&limit=100&offset=0&sortBy=TIMESTAMP&sortDirection=DESC,09c8f09522665bbb8b90a4da37ab3e086a602315ed4f16098992289328ef40d3,fe464d596af6a5620739ed2ab88f881ea589f70f8beb3413eb84d3d7dbff5b5e
0xde79cc7660d5c05b4cd2f4e72cae30cde2583d9a,https://polymarket.com/0xde79cc7660d5c05b4cd2f4e72cae30cde2583d9a,5,2026-06-28T14:02:19.495+00:00,2026-06-28T14:02:20.532+00:00,2026-06-28T14:02:20.918+00:00,2026-06-28T14:02:20.918+00:00,1771268235,2026-02-16T18:57:15.000+00:00,,excluded_historical_page_churn,historical_page_churn,5.000000,386.000000,0xccd8445fadb2b78c31fb842ddce566fc456a5f9ad07ee2c14d5afb948be205dc,true,btc-updown-15m-1771267500,btc-updown-15m-1771267500,"Bitcoin Up or Down - February 16, 1:45PM-2:00PM ET",0x708fabadc1990fd2ff131ffc8e0b17ac1f015aecfc3acc03d4fc8361ab71061c,81273356517762487146958974805519619949641660317502392493400157921279866792998,Down,BUY,0.921993483,303.440314,fast_crypto_up_down,BTC,true,false,https://data-api.polymarket.com/activity?user=0xde79cc7660d5c05b4cd2f4e72cae30cde2583d9a&type=TRADE&limit=100&offset=0&sortBy=TIMESTAMP&sortDirection=DESC,8eb1c636b1bfcfda8a5d0127208e5c41ef583ed0bbeaece2e6283fee98b27d6c,2df6c19bdc7efad4a5380f4735411309dd8c890d29ca6de59335cf6c36ed741d
0xde79cc7660d5c05b4cd2f4e72cae30cde2583d9a,https://polymarket.com/0xde79cc7660d5c05b4cd2f4e72cae30cde2583d9a,5,2026-06-28T14:02:19.495+00:00,2026-06-28T14:02:20.532+00:00,2026-06-28T14:02:20.918+00:00,2026-06-28T14:02:20.918+00:00,1771269157,2026-02-16T19:12:37.000+00:00,,excluded_historical_page_churn,historical_page_churn,5.000000,386.000000,0xf6cb18b52744bc3a8c7debdf0ec863f9ade3352273d30bda990d6ec1beb3e84e,true,btc-updown-15m-1771268400,btc-updown-15m-1771268400,"Bitcoin Up or Down - February 16, 2:00PM-2:15PM ET",0x77cbfa13a63e6a90f097087c7730d2b0348cecd749f1bcb9ecfc475ce65d5469,71181147860562048180834851861529845675396112006771217257727615301916266325262,Up,BUY,0.9724693307,311.61905,fast_crypto_up_down,BTC,true,false,https://data-api.polymarket.com/activity?user=0xde79cc7660d5c05b4cd2f4e72cae30cde2583d9a&type=TRADE&limit=100&offset=0&sortBy=TIMESTAMP&sortDirection=DESC,81cf152bff4ddc4e3671514caf353674d199f2ad35f13d8da65a4335e483f203,4f6dfca457c4771e1730d093f4a096672d9b3b68d206ef55521db1375d8abef3
0xde79cc7660d5c05b4cd2f4e72cae30cde2583d9a,https://polymarket.com/0xde79cc7660d5c05b4cd2f4e72cae30cde2583d9a,5,2026-06-28T14:02:19.495+00:00,2026-06-28T14:02:20.532+00:00,2026-06-28T14:02:20.918+00:00,2026-06-28T14:02:20.918+00:00,1771270725,2026-02-16T19:38:45.000+00:00,,excluded_historical_page_churn,historical_page_churn,5.000000,386.000000,0x9477ead6681db3069a9ca3b85536f083538a710dab9b95a46ca39adb739e3463,true,btc-updown-5m-1771270500,btc-updown-5m-1771270500,"Bitcoin Up or Down - February 16, 2:35PM-2:40PM ET",0x1e946cd8e5627303b5d6244831dae73bee2d7e72e83164312ff2d95e89116bd5,23183029198438796838763268887136305485866656141117934527295977555329105022147,Up,BUY,0.9663493604,325.668966,fast_crypto_up_down,BTC,true,true,https://data-api.polymarket.com/activity?user=0xde79cc7660d5c05b4cd2f4e72cae30cde2583d9a&type=TRADE&limit=100&offset=0&sortBy=TIMESTAMP&sortDirection=DESC,d2ec0b73efec6cc1c6358d5a3db0ea1952795c2fb118bff946e04957f16065c4,c59409400d3b3c819a58763139e8dcef1619b1151181a53e535d91edc2777cd4
0xde79cc7660d5c05b4cd2f4e72cae30cde2583d9a,https://polymarket.com/0xde79cc7660d5c05b4cd2f4e72cae30cde2583d9a,5,2026-06-28T14:02:19.495+00:00,2026-06-28T14:02:20.532+00:00,2026-06-28T14:02:20.918+00:00,2026-06-28T14:02:20.918+00:00,1771270763,2026-02-16T19:39:23.000+00:00,,excluded_historical_page_churn,historical_page_churn,5.000000,386.000000,0x03d17c8802cf5d70d0cfef1f8feca818240b94f8fb4c2a763061a0911ec85dbe,true,btc-updown-5m-1771270500,btc-updown-5m-1771270500,"Bitcoin Up or Down - February 16, 2:35PM-2:40PM ET",0x1e946cd8e5627303b5d6244831dae73bee2d7e72e83164312ff2d95e89116bd5,23183029198438796838763268887136305485866656141117934527295977555329105022147,Up,SELL,0.8857534247,325.58,fast_crypto_up_down,BTC,true,true,https://data-api.polymarket.com/activity?user=0xde79cc7660d5c05b4cd2f4e72cae30cde2583d9a&type=TRADE&limit=100&offset=0&sortBy=TIMESTAMP&sortDirection=DESC,b300ba1afd78a953fe44bb6f6170c5563103ad49c4245032b7112b5186ec4395,c9b254babb16100b96eff0d17f3bcec761b665039b894d20ea6e13040fa0948a
0xde79cc7660d5c05b4cd2f4e72cae30cde2583d9a,https://polymarket.com/0xde79cc7660d5c05b4cd2f4e72cae30cde2583d9a,5,2026-06-28T14:02:19.495+00:00,2026-06-28T14:02:20.532+00:00,2026-06-28T14:02:20.918+00:00,2026-06-28T14:02:20.918+00:00,1771270903,2026-02-16T19:41:43.000+00:00,,excluded_historical_page_churn,historical_page_churn,5.000000,386.000000,0xc3693c22e6b5708e344e0d40d1d015bbee8b3e712bfb4582930b3fbbb7829014,true,btc-updown-15m-1771270200,btc-updown-15m-1771270200,"Bitcoin Up or Down - February 16, 2:30PM-2:45PM ET",0x5285379beb1a5637ff4d1a33f49ce07e62e9247115f85ccee99516ad98167c17,62922206268673932069584517583171119840340241116716892977729491249445845991568,Up,BUY,0.9361018536,307.27425,fast_crypto_up_down,BTC,true,false,https://data-api.polymarket.com/activity?user=0xde79cc7660d5c05b4cd2f4e72cae30cde2583d9a&type=TRADE&limit=100&offset=0&sortBy=TIMESTAMP&sortDirection=DESC,97341737ec9b7d78ca4651806fd0615f41fdb94bfe4cb2937fcf3256fb5a3846,1fb2764e1e618896da891e4c908e944c65b663854c50966a055bdba3146bfc53
0xde79cc7660d5c05b4cd2f4e72cae30cde2583d9a,https://polymarket.com/0xde79cc7660d5c05b4cd2f4e72cae30cde2583d9a,5,2026-06-28T14:02:19.495+00:00,2026-06-28T14:02:20.532+00:00,2026-06-28T14:02:20.918+00:00,2026-06-28T14:02:20.918+00:00,1771271253,2026-02-16T19:47:33.000+00:00,,excluded_historical_page_churn,historical_page_churn,5.000000,386.000000,0x64b2e5bcac79996dd12d698379f425d58b4b5d8c0d89879917079dfd1c44facf,true,btc-updown-5m-1771271100,btc-updown-5m-1771271100,"Bitcoin Up or Down - February 16, 2:45PM-2:50PM ET",0x0fb2ceba05d2dae4139f3daf1f5edd70254c664ecac1cfe69d18460326e8fe76,104061064247386173772545788287993890111136470160307905128698268433378957395936,Down,BUY,0.8844489779,346.746963,fast_crypto_up_down,BTC,true,true,https://data-api.polymarket.com/activity?user=0xde79cc7660d5c05b4cd2f4e72cae30cde2583d9a&type=TRADE&limit=100&offset=0&sortBy=TIMESTAMP&sortDirection=DESC,871955162ae2c6f27e3abbd9cd3a20ad6c484df60546f3086dde7f1965ddafb9,d206892a484e2c994545ccb01d61a163cf9608ee4e0ce5830551059c5239dd6f
0xde79cc7660d5c05b4cd2f4e72cae30cde2583d9a,https://polymarket.com/0xde79cc7660d5c05b4cd2f4e72cae30cde2583d9a,5,2026-06-28T14:02:19.495+00:00,2026-06-28T14:02:20.532+00:00,2026-06-28T14:02:20.918+00:00,2026-06-28T14:02:20.918+00:00,1771271623,2026-02-16T19:53:43.000+00:00,,excluded_historical_page_churn,historical_page_churn,5.000000,386.000000,0x7cd16e7a002c863347ce343da4c405eefbb6a956bb39fad73a06f28586b1806f,true,btc-updown-15m-1771271100,btc-updown-15m-1771271100,"Bitcoin Up or Down - February 16, 2:45PM-3:00PM ET",0x5347c8ca47a3144f5fdaf7709f7fcfc2f85623fed6ba57e1d9dc384d1bb6321d,69637911578793052368008211676271961739584786184960498765872150690899251079037,Down,BUY,0.9323832228,370.931166,fast_crypto_up_down,BTC,true,false,https://data-api.polymarket.com/activity?user=0xde79cc7660d5c05b4cd2f4e72cae30cde2583d9a&type=TRADE&limit=100&offset=0&sortBy=TIMESTAMP&sortDirection=DESC,b78adb17fe73c0965ee0779e552c31fb8931ff57f8abee63921fb422db2dcfd3,304d30750f72663310f19582a903fda68fa7ebafc66cc4550c9bfe48b88234ea
0xde79cc7660d5c05b4cd2f4e72cae30cde2583d9a,https://polymarket.com/0xde79cc7660d5c05b4cd2f4e72cae30cde2583d9a,5,2026-06-28T14:02:19.495+00:00,2026-06-28T14:02:20.532+00:00,2026-06-28T14:02:20.918+00:00,2026-06-28T14:02:20.918+00:00,1771272413,2026-02-16T20:06:53.000+00:00,,excluded_historical_page_churn,historical_page_churn,5.000000,386.000000,0x990ab2954a7a09068fb1669c0df41543f65d45a35beafee8221665f3ddc18af7,true,btc-updown-5m-1771272300,btc-updown-5m-1771272300,"Bitcoin Up or Down - February 16, 3:05PM-3:10PM ET",0xf6a628bf4b0aa4b1ad98151a26d50591ed8644c69c15a8d123ee0eaccef91b82,68190867518223789074472591711104344287481977052831963904935184472968831390555,Down,BUY,0.8767817307,422.214541,fast_crypto_up_down,BTC,true,true,https://data-api.polymarket.com/activity?user=0xde79cc7660d5c05b4cd2f4e72cae30cde2583d9a&type=TRADE&limit=100&offset=0&sortBy=TIMESTAMP&sortDirection=DESC,45d9bbc7d9eae8f1c3a472bca8ea79e7bab96d338dad1157a35d657b4f7c538c,eefc451ad536a6f1cd0969000852ddd9ec8f6d70b15bcc147310a54f2123ca57
0xde79cc7660d5c05b4cd2f4e72cae30cde2583d9a,https://polymarket.com/0xde79cc7660d5c05b4cd2f4e72cae30cde2583d9a,5,2026-06-28T14:02:19.495+00:00,2026-06-28T14:02:20.532+00:00,2026-06-28T14:02:20.918+00:00,2026-06-28T14:02:20.918+00:00,1771272487,2026-02-16T20:08:07.000+00:00,,excluded_historical_page_churn,historical_page_churn,5.000000,386.000000,0xc1553decb6a2ccb6a4b138dd872d93e5eb3e57ca2b1b2a6b048076b53570527a,true,btc-updown-5m-1771272300,btc-updown-5m-1771272300,"Bitcoin Up or Down - February 16, 3:05PM-3:10PM ET",0xf6a628bf4b0aa4b1ad98151a26d50591ed8644c69c15a8d123ee0eaccef91b82,68190867518223789074472591711104344287481977052831963904935184472968831390555,Down,SELL,0.6576488194,420.98,fast_crypto_up_down,BTC,true,true,https://data-api.polymarket.com/activity?user=0xde79cc7660d5c05b4cd2f4e72cae30cde2583d9a&type=TRADE&limit=100&offset=0&sortBy=TIMESTAMP&sortDirection=DESC,d1a8cbf96d0c0031f806e92f40fe5009661ce619cd38ff64f30115e90ed575f8,fd33de3acea645d21fcf41fc3d053921267d8b6f67edfd078f69c299d524c0a3
0xde79cc7660d5c05b4cd2f4e72cae30cde2583d9a,https://polymarket.com/0xde79cc7660d5c05b4cd2f4e72cae30cde2583d9a,5,2026-06-28T14:02:19.495+00:00,2026-06-28T14:02:20.532+00:00,2026-06-28T14:02:20.918+00:00,2026-06-28T14:02:20.918+00:00,1771272587,2026-02-16T20:09:47.000+00:00,,excluded_historical_page_churn,historical_page_churn,5.000000,386.000000,0x47a7d590bff24d61dc4d1f1293cec84eb4bbdc86a9e041fe7a99e46d9a3c4f2f,true,btc-updown-5m-1771272300,btc-updown-5m-1771272300,"Bitcoin Up or Down - February 16, 3:05PM-3:10PM ET",0xf6a628bf4b0aa4b1ad98151a26d50591ed8644c69c15a8d123ee0eaccef91b82,24858849614183142479964066150980801656466116672945242948492693250520073404090,Up,BUY,0.4799999827,20.833332,fast_crypto_up_down,BTC,true,true,https://data-api.polymarket.com/activity?user=0xde79cc7660d5c05b4cd2f4e72cae30cde2583d9a&type=TRADE&limit=100&offset=0&sortBy=TIMESTAMP&sortDirection=DESC,6f06556ffa57f8e2b93b679bbc6c2ab01d307887178602dba568ca28da27de1e,222825a747a582c831997c8b8e13464f560436e6742aa7173a60f5acda1b7630
0xde79cc7660d5c05b4cd2f4e72cae30cde2583d9a,https://polymarket.com/0xde79cc7660d5c05b4cd2f4e72cae30cde2583d9a,5,2026-06-28T14:02:19.495+00:00,2026-06-28T14:02:20.532+00:00,2026-06-28T14:02:20.918+00:00,2026-06-28T14:02:20.918+00:00,1771272849,2026-02-16T20:14:09.000+00:00,,excluded_historical_page_churn,historical_page_churn,5.000000,386.000000,0x908ccd188afde7cc8288c73e8a2d94e81e6046725e87f5af76683aa47a1e16e0,true,btc-updown-5m-1771272600,btc-updown-5m-1771272600,"Bitcoin Up or Down - February 16, 3:10PM-3:15PM ET",0xf6575864037284884a429b895a41f5bca8ecba5a29832746954144acd766c97b,37130010088332442648744861772391477522187945138945162874088816234183570825771,Up,BUY,0.445224951,44.92111,fast_crypto_up_down,BTC,true,true,https://data-api.polymarket.com/activity?user=0xde79cc7660d5c05b4cd2f4e72cae30cde2583d9a&type=TRADE&limit=100&offset=0&sortBy=TIMESTAMP&sortDirection=DESC,3cdbf6616d13cf3bfdaacc3f4ef779f84154203030d56a8087bf987c99d91c5b,4c89373cfcceabf349266b521ea74c636ca4cea4000108ca8e91a52d318e4983
0xde79cc7660d5c05b4cd2f4e72cae30cde2583d9a,https://polymarket.com/0xde79cc7660d5c05b4cd2f4e72cae30cde2583d9a,5,2026-06-28T14:02:19.495+00:00,2026-06-28T14:02:20.532+00:00,2026-06-28T14:02:20.918+00:00,2026-06-28T14:02:20.918+00:00,1771273401,2026-02-16T20:23:21.000+00:00,,excluded_historical_page_churn,historical_page_churn,5.000000,386.000000,0x9cfcf4a2f6a6dc3c0b1947662af44b4be0227cf4ffc6b8ad30ad4dc445456781,true,btc-updown-5m-1771273200,btc-updown-5m-1771273200,"Bitcoin Up or Down - February 16, 3:20PM-3:25PM ET",0xf16102dfb2f1f52820379f41ca1e9f080f52a3c77d07e35b36d530886570ab70,25055498435800800252876333907251267767119488125976788948432409978919647209726,Down,BUY,0.1800777061,55.531577,fast_crypto_up_down,BTC,true,true,https://data-api.polymarket.com/activity?user=0xde79cc7660d5c05b4cd2f4e72cae30cde2583d9a&type=TRADE&limit=100&offset=0&sortBy=TIMESTAMP&sortDirection=DESC,37bab0c5d7bbd758dd2934b768f58346466d686456d05511c37fff584482fb6d,029de3e3ca1efc9ba9da1f329b85dd157b79bf515220bea87bafcb8a406c8035
0xde79cc7660d5c05b4cd2f4e72cae30cde2583d9a,https://polymarket.com/0xde79cc7660d5c05b4cd2f4e72cae30cde2583d9a,5,2026-06-28T14:02:19.495+00:00,2026-06-28T14:02:20.532+00:00,2026-06-28T14:02:20.918+00:00,2026-06-28T14:02:20.918+00:00,1771273449,2026-02-16T20:24:09.000+00:00,,excluded_historical_page_churn,historical_page_churn,5.000000,386.000000,0xfb396e086a1405095bfef70dc599da31ed51c526b7cee267860d9c88ed6a8907,true,btc-updown-5m-1771273200,btc-updown-5m-1771273200,"Bitcoin Up or Down - February 16, 3:20PM-3:25PM ET",0xf16102dfb2f1f52820379f41ca1e9f080f52a3c77d07e35b36d530886570ab70,110412322559634297179390871586061836199823585395911718369401115060791720876342,Up,BUY,0.9695400713,303.525333,fast_crypto_up_down,BTC,true,true,https://data-api.polymarket.com/activity?user=0xde79cc7660d5c05b4cd2f4e72cae30cde2583d9a&type=TRADE&limit=100&offset=0&sortBy=TIMESTAMP&sortDirection=DESC,11f47178ef307cec61628da776fe016215835bac9051438832c48c595fa0f89a,1b905e11bef8017db4febce167d0ab5c2a4a74e2271310a29386e962e690d7b5
0xde79cc7660d5c05b4cd2f4e72cae30cde2583d9a,https://polymarket.com/0xde79cc7660d5c05b4cd2f4e72cae30cde2583d9a,5,2026-06-28T14:02:19.495+00:00,2026-06-28T14:02:20.532+00:00,2026-06-28T14:02:20.918+00:00,2026-06-28T14:02:20.918+00:00,1771273685,2026-02-16T20:28:05.000+00:00,,excluded_historical_page_churn,historical_page_churn,5.000000,386.000000,0xf2db16dd995b2653fe78c1123bef3a8f6c5cce7e2de2ceed8717225583d10fcc,true,btc-updown-5m-1771273500,btc-updown-5m-1771273500,"Bitcoin Up or Down - February 16, 3:25PM-3:30PM ET",0x014d772d72f9fb6fe8322e237b7316cc3a94da59106afd5200aca974da5bb246,22746638373726296409807898808757890817235990282731073683419477891580498901019,Up,BUY,0.9357371456,323.327966,fast_crypto_up_down,BTC,true,true,https://data-api.polymarket.com/activity?user=0xde79cc7660d5c05b4cd2f4e72cae30cde2583d9a&type=TRADE&limit=100&offset=0&sortBy=TIMESTAMP&sortDirection=DESC,da0ab4ff45489ca4f34521faef7afbdf7679ba21055f67f6b616c065dde68d89,afd5e0438e773856751957996e439bf8feadef6b0b14b6b3338bf26462825e5a
0xde79cc7660d5c05b4cd2f4e72cae30cde2583d9a,https://polymarket.com/0xde79cc7660d5c05b4cd2f4e72cae30cde2583d9a,5,2026-06-28T14:02:19.495+00:00,2026-06-28T14:02:20.532+00:00,2026-06-28T14:02:20.918+00:00,2026-06-28T14:02:20.918+00:00,1771274573,2026-02-16T20:42:53.000+00:00,,excluded_historical_page_churn,historical_page_churn,5.000000,386.000000,0xd2c7b9c9a765c15b2be69731ec7cdbf90e56985ca9fc3a721b4d953e2ab76516,true,btc-updown-5m-1771274400,btc-updown-5m-1771274400,"Bitcoin Up or Down - February 16, 3:40PM-3:45PM ET",0x6bc5db5dd63ae81c1fb74e0f1168d42b2c09f80efed885c61643172a1090d485,46962087069571492782435623495398541574727652643525800344175584502556144045648,Up,BUY,0.9684310669,350.5567,fast_crypto_up_down,BTC,true,true,https://data-api.polymarket.com/activity?user=0xde79cc7660d5c05b4cd2f4e72cae30cde2583d9a&type=TRADE&limit=100&offset=0&sortBy=TIMESTAMP&sortDirection=DESC,eb5b469eb80cff281d1d47b0c8517bba7ccae6d729bc7c3a97119142e096a7b7,a70fbde009ab8edddbd5e0e45d170451aa5187b894588131b176788f53502986
0xde79cc7660d5c05b4cd2f4e72cae30cde2583d9a,https://polymarket.com/0xde79cc7660d5c05b4cd2f4e72cae30cde2583d9a,5,2026-06-28T14:02:19.495+00:00,2026-06-28T14:02:20.532+00:00,2026-06-28T14:02:20.918+00:00,2026-06-28T14:02:20.918+00:00,1771275283,2026-02-16T20:54:43.000+00:00,,excluded_historical_page_churn,historical_page_churn,5.000000,386.000000,0x1c3eb170a6fab455129f64b863a8e18500d8319832317b41ddad69b1751e2568,true,btc-updown-15m-1771274700,btc-updown-15m-1771274700,"Bitcoin Up or Down - February 16, 3:45PM-4:00PM ET",0xd7ab328735923b293a244b6966d57a0e1362f7d81ffa0008e0c40e2f670d635e,108527551578113685821848196631559975620480584721305267560519961645860771758147,Up,BUY,0.9048097566,403.410766,fast_crypto_up_down,BTC,true,false,https://data-api.polymarket.com/activity?user=0xde79cc7660d5c05b4cd2f4e72cae30cde2583d9a&type=TRADE&limit=100&offset=0&sortBy=TIMESTAMP&sortDirection=DESC,bb9997f2871366af118d2d007cbfe1947881e3ba428e7b2a4f1aa98f77c95ab8,537ae815e63135eb1941972680abffa6a02b43f8025e74542d3fa50750d22525
0xde79cc7660d5c05b4cd2f4e72cae30cde2583d9a,https://polymarket.com/0xde79cc7660d5c05b4cd2f4e72cae30cde2583d9a,5,2026-06-28T14:02:19.495+00:00,2026-06-28T14:02:20.532+00:00,2026-06-28T14:02:20.918+00:00,2026-06-28T14:02:20.918+00:00,1771276157,2026-02-16T21:09:17.000+00:00,,excluded_historical_page_churn,historical_page_churn,5.000000,386.000000,0x61f3fc4a8de3aad75bac9a163d793bb85fd8b3aac1dab9335dbd3657da1db65f,true,btc-updown-5m-1771275900,btc-updown-5m-1771275900,"Bitcoin Up or Down - February 16, 4:05PM-4:10PM ET",0xdf9a79ef3faf407febdb179da21ab93423ab420021b70170b508af14b95eefa6,35657530019220905780436760381506499019343558108763721414474519073851519052687,Up,BUY,0.9699999997,414.701029,fast_crypto_up_down,BTC,true,true,https://data-api.polymarket.com/activity?user=0xde79cc7660d5c05b4cd2f4e72cae30cde2583d9a&type=TRADE&limit=100&offset=0&sortBy=TIMESTAMP&sortDirection=DESC,909d6233ed217ce37aab11b9c1a951cc4adc5daed210b5271def501b09427d89,a8f5bedfdcfee00f79109c3e6853249ee3b7cc109c0636e912c6d3044a248768
0xde79cc7660d5c05b4cd2f4e72cae30cde2583d9a,https://polymarket.com/0xde79cc7660d5c05b4cd2f4e72cae30cde2583d9a,5,2026-06-28T14:02:19.495+00:00,2026-06-28T14:02:20.532+00:00,2026-06-28T14:02:20.918+00:00,2026-06-28T14:02:20.918+00:00,1771276999,2026-02-16T21:23:19.000+00:00,,excluded_historical_page_churn,historical_page_churn,5.000000,386.000000,0xf9e8af22f0b597730eb70ef09b9c7285fdec9f2cb06c5ddc8c7fe71dc2b48a8f,true,btc-updown-5m-1771276800,btc-updown-5m-1771276800,"Bitcoin Up or Down - February 16, 4:20PM-4:25PM ET",0x8ced0e4d2900af69ac5c6c3ecef53a4482f8218434e433594302db734af86938,113479280045891239200991823895759301920013756994755608189069230801587414128425,Up,BUY,0.9466978258,437.95388,fast_crypto_up_down,BTC,true,true,https://data-api.polymarket.com/activity?user=0xde79cc7660d5c05b4cd2f4e72cae30cde2583d9a&type=TRADE&limit=100&offset=0&sortBy=TIMESTAMP&sortDirection=DESC,a6b45f2bc6d287aa96aac4b6b93b5823e4e3d80a67f641fe9b2f20c00aa08588,6a0f75e5b0979bd914ccf4736f7b791206799fdd73c88e460d6442e1358b38af
0xde79cc7660d5c05b4cd2f4e72cae30cde2583d9a,https://polymarket.com/0xde79cc7660d5c05b4cd2f4e72cae30cde2583d9a,5,2026-06-28T14:02:19.495+00:00,2026-06-28T14:02:20.532+00:00,2026-06-28T14:02:20.918+00:00,2026-06-28T14:02:20.918+00:00,1771277053,2026-02-16T21:24:13.000+00:00,,excluded_historical_page_churn,historical_page_churn,5.000000,386.000000,0xacc7107ae53c5b035ac78bd4b8f11b95ddddc0d76ec870525bc125368bcfcda3,true,btc-updown-5m-1771276800,btc-updown-5m-1771276800,"Bitcoin Up or Down - February 16, 4:20PM-4:25PM ET",0x8ced0e4d2900af69ac5c6c3ecef53a4482f8218434e433594302db734af86938,113479280045891239200991823895759301920013756994755608189069230801587414128425,Up,SELL,0.889124226,437.67,fast_crypto_up_down,BTC,true,true,https://data-api.polymarket.com/activity?user=0xde79cc7660d5c05b4cd2f4e72cae30cde2583d9a&type=TRADE&limit=100&offset=0&sortBy=TIMESTAMP&sortDirection=DESC,64398177f52a8ce1b71b6134135963ba401b909a680715c15a40ae91fc7eafa9,c74b26cc4ee16197a0288b1a42e69b7c28ef695ad08b4632976cc178c49bdcdc
0xde79cc7660d5c05b4cd2f4e72cae30cde2583d9a,https://polymarket.com/0xde79cc7660d5c05b4cd2f4e72cae30cde2583d9a,5,2026-06-28T14:02:19.495+00:00,2026-06-28T14:02:20.532+00:00,2026-06-28T14:02:20.918+00:00,2026-06-28T14:02:20.918+00:00,1771277077,2026-02-16T21:24:37.000+00:00,,excluded_historical_page_churn,historical_page_churn,5.000000,386.000000,0xa2019dd463215a12b68d86de26ba2c1d313678a6b4f31d72c070fbda6746eded,true,btc-updown-5m-1771276800,btc-updown-5m-1771276800,"Bitcoin Up or Down - February 16, 4:20PM-4:25PM ET",0x8ced0e4d2900af69ac5c6c3ecef53a4482f8218434e433594302db734af86938,5213490661297316071692634491837821149835210454614811172124639536329599779615,Down,BUY,0.3789726998,52.77425,fast_crypto_up_down,BTC,true,true,https://data-api.polymarket.com/activity?user=0xde79cc7660d5c05b4cd2f4e72cae30cde2583d9a&type=TRADE&limit=100&offset=0&sortBy=TIMESTAMP&sortDirection=DESC,e5cf1a04bcc10b24ede1b241da3c10d648981e3835f0439552388016d78f8a11,ab4cb86c58c438dbad7a81b4998a87db7cdb0a3e6e3ccf812ed8a5fdc124f42e
0xde79cc7660d5c05b4cd2f4e72cae30cde2583d9a,https://polymarket.com/0xde79cc7660d5c05b4cd2f4e72cae30cde2583d9a,5,2026-06-28T14:02:19.495+00:00,2026-06-28T14:02:20.532+00:00,2026-06-28T14:02:20.918+00:00,2026-06-28T14:02:20.918+00:00,1771278283,2026-02-16T21:44:43.000+00:00,,excluded_historical_page_churn,historical_page_churn,5.000000,386.000000,0xd6306e1b6be966d2aa52a79987f86ac6d493642f7fb47557af37e34cf22f5c33,true,btc-updown-5m-1771278000,btc-updown-5m-1771278000,"Bitcoin Up or Down - February 16, 4:40PM-4:45PM ET",0x19e77bc46e80a0fa9a59140785f05645a94d936d27cd39d51f4dffff5dcd0c32,94045889077382798226797945340822934699792963694350439856987804666751828433019,Up,BUY,0.8599999989,34.883714,fast_crypto_up_down,BTC,true,true,https://data-api.polymarket.com/activity?user=0xde79cc7660d5c05b4cd2f4e72cae30cde2583d9a&type=TRADE&limit=100&offset=0&sortBy=TIMESTAMP&sortDirection=DESC,1cbc129a1dc0ef1a2c422a763efe7bd9b819482e2a06640b0f0ca7b327df6e32,1b180dfd0401271c9163558b53390dbb89201b041764cca600153391bbb17b48
0xde79cc7660d5c05b4cd2f4e72cae30cde2583d9a,https://polymarket.com/0xde79cc7660d5c05b4cd2f4e72cae30cde2583d9a,5,2026-06-28T14:02:19.495+00:00,2026-06-28T14:02:20.532+00:00,2026-06-28T14:02:20.918+00:00,2026-06-28T14:02:20.918+00:00,1771278525,2026-02-16T21:48:45.000+00:00,,excluded_historical_page_churn,historical_page_churn,5.000000,386.000000,0x46b45860969a204bbc4ee3f53177df3aa77ec1f795d30d4dc0a8fd2395af94e1,true,btc-updown-5m-1771278300,btc-updown-5m-1771278300,"Bitcoin Up or Down - February 16, 4:45PM-4:50PM ET",0x47df549a34923c8a71b143756bb8a139855a509b7de6dd6701ba333fe179a722,42045196942851189099495476013580188725113997948888346476316172741479588272452,Up,BUY,0.5712889827,87.521378,fast_crypto_up_down,BTC,true,true,https://data-api.polymarket.com/activity?user=0xde79cc7660d5c05b4cd2f4e72cae30cde2583d9a&type=TRADE&limit=100&offset=0&sortBy=TIMESTAMP&sortDirection=DESC,a97fb627109970771ddbd87ad8080fb8f1143c872ae822109ea6085bc9373ec5,cec72568e24e74c753b7c5601b5e9d217311a722e1e8e086f1849b51f6a7cd50
0xde79cc7660d5c05b4cd2f4e72cae30cde2583d9a,https://polymarket.com/0xde79cc7660d5c05b4cd2f4e72cae30cde2583d9a,5,2026-06-28T14:02:19.495+00:00,2026-06-28T14:02:20.532+00:00,2026-06-28T14:02:20.918+00:00,2026-06-28T14:02:20.918+00:00,1771278563,2026-02-16T21:49:23.000+00:00,,excluded_historical_page_churn,historical_page_churn,5.000000,386.000000,0x05d37198b6f3f25aeda551ca19ed71e12c2524fa9e377c5f7fc033f10c72f065,true,btc-updown-5m-1771278300,btc-updown-5m-1771278300,"Bitcoin Up or Down - February 16, 4:45PM-4:50PM ET",0x47df549a34923c8a71b143756bb8a139855a509b7de6dd6701ba333fe179a722,42045196942851189099495476013580188725113997948888346476316172741479588272452,Up,SELL,0.7926064149,40.14994,fast_crypto_up_down,BTC,true,true,https://data-api.polymarket.com/activity?user=0xde79cc7660d5c05b4cd2f4e72cae30cde2583d9a&type=TRADE&limit=100&offset=0&sortBy=TIMESTAMP&sortDirection=DESC,07b58524b91c13854a5714f9ad425d7d94841332b5b2be2b1a63956e4adf2beb,51578c088da80d8ceda5fd139229fb6fde21d0d98baf21e80f3d5e98f6506389
0xde79cc7660d5c05b4cd2f4e72cae30cde2583d9a,https://polymarket.com/0xde79cc7660d5c05b4cd2f4e72cae30cde2583d9a,5,2026-06-28T14:02:19.495+00:00,2026-06-28T14:02:20.532+00:00,2026-06-28T14:02:20.918+00:00,2026-06-28T14:02:20.918+00:00,1771279665,2026-02-16T22:07:45.000+00:00,,excluded_historical_page_churn,historical_page_churn,5.000000,386.000000,0x01150c97a2f8736700e93ef1f4e6fcc83b0b26417365cb4b38da95774cd025c5,true,btc-updown-5m-1771279500,btc-updown-5m-1771279500,"Bitcoin Up or Down - February 16, 5:05PM-5:10PM ET",0x6170f17fee8f1ad791f30e245771374abd9a0f527312720a03055c83b25e23de,866618764004672938401506932445494621631763177504393811253855425274531075192,Down,BUY,0.80720472,470.921425,fast_crypto_up_down,BTC,true,true,https://data-api.polymarket.com/activity?user=0xde79cc7660d5c05b4cd2f4e72cae30cde2583d9a&type=TRADE&limit=100&offset=0&sortBy=TIMESTAMP&sortDirection=DESC,1bdf89d5e7bdf5a222183906eaffe3200802882612f8c078b01157bff8e91585,535d765e5c15f1fafe249f8ec1ecba7ae22aacb842207553127957594162f70e
0xde79cc7660d5c05b4cd2f4e72cae30cde2583d9a,https://polymarket.com/0xde79cc7660d5c05b4cd2f4e72cae30cde2583d9a,5,2026-06-28T14:02:19.495+00:00,2026-06-28T14:02:20.532+00:00,2026-06-28T14:02:20.918+00:00,2026-06-28T14:02:20.918+00:00,1771279717,2026-02-16T22:08:37.000+00:00,,excluded_historical_page_churn,historical_page_churn,5.000000,386.000000,0x5eabbb001800147e992817fef30b6a2205fce1640e1781204f6511277e2bd3e3,true,btc-updown-5m-1771279500,btc-updown-5m-1771279500,"Bitcoin Up or Down - February 16, 5:05PM-5:10PM ET",0x6170f17fee8f1ad791f30e245771374abd9a0f527312720a03055c83b25e23de,866618764004672938401506932445494621631763177504393811253855425274531075192,Down,SELL,0.5950265986,468.07,fast_crypto_up_down,BTC,true,true,https://data-api.polymarket.com/activity?user=0xde79cc7660d5c05b4cd2f4e72cae30cde2583d9a&type=TRADE&limit=100&offset=0&sortBy=TIMESTAMP&sortDirection=DESC,c1e803d8484aab743e999758155ecfa939f8763e7b8f308b4a8c3b9f932a6b52,ae04ebbae5a43c63d0b432bc6bd96a09a057ae4b67b5cebb34fb698ed632eaba
0xde79cc7660d5c05b4cd2f4e72cae30cde2583d9a,https://polymarket.com/0xde79cc7660d5c05b4cd2f4e72cae30cde2583d9a,5,2026-06-28T14:02:19.495+00:00,2026-06-28T14:02:20.532+00:00,2026-06-28T14:02:20.918+00:00,2026-06-28T14:02:20.918+00:00,1771279933,2026-02-16T22:12:13.000+00:00,,excluded_historical_page_churn,historical_page_churn,5.000000,386.000000,0x7d73d2a283b943a45c18a95d05a3afb003f4fc7a7ae1da2d5acff6efcbcb6229,true,btc-updown-5m-1771279800,btc-updown-5m-1771279800,"Bitcoin Up or Down - February 16, 5:10PM-5:15PM ET",0xd17e2e81c2e8f526ad1152d171be78352284824f84e8e1b42fe69c97272eb481,114020280452071777084023062623741247341034443897425248630000621577531069118965,Up,BUY,0.7831174306,350.483832,fast_crypto_up_down,BTC,true,true,https://data-api.polymarket.com/activity?user=0xde79cc7660d5c05b4cd2f4e72cae30cde2583d9a&type=TRADE&limit=100&offset=0&sortBy=TIMESTAMP&sortDirection=DESC,3d5330cf38d6b8e27cc2e6c24c48a479e1e995a57789283205ea9566f7871254,9a83cecdf1f03eb6d6c8dd2d70265f4b22286016262d7a0a54c9303e05090ba7
0xde79cc7660d5c05b4cd2f4e72cae30cde2583d9a,https://polymarket.com/0xde79cc7660d5c05b4cd2f4e72cae30cde2583d9a,5,2026-06-28T14:02:19.495+00:00,2026-06-28T14:02:20.532+00:00,2026-06-28T14:02:20.918+00:00,2026-06-28T14:02:20.918+00:00,1771281253,2026-02-16T22:34:13.000+00:00,,excluded_historical_page_churn,historical_page_churn,5.000000,386.000000,0x74c24427510253ca8ed3814cfa879d5335b8824d0765daca39b3bf77ce410baa,true,btc-updown-5m-1771281000,btc-updown-5m-1771281000,"Bitcoin Up or Down - February 16, 5:30PM-5:35PM ET",0xf09cbb02a77963866fc39fbf3785ef6d4664b0737bed4513c33d60d6fc4c0c32,111220752415266568315044210759061945840571789611044601803375625216801382173396,Up,BUY,0.9741717361,239.76265,fast_crypto_up_down,BTC,true,true,https://data-api.polymarket.com/activity?user=0xde79cc7660d5c05b4cd2f4e72cae30cde2583d9a&type=TRADE&limit=100&offset=0&sortBy=TIMESTAMP&sortDirection=DESC,dc326595837159672d4e5b17d1d287ee3beb809b0afaef2d9b4c0c2260e6807f,6123f56b5380c1d5314dd2f7581ac98c37db54e4669bf78315fdeb440914bae1
0xde79cc7660d5c05b4cd2f4e72cae30cde2583d9a,https://polymarket.com/0xde79cc7660d5c05b4cd2f4e72cae30cde2583d9a,5,2026-06-28T14:02:19.495+00:00,2026-06-28T14:02:20.532+00:00,2026-06-28T14:02:20.918+00:00,2026-06-28T14:02:20.918+00:00,1771282381,2026-02-16T22:53:01.000+00:00,,excluded_historical_page_churn,historical_page_churn,5.000000,386.000000,0xbdf6b1640d603547af52829308bdc892ca4b28aad2167b9f75153d7b29aeab94,true,btc-updown-5m-1771282200,btc-updown-5m-1771282200,"Bitcoin Up or Down - February 16, 5:50PM-5:55PM ET",0xbc5b3456f58b9d50591593c1855b36990be36e986523f3c936d7eece1ac6aa75,60372480659066749659245261515726029271626208338423506511721323939353936635772,Down,BUY,0.9229273578,259.4787,fast_crypto_up_down,BTC,true,true,https://data-api.polymarket.com/activity?user=0xde79cc7660d5c05b4cd2f4e72cae30cde2583d9a&type=TRADE&limit=100&offset=0&sortBy=TIMESTAMP&sortDirection=DESC,75b4800a62b4687836e0c0c5a22654761f6558d730b1349f1f5a9c73d1751510,1ca6778a327989d36eb4e29061e845a09f62cdf5b47f095f72831bf8d647dce9
0xde79cc7660d5c05b4cd2f4e72cae30cde2583d9a,https://polymarket.com/0xde79cc7660d5c05b4cd2f4e72cae30cde2583d9a,5,2026-06-28T14:02:19.495+00:00,2026-06-28T14:02:20.532+00:00,2026-06-28T14:02:20.918+00:00,2026-06-28T14:02:20.918+00:00,1771324971,2026-02-17T10:42:51.000+00:00,,excluded_historical_page_churn,historical_page_churn,5.000000,386.000000,0x75214b2188ee4a2f195409dcd2dacd7f0c9c0cd690c89d7e1c3a417b2f93c75a,true,btc-updown-15m-1771324200,btc-updown-15m-1771324200,"Bitcoin Up or Down - February 17, 5:30AM-5:45AM ET",0xdd7a489c86322fba4e4a8a20638f98c378cc076eef493d08fd6af1d2b73edb3c,103927816016202751061724512752989082199956598040964653826191736903517318487556,Down,BUY,0.9796003669,100.0918,fast_crypto_up_down,BTC,true,false,https://data-api.polymarket.com/activity?user=0xde79cc7660d5c05b4cd2f4e72cae30cde2583d9a&type=TRADE&limit=100&offset=0&sortBy=TIMESTAMP&sortDirection=DESC,51e69e37c8b438d8f26748c0ff1678197ac63f0d2ccffb6b4a0e9c6a60982160,6f0b80c76755918e5455133cc44335f41e6816c2b30164fff62014cfa8a09849
0x29a55c2bf8efd1029c001477b34be47d3ca37752,https://polymarket.com/0x29a55c2bf8efd1029c001477b34be47d3ca37752,9,2026-06-28T14:02:39.485+00:00,2026-06-28T14:02:40.063+00:00,2026-06-28T14:02:40.529+00:00,2026-06-28T14:02:40.529+00:00,1782655319,2026-06-28T14:01:59.000+00:00,41.529000,measured_upper_bound,new_live_window_trade,5.000000,466.000000,0x862c48430a6995bbdf77f7dd4721f3b1c4e6c49d651102b80bbe8c22dcd68781,true,eth-updown-4h-1782648000,eth-updown-4h-1782648000,"Ethereum Up or Down - June 28, 8:00AM-12:00PM ET",0x2877769b9c9be95e3ffa732db2deadb8d15842edfdba215427905fe84bdda0e1,104768651126092487483128898035921437535351594824366196080083652976149298030662,Up,BUY,0.37,9.91,fast_crypto_up_down,ETH,true,false,https://data-api.polymarket.com/activity?user=0x29a55c2bf8efd1029c001477b34be47d3ca37752&type=TRADE&limit=100&offset=0&sortBy=TIMESTAMP&sortDirection=DESC,9caffda09ddddb1711d9239d0c7cfdcd11e5ba94cd45f799dec8239eb5cde5e5,5ec23d932d8d7732c0e6f51421ab190c1a69385ab0bd6bc6843da97f4ef59197
0x088df3b7e5c1b5c2d4b7dc760863153480cf025e,https://polymarket.com/0x088df3b7e5c1b5c2d4b7dc760863153480cf025e,16,2026-06-28T14:03:14.490+00:00,2026-06-28T14:03:14.490+00:00,2026-06-28T14:03:14.932+00:00,2026-06-28T14:03:14.932+00:00,1782655384,2026-06-28T14:03:04.000+00:00,10.932000,measured_upper_bound,new_live_window_trade,5.000000,442.000000,0x0fe55bfe1ab657207884016eade63458627fd4e948e3057c941fcc0900d84ad0,true,btc-updown-4h-1782648000,btc-updown-4h-1782648000,"Bitcoin Up or Down - June 28, 8:00AM-12:00PM ET",0xb0259f4a8cbe081e5e83d373ddbfff97d8a5e590d05f458deeef004e5e0d7388,82840821059888003379867967448769112236139713175770301810026114805361516404677,Down,BUY,0.79,5,fast_crypto_up_down,BTC,true,false,https://data-api.polymarket.com/activity?user=0x088df3b7e5c1b5c2d4b7dc760863153480cf025e&type=TRADE&limit=100&offset=0&sortBy=TIMESTAMP&sortDirection=DESC,0b199ee9e40a3fa62b2af91452a952d00ff3626a6dc529e4a2f233856ccbcdbf,551748208838a55d3009a3e7b4a3f992642af963090087d7f62e595f2f9e4996
0x088df3b7e5c1b5c2d4b7dc760863153480cf025e,https://polymarket.com/0x088df3b7e5c1b5c2d4b7dc760863153480cf025e,20,2026-06-28T14:03:34.498+00:00,2026-06-28T14:03:34.498+00:00,2026-06-28T14:03:34.894+00:00,2026-06-28T14:03:34.894+00:00,1782633746,2026-06-28T08:02:26.000+00:00,,excluded_historical_page_churn,historical_page_churn,5.000000,396.000000,0xfb9c1493d77bfef37cc9089e8e679ca0e6a1b0e272121f98ae905a426158d885,true,xrp-updown-5m-1782633600,xrp-updown-5m-1782633600,"XRP Up or Down - June 28, 4:00AM-4:05AM ET",0x2e18b8510a5826478258029e925be3514c73f212a788082455e1ce6dd0fa93ee,110118059509077590052646277537448097655133497847076291044241136724792068374786,Up,BUY,0.8425531764,5.340908,other,other,false,true,https://data-api.polymarket.com/activity?user=0x088df3b7e5c1b5c2d4b7dc760863153480cf025e&type=TRADE&limit=100&offset=0&sortBy=TIMESTAMP&sortDirection=DESC,5fe0831549a3c62a366accb96ff1d89b0bdc5766849776daaa208eb360ec524e,da0cdc33cf0eec3a32e6e39f9ed580d96bb4a15d4b8e41f0cee12299c6885579
0x088df3b7e5c1b5c2d4b7dc760863153480cf025e,https://polymarket.com/0x088df3b7e5c1b5c2d4b7dc760863153480cf025e,20,2026-06-28T14:03:34.498+00:00,2026-06-28T14:03:34.498+00:00,2026-06-28T14:03:34.894+00:00,2026-06-28T14:03:34.894+00:00,1782633748,2026-06-28T08:02:28.000+00:00,,excluded_historical_page_churn,historical_page_churn,5.000000,396.000000,0xe1d3c3a438471ee017751a11f47736877219517ac3346ade7b237073743fd8d4,true,eth-updown-5m-1782633600,eth-updown-5m-1782633600,"Ethereum Up or Down - June 28, 4:00AM-4:05AM ET",0xd75982ac7bb704bc67eda3d7dbd7ed12e9ab78681dc144ce24e62d019e2e3752,74643511632031288118475456450124742592062566456034963854847849723184216299357,Up,BUY,0.8599999773,5.290692,fast_crypto_up_down,ETH,true,true,https://data-api.polymarket.com/activity?user=0x088df3b7e5c1b5c2d4b7dc760863153480cf025e&type=TRADE&limit=100&offset=0&sortBy=TIMESTAMP&sortDirection=DESC,2076b0d191d3f5b11648169fbf30a9038a34f2be5f16c0b6248c3eca47726db9,10247c515f41736387b4371947e3918b990eb99991fbde3e11a6d4ff71cd8279
0x088df3b7e5c1b5c2d4b7dc760863153480cf025e,https://polymarket.com/0x088df3b7e5c1b5c2d4b7dc760863153480cf025e,20,2026-06-28T14:03:34.498+00:00,2026-06-28T14:03:34.498+00:00,2026-06-28T14:03:34.894+00:00,2026-06-28T14:03:34.894+00:00,1782633779,2026-06-28T08:02:59.000+00:00,,excluded_historical_page_churn,historical_page_churn,5.000000,396.000000,0xbd7cf46e8c05212a58678eb952f78e881b48e4fe2dafc1cb22192e09abdbf38d,true,eth-updown-5m-1782633600,eth-updown-5m-1782633600,"Ethereum Up or Down - June 28, 4:00AM-4:05AM ET",0xd75982ac7bb704bc67eda3d7dbd7ed12e9ab78681dc144ce24e62d019e2e3752,74643511632031288118475456450124742592062566456034963854847849723184216299357,Up,BUY,0.8399999773,5.297618,fast_crypto_up_down,ETH,true,true,https://data-api.polymarket.com/activity?user=0x088df3b7e5c1b5c2d4b7dc760863153480cf025e&type=TRADE&limit=100&offset=0&sortBy=TIMESTAMP&sortDirection=DESC,55c0ec95cf076c821a8fc98bce22631d9703b55f6ee44aefe1806a6640ff3806,cc725db8e56711ed001c03cd8111082193bcaf5f72284a39a714359cf5dbb9c4
0x088df3b7e5c1b5c2d4b7dc760863153480cf025e,https://polymarket.com/0x088df3b7e5c1b5c2d4b7dc760863153480cf025e,20,2026-06-28T14:03:34.498+00:00,2026-06-28T14:03:34.498+00:00,2026-06-28T14:03:34.894+00:00,2026-06-28T14:03:34.894+00:00,1782633787,2026-06-28T08:03:07.000+00:00,,excluded_historical_page_churn,historical_page_churn,5.000000,396.000000,0xe46f12ebe8a4a9fc76ff498ee443bdbf4d52a4ecf9a4f11572371fbcb811efa9,true,xrp-updown-5m-1782633600,xrp-updown-5m-1782633600,"XRP Up or Down - June 28, 4:00AM-4:05AM ET",0x2e18b8510a5826478258029e925be3514c73f212a788082455e1ce6dd0fa93ee,110118059509077590052646277537448097655133497847076291044241136724792068374786,Up,BUY,0.8199999736,5.304877,other,other,false,true,https://data-api.polymarket.com/activity?user=0x088df3b7e5c1b5c2d4b7dc760863153480cf025e&type=TRADE&limit=100&offset=0&sortBy=TIMESTAMP&sortDirection=DESC,1cf43712801de74be59e27515a14b6e0a519512caf41127370e9de4e248c6f18,d64393bf9c1476bf08b4c0c864de4d0be47add1af579200b19a54663f45d692d
0x088df3b7e5c1b5c2d4b7dc760863153480cf025e,https://polymarket.com/0x088df3b7e5c1b5c2d4b7dc760863153480cf025e,20,2026-06-28T14:03:34.498+00:00,2026-06-28T14:03:34.498+00:00,2026-06-28T14:03:34.894+00:00,2026-06-28T14:03:34.894+00:00,1782633910,2026-06-28T08:05:10.000+00:00,,excluded_historical_page_churn,historical_page_churn,5.000000,396.000000,0xfe461f16c6b4f31218c2ba5d264bea3e95ec4922b9209c781ff24d2e296096e1,true,xrp-updown-15m-1782633600,xrp-updown-15m-1782633600,"XRP Up or Down - June 28, 4:00AM-4:15AM ET",0xf6faf15fe1b35ecee9ed480da5efae7b503dc0dc274c94e51552d1d28e1ac096,80084953317527391136127569111389373809941822009206335734404940908901805493797,Up,BUY,0.7699999606,5.324673,other,other,false,false,https://data-api.polymarket.com/activity?user=0x088df3b7e5c1b5c2d4b7dc760863153480cf025e&type=TRADE&limit=100&offset=0&sortBy=TIMESTAMP&sortDirection=DESC,bdb2f53a2bf6cd4dce04ad98e5a8903e93652f0547b025635978f2f16050a3e0,31f4074fec46b76ca63fe18929c40c59aecd09ba57f70e153f8b09af10b41471
0x088df3b7e5c1b5c2d4b7dc760863153480cf025e,https://polymarket.com/0x088df3b7e5c1b5c2d4b7dc760863153480cf025e,20,2026-06-28T14:03:34.498+00:00,2026-06-28T14:03:34.498+00:00,2026-06-28T14:03:34.894+00:00,2026-06-28T14:03:34.894+00:00,1782634678,2026-06-28T08:17:58.000+00:00,,excluded_historical_page_churn,historical_page_churn,5.000000,396.000000,0xe8638ff18c440c92ec31e0ce184e994c35d9471d8c6b92a79b7cc4b066c7bad0,true,sol-updown-5m-1782634500,sol-updown-5m-1782634500,"Solana Up or Down - June 28, 4:15AM-4:20AM ET",0xb74c3c018ca43ae00a3e353e75d5cd1cfe8d48d0b04b6020eb4def70cc61c6d2,16125709221604931689816436596582213648668929971729169529495362360701553455930,Up,BUY,0.7899999782,5.506328,fast_crypto_up_down,SOL,true,true,https://data-api.polymarket.com/activity?user=0x088df3b7e5c1b5c2d4b7dc760863153480cf025e&type=TRADE&limit=100&offset=0&sortBy=TIMESTAMP&sortDirection=DESC,c08af7fc7c6174e8de89b6e5963c77779452e00bc01a286116ac17ad80257953,c8eac6bae2baf2116d343f89b1437dc743dde81a8fc0c58668f5a6bbd5acc18f
0x088df3b7e5c1b5c2d4b7dc760863153480cf025e,https://polymarket.com/0x088df3b7e5c1b5c2d4b7dc760863153480cf025e,20,2026-06-28T14:03:34.498+00:00,2026-06-28T14:03:34.498+00:00,2026-06-28T14:03:34.894+00:00,2026-06-28T14:03:34.894+00:00,1782634702,2026-06-28T08:18:22.000+00:00,,excluded_historical_page_churn,historical_page_churn,5.000000,396.000000,0xc9e02c30ca941a6e2394e1deb161ebef96264ca082d4b9d522036d2daeaab4d9,true,eth-updown-5m-1782634500,eth-updown-5m-1782634500,"Ethereum Up or Down - June 28, 4:15AM-4:20AM ET",0xa3a31cd7b62b702aebdc1463bfa40a7faf9f6cfd8056e17c6a81357f9512c9df,98305083007950069599511582612232832741390591870476384483612630075485723282866,Up,BUY,0.7699999606,5.324673,fast_crypto_up_down,ETH,true,true,https://data-api.polymarket.com/activity?user=0x088df3b7e5c1b5c2d4b7dc760863153480cf025e&type=TRADE&limit=100&offset=0&sortBy=TIMESTAMP&sortDirection=DESC,506d7f05458d76622d6dbde6c8073bb8b7e38e9211466d2a5b139c1edb59a43c,10c152d5bf568cac7c11e66d67d5a8e23c62ae12add0f2303c2ffa583e863b54
0x088df3b7e5c1b5c2d4b7dc760863153480cf025e,https://polymarket.com/0x088df3b7e5c1b5c2d4b7dc760863153480cf025e,20,2026-06-28T14:03:34.498+00:00,2026-06-28T14:03:34.498+00:00,2026-06-28T14:03:34.894+00:00,2026-06-28T14:03:34.894+00:00,1782634759,2026-06-28T08:19:19.000+00:00,,excluded_historical_page_churn,historical_page_churn,5.000000,396.000000,0x274c583688655d7e02ff441c4bfc7ba5f661f4d805e1fa89c0acde1e0e05af0e,true,eth-updown-5m-1782634500,eth-updown-5m-1782634500,"Ethereum Up or Down - June 28, 4:15AM-4:20AM ET",0xa3a31cd7b62b702aebdc1463bfa40a7faf9f6cfd8056e17c6a81357f9512c9df,98305083007950069599511582612232832741390591870476384483612630075485723282866,Up,BUY,0.8699999792,5.287353,fast_crypto_up_down,ETH,true,true,https://data-api.polymarket.com/activity?user=0x088df3b7e5c1b5c2d4b7dc760863153480cf025e&type=TRADE&limit=100&offset=0&sortBy=TIMESTAMP&sortDirection=DESC,0e1235634020c3c24ddcdab226e1b0b30bd3b2f2501ebf7992fc750384c406af,0a337d3fab4274c23fcce76b45646093c52a08791b0a069821d43e8d102d9020
0x088df3b7e5c1b5c2d4b7dc760863153480cf025e,https://polymarket.com/0x088df3b7e5c1b5c2d4b7dc760863153480cf025e,20,2026-06-28T14:03:34.498+00:00,2026-06-28T14:03:34.498+00:00,2026-06-28T14:03:34.894+00:00,2026-06-28T14:03:34.894+00:00,1782634859,2026-06-28T08:20:59.000+00:00,,excluded_historical_page_churn,historical_page_churn,5.000000,396.000000,0x352d229d92b708d924769616be779a45793b61537efbf9786367ddb530e329de,true,sol-updown-5m-1782634800,sol-updown-5m-1782634800,"Solana Up or Down - June 28, 4:20AM-4:25AM ET",0x5c5a37486f4f7dcf63bd3cecc944d23cd776098c30fa0004713fe3e5a05cb6c2,33442808913424546541889191835622161394503096635415148499150281799888423666016,Up,BUY,0.8099999809,5.24691,fast_crypto_up_down,SOL,true,true,https://data-api.polymarket.com/activity?user=0x088df3b7e5c1b5c2d4b7dc760863153480cf025e&type=TRADE&limit=100&offset=0&sortBy=TIMESTAMP&sortDirection=DESC,ecef76941964f329d7321fbf51e93ee1466194bf7c8cf9554572559b6e6a32e1,ca60a5655daa8001ffbed8dc0d3c6690b066f0748a390e108f24f56081c8cce8
0x088df3b7e5c1b5c2d4b7dc760863153480cf025e,https://polymarket.com/0x088df3b7e5c1b5c2d4b7dc760863153480cf025e,20,2026-06-28T14:03:34.498+00:00,2026-06-28T14:03:34.498+00:00,2026-06-28T14:03:34.894+00:00,2026-06-28T14:03:34.894+00:00,1782634933,2026-06-28T08:22:13.000+00:00,,excluded_historical_page_churn,historical_page_churn,5.000000,396.000000,0xad15b99b25641d33f094c9a77b81b7a713c00b002147e3b597198a54c4898cd8,true,sol-updown-5m-1782634800,sol-updown-5m-1782634800,"Solana Up or Down - June 28, 4:20AM-4:25AM ET",0x5c5a37486f4f7dcf63bd3cecc944d23cd776098c30fa0004713fe3e5a05cb6c2,33442808913424546541889191835622161394503096635415148499150281799888423666016,Up,BUY,0.8699999792,5.287353,fast_crypto_up_down,SOL,true,true,https://data-api.polymarket.com/activity?user=0x088df3b7e5c1b5c2d4b7dc760863153480cf025e&type=TRADE&limit=100&offset=0&sortBy=TIMESTAMP&sortDirection=DESC,144ddacb81d5f2a8d21d47a3080538bf77f2d76ac54ad7d9a6733ba0fc362033,b36f69bedead15959c9bedc74aa7bc2ddb2cae1ad25a4789d20e2d75038b4508
0x088df3b7e5c1b5c2d4b7dc760863153480cf025e,https://polymarket.com/0x088df3b7e5c1b5c2d4b7dc760863153480cf025e,20,2026-06-28T14:03:34.498+00:00,2026-06-28T14:03:34.498+00:00,2026-06-28T14:03:34.894+00:00,2026-06-28T14:03:34.894+00:00,1782634955,2026-06-28T08:22:35.000+00:00,,excluded_historical_page_churn,historical_page_churn,5.000000,396.000000,0x098731beefd0de97fdfa01366ecb24d9f2d678158d9b2d5701ac1b883248ae49,true,sol-updown-5m-1782634800,sol-updown-5m-1782634800,"Solana Up or Down - June 28, 4:20AM-4:25AM ET",0x5c5a37486f4f7dcf63bd3cecc944d23cd776098c30fa0004713fe3e5a05cb6c2,33442808913424546541889191835622161394503096635415148499150281799888423666016,Up,BUY,0.8499999904,5.235293,fast_crypto_up_down,SOL,true,true,https://data-api.polymarket.com/activity?user=0x088df3b7e5c1b5c2d4b7dc760863153480cf025e&type=TRADE&limit=100&offset=0&sortBy=TIMESTAMP&sortDirection=DESC,7f3ea1ebb259e038ed0215b03502d4e69c6db9734876d2829fab9ff2429e24c2,a11341cccfd081ed8ee8b13f50a68a81013d210861eae32b445e52ec4f25db2f
0x088df3b7e5c1b5c2d4b7dc760863153480cf025e,https://polymarket.com/0x088df3b7e5c1b5c2d4b7dc760863153480cf025e,20,2026-06-28T14:03:34.498+00:00,2026-06-28T14:03:34.498+00:00,2026-06-28T14:03:34.894+00:00,2026-06-28T14:03:34.894+00:00,1782634961,2026-06-28T08:22:41.000+00:00,,excluded_historical_page_churn,historical_page_churn,5.000000,396.000000,0x9bc022eebc3053dca80452bc86a496e0aeebb26f02be856e1903db88be1f1ceb,true,btc-updown-5m-1782634800,btc-updown-5m-1782634800,"Bitcoin Up or Down - June 28, 4:20AM-4:25AM ET",0xdae89de3058297ed539dea573d44fc37b5f0694823ec0248dad8aca89f158969,68434570251682142739401229045408006778861515627332430138886604970055977830856,Up,BUY,0.8499999906,5.294113,fast_crypto_up_down,BTC,true,true,https://data-api.polymarket.com/activity?user=0x088df3b7e5c1b5c2d4b7dc760863153480cf025e&type=TRADE&limit=100&offset=0&sortBy=TIMESTAMP&sortDirection=DESC,34aecec89a8817a94f1d0f886d5ea05a013fa3efa384a4eb245f43d3b04847d7,8ed370357bfa3572383822604d8752fbe53080cfb6f3d23bfbecca16b4783fa1
0x088df3b7e5c1b5c2d4b7dc760863153480cf025e,https://polymarket.com/0x088df3b7e5c1b5c2d4b7dc760863153480cf025e,20,2026-06-28T14:03:34.498+00:00,2026-06-28T14:03:34.498+00:00,2026-06-28T14:03:34.894+00:00,2026-06-28T14:03:34.894+00:00,1782635398,2026-06-28T08:29:58.000+00:00,,excluded_historical_page_churn,historical_page_churn,5.000000,396.000000,0x9247576a15c854d3f450bee8c44add8a3fa2b5ccce7ed6edca40a231066131ee,true,xrp-updown-15m-1782634500,xrp-updown-15m-1782634500,"XRP Up or Down - June 28, 4:15AM-4:30AM ET",0xf318bb6fb809a886990ac5da9adb4a5e227f6a6996b26b65a6723684baaca7a9,42380279124488321974703702764834265215754193980860385877666774294530388013768,Up,BUY,0.8399999763,5.059518,other,other,false,false,https://data-api.polymarket.com/activity?user=0x088df3b7e5c1b5c2d4b7dc760863153480cf025e&type=TRADE&limit=100&offset=0&sortBy=TIMESTAMP&sortDirection=DESC,71b43cfbfa4fb0fe2a243ecc0819ad3ea8301cac2038ec30f7cc6deb8012f755,c555767b93d8973a1cd8acdcd2de18c6adff52cc308056138b3a58efdb19ac16
0x088df3b7e5c1b5c2d4b7dc760863153480cf025e,https://polymarket.com/0x088df3b7e5c1b5c2d4b7dc760863153480cf025e,20,2026-06-28T14:03:34.498+00:00,2026-06-28T14:03:34.498+00:00,2026-06-28T14:03:34.894+00:00,2026-06-28T14:03:34.894+00:00,1782635827,2026-06-28T08:37:07.000+00:00,,excluded_historical_page_churn,historical_page_churn,5.000000,396.000000,0x1ee501cf1027762112b5db89df2a4ed2129bd35070ee3a1e2aaf70a7fd39247f,true,xrp-updown-5m-1782635700,xrp-updown-5m-1782635700,"XRP Up or Down - June 28, 4:35AM-4:40AM ET",0xbcb5f27ac89686d8307446ddcc6e722ece12a2cc349d26aa16861ba5b7680459,7919511349767730415064087864881903205488448939563513082579925581354804858833,Up,BUY,0.769999816,5.324674,other,other,false,true,https://data-api.polymarket.com/activity?user=0x088df3b7e5c1b5c2d4b7dc760863153480cf025e&type=TRADE&limit=100&offset=0&sortBy=TIMESTAMP&sortDirection=DESC,454b563d1881e2c6bfe19c37a39b041dfe1c31e325bff11b2772f4fd7a2acac1,9565a6187c16b710cd017b6cf35c2d80d98021525a08d763e79bb7db9b2b0ac3
0x088df3b7e5c1b5c2d4b7dc760863153480cf025e,https://polymarket.com/0x088df3b7e5c1b5c2d4b7dc760863153480cf025e,20,2026-06-28T14:03:34.498+00:00,2026-06-28T14:03:34.498+00:00,2026-06-28T14:03:34.894+00:00,2026-06-28T14:03:34.894+00:00,1782635896,2026-06-28T08:38:16.000+00:00,,excluded_historical_page_churn,historical_page_churn,5.000000,396.000000,0x1670cccd210f69b9549d2d8f184039519c5c3b8e338fd08e0ee09c739db8ce73,true,sol-updown-4h-1782633600,sol-updown-4h-1782633600,"Solana Up or Down - June 28, 4:00AM-8:00AM ET",0x4746649a708ab73b5ad6540c87e358e42ddf4bd0609d6c994211e2f092585f64,16332818662673816916767895395836009519077842401998809703888701198667599642177,Up,BUY,0.7799999962,5.256409,fast_crypto_up_down,SOL,true,false,https://data-api.polymarket.com/activity?user=0x088df3b7e5c1b5c2d4b7dc760863153480cf025e&type=TRADE&limit=100&offset=0&sortBy=TIMESTAMP&sortDirection=DESC,4fbc19fb9a8cd3eaf8bc1ca154897be8a5837cba70e1b04390ca08da87527e57,487ac4456b25b485a8244e1c479acebde6fd63fa640bcfad7e36ea30be62bdcf
0x088df3b7e5c1b5c2d4b7dc760863153480cf025e,https://polymarket.com/0x088df3b7e5c1b5c2d4b7dc760863153480cf025e,20,2026-06-28T14:03:34.498+00:00,2026-06-28T14:03:34.498+00:00,2026-06-28T14:03:34.894+00:00,2026-06-28T14:03:34.894+00:00,1782635897,2026-06-28T08:38:17.000+00:00,,excluded_historical_page_churn,historical_page_churn,5.000000,396.000000,0xe77b410e3e1df46275ecf31366f6f42b32f2687bf390adb9691cf05bd5699ba4,true,dogecoin-up-or-down-june-28-2026-4am-et,dogecoin-up-or-down-june-28-2026-4am-et,"Dogecoin Up or Down - June 28, 4AM ET",0x430da3e4b4249bdc032f77fb9c55df5c90cbd2346732736c135c749bc858006b,18389579487848007881312295341597289631691973836945886021841029672937384245419,Up,BUY,0.9099999942,5.164833,other,other,false,false,https://data-api.polymarket.com/activity?user=0x088df3b7e5c1b5c2d4b7dc760863153480cf025e&type=TRADE&limit=100&offset=0&sortBy=TIMESTAMP&sortDirection=DESC,d7b1692f7a47d8a59665306407065f48f95b9b31914b8fd1b1cf97a0154953b4,6d6019fad22d989a38f687f302a069e1fd684fb2ab0d3e2620c1a4159015ce2e
0x088df3b7e5c1b5c2d4b7dc760863153480cf025e,https://polymarket.com/0x088df3b7e5c1b5c2d4b7dc760863153480cf025e,20,2026-06-28T14:03:34.498+00:00,2026-06-28T14:03:34.498+00:00,2026-06-28T14:03:34.894+00:00,2026-06-28T14:03:34.894+00:00,1782635902,2026-06-28T08:38:22.000+00:00,,excluded_historical_page_churn,historical_page_churn,5.000000,396.000000,0xddfa6196fad3e7eb9d6e4fdd67ed7d4f3c637dfe805fd6991187dae361549d2c,true,hype-up-or-down-june-28-2026-4am-et,hype-up-or-down-june-28-2026-4am-et,"HYPE Up or Down - June 28, 4AM ET",0x9eba2bb057a44062f1c107cc0e25696492588ca257ee449c8b2376a412777d9e,8264271432866986958805795155219173992855649363760505381499862451419680912396,Up,BUY,0.8899999883,5.112354,other,other,false,false,https://data-api.polymarket.com/activity?user=0x088df3b7e5c1b5c2d4b7dc760863153480cf025e&type=TRADE&limit=100&offset=0&sortBy=TIMESTAMP&sortDirection=DESC,2d85bbfec8ce5d0a814387a7f8c7d84d7c821fe09ffaec06dda4a0fd3a573a2b,9ff7572172beceffdcf4a3f7029fc08d7ce86fccfce0155d0a22e1adcbcacae4
0x088df3b7e5c1b5c2d4b7dc760863153480cf025e,https://polymarket.com/0x088df3b7e5c1b5c2d4b7dc760863153480cf025e,20,2026-06-28T14:03:34.498+00:00,2026-06-28T14:03:34.498+00:00,2026-06-28T14:03:34.894+00:00,2026-06-28T14:03:34.894+00:00,1782635903,2026-06-28T08:38:23.000+00:00,,excluded_historical_page_churn,historical_page_churn,5.000000,396.000000,0x7200f30e2aea634a4f951d5b83837c7101c542ea0214d3711337a8b4e4401b94,true,ethereum-up-or-down-june-28-2026-4am-et,ethereum-up-or-down-june-28-2026-4am-et,"Ethereum Up or Down - June 28, 4AM ET",0xd6fa6054f9e8fddb48633d83d7c41dc0a7ebe9ee8c0bcaa58e4d9bf710c9f4b1,73074253623059372131374189996774157138898430696057942018124906977730837047250,Up,BUY,0.9099999942,5.164833,fast_crypto_up_down,ETH,true,false,https://data-api.polymarket.com/activity?user=0x088df3b7e5c1b5c2d4b7dc760863153480cf025e&type=TRADE&limit=100&offset=0&sortBy=TIMESTAMP&sortDirection=DESC,020cc5d5a1cbcc239edee80f6aed32f118e455518fd3eda60bb3ba3a28fb7d64,6f9b791cc09ab62c99e82ee0b9bbe629a616fd97c19699eee14eebe66b4d4b27
0x088df3b7e5c1b5c2d4b7dc760863153480cf025e,https://polymarket.com/0x088df3b7e5c1b5c2d4b7dc760863153480cf025e,20,2026-06-28T14:03:34.498+00:00,2026-06-28T14:03:34.498+00:00,2026-06-28T14:03:34.894+00:00,2026-06-28T14:03:34.894+00:00,1782635903,2026-06-28T08:38:23.000+00:00,,excluded_historical_page_churn,historical_page_churn,5.000000,396.000000,0x2ea46a4eaaabeafa841e5eac5043eef8ec5c58951358e5639e1f9cf9070359f3,true,dogecoin-up-or-down-june-28-2026-4am-et,dogecoin-up-or-down-june-28-2026-4am-et,"Dogecoin Up or Down - June 28, 4AM ET",0x430da3e4b4249bdc032f77fb9c55df5c90cbd2346732736c135c749bc858006b,18389579487848007881312295341597289631691973836945886021841029672937384245419,Up,BUY,0.8399999851,5.357137,other,other,false,false,https://data-api.polymarket.com/activity?user=0x088df3b7e5c1b5c2d4b7dc760863153480cf025e&type=TRADE&limit=100&offset=0&sortBy=TIMESTAMP&sortDirection=DESC,7f6d9b34763c4082652699d1ca90a1f99f7d4ed40c0171abeb8f70d65d8ddf9f,812163e903393b7be3a59b16776f5af3bbf6ac52e8733586a049ff472e0ca766
0x088df3b7e5c1b5c2d4b7dc760863153480cf025e,https://polymarket.com/0x088df3b7e5c1b5c2d4b7dc760863153480cf025e,20,2026-06-28T14:03:34.498+00:00,2026-06-28T14:03:34.498+00:00,2026-06-28T14:03:34.894+00:00,2026-06-28T14:03:34.894+00:00,1782635909,2026-06-28T08:38:29.000+00:00,,excluded_historical_page_churn,historical_page_churn,5.000000,396.000000,0x50a4d90be6f03597695151ff7f9209a209c4f5e69aee89ccbd6f49fa341ecff1,true,ethereum-up-or-down-june-28-2026-4am-et,ethereum-up-or-down-june-28-2026-4am-et,"Ethereum Up or Down - June 28, 4AM ET",0xd6fa6054f9e8fddb48633d83d7c41dc0a7ebe9ee8c0bcaa58e4d9bf710c9f4b1,73074253623059372131374189996774157138898430696057942018124906977730837047250,Up,BUY,0.8399999773,5.297618,fast_crypto_up_down,ETH,true,false,https://data-api.polymarket.com/activity?user=0x088df3b7e5c1b5c2d4b7dc760863153480cf025e&type=TRADE&limit=100&offset=0&sortBy=TIMESTAMP&sortDirection=DESC,e25f457d26ff45230efef1d780dadd67f5fbfde154340c80b0542113a9559dbc,0322cf3641dc079ca57f02d8f817ff0e0c93b215ccfbdbaf7e0bd8b0baa50bf7
0x088df3b7e5c1b5c2d4b7dc760863153480cf025e,https://polymarket.com/0x088df3b7e5c1b5c2d4b7dc760863153480cf025e,20,2026-06-28T14:03:34.498+00:00,2026-06-28T14:03:34.498+00:00,2026-06-28T14:03:34.894+00:00,2026-06-28T14:03:34.894+00:00,1782635911,2026-06-28T08:38:31.000+00:00,,excluded_historical_page_churn,historical_page_churn,5.000000,396.000000,0x1501517256557b8feaf0ab6b3fc77f3f4024db6d2d07116b8b69e11890e90bbe,true,bitcoin-up-or-down-june-28-2026-4am-et,bitcoin-up-or-down-june-28-2026-4am-et,"Bitcoin Up or Down - June 28, 4AM ET",0x95090a76a9694f774f1a2d7515908a976c996f64e3585487d3c5e4b42a138988,70774025157539706995657492314267372286760427866159428455253344528299897680668,Up,BUY,0.9199999923,5.163037,fast_crypto_up_down,BTC,true,false,https://data-api.polymarket.com/activity?user=0x088df3b7e5c1b5c2d4b7dc760863153480cf025e&type=TRADE&limit=100&offset=0&sortBy=TIMESTAMP&sortDirection=DESC,0b61d0f2e75fe03769998569a627aebf7f4340e198a8c74a4bee28431ebab33c,498ca38b3a51cf42d969949df083173d8eb397bf6a2e7dce8f91679a6658b55e
0x088df3b7e5c1b5c2d4b7dc760863153480cf025e,https://polymarket.com/0x088df3b7e5c1b5c2d4b7dc760863153480cf025e,20,2026-06-28T14:03:34.498+00:00,2026-06-28T14:03:34.498+00:00,2026-06-28T14:03:34.894+00:00,2026-06-28T14:03:34.894+00:00,1782635917,2026-06-28T08:38:37.000+00:00,,excluded_historical_page_churn,historical_page_churn,5.000000,396.000000,0xf006e5ba09a8a770ffac86e8ca7590b5dae011ad45c9c124345299dd8b2cc506,true,ethereum-up-or-down-june-28-2026-4am-et,ethereum-up-or-down-june-28-2026-4am-et,"Ethereum Up or Down - June 28, 4AM ET",0xd6fa6054f9e8fddb48633d83d7c41dc0a7ebe9ee8c0bcaa58e4d9bf710c9f4b1,73074253623059372131374189996774157138898430696057942018124906977730837047250,Up,BUY,0.8599999813,5.348835,fast_crypto_up_down,ETH,true,false,https://data-api.polymarket.com/activity?user=0x088df3b7e5c1b5c2d4b7dc760863153480cf025e&type=TRADE&limit=100&offset=0&sortBy=TIMESTAMP&sortDirection=DESC,627e07557dea49b43d665917c9918f0f68a06dc79dcef6a9fad95e6afc8a2ac3,267bda6886532dc11f670b26eec185545d5780fc61777f5091486c4a2c0b7b93
0x088df3b7e5c1b5c2d4b7dc760863153480cf025e,https://polymarket.com/0x088df3b7e5c1b5c2d4b7dc760863153480cf025e,20,2026-06-28T14:03:34.498+00:00,2026-06-28T14:03:34.498+00:00,2026-06-28T14:03:34.894+00:00,2026-06-28T14:03:34.894+00:00,1782635918,2026-06-28T08:38:38.000+00:00,,excluded_historical_page_churn,historical_page_churn,5.000000,396.000000,0xc9100b1cc85a5d00b93d2ebb84c11b8a8ec10f5fb1eb23dd5bfea7e7b4b8bcab,true,dogecoin-up-or-down-june-28-2026-4am-et,dogecoin-up-or-down-june-28-2026-4am-et,"Dogecoin Up or Down - June 28, 4AM ET",0x430da3e4b4249bdc032f77fb9c55df5c90cbd2346732736c135c749bc858006b,18389579487848007881312295341597289631691973836945886021841029672937384245419,Up,BUY,0.9199999923,5.217387,other,other,false,false,https://data-api.polymarket.com/activity?user=0x088df3b7e5c1b5c2d4b7dc760863153480cf025e&type=TRADE&limit=100&offset=0&sortBy=TIMESTAMP&sortDirection=DESC,e90e76a3bc86775858b7c406c4ebde746cf37e800fb48edfeec60a938e4a984c,b185ecd4fd2746d6aab173ca3812587bbdadc04b9b68da66ac46e6f50474b3e2
0x088df3b7e5c1b5c2d4b7dc760863153480cf025e,https://polymarket.com/0x088df3b7e5c1b5c2d4b7dc760863153480cf025e,20,2026-06-28T14:03:34.498+00:00,2026-06-28T14:03:34.498+00:00,2026-06-28T14:03:34.894+00:00,2026-06-28T14:03:34.894+00:00,1782635923,2026-06-28T08:38:43.000+00:00,,excluded_historical_page_churn,historical_page_churn,5.000000,396.000000,0x6481555341d34808df6c57b42cb6338a5cd3cd63d75caa8eba07d7507a5f691d,true,xrp-updown-4h-1782633600,xrp-updown-4h-1782633600,"XRP Up or Down - June 28, 4:00AM-8:00AM ET",0x671a80d77d5a2f3652bbc7da223798bea93039799e1fae94c1a9bcb1c2a57114,94892172679996611345222932020924595169930112716712166965790445222640272597760,Up,BUY,0.7599999625,5.328945,other,other,false,false,https://data-api.polymarket.com/activity?user=0x088df3b7e5c1b5c2d4b7dc760863153480cf025e&type=TRADE&limit=100&offset=0&sortBy=TIMESTAMP&sortDirection=DESC,3722f2c5ab64826f4c55c2808c3f6454fad55cc5de6819098e6cb15cc788502e,1669c6b22e1ee51015387cff196a2a7a58f4151acac96550c8198e54409abfbe
0x088df3b7e5c1b5c2d4b7dc760863153480cf025e,https://polymarket.com/0x088df3b7e5c1b5c2d4b7dc760863153480cf025e,20,2026-06-28T14:03:34.498+00:00,2026-06-28T14:03:34.498+00:00,2026-06-28T14:03:34.894+00:00,2026-06-28T14:03:34.894+00:00,1782635923,2026-06-28T08:38:43.000+00:00,,excluded_historical_page_churn,historical_page_churn,5.000000,396.000000,0x378906c96f86723352dc2e582e16b5badea8622e581ff8d07d689fa540856f87,true,sol-updown-4h-1782633600,sol-updown-4h-1782633600,"Solana Up or Down - June 28, 4:00AM-8:00AM ET",0x4746649a708ab73b5ad6540c87e358e42ddf4bd0609d6c994211e2f092585f64,16332818662673816916767895395836009519077842401998809703888701198667599642177,Up,BUY,0.7899999665,5.379742,fast_crypto_up_down,SOL,true,false,https://data-api.polymarket.com/activity?user=0x088df3b7e5c1b5c2d4b7dc760863153480cf025e&type=TRADE&limit=100&offset=0&sortBy=TIMESTAMP&sortDirection=DESC,b413d943e0393540894be2326914d222ff94a23403da7829a8a592215124522f,d52c9973c047c955a9660f318a2eabeb5cb4da7dc3d4a089e0398aec182b2a9c
0x088df3b7e5c1b5c2d4b7dc760863153480cf025e,https://polymarket.com/0x088df3b7e5c1b5c2d4b7dc760863153480cf025e,20,2026-06-28T14:03:34.498+00:00,2026-06-28T14:03:34.498+00:00,2026-06-28T14:03:34.894+00:00,2026-06-28T14:03:34.894+00:00,1782635926,2026-06-28T08:38:46.000+00:00,,excluded_historical_page_churn,historical_page_churn,5.000000,396.000000,0x1f53ea6531f260a24ffad00d05136c1cc08541d95fbc93cdb1db96d57c44f3da,true,btc-updown-4h-1782633600,btc-updown-4h-1782633600,"Bitcoin Up or Down - June 28, 4:00AM-8:00AM ET",0xd587fb69feef5dffced43f0f4acdea13ee06f9ae4b143c06b903cb5670ce7732,60828490252313745136410275685918280786964670211012692569535339533430813301838,Up,BUY,0.8017045197,5.3012,fast_crypto_up_down,BTC,true,false,https://data-api.polymarket.com/activity?user=0x088df3b7e5c1b5c2d4b7dc760863153480cf025e&type=TRADE&limit=100&offset=0&sortBy=TIMESTAMP&sortDirection=DESC,d004fc471b075f150080638bc8af27a1b9525ec85b41dc6f26fb936295a301f3,d92bd2cf09d435d4d989e474a9aa5d0b12f2fd3cb0d68ed51957cd03f3257004
0x088df3b7e5c1b5c2d4b7dc760863153480cf025e,https://polymarket.com/0x088df3b7e5c1b5c2d4b7dc760863153480cf025e,20,2026-06-28T14:03:34.498+00:00,2026-06-28T14:03:34.498+00:00,2026-06-28T14:03:34.894+00:00,2026-06-28T14:03:34.894+00:00,1782635938,2026-06-28T08:38:58.000+00:00,,excluded_historical_page_churn,historical_page_churn,5.000000,396.000000,0x90676b6288ffe785367c5d112cb426e66f435b1400a3108091ff73083cf7b3cc,true,eth-updown-4h-1782633600,eth-updown-4h-1782633600,"Ethereum Up or Down - June 28, 4:00AM-8:00AM ET",0x247720818965cc15ae294a578f0d17773a3d76f1cc868321cfdd66707fc0a7d4,64211435940677743904948171962885463971756331642067419518613129892077484109305,Up,BUY,0.7599999625,5.328945,fast_crypto_up_down,ETH,true,false,https://data-api.polymarket.com/activity?user=0x088df3b7e5c1b5c2d4b7dc760863153480cf025e&type=TRADE&limit=100&offset=0&sortBy=TIMESTAMP&sortDirection=DESC,0db0a8c16194b0c59c93651900699509a6fcc56207819687b999d00a45376d42,a6a3745b2e9508846a34bba3354bd3ff76f9fd319689d571a8b2ba9d4a868305
0x088df3b7e5c1b5c2d4b7dc760863153480cf025e,https://polymarket.com/0x088df3b7e5c1b5c2d4b7dc760863153480cf025e,20,2026-06-28T14:03:34.498+00:00,2026-06-28T14:03:34.498+00:00,2026-06-28T14:03:34.894+00:00,2026-06-28T14:03:34.894+00:00,1782635941,2026-06-28T08:39:01.000+00:00,,excluded_historical_page_churn,historical_page_churn,5.000000,396.000000,0xc4a86892ba7104984059c6303e08589444e308841a84302f765e43d807d66187,true,sol-updown-4h-1782633600,sol-updown-4h-1782633600,"Solana Up or Down - June 28, 4:00AM-8:00AM ET",0x4746649a708ab73b5ad6540c87e358e42ddf4bd0609d6c994211e2f092585f64,16332818662673816916767895395836009519077842401998809703888701198667599642177,Up,BUY,0.8399999773,5.297618,fast_crypto_up_down,SOL,true,false,https://data-api.polymarket.com/activity?user=0x088df3b7e5c1b5c2d4b7dc760863153480cf025e&type=TRADE&limit=100&offset=0&sortBy=TIMESTAMP&sortDirection=DESC,5b604d5dae5f6f44775a2a4cff7a05af92b823f4aae12013fe2576dc9a10735c,8d778953de9e8c2a42e882b785d9eb6492076e1891dd45b020818622978bdea7
0x088df3b7e5c1b5c2d4b7dc760863153480cf025e,https://polymarket.com/0x088df3b7e5c1b5c2d4b7dc760863153480cf025e,20,2026-06-28T14:03:34.498+00:00,2026-06-28T14:03:34.498+00:00,2026-06-28T14:03:34.894+00:00,2026-06-28T14:03:34.894+00:00,1782636173,2026-06-28T08:42:53.000+00:00,,excluded_historical_page_churn,historical_page_churn,5.000000,396.000000,0xf0ac00771fc8f821f419357cc1b7cb3c058dd7fb4c3de20e577636fba30d0202,true,sol-updown-5m-1782636000,sol-updown-5m-1782636000,"Solana Up or Down - June 28, 4:40AM-4:45AM ET",0x53e05d57a3818f21b96b60dd0091f27f447b2394a45d52fb1bf1c43f4510ca87,50317923051393818063416455687715839123931925474469127370582205089618475319559,Up,BUY,0.8499999805,5.117646,fast_crypto_up_down,SOL,true,true,https://data-api.polymarket.com/activity?user=0x088df3b7e5c1b5c2d4b7dc760863153480cf025e&type=TRADE&limit=100&offset=0&sortBy=TIMESTAMP&sortDirection=DESC,6ee1cf486effc65f8f6b753784e4fb875dc05a9fcade3a477995c3097712f75c,01d8efe48c6cdde6c6600df56648c7da186591e840b594785388e1c37c01e4ad
0x088df3b7e5c1b5c2d4b7dc760863153480cf025e,https://polymarket.com/0x088df3b7e5c1b5c2d4b7dc760863153480cf025e,20,2026-06-28T14:03:34.498+00:00,2026-06-28T14:03:34.498+00:00,2026-06-28T14:03:34.894+00:00,2026-06-28T14:03:34.894+00:00,1782637622,2026-06-28T09:07:02.000+00:00,,excluded_historical_page_churn,historical_page_churn,5.000000,396.000000,0x9deaf1dfde426afb45351e0e71b8b9cf661ddfecfff9cc745abd1f3737016a7f,true,btc-updown-5m-1782637500,btc-updown-5m-1782637500,"Bitcoin Up or Down - June 28, 5:05AM-5:10AM ET",0xdc8bb789ceb1e0cc3076379e6c8b279cda31b6b1189f7d73b9d64c913f0ee369,35010782543880250620211978807031718714968462395447213983904353999572395782903,Up,BUY,0.7609994989,5.321947,fast_crypto_up_down,BTC,true,true,https://data-api.polymarket.com/activity?user=0x088df3b7e5c1b5c2d4b7dc760863153480cf025e&type=TRADE&limit=100&offset=0&sortBy=TIMESTAMP&sortDirection=DESC,0e56768d71cf21dbe86fee853504df0250f5e13be0ee55093e044954d111d397,e7de9e88f8be95c17c4ceefb7cadd7ff3e36d917f04e458c55de4c6daf277dd6
0x088df3b7e5c1b5c2d4b7dc760863153480cf025e,https://polymarket.com/0x088df3b7e5c1b5c2d4b7dc760863153480cf025e,20,2026-06-28T14:03:34.498+00:00,2026-06-28T14:03:34.498+00:00,2026-06-28T14:03:34.894+00:00,2026-06-28T14:03:34.894+00:00,1782637636,2026-06-28T09:07:16.000+00:00,,excluded_historical_page_churn,historical_page_churn,5.000000,396.000000,0x64052dd92e7d6c8883d2a9808ba0d30efb5bb0f25f4f7524afabacf60b3b710b,true,btc-updown-5m-1782637500,btc-updown-5m-1782637500,"Bitcoin Up or Down - June 28, 5:05AM-5:10AM ET",0xdc8bb789ceb1e0cc3076379e6c8b279cda31b6b1189f7d73b9d64c913f0ee369,35010782543880250620211978807031718714968462395447213983904353999572395782903,Up,BUY,0.7599999783,5.526312,fast_crypto_up_down,BTC,true,true,https://data-api.polymarket.com/activity?user=0x088df3b7e5c1b5c2d4b7dc760863153480cf025e&type=TRADE&limit=100&offset=0&sortBy=TIMESTAMP&sortDirection=DESC,a718152922c7c4377d3266788c5528f45704dcb1a6d8afc96269dd6af64af3c6,622aa0bc2b5e117fe3f05a7add2555adc7d18a44c62890855792d8c4d77e19bd
0x088df3b7e5c1b5c2d4b7dc760863153480cf025e,https://polymarket.com/0x088df3b7e5c1b5c2d4b7dc760863153480cf025e,20,2026-06-28T14:03:34.498+00:00,2026-06-28T14:03:34.498+00:00,2026-06-28T14:03:34.894+00:00,2026-06-28T14:03:34.894+00:00,1782637648,2026-06-28T09:07:28.000+00:00,,excluded_historical_page_churn,historical_page_churn,5.000000,396.000000,0xd07ebdaf20f8b2d1a73654de8ee0a9fbb89210a4065b5bb5b8a399fd014d0394,true,btc-updown-5m-1782637500,btc-updown-5m-1782637500,"Bitcoin Up or Down - June 28, 5:05AM-5:10AM ET",0xdc8bb789ceb1e0cc3076379e6c8b279cda31b6b1189f7d73b9d64c913f0ee369,35010782543880250620211978807031718714968462395447213983904353999572395782903,Up,BUY,0.8399999771,5.238093,fast_crypto_up_down,BTC,true,true,https://data-api.polymarket.com/activity?user=0x088df3b7e5c1b5c2d4b7dc760863153480cf025e&type=TRADE&limit=100&offset=0&sortBy=TIMESTAMP&sortDirection=DESC,58711cb27ede63aa8171c202577d5005aa03b425d77fd287c87d7f7e161599cd,a610624fa647dd9b7b828e15409cbca804a9690a5141520f9faf8c1cc6bc8b05
0x088df3b7e5c1b5c2d4b7dc760863153480cf025e,https://polymarket.com/0x088df3b7e5c1b5c2d4b7dc760863153480cf025e,20,2026-06-28T14:03:34.498+00:00,2026-06-28T14:03:34.498+00:00,2026-06-28T14:03:34.894+00:00,2026-06-28T14:03:34.894+00:00,1782639760,2026-06-28T09:42:40.000+00:00,,excluded_historical_page_churn,historical_page_churn,5.000000,396.000000,0xc8772f162b05bfeebcd8460e01ff988e8730a5781d67ddc80a115f7e0ce4ef9d,true,ethereum-up-or-down-june-28-2026-5am-et,ethereum-up-or-down-june-28-2026-5am-et,"Ethereum Up or Down - June 28, 5AM ET",0x19a7e6880a38f3c282fd4a3a667277c9f2df05aa0f0c450157dec5d88db72647,103088180714108650757887168584540644118374394270096782854637380847687997469878,Up,BUY,0.7901234568,5.0625,fast_crypto_up_down,ETH,true,false,https://data-api.polymarket.com/activity?user=0x088df3b7e5c1b5c2d4b7dc760863153480cf025e&type=TRADE&limit=100&offset=0&sortBy=TIMESTAMP&sortDirection=DESC,201f949c89102db44fa641b0c00e3b90fd6afc8852ee99a4d18f43dac7972dd4,1a1670ad872c5cf623c67e861f7ae881792897a4db8821d84e8e92b0498e8592
0x088df3b7e5c1b5c2d4b7dc760863153480cf025e,https://polymarket.com/0x088df3b7e5c1b5c2d4b7dc760863153480cf025e,20,2026-06-28T14:03:34.498+00:00,2026-06-28T14:03:34.498+00:00,2026-06-28T14:03:34.894+00:00,2026-06-28T14:03:34.894+00:00,1782640055,2026-06-28T09:47:35.000+00:00,,excluded_historical_page_churn,historical_page_churn,5.000000,396.000000,0x2f885ea322c385e4b651e216e302571dff0ab06fb790b5aec18b3810bbe7071b,true,eth-updown-4h-1782633600,eth-updown-4h-1782633600,"Ethereum Up or Down - June 28, 4:00AM-8:00AM ET",0x247720818965cc15ae294a578f0d17773a3d76f1cc868321cfdd66707fc0a7d4,64211435940677743904948171962885463971756331642067419518613129892077484109305,Up,BUY,0.8299999788,5.180717,fast_crypto_up_down,ETH,true,false,https://data-api.polymarket.com/activity?user=0x088df3b7e5c1b5c2d4b7dc760863153480cf025e&type=TRADE&limit=100&offset=0&sortBy=TIMESTAMP&sortDirection=DESC,67788d1db0ccfd0034a693f7aa330010804a25886b20e0d7de723c94936a4d8a,8452f982530f411ecefe348a84ad591d22d16c0a7ecc29afde1f99317f9dfd59
0x088df3b7e5c1b5c2d4b7dc760863153480cf025e,https://polymarket.com/0x088df3b7e5c1b5c2d4b7dc760863153480cf025e,20,2026-06-28T14:03:34.498+00:00,2026-06-28T14:03:34.498+00:00,2026-06-28T14:03:34.894+00:00,2026-06-28T14:03:34.894+00:00,1782640112,2026-06-28T09:48:32.000+00:00,,excluded_historical_page_churn,historical_page_churn,5.000000,396.000000,0x1b150c8de8821d4d397adf5b4ab6ec36b80595be595e91d156955c1c0874fba1,true,bitcoin-up-or-down-june-28-2026-5am-et,bitcoin-up-or-down-june-28-2026-5am-et,"Bitcoin Up or Down - June 28, 5AM ET",0xd6bfaa81ec3af57ab34ab417ec1f5a1e97f0650198e526d238d707640ca32cd0,106461915311212216491199783142817284216340446200187758441791885937123944998981,Down,BUY,0.8099999881,5.061726,fast_crypto_up_down,BTC,true,false,https://data-api.polymarket.com/activity?user=0x088df3b7e5c1b5c2d4b7dc760863153480cf025e&type=TRADE&limit=100&offset=0&sortBy=TIMESTAMP&sortDirection=DESC,d1ee62cefb3c8963ac22b1e851a56e0cad1af39ac0003685a04a8d5df4423630,d959bbc789588f0d7e16e2480982b74808342c393a8de5150d01138eef0b489b
0x088df3b7e5c1b5c2d4b7dc760863153480cf025e,https://polymarket.com/0x088df3b7e5c1b5c2d4b7dc760863153480cf025e,20,2026-06-28T14:03:34.498+00:00,2026-06-28T14:03:34.498+00:00,2026-06-28T14:03:34.894+00:00,2026-06-28T14:03:34.894+00:00,1782640145,2026-06-28T09:49:05.000+00:00,,excluded_historical_page_churn,historical_page_churn,5.000000,396.000000,0x581faa476b6dbc8af38a697a09d8d70f0c4e88c14a42ab5399ac809d1cf39fac,true,ethereum-up-or-down-june-28-2026-5am-et,ethereum-up-or-down-june-28-2026-5am-et,"Ethereum Up or Down - June 28, 5AM ET",0x19a7e6880a38f3c282fd4a3a667277c9f2df05aa0f0c450157dec5d88db72647,103088180714108650757887168584540644118374394270096782854637380847687997469878,Up,SELL,0.4398814229,5.06,fast_crypto_up_down,ETH,true,false,https://data-api.polymarket.com/activity?user=0x088df3b7e5c1b5c2d4b7dc760863153480cf025e&type=TRADE&limit=100&offset=0&sortBy=TIMESTAMP&sortDirection=DESC,c56dd51a72fc1dc544d4d75b52e23f24ffca667e9f69e496bf382d11ec5fcee0,09d22fed7ecb3269f06466cb0845f89e8ae04a90e72895b98ef4d6e49849ea5d
0x088df3b7e5c1b5c2d4b7dc760863153480cf025e,https://polymarket.com/0x088df3b7e5c1b5c2d4b7dc760863153480cf025e,20,2026-06-28T14:03:34.498+00:00,2026-06-28T14:03:34.498+00:00,2026-06-28T14:03:34.894+00:00,2026-06-28T14:03:34.894+00:00,1782641693,2026-06-28T10:14:53.000+00:00,,excluded_historical_page_churn,historical_page_churn,5.000000,396.000000,0xcb095fdd96c1ace09b99ab6e9eeaac3b2cb15050d97e4e20e40036be5a5d43f9,true,btc-updown-15m-1782640800,btc-updown-15m-1782640800,"Bitcoin Up or Down - June 28, 6:00AM-6:15AM ET",0xf66b263d133febbeab0fdd365397bd48c82658cb277ba44f3d66a8562800881b,25903902887892266895739480395850439798701015320622909109176110801037201072466,Up,BUY,0.7539999729,5.305036,fast_crypto_up_down,BTC,true,false,https://data-api.polymarket.com/activity?user=0x088df3b7e5c1b5c2d4b7dc760863153480cf025e&type=TRADE&limit=100&offset=0&sortBy=TIMESTAMP&sortDirection=DESC,5a42c62b449a4e0bb205f760a6afd6913621ab5d98086ad702aea5bde09ddb54,c37a46951939633c8a8acd7678ac6dc7e45e47d9c24d67ac96a38a3f3f81bfd7
0x088df3b7e5c1b5c2d4b7dc760863153480cf025e,https://polymarket.com/0x088df3b7e5c1b5c2d4b7dc760863153480cf025e,20,2026-06-28T14:03:34.498+00:00,2026-06-28T14:03:34.498+00:00,2026-06-28T14:03:34.894+00:00,2026-06-28T14:03:34.894+00:00,1782645983,2026-06-28T11:26:23.000+00:00,,excluded_historical_page_churn,historical_page_churn,5.000000,396.000000,0x0f3f23fd7347a416cee33bdbc8d033e21949d79c096041702fb2944a3a2ec0e8,true,btc-updown-5m-1782645900,btc-updown-5m-1782645900,"Bitcoin Up or Down - June 28, 7:25AM-7:30AM ET",0x4b3f03bf0d13ebb0034614f6b5bdcc46785ebe29de191c42c04abf52df5be238,91361615790094921266417724815796331012828771266481967129603021152054134406852,Up,BUY,0.8199999923,5.182922,fast_crypto_up_down,BTC,true,true,https://data-api.polymarket.com/activity?user=0x088df3b7e5c1b5c2d4b7dc760863153480cf025e&type=TRADE&limit=100&offset=0&sortBy=TIMESTAMP&sortDirection=DESC,521c6472d70e6201aff819e138f9706854f099d69f1eb4ebfac09f2dff2f6b54,3005e0d635613ea771b43b335a330d62919af6e6f7739d9398c23abb5db3ea5b
0x088df3b7e5c1b5c2d4b7dc760863153480cf025e,https://polymarket.com/0x088df3b7e5c1b5c2d4b7dc760863153480cf025e,20,2026-06-28T14:03:34.498+00:00,2026-06-28T14:03:34.498+00:00,2026-06-28T14:03:34.894+00:00,2026-06-28T14:03:34.894+00:00,1782646010,2026-06-28T11:26:50.000+00:00,,excluded_historical_page_churn,historical_page_churn,5.000000,396.000000,0x8ec635587fe3dc20bd47cdd775a6c699561dc6ee09e74bdd308790bd667b6920,true,btc-updown-5m-1782645900,btc-updown-5m-1782645900,"Bitcoin Up or Down - June 28, 7:25AM-7:30AM ET",0x4b3f03bf0d13ebb0034614f6b5bdcc46785ebe29de191c42c04abf52df5be238,91361615790094921266417724815796331012828771266481967129603021152054134406852,Up,BUY,0.9121078508,5.207712,fast_crypto_up_down,BTC,true,true,https://data-api.polymarket.com/activity?user=0x088df3b7e5c1b5c2d4b7dc760863153480cf025e&type=TRADE&limit=100&offset=0&sortBy=TIMESTAMP&sortDirection=DESC,46b55bdd23b33a0b061208b364894d75ef2a0e5ec955bdfa44ca1a63a4dc62f2,390c343f44611ca0aa4e917c2cef4b7e3fe85a7e6d00c3bd1783416ffb099e16
0x088df3b7e5c1b5c2d4b7dc760863153480cf025e,https://polymarket.com/0x088df3b7e5c1b5c2d4b7dc760863153480cf025e,20,2026-06-28T14:03:34.498+00:00,2026-06-28T14:03:34.498+00:00,2026-06-28T14:03:34.894+00:00,2026-06-28T14:03:34.894+00:00,1782646031,2026-06-28T11:27:11.000+00:00,,excluded_historical_page_churn,historical_page_churn,5.000000,396.000000,0x2b9114a5989a98136bcf6ce03fe33be9223cf1ea5d181c62bc6f99d872eec015,true,eth-updown-5m-1782645900,eth-updown-5m-1782645900,"Ethereum Up or Down - June 28, 7:25AM-7:30AM ET",0x6486ef8f1618c16eb410a66d128803f94e9c071cefdaf370597a526da53d8d6f,78533405088289018973444537771756780733591608812601381535288306374567720535113,Up,BUY,0.8799999924,5.284083,fast_crypto_up_down,ETH,true,true,https://data-api.polymarket.com/activity?user=0x088df3b7e5c1b5c2d4b7dc760863153480cf025e&type=TRADE&limit=100&offset=0&sortBy=TIMESTAMP&sortDirection=DESC,83c90c45984e0447afe05d4cee8205b8141dc67d7be97ded8b9b702b441595e6,810cb78ea27430aa4b1006eb72b0c63659ed6ededc6466e7d7545beff7f71915
0x088df3b7e5c1b5c2d4b7dc760863153480cf025e,https://polymarket.com/0x088df3b7e5c1b5c2d4b7dc760863153480cf025e,20,2026-06-28T14:03:34.498+00:00,2026-06-28T14:03:34.498+00:00,2026-06-28T14:03:34.894+00:00,2026-06-28T14:03:34.894+00:00,1782646031,2026-06-28T11:27:11.000+00:00,,excluded_historical_page_churn,historical_page_churn,5.000000,396.000000,0xd6a8f458c9b0ee56eae97193d82d824eb9ebad4ffc306452937577e444d2616e,true,btc-updown-5m-1782645900,btc-updown-5m-1782645900,"Bitcoin Up or Down - June 28, 7:25AM-7:30AM ET",0x4b3f03bf0d13ebb0034614f6b5bdcc46785ebe29de191c42c04abf52df5be238,91361615790094921266417724815796331012828771266481967129603021152054134406852,Up,BUY,0.8599999813,5.348835,fast_crypto_up_down,BTC,true,true,https://data-api.polymarket.com/activity?user=0x088df3b7e5c1b5c2d4b7dc760863153480cf025e&type=TRADE&limit=100&offset=0&sortBy=TIMESTAMP&sortDirection=DESC,acd67cf2bc902cce2bf379e72ec2d287963afa5303d9cc5026959fb54c7a95ef,2fc016282689322f97c082e2ce6bf5abf8698e6691356e8ef9bf85f3ba475597
0x088df3b7e5c1b5c2d4b7dc760863153480cf025e,https://polymarket.com/0x088df3b7e5c1b5c2d4b7dc760863153480cf025e,20,2026-06-28T14:03:34.498+00:00,2026-06-28T14:03:34.498+00:00,2026-06-28T14:03:34.894+00:00,2026-06-28T14:03:34.894+00:00,1782648509,2026-06-28T12:08:29.000+00:00,,excluded_historical_page_churn,historical_page_churn,5.000000,396.000000,0x19aa9c3c8ff949a99a0eef69d54099d01e08716fa62374b7e3be9476dd783f6a,true,eth-updown-5m-1782648300,eth-updown-5m-1782648300,"Ethereum Up or Down - June 28, 8:05AM-8:10AM ET",0x2ef148fe177965843393cc7514a55a41ae815c0ed3e7b2c68026f24a3ce332f5,23889596762473911319882078344174658185914849396396162634774959563029966385286,Up,BUY,0.8099999699,5.308636,fast_crypto_up_down,ETH,true,true,https://data-api.polymarket.com/activity?user=0x088df3b7e5c1b5c2d4b7dc760863153480cf025e&type=TRADE&limit=100&offset=0&sortBy=TIMESTAMP&sortDirection=DESC,6c98c2177818e2b836a42a509b74326550b09e1956cd25e83aa9ba1a32af3e04,84c7295333e036de9d8209b6bfc47a2661081e43b3a9ad8008cfabd1dea784e4
0x088df3b7e5c1b5c2d4b7dc760863153480cf025e,https://polymarket.com/0x088df3b7e5c1b5c2d4b7dc760863153480cf025e,20,2026-06-28T14:03:34.498+00:00,2026-06-28T14:03:34.498+00:00,2026-06-28T14:03:34.894+00:00,2026-06-28T14:03:34.894+00:00,1782648590,2026-06-28T12:09:50.000+00:00,,excluded_historical_page_churn,historical_page_churn,5.000000,396.000000,0x4bafa5a1e7b5080da53f54006a80d8cb1729ac87be7f55eaae23e2e9d72ef28c,true,sol-updown-5m-1782648300,sol-updown-5m-1782648300,"Solana Up or Down - June 28, 8:05AM-8:10AM ET",0xc06964cd994a826016cd4b80245adf1a91799533c92e3f7f190bfcf4056aace1,45943202349804562493427582393087511599786919985053525724487600110654748754612,Up,BUY,0.8099999851,5.370368,fast_crypto_up_down,SOL,true,true,https://data-api.polymarket.com/activity?user=0x088df3b7e5c1b5c2d4b7dc760863153480cf025e&type=TRADE&limit=100&offset=0&sortBy=TIMESTAMP&sortDirection=DESC,285eedef8ccad46b27f3b872db92d4965d725527f2d6dfaa0f0633501ad95b58,524c51f17f0ead4004a66364d93ffc5610b331fb864669f61f511591d2399028
0x088df3b7e5c1b5c2d4b7dc760863153480cf025e,https://polymarket.com/0x088df3b7e5c1b5c2d4b7dc760863153480cf025e,20,2026-06-28T14:03:34.498+00:00,2026-06-28T14:03:34.498+00:00,2026-06-28T14:03:34.894+00:00,2026-06-28T14:03:34.894+00:00,1782648895,2026-06-28T12:14:55.000+00:00,,excluded_historical_page_churn,historical_page_churn,5.000000,396.000000,0xc046d89ed3a78219820738fb16087ed1586fb8427abbfde3f16e70688efc8dd7,true,xrp-updown-5m-1782648600,xrp-updown-5m-1782648600,"XRP Up or Down - June 28, 8:10AM-8:15AM ET",0x322aa009b638896a26e640566e69a646b04b96e2d5344f4a15f748eba9dd7848,73986251427801292507522535269870752472151564014000130786457565780308318767672,Up,BUY,0.7607228578,5.389608,other,other,false,true,https://data-api.polymarket.com/activity?user=0x088df3b7e5c1b5c2d4b7dc760863153480cf025e&type=TRADE&limit=100&offset=0&sortBy=TIMESTAMP&sortDirection=DESC,b1a8cd926ab0769041a4a53714fc2fe2bd1004836e9dd137222b3d4f32d8d079,6385c8aa9916180eb0a54be08ea87411a8f236ce8a1551a2d8fe6d8d343ff34a
0x088df3b7e5c1b5c2d4b7dc760863153480cf025e,https://polymarket.com/0x088df3b7e5c1b5c2d4b7dc760863153480cf025e,20,2026-06-28T14:03:34.498+00:00,2026-06-28T14:03:34.498+00:00,2026-06-28T14:03:34.894+00:00,2026-06-28T14:03:34.894+00:00,1782648901,2026-06-28T12:15:01.000+00:00,,excluded_historical_page_churn,historical_page_churn,5.000000,396.000000,0x08c815fe19018f2baa4bd56cc0d5ad8c6bbaa1c59688d81fa9dd0bd76a17c0da,true,xrp-updown-5m-1782648600,xrp-updown-5m-1782648600,"XRP Up or Down - June 28, 8:10AM-8:15AM ET",0x322aa009b638896a26e640566e69a646b04b96e2d5344f4a15f748eba9dd7848,73986251427801292507522535269870752472151564014000130786457565780308318767672,Up,BUY,0.9086372331,5.2276,other,other,false,true,https://data-api.polymarket.com/activity?user=0x088df3b7e5c1b5c2d4b7dc760863153480cf025e&type=TRADE&limit=100&offset=0&sortBy=TIMESTAMP&sortDirection=DESC,638e4596280a636544d872dd3897b6caa3e7c71889ee9452085f038faa4c8444,a6e26db9244fe8d726fe27e4f6185a0bd6c6f3a046461222b34456304aa5039f
0x088df3b7e5c1b5c2d4b7dc760863153480cf025e,https://polymarket.com/0x088df3b7e5c1b5c2d4b7dc760863153480cf025e,20,2026-06-28T14:03:34.498+00:00,2026-06-28T14:03:34.498+00:00,2026-06-28T14:03:34.894+00:00,2026-06-28T14:03:34.894+00:00,1782649196,2026-06-28T12:19:56.000+00:00,,excluded_historical_page_churn,historical_page_churn,5.000000,396.000000,0xf35a61462cd40d1e052b03ff7614f12f34d66deed722bb1796c7e5ebc0353b1d,true,bitcoin-up-or-down-june-28-2026-8am-et,bitcoin-up-or-down-june-28-2026-8am-et,"Bitcoin Up or Down - June 28, 8AM ET",0xa6c758ed18a1611a5d42fad4759139223f80901fb6c59f1d69d48d1368ff8ac4,90192395210708097150403233701656119318911669279890330256576156490352371251774,Down,BUY,0.7899999802,5.06329,fast_crypto_up_down,BTC,true,false,https://data-api.polymarket.com/activity?user=0x088df3b7e5c1b5c2d4b7dc760863153480cf025e&type=TRADE&limit=100&offset=0&sortBy=TIMESTAMP&sortDirection=DESC,bb7a42668fc51f5a0fbcb2907c499353c3f51759ef8bf9e8ba0f003049574b09,1fc364ea7929f4f348cfbd244986d61cdfe5bd2f83727f3fc79e3d5bcae8debb
0x088df3b7e5c1b5c2d4b7dc760863153480cf025e,https://polymarket.com/0x088df3b7e5c1b5c2d4b7dc760863153480cf025e,20,2026-06-28T14:03:34.498+00:00,2026-06-28T14:03:34.498+00:00,2026-06-28T14:03:34.894+00:00,2026-06-28T14:03:34.894+00:00,1782649723,2026-06-28T12:28:43.000+00:00,,excluded_historical_page_churn,historical_page_churn,5.000000,396.000000,0xedb9948cd4f83f65936a436e4061312e8b1a80acbd8900b3639b97d4c0a57951,true,btc-updown-5m-1782649500,btc-updown-5m-1782649500,"Bitcoin Up or Down - June 28, 8:25AM-8:30AM ET",0x28531cdbbbf0818c841e8c93957840d2090b0bc4bd77a4d7132b50831c8d7602,62874616463268656735470031250816871686538801855099988596687789740161203836659,Up,BUY,0.8099999891,5.493826,fast_crypto_up_down,BTC,true,true,https://data-api.polymarket.com/activity?user=0x088df3b7e5c1b5c2d4b7dc760863153480cf025e&type=TRADE&limit=100&offset=0&sortBy=TIMESTAMP&sortDirection=DESC,f2ae5edb3135a248bceb2d36ea72b53729c378f35220e766b4c03f1ed4152a71,ef7642f3aa10f915e3e55c06608f978904e867b452c170b4ecb0d4fa396885cb
0x088df3b7e5c1b5c2d4b7dc760863153480cf025e,https://polymarket.com/0x088df3b7e5c1b5c2d4b7dc760863153480cf025e,20,2026-06-28T14:03:34.498+00:00,2026-06-28T14:03:34.498+00:00,2026-06-28T14:03:34.894+00:00,2026-06-28T14:03:34.894+00:00,1782649729,2026-06-28T12:28:49.000+00:00,,excluded_historical_page_churn,historical_page_churn,5.000000,396.000000,0x9440cb3a02fdb7269ed38edd2593734ebe6cdceeff48d19dedae33f500b7f938,true,btc-updown-5m-1782649500,btc-updown-5m-1782649500,"Bitcoin Up or Down - June 28, 8:25AM-8:30AM ET",0x28531cdbbbf0818c841e8c93957840d2090b0bc4bd77a4d7132b50831c8d7602,62874616463268656735470031250816871686538801855099988596687789740161203836659,Up,BUY,0.8799999924,5.284083,fast_crypto_up_down,BTC,true,true,https://data-api.polymarket.com/activity?user=0x088df3b7e5c1b5c2d4b7dc760863153480cf025e&type=TRADE&limit=100&offset=0&sortBy=TIMESTAMP&sortDirection=DESC,ff49d50eb986e9bd1225c2d19974a7644e52d4a300ff68b1b76339198782f84a,c5a0dfda5d00f36075558230cd87a873bf0255f45dc7ae001175c1e384ac38b5
0x088df3b7e5c1b5c2d4b7dc760863153480cf025e,https://polymarket.com/0x088df3b7e5c1b5c2d4b7dc760863153480cf025e,20,2026-06-28T14:03:34.498+00:00,2026-06-28T14:03:34.498+00:00,2026-06-28T14:03:34.894+00:00,2026-06-28T14:03:34.894+00:00,1782649840,2026-06-28T12:30:40.000+00:00,,excluded_historical_page_churn,historical_page_churn,5.000000,396.000000,0x4dd40fb7f6ad8d93fada817020bc046ea53c4d9b7698a4d7fff3414e261ce5e2,true,xrp-updown-15m-1782649800,xrp-updown-15m-1782649800,"XRP Up or Down - June 28, 8:30AM-8:45AM ET",0xec1e4f2928650e9541cbd0a5d6630582d64b17e75bd88e07f0867c09310eb3cc,100801396335638646840140055325178102657082253034171031863015475532498059318241,Up,BUY,0.789999961,5.12658,other,other,false,false,https://data-api.polymarket.com/activity?user=0x088df3b7e5c1b5c2d4b7dc760863153480cf025e&type=TRADE&limit=100&offset=0&sortBy=TIMESTAMP&sortDirection=DESC,1623b622ae79c0be3e384ab2d8ebd9f36ffd710535816f3b85e60388fe194d67,b25ecdb11a8a20012c74f8a11ba4c21e36944f8eab0525237ad96f6ad2238f3d
0x088df3b7e5c1b5c2d4b7dc760863153480cf025e,https://polymarket.com/0x088df3b7e5c1b5c2d4b7dc760863153480cf025e,20,2026-06-28T14:03:34.498+00:00,2026-06-28T14:03:34.498+00:00,2026-06-28T14:03:34.894+00:00,2026-06-28T14:03:34.894+00:00,1782649849,2026-06-28T12:30:49.000+00:00,,excluded_historical_page_churn,historical_page_churn,5.000000,396.000000,0x32923f1c16ed69a8e1a878121298f6073e2820bb22876eaa36bf2d56c8705e3a,true,eth-updown-5m-1782649800,eth-updown-5m-1782649800,"Ethereum Up or Down - June 28, 8:30AM-8:35AM ET",0x08185b2d49397fb8251d183228e2382718f1f259b4e52795cbdfe77cd425a9c4,52680279375956918573761547562652951209140407995247707288201602449563542928425,Up,BUY,0.8399999773,5.297618,fast_crypto_up_down,ETH,true,true,https://data-api.polymarket.com/activity?user=0x088df3b7e5c1b5c2d4b7dc760863153480cf025e&type=TRADE&limit=100&offset=0&sortBy=TIMESTAMP&sortDirection=DESC,132c694b4f26af6384ae0b8388fefb2881646f18a4aa14a2c5443eceecffdc6b,a391f4b73f6b14ef65f8d08ce67e5b61d59ab79fc0c013057cccf13a5e8a4201
0x088df3b7e5c1b5c2d4b7dc760863153480cf025e,https://polymarket.com/0x088df3b7e5c1b5c2d4b7dc760863153480cf025e,20,2026-06-28T14:03:34.498+00:00,2026-06-28T14:03:34.498+00:00,2026-06-28T14:03:34.894+00:00,2026-06-28T14:03:34.894+00:00,1782649858,2026-06-28T12:30:58.000+00:00,,excluded_historical_page_churn,historical_page_churn,5.000000,396.000000,0xbbaccdbe28df5f9e32877a9385b8eb5219e39ca91974227d1922d24164a6b0c8,true,btc-updown-5m-1782649800,btc-updown-5m-1782649800,"Bitcoin Up or Down - June 28, 8:30AM-8:35AM ET",0x3442d6010f78b59b716d42098ef0c14bb7ee8dda69176d061d6108104f523d9f,18513448287059606955248253451904380375897163214850544411294375044444029327544,Up,BUY,0.8399999773,5.297618,fast_crypto_up_down,BTC,true,true,https://data-api.polymarket.com/activity?user=0x088df3b7e5c1b5c2d4b7dc760863153480cf025e&type=TRADE&limit=100&offset=0&sortBy=TIMESTAMP&sortDirection=DESC,aff301da6b7b450d14826a4df0da49b10a52c8058cfd36c225fb76d63f4cf788,450db043fc26efee57da6eb4e3255832032fc68f97989e3a5f59f97ab282e5d4
0x088df3b7e5c1b5c2d4b7dc760863153480cf025e,https://polymarket.com/0x088df3b7e5c1b5c2d4b7dc760863153480cf025e,20,2026-06-28T14:03:34.498+00:00,2026-06-28T14:03:34.498+00:00,2026-06-28T14:03:34.894+00:00,2026-06-28T14:03:34.894+00:00,1782649864,2026-06-28T12:31:04.000+00:00,,excluded_historical_page_churn,historical_page_churn,5.000000,396.000000,0x661665605c66d42a441e167c97d8ecf44314d98eed10e3e9ab103069dbb59094,true,eth-updown-5m-1782649800,eth-updown-5m-1782649800,"Ethereum Up or Down - June 28, 8:30AM-8:35AM ET",0x08185b2d49397fb8251d183228e2382718f1f259b4e52795cbdfe77cd425a9c4,52680279375956918573761547562652951209140407995247707288201602449563542928425,Up,BUY,0.8799999924,5.284083,fast_crypto_up_down,ETH,true,true,https://data-api.polymarket.com/activity?user=0x088df3b7e5c1b5c2d4b7dc760863153480cf025e&type=TRADE&limit=100&offset=0&sortBy=TIMESTAMP&sortDirection=DESC,de77fc2b7534740494ce8c62ccfbeace8bde278ec2ced3f936b5785a05ee67c5,8db6795775f3d1fefde7f4d90f3f6bb4df57aa5b9c310f3f131caa0c757bbebc
0x088df3b7e5c1b5c2d4b7dc760863153480cf025e,https://polymarket.com/0x088df3b7e5c1b5c2d4b7dc760863153480cf025e,20,2026-06-28T14:03:34.498+00:00,2026-06-28T14:03:34.498+00:00,2026-06-28T14:03:34.894+00:00,2026-06-28T14:03:34.894+00:00,1782649868,2026-06-28T12:31:08.000+00:00,,excluded_historical_page_churn,historical_page_churn,5.000000,396.000000,0xef27dffff2edd3046b3d913015105db8a1b0964f5355f98aadd5e3b656b7eef6,true,btc-updown-5m-1782649800,btc-updown-5m-1782649800,"Bitcoin Up or Down - June 28, 8:30AM-8:35AM ET",0x3442d6010f78b59b716d42098ef0c14bb7ee8dda69176d061d6108104f523d9f,18513448287059606955248253451904380375897163214850544411294375044444029327544,Up,BUY,0.7399999783,5.540538,fast_crypto_up_down,BTC,true,true,https://data-api.polymarket.com/activity?user=0x088df3b7e5c1b5c2d4b7dc760863153480cf025e&type=TRADE&limit=100&offset=0&sortBy=TIMESTAMP&sortDirection=DESC,c47393d0dbdd616ad675ac860bb430ca246c2ed2207a993cc88fcf3c1fbaeaf8,ba7b908ae39d6a9c30aa6b9494f863e7029bdefd6b4a697fcd2e19ff6e698194
0x088df3b7e5c1b5c2d4b7dc760863153480cf025e,https://polymarket.com/0x088df3b7e5c1b5c2d4b7dc760863153480cf025e,20,2026-06-28T14:03:34.498+00:00,2026-06-28T14:03:34.498+00:00,2026-06-28T14:03:34.894+00:00,2026-06-28T14:03:34.894+00:00,1782654025,2026-06-28T13:40:25.000+00:00,,excluded_historical_page_churn,historical_page_churn,5.000000,396.000000,0x1164235e20d1d519a734394767f906947c8c5569bb5ec17e27421f1002691601,true,ethereum-up-or-down-june-28-2026-9am-et,ethereum-up-or-down-june-28-2026-9am-et,"Ethereum Up or Down - June 28, 9AM ET",0xcfc5544e7abd79c2fc401f3d9df1dae809542c357cbc6be74471c832a08a4c62,111071190546778167675739855964743562960232361180391185200724458408797235930071,Down,BUY,0.8499999807,5.176466,fast_crypto_up_down,ETH,true,false,https://data-api.polymarket.com/activity?user=0x088df3b7e5c1b5c2d4b7dc760863153480cf025e&type=TRADE&limit=100&offset=0&sortBy=TIMESTAMP&sortDirection=DESC,a4bfcd26bb3baa7cb6b641a80d9c69469a948713af00eb74a7bf6231bded3b7b,3dbac1ef2a8b56ceb48f963a86298fb9d4bebd2a82afcd32c0ee87abaec00749
0x088df3b7e5c1b5c2d4b7dc760863153480cf025e,https://polymarket.com/0x088df3b7e5c1b5c2d4b7dc760863153480cf025e,20,2026-06-28T14:03:34.498+00:00,2026-06-28T14:03:34.498+00:00,2026-06-28T14:03:34.894+00:00,2026-06-28T14:03:34.894+00:00,1782654157,2026-06-28T13:42:37.000+00:00,,excluded_historical_page_churn,historical_page_churn,5.000000,396.000000,0x7f369c51c989fec141aad916083b60c10feb6bc1ebef2486ccb27ec1dbd599ff,true,sol-updown-5m-1782654000,sol-updown-5m-1782654000,"Solana Up or Down - June 28, 9:40AM-9:45AM ET",0x61d1d40840d9a925498bf3c65f3a67f53aabd637bf0b5d2e75aed747cced421c,45476243990476717913687968219901630171896647436171891151941902422271314439319,Up,BUY,0.8104651118,5.2439,fast_crypto_up_down,SOL,true,true,https://data-api.polymarket.com/activity?user=0x088df3b7e5c1b5c2d4b7dc760863153480cf025e&type=TRADE&limit=100&offset=0&sortBy=TIMESTAMP&sortDirection=DESC,33adf080af2360a93f47842ea29cb59c83e3b4659d73737422f992bc021a79fc,e598e5fb02fa4ea1ace4b2f5fcd9beb97b81eee4ce89cabf72e80ab190e724c9
0x088df3b7e5c1b5c2d4b7dc760863153480cf025e,https://polymarket.com/0x088df3b7e5c1b5c2d4b7dc760863153480cf025e,20,2026-06-28T14:03:34.498+00:00,2026-06-28T14:03:34.498+00:00,2026-06-28T14:03:34.894+00:00,2026-06-28T14:03:34.894+00:00,1782654922,2026-06-28T13:55:22.000+00:00,,excluded_historical_page_churn,historical_page_churn,5.000000,396.000000,0xddfde8f76edc8f6b3a1174bc6143c31dbd216be5230b0989c1cc58ac90cf2f36,true,solana-up-or-down-june-28-2026-9am-et,solana-up-or-down-june-28-2026-9am-et,"Solana Up or Down - June 28, 9AM ET",0x7547808297804303c8910e045299864a12bb8decea33a51aed07487f64409c50,81345624860908957837933062772223314152083960919572092293350977894209011366768,Up,SELL,0.3354027505,10.18,fast_crypto_up_down,SOL,true,false,https://data-api.polymarket.com/activity?user=0x088df3b7e5c1b5c2d4b7dc760863153480cf025e&type=TRADE&limit=100&offset=0&sortBy=TIMESTAMP&sortDirection=DESC,84dd06fd05ce2b64e1cec4552b1c50d32f2008acdd6fd9453e05b5e2a17771b2,aee6e5b01741a235c84a9c7da68846e8c4cfaaaa082bcfce031299b2b4098f4a
0x088df3b7e5c1b5c2d4b7dc760863153480cf025e,https://polymarket.com/0x088df3b7e5c1b5c2d4b7dc760863153480cf025e,20,2026-06-28T14:03:34.498+00:00,2026-06-28T14:03:34.498+00:00,2026-06-28T14:03:34.894+00:00,2026-06-28T14:03:34.894+00:00,1782655399,2026-06-28T14:03:19.000+00:00,15.894000,measured_upper_bound,new_live_window_trade,5.000000,396.000000,0x38980d5f514f78eb3ee2b49caac4d9f2d9b5da1fda3bb54a49ca8738236e17c8,true,sol-updown-5m-1782655200,sol-updown-5m-1782655200,"Solana Up or Down - June 28, 10:00AM-10:05AM ET",0x5c5809ee85b49a9b63716f7cf6f47d42df09a0df1ccbc350dfda9209fea277f4,16348851740352856058402372759816546034342627210457425992728371229773331681124,Up,BUY,0.8,5.3125,fast_crypto_up_down,SOL,true,true,https://data-api.polymarket.com/activity?user=0x088df3b7e5c1b5c2d4b7dc760863153480cf025e&type=TRADE&limit=100&offset=0&sortBy=TIMESTAMP&sortDirection=DESC,1320385e12f7eb2d0f0bd800ee8dcae099c97b41b9b5d968ba35732d23209e1b,f2acf7207685f1372be2bfa642cefecc6e5c5499f89e4fb9422ad88d155ae509
0x29a55c2bf8efd1029c001477b34be47d3ca37752,https://polymarket.com/0x29a55c2bf8efd1029c001477b34be47d3ca37752,27,2026-06-28T14:04:09.494+00:00,2026-06-28T14:04:09.829+00:00,2026-06-28T14:04:10.183+00:00,2026-06-28T14:04:10.183+00:00,1782599002,2026-06-27T22:23:22.000+00:00,,excluded_historical_page_churn,historical_page_churn,5.000000,354.000000,0x0ff5a41460089f56d546ebde8fdd90572a400172af42108d484e1868c6cc581e,true,ethereum-up-or-down-june-27-2026-6pm-et,ethereum-up-or-down-june-27-2026-6pm-et,"Ethereum Up or Down - June 27, 6PM ET",0x5cb26593c4723c77b15ec239b5b2ef7332f8181e7ebbcb3bd1510a21700c002f,100696003986473828696566482781215900333762414145472130358383981022688344098154,Up,BUY,0.338340249,12.05,fast_crypto_up_down,ETH,true,false,https://data-api.polymarket.com/activity?user=0x29a55c2bf8efd1029c001477b34be47d3ca37752&type=TRADE&limit=100&offset=0&sortBy=TIMESTAMP&sortDirection=DESC,d5673609033781caf010bb42fe52785f3b2071fba578e56010e7ba5f03693e91,9d23b71b5c394c65b304a6eb19272a0bc4cf7b7a5c945811e603541ffd275c1f
0x29a55c2bf8efd1029c001477b34be47d3ca37752,https://polymarket.com/0x29a55c2bf8efd1029c001477b34be47d3ca37752,27,2026-06-28T14:04:09.494+00:00,2026-06-28T14:04:09.829+00:00,2026-06-28T14:04:10.183+00:00,2026-06-28T14:04:10.183+00:00,1782613261,2026-06-28T02:21:01.000+00:00,,excluded_historical_page_churn,historical_page_churn,5.000000,354.000000,0xc0f10bb0c8be7f8534a3d318ba8a309e6620c684279a877789377d666282c661,true,eth-updown-15m-1782612900,eth-updown-15m-1782612900,"Ethereum Up or Down - June 27, 10:15PM-10:30PM ET",0xcb8f37bf00d100efe8eb0d24384cc731c770bc46a2e4e938273485dab05f7086,8832637962158838580611640153537631391262035736817633429400086328262832140724,Down,BUY,0.9074587039,39.35,fast_crypto_up_down,ETH,true,false,https://data-api.polymarket.com/activity?user=0x29a55c2bf8efd1029c001477b34be47d3ca37752&type=TRADE&limit=100&offset=0&sortBy=TIMESTAMP&sortDirection=DESC,599b6041d92f4a20635c848982f7d7f020dbe68a140fd75fbc1d8331301caec1,ecd9ee4f58b55aab6f8ce682018aef7a58ab0969bacb914d53db8f4c8b19d013
0x29a55c2bf8efd1029c001477b34be47d3ca37752,https://polymarket.com/0x29a55c2bf8efd1029c001477b34be47d3ca37752,27,2026-06-28T14:04:09.494+00:00,2026-06-28T14:04:09.829+00:00,2026-06-28T14:04:10.183+00:00,2026-06-28T14:04:10.183+00:00,1782613276,2026-06-28T02:21:16.000+00:00,,excluded_historical_page_churn,historical_page_churn,5.000000,354.000000,0x58a5dead89992e1e9793dce5e7829f5436e46171325c86bf508ab2f80353202f,true,eth-updown-15m-1782612900,eth-updown-15m-1782612900,"Ethereum Up or Down - June 27, 10:15PM-10:30PM ET",0xcb8f37bf00d100efe8eb0d24384cc731c770bc46a2e4e938273485dab05f7086,8832637962158838580611640153537631391262035736817633429400086328262832140724,Down,BUY,0.9425694173,25.57,fast_crypto_up_down,ETH,true,false,https://data-api.polymarket.com/activity?user=0x29a55c2bf8efd1029c001477b34be47d3ca37752&type=TRADE&limit=100&offset=0&sortBy=TIMESTAMP&sortDirection=DESC,ce4eb49c25c12458773d05dba99d2a828e1988b023f80fd4f63dedddaf5ef6ed,12871365eb3368ea7f158af45775f6e47ae366ff9f2204837999acd19f79f60b
0x29a55c2bf8efd1029c001477b34be47d3ca37752,https://polymarket.com/0x29a55c2bf8efd1029c001477b34be47d3ca37752,27,2026-06-28T14:04:09.494+00:00,2026-06-28T14:04:09.829+00:00,2026-06-28T14:04:10.183+00:00,2026-06-28T14:04:10.183+00:00,1782622570,2026-06-28T04:56:10.000+00:00,,excluded_historical_page_churn,historical_page_churn,5.000000,354.000000,0x8074694e8079052e0be15fee2f0a31db99a587e55daa3e72796269c7c8cdafde,true,will-stablecoins-hit-500b-before-2027,will-stablecoins-hit-500b-before-2027,Will stablecoins hit $500B before 2027?,0x5248073daa191c17bc1f258289afacf89515479aab95a07165e0cd9dcbc73b47,66556856701588886928455237478275515516408928121456431134772921415845283581388,No,SELL,0.9099997513,3.296702,other,other,false,false,https://data-api.polymarket.com/activity?user=0x29a55c2bf8efd1029c001477b34be47d3ca37752&type=TRADE&limit=100&offset=0&sortBy=TIMESTAMP&sortDirection=DESC,01e420134883363b26bb18d45f30818c9f08c3f1c1395604be8f6e54614b09a8,a943e520f328b9ebbac876732d424ca427ccd8eb3bff688175c80ce0928fc77d
0x29a55c2bf8efd1029c001477b34be47d3ca37752,https://polymarket.com/0x29a55c2bf8efd1029c001477b34be47d3ca37752,27,2026-06-28T14:04:09.494+00:00,2026-06-28T14:04:09.829+00:00,2026-06-28T14:04:10.183+00:00,2026-06-28T14:04:10.183+00:00,1782635972,2026-06-28T08:39:32.000+00:00,,excluded_historical_page_churn,historical_page_churn,5.000000,354.000000,0xce55d4e5322f8b6f0dfe9d0c12a128eb8a1211c927dd29f8ee36f5c9eb455d90,true,ethereum-up-or-down-on-june-28-2026,ethereum-up-or-down-on-june-28-2026,Ethereum Up or Down on June 28?,0x0add59043a134090f587d3838acf0356da285c58fb88cd9c5ea817367b46052b,26158235879461335635942765448280919137652658819515464947676279078820468608582,Up,SELL,0.1306744604,22.24,fast_crypto_up_down,ETH,true,false,https://data-api.polymarket.com/activity?user=0x29a55c2bf8efd1029c001477b34be47d3ca37752&type=TRADE&limit=100&offset=0&sortBy=TIMESTAMP&sortDirection=DESC,a49153f3bbca569c6cfc3f9bb0afc38151a21dac37caa07dab93eabd358c2f05,a24b9fed0c7b00ad04c7b2df0f63aab82d9aaa0758070b4721160197cfff62da
0x29a55c2bf8efd1029c001477b34be47d3ca37752,https://polymarket.com/0x29a55c2bf8efd1029c001477b34be47d3ca37752,27,2026-06-28T14:04:09.494+00:00,2026-06-28T14:04:09.829+00:00,2026-06-28T14:04:10.183+00:00,2026-06-28T14:04:10.183+00:00,1782636032,2026-06-28T08:40:32.000+00:00,,excluded_historical_page_churn,historical_page_churn,5.000000,354.000000,0x4975e90f9618d3b756f885a553700b461ec792d9b9ff755ab36a6fffac7ed4a0,true,ethereum-up-or-down-on-june-28-2026,ethereum-up-or-down-on-june-28-2026,Ethereum Up or Down on June 28?,0x0add59043a134090f587d3838acf0356da285c58fb88cd9c5ea817367b46052b,26158235879461335635942765448280919137652658819515464947676279078820468608582,Up,SELL,0.1302158895,69.48,fast_crypto_up_down,ETH,true,false,https://data-api.polymarket.com/activity?user=0x29a55c2bf8efd1029c001477b34be47d3ca37752&type=TRADE&limit=100&offset=0&sortBy=TIMESTAMP&sortDirection=DESC,248cf913356501921ed0fa10063ad0a0ae8bcf128fd8428e1f736ba902c50262,4ed872c048db82a34e3fff35426b5957b4bb3eedbe67ac5d4773631d62f14d70
0x29a55c2bf8efd1029c001477b34be47d3ca37752,https://polymarket.com/0x29a55c2bf8efd1029c001477b34be47d3ca37752,27,2026-06-28T14:04:09.494+00:00,2026-06-28T14:04:09.829+00:00,2026-06-28T14:04:10.183+00:00,2026-06-28T14:04:10.183+00:00,1782642397,2026-06-28T10:26:37.000+00:00,,excluded_historical_page_churn,historical_page_churn,5.000000,354.000000,0x7f290e82af111aa4e97b2a6dbbce5f3fca047c7daff1a4d66f709005bfc796e1,true,eth-updown-5m-1782642300,eth-updown-5m-1782642300,"Ethereum Up or Down - June 28, 6:25AM-6:30AM ET",0x154e30db64e6722e183dcdd97b8b281454fa60a72da9348f85e865415605d66f,108958985286653237841604313098231752176542531002330469955882480965091054683969,Down,BUY,0.9690270812,29.91,fast_crypto_up_down,ETH,true,true,https://data-api.polymarket.com/activity?user=0x29a55c2bf8efd1029c001477b34be47d3ca37752&type=TRADE&limit=100&offset=0&sortBy=TIMESTAMP&sortDirection=DESC,daf4715d807ed86daf07923f4da52f76923062c9ae907d8a85ec80070f970546,b3193567d96d3e3d5c5866ecbf58cd3d3bbc4059efe8657446cadd821b885a14
0x29a55c2bf8efd1029c001477b34be47d3ca37752,https://polymarket.com/0x29a55c2bf8efd1029c001477b34be47d3ca37752,27,2026-06-28T14:04:09.494+00:00,2026-06-28T14:04:09.829+00:00,2026-06-28T14:04:10.183+00:00,2026-06-28T14:04:10.183+00:00,1782649891,2026-06-28T12:31:31.000+00:00,,excluded_historical_page_churn,historical_page_churn,5.000000,354.000000,0x678d2e34962f08591260d85cbb4cb04d2f19732a0722ea6ffe53bdf0c46a4dda,true,eth-updown-5m-1782649800,eth-updown-5m-1782649800,"Ethereum Up or Down - June 28, 8:30AM-8:35AM ET",0x08185b2d49397fb8251d183228e2382718f1f259b4e52795cbdfe77cd425a9c4,52680279375956918573761547562652951209140407995247707288201602449563542928425,Up,BUY,0.8574810659,106.95,fast_crypto_up_down,ETH,true,true,https://data-api.polymarket.com/activity?user=0x29a55c2bf8efd1029c001477b34be47d3ca37752&type=TRADE&limit=100&offset=0&sortBy=TIMESTAMP&sortDirection=DESC,382894094b9d25f13c6f505f448c90deebd9975a1918a870307d5dffb2a42320,6666cc88fbcffea832443180ef94c250c6c371aca5179a4799769cdd2e4ae91d
0x29a55c2bf8efd1029c001477b34be47d3ca37752,https://polymarket.com/0x29a55c2bf8efd1029c001477b34be47d3ca37752,27,2026-06-28T14:04:09.494+00:00,2026-06-28T14:04:09.829+00:00,2026-06-28T14:04:10.183+00:00,2026-06-28T14:04:10.183+00:00,1782649901,2026-06-28T12:31:41.000+00:00,,excluded_historical_page_churn,historical_page_churn,5.000000,354.000000,0x91b85f01a8efef14fb2ed53cd000e07c14011768134b8e58230c81d502c46591,true,eth-updown-5m-1782649800,eth-updown-5m-1782649800,"Ethereum Up or Down - June 28, 8:30AM-8:35AM ET",0x08185b2d49397fb8251d183228e2382718f1f259b4e52795cbdfe77cd425a9c4,52680279375956918573761547562652951209140407995247707288201602449563542928425,Up,BUY,0.768534128,70.47,fast_crypto_up_down,ETH,true,true,https://data-api.polymarket.com/activity?user=0x29a55c2bf8efd1029c001477b34be47d3ca37752&type=TRADE&limit=100&offset=0&sortBy=TIMESTAMP&sortDirection=DESC,686f1718394df2b4d6929c79c6c435ea5fcd3eab6cefb668598c17d163549630,a6bc8914b8403440f7245be6dfe3601101b3dfd587d98cad52b8adfd7045cbf2
0x29a55c2bf8efd1029c001477b34be47d3ca37752,https://polymarket.com/0x29a55c2bf8efd1029c001477b34be47d3ca37752,27,2026-06-28T14:04:09.494+00:00,2026-06-28T14:04:09.829+00:00,2026-06-28T14:04:10.183+00:00,2026-06-28T14:04:10.183+00:00,1782649913,2026-06-28T12:31:53.000+00:00,,excluded_historical_page_churn,historical_page_churn,5.000000,354.000000,0xac78bf1268bbdfc56a167278e5c3fbeecf1bf0a5de9a258c010b77bb713f43b5,true,eth-updown-15m-1782649800,eth-updown-15m-1782649800,"Ethereum Up or Down - June 28, 8:30AM-8:45AM ET",0xdcaadc2fa12a904bdf3f9a742e8e33bf5597c2860cffb2be74eaf564ebff2461,25626161713978470701322119512289602386596816167308618875060227894732040393505,Up,BUY,0.6110999462,55.73,fast_crypto_up_down,ETH,true,false,https://data-api.polymarket.com/activity?user=0x29a55c2bf8efd1029c001477b34be47d3ca37752&type=TRADE&limit=100&offset=0&sortBy=TIMESTAMP&sortDirection=DESC,e4aec447a25035228cbe8f1be4f70b4f36afc1b5b81470f75c480fe71efd83ca,fd69cbf4044a0969d86ec6e57501055e21fe031bf64b297091ff7a55a6ada400
0x29a55c2bf8efd1029c001477b34be47d3ca37752,https://polymarket.com/0x29a55c2bf8efd1029c001477b34be47d3ca37752,27,2026-06-28T14:04:09.494+00:00,2026-06-28T14:04:09.829+00:00,2026-06-28T14:04:10.183+00:00,2026-06-28T14:04:10.183+00:00,1782649936,2026-06-28T12:32:16.000+00:00,,excluded_historical_page_churn,historical_page_churn,5.000000,354.000000,0x828aad96a3b090ed71d5e1728d0980b17ff75ee9984a22ea45033865d84143c5,true,eth-updown-15m-1782649800,eth-updown-15m-1782649800,"Ethereum Up or Down - June 28, 8:30AM-8:45AM ET",0xdcaadc2fa12a904bdf3f9a742e8e33bf5597c2860cffb2be74eaf564ebff2461,25626161713978470701322119512289602386596816167308618875060227894732040393505,Up,BUY,0.4678678038,23.45,fast_crypto_up_down,ETH,true,false,https://data-api.polymarket.com/activity?user=0x29a55c2bf8efd1029c001477b34be47d3ca37752&type=TRADE&limit=100&offset=0&sortBy=TIMESTAMP&sortDirection=DESC,1d7a69086a092fa2f9081dd78ccf7ae61adc79cbb4542df10f69d2fd51b0e0cc,3c7b10d3a72527131b1e5ab2232d25ed891848df4905c260411e168c830c0f91
0x088df3b7e5c1b5c2d4b7dc760863153480cf025e,https://polymarket.com/0x088df3b7e5c1b5c2d4b7dc760863153480cf025e,28,2026-06-28T14:04:14.496+00:00,2026-06-28T14:04:14.496+00:00,2026-06-28T14:04:15.041+00:00,2026-06-28T14:04:15.041+00:00,1782655439,2026-06-28T14:03:59.000+00:00,16.041000,measured_upper_bound,new_live_window_trade,5.000000,545.000000,0xf2c6c9af7014506975621e96e931cdd3ad9ae6b1aca008ac78a24cfd2fb1f2cf,true,btc-updown-5m-1782655200,btc-updown-5m-1782655200,"Bitcoin Up or Down - June 28, 10:00AM-10:05AM ET",0x2fece38d8afd7a75c250cb52406e22841c40fad48190ba431f212bdecdab7067,110467844737522558836134600681687546888654462068205634423627088639010083942087,Up,BUY,0.8099999246511348,5.30864,fast_crypto_up_down,BTC,true,true,https://data-api.polymarket.com/activity?user=0x088df3b7e5c1b5c2d4b7dc760863153480cf025e&type=TRADE&limit=100&offset=0&sortBy=TIMESTAMP&sortDirection=DESC,18662af080e57bfca33e47ad587013a6153b6794dfc246af4ea747efbb90d8ab,5ef696d67f4282eeec317f5b8dab6696f4776b46ea4bb26f6892309c2539cb07
0x088df3b7e5c1b5c2d4b7dc760863153480cf025e,https://polymarket.com/0x088df3b7e5c1b5c2d4b7dc760863153480cf025e,44,2026-06-28T14:05:34.488+00:00,2026-06-28T14:05:34.488+00:00,2026-06-28T14:05:34.968+00:00,2026-06-28T14:05:34.968+00:00,1782655513,2026-06-28T14:05:13.000+00:00,21.968000,measured_upper_bound,new_live_window_trade,5.000000,480.000000,0x83960f5fc26287fe6f5f9654930e63ffdc64f71a22f07fe6d8c597bb243f13c4,true,btc-updown-4h-1782648000,btc-updown-4h-1782648000,"Bitcoin Up or Down - June 28, 8:00AM-12:00PM ET",0xb0259f4a8cbe081e5e83d373ddbfff97d8a5e590d05f458deeef004e5e0d7388,82840821059888003379867967448769112236139713175770301810026114805361516404677,Down,BUY,0.82,5,fast_crypto_up_down,BTC,true,false,https://data-api.polymarket.com/activity?user=0x088df3b7e5c1b5c2d4b7dc760863153480cf025e&type=TRADE&limit=100&offset=0&sortBy=TIMESTAMP&sortDirection=DESC,7952b1da32e620a2b225fd8cd59324eb3a6563a6440e58f8852a0ec26b6db429,3cbb4e2f1ab671a588bf3413b0610b8a7abe33e76768b8d205f7e801917720a5
0x29a55c2bf8efd1029c001477b34be47d3ca37752,https://polymarket.com/0x29a55c2bf8efd1029c001477b34be47d3ca37752,46,2026-06-28T14:05:44.496+00:00,2026-06-28T14:05:45.559+00:00,2026-06-28T14:05:46.131+00:00,2026-06-28T14:05:46.131+00:00,1782655534,2026-06-28T14:05:34.000+00:00,12.131000,measured_upper_bound,new_live_window_trade,5.000000,572.000000,0xcd9b4fc32cf3381b4ed77e1199f8f02a81d22573889dd309500b166d7aa6b267,true,ethereum-up-or-down-on-june-28-2026,ethereum-up-or-down-on-june-28-2026,Ethereum Up or Down on June 28?,0x0add59043a134090f587d3838acf0356da285c58fb88cd9c5ea817367b46052b,26158235879461335635942765448280919137652658819515464947676279078820468608582,Up,SELL,0.041,96.31,fast_crypto_up_down,ETH,true,false,https://data-api.polymarket.com/activity?user=0x29a55c2bf8efd1029c001477b34be47d3ca37752&type=TRADE&limit=100&offset=0&sortBy=TIMESTAMP&sortDirection=DESC,44e640171629e6e10b87ff931dd4ffb773978a3161edd2af11933fca50b565e8,ae9972751d0ae844c13d64bd879fed6d14fde8682352719e813493483ea374d0
