session_number,market_id,asset,timestamp,seconds_to_expiry,quote_age_seconds,lifetime_seconds,cancellation_latency_seconds,spread,posted_bid,posted_ask,bid_fill_proxy,ask_fill_proxy,two_sided_fill_proxy,bid_expected_filled_shares,ask_expected_filled_shares,matched_shares,unmatched_long_shares,unmatched_short_shares,exit_bid,exit_ask,spread_capture_pnl,long_inventory_pnl,short_inventory_pnl,pnl,filled_shares,pnl_per_filled_share,policy
1,0x361e02b17b8c1de1305067c5fe90180c26464cc4107f64938641a1916efa3803,ETH,2026-06-23T12:08:59.899930+00:00,60.10007,1.95593,2,2.0,0.030000000000000027,0.52,0.55,False,True,False,0.0,10.125,0.0,0.0,10.125,0.57,0.58,0.0,0.0,-0.3543749999999991,-0.3543749999999991,10.125,-0.03499999999999991,all_assets_2s
1,0x10b94fc16e760e9861168bfa5c164715dc694173a5fdfb9586e93161a4972310,SOL,2026-06-23T12:15:57.897492+00:00,242.102508,1.959492,2,2.0,0.03999999999999998,0.31,0.35,False,True,False,0.0,6.75,0.0,0.0,6.75,0.55,0.56,0.0,0.0,-1.4512500000000006,-1.4512500000000006,6.75,-0.21500000000000008,all_assets_2s
1,0x10b94fc16e760e9861168bfa5c164715dc694173a5fdfb9586e93161a4972310,SOL,2026-06-23T12:16:01.894099+00:00,238.105901,1.871099,2,2.0,0.06000000000000005,0.5,0.56,True,False,False,6.300000000000001,0.0,0.0,6.300000000000001,0.0,0.49,0.5,0.0,-0.09450000000000007,0.0,-0.09450000000000007,6.300000000000001,-0.01500000000000001,all_assets_2s
1,0x10b94fc16e760e9861168bfa5c164715dc694173a5fdfb9586e93161a4972310,SOL,2026-06-23T12:16:13.898557+00:00,226.101443,1.882557,2,2.0,0.06,0.29,0.35,True,True,True,46.875,1.875,1.875,45.0,0.0,0.26,0.27,0.09374999999999999,-1.5749999999999986,0.0,-1.4812499999999986,48.75,-0.030384615384615357,all_assets_2s
1,0x5e2774ee02ae824e6540e1ed8b8763072ddef48e61e870f0633386de66d15fb4,BTC,2026-06-23T12:16:35.894027+00:00,204.105973,1.950027,2,2.0,0.06,0.36,0.42,False,False,False,0.0,0.0,0.0,0.0,0.0,0.38,0.39,0.0,0.0,0.0,0.0,0.0,0.0,all_assets_2s
1,0x5e2774ee02ae824e6540e1ed8b8763072ddef48e61e870f0633386de66d15fb4,BTC,2026-06-23T12:18:17.905722+00:00,102.094278,1.984722,2,2.0,0.12,0.38,0.5,False,False,False,0.0,0.0,0.0,0.0,0.0,0.42,0.43,0.0,0.0,0.0,0.0,0.0,0.0,all_assets_2s
1,0x5e2774ee02ae824e6540e1ed8b8763072ddef48e61e870f0633386de66d15fb4,BTC,2026-06-23T12:18:25.898736+00:00,94.101264,1.999736,2,2.0,0.06,0.3,0.36,True,False,False,22.9575,0.0,0.0,22.9575,0.0,0.21,0.22,0.0,-2.1809625,0.0,-2.1809625,22.9575,-0.095,all_assets_2s
1,0x99510e817d4c96ff676c7c7ba8a244dbf522bf7e5724c76b35c045058a8526b9,SOL,2026-06-23T12:20:03.893105+00:00,296.106895,1.993105,2,2.0,0.07999999999999996,0.33,0.41,False,False,False,0.0,0.0,0.0,0.0,0.0,0.33,0.34,0.0,-0.0,0.0,0.0,0.0,0.0,all_assets_2s
1,0x99510e817d4c96ff676c7c7ba8a244dbf522bf7e5724c76b35c045058a8526b9,SOL,2026-06-23T12:21:09.906928+00:00,230.093072,1.952928,2,2.0,0.04000000000000001,0.22,0.26,True,False,False,43.275000000000006,0.0,0.0,43.275000000000006,0.0,0.18,0.19,0.0,-1.9473750000000005,0.0,-1.9473750000000005,43.275000000000006,-0.045000000000000005,all_assets_2s
1,0x99510e817d4c96ff676c7c7ba8a244dbf522bf7e5724c76b35c045058a8526b9,SOL,2026-06-23T12:22:01.898744+00:00,178.101256,1.632744,2,2.0,0.03999999999999998,0.17,0.21,True,False,False,6.89625,0.0,0.0,6.89625,0.0,0.13,0.14,0.0,-0.31033125000000006,0.0,-0.31033125000000006,6.89625,-0.045000000000000005,all_assets_2s
1,0x08fe30d5c954ada626d77ab55b26f340bb66ce49c2187b5fd51357aa18934651,SOL,2026-06-23T12:26:41.905352+00:00,198.094648,1.993352,2,2.0,0.09999999999999998,0.39,0.49,False,True,False,0.0,1.03875,0.0,0.0,1.03875,0.42,0.5,0.0,0.0,-0.015581250000000012,-0.015581250000000012,1.03875,-0.01500000000000001,all_assets_2s
1,0x08fe30d5c954ada626d77ab55b26f340bb66ce49c2187b5fd51357aa18934651,SOL,2026-06-23T12:27:01.902008+00:00,178.097992,1.934008,2,2.0,0.04999999999999993,0.52,0.57,True,False,False,1.875,0.0,0.0,1.875,0.0,0.5,0.51,0.0,-0.046875000000000035,0.0,-0.046875000000000035,1.875,-0.02500000000000002,all_assets_2s
1,0x08fe30d5c954ada626d77ab55b26f340bb66ce49c2187b5fd51357aa18934651,SOL,2026-06-23T12:27:13.907779+00:00,166.092221,1.947779,2,2.0,0.06,0.41,0.47,False,True,False,0.0,35.625,0.0,0.0,35.625,0.46,0.5,0.0,0.0,-1.2468750000000008,-1.2468750000000008,35.625,-0.035000000000000024,all_assets_2s
1,0x08fe30d5c954ada626d77ab55b26f340bb66ce49c2187b5fd51357aa18934651,SOL,2026-06-23T12:27:19.895069+00:00,160.104931,1.943069,2,2.0,0.03999999999999998,0.46,0.5,True,False,False,29.76375,0.0,0.0,29.76375,0.0,0.4,0.46,0.0,-1.9346437500000002,0.0,-1.9346437500000002,29.76375,-0.065,all_assets_2s
1,0x08fe30d5c954ada626d77ab55b26f340bb66ce49c2187b5fd51357aa18934651,SOL,2026-06-23T12:27:43.897644+00:00,136.102356,1.429644,2,2.0,0.06999999999999995,0.4,0.47,False,False,False,0.0,0.0,0.0,0.0,0.0,0.41,0.42,0.0,0.0,0.0,0.0,0.0,0.0,all_assets_2s
1,0x08fe30d5c954ada626d77ab55b26f340bb66ce49c2187b5fd51357aa18934651,SOL,2026-06-23T12:28:11.900393+00:00,108.099607,1.990393,2,2.0,0.050000000000000044,0.61,0.66,True,False,False,1.875,0.0,0.0,1.875,0.0,0.61,0.66,0.0,-0.009375,-0.0,-0.009375,1.875,-0.005,all_assets_2s
1,0x08fe30d5c954ada626d77ab55b26f340bb66ce49c2187b5fd51357aa18934651,SOL,2026-06-23T12:28:25.907916+00:00,94.092084,1.304916,2,2.0,0.07000000000000006,0.72,0.79,True,True,True,33.75,4.62,4.62,29.13,0.0,0.57,0.71,0.2772000000000003,-4.51515,0.0,-4.23795,38.37,-0.11044956997654418,all_assets_2s
1,0xb250787b44f31fc05021ae28d88293c5c0dd9d36a10a81679aec6d0bbf4971d2,BTC,2026-06-23T12:28:59.892180+00:00,60.10782,1.99318,2,2.0,0.07,0.44,0.51,False,True,False,0.0,8.565,0.0,0.0,8.565,0.49,0.5,0.0,0.0,0.04282500000000007,0.04282500000000007,8.565,0.005000000000000009,all_assets_2s
1,0xc343baf5a3c07eed88ed83884d909c1d89e3a4e48a2faa1fcb8c2dd0e3160d80,SOL,2026-06-23T12:31:09.896288+00:00,230.103712,1.989288,2,2.0,0.030000000000000027,0.62,0.65,False,True,False,0.0,3.75,0.0,0.0,3.75,0.68,0.69,0.0,0.0,-0.1687499999999997,-0.1687499999999997,3.75,-0.04499999999999992,all_assets_2s
1,0x0b1577d1d5900112d6fa2f51a1489c6954c9030dc316a67f59c28f9bdc50478c,ETH,2026-06-23T12:31:21.905448+00:00,218.094552,1.956448,2,2.0,0.030000000000000027,0.63,0.66,False,True,False,0.0,30.75,0.0,0.0,30.75,0.71,0.72,0.0,0.0,-1.9987499999999985,-1.9987499999999985,30.75,-0.06499999999999995,all_assets_2s
1,0xc343baf5a3c07eed88ed83884d909c1d89e3a4e48a2faa1fcb8c2dd0e3160d80,SOL,2026-06-23T12:32:09.898704+00:00,170.101296,1.993704,2,2.0,0.06999999999999995,0.53,0.6,False,True,False,0.0,9.375,0.0,0.0,9.375,0.64,0.65,0.0,0.0,-0.5156250000000004,-0.5156250000000004,9.375,-0.05500000000000005,all_assets_2s
1,0x0b1577d1d5900112d6fa2f51a1489c6954c9030dc316a67f59c28f9bdc50478c,ETH,2026-06-23T12:32:41.897149+00:00,138.102851,1.376149,2,2.0,0.030000000000000027,0.61,0.64,True,False,False,0.026250000000000002,0.0,0.0,0.026250000000000002,0.0,0.53,0.54,0.0,-0.0022312499999999993,0.0,-0.0022312499999999993,0.026250000000000002,-0.08499999999999996,all_assets_2s
1,0x0b1577d1d5900112d6fa2f51a1489c6954c9030dc316a67f59c28f9bdc50478c,ETH,2026-06-23T12:32:51.895654+00:00,128.104346,1.525654,2,2.0,0.06,0.4,0.46,True,True,True,13.125,10.5,10.5,2.625,0.0,0.46,0.47,0.5249999999999999,0.144375,-0.0,0.6693749999999999,23.625,0.028333333333333332,all_assets_2s
1,0xc343baf5a3c07eed88ed83884d909c1d89e3a4e48a2faa1fcb8c2dd0e3160d80,SOL,2026-06-23T12:32:51.895654+00:00,128.104346,1.997654,2,2.0,0.030000000000000027,0.52,0.55,True,False,False,1.875,0.0,0.0,1.875,0.0,0.48,0.49,0.0,-0.08437500000000006,0.0,-0.08437500000000006,1.875,-0.04500000000000003,all_assets_2s
1,0x3e3c5b4e9aad3db7ad6e9df8a4935bcf974e5a9521f4e26d591017460a526084,BTC,2026-06-23T12:32:53.902151+00:00,126.097849,1.955151,2,2.0,0.06,0.41,0.47,False,False,False,0.0,0.0,0.0,0.0,0.0,0.42,0.43,0.0,0.0,0.0,0.0,0.0,0.0,all_assets_2s
1,0xc343baf5a3c07eed88ed83884d909c1d89e3a4e48a2faa1fcb8c2dd0e3160d80,SOL,2026-06-23T12:33:41.904355+00:00,78.095645,1.992355,2,2.0,0.07,0.27,0.34,True,False,False,3.3225,0.0,0.0,3.3225,0.0,0.16,0.18,0.0,-0.3820875,0.0,-0.3820875,3.3225,-0.11500000000000002,all_assets_2s
1,0x3e3c5b4e9aad3db7ad6e9df8a4935bcf974e5a9521f4e26d591017460a526084,BTC,2026-06-23T12:34:05.892696+00:00,54.107304,1.987696,2,2.0,0.06,0.34,0.4,True,False,False,46.875,0.0,0.0,46.875,0.0,0.25,0.26,0.0,-4.453125000000002,0.0,-4.453125000000002,46.875,-0.09500000000000004,all_assets_2s
1,0x3e3c5b4e9aad3db7ad6e9df8a4935bcf974e5a9521f4e26d591017460a526084,BTC,2026-06-23T12:34:13.902796+00:00,46.097204,1.953796,2,2.0,0.06,0.31,0.37,False,True,False,0.0,4.59,0.0,0.0,4.59,0.46,0.47,0.0,0.0,-0.4819499999999999,-0.4819499999999999,4.59,-0.10499999999999998,all_assets_2s
1,0xc343baf5a3c07eed88ed83884d909c1d89e3a4e48a2faa1fcb8c2dd0e3160d80,SOL,2026-06-23T12:34:19.905872+00:00,40.094128,1.899872,2,2.0,0.11999999999999994,0.45,0.57,True,False,False,1.875,0.0,0.0,1.875,0.0,0.21,0.22,0.0,-0.45937500000000003,0.0,-0.45937500000000003,1.875,-0.24500000000000002,all_assets_2s
1,0x3e3c5b4e9aad3db7ad6e9df8a4935bcf974e5a9521f4e26d591017460a526084,BTC,2026-06-23T12:34:21.895119+00:00,38.104881,1.951119,2,2.0,0.15,0.21,0.36,False,False,False,0.0,0.0,0.0,0.0,0.0,0.23,0.24,0.0,0.0,0.0,0.0,0.0,0.0,all_assets_2s
1,0xae43ffcf998c518115309c5630c17b537ec93ac78085175665df09baab0a9b5d,SOL,2026-06-23T12:35:03.902206+00:00,296.097794,1.969206,2,2.0,0.08999999999999997,0.4,0.49,False,True,False,0.0,30.0,0.0,0.0,30.0,0.6,0.61,0.0,0.0,-3.75,-3.75,30.0,-0.125,all_assets_2s
1,0x4844e81275247e30c313416b98b69e3d4f32d6e69c07edd066a7f9b77376346a,BTC,2026-06-23T12:36:35.897613+00:00,204.102387,1.994613,2,2.0,0.030000000000000027,0.7,0.73,True,False,False,46.875,0.0,0.0,46.875,0.0,0.67,0.68,0.0,-1.640624999999996,0.0,-1.640624999999996,46.875,-0.03499999999999991,all_assets_2s
1,0x4844e81275247e30c313416b98b69e3d4f32d6e69c07edd066a7f9b77376346a,BTC,2026-06-23T12:37:31.895559+00:00,148.104441,1.906559,2,2.0,0.039999999999999925,0.68,0.72,True,False,False,46.875,0.0,0.0,46.875,0.0,0.56,0.57,0.0,-5.859375,0.0,-5.859375,46.875,-0.125,all_assets_2s
1,0x4844e81275247e30c313416b98b69e3d4f32d6e69c07edd066a7f9b77376346a,BTC,2026-06-23T12:38:25.896617+00:00,94.103383,1.935617,2,2.0,0.030000000000000027,0.57,0.6,False,True,False,0.0,7.875,0.0,0.0,7.875,0.58,0.61,0.0,0.0,-0.11812500000000008,-0.11812500000000008,7.875,-0.01500000000000001,all_assets_2s
1,0xae43ffcf998c518115309c5630c17b537ec93ac78085175665df09baab0a9b5d,SOL,2026-06-23T12:38:31.899878+00:00,88.100122,1.898878,2,2.0,0.039999999999999925,0.81,0.85,True,False,False,2.0999999999999996,0.0,0.0,2.0999999999999996,0.0,0.72,0.74,0.0,-0.19950000000000015,0.0,-0.19950000000000015,2.0999999999999996,-0.09500000000000008,all_assets_2s
1,0xae43ffcf998c518115309c5630c17b537ec93ac78085175665df09baab0a9b5d,SOL,2026-06-23T12:38:41.896331+00:00,78.103669,1.996331,2,2.0,0.030000000000000027,0.57,0.6,True,False,False,8.82,0.0,0.0,8.82,0.0,0.51,0.52,0.0,-0.5732999999999996,0.0,-0.5732999999999996,8.82,-0.06499999999999995,all_assets_2s
1,0xae43ffcf998c518115309c5630c17b537ec93ac78085175665df09baab0a9b5d,SOL,2026-06-23T12:39:15.900553+00:00,44.099447,1.844553,2,2.0,0.14,0.52,0.66,False,True,False,0.0,4.35,0.0,0.0,4.35,0.66,0.77,0.0,0.0,-0.50025,-0.50025,4.35,-0.115,all_assets_2s
1,0x15cf859fb4b14945c272550356555a4cac11dc5ad478aaa67ee1e7ecc03291e4,BTC,2026-06-23T12:41:13.903495+00:00,226.096505,1.915495,2,2.0,0.040000000000000036,0.61,0.65,False,True,False,0.0,46.875,0.0,0.0,46.875,0.64,0.65,0.0,0.0,-0.234375,-0.234375,46.875,-0.005,all_assets_2s
1,0x15cf859fb4b14945c272550356555a4cac11dc5ad478aaa67ee1e7ecc03291e4,BTC,2026-06-23T12:41:25.907929+00:00,214.092071,1.391929,2,2.0,0.04999999999999993,0.67,0.72,False,True,False,0.0,7.89,0.0,0.0,7.89,0.77,0.78,0.0,0.0,-0.5128500000000005,-0.5128500000000005,7.89,-0.06500000000000006,all_assets_2s
1,0x15cf859fb4b14945c272550356555a4cac11dc5ad478aaa67ee1e7ecc03291e4,BTC,2026-06-23T12:41:47.894137+00:00,192.105863,1.982137,2,2.0,0.030000000000000027,0.64,0.67,True,False,False,46.875,0.0,0.0,46.875,0.0,0.56,0.57,0.0,-3.9843749999999982,0.0,-3.9843749999999982,46.875,-0.08499999999999996,all_assets_2s
1,0xaf3940c3649b4c89eef41e58ce8866c94b7ee1259a9abed62d3efe93942c1076,SOL,2026-06-23T12:43:47.907595+00:00,72.092405,1.564595,2,2.0,0.040000000000000036,0.71,0.75,True,False,False,4.199999999999999,0.0,0.0,4.199999999999999,0.0,0.55,0.56,0.0,-0.6929999999999996,0.0,-0.6929999999999996,4.199999999999999,-0.16499999999999992,all_assets_2s
1,0xecd018b95fc8eb0027d26d356a24d1acbe9a0dec52bd69916a6f3f224cffab99,SOL,2026-06-23T12:45:03.900322+00:00,296.099678,1.988322,2,2.0,0.04999999999999999,0.37,0.42,True,False,False,3.75,0.0,0.0,3.75,0.0,0.3,0.33,0.0,-0.28125000000000006,0.0,-0.28125000000000006,3.75,-0.07500000000000001,all_assets_2s
1,0xecd018b95fc8eb0027d26d356a24d1acbe9a0dec52bd69916a6f3f224cffab99,SOL,2026-06-23T12:45:09.904229+00:00,290.095771,1.416229,2,2.0,0.030000000000000027,0.3,0.33,False,True,False,0.0,5.25,0.0,0.0,5.25,0.33,0.34,0.0,0.0,-0.07875000000000006,-0.07875000000000006,5.25,-0.01500000000000001,all_assets_2s
1,0x8b41f43723ed2376613e6cb25752aa4b4d5e9bdb3889582ba5ba852357abbb7d,ETH,2026-06-23T12:46:23.903251+00:00,216.096749,1.954251,2,2.0,0.03999999999999998,0.38,0.42,True,False,False,6.2250000000000005,0.0,0.0,6.2250000000000005,0.0,0.36,0.37,0.0,-0.15562500000000012,0.0,-0.15562500000000012,6.2250000000000005,-0.02500000000000002,all_assets_2s
1,0xc128c8d97c7bea7629ec90c804eb83e6272fc62d486a386b9745b0145ec90c2b,BTC,2026-06-23T12:48:59.899934+00:00,60.100066,1.405934,2,2.0,0.04000000000000001,0.22,0.26,False,True,False,0.0,17.25,0.0,0.0,17.25,0.4,0.41,0.0,0.0,-2.6737499999999996,-2.6737499999999996,17.25,-0.15499999999999997,all_assets_2s
1,0x80fa400f1c512f05cf89f0b83cf25f099d35719621804264d78c3a62ac178851,ETH,2026-06-23T12:50:15.898123+00:00,284.101877,1.994123,2,2.0,0.04999999999999999,0.34,0.39,False,True,False,0.0,1.875,0.0,0.0,1.875,0.36,0.38,0.0,0.0,0.009375000000000017,0.009375000000000017,1.875,0.005000000000000009,all_assets_2s
1,0xed0cd82d0214b7604c2d30e0647762eee75b44dbf04328295e99a14c6e872803,BTC,2026-06-23T12:50:43.906348+00:00,256.093652,1.842348,2,2.0,0.04999999999999993,0.53,0.58,True,False,False,33.75,0.0,0.0,33.75,0.0,0.45,0.46,0.0,-2.868750000000001,0.0,-2.868750000000001,33.75,-0.08500000000000002,all_assets_2s
1,0x15a852526dd1af8d62e66b9376aac4181687555c1f0228c12e65af0f5c9aa5ac,SOL,2026-06-23T12:55:03.894069+00:00,296.105931,1.846069,2,2.0,0.08000000000000002,0.41,0.49,False,True,False,0.0,1.875,0.0,0.0,1.875,0.58,0.62,0.0,0.0,-0.25312500000000004,-0.25312500000000004,1.875,-0.13500000000000004,all_assets_2s
1,0x15a852526dd1af8d62e66b9376aac4181687555c1f0228c12e65af0f5c9aa5ac,SOL,2026-06-23T12:55:07.907215+00:00,292.092785,1.854215,2,2.0,0.040000000000000036,0.58,0.62,False,False,False,0.0,0.0,0.0,0.0,0.0,0.59,0.6,0.0,0.0,0.0,0.0,0.0,0.0,all_assets_2s
1,0x15a852526dd1af8d62e66b9376aac4181687555c1f0228c12e65af0f5c9aa5ac,SOL,2026-06-23T12:58:33.907532+00:00,86.092468,1.984532,2,2.0,0.030000000000000027,0.7,0.73,False,True,False,0.0,3.61125,0.0,0.0,3.61125,0.81,0.84,0.0,0.0,-0.41529374999999996,-0.41529374999999996,3.61125,-0.11499999999999999,all_assets_2s
1,0x73b42a0c225c5bbb5c2aff5dd948437e2f5a7a84842dd54977e0f82fd802ce32,ETH,2026-06-23T12:58:49.905534+00:00,70.094466,1.649534,2,2.0,0.03999999999999998,0.26,0.3,True,False,False,1.755,0.0,0.0,1.755,0.0,0.15,0.16,0.0,-0.20182500000000003,0.0,-0.20182500000000003,1.755,-0.11500000000000002,all_assets_2s
1,0x8a7f53ee1409e47189a78153af906e050ef7462241f1c09bd35b633acd3bc92b,SOL,2026-06-23T13:00:07.895392+00:00,292.104608,1.970392,2,2.0,0.039999999999999925,0.53,0.57,True,False,False,31.875,0.0,0.0,31.875,0.0,0.41,0.42,0.0,-3.9843750000000018,0.0,-3.9843750000000018,31.875,-0.12500000000000006,all_assets_2s
1,0x3790f0a59b1eea6a42781c9e54e2273a7cbd079a8082c3be950d8601f49961ed,ETH,2026-06-23T13:00:21.906234+00:00,278.093766,1.859234,2,2.0,0.040000000000000036,0.49,0.53,True,False,False,46.875,0.0,0.0,46.875,0.0,0.41,0.42,0.0,-3.984375000000001,0.0,-3.984375000000001,46.875,-0.08500000000000002,all_assets_2s
1,0x4becaa14ccbce45710a41da5e9bc5ddd9b8e927cef7cfb593a22c9b4a2262bdd,BTC,2026-06-23T13:00:23.896379+00:00,276.103621,1.477379,2,2.0,0.030000000000000027,0.5,0.53,True,False,False,14.415,0.0,0.0,14.415,0.0,0.44,0.45,0.0,-0.936975,0.0,-0.936975,14.415,-0.065,all_assets_2s
1,0x8a7f53ee1409e47189a78153af906e050ef7462241f1c09bd35b633acd3bc92b,SOL,2026-06-23T13:02:09.906762+00:00,170.093238,1.759762,2,2.0,0.030000000000000027,0.63,0.66,True,False,False,1.875,0.0,0.0,1.875,0.0,0.52,0.54,0.0,-0.21562499999999998,0.0,-0.21562499999999998,1.875,-0.11499999999999999,all_assets_2s
1,0x8a7f53ee1409e47189a78153af906e050ef7462241f1c09bd35b633acd3bc92b,SOL,2026-06-23T13:02:13.903194+00:00,166.096806,1.588194,2,2.0,0.04999999999999993,0.56,0.61,True,False,False,3.75,0.0,0.0,3.75,0.0,0.56,0.57,0.0,-0.01875,0.0,-0.01875,3.75,-0.005,all_assets_2s
1,0x8a7f53ee1409e47189a78153af906e050ef7462241f1c09bd35b633acd3bc92b,SOL,2026-06-23T13:03:09.907249+00:00,110.092751,1.806249,2,2.0,0.030000000000000027,0.24,0.27,False,True,False,0.0,1.875,0.0,0.0,1.875,0.37,0.38,0.0,0.0,-0.21562499999999998,-0.21562499999999998,1.875,-0.11499999999999999,all_assets_2s
1,0x4fd4d7c3671685999a85ca0fa181489a2844d1b36fe6720b4e11a23e233de906,BTC,2026-06-23T13:05:55.908050+00:00,244.09195,1.30305,2,2.0,0.040000000000000036,0.51,0.55,True,False,False,46.875,0.0,0.0,46.875,0.0,0.49,0.52,0.0,-1.1718750000000009,0.0,-1.1718750000000009,46.875,-0.02500000000000002,all_assets_2s
1,0x4fd4d7c3671685999a85ca0fa181489a2844d1b36fe6720b4e11a23e233de906,BTC,2026-06-23T13:06:01.895071+00:00,238.104929,1.943071,2,2.0,0.030000000000000027,0.49,0.52,True,False,False,33.6825,0.0,0.0,33.6825,0.0,0.46,0.47,0.0,-1.1788874999999988,0.0,-1.1788874999999988,33.6825,-0.03499999999999997,all_assets_2s
1,0x727978f32b3cfb4b23904e9fbb7a25c7e81b96f62ed64bac9e08b956b129a6b7,SOL,2026-06-23T13:08:13.902137+00:00,106.097863,1.912137,2,2.0,0.07,0.39,0.46,False,False,False,0.0,0.0,0.0,0.0,0.0,0.39,0.4,0.0,-0.0,0.0,0.0,0.0,0.0,all_assets_2s
1,0x5bc7efe5fd83a4cc2acda5eb941741ded2f2bc13480edb30a9094a4ffc6760e5,SOL,2026-06-23T13:10:55.905110+00:00,244.09489,1.96111,2,2.0,0.030000000000000027,0.52,0.55,False,True,False,0.0,1.875,0.0,0.0,1.875,0.64,0.65,0.0,0.0,-0.19687499999999997,-0.19687499999999997,1.875,-0.10499999999999998,all_assets_2s
1,0xa181c96b1b50604725ce89ee53652d74ab1207fc0ddc1f5dab50a81e090cd265,ETH,2026-06-23T13:11:03.897840+00:00,236.10216,1.93484,2,2.0,0.030000000000000027,0.48,0.51,True,False,False,46.875,0.0,0.0,46.875,0.0,0.43,0.44,0.0,-2.5781249999999996,0.0,-2.5781249999999996,46.875,-0.05499999999999999,all_assets_2s
1,0x5bc7efe5fd83a4cc2acda5eb941741ded2f2bc13480edb30a9094a4ffc6760e5,SOL,2026-06-23T13:12:43.898289+00:00,136.101711,1.955289,2,2.0,0.030000000000000027,0.78,0.81,False,True,False,0.0,30.645,0.0,0.0,30.645,0.8,0.82,0.0,0.0,-0.4596749999999969,-0.4596749999999969,30.645,-0.014999999999999899,all_assets_2s
1,0xa181c96b1b50604725ce89ee53652d74ab1207fc0ddc1f5dab50a81e090cd265,ETH,2026-06-23T13:12:43.898289+00:00,136.101711,1.956289,2,2.0,0.07999999999999996,0.51,0.59,False,True,False,0.0,4.5,0.0,0.0,4.5,0.66,0.67,0.0,0.0,-0.38250000000000034,-0.38250000000000034,4.5,-0.08500000000000008,all_assets_2s
1,0xa181c96b1b50604725ce89ee53652d74ab1207fc0ddc1f5dab50a81e090cd265,ETH,2026-06-23T13:13:01.907596+00:00,118.092404,1.984596,2,2.0,0.030000000000000027,0.65,0.68,True,False,False,15.375,0.0,0.0,15.375,0.0,0.65,0.66,0.0,-0.076875,0.0,-0.076875,15.375,-0.005,all_assets_2s
1,0x2d16687a3f795d239477aa6eb15a4d61ada629bae0156c2ca521695551cc4ceb,SOL,2026-06-23T13:20:07.900638+00:00,292.099362,1.971638,2,2.0,0.04999999999999993,0.56,0.61,True,False,False,1.875,0.0,0.0,1.875,0.0,0.55,0.56,0.0,-0.028125000000000018,0.0,-0.028125000000000018,1.875,-0.01500000000000001,all_assets_2s
1,0x37c039e975653ef2bafc2648afb23f156e134dea3391a9a5ba881ade74c10240,BTC,2026-06-23T13:21:31.907485+00:00,208.092515,1.692485,2,2.0,0.04999999999999999,0.36,0.41,False,True,False,0.0,9.5175,0.0,0.0,9.5175,0.42,0.43,0.0,0.0,-0.2379375000000002,-0.2379375000000002,9.5175,-0.02500000000000002,all_assets_2s
1,0x37c039e975653ef2bafc2648afb23f156e134dea3391a9a5ba881ade74c10240,BTC,2026-06-23T13:23:55.902079+00:00,64.097921,1.982079,2,2.0,0.03999999999999998,0.28,0.32,True,False,False,11.3325,0.0,0.0,11.3325,0.0,0.28,0.3,0.0,-0.0566625,0.0,-0.0566625,11.3325,-0.005,all_assets_2s
1,0x4f3194d5355ace143a5107746a0f6f3a8793899d758c54113e8a34810156942e,BTC,2026-06-23T13:25:07.897727+00:00,292.102273,1.908727,2,2.0,0.15,0.21,0.36,True,False,False,19.335,0.0,0.0,19.335,0.0,0.22,0.23,0.0,0.09667500000000018,0.0,0.09667500000000018,19.335,0.005000000000000009,all_assets_2s
1,0x9733b42d1fb76098059e7c11035a934014328e6843926418cd749e9d4c930fc6,SOL,2026-06-23T13:27:05.901936+00:00,174.098064,1.346936,2,2.0,0.040000000000000036,0.64,0.68,False,True,False,0.0,2.65125,0.0,0.0,2.65125,0.67,0.68,0.0,0.0,-0.01325625,-0.01325625,2.65125,-0.005,all_assets_2s
1,0x9733b42d1fb76098059e7c11035a934014328e6843926418cd749e9d4c930fc6,SOL,2026-06-23T13:27:09.899493+00:00,170.100507,1.694493,2,2.0,0.09999999999999998,0.64,0.74,True,False,False,2.25,0.0,0.0,2.25,0.0,0.6,0.61,0.0,-0.10125000000000008,0.0,-0.10125000000000008,2.25,-0.04500000000000003,all_assets_2s
1,0x9733b42d1fb76098059e7c11035a934014328e6843926418cd749e9d4c930fc6,SOL,2026-06-23T13:28:35.895257+00:00,84.104743,1.978257,2,2.0,0.06999999999999995,0.55,0.62,False,True,False,0.0,2.0999999999999996,0.0,0.0,2.0999999999999996,0.69,0.7,0.0,0.0,-0.1784999999999999,-0.1784999999999999,2.0999999999999996,-0.08499999999999996,all_assets_2s
1,0x9733b42d1fb76098059e7c11035a934014328e6843926418cd749e9d4c930fc6,SOL,2026-06-23T13:29:03.900994+00:00,56.099006,0.546994,2,2.0,0.06000000000000005,0.83,0.89,False,True,False,0.0,30.0,0.0,0.0,30.0,0.87,0.89,0.0,0.0,-0.15,-0.15,30.0,-0.005,all_assets_2s
1,0x9733b42d1fb76098059e7c11035a934014328e6843926418cd749e9d4c930fc6,SOL,2026-06-23T13:29:17.892983+00:00,42.107017,1.939983,2,2.0,0.06000000000000005,0.61,0.67,False,True,False,0.0,7.5,0.0,0.0,7.5,0.7,0.71,0.0,0.0,-0.3374999999999994,-0.3374999999999994,7.5,-0.04499999999999992,all_assets_2s
1,0x49b6981d3dcc0ab40b6b605ecf4272fed0e07afbc4485e1e174d4c4156bd9933,SOL,2026-06-23T13:30:33.906226+00:00,266.093774,1.979226,2,2.0,0.030000000000000027,0.37,0.4,False,True,False,0.0,5.10375,0.0,0.0,5.10375,0.43,0.44,0.0,0.0,-0.22966874999999987,-0.22966874999999987,5.10375,-0.04499999999999998,all_assets_2s
1,0x49b6981d3dcc0ab40b6b605ecf4272fed0e07afbc4485e1e174d4c4156bd9933,SOL,2026-06-23T13:30:45.899242+00:00,254.100758,1.990242,2,2.0,0.030000000000000027,0.36,0.39,True,False,False,1.875,0.0,0.0,1.875,0.0,0.28,0.29,0.0,-0.15937499999999993,0.0,-0.15937499999999993,1.875,-0.08499999999999996,all_assets_2s
1,0xe163d62d0ecaaf665cea54c481d8d253a18655fefedcb5875504dabf87ce86bb,BTC,2026-06-23T13:30:45.899242+00:00,254.100758,1.321242,2,2.0,0.030000000000000027,0.47,0.5,True,False,False,45.83625,0.0,0.0,45.83625,0.0,0.45,0.46,0.0,-1.1459062499999983,0.0,-1.1459062499999983,45.83625,-0.024999999999999963,all_assets_2s
1,0xe163d62d0ecaaf665cea54c481d8d253a18655fefedcb5875504dabf87ce86bb,BTC,2026-06-23T13:31:45.901851+00:00,194.098149,1.676851,2,2.0,0.03999999999999998,0.4,0.44,False,True,False,0.0,19.740000000000002,0.0,0.0,19.740000000000002,0.72,0.75,0.0,0.0,-6.218100000000001,-6.218100000000001,19.740000000000002,-0.315,all_assets_2s
1,0x49b6981d3dcc0ab40b6b605ecf4272fed0e07afbc4485e1e174d4c4156bd9933,SOL,2026-06-23T13:31:55.900700+00:00,184.0993,1.6697,2,2.0,0.10000000000000009,0.71,0.81,False,True,False,0.0,1.875,0.0,0.0,1.875,0.95,0.96,0.0,0.0,-0.29062499999999986,-0.29062499999999986,1.875,-0.15499999999999992,all_assets_2s
1,0xf7283f103a574fb192a1e9dee5a2febf1cb3063b8a1740173fa0a2a300897142,ETH,2026-06-23T13:31:55.900700+00:00,184.0993,1.2897,2,2.0,0.04999999999999993,0.92,0.97,True,True,True,37.5,46.875,37.5,0.0,9.375,0.97,0.98,1.4999999999999973,0.0,-0.14062500000000008,1.3593749999999973,84.375,0.01611111111111108,all_assets_2s
1,0xe163d62d0ecaaf665cea54c481d8d253a18655fefedcb5875504dabf87ce86bb,BTC,2026-06-23T13:31:57.905686+00:00,182.094314,0.903686,2,2.0,0.030000000000000027,0.9,0.93,False,True,False,0.0,46.875,0.0,0.0,46.875,0.96,0.97,0.0,0.0,-2.1093749999999964,-2.1093749999999964,46.875,-0.04499999999999992,all_assets_2s
1,0xd68e42d84a189dae829a6ea4842f2da8c132141897e3f6c1cbb9806b63d5d6a6,ETH,2026-06-23T13:35:35.907082+00:00,264.092918,1.924082,2,2.0,0.07999999999999996,0.5,0.58,False,True,False,0.0,18.375,0.0,0.0,18.375,0.56,0.57,0.0,0.0,0.09187500000000016,0.09187500000000016,18.375,0.005000000000000009,all_assets_2s
1,0x88dbe7f8d0445d72614b6ad7da6b35ceb2cb32fb98b52d78c84eacf420ee1f09,BTC,2026-06-23T13:35:39.903024+00:00,260.096976,1.681024,2,2.0,0.039999999999999925,0.65,0.69,False,True,False,0.0,2.35875,0.0,0.0,2.35875,0.73,0.74,0.0,0.0,-0.1297312500000001,-0.1297312500000001,2.35875,-0.05500000000000004,all_assets_2s
1,0x8b1c020137d752d5f82956a627a99fe8d6435a5deff06dbdac7ebc9b70de8d5e,SOL,2026-06-23T13:35:57.895553+00:00,242.104447,1.282553,2,2.0,0.030000000000000027,0.59,0.62,True,False,False,30.0,0.0,0.0,30.0,0.0,0.56,0.57,0.0,-1.0499999999999974,0.0,-1.0499999999999974,30.0,-0.03499999999999991,all_assets_2s
1,0xd68e42d84a189dae829a6ea4842f2da8c132141897e3f6c1cbb9806b63d5d6a6,ETH,2026-06-23T13:39:25.908613+00:00,34.091387,1.929613,2,2.0,0.040000000000000036,0.24,0.28,False,True,False,0.0,5.025,0.0,0.0,5.025,0.48,0.52,0.0,0.0,-1.231125,-1.231125,5.025,-0.245,all_assets_2s
1,0x97f5cfd13442b025c62c1138ebc86dabde8d73ef9b8c2b4f0900727b23e3d78e,SOL,2026-06-23T13:40:07.903224+00:00,292.096776,1.974224,2,2.0,0.07,0.29,0.36,False,True,False,0.0,18.75,0.0,0.0,18.75,0.41,0.42,0.0,0.0,-1.21875,-1.21875,18.75,-0.065,all_assets_2s
1,0x3b31bbdfe744e6d8dd6c29da539e26cdfa55e699565be496a9ed2c2d3345266b,BTC,2026-06-23T13:40:15.894747+00:00,284.105253,1.629747,2,2.0,0.030000000000000027,0.41,0.44,False,True,False,0.0,46.875,0.0,0.0,46.875,0.5,0.51,0.0,0.0,-3.5156250000000004,-3.5156250000000004,46.875,-0.07500000000000001,all_assets_2s
1,0x3b31bbdfe744e6d8dd6c29da539e26cdfa55e699565be496a9ed2c2d3345266b,BTC,2026-06-23T13:42:13.905421+00:00,166.094579,1.970421,2,2.0,0.03999999999999998,0.28,0.32,False,True,False,0.0,2.2725,0.0,0.0,2.2725,0.59,0.6,0.0,0.0,-0.6476624999999999,-0.6476624999999999,2.2725,-0.285,all_assets_2s
1,0x97f5cfd13442b025c62c1138ebc86dabde8d73ef9b8c2b4f0900727b23e3d78e,SOL,2026-06-23T13:42:13.905421+00:00,166.094579,1.276421,2,2.0,0.03999999999999998,0.37,0.41,False,True,False,0.0,0.765,0.0,0.0,0.765,0.5,0.51,0.0,0.0,-0.08032500000000004,-0.08032500000000004,0.765,-0.10500000000000004,all_assets_2s
1,0xb4eacf7c806d5bb36b89f6c716ba7bb71bc0ab90e226c7589aeac5eec0d4160b,BTC,2026-06-23T13:48:13.901996+00:00,106.098004,1.714996,2,2.0,0.06999999999999995,0.52,0.59,False,True,False,0.0,26.25,0.0,0.0,26.25,0.85,0.92,0.0,0.0,-8.793750000000003,-8.793750000000003,26.25,-0.33500000000000013,all_assets_2s
1,0x842fc6a521c178540e1304f49a44b481dfd0f2967e64ecc7d6c399ac5566011c,ETH,2026-06-23T13:48:17.896770+00:00,102.10323,1.69277,2,2.0,0.05999999999999994,0.88,0.94,True,False,False,3.1500000000000004,0.0,0.0,3.1500000000000004,0.0,0.86,0.87,0.0,-0.07875000000000007,0.0,-0.07875000000000007,3.1500000000000004,-0.02500000000000002,all_assets_2s
1,0x263de59a86fa4266a26931b6a723d1d8521d1385b5c3ba159b5229b1a9177f21,SOL,2026-06-23T13:48:43.905362+00:00,76.094638,1.630362,2,2.0,0.030000000000000027,0.95,0.98,True,False,False,4.199999999999999,0.0,0.0,4.199999999999999,0.0,0.96,0.98,0.0,0.021000000000000033,-0.0,0.021000000000000033,4.199999999999999,0.005000000000000009,all_assets_2s
1,0x263de59a86fa4266a26931b6a723d1d8521d1385b5c3ba159b5229b1a9177f21,SOL,2026-06-23T13:48:47.900703+00:00,72.099297,1.599703,2,2.0,0.030000000000000027,0.94,0.97,False,True,False,0.0,5.25,0.0,0.0,5.25,0.98,0.99,0.0,0.0,-0.1312500000000001,-0.1312500000000001,5.25,-0.025000000000000015,all_assets_2s
1,0x842fc6a521c178540e1304f49a44b481dfd0f2967e64ecc7d6c399ac5566011c,ETH,2026-06-23T13:49:25.903335+00:00,34.096665,1.430335,2,2.0,0.040000000000000036,0.52,0.56,True,True,True,5.32875,29.2275,5.32875,0.0,23.89875,0.17,0.18,0.15986250000000019,-0.0,8.96203125,9.121893750000002,34.55625,0.2639723277265329,all_assets_2s
1,0xf05b54a456f086f0f7ef0ad9d9d108baa9b170ae62a2b1147953a2b47065e7c2,BTC,2026-06-23T13:52:13.906731+00:00,166.093269,1.984731,2,2.0,0.030000000000000027,0.77,0.8,True,False,False,46.875,0.0,0.0,46.875,0.0,0.72,0.76,0.0,-2.5781250000000018,0.0,-2.5781250000000018,46.875,-0.055000000000000035,all_assets_2s
1,0xf05b54a456f086f0f7ef0ad9d9d108baa9b170ae62a2b1147953a2b47065e7c2,BTC,2026-06-23T13:52:19.894944+00:00,160.105056,1.851944,2,2.0,0.040000000000000036,0.72,0.76,False,True,False,0.0,11.25,0.0,0.0,11.25,0.76,0.77,0.0,0.0,-0.16875000000000012,-0.16875000000000012,11.25,-0.015000000000000012,all_assets_2s
1,0xa93f974de8cbf3e06c0f61563fc28b6227260fd13260bb6aa3711af549271a76,SOL,2026-06-23T13:55:03.895126+00:00,296.104874,1.824126,2,2.0,0.03999999999999998,0.45,0.49,False,False,False,0.0,0.0,0.0,0.0,0.0,0.48,0.49,0.0,0.0,-0.0,0.0,0.0,0.0,all_assets_2s
1,0xa93f974de8cbf3e06c0f61563fc28b6227260fd13260bb6aa3711af549271a76,SOL,2026-06-23T13:56:45.904857+00:00,194.095143,1.934857,2,2.0,0.030000000000000027,0.35,0.38,False,True,False,0.0,3.9749999999999996,0.0,0.0,3.9749999999999996,0.36,0.38,0.0,0.0,-0.019875,-0.019875,3.9749999999999996,-0.005,all_assets_2s
1,0x592c00187c88c06ce589b03765739bccd88d0e412caba5f25ecfc944ce7d6c58,ETH,2026-06-23T13:57:13.897242+00:00,166.102758,1.958242,2,2.0,0.030000000000000027,0.43,0.46,True,False,False,46.875,0.0,0.0,46.875,0.0,0.43,0.44,0.0,-0.234375,0.0,-0.234375,46.875,-0.005,all_assets_2s
1,0x83d6ab48576b0528fdbad1fe7723b479b8174792a30c6942a6e1e03389784b08,BTC,2026-06-23T13:57:13.897242+00:00,166.102758,1.975242,2,2.0,0.040000000000000036,0.47,0.51,False,False,False,0.0,0.0,0.0,0.0,0.0,0.49,0.5,0.0,0.0,0.0,0.0,0.0,0.0,all_assets_2s
1,0x83d6ab48576b0528fdbad1fe7723b479b8174792a30c6942a6e1e03389784b08,BTC,2026-06-23T13:57:37.893743+00:00,142.106257,1.953743,2,2.0,0.050000000000000044,0.49,0.54,False,True,False,0.0,32.0475,0.0,0.0,32.0475,0.54,0.55,0.0,0.0,-0.4807125000000003,-0.4807125000000003,32.0475,-0.01500000000000001,all_assets_2s
1,0x7e6fcdd5ed944c43e039d191b0d902b3bd2079a9264465cd4efa372206718c43,BTC,2026-06-23T14:01:13.907958+00:00,226.092042,1.960958,2,2.0,0.040000000000000036,0.7,0.74,False,False,False,0.0,0.0,0.0,0.0,0.0,0.71,0.72,0.0,0.0,0.0,0.0,0.0,0.0,all_assets_2s
1,0x7e6fcdd5ed944c43e039d191b0d902b3bd2079a9264465cd4efa372206718c43,BTC,2026-06-23T14:02:03.895219+00:00,176.104781,1.349219,2,2.0,0.030000000000000027,0.78,0.81,True,False,False,7.5,0.0,0.0,7.5,0.0,0.76,0.77,0.0,-0.18750000000000014,0.0,-0.18750000000000014,7.5,-0.02500000000000002,all_assets_2s
1,0x54e1a0031c62b35f46daaef9f8bb6a1d5705a9bd9b024281bf533ce3a5e76bd9,SOL,2026-06-23T14:03:01.895429+00:00,118.104571,1.918429,2,2.0,0.040000000000000036,0.72,0.76,False,True,False,0.0,46.875,0.0,0.0,46.875,0.8,0.83,0.0,0.0,-3.515624999999998,-3.515624999999998,46.875,-0.07499999999999996,all_assets_2s
1,0xe397f03f9117ca8f23be992bb73ff8543e774c843bd35be5ac25c5164dfbcef6,ETH,2026-06-23T14:03:01.895429+00:00,118.104571,1.442429,2,2.0,0.039999999999999925,0.55,0.59,True,True,True,1.87875,14.625,1.87875,0.0,12.74625,0.65,0.66,0.05636249999999985,0.0,-0.9559687500000008,-0.8996062500000009,16.50375,-0.054509202453987785,all_assets_2s
1,0xe397f03f9117ca8f23be992bb73ff8543e774c843bd35be5ac25c5164dfbcef6,ETH,2026-06-23T14:04:13.892775+00:00,46.107225,1.989775,2,2.0,0.030000000000000027,0.95,0.98,False,False,False,0.0,0.0,0.0,0.0,0.0,0.95,0.96,0.0,-0.0,0.0,0.0,0.0,0.0,all_assets_2s
1,0xc990792df42182f722949a266d834f4e848923ec24814a019bc552d3b415ff4f,SOL,2026-06-23T14:08:03.895574+00:00,116.104426,1.639574,2,2.0,0.07999999999999999,0.21,0.29,True,True,True,46.875,2.625,2.625,44.25,0.0,0.2,0.21,0.18374999999999997,-0.6637499999999992,0.0,-0.4799999999999992,49.5,-0.009696969696969681,all_assets_2s
1,0x43fdcc9656ecfdcacdec4c0eb90f3c176c233ca0dbc7af7131934f51b24ec1f4,BTC,2026-06-23T14:09:23.906468+00:00,36.093532,1.647468,2,2.0,0.030000000000000027,0.36,0.39,True,True,True,19.1175,6.195,6.195,12.9225,0.0,0.34,0.35,0.12390000000000016,-0.32306249999999953,0.0,-0.19916249999999935,25.3125,-0.007868148148148122,all_assets_2s
1,0xf4f49639a383f1abeee1bb37a098bff9e49ba624ee52e50b6f367e21b735c5f7,BTC,2026-06-23T14:10:39.903384+00:00,260.096616,1.587384,2,2.0,0.030000000000000027,0.37,0.4,True,True,True,46.875,3.1237500000000002,3.1237500000000002,43.75125,0.0,0.43,0.44,0.06247500000000008,2.40631875,-0.0,2.46879375,49.99875,0.049377109427735696,all_assets_2s
1,0xf4f49639a383f1abeee1bb37a098bff9e49ba624ee52e50b6f367e21b735c5f7,BTC,2026-06-23T14:11:13.896586+00:00,226.103414,1.980586,2,2.0,0.04999999999999999,0.28,0.33,False,True,False,0.0,46.875,0.0,0.0,46.875,0.35,0.36,0.0,0.0,-1.6406249999999984,-1.6406249999999984,46.875,-0.03499999999999997,all_assets_2s
1,0x0a32d05b3ee387390f042d23c86f4b659df43372ef59e60e043be38d41561eb2,SOL,2026-06-23T14:13:25.894339+00:00,94.105661,1.957339,2,2.0,0.040000000000000036,0.42,0.46,True,False,False,8.82,0.0,0.0,8.82,0.0,0.42,0.43,0.0,-0.0441,0.0,-0.0441,8.82,-0.005,all_assets_2s
1,0xf4f49639a383f1abeee1bb37a098bff9e49ba624ee52e50b6f367e21b735c5f7,BTC,2026-06-23T14:13:25.894339+00:00,94.105661,1.957339,2,2.0,0.030000000000000027,0.57,0.6,True,False,False,19.035,0.0,0.0,19.035,0.0,0.56,0.57,0.0,-0.2855249999999981,0.0,-0.2855249999999981,19.035,-0.014999999999999899,all_assets_2s
1,0x0a32d05b3ee387390f042d23c86f4b659df43372ef59e60e043be38d41561eb2,SOL,2026-06-23T14:14:19.907421+00:00,40.092579,1.604421,2,2.0,0.06000000000000005,0.61,0.67,False,False,False,0.0,0.0,0.0,0.0,0.0,0.64,0.66,0.0,0.0,0.0,0.0,0.0,0.0,all_assets_2s
1,0xb88a905c78dbb78ccae742ce3fcdbf194c17f685b30d78d03128d55eb5442d66,SOL,2026-06-23T14:15:31.901422+00:00,268.098578,0.400422,2,2.0,0.030000000000000027,0.37,0.4,True,False,False,16.725,0.0,0.0,16.725,0.0,0.36,0.37,0.0,-0.2508750000000002,0.0,-0.2508750000000002,16.725,-0.01500000000000001,all_assets_2s
1,0xb88a905c78dbb78ccae742ce3fcdbf194c17f685b30d78d03128d55eb5442d66,SOL,2026-06-23T14:17:11.901054+00:00,168.098946,1.589054,2,2.0,0.030000000000000027,0.59,0.62,False,True,False,0.0,4.5,0.0,0.0,4.5,0.66,0.69,0.0,0.0,-0.3374999999999998,-0.3374999999999998,4.5,-0.07499999999999996,all_assets_2s
1,0xef16fc8b2b2338e6f703f4036d1bccf15742345781881fb477079de0a8060f4d,BTC,2026-06-23T14:17:33.905241+00:00,146.094759,1.988241,2,2.0,0.040000000000000036,0.6,0.64,False,True,False,0.0,46.875,0.0,0.0,46.875,0.62,0.63,0.0,0.0,0.23437500000000042,0.23437500000000042,46.875,0.005000000000000009,all_assets_2s
1,0xb88a905c78dbb78ccae742ce3fcdbf194c17f685b30d78d03128d55eb5442d66,SOL,2026-06-23T14:17:49.892681+00:00,130.107319,1.935681,2,2.0,0.05999999999999994,0.52,0.58,False,True,False,0.0,6.300000000000001,0.0,0.0,6.300000000000001,0.59,0.6,0.0,0.0,-0.15750000000000014,-0.15750000000000014,6.300000000000001,-0.02500000000000002,all_assets_2s
1,0xb88a905c78dbb78ccae742ce3fcdbf194c17f685b30d78d03128d55eb5442d66,SOL,2026-06-23T14:17:55.895119+00:00,124.104881,1.946119,2,2.0,0.06999999999999995,0.65,0.72,False,True,False,0.0,6.300000000000001,0.0,0.0,6.300000000000001,0.71,0.72,0.0,0.0,-0.03150000000000001,-0.03150000000000001,6.300000000000001,-0.005000000000000001,all_assets_2s
1,0xef16fc8b2b2338e6f703f4036d1bccf15742345781881fb477079de0a8060f4d,BTC,2026-06-23T14:17:57.901149+00:00,122.098851,1.947149,2,2.0,0.050000000000000044,0.7,0.75,False,True,False,0.0,46.875,0.0,0.0,46.875,0.73,0.74,0.0,0.0,0.23437500000000042,0.23437500000000042,46.875,0.005000000000000009,all_assets_2s
1,0xb88a905c78dbb78ccae742ce3fcdbf194c17f685b30d78d03128d55eb5442d66,SOL,2026-06-23T14:19:25.906574+00:00,34.093426,1.696574,2,2.0,0.030000000000000027,0.75,0.78,True,False,False,1.875,0.0,0.0,1.875,0.0,0.74,0.75,0.0,-0.028125000000000018,0.0,-0.028125000000000018,1.875,-0.01500000000000001,all_assets_2s
1,0x456aac20ee93fa9ebc9e8dc3367bd4ea281d62318f8eb63fea5c0f1aa44525ee,SOL,2026-06-23T14:20:45.902691+00:00,254.097309,1.636691,2,2.0,0.08999999999999997,0.53,0.62,True,False,False,2.625,0.0,0.0,2.625,0.0,0.51,0.52,0.0,-0.06562500000000004,0.0,-0.06562500000000004,2.625,-0.025000000000000015,all_assets_2s
1,0x8745035c936db62e58a8fe8d2cc737689ce85b84d9b91959417caa1142791994,SOL,2026-06-23T14:25:03.897601+00:00,296.102399,1.909601,2,2.0,0.039999999999999925,0.56,0.6,True,False,False,3.75,0.0,0.0,3.75,0.0,0.47,0.48,0.0,-0.3562500000000003,0.0,-0.3562500000000003,3.75,-0.09500000000000007,all_assets_2s
1,0x2cf5abb89aeac58f326dc59e7e56e2809d9a19c3cda6aa7583daec3bf28c69d8,ETH,2026-06-23T14:27:35.893699+00:00,144.106301,1.979699,2,2.0,0.050000000000000044,0.29,0.34,True,False,False,1.875,0.0,0.0,1.875,0.0,0.25,0.26,0.0,-0.08437499999999996,0.0,-0.08437499999999996,1.875,-0.04499999999999998,all_assets_2s
1,0x22879c97e18fffc7a75629762d84fb31f4cb45fb26a1a2c716c6bcea686ac0e2,SOL,2026-06-23T14:30:03.891926+00:00,296.108074,1.675926,2,2.0,0.18000000000000005,0.49,0.67,False,True,False,0.0,26.25,0.0,0.0,26.25,0.68,0.74,0.0,0.0,-1.968749999999999,-1.968749999999999,26.25,-0.07499999999999996,all_assets_2s
1,0x22879c97e18fffc7a75629762d84fb31f4cb45fb26a1a2c716c6bcea686ac0e2,SOL,2026-06-23T14:33:37.900218+00:00,82.099782,1.128218,2,2.0,0.03999999999999998,0.46,0.5,True,False,False,29.35125,0.0,0.0,29.35125,0.0,0.36,0.37,0.0,-3.0818812500000012,0.0,-3.0818812500000012,29.35125,-0.10500000000000004,all_assets_2s
1,0x7e631284762b9f531b55a3452c474f8a593524c56c33084b21bc0b8361cdf4ec,ETH,2026-06-23T14:35:19.905755+00:00,280.094245,1.971755,2,2.0,0.08000000000000002,0.38,0.46,True,False,False,9.60375,0.0,0.0,9.60375,0.0,0.37,0.38,0.0,-0.14405625000000008,0.0,-0.14405625000000008,9.60375,-0.015000000000000008,all_assets_2s
1,0xe901987bf33c4aecfb97d97b07ea58f8cf1ca469727312c56659bc81fee44fef,SOL,2026-06-23T14:36:01.893952+00:00,238.106048,1.925952,2,2.0,0.040000000000000036,0.64,0.68,False,True,False,0.0,1.875,0.0,0.0,1.875,0.74,0.75,0.0,0.0,-0.14062499999999992,-0.14062499999999992,1.875,-0.07499999999999996,all_assets_2s
1,0xd330c2097759830858dfcc98392dd560a9ed6073c480055cf67b47e638a43d81,BTC,2026-06-23T14:39:05.906033+00:00,54.093967,1.391033,2,2.0,0.030000000000000027,0.9,0.93,True,False,False,46.875,0.0,0.0,46.875,0.0,0.87,0.88,0.0,-1.640625000000001,0.0,-1.640625000000001,46.875,-0.035000000000000024,all_assets_2s
1,0x642224a52fade6557a6247bab8c52239c420862bc36bc3ee416c738c57195a1d,BTC,2026-06-23T14:43:19.897394+00:00,100.102606,1.976394,2,2.0,0.03999999999999998,0.44,0.48,False,True,False,0.0,1.875,0.0,0.0,1.875,0.58,0.59,0.0,0.0,-0.21562499999999998,-0.21562499999999998,1.875,-0.11499999999999999,all_assets_2s
1,0xb4d5a648cd2fec0f8e9664a8c526474c9831365c378b0d70267aeb0fe653940f,ETH,2026-06-23T14:44:05.905661+00:00,54.094339,1.984661,2,2.0,0.040000000000000036,0.5,0.54,False,True,False,0.0,40.125,0.0,0.0,40.125,0.84,0.85,0.0,0.0,-12.639374999999998,-12.639374999999998,40.125,-0.31499999999999995,all_assets_2s
1,0x642224a52fade6557a6247bab8c52239c420862bc36bc3ee416c738c57195a1d,BTC,2026-06-23T14:44:21.906414+00:00,38.093586,1.977414,2,2.0,0.06999999999999995,0.66,0.73,True,False,False,46.875,0.0,0.0,46.875,0.0,0.68,0.69,0.0,0.7031250000000008,0.0,0.7031250000000008,46.875,0.015000000000000017,all_assets_2s
1,0x1b0ca5a523840544649e5361d143648cc68f3edbd7c371b10f03612d35f76363,SOL,2026-06-23T14:44:23.895486+00:00,36.104514,1.411486,2,2.0,0.030000000000000027,0.6,0.63,False,True,False,0.0,3.75,0.0,0.0,3.75,0.68,0.69,0.0,0.0,-0.2437499999999998,-0.2437499999999998,3.75,-0.06499999999999995,all_assets_2s
1,0x27be06ec8002def53f202462228b63f7f1be2c0d606cdc02372583d42ed0887c,BTC,2026-06-23T14:48:13.899860+00:00,106.10014,1.35486,2,2.0,0.030000000000000027,0.31,0.34,False,True,False,0.0,31.53375,0.0,0.0,31.53375,0.49,0.5,0.0,0.0,-5.20306875,-5.20306875,31.53375,-0.16499999999999998,all_assets_2s
1,0xfd9746271a9908d5dd04d0f78c3e7c9def0518a9a4a4943500ffba66bc27dc76,ETH,2026-06-23T14:48:31.892127+00:00,88.107873,1.921127,2,2.0,0.03999999999999998,0.32,0.36,True,False,False,34.23375,0.0,0.0,34.23375,0.0,0.26,0.3,0.0,-2.2251937500000003,0.0,-2.2251937500000003,34.23375,-0.065,all_assets_2s
1,0x27be06ec8002def53f202462228b63f7f1be2c0d606cdc02372583d42ed0887c,BTC,2026-06-23T14:49:17.895698+00:00,42.104302,1.624698,2,2.0,0.14,0.83,0.97,True,False,False,6.0675,0.0,0.0,6.0675,0.0,0.85,0.86,0.0,0.09101250000000011,0.0,0.09101250000000011,6.0675,0.015000000000000019,all_assets_2s
1,0x79fa88852d2df9f89c7ffe1e19e80856d2864adb8167da187fef1bd49a76815b,SOL,2026-06-23T14:50:05.896405+00:00,294.103595,1.600405,2,2.0,0.030000000000000027,0.5,0.53,True,True,True,30.0,3.53625,3.53625,26.46375,0.0,0.5,0.51,0.07072500000000008,-0.13231875,0.0,-0.06159374999999993,33.53625,-0.0018366320026836612,all_assets_2s
1,0x63e14eeb67286e35758b52a2c5d53fc557c30836f9bf57a1cead70ab3e3e7d09,BTC,2026-06-23T14:51:15.904879+00:00,224.095121,1.664879,2,2.0,0.030000000000000027,0.6,0.63,True,False,False,46.875,0.0,0.0,46.875,0.0,0.59,0.6,0.0,-0.7031250000000004,0.0,-0.7031250000000004,46.875,-0.01500000000000001,all_assets_2s
1,0x79fa88852d2df9f89c7ffe1e19e80856d2864adb8167da187fef1bd49a76815b,SOL,2026-06-23T14:52:45.904406+00:00,134.095594,1.995406,2,2.0,0.040000000000000036,0.41,0.45,True,False,False,17.34375,0.0,0.0,17.34375,0.0,0.36,0.37,0.0,-0.9539062499999997,0.0,-0.9539062499999997,17.34375,-0.054999999999999986,all_assets_2s
1,0x432b92706185086c282c01b2ad7e3ade54b6e1b584c617fe575f6e02d5ae5234,ETH,2026-06-23T14:53:31.902149+00:00,88.097851,1.737149,2,2.0,0.04000000000000001,0.22,0.26,True,False,False,21.75,0.0,0.0,21.75,0.0,0.2,0.21,0.0,-0.5437499999999998,0.0,-0.5437499999999998,21.75,-0.024999999999999994,all_assets_2s
1,0x2ff8516f19be15290d302be6eb4eb6f68fc8cd1cec67753590101df72b164150,SOL,2026-06-23T14:57:55.897437+00:00,124.102563,1.995437,2,2.0,0.09000000000000002,0.44,0.53,False,False,False,0.0,0.0,0.0,0.0,0.0,0.47,0.48,0.0,0.0,0.0,0.0,0.0,0.0,all_assets_2s
1,0x1929fa4e32594b1e9811cb2199fbe6016e169c13190221429a2a274622d6b572,BTC,2026-06-23T14:58:17.901200+00:00,102.0988,0.7432,2,2.0,0.040000000000000036,0.74,0.78,True,False,False,7.875,0.0,0.0,7.875,0.0,0.64,0.65,0.0,-0.8268749999999998,0.0,-0.8268749999999998,7.875,-0.10499999999999997,all_assets_2s
1,0x2ff8516f19be15290d302be6eb4eb6f68fc8cd1cec67753590101df72b164150,SOL,2026-06-23T14:58:53.900993+00:00,66.099007,1.739993,2,2.0,0.03999999999999998,0.14,0.18,False,True,False,0.0,1.875,0.0,0.0,1.875,0.17,0.18,0.0,0.0,-0.009375,-0.009375,1.875,-0.005,all_assets_2s
1,0x1929fa4e32594b1e9811cb2199fbe6016e169c13190221429a2a274622d6b572,BTC,2026-06-23T14:58:55.907630+00:00,64.09237,1.67763,2,2.0,0.030000000000000027,0.52,0.55,False,True,False,0.0,4.845,0.0,0.0,4.845,0.65,0.66,0.0,0.0,-0.557175,-0.557175,4.845,-0.115,all_assets_2s
1,0x5d596992ee14c701506ece9f95cfca95bcd846aa535ea21eab961b466b2e20ca,SOL,2026-06-23T15:00:57.899252+00:00,242.100748,0.630252,2,2.0,0.04000000000000001,0.19,0.23,False,True,False,0.0,1.875,0.0,0.0,1.875,0.26,0.27,0.0,0.0,-0.084375,-0.084375,1.875,-0.045000000000000005,all_assets_2s
1,0x5d596992ee14c701506ece9f95cfca95bcd846aa535ea21eab961b466b2e20ca,SOL,2026-06-23T15:01:19.903009+00:00,220.096991,1.600009,2,2.0,0.03999999999999998,0.45,0.49,True,False,False,39.045,0.0,0.0,39.045,0.0,0.41,0.45,0.0,-1.7570250000000014,0.0,-1.7570250000000014,39.045,-0.04500000000000003,all_assets_2s
1,0x9a0e222ff0af3b4ffe137ba4572a85b096eee1f33ea85890f9ff16c83a02bc92,BTC,2026-06-23T15:11:29.896692+00:00,210.103308,1.651692,2,2.0,0.030000000000000027,0.53,0.56,True,False,False,32.306250000000006,0.0,0.0,32.306250000000006,0.0,0.49,0.5,0.0,-1.4537812500000014,0.0,-1.4537812500000014,32.306250000000006,-0.04500000000000003,all_assets_2s
1,0x9a0e222ff0af3b4ffe137ba4572a85b096eee1f33ea85890f9ff16c83a02bc92,BTC,2026-06-23T15:14:07.898776+00:00,52.101224,1.674776,2,2.0,0.07,0.31,0.38,False,True,False,0.0,24.195,0.0,0.0,24.195,0.38,0.39,0.0,0.0,-0.3629250000000002,-0.3629250000000002,24.195,-0.015000000000000008,all_assets_2s
1,0x142fa1a5a2040d4bb0f82d42692bcc0738098cf5f3a65fb15520b4139e3e1704,BTC,2026-06-23T15:17:03.895874+00:00,176.104126,1.480874,2,2.0,0.03999999999999998,0.27,0.31,False,False,False,0.0,0.0,0.0,0.0,0.0,0.28,0.29,0.0,0.0,0.0,0.0,0.0,0.0,all_assets_2s
1,0x7f7f0c6ac70aeb25657e59122ec1737300133c6f99ddb8a5facb738a5e33d207,ETH,2026-06-23T15:24:07.893461+00:00,52.106539,1.288461,2,2.0,0.030000000000000027,0.63,0.66,True,False,False,22.5,0.0,0.0,22.5,0.0,0.52,0.53,0.0,-2.5875,0.0,-2.5875,22.5,-0.11499999999999999,all_assets_2s
1,0x9cc9bc6571bf90764d07b66e489e1ec356c81695ace8be7e10c52f199c8dfdbc,BTC,2026-06-23T15:26:49.903415+00:00,190.096585,1.921415,2,2.0,0.030000000000000027,0.73,0.76,True,False,False,8.8125,0.0,0.0,8.8125,0.0,0.71,0.72,0.0,-0.22031250000000016,0.0,-0.22031250000000016,8.8125,-0.02500000000000002,all_assets_2s
1,0x7c3fdc3e185ae7820eba61abc89ec62fb5449b06b4b403227e71947ae32b8035,SOL,2026-06-23T15:28:45.905305+00:00,74.094695,1.737305,2,2.0,0.04999999999999999,0.34,0.39,True,False,False,10.1175,0.0,0.0,10.1175,0.0,0.34,0.35,0.0,-0.0505875,0.0,-0.0505875,10.1175,-0.005,all_assets_2s
1,0x56ab07163dce252412060eb46f1eb2ce6df056247a6219b4a48095782d3af453,SOL,2026-06-23T15:30:03.898981+00:00,296.101019,1.650981,2,2.0,0.21999999999999997,0.51,0.73,False,False,False,0.0,0.0,0.0,0.0,0.0,0.62,0.63,0.0,0.0,0.0,0.0,0.0,0.0,all_assets_2s
1,0x81b974cba6d9421a3738bbc02f633a775b74f8577343415b65b84c57b003d298,BTC,2026-06-23T15:35:47.897704+00:00,252.102296,1.472704,2,2.0,0.030000000000000027,0.69,0.72,True,False,False,22.447499999999998,0.0,0.0,22.447499999999998,0.0,0.65,0.66,0.0,-1.0101374999999981,0.0,-1.0101374999999981,22.447499999999998,-0.04499999999999992,all_assets_2s
1,0x55e57faefeda4e530373cff771bc2512114ad7173b05c71348be00478517ef84,SOL,2026-06-23T15:50:39.905951+00:00,260.094049,1.709951,2,2.0,0.030000000000000027,0.35,0.38,False,False,False,0.0,0.0,0.0,0.0,0.0,0.36,0.37,0.0,0.0,0.0,0.0,0.0,0.0,all_assets_2s
1,0x2b2691f3b5961e282a14d4469cda5565cea421fc3bb67ed90e30c3fbd69ae472,BTC,2026-06-23T15:55:57.901802+00:00,242.098198,1.647802,2,2.0,0.040000000000000036,0.51,0.55,False,True,False,0.0,22.68,0.0,0.0,22.68,0.63,0.64,0.0,0.0,-2.1545999999999994,-2.1545999999999994,22.68,-0.09499999999999997,all_assets_2s
1,0xb240e9ea38a7e5b15f9a6e6e43faae560cc3a0fb77bf817451577bdc51705fbf,SOL,2026-06-23T15:56:33.902358+00:00,206.097642,1.248358,2,2.0,0.030000000000000027,0.57,0.6,False,True,False,0.0,4.050000000000001,0.0,0.0,4.050000000000001,0.62,0.63,0.0,0.0,-0.14175000000000013,-0.14175000000000013,4.050000000000001,-0.035000000000000024,all_assets_2s
1,0xc6f223a5f8665707c2559934577e46186cea6dbdf5f1071f043016b445d9e370,BTC,2026-06-23T16:02:23.895452+00:00,156.104548,1.911452,2,2.0,0.06999999999999995,0.56,0.63,True,False,False,46.875,0.0,0.0,46.875,0.0,0.23,0.24,0.0,-15.703125000000004,0.0,-15.703125000000004,46.875,-0.3350000000000001,all_assets_2s
1,0x0bef20c3bb8175da33c11421b48301f5b9edaf9e06bd2f979ffb90d107a47081,SOL,2026-06-23T16:02:51.907582+00:00,128.092418,1.822582,2,2.0,0.04000000000000001,0.21,0.25,True,False,False,1.875,0.0,0.0,1.875,0.0,0.17,0.18,0.0,-0.08437499999999996,0.0,-0.08437499999999996,1.875,-0.04499999999999998,all_assets_2s
1,0x0bef20c3bb8175da33c11421b48301f5b9edaf9e06bd2f979ffb90d107a47081,SOL,2026-06-23T16:03:05.903103+00:00,114.096897,1.548103,2,2.0,0.04999999999999999,0.19,0.24,True,False,False,13.799999999999999,0.0,0.0,13.799999999999999,0.0,0.15,0.17,0.0,-0.621,0.0,-0.621,13.799999999999999,-0.045000000000000005,all_assets_2s
1,0xa398a6270563f9326bfcb613cff69cea7e845a18f1a2af98ebe7d848b6c80361,SOL,2026-06-23T16:05:39.906684+00:00,260.093316,1.378684,2,2.0,0.030000000000000027,0.84,0.87,True,False,False,21.0,0.0,0.0,21.0,0.0,0.84,0.85,0.0,-0.105,0.0,-0.105,21.0,-0.005,all_assets_2s
1,0x133b4173a838b63c7d4e0189c986cb1ae7194462836032194da725d861100097,SOL,2026-06-23T16:25:03.903483+00:00,296.096517,1.802483,2,2.0,0.12,0.28,0.4,False,True,False,0.0,3.75,0.0,0.0,3.75,0.43,0.46,0.0,0.0,-0.24375000000000002,-0.24375000000000002,3.75,-0.065,all_assets_2s
1,0x2836965e55f9be92c72d26d693e444caef8c559ea84ce95a223ff84060e56c5d,BTC,2026-06-23T16:26:55.905532+00:00,184.094468,1.256532,2,2.0,0.06,0.42,0.48,False,False,False,0.0,0.0,0.0,0.0,0.0,0.47,0.48,0.0,0.0,-0.0,0.0,0.0,0.0,all_assets_2s
1,0xc453bb86355b67f71cceac7ce0f68cca264043532145c6071daa7acaa9f1cfc8,ETH,2026-06-23T16:34:11.906930+00:00,48.09307,0.67893,2,2.0,0.08000000000000002,0.36,0.44,False,True,False,0.0,5.625,0.0,0.0,5.625,0.49,0.5,0.0,0.0,-0.36562500000000003,-0.36562500000000003,5.625,-0.065,all_assets_2s
1,0xcaa0dd40336c8722033ba5c2267ba273e90b60e1ef30529bcc81bf56c7ab5c1b,SOL,2026-06-23T16:35:49.899849+00:00,250.100151,1.152849,2,2.0,0.030000000000000027,0.43,0.46,False,False,False,0.0,0.0,0.0,0.0,0.0,0.43,0.44,0.0,-0.0,0.0,0.0,0.0,0.0,all_assets_2s
1,0x4b6e8d2dd502f197e3b8ffc79d8e385d22173359f0faab93a82f29191f9bacea,BTC,2026-06-23T16:38:51.905687+00:00,68.094313,1.434687,2,2.0,0.03999999999999998,0.17,0.21,True,False,False,10.5,0.0,0.0,10.5,0.0,0.16,0.17,0.0,-0.1575000000000001,0.0,-0.1575000000000001,10.5,-0.01500000000000001,all_assets_2s
1,0x78e9550ddc72a00fab7bb51fe507c2c13d55ee310e935bcae9dbe8e1aa3209dc,BTC,2026-06-23T16:42:19.897331+00:00,160.102669,1.553331,2,2.0,0.030000000000000027,0.58,0.61,False,True,False,0.0,1.6350000000000002,0.0,0.0,1.6350000000000002,0.75,0.76,0.0,0.0,-0.25342500000000007,-0.25342500000000007,1.6350000000000002,-0.15500000000000003,all_assets_2s
1,0xea75692b8293cfca2c7464dbaef37ff18adec814392c7e59d57f7ce34ea2ab90,SOL,2026-06-23T16:55:37.901076+00:00,262.098924,1.664076,2,2.0,0.040000000000000036,0.59,0.63,True,False,False,12.57,0.0,0.0,12.57,0.0,0.58,0.59,0.0,-0.18855000000000013,0.0,-0.18855000000000013,12.57,-0.01500000000000001,all_assets_2s
1,0xb4f08cc4d9e63782c769b66c5c5d401c3cb64eda6cc1590a36603548e50a7256,SOL,2026-06-23T17:00:07.903209+00:00,292.096791,1.506209,2,2.0,0.03999999999999998,0.46,0.5,True,False,False,6.0,0.0,0.0,6.0,0.0,0.43,0.44,0.0,-0.21000000000000013,0.0,-0.21000000000000013,6.0,-0.035000000000000024,all_assets_2s
1,0x67d6deb51d518dc45e9e9e28a7797ee6af3267b743807c04d4edb5c28af9fa11,ETH,2026-06-23T17:01:11.906232+00:00,228.093768,1.741232,2,2.0,0.06,0.26,0.32,False,False,False,0.0,0.0,0.0,0.0,0.0,0.31,0.32,0.0,0.0,-0.0,0.0,0.0,0.0,all_assets_2s
1,0x055b663118c591881b38a2ccd62e4aca964e02ca83c12418aa8b990f64c1b932,BTC,2026-06-23T17:20:25.907026+00:00,274.092974,1.126026,2,2.0,0.030000000000000027,0.52,0.55,False,False,False,0.0,0.0,0.0,0.0,0.0,0.53,0.54,0.0,0.0,0.0,0.0,0.0,0.0,all_assets_2s
1,0x4084025b22ec676c958a3036891b1dad62468eee2f24417abdd11262ccc5976a,ETH,2026-06-23T17:47:23.898905+00:00,156.101095,1.721905,2,2.0,0.03999999999999998,0.43,0.47,True,False,False,46.875,0.0,0.0,46.875,0.0,0.26,0.27,0.0,-8.203125,0.0,-8.203125,46.875,-0.175,all_assets_2s
2,0x7ea5aaebb84391a40f9c9b8d359e0f7ea6568f9122da9062b8cd318af646dfba,BTC,2026-06-23T21:52:15.659166+00:00,164.340834,1.511166,2,2.0,0.040000000000000036,0.7,0.74,True,True,True,39.75,13.12125,13.12125,26.62875,0.0,0.65,0.7,0.3936375000000004,-1.4645812499999982,0.0,-1.0709437499999979,52.87125,-0.020255691893042018,all_assets_2s
2,0x7ea5aaebb84391a40f9c9b8d359e0f7ea6568f9122da9062b8cd318af646dfba,BTC,2026-06-23T21:52:19.670104+00:00,160.329896,1.931104,2,2.0,0.04999999999999993,0.65,0.7,True,True,True,41.0625,6.96375,6.96375,34.09875,0.0,0.78,0.79,0.2785499999999995,4.26234375,-0.0,4.5408937499999995,48.02625,0.09455024595924104,all_assets_2s
2,0x7ea5aaebb84391a40f9c9b8d359e0f7ea6568f9122da9062b8cd318af646dfba,BTC,2026-06-23T21:52:35.664960+00:00,144.33504,1.96396,2,2.0,0.05999999999999994,0.67,0.73,False,True,False,0.0,3.75,0.0,0.0,3.75,0.77,0.78,0.0,0.0,-0.20625000000000016,-0.20625000000000016,3.75,-0.05500000000000004,all_assets_2s
2,0x0a9ca6cabfc86a5580cd27de1f73f9275a6bd970355b3aa923dab0be989fc01b,ETH,2026-06-23T22:57:01.661207+00:00,178.338793,1.940207,2,2.0,0.030000000000000027,0.74,0.77,False,True,False,0.0,7.0575,0.0,0.0,7.0575,0.9,0.91,0.0,0.0,-1.0233375000000002,-1.0233375000000002,7.0575,-0.14500000000000002,all_assets_2s
2,0x54326cb08942b3923240c4ca7a48a9b04edb1eb5e6b6f066ad89cf0e8b7714af,ETH,2026-06-23T23:05:03.669501+00:00,296.330499,1.905501,2,2.0,0.030000000000000027,0.49,0.52,True,False,False,3.8249999999999997,0.0,0.0,3.8249999999999997,0.0,0.22,0.23,0.0,-1.0518750000000001,0.0,-1.0518750000000001,3.8249999999999997,-0.275,all_assets_2s
2,0xc755e09161255f5e7bf8eac216b4728f04aa44cf0830ecc14b58569c7f4c5f91,SOL,2026-06-24T00:06:35.658541+00:00,204.341459,1.972541,2,2.0,0.030000000000000027,0.76,0.79,False,True,False,0.0,5.887499999999999,0.0,0.0,5.887499999999999,0.79,0.8,0.0,0.0,-0.08831250000000004,-0.08831250000000004,5.887499999999999,-0.01500000000000001,all_assets_2s
2,0x832a7cd08cfd92010cf656979a27390755f3132c8882eb33a1bfb27e29deb943,ETH,2026-06-24T02:10:21.666139+00:00,278.333861,1.934139,2,2.0,0.030000000000000027,0.58,0.61,False,True,False,0.0,11.25,0.0,0.0,11.25,0.66,0.67,0.0,0.0,-0.7312500000000006,-0.7312500000000006,11.25,-0.06500000000000006,all_assets_2s
3,0x908dc5044eab9d5768e59c6ce1b123363314b8f29a599760fb17a853f1bfbb15,ETH,2026-06-24T15:52:40.755652+00:00,139.244348,1.868652,2,2.0,0.039999999999999925,0.67,0.71,False,True,False,0.0,7.0912500000000005,0.0,0.0,7.0912500000000005,0.83,0.84,0.0,0.0,-0.9573187500000001,-0.9573187500000001,7.0912500000000005,-0.135,all_assets_2s
3,0x16d9a49118c42f6c43e48602f4356b563fe7d62f03eace901d12f3671b7534cd,SOL,2026-06-24T16:19:20.759384+00:00,39.240616,1.920384,2,2.0,0.050000000000000044,0.71,0.76,True,False,False,3.9749999999999996,0.0,0.0,3.9749999999999996,0.0,0.72,0.75,0.0,0.01987500000000003,0.0,0.01987500000000003,3.9749999999999996,0.005000000000000009,all_assets_2s
3,0xfac222c67e9a366314d5012f7485349c5f0597ef38a8db54ab2eeb9d263fc9a0,BTC,2026-06-24T17:31:58.764409+00:00,181.235591,1.734409,2,2.0,0.03999999999999998,0.44,0.48,True,False,False,39.525000000000006,0.0,0.0,39.525000000000006,0.0,0.4,0.41,0.0,-1.7786249999999995,0.0,-1.7786249999999995,39.525000000000006,-0.04499999999999998,all_assets_2s
3,0xe0261c3af71ec76885a6befe78536d37f4f39622a19d0102257561caaca61811,SOL,2026-06-24T17:52:06.759950+00:00,173.24005,1.76995,2,2.0,0.07999999999999999,0.16,0.24,True,False,False,1.875,0.0,0.0,1.875,0.0,0.15,0.19,0.0,-0.028125000000000018,0.0,-0.028125000000000018,1.875,-0.01500000000000001,all_assets_2s
3,0xe35e0247327c4aa7fa2d329fe648da1ed73e2c9dde8af578cb52ad4f638ae074,SOL,2026-06-24T17:59:08.761550+00:00,51.23845,1.87855,2,2.0,0.050000000000000044,0.35,0.4,True,True,True,18.285,4.199999999999999,4.199999999999999,14.085,0.0,0.42,0.43,0.16800000000000015,0.915525,-0.0,1.0835250000000003,22.485,0.04818879252835225,all_assets_2s
3,0x17dc5c06a8038c8b9fe98dc10caabed5e643e594aa096dfa257871e4e6fc79db,BTC,2026-06-24T18:05:14.753546+00:00,285.246454,1.467546,2,2.0,0.030000000000000027,0.52,0.55,False,False,False,0.0,0.0,0.0,0.0,0.0,0.52,0.53,0.0,-0.0,0.0,0.0,0.0,0.0,all_assets_2s
3,0x3d07d4fd8f80b13ff82b8a59ac4e27ef61cee1ca5f5e8b639dd421a3a7bc2fcb,SOL,2026-06-24T18:08:20.754991+00:00,99.245009,1.673991,2,2.0,0.030000000000000027,0.9,0.93,False,True,False,0.0,14.962499999999999,0.0,0.0,14.962499999999999,0.94,0.95,0.0,0.0,-0.3740624999999986,-0.3740624999999986,14.962499999999999,-0.024999999999999908,all_assets_2s
3,0xb65494287b0ded4df523c3dfb7bc08d0faf51fbdea965329a079db51324f4dae,SOL,2026-06-24T18:23:52.766000+00:00,67.234,1.65,2,2.0,0.030000000000000027,0.96,0.99,False,False,False,0.0,0.0,0.0,0.0,0.0,0.97,0.98,0.0,0.0,0.0,0.0,0.0,0.0,all_assets_2s
3,0xf60c5ccad232c42657ee276cf479d8e88225c111dea7def79e5a1933206200ab,BTC,2026-06-24T18:58:14.756537+00:00,105.243463,1.830537,2,2.0,0.030000000000000027,0.78,0.81,False,True,False,0.0,20.7225,0.0,0.0,20.7225,0.83,0.84,0.0,0.0,-0.7252874999999982,-0.7252874999999982,20.7225,-0.03499999999999991,all_assets_2s
3,0xc41c9a019d29f207af68d3fe15e8a2e6a671b543b88682b44b73f2e1c6e1fbdb,BTC,2026-06-24T19:00:08.758904+00:00,291.241096,1.871904,2,2.0,0.030000000000000027,0.6,0.63,False,True,False,0.0,34.875,0.0,0.0,34.875,0.66,0.67,0.0,0.0,-1.569375000000001,-1.569375000000001,34.875,-0.04500000000000003,all_assets_2s
3,0xfb2d975df6a6f30cb9fa99c239111a8258f5963b8823097c9ac12954546c26b7,SOL,2026-06-24T19:23:14.765408+00:00,105.234592,1.706408,2,2.0,0.030000000000000027,0.35,0.38,True,False,False,10.32,0.0,0.0,10.32,0.0,0.3,0.31,0.0,-0.5675999999999999,0.0,-0.5675999999999999,10.32,-0.054999999999999986,all_assets_2s
3,0xf5a2d3e44ab4d845157e3dbc553f80c96b82c88ec472c3525fda5efc7d394b40,BTC,2026-06-24T19:35:26.762448+00:00,273.237552,1.913448,2,2.0,0.04999999999999993,0.53,0.58,True,True,True,13.286249999999999,29.25,13.286249999999999,0.0,15.963750000000001,0.59,0.6,0.5314499999999991,0.0,-0.3990937500000003,0.1323562499999988,42.536249999999995,0.003111610685003939,all_assets_2s
3,0xf8776b5271ce59d683b9da736a42f8139c58e4093ad342ae1288f9addc1b3cfe,BTC,2026-06-24T20:10:42.757321+00:00,257.242679,1.938321,2,2.0,0.030000000000000027,0.65,0.68,True,True,True,1.6875,46.875,1.6875,0.0,45.1875,0.69,0.7,0.033750000000000044,0.0,-1.1296874999999957,-1.0959374999999958,48.5625,-0.02256756756756748,all_assets_2s
3,0xf8776b5271ce59d683b9da736a42f8139c58e4093ad342ae1288f9addc1b3cfe,BTC,2026-06-24T20:11:18.754143+00:00,221.245857,1.752143,2,2.0,0.030000000000000027,0.71,0.74,False,True,False,0.0,46.875,0.0,0.0,46.875,0.75,0.76,0.0,0.0,-1.1718750000000009,-1.1718750000000009,46.875,-0.02500000000000002,all_assets_2s
3,0xa05cff8036c459cd240da3035dc85f2becf34afd9015231ad23fef6f39fa51c9,ETH,2026-06-25T00:36:18.754986+00:00,221.245014,1.622986,2,2.0,0.06,0.45,0.51,False,True,False,0.0,1.875,0.0,0.0,1.875,0.6,0.62,0.0,0.0,-0.21562499999999998,-0.21562499999999998,1.875,-0.11499999999999999,all_assets_2s
4,0x9a45530cac4285dc440738508a907ab9c508f77712544054f5078c8bc3cba2da,ETH,2026-06-25T20:18:46.807140+00:00,73.19286,1.59214,2,2.0,0.039999999999999925,0.8,0.84,False,True,False,0.0,1.875,0.0,0.0,1.875,0.87,0.91,0.0,0.0,-0.1406250000000001,-0.1406250000000001,1.875,-0.07500000000000005,all_assets_2s
4,0xac9139c518e392a875f62e63f04cbce8023219154217711edb7fe2231ebd89c6,BTC,2026-06-25T20:18:46.807140+00:00,73.19286,1.98114,2,2.0,0.050000000000000044,0.61,0.66,False,True,False,0.0,0.17625,0.0,0.0,0.17625,0.65,0.71,0.0,0.0,-0.009693749999999987,-0.009693749999999987,0.17625,-0.05499999999999993,all_assets_2s
4,0x9a45530cac4285dc440738508a907ab9c508f77712544054f5078c8bc3cba2da,ETH,2026-06-25T20:18:52.810662+00:00,67.189338,1.417662,2,2.0,0.040000000000000036,0.87,0.91,True,False,False,2.9699999999999998,0.0,0.0,2.9699999999999998,0.0,0.87,0.88,0.0,-0.014849999999999999,0.0,-0.014849999999999999,2.9699999999999998,-0.005,all_assets_2s
4,0x0e65bd8f2c35d139a7a6aaf971af2cf90bcdbc0253585f6e57c5df4eb16c2295,BTC,2026-06-25T20:31:32.817449+00:00,207.182551,1.215449,2,2.0,0.04999999999999999,0.31,0.36,True,False,False,2.1975000000000002,0.0,0.0,2.1975000000000002,0.0,0.21,0.22,0.0,-0.23073750000000004,0.0,-0.23073750000000004,2.1975000000000002,-0.10500000000000001,all_assets_2s
4,0x7a1f7adb0e95a0a1ec1ec1bdf972078fe3bf9b8c14c79c5338bad045ffbff576,SOL,2026-06-25T20:35:10.815739+00:00,289.184261,1.772739,2,2.0,0.030000000000000027,0.61,0.64,True,False,False,1.875,0.0,0.0,1.875,0.0,0.6,0.61,0.0,-0.028125000000000018,0.0,-0.028125000000000018,1.875,-0.01500000000000001,all_assets_2s
4,0xe55e471a6cadcca3373d39159a0dfcc503b3e77b929ad7f7a1c62922ef3a0b39,ETH,2026-06-25T20:36:42.812020+00:00,197.18798,1.96002,2,2.0,0.039999999999999925,0.81,0.85,True,False,False,18.75,0.0,0.0,18.75,0.0,0.79,0.8,0.0,-0.46875000000000033,0.0,-0.46875000000000033,18.75,-0.02500000000000002,all_assets_2s
4,0x345ecd2a0bfb9dc2dffef44d18ddcfa7bbd1bb1f5e221f85d529e10f9542e6aa,SOL,2026-06-25T20:51:28.806909+00:00,211.193091,1.227909,2,2.0,0.030000000000000027,0.31,0.34,False,True,False,0.0,1.875,0.0,0.0,1.875,0.35,0.36,0.0,0.0,-0.04687499999999993,-0.04687499999999993,1.875,-0.024999999999999963,all_assets_2s
4,0x5c6760aa2aa0934cdff18131065bcca70c100abc46876e1d086f2333ec5994d9,BTC,2026-06-25T21:02:08.815375+00:00,171.184625,1.799375,2,2.0,0.05999999999999994,0.51,0.57,False,False,False,0.0,0.0,0.0,0.0,0.0,0.55,0.56,0.0,0.0,0.0,0.0,0.0,0.0,all_assets_2s
4,0x80f4d52bf8a69ad43c205b16ecf86c6e9b27e8d1df3613dc26f39b2b75bb2dbf,SOL,2026-06-25T21:07:24.815980+00:00,155.18402,1.66598,2,2.0,0.030000000000000027,0.35,0.38,False,False,False,0.0,0.0,0.0,0.0,0.0,0.36,0.37,0.0,0.0,0.0,0.0,0.0,0.0,all_assets_2s
4,0xe1f466e6312cce5d03e6d63d1e025d17853d34fe217fd3b68893183892507654,SOL,2026-06-25T21:11:32.803458+00:00,207.196542,1.224458,2,2.0,0.040000000000000036,0.63,0.67,False,False,False,0.0,0.0,0.0,0.0,0.0,0.66,0.67,0.0,0.0,-0.0,0.0,0.0,0.0,all_assets_2s
4,0x1febb7033402b49870fa20b4bc0b6ce97895eb9f19fca75e0738e38c75a927b2,SOL,2026-06-25T21:25:26.818064+00:00,273.181936,1.968064,2,2.0,0.05999999999999994,0.56,0.62,False,True,False,0.0,1.875,0.0,0.0,1.875,0.62,0.63,0.0,0.0,-0.028125000000000018,-0.028125000000000018,1.875,-0.01500000000000001,all_assets_2s
4,0x1febb7033402b49870fa20b4bc0b6ce97895eb9f19fca75e0738e38c75a927b2,SOL,2026-06-25T21:25:46.805010+00:00,253.19499,1.56901,2,2.0,0.030000000000000027,0.87,0.9,False,False,False,0.0,0.0,0.0,0.0,0.0,0.89,0.9,0.0,0.0,-0.0,0.0,0.0,0.0,all_assets_2s
4,0xae2848fb6d2e41638bbd581054fbae303cae9fa05399386a3967adb588ef3c7e,SOL,2026-06-25T21:35:02.804691+00:00,297.195309,1.179691,2,2.0,0.14999999999999997,0.32,0.47,False,False,False,0.0,0.0,0.0,0.0,0.0,0.39,0.41,0.0,0.0,0.0,0.0,0.0,0.0,all_assets_2s
4,0x9952c15986fdea833b3f2f36dcf6c4a25a8a5ffd72a7ac7d8f76d060c6e7b645,SOL,2026-06-25T22:00:58.811843+00:00,241.188157,1.401843,2,2.0,0.030000000000000027,0.29,0.32,True,False,False,6.6000000000000005,0.0,0.0,6.6000000000000005,0.0,0.24,0.26,0.0,-0.36299999999999993,0.0,-0.36299999999999993,6.6000000000000005,-0.054999999999999986,all_assets_2s
4,0x04f59a7c83ecb6237ec63ece27ccf360d1203dddb6c942d9fb83f974af685567,SOL,2026-06-25T22:24:12.803568+00:00,47.196432,1.422568,2,2.0,0.030000000000000027,0.51,0.54,False,False,False,0.0,0.0,0.0,0.0,0.0,0.51,0.52,0.0,-0.0,0.0,0.0,0.0,0.0,all_assets_2s
4,0x62a2a6c1c832195bf6f619cca9b05658bbfeeb4a40b84d87f3a8dea103362915,BTC,2026-06-25T22:38:52.814237+00:00,67.185763,1.400237,2,2.0,0.050000000000000044,0.51,0.56,False,True,False,0.0,1.875,0.0,0.0,1.875,0.61,0.62,0.0,0.0,-0.1218749999999999,-0.1218749999999999,1.875,-0.06499999999999995,all_assets_2s
4,0x28f6d6f6d64c6a318107cbfe7420997965fd94dc732edabf6955fd99a3dfd381,SOL,2026-06-25T23:22:12.809787+00:00,167.190213,1.772787,2,2.0,0.030000000000000027,0.75,0.78,False,True,False,0.0,2.25,0.0,0.0,2.25,0.79,0.8,0.0,0.0,-0.05625000000000004,-0.05625000000000004,2.25,-0.02500000000000002,all_assets_2s
4,0x0c57f717926035bc0d2e027557263f7dae55fb00e58dd5573a7bfe0b5f053ae0,SOL,2026-06-26T01:10:22.813080+00:00,277.18692,1.89708,2,2.0,0.030000000000000027,0.59,0.62,False,False,False,0.0,0.0,0.0,0.0,0.0,0.61,0.62,0.0,0.0,-0.0,0.0,0.0,0.0,all_assets_2s
4,0xbc80a16a50b5b96ebab7f266d58abb514cb444cd19211f0cae092247a32b58a2,SOL,2026-06-26T02:52:04.817082+00:00,175.182918,1.807082,2,2.0,0.04000000000000001,0.15,0.19,True,False,False,0.92625,0.0,0.0,0.92625,0.0,0.15,0.16,0.0,-0.00463125,0.0,-0.00463125,0.92625,-0.005,all_assets_2s
4,0xccf7d1cf6321e80421097f6e058c2c3ebbce448ccf292b7bd1ba115c95e0c91c,SOL,2026-06-26T05:11:24.812028+00:00,215.187972,1.217028,2,2.0,0.030000000000000027,0.78,0.81,False,False,False,0.0,0.0,0.0,0.0,0.0,0.78,0.81,0.0,-0.0,-0.0,0.0,0.0,0.0,all_assets_2s
4,0xb34dccf19137e2f5ae026c4d45037552dc97400a1b3bc211ed9745dd139260fc,SOL,2026-06-26T06:33:36.811943+00:00,83.188057,1.753943,2,2.0,0.06,0.25,0.31,True,False,False,8.82,0.0,0.0,8.82,0.0,0.17,0.18,0.0,-0.7496999999999999,0.0,-0.7496999999999999,8.82,-0.08499999999999999,all_assets_2s
4,0x6461cb20a000fc158e4d366c7bc9935b7b4774272b389fa2d5dde289d62d042c,BTC,2026-06-26T06:46:48.812102+00:00,191.187898,1.726102,2,2.0,0.03999999999999998,0.43,0.47,False,True,False,0.0,46.875,0.0,0.0,46.875,0.47,0.51,0.0,0.0,-2.1093750000000013,-2.1093750000000013,46.875,-0.045000000000000026,all_assets_2s
5,0xa98d1067cc7e61f9c9d64acae0972f0b6c65e4b9f07684fd30b0fff4ac936e9a,ETH,2026-07-01T21:27:18.367482+00:00,161.632518,1.917482,2,2.0,0.07,0.35,0.42,True,False,False,1.875,0.0,0.0,1.875,0.0,0.4,0.41,0.0,0.08437500000000009,0.0,0.08437500000000009,1.875,0.04500000000000005,all_assets_2s
5,0x36d3a0bfa79de20fdf15122d360f4e6bbf48a1cc6347f13d76e81151fff6f8f4,SOL,2026-07-01T21:27:58.371771+00:00,121.628229,1.977771,2,2.0,0.05999999999999994,0.65,0.71,True,False,False,36.25125,0.0,0.0,36.25125,0.0,0.61,0.62,0.0,-1.631306250000001,0.0,-1.631306250000001,36.25125,-0.04500000000000003,all_assets_2s
5,0xa98d1067cc7e61f9c9d64acae0972f0b6c65e4b9f07684fd30b0fff4ac936e9a,ETH,2026-07-01T21:27:58.371771+00:00,121.628229,1.955771,2,2.0,0.030000000000000027,0.43,0.46,False,True,False,0.0,1.4625,0.0,0.0,1.4625,0.47,0.48,0.0,0.0,-0.03656249999999994,-0.03656249999999994,1.4625,-0.024999999999999963,all_assets_2s
5,0x36d3a0bfa79de20fdf15122d360f4e6bbf48a1cc6347f13d76e81151fff6f8f4,SOL,2026-07-01T21:28:18.373794+00:00,101.626206,1.955794,2,2.0,0.04999999999999993,0.66,0.71,False,True,False,0.0,46.875,0.0,0.0,46.875,0.73,0.74,0.0,0.0,-1.640625000000001,-1.640625000000001,46.875,-0.035000000000000024,all_assets_2s
5,0xa98d1067cc7e61f9c9d64acae0972f0b6c65e4b9f07684fd30b0fff4ac936e9a,ETH,2026-07-01T21:28:18.373794+00:00,101.626206,1.985794,2,2.0,0.039999999999999925,0.66,0.7,True,True,True,4.5,2.25,2.25,2.25,0.0,0.7,0.71,0.06749999999999982,0.07874999999999983,-0.0,0.14624999999999966,6.75,0.021666666666666615,all_assets_2s
5,0x36d3a0bfa79de20fdf15122d360f4e6bbf48a1cc6347f13d76e81151fff6f8f4,SOL,2026-07-01T21:28:44.368194+00:00,75.631806,1.937194,2,2.0,0.08000000000000007,0.82,0.9,False,True,False,0.0,3.75,0.0,0.0,3.75,0.94,0.95,0.0,0.0,-0.20624999999999974,-0.20624999999999974,3.75,-0.05499999999999993,all_assets_2s
5,0x36d3a0bfa79de20fdf15122d360f4e6bbf48a1cc6347f13d76e81151fff6f8f4,SOL,2026-07-01T21:29:14.367923+00:00,45.632077,1.894923,2,2.0,0.04999999999999993,0.89,0.94,True,False,False,1.875,0.0,0.0,1.875,0.0,0.91,0.92,0.0,0.028125000000000032,0.0,0.028125000000000032,1.875,0.015000000000000017,all_assets_2s
5,0x1e5cc3e5781b2ef67a9e67bda1f9e9ea66b0f987cdf4813ffb9a722232781544,SOL,2026-07-01T21:31:14.368434+00:00,225.631566,1.984434,2,2.0,0.030000000000000027,0.71,0.74,False,False,False,0.0,0.0,0.0,0.0,0.0,0.73,0.74,0.0,0.0,-0.0,0.0,0.0,0.0,all_assets_2s
5,0x96da5cdb37bd11a7169f95db688b72e1ceb3282c481cba43a0cffac83765aada,ETH,2026-07-01T21:33:20.363713+00:00,99.636287,1.782713,2,2.0,0.039999999999999925,0.91,0.95,False,True,False,0.0,12.0,0.0,0.0,12.0,0.98,0.99,0.0,0.0,-0.5400000000000004,-0.5400000000000004,12.0,-0.04500000000000003,all_assets_2s
5,0xccddd1603d20c4477f2ac4e9f226747d540c9f0fe9ebc85b76cbdd992afa90a5,SOL,2026-07-01T21:35:02.365044+00:00,297.634956,1.790044,2,2.0,0.10999999999999999,0.37,0.48,False,False,False,0.0,0.0,0.0,0.0,0.0,0.44,0.45,0.0,0.0,0.0,0.0,0.0,0.0,all_assets_2s
5,0xccddd1603d20c4477f2ac4e9f226747d540c9f0fe9ebc85b76cbdd992afa90a5,SOL,2026-07-01T21:35:24.373919+00:00,275.626081,1.974919,2,2.0,0.040000000000000036,0.41,0.45,False,True,False,0.0,1.875,0.0,0.0,1.875,0.48,0.49,0.0,0.0,-0.08437499999999996,-0.08437499999999996,1.875,-0.04499999999999998,all_assets_2s
5,0xccddd1603d20c4477f2ac4e9f226747d540c9f0fe9ebc85b76cbdd992afa90a5,SOL,2026-07-01T21:36:52.363490+00:00,187.63651,1.85749,2,2.0,0.03999999999999998,0.26,0.3,False,True,False,0.0,3.04125,0.0,0.0,3.04125,0.58,0.61,0.0,0.0,-0.95799375,-0.95799375,3.04125,-0.315,all_assets_2s
5,0xdc82514297e0235817b0c260d0771daa18aea7590d6e89abcc8c7273355ae68a,BTC,2026-07-01T21:36:54.368306+00:00,185.631694,1.983306,2,2.0,0.03999999999999998,0.37,0.41,False,True,False,0.0,3.75,0.0,0.0,3.75,0.47,0.48,0.0,0.0,-0.28125000000000006,-0.28125000000000006,3.75,-0.07500000000000001,all_assets_2s
5,0xccddd1603d20c4477f2ac4e9f226747d540c9f0fe9ebc85b76cbdd992afa90a5,SOL,2026-07-01T21:36:56.374213+00:00,183.625787,1.982213,2,2.0,0.030000000000000027,0.58,0.61,True,False,False,6.375,0.0,0.0,6.375,0.0,0.57,0.59,0.0,-0.09562500000000006,0.0,-0.09562500000000006,6.375,-0.015000000000000008,all_assets_2s
5,0xccddd1603d20c4477f2ac4e9f226747d540c9f0fe9ebc85b76cbdd992afa90a5,SOL,2026-07-01T21:37:26.370102+00:00,153.629898,1.973102,2,2.0,0.04999999999999999,0.45,0.5,False,False,False,0.0,0.0,0.0,0.0,0.0,0.45,0.46,0.0,-0.0,0.0,0.0,0.0,0.0,all_assets_2s
5,0xdc82514297e0235817b0c260d0771daa18aea7590d6e89abcc8c7273355ae68a,BTC,2026-07-01T21:38:02.371563+00:00,117.628437,1.923563,2,2.0,0.030000000000000027,0.5,0.53,False,True,False,0.0,46.875,0.0,0.0,46.875,0.53,0.54,0.0,0.0,-0.7031250000000004,-0.7031250000000004,46.875,-0.01500000000000001,all_assets_2s
5,0xccddd1603d20c4477f2ac4e9f226747d540c9f0fe9ebc85b76cbdd992afa90a5,SOL,2026-07-01T21:38:04.363985+00:00,115.636015,1.866985,2,2.0,0.04000000000000001,0.22,0.26,False,False,False,0.0,0.0,0.0,0.0,0.0,0.22,0.24,0.0,-0.0,0.0,0.0,0.0,0.0,all_assets_2s
5,0xccddd1603d20c4477f2ac4e9f226747d540c9f0fe9ebc85b76cbdd992afa90a5,SOL,2026-07-01T21:38:38.375395+00:00,81.624605,1.971395,2,2.0,0.030000000000000027,0.52,0.55,True,True,True,1.875,1.875,1.875,0.0,0.0,0.6,0.61,0.03750000000000005,0.0,-0.0,0.03750000000000005,3.75,0.010000000000000012,all_assets_2s
5,0xdc82514297e0235817b0c260d0771daa18aea7590d6e89abcc8c7273355ae68a,BTC,2026-07-01T21:38:50.365876+00:00,69.634124,1.993876,2,2.0,0.039999999999999925,0.93,0.97,False,True,False,0.0,46.875,0.0,0.0,46.875,0.98,0.99,0.0,0.0,-1.1718750000000009,-1.1718750000000009,46.875,-0.02500000000000002,all_assets_2s
5,0xccddd1603d20c4477f2ac4e9f226747d540c9f0fe9ebc85b76cbdd992afa90a5,SOL,2026-07-01T21:38:52.371454+00:00,67.628546,1.978454,2,2.0,0.030000000000000027,0.84,0.87,True,False,False,6.6075,0.0,0.0,6.6075,0.0,0.6,0.61,0.0,-1.6188375,0.0,-1.6188375,6.6075,-0.245,all_assets_2s
5,0x751d9e9775099c1841d5ea89e96b99a0f7258d3ddbb59043c6aa855bc5fe1664,ETH,2026-07-01T21:38:54.361771+00:00,65.638229,1.969771,2,2.0,0.030000000000000027,0.47,0.5,True,False,False,18.52875,0.0,0.0,18.52875,0.0,0.26,0.27,0.0,-3.983681249999999,0.0,-3.983681249999999,18.52875,-0.21499999999999997,all_assets_2s
5,0xdc82514297e0235817b0c260d0771daa18aea7590d6e89abcc8c7273355ae68a,BTC,2026-07-01T21:39:06.367677+00:00,53.632323,1.984677,2,2.0,0.040000000000000036,0.73,0.77,True,False,False,4.7325,0.0,0.0,4.7325,0.0,0.6,0.61,0.0,-0.6388875,0.0,-0.6388875,4.7325,-0.135,all_assets_2s
5,0xdc82514297e0235817b0c260d0771daa18aea7590d6e89abcc8c7273355ae68a,BTC,2026-07-01T21:39:16.362138+00:00,43.637862,1.837138,2,2.0,0.030000000000000027,0.5,0.53,True,True,True,2.0625,31.387500000000003,2.0625,0.0,29.325000000000003,0.58,0.59,0.04125000000000005,0.0,-1.9061249999999985,-1.8648749999999985,33.45,-0.05575112107623313,all_assets_2s
5,0xccddd1603d20c4477f2ac4e9f226747d540c9f0fe9ebc85b76cbdd992afa90a5,SOL,2026-07-01T21:39:18.368437+00:00,41.631563,1.706437,2,2.0,0.05999999999999994,0.52,0.58,False,True,False,0.0,8.82,0.0,0.0,8.82,0.7,0.71,0.0,0.0,-1.1907,-1.1907,8.82,-0.135,all_assets_2s
5,0x4c09abece310efe0c502e2b081a875d0020f5b30af3c45f19145efd6b791df0b,ETH,2026-07-01T21:40:24.371334+00:00,275.628666,1.988334,2,2.0,0.040000000000000036,0.52,0.56,True,True,True,13.548750000000002,10.12875,10.12875,3.4200000000000017,0.0,0.6,0.61,0.30386250000000037,0.25649999999999995,-0.0,0.5603625000000003,23.677500000000002,0.023666455495723798,all_assets_2s
5,0x1e62581fd9a1f2400a72b0ace91b1149d1dd03a3202a315563efea9499e0e23b,BTC,2026-07-01T21:40:28.369988+00:00,271.630012,1.924988,2,2.0,0.07999999999999996,0.67,0.75,False,True,False,0.0,46.875,0.0,0.0,46.875,0.75,0.76,0.0,0.0,-0.7031250000000004,-0.7031250000000004,46.875,-0.01500000000000001,all_assets_2s
5,0x2729a97dbed765fa7f38618dc0399548892a2600fac0138be2d913602762d5e7,SOL,2026-07-01T21:42:10.372804+00:00,169.627196,1.975804,2,2.0,0.03999999999999998,0.33,0.37,True,False,False,8.325,0.0,0.0,8.325,0.0,0.31,0.32,0.0,-0.20812500000000014,0.0,-0.20812500000000014,8.325,-0.02500000000000002,all_assets_2s
5,0xdf92f9514293b52fa02cd5e053b7e0ed46b9f94c13be09a814be51f9233eaef2,ETH,2026-07-01T21:45:02.364632+00:00,297.635368,1.992632,2,2.0,0.08999999999999997,0.39,0.48,False,False,False,0.0,0.0,0.0,0.0,0.0,0.47,0.48,0.0,0.0,-0.0,0.0,0.0,0.0,all_assets_2s
5,0x6de6d39220dc444c78dbc1caf949cc3583d01b10446468528a5b525b420e9392,SOL,2026-07-01T21:45:38.361985+00:00,261.638015,1.982985,2,2.0,0.039999999999999925,0.53,0.57,False,False,False,0.0,0.0,0.0,0.0,0.0,0.54,0.55,0.0,0.0,0.0,0.0,0.0,0.0,all_assets_2s
5,0x73f7d1cc0d6504cf2c207938cebb02a7bc6ab67576be605c9f3dcbc92bb18701,BTC,2026-07-01T21:45:46.372748+00:00,253.627252,1.899748,2,2.0,0.03999999999999998,0.44,0.48,True,False,False,17.37375,0.0,0.0,17.37375,0.0,0.35,0.36,0.0,-1.6505062500000005,0.0,-1.6505062500000005,17.37375,-0.09500000000000003,all_assets_2s
5,0x73f7d1cc0d6504cf2c207938cebb02a7bc6ab67576be605c9f3dcbc92bb18701,BTC,2026-07-01T21:45:50.368129+00:00,249.631871,1.954129,2,2.0,0.030000000000000027,0.37,0.4,True,True,True,4.72875,13.0425,4.72875,0.0,8.31375,0.43,0.44,0.09457500000000012,0.0,-0.37411874999999983,-0.2795437499999997,17.771250000000002,-0.015730111837940475,all_assets_2s
5,0xdf92f9514293b52fa02cd5e053b7e0ed46b9f94c13be09a814be51f9233eaef2,ETH,2026-07-01T21:45:56.370687+00:00,243.629313,1.982687,2,2.0,0.030000000000000027,0.5,0.53,True,True,True,46.875,3.1500000000000004,3.1500000000000004,43.725,0.0,0.53,0.54,0.06300000000000008,1.0931250000000012,-0.0,1.1561250000000014,50.025,0.02311094452773616,all_assets_2s
5,0x73f7d1cc0d6504cf2c207938cebb02a7bc6ab67576be605c9f3dcbc92bb18701,BTC,2026-07-01T21:46:50.367921+00:00,189.632079,1.980921,2,2.0,0.04999999999999999,0.31,0.36,True,True,True,19.38,1.875,1.875,17.505,0.0,0.48,0.49,0.07499999999999997,2.8883249999999996,-0.0,2.9633249999999998,21.255,0.13941778405081157,all_assets_2s
5,0x6de6d39220dc444c78dbc1caf949cc3583d01b10446468528a5b525b420e9392,SOL,2026-07-01T21:47:42.367429+00:00,137.632571,1.990429,2,2.0,0.030000000000000027,0.48,0.51,False,True,False,0.0,8.82,0.0,0.0,8.82,0.55,0.56,0.0,0.0,-0.48510000000000036,-0.48510000000000036,8.82,-0.05500000000000004,all_assets_2s
5,0xdf92f9514293b52fa02cd5e053b7e0ed46b9f94c13be09a814be51f9233eaef2,ETH,2026-07-01T21:48:22.367730+00:00,97.63227,1.84273,2,2.0,0.050000000000000044,0.61,0.66,True,False,False,12.0,0.0,0.0,12.0,0.0,0.53,0.54,0.0,-1.0199999999999996,0.0,-1.0199999999999996,12.0,-0.08499999999999996,all_assets_2s
5,0x6de6d39220dc444c78dbc1caf949cc3583d01b10446468528a5b525b420e9392,SOL,2026-07-01T21:49:24.361129+00:00,35.638871,1.967129,2,2.0,0.030000000000000027,0.85,0.88,False,True,False,0.0,1.875,0.0,0.0,1.875,0.96,0.97,0.0,0.0,-0.17812499999999995,-0.17812499999999995,1.875,-0.09499999999999997,all_assets_2s
5,0x47c5c4d1e64b9ad0d527ea83a9b281cf2ba73888df2eb450db55596e0bc1fb30,BTC,2026-07-01T21:50:52.366536+00:00,247.633464,1.964536,2,2.0,0.03999999999999998,0.37,0.41,True,True,True,37.905,31.125,31.125,6.780000000000001,0.0,0.41,0.43,0.9337499999999993,0.23729999999999993,-0.0,1.1710499999999993,69.03,0.016964363320295512,all_assets_2s
5,0x47c5c4d1e64b9ad0d527ea83a9b281cf2ba73888df2eb450db55596e0bc1fb30,BTC,2026-07-01T21:53:02.360460+00:00,117.63954,1.97346,2,2.0,0.08000000000000002,0.43,0.51,False,False,False,0.0,0.0,0.0,0.0,0.0,0.5,0.51,0.0,0.0,-0.0,0.0,0.0,0.0,all_assets_2s
5,0xfe7870a9fb715e078845814539d09fecec8c6c909833772826ad66e2adb43246,SOL,2026-07-01T21:53:22.364988+00:00,97.635012,1.846988,2,2.0,0.030000000000000027,0.94,0.97,False,True,False,0.0,46.875,0.0,0.0,46.875,0.97,0.98,0.0,0.0,-0.7031250000000004,-0.7031250000000004,46.875,-0.01500000000000001,all_assets_2s
5,0x7f95e1d134e20d37bac046b26b1986bea147bc22b45da2b3c4fa93a7907a0e64,SOL,2026-07-01T21:55:02.368886+00:00,297.631114,1.886886,2,2.0,0.07,0.42,0.49,False,True,False,0.0,3.1875,0.0,0.0,3.1875,0.55,0.6,0.0,0.0,-0.36656249999999996,-0.36656249999999996,3.1875,-0.11499999999999999,all_assets_2s
5,0x7f95e1d134e20d37bac046b26b1986bea147bc22b45da2b3c4fa93a7907a0e64,SOL,2026-07-01T21:55:08.373915+00:00,291.626085,1.876915,2,2.0,0.04999999999999993,0.55,0.6,False,True,False,0.0,11.25,0.0,0.0,11.25,0.62,0.63,0.0,0.0,-0.39375000000000027,-0.39375000000000027,11.25,-0.035000000000000024,all_assets_2s
5,0x7f95e1d134e20d37bac046b26b1986bea147bc22b45da2b3c4fa93a7907a0e64,SOL,2026-07-01T21:58:40.372165+00:00,79.627835,1.899165,2,2.0,0.030000000000000027,0.77,0.8,True,False,False,1.875,0.0,0.0,1.875,0.0,0.75,0.76,0.0,-0.046875000000000035,0.0,-0.046875000000000035,1.875,-0.02500000000000002,all_assets_2s
5,0x7f95e1d134e20d37bac046b26b1986bea147bc22b45da2b3c4fa93a7907a0e64,SOL,2026-07-01T21:58:48.365315+00:00,71.634685,1.977315,2,2.0,0.030000000000000027,0.73,0.76,False,True,False,0.0,28.18875,0.0,0.0,28.18875,0.81,0.82,0.0,0.0,-1.8322687499999983,-1.8322687499999983,28.18875,-0.06499999999999995,all_assets_2s
5,0x7f95e1d134e20d37bac046b26b1986bea147bc22b45da2b3c4fa93a7907a0e64,SOL,2026-07-01T21:59:18.365660+00:00,41.63434,1.96466,2,2.0,0.039999999999999925,0.81,0.85,True,False,False,4.199999999999999,0.0,0.0,4.199999999999999,0.0,0.8,0.81,0.0,-0.06300000000000003,0.0,-0.06300000000000003,4.199999999999999,-0.01500000000000001,all_assets_2s
5,0x57f87262af3ca3fc831e294e631e17dfb34f697bedb03f86690993d1c41bf4c2,BTC,2026-07-01T22:02:42.364296+00:00,137.635704,1.993296,2,2.0,0.030000000000000027,0.36,0.39,True,True,True,4.893750000000001,9.375,4.893750000000001,0.0,4.481249999999999,0.4,0.43,0.09787500000000013,0.0,-0.20165624999999987,-0.10378124999999974,14.26875,-0.007273324572930336,all_assets_2s
5,0xd5fd7154e608f6ad96c455a12974647ebdc2bff30b93db08b70f0f4b5d27ff6b,SOL,2026-07-01T22:03:22.369147+00:00,97.630853,1.929147,2,2.0,0.05000000000000002,0.22,0.27,True,False,False,8.52,0.0,0.0,8.52,0.0,0.16,0.17,0.0,-0.5538,0.0,-0.5538,8.52,-0.065,all_assets_2s
5,0x2f68e5085157ce2b5aaa31b91e618d5c8d2dce65f9509715d4ce9fd8b8de65ec,SOL,2026-07-01T22:08:10.363603+00:00,109.636397,1.882603,2,2.0,0.040000000000000036,0.5,0.54,False,False,False,0.0,0.0,0.0,0.0,0.0,0.53,0.54,0.0,0.0,-0.0,0.0,0.0,0.0,all_assets_2s
5,0x2f68e5085157ce2b5aaa31b91e618d5c8d2dce65f9509715d4ce9fd8b8de65ec,SOL,2026-07-01T22:08:36.368795+00:00,83.631205,1.935795,2,2.0,0.040000000000000036,0.71,0.75,True,False,False,33.75,0.0,0.0,33.75,0.0,0.66,0.67,0.0,-1.8562499999999977,0.0,-1.8562499999999977,33.75,-0.05499999999999993,all_assets_2s
5,0x2f68e5085157ce2b5aaa31b91e618d5c8d2dce65f9509715d4ce9fd8b8de65ec,SOL,2026-07-01T22:09:16.364433+00:00,43.635567,1.914433,2,2.0,0.039999999999999925,0.8,0.84,True,False,False,5.25,0.0,0.0,5.25,0.0,0.73,0.75,0.0,-0.3937500000000004,0.0,-0.3937500000000004,5.25,-0.07500000000000007,all_assets_2s
5,0x017e87d37f6ccec42d134265e6d538a4d2a20f4c4db0a71828799121719cbc8e,SOL,2026-07-01T22:12:36.372792+00:00,143.627208,1.917792,2,2.0,0.040000000000000036,0.62,0.66,True,False,False,16.40625,0.0,0.0,16.40625,0.0,0.61,0.62,0.0,-0.24609375000000017,0.0,-0.24609375000000017,16.40625,-0.01500000000000001,all_assets_2s
5,0x5162f05fe4efdd9d3eb2c840da4f6c249a23f265525267ac977ca2a6a9c85458,SOL,2026-07-01T22:15:02.366898+00:00,297.633102,1.985898,2,2.0,0.18,0.45,0.63,False,False,False,0.0,0.0,0.0,0.0,0.0,0.54,0.55,0.0,0.0,0.0,0.0,0.0,0.0,all_assets_2s
5,0x16ec952417f39d82675580663b49161fa387ea1ab867e3eba4ce081226d994d8,BTC,2026-07-01T22:19:20.367706+00:00,39.632294,1.992706,2,2.0,0.14,0.39,0.53,False,False,False,0.0,0.0,0.0,0.0,0.0,0.42,0.43,0.0,0.0,0.0,0.0,0.0,0.0,all_assets_2s
5,0xb04d9e5f31ea4614fdf20ce94c4c9f76f69d6f1b2b81f0b7a919740632369947,SOL,2026-07-01T22:21:18.376050+00:00,221.62395,0.83905,2,2.0,0.08000000000000007,0.6,0.68,False,True,False,0.0,4.5,0.0,0.0,4.5,0.96,0.97,0.0,0.0,-1.3274999999999997,-1.3274999999999997,4.5,-0.29499999999999993,all_assets_2s
5,0xb04d9e5f31ea4614fdf20ce94c4c9f76f69d6f1b2b81f0b7a919740632369947,SOL,2026-07-01T22:21:22.375335+00:00,217.624665,1.927335,2,2.0,0.040000000000000036,0.77,0.81,False,True,False,0.0,1.875,0.0,0.0,1.875,0.97,0.98,0.0,0.0,-0.3281249999999999,-0.3281249999999999,1.875,-0.17499999999999993,all_assets_2s
5,0x10c113f82fddb4f657504528e4f2606f60bb665623e0824f5a0b56976d763f66,BTC,2026-07-01T22:21:28.362633+00:00,211.637367,1.925633,2,2.0,0.039999999999999925,0.92,0.96,True,True,True,17.576249999999998,46.875,17.576249999999998,0.0,29.298750000000002,0.95,0.97,0.5272874999999986,0.0,-0.4394812500000003,0.08780624999999825,64.45125,0.0013623669052190337,all_assets_2s
5,0x10c113f82fddb4f657504528e4f2606f60bb665623e0824f5a0b56976d763f66,BTC,2026-07-01T22:22:04.369604+00:00,175.630396,1.974604,2,2.0,0.040000000000000036,0.88,0.92,True,False,False,46.875,0.0,0.0,46.875,0.0,0.84,0.85,0.0,-2.1093750000000013,0.0,-2.1093750000000013,46.875,-0.045000000000000026,all_assets_2s
5,0xb04d9e5f31ea4614fdf20ce94c4c9f76f69d6f1b2b81f0b7a919740632369947,SOL,2026-07-01T22:22:20.371831+00:00,159.628169,1.975831,2,2.0,0.039999999999999925,0.79,0.83,False,True,False,0.0,34.845,0.0,0.0,34.845,0.9,0.91,0.0,0.0,-2.9618250000000024,-2.9618250000000024,34.845,-0.08500000000000008,all_assets_2s
5,0x2b139d670d2706c6264dad011bc4e96df04633695a4fc75b669830f39f6693ce,BTC,2026-07-01T22:25:38.363793+00:00,261.636207,1.986793,2,2.0,0.030000000000000027,0.49,0.52,True,True,True,46.875,3.75,3.75,43.125,0.0,0.42,0.43,0.0750000000000001,-3.2343750000000004,0.0,-3.1593750000000003,50.625,-0.06240740740740741,all_assets_2s
5,0x5330f3288d309b2bb246086f6cf4d139e782acd5b44784839259604ae5e9f369,BTC,2026-07-01T22:32:16.363810+00:00,163.63619,1.81981,2,2.0,0.06,0.38,0.44,False,True,False,0.0,30.521250000000002,0.0,0.0,30.521250000000002,0.53,0.54,0.0,0.0,-3.2047312500000014,-3.2047312500000014,30.521250000000002,-0.10500000000000004,all_assets_2s
5,0x26690f30c8250f214c3c585bafacecfe21ca18c719caac4709c063c6d47267b4,SOL,2026-07-01T22:32:34.362150+00:00,145.63785,1.80915,2,2.0,0.030000000000000027,0.7,0.73,True,False,False,2.4074999999999998,0.0,0.0,2.4074999999999998,0.0,0.7,0.71,0.0,-0.0120375,0.0,-0.0120375,2.4074999999999998,-0.005,all_assets_2s
5,0x5330f3288d309b2bb246086f6cf4d139e782acd5b44784839259604ae5e9f369,BTC,2026-07-01T22:32:34.362150+00:00,145.63785,1.81315,2,2.0,0.039999999999999925,0.54,0.58,False,True,False,0.0,46.875,0.0,0.0,46.875,0.56,0.57,0.0,0.0,0.23437500000000042,0.23437500000000042,46.875,0.005000000000000009,all_assets_2s
5,0x8145a3bfddc61cdf01d45026aed596f0878c260884e8315caa000f5e42143a61,ETH,2026-07-01T22:32:34.362150+00:00,145.63785,1.80915,2,2.0,0.039999999999999925,0.55,0.59,True,False,False,4.875,0.0,0.0,4.875,0.0,0.56,0.57,0.0,0.024375000000000042,0.0,0.024375000000000042,4.875,0.005000000000000009,all_assets_2s
5,0x5330f3288d309b2bb246086f6cf4d139e782acd5b44784839259604ae5e9f369,BTC,2026-07-01T22:32:52.375172+00:00,127.624828,1.812172,2,2.0,0.040000000000000036,0.57,0.61,True,False,False,46.875,0.0,0.0,46.875,0.0,0.5,0.51,0.0,-3.515624999999998,0.0,-3.515624999999998,46.875,-0.07499999999999996,all_assets_2s
5,0x5330f3288d309b2bb246086f6cf4d139e782acd5b44784839259604ae5e9f369,BTC,2026-07-01T22:33:34.363032+00:00,85.636968,1.808032,2,2.0,0.040000000000000036,0.24,0.28,True,False,False,46.875,0.0,0.0,46.875,0.0,0.21,0.22,0.0,-1.6406249999999998,0.0,-1.6406249999999998,46.875,-0.034999999999999996,all_assets_2s
5,0x5330f3288d309b2bb246086f6cf4d139e782acd5b44784839259604ae5e9f369,BTC,2026-07-01T22:34:06.364736+00:00,53.635264,1.994736,2,2.0,0.05999999999999994,0.53,0.59,True,False,False,3.375,0.0,0.0,3.375,0.0,0.3,0.34,0.0,-0.7931250000000002,0.0,-0.7931250000000002,3.375,-0.23500000000000007,all_assets_2s
5,0x5330f3288d309b2bb246086f6cf4d139e782acd5b44784839259604ae5e9f369,BTC,2026-07-01T22:34:12.370398+00:00,47.629602,1.937398,2,2.0,0.040000000000000036,0.3,0.34,False,True,False,0.0,46.875,0.0,0.0,46.875,0.46,0.47,0.0,0.0,-6.328124999999998,-6.328124999999998,46.875,-0.13499999999999995,all_assets_2s
5,0x06bf7937a18769d86039ea4ed35e5e8edd2a5c73d2ee04faffe90363450f8e3c,SOL,2026-07-01T22:36:24.369518+00:00,215.630482,1.991518,2,2.0,0.030000000000000027,0.52,0.55,True,False,False,46.545,0.0,0.0,46.545,0.0,0.48,0.49,0.0,-2.0945250000000017,0.0,-2.0945250000000017,46.545,-0.04500000000000003,all_assets_2s
5,0xe3072e523d36860dd178a5f6847dc9be0321afd3a248065656c43a8deb2ae75b,BTC,2026-07-01T22:36:46.367268+00:00,193.632732,1.890268,2,2.0,0.04999999999999999,0.44,0.49,False,False,False,0.0,0.0,0.0,0.0,0.0,0.45,0.46,0.0,0.0,0.0,0.0,0.0,0.0,all_assets_2s
5,0x06bf7937a18769d86039ea4ed35e5e8edd2a5c73d2ee04faffe90363450f8e3c,SOL,2026-07-01T22:38:04.369579+00:00,115.630421,1.965579,2,2.0,0.030000000000000013,0.11,0.14,True,False,False,3.75,0.0,0.0,3.75,0.0,0.1,0.11,0.0,-0.05624999999999999,0.0,-0.05624999999999999,3.75,-0.014999999999999996,all_assets_2s
5,0xe3072e523d36860dd178a5f6847dc9be0321afd3a248065656c43a8deb2ae75b,BTC,2026-07-01T22:38:04.369579+00:00,115.630421,1.931579,2,2.0,0.07000000000000006,0.58,0.65,True,False,False,31.93875,0.0,0.0,31.93875,0.0,0.52,0.53,0.0,-2.076018749999998,0.0,-2.076018749999998,31.93875,-0.06499999999999995,all_assets_2s
5,0x5fa18bc38c0901d676294b1c12ab6f628f925d47e0579a702d58f4ce1753f92c,SOL,2026-07-01T22:40:02.360947+00:00,297.639053,1.993947,2,2.0,0.09999999999999998,0.49,0.59,False,False,False,0.0,0.0,0.0,0.0,0.0,0.57,0.58,0.0,0.0,0.0,0.0,0.0,0.0,all_assets_2s
5,0x5fa18bc38c0901d676294b1c12ab6f628f925d47e0579a702d58f4ce1753f92c,SOL,2026-07-01T22:40:38.361142+00:00,261.638858,1.999142,2,2.0,0.030000000000000027,0.52,0.55,True,False,False,13.845,0.0,0.0,13.845,0.0,0.45,0.46,0.0,-1.0383750000000003,0.0,-1.0383750000000003,13.845,-0.07500000000000001,all_assets_2s
5,0x52245415f9de36a925d4cf8a8b859a50fa3391e33f70f19fe954a2ab2112349a,BTC,2026-07-01T22:40:40.370075+00:00,259.629925,1.926075,2,2.0,0.04999999999999999,0.32,0.37,True,False,False,36.75,0.0,0.0,36.75,0.0,0.34,0.35,0.0,0.5512500000000006,0.0,0.5512500000000006,36.75,0.015000000000000015,all_assets_2s
5,0x5fa18bc38c0901d676294b1c12ab6f628f925d47e0579a702d58f4ce1753f92c,SOL,2026-07-01T22:41:10.369413+00:00,229.630587,1.885413,2,2.0,0.030000000000000027,0.63,0.66,False,True,False,0.0,10.92,0.0,0.0,10.92,0.67,0.68,0.0,0.0,-0.2730000000000002,-0.2730000000000002,10.92,-0.02500000000000002,all_assets_2s
5,0x5fa18bc38c0901d676294b1c12ab6f628f925d47e0579a702d58f4ce1753f92c,SOL,2026-07-01T22:41:48.370397+00:00,191.629603,1.946397,2,2.0,0.040000000000000036,0.85,0.89,False,False,False,0.0,0.0,0.0,0.0,0.0,0.85,0.86,0.0,-0.0,0.0,0.0,0.0,0.0,all_assets_2s
5,0x52245415f9de36a925d4cf8a8b859a50fa3391e33f70f19fe954a2ab2112349a,BTC,2026-07-01T22:43:52.362308+00:00,67.637692,1.923308,2,2.0,0.14,0.53,0.67,True,False,False,9.75,0.0,0.0,9.75,0.0,0.52,0.53,0.0,-0.1462500000000001,0.0,-0.1462500000000001,9.75,-0.01500000000000001,all_assets_2s
5,0x5fa18bc38c0901d676294b1c12ab6f628f925d47e0579a702d58f4ce1753f92c,SOL,2026-07-01T22:44:14.361565+00:00,45.638435,1.996565,2,2.0,0.030000000000000027,0.53,0.56,True,False,False,6.0,0.0,0.0,6.0,0.0,0.45,0.46,0.0,-0.5100000000000001,0.0,-0.5100000000000001,6.0,-0.08500000000000002,all_assets_2s
5,0x22736fe4dce6cd4b31924cb86abf13251094c68718dae2a44039cad34045e44a,BTC,2026-07-01T22:45:10.363063+00:00,289.636937,1.896063,2,2.0,0.040000000000000036,0.48,0.52,True,False,False,26.38875,0.0,0.0,26.38875,0.0,0.49,0.5,0.0,0.13194375000000025,0.0,0.13194375000000025,26.38875,0.005000000000000009,all_assets_2s
5,0x22736fe4dce6cd4b31924cb86abf13251094c68718dae2a44039cad34045e44a,BTC,2026-07-01T22:46:46.361761+00:00,193.638239,1.898761,2,2.0,0.09000000000000002,0.19,0.28,False,False,False,0.0,0.0,0.0,0.0,0.0,0.26,0.27,0.0,0.0,0.0,0.0,0.0,0.0,all_assets_2s
5,0x22736fe4dce6cd4b31924cb86abf13251094c68718dae2a44039cad34045e44a,BTC,2026-07-01T22:48:40.364288+00:00,79.635712,1.966288,2,2.0,0.030000000000000027,0.59,0.62,False,True,False,0.0,7.5,0.0,0.0,7.5,0.61,0.62,0.0,0.0,-0.0375,-0.0375,7.5,-0.005,all_assets_2s
5,0x15ab2d7e2d42a09632dcc4ee5939e898162938ea2ef3819ba064626cadbd3c19,SOL,2026-07-01T22:48:58.361478+00:00,61.638522,1.935478,2,2.0,0.04000000000000001,0.13,0.17,True,False,False,10.16625,0.0,0.0,10.16625,0.0,0.12,0.13,0.0,-0.1524937500000001,0.0,-0.1524937500000001,10.16625,-0.01500000000000001,all_assets_2s
5,0x58b9f09be68fe1124bb5e0856eda2f2e1f21c65a220053375a3f323519cbce6e,BTC,2026-07-01T22:50:42.364496+00:00,257.635504,1.994496,2,2.0,0.040000000000000036,0.24,0.28,False,True,False,0.0,12.75,0.0,0.0,12.75,0.43,0.44,0.0,0.0,-2.10375,-2.10375,12.75,-0.16499999999999998,all_assets_2s
5,0x5f54e9c6bb825b42eaa947650609662e0daac22136ca86081acb6d26fa1103bb,ETH,2026-07-01T22:53:10.370408+00:00,109.629592,1.915408,2,2.0,0.04000000000000001,0.16,0.2,True,True,True,46.875,1.875,1.875,45.0,0.0,0.16,0.17,0.05625000000000001,-0.225,0.0,-0.16875,48.75,-0.0034615384615384616,all_assets_2s
5,0xd81bfffedc579dd0ad39ad0c57385a45c3b884f140bd8688cf40d05c81e27196,BTC,2026-07-01T22:57:14.371950+00:00,165.62805,1.99195,2,2.0,0.050000000000000044,0.49,0.54,True,False,False,11.25,0.0,0.0,11.25,0.0,0.48,0.49,0.0,-0.16875000000000012,0.0,-0.16875000000000012,11.25,-0.015000000000000012,all_assets_2s
5,0xd81bfffedc579dd0ad39ad0c57385a45c3b884f140bd8688cf40d05c81e27196,BTC,2026-07-01T22:57:40.365435+00:00,139.634565,1.895435,2,2.0,0.030000000000000027,0.53,0.56,True,True,True,11.25,2.09625,2.09625,9.15375,0.0,0.59,0.6,0.04192500000000005,0.5034562499999995,-0.0,0.5453812499999996,13.34625,0.04086400674346724,all_assets_2s
5,0xd81bfffedc579dd0ad39ad0c57385a45c3b884f140bd8688cf40d05c81e27196,BTC,2026-07-01T22:58:14.363856+00:00,105.636144,1.999856,2,2.0,0.030000000000000027,0.64,0.67,False,True,False,0.0,21.048750000000002,0.0,0.0,21.048750000000002,0.69,0.71,0.0,0.0,-0.9471937499999984,-0.9471937499999984,21.048750000000002,-0.04499999999999992,all_assets_2s
5,0x18575f68c1a711c9e8d8335c52a357b0e17bb43376b322212f58547d8733eafc,ETH,2026-07-01T23:16:04.371390+00:00,235.62861,1.95839,2,2.0,0.040000000000000036,0.73,0.77,True,False,False,8.25,0.0,0.0,8.25,0.0,0.64,0.65,0.0,-0.7837499999999997,0.0,-0.7837499999999997,8.25,-0.09499999999999997,all_assets_2s
5,0x301a00a9c96a29e401409f19635c00e003d0d89f5926599f5e7abeee3b829438,SOL,2026-07-01T23:23:48.367538+00:00,71.632462,1.822538,2,2.0,0.030000000000000027,0.29,0.32,False,False,False,0.0,0.0,0.0,0.0,0.0,0.29,0.3,0.0,-0.0,0.0,0.0,0.0,0.0,all_assets_2s
5,0x7ea55c997691d4a613f8fc30b436f763ea1497b6d7fce656819b1493b05fc89e,ETH,2026-07-01T23:33:50.372684+00:00,69.627316,1.982684,2,2.0,0.03999999999999998,0.34,0.38,True,False,False,17.1,0.0,0.0,17.1,0.0,0.28,0.29,0.0,-1.1115000000000002,0.0,-1.1115000000000002,17.1,-0.065,all_assets_2s
5,0x8d22580ded9a1c9bb43a9581787566efeccc0dff2ba6843eef73d5789b5ad805,SOL,2026-07-01T23:41:10.361979+00:00,229.638021,1.964979,2,2.0,0.03999999999999998,0.46,0.5,False,True,False,0.0,9.66375,0.0,0.0,9.66375,0.54,0.55,0.0,0.0,-0.5315062500000004,-0.5315062500000004,9.66375,-0.05500000000000004,all_assets_2s
5,0xa8c5e47db8f8208d7345ef5021f0fb789ff3e8d3ad059f784547d3bbeb691b2b,ETH,2026-07-01T23:42:00.361022+00:00,179.638978,1.997022,2,2.0,0.050000000000000044,0.63,0.68,False,True,False,0.0,5.625,0.0,0.0,5.625,0.69,0.7,0.0,0.0,-0.14062499999999947,-0.14062499999999947,5.625,-0.024999999999999908,all_assets_2s
5,0x8d22580ded9a1c9bb43a9581787566efeccc0dff2ba6843eef73d5789b5ad805,SOL,2026-07-01T23:42:40.360079+00:00,139.639921,1.930079,2,2.0,0.1299999999999999,0.56,0.69,False,True,False,0.0,1.875,0.0,0.0,1.875,0.77,0.78,0.0,0.0,-0.17812500000000014,-0.17812500000000014,1.875,-0.09500000000000007,all_assets_2s
5,0xfc8b3392f0bedad689e144a35adae140e439313fba94b2a3a48a3739841a8611,BTC,2026-07-01T23:43:46.375309+00:00,73.624691,1.993309,2,2.0,0.050000000000000044,0.7,0.75,True,False,False,46.875,0.0,0.0,46.875,0.0,0.55,0.56,0.0,-7.2656249999999964,0.0,-7.2656249999999964,46.875,-0.15499999999999992,all_assets_2s
5,0x0c4038723f7fecb3440b06827d85b4819961d6079d81bcc7a9d5d4debe22c47c,ETH,2026-07-01T23:46:16.360771+00:00,223.639229,1.928771,2,2.0,0.05000000000000002,0.21,0.26,True,False,False,8.8125,0.0,0.0,8.8125,0.0,0.18,0.19,0.0,-0.3084375,0.0,-0.3084375,8.8125,-0.034999999999999996,all_assets_2s
5,0xd88ec5d3c8d59c27d4cc179c88f50865e5e0b82a6e0e78c38cd5074fdd195fdc,BTC,2026-07-01T23:51:22.363478+00:00,217.636522,1.998478,2,2.0,0.050000000000000044,0.41,0.46,True,False,False,18.71625,0.0,0.0,18.71625,0.0,0.4,0.41,0.0,-0.2807437499999991,0.0,-0.2807437499999991,18.71625,-0.014999999999999954,all_assets_2s
5,0xd88ec5d3c8d59c27d4cc179c88f50865e5e0b82a6e0e78c38cd5074fdd195fdc,BTC,2026-07-01T23:51:40.360223+00:00,199.639777,1.966223,2,2.0,0.06000000000000005,0.5,0.56,True,False,False,25.068749999999998,0.0,0.0,25.068749999999998,0.0,0.32,0.33,0.0,-4.6377187499999994,0.0,-4.6377187499999994,25.068749999999998,-0.185,all_assets_2s
5,0x550308d3bfc319a4147f8f57d527b015c1766d823a1c907490fab98eb3db905e,SOL,2026-07-01T23:52:48.363901+00:00,131.636099,1.975901,2,2.0,0.030000000000000027,0.42,0.45,False,True,False,0.0,2.5875000000000004,0.0,0.0,2.5875000000000004,0.45,0.46,0.0,0.0,-0.03881250000000003,-0.03881250000000003,2.5875000000000004,-0.015000000000000008,all_assets_2s
5,0x06921e008eb7fd22ca1c772410408cab9020483d6bc453a69d002a21f59d213f,ETH,2026-07-01T23:53:10.360683+00:00,109.639317,1.984683,2,2.0,0.039999999999999925,0.68,0.72,False,True,False,0.0,4.875,0.0,0.0,4.875,0.75,0.76,0.0,0.0,-0.21937500000000015,-0.21937500000000015,4.875,-0.04500000000000003,all_assets_2s
5,0xd88ec5d3c8d59c27d4cc179c88f50865e5e0b82a6e0e78c38cd5074fdd195fdc,BTC,2026-07-01T23:53:22.366876+00:00,97.633124,1.936876,2,2.0,0.040000000000000036,0.42,0.46,True,False,False,6.592499999999999,0.0,0.0,6.592499999999999,0.0,0.44,0.45,0.0,0.0988875000000001,0.0,0.0988875000000001,6.592499999999999,0.015000000000000017,all_assets_2s
5,0x550308d3bfc319a4147f8f57d527b015c1766d823a1c907490fab98eb3db905e,SOL,2026-07-01T23:54:04.367918+00:00,55.632082,1.858918,2,2.0,0.030000000000000027,0.71,0.74,False,True,False,0.0,6.074999999999999,0.0,0.0,6.074999999999999,0.76,0.79,0.0,0.0,-0.3341250000000002,-0.3341250000000002,6.074999999999999,-0.05500000000000004,all_assets_2s
5,0x550308d3bfc319a4147f8f57d527b015c1766d823a1c907490fab98eb3db905e,SOL,2026-07-01T23:54:16.361816+00:00,43.638184,1.983816,2,2.0,0.030000000000000027,0.77,0.8,False,True,False,0.0,1.8937499999999998,0.0,0.0,1.8937499999999998,0.8,0.81,0.0,0.0,-0.028406250000000015,-0.028406250000000015,1.8937499999999998,-0.01500000000000001,all_assets_2s
5,0x7443e373ed5a58a5ae3c9d6a2484b35fa5c40ecd650573bae1c507b2a00dfdb2,SOL,2026-07-02T00:00:58.362673+00:00,241.637327,1.974673,2,2.0,0.03999999999999998,0.2,0.24,True,False,False,3.0,0.0,0.0,3.0,0.0,0.2,0.22,0.0,-0.015,0.0,-0.015,3.0,-0.005,all_assets_2s
5,0x7443e373ed5a58a5ae3c9d6a2484b35fa5c40ecd650573bae1c507b2a00dfdb2,SOL,2026-07-02T00:02:52.365809+00:00,127.634191,1.980809,2,2.0,0.030000000000000006,0.04,0.07,False,False,False,0.0,0.0,0.0,0.0,0.0,0.06,0.07,0.0,0.0,-0.0,0.0,0.0,0.0,all_assets_2s
5,0x7443e373ed5a58a5ae3c9d6a2484b35fa5c40ecd650573bae1c507b2a00dfdb2,SOL,2026-07-02T00:03:40.373542+00:00,79.626458,1.993542,2,2.0,0.030000000000000006,0.04,0.07,False,True,False,0.0,4.84875,0.0,0.0,4.84875,0.1,0.11,0.0,0.0,-0.21819374999999996,-0.21819374999999996,4.84875,-0.04499999999999999,all_assets_2s
5,0xeddf45555c913fd350e7cf2de8cc2e453f7937affb695b0837b68b3f138b0889,SOL,2026-07-02T00:05:10.366046+00:00,289.633954,1.995046,2,2.0,0.050000000000000044,0.58,0.63,False,True,False,0.0,1.875,0.0,0.0,1.875,0.71,0.72,0.0,0.0,-0.17812499999999995,-0.17812499999999995,1.875,-0.09499999999999997,all_assets_2s
5,0x497426deeacceee0f1a8e6366a0c2f647cffdb8708a1e0fd0a8efec9236abbe9,ETH,2026-07-02T00:10:28.364198+00:00,271.635802,1.992198,2,2.0,0.030000000000000027,0.52,0.55,True,False,False,9.97125,0.0,0.0,9.97125,0.0,0.45,0.46,0.0,-0.74784375,0.0,-0.74784375,9.97125,-0.07500000000000001,all_assets_2s
5,0x0a96a6309db2806d5816262a9be5158cf060ed545d8aa3fbc7f5d498baea0533,BTC,2026-07-02T00:16:22.365631+00:00,217.634369,1.998631,2,2.0,0.03999999999999998,0.44,0.48,False,False,False,0.0,0.0,0.0,0.0,0.0,0.47,0.48,0.0,0.0,-0.0,0.0,0.0,0.0,all_assets_2s
5,0x0a96a6309db2806d5816262a9be5158cf060ed545d8aa3fbc7f5d498baea0533,BTC,2026-07-02T00:17:22.360857+00:00,157.639143,1.981857,2,2.0,0.04999999999999999,0.24,0.29,True,False,False,3.1237500000000002,0.0,0.0,3.1237500000000002,0.0,0.25,0.26,0.0,0.015618750000000028,0.0,0.015618750000000028,3.1237500000000002,0.005000000000000009,all_assets_2s
5,0x8b5af4173a04225b7aee8413b0d4757c318f4614bbb8d97863f426a71f0fb839,BTC,2026-07-02T00:25:40.362601+00:00,259.637399,1.952601,2,2.0,0.08000000000000002,0.43,0.51,True,False,False,46.875,0.0,0.0,46.875,0.0,0.42,0.43,0.0,-0.7031250000000004,0.0,-0.7031250000000004,46.875,-0.01500000000000001,all_assets_2s
5,0xf5a212cf668b503264b793dbaf6142657854eb5cbfd864a184dc0a5821895673,ETH,2026-07-02T00:37:08.362917+00:00,171.637083,1.635917,2,2.0,0.030000000000000027,0.84,0.87,False,True,False,0.0,12.9375,0.0,0.0,12.9375,0.93,0.94,0.0,0.0,-0.9703124999999995,-0.9703124999999995,12.9375,-0.07499999999999996,all_assets_2s
5,0x0b7afa9b0852f4da0eb237bf817bcb7f8aef5e68dd95d52baba20abc06c16376,SOL,2026-07-02T00:37:38.369529+00:00,141.630471,1.981529,2,2.0,0.050000000000000044,0.58,0.63,True,False,False,10.350000000000001,0.0,0.0,10.350000000000001,0.0,0.61,0.62,0.0,0.2587500000000003,0.0,0.2587500000000003,10.350000000000001,0.025000000000000026,all_assets_2s
5,0xe4741fc1a704dbffe64189577815a82a925efd978f4b352c83e96d2533c9cfb8,BTC,2026-07-02T00:39:10.367048+00:00,49.632952,1.972048,2,2.0,0.06,0.3,0.36,True,False,False,2.40375,0.0,0.0,2.40375,0.0,0.15,0.16,0.0,-0.37258125000000003,0.0,-0.37258125000000003,2.40375,-0.155,all_assets_2s
5,0x42914c6bb1e2e530a0632a2cf66f2cd356443d6a9bb35294fc99bf559e6803c0,SOL,2026-07-02T00:41:58.364487+00:00,181.635513,1.869487,2,2.0,0.030000000000000027,0.64,0.67,True,False,False,6.0,0.0,0.0,6.0,0.0,0.63,0.64,0.0,-0.09000000000000005,0.0,-0.09000000000000005,6.0,-0.015000000000000008,all_assets_2s
5,0x779a3c0e591ca9189edaa19b0c10ef05933d7da913be2fa30743a4df01d817d5,BTC,2026-07-02T00:42:16.375825+00:00,163.624175,1.998825,2,2.0,0.04999999999999999,0.37,0.42,False,True,False,0.0,46.875,0.0,0.0,46.875,0.5,0.51,0.0,0.0,-4.453125000000002,-4.453125000000002,46.875,-0.09500000000000004,all_assets_2s
5,0x42914c6bb1e2e530a0632a2cf66f2cd356443d6a9bb35294fc99bf559e6803c0,SOL,2026-07-02T00:43:34.373354+00:00,85.626646,1.987354,2,2.0,0.04999999999999999,0.19,0.24,False,True,False,0.0,4.875,0.0,0.0,4.875,0.45,0.46,0.0,0.0,-1.0968750000000003,-1.0968750000000003,4.875,-0.22500000000000006,all_assets_2s
5,0xcdc718a394d3473915d0c1dda22e25c0bd527eb715b59ac1bfeebc5b324016fd,BTC,2026-07-02T01:01:04.365697+00:00,235.634303,1.967697,2,2.0,0.040000000000000036,0.49,0.53,False,True,False,0.0,18.768749999999997,0.0,0.0,18.768749999999997,0.51,0.52,0.0,0.0,0.09384375000000016,0.09384375000000016,18.768749999999997,0.005000000000000009,all_assets_2s
5,0xcdc718a394d3473915d0c1dda22e25c0bd527eb715b59ac1bfeebc5b324016fd,BTC,2026-07-02T01:04:16.360603+00:00,43.639397,1.978603,2,2.0,0.030000000000000027,0.89,0.92,True,True,True,42.52125,20.2575,20.2575,22.26375,0.0,0.85,0.86,0.4051500000000005,-1.0018687500000008,0.0,-0.5967187500000002,62.77875,-0.009505107221790815,all_assets_2s
5,0xef796963f52e4091ba04d330e44d0095d2394673cc4af0fd0a5fc393cbb133a7,BTC,2026-07-02T01:18:42.372615+00:00,77.627385,1.868615,2,2.0,0.050000000000000044,0.29,0.34,False,True,False,0.0,46.875,0.0,0.0,46.875,0.49,0.5,0.0,0.0,-7.734374999999999,-7.734374999999999,46.875,-0.16499999999999998,all_assets_2s
5,0xdec242bca8a3ee0ef79a721e94ead8e0fdad3b8cc816e2178ffa5c8e5c19a94e,SOL,2026-07-02T01:23:58.362180+00:00,61.63782,1.82518,2,2.0,0.030000000000000027,0.58,0.61,True,False,False,45.135,0.0,0.0,45.135,0.0,0.56,0.6,0.0,-1.1283749999999957,0.0,-1.1283749999999957,45.135,-0.024999999999999904,all_assets_2s
5,0x983e0264ab97aa4514966051d9e29b802de59fa829e3849ad4946a1a580cd11c,SOL,2026-07-02T01:26:16.365844+00:00,223.634156,1.979844,2,2.0,0.039999999999999925,0.78,0.82,False,True,False,0.0,1.875,0.0,0.0,1.875,0.84,0.85,0.0,0.0,-0.06562500000000004,-0.06562500000000004,1.875,-0.035000000000000024,all_assets_2s
5,0x16d4ddd24beefbfa10b8270becafeb65d29d4091499bf24a4a362cbd66c9bf8b,BTC,2026-07-02T01:40:28.369068+00:00,271.630932,1.964068,2,2.0,0.039999999999999925,0.66,0.7,False,True,False,0.0,5.38875,0.0,0.0,5.38875,0.78,0.84,0.0,0.0,-0.7813687500000001,-0.7813687500000001,5.38875,-0.14500000000000002,all_assets_2s
5,0xaff024a7de1f32094d8355e7c0b9cdf14afde6663af11dac1f6a3ed674459103,SOL,2026-07-02T02:00:02.360622+00:00,297.639378,1.947622,2,2.0,0.10999999999999999,0.5,0.61,True,False,False,7.425000000000001,0.0,0.0,7.425000000000001,0.0,0.37,0.39,0.0,-1.0023750000000002,0.0,-1.0023750000000002,7.425000000000001,-0.135,all_assets_2s
5,0x72f7e09a9802044cdcdf90c7fdb23a244b2314dbc5c458d913f0528288f0e5b0,BTC,2026-07-02T02:04:16.362671+00:00,43.637329,1.987671,2,2.0,0.04999999999999999,0.37,0.42,True,False,False,46.875,0.0,0.0,46.875,0.0,0.31,0.32,0.0,-3.046875,0.0,-3.046875,46.875,-0.065,all_assets_2s
5,0x588452a01bc0dc9c74492e7cb2de03e19916cccbde3f63a07da20a4f9e2ce6b8,BTC,2026-07-02T02:16:34.364894+00:00,205.635106,1.974894,2,2.0,0.050000000000000044,0.59,0.64,False,True,False,0.0,39.480000000000004,0.0,0.0,39.480000000000004,0.71,0.72,0.0,0.0,-3.355799999999999,-3.355799999999999,39.480000000000004,-0.08499999999999996,all_assets_2s
5,0xf0d9104930e71c00c527df01b0b5f73b9bcd6ffee51248bbfc9deee1b77e5b2d,SOL,2026-07-02T02:22:06.371241+00:00,173.628759,1.934241,2,2.0,0.030000000000000027,0.71,0.74,True,False,False,4.199999999999999,0.0,0.0,4.199999999999999,0.0,0.63,0.64,0.0,-0.3569999999999998,0.0,-0.3569999999999998,4.199999999999999,-0.08499999999999996,all_assets_2s
5,0x76b13b3c71447a69f1b18cf9490af78510aea595fe35d4047c2847755158b258,SOL,2026-07-02T02:51:12.362595+00:00,227.637405,1.502595,2,2.0,0.030000000000000027,0.29,0.32,True,True,True,8.595,36.525000000000006,8.595,0.0,27.930000000000007,0.35,0.36,0.17190000000000022,0.0,-1.2568499999999996,-1.0849499999999994,45.120000000000005,-0.024045877659574454,all_assets_2s
5,0xcde95bc4fa1b5a953bf65e4db1087f593529b0dbe4cc8c117f994627a62a3f20,SOL,2026-07-02T02:56:22.372155+00:00,217.627845,1.999155,2,2.0,0.030000000000000027,0.72,0.75,True,False,False,7.5,0.0,0.0,7.5,0.0,0.71,0.72,0.0,-0.11250000000000007,0.0,-0.11250000000000007,7.5,-0.01500000000000001,all_assets_2s
5,0xd69c5b7ce1b66fe7745e070b544d04de2517e4b2093ff8309c5573bb8b38ce57,SOL,2026-07-02T03:38:22.362953+00:00,97.637047,1.976953,2,2.0,0.04999999999999999,0.25,0.3,True,False,False,1.935,0.0,0.0,1.935,0.0,0.23,0.26,0.0,-0.04837499999999998,0.0,-0.04837499999999998,1.935,-0.024999999999999988,all_assets_2s
5,0xf0e9dccff018e5c4278fe0a0944bbe81681e11b39a2a1728429bdaa7c0edf7f8,SOL,2026-07-02T04:17:48.372098+00:00,131.627902,1.231098,2,2.0,0.05000000000000002,0.21,0.26,True,False,False,31.875,0.0,0.0,31.875,0.0,0.2,0.21,0.0,-0.4781249999999994,0.0,-0.4781249999999994,31.875,-0.014999999999999982,all_assets_2s
5,0xf0e9dccff018e5c4278fe0a0944bbe81681e11b39a2a1728429bdaa7c0edf7f8,SOL,2026-07-02T04:18:26.365604+00:00,93.634396,1.923604,2,2.0,0.030000000000000013,0.11,0.14,False,True,False,0.0,7.5,0.0,0.0,7.5,0.15,0.16,0.0,0.0,-0.18749999999999994,-0.18749999999999994,7.5,-0.02499999999999999,all_assets_2s
5,0xe537032fbc44977af44507c2ccedef2542cb83972838d6d9037a124ab728d63e,ETH,2026-07-02T07:40:30.364428+00:00,269.635572,1.161428,2,2.0,0.030000000000000027,0.48,0.51,False,True,False,0.0,46.875,0.0,0.0,46.875,0.51,0.52,0.0,0.0,-0.7031250000000004,-0.7031250000000004,46.875,-0.01500000000000001,all_assets_2s
5,0x5f3247a638ffbca8686a579f296a64dcb98bf846f9e581643889ac6bcf0b20dd,ETH,2026-07-02T11:23:22.362512+00:00,97.637488,1.144512,2,2.0,0.030000000000000027,0.51,0.54,False,True,False,0.0,27.0,0.0,0.0,27.0,0.59,0.6,0.0,0.0,-1.7549999999999986,-1.7549999999999986,27.0,-0.06499999999999995,all_assets_2s
5,0x59d714d229297822fb05ffbb7386e21d896aefa24f0064d4c141bf982108e158,ETH,2026-07-02T11:42:50.365683+00:00,129.634317,1.501683,2,2.0,0.039999999999999925,0.55,0.59,False,False,False,0.0,0.0,0.0,0.0,0.0,0.57,0.58,0.0,0.0,0.0,0.0,0.0,0.0,all_assets_2s
5,0x388d323376fdc87db1062a7cee56cd9ee26cb1a4a5ea7d342a550d48686794c4,ETH,2026-07-02T12:05:02.370201+00:00,297.629799,1.983201,2,2.0,0.06000000000000005,0.49,0.55,False,True,False,0.0,7.5,0.0,0.0,7.5,0.61,0.65,0.0,0.0,-0.7874999999999999,-0.7874999999999999,7.5,-0.10499999999999998,all_assets_2s
5,0xfdd4d7f9eadc398c0df23a59aadb9ee61a56855c54b6ac9520602a5973e42087,SOL,2026-07-02T12:32:08.372675+00:00,171.627325,1.901675,2,2.0,0.04,0.04,0.08,False,False,False,0.0,0.0,0.0,0.0,0.0,0.05,0.07,0.0,0.0,0.0,0.0,0.0,0.0,all_assets_2s
5,0xdaf0997753717b57a5481080f38ba33d4f2addc0a0d6b40dde8141282570bd68,ETH,2026-07-02T13:07:06.369890+00:00,173.63011,1.83289,2,2.0,0.030000000000000027,0.87,0.9,False,False,False,0.0,0.0,0.0,0.0,0.0,0.88,0.89,0.0,0.0,0.0,0.0,0.0,0.0,all_assets_2s
5,0xa5b6bad869be795d3251c6c3746c657170887453c6b7a0465faa101998f6e730,SOL,2026-07-02T13:32:24.371066+00:00,155.628934,1.676066,2,2.0,0.030000000000000027,0.95,0.98,True,False,False,3.75,0.0,0.0,3.75,0.0,0.91,0.92,0.0,-0.1687499999999997,0.0,-0.1687499999999997,3.75,-0.04499999999999992,all_assets_2s
5,0xba6acf8da6d345173ee24e2b41e7d98ae87fb2f39f6c0d1839c33229ec4b802b,SOL,2026-07-02T14:00:28.373418+00:00,271.626582,1.695418,2,2.0,0.030000000000000027,0.24,0.27,False,False,False,0.0,0.0,0.0,0.0,0.0,0.26,0.27,0.0,0.0,-0.0,0.0,0.0,0.0,all_assets_2s
5,0x05e80631298dc199e726e7de0889d93f56e9fd8ae85954d81cd331481e9094d2,BTC,2026-07-02T14:16:28.367019+00:00,211.632981,1.773019,2,2.0,0.040000000000000036,0.7,0.74,True,False,False,34.488749999999996,0.0,0.0,34.488749999999996,0.0,0.51,0.53,0.0,-6.725306249999997,0.0,-6.725306249999997,34.488749999999996,-0.19499999999999995,all_assets_2s
5,0x2fe107fbed98dce676cec877143f56698e156c7eee8c7c59e7b602983692e9d1,SOL,2026-07-02T14:46:12.364025+00:00,227.635975,1.484025,2,2.0,0.030000000000000027,0.74,0.77,True,False,False,6.0,0.0,0.0,6.0,0.0,0.71,0.72,0.0,-0.21000000000000013,0.0,-0.21000000000000013,6.0,-0.035000000000000024,all_assets_2s
5,0x7c406b25f4da88f9bb71595492d2cb6ab44f1613c5d1ff0320db19ae6ab728b1,BTC,2026-07-02T15:11:40.366780+00:00,199.63322,1.48978,2,2.0,0.030000000000000027,0.43,0.46,False,True,False,0.0,46.875,0.0,0.0,46.875,0.59,0.6,0.0,0.0,-6.796874999999998,-6.796874999999998,46.875,-0.14499999999999996,all_assets_2s
5,0xec3d81b7d8584b8f748c46ec6051575aea1b7f0b804846c1c856314c71820487,BTC,2026-07-02T15:17:18.367930+00:00,161.63207,1.58393,2,2.0,0.040000000000000036,0.29,0.33,True,False,False,27.8925,0.0,0.0,27.8925,0.0,0.27,0.28,0.0,-0.6973124999999989,0.0,-0.6973124999999989,27.8925,-0.024999999999999963,all_assets_2s
5,0x3cc1dd8fd8849ee51302603db6f3a5c78eb51c97d44b5300b7184338bb13dee0,SOL,2026-07-02T16:13:50.364974+00:00,69.635026,1.300974,2,2.0,0.030000000000000027,0.96,0.99,False,False,False,0.0,0.0,0.0,0.0,0.0,0.96,0.99,0.0,-0.0,-0.0,0.0,0.0,0.0,all_assets_2s
1,0x361e02b17b8c1de1305067c5fe90180c26464cc4107f64938641a1916efa3803,ETH,2026-06-23T12:08:59.899930+00:00,60.10007,1.95593,5,2.0,0.030000000000000027,0.52,0.55,False,True,False,0.0,10.125,0.0,0.0,10.125,0.67,0.68,0.0,0.0,-1.366875,-1.366875,10.125,-0.135,all_assets_5s
1,0x10b94fc16e760e9861168bfa5c164715dc694173a5fdfb9586e93161a4972310,SOL,2026-06-23T12:15:57.897492+00:00,242.102508,1.959492,5,2.0,0.03999999999999998,0.31,0.35,False,True,False,0.0,6.75,0.0,0.0,6.75,0.49,0.5,0.0,0.0,-1.0462500000000001,-1.0462500000000001,6.75,-0.15500000000000003,all_assets_5s
1,0x10b94fc16e760e9861168bfa5c164715dc694173a5fdfb9586e93161a4972310,SOL,2026-06-23T12:16:01.894099+00:00,238.105901,1.871099,5,2.0,0.06000000000000005,0.5,0.56,True,False,False,6.300000000000001,0.0,0.0,6.300000000000001,0.0,0.28,0.29,0.0,-1.4175,0.0,-1.4175,6.300000000000001,-0.22499999999999998,all_assets_5s
1,0x10b94fc16e760e9861168bfa5c164715dc694173a5fdfb9586e93161a4972310,SOL,2026-06-23T12:16:13.898557+00:00,226.101443,1.882557,5,2.0,0.06,0.29,0.35,True,True,True,46.875,1.875,1.875,45.0,0.0,0.27,0.28,0.09374999999999999,-1.1249999999999984,0.0,-1.0312499999999984,48.75,-0.02115384615384612,all_assets_5s
1,0x5e2774ee02ae824e6540e1ed8b8763072ddef48e61e870f0633386de66d15fb4,BTC,2026-06-23T12:16:35.894027+00:00,204.105973,1.950027,5,2.0,0.06,0.36,0.42,False,False,False,0.0,0.0,0.0,0.0,0.0,0.36,0.37,0.0,-0.0,0.0,0.0,0.0,0.0,all_assets_5s
1,0x5e2774ee02ae824e6540e1ed8b8763072ddef48e61e870f0633386de66d15fb4,BTC,2026-06-23T12:18:17.905722+00:00,102.094278,1.984722,5,2.0,0.12,0.38,0.5,True,False,False,46.875,0.0,0.0,46.875,0.0,0.3,0.36,0.0,-3.984375000000001,0.0,-3.984375000000001,46.875,-0.08500000000000002,all_assets_5s
1,0x5e2774ee02ae824e6540e1ed8b8763072ddef48e61e870f0633386de66d15fb4,BTC,2026-06-23T12:18:25.898736+00:00,94.101264,1.999736,5,2.0,0.06,0.3,0.36,True,False,False,22.9575,0.0,0.0,22.9575,0.0,0.23,0.24,0.0,-1.7218124999999995,0.0,-1.7218124999999995,22.9575,-0.07499999999999998,all_assets_5s
1,0x99510e817d4c96ff676c7c7ba8a244dbf522bf7e5724c76b35c045058a8526b9,SOL,2026-06-23T12:20:03.893105+00:00,296.106895,1.993105,5,2.0,0.07999999999999996,0.33,0.41,False,False,False,0.0,0.0,0.0,0.0,0.0,0.33,0.34,0.0,-0.0,0.0,0.0,0.0,0.0,all_assets_5s
1,0x99510e817d4c96ff676c7c7ba8a244dbf522bf7e5724c76b35c045058a8526b9,SOL,2026-06-23T12:21:09.906928+00:00,230.093072,1.952928,5,2.0,0.04000000000000001,0.22,0.26,True,False,False,43.275000000000006,0.0,0.0,43.275000000000006,0.0,0.17,0.18,0.0,-2.3801249999999996,0.0,-2.3801249999999996,43.275000000000006,-0.054999999999999986,all_assets_5s
1,0x99510e817d4c96ff676c7c7ba8a244dbf522bf7e5724c76b35c045058a8526b9,SOL,2026-06-23T12:22:01.898744+00:00,178.101256,1.632744,5,2.0,0.03999999999999998,0.17,0.21,True,False,False,6.89625,0.0,0.0,6.89625,0.0,0.13,0.14,0.0,-0.31033125000000006,0.0,-0.31033125000000006,6.89625,-0.045000000000000005,all_assets_5s
1,0x08fe30d5c954ada626d77ab55b26f340bb66ce49c2187b5fd51357aa18934651,SOL,2026-06-23T12:26:41.905352+00:00,198.094648,1.993352,5,2.0,0.09999999999999998,0.39,0.49,False,True,False,0.0,1.03875,0.0,0.0,1.03875,0.42,0.5,0.0,0.0,-0.015581250000000012,-0.015581250000000012,1.03875,-0.01500000000000001,all_assets_5s
1,0x08fe30d5c954ada626d77ab55b26f340bb66ce49c2187b5fd51357aa18934651,SOL,2026-06-23T12:27:01.902008+00:00,178.097992,1.934008,5,2.0,0.04999999999999993,0.52,0.57,True,False,False,1.875,0.0,0.0,1.875,0.0,0.5,0.51,0.0,-0.046875000000000035,0.0,-0.046875000000000035,1.875,-0.02500000000000002,all_assets_5s
1,0x08fe30d5c954ada626d77ab55b26f340bb66ce49c2187b5fd51357aa18934651,SOL,2026-06-23T12:27:13.907779+00:00,166.092221,1.947779,5,2.0,0.06,0.41,0.47,False,True,False,0.0,35.625,0.0,0.0,35.625,0.46,0.48,0.0,0.0,-0.5343750000000004,-0.5343750000000004,35.625,-0.01500000000000001,all_assets_5s
1,0x08fe30d5c954ada626d77ab55b26f340bb66ce49c2187b5fd51357aa18934651,SOL,2026-06-23T12:27:19.895069+00:00,160.104931,1.943069,5,2.0,0.03999999999999998,0.46,0.5,True,True,True,29.76375,3.75,3.75,26.01375,0.0,0.41,0.51,0.11249999999999992,-1.4307562500000013,-0.0,-1.3182562500000015,33.51375,-0.039334787960165644,all_assets_5s
1,0x08fe30d5c954ada626d77ab55b26f340bb66ce49c2187b5fd51357aa18934651,SOL,2026-06-23T12:27:43.897644+00:00,136.102356,1.429644,5,2.0,0.06999999999999995,0.4,0.47,False,False,False,0.0,0.0,0.0,0.0,0.0,0.41,0.42,0.0,0.0,0.0,0.0,0.0,0.0,all_assets_5s
1,0x08fe30d5c954ada626d77ab55b26f340bb66ce49c2187b5fd51357aa18934651,SOL,2026-06-23T12:28:11.900393+00:00,108.099607,1.990393,5,2.0,0.050000000000000044,0.61,0.66,True,False,False,1.875,0.0,0.0,1.875,0.0,0.65,0.66,0.0,0.06562500000000007,-0.0,0.06562500000000007,1.875,0.03500000000000004,all_assets_5s
1,0x08fe30d5c954ada626d77ab55b26f340bb66ce49c2187b5fd51357aa18934651,SOL,2026-06-23T12:28:25.907916+00:00,94.092084,1.304916,5,2.0,0.07000000000000006,0.72,0.79,True,True,True,33.75,4.62,4.62,29.13,0.0,0.57,0.69,0.2772000000000003,-4.51515,0.0,-4.23795,38.37,-0.11044956997654418,all_assets_5s
1,0xb250787b44f31fc05021ae28d88293c5c0dd9d36a10a81679aec6d0bbf4971d2,BTC,2026-06-23T12:28:59.892180+00:00,60.10782,1.99318,5,2.0,0.07,0.44,0.51,False,True,False,0.0,8.565,0.0,0.0,8.565,0.49,0.5,0.0,0.0,0.04282500000000007,0.04282500000000007,8.565,0.005000000000000009,all_assets_5s
1,0xc343baf5a3c07eed88ed83884d909c1d89e3a4e48a2faa1fcb8c2dd0e3160d80,SOL,2026-06-23T12:31:09.896288+00:00,230.103712,1.989288,5,2.0,0.030000000000000027,0.62,0.65,False,True,False,0.0,3.75,0.0,0.0,3.75,0.75,0.76,0.0,0.0,-0.43124999999999997,-0.43124999999999997,3.75,-0.11499999999999999,all_assets_5s
1,0x0b1577d1d5900112d6fa2f51a1489c6954c9030dc316a67f59c28f9bdc50478c,ETH,2026-06-23T12:31:21.905448+00:00,218.094552,1.956448,5,2.0,0.030000000000000027,0.63,0.66,False,True,False,0.0,30.75,0.0,0.0,30.75,0.71,0.72,0.0,0.0,-1.9987499999999985,-1.9987499999999985,30.75,-0.06499999999999995,all_assets_5s
1,0xc343baf5a3c07eed88ed83884d909c1d89e3a4e48a2faa1fcb8c2dd0e3160d80,SOL,2026-06-23T12:32:09.898704+00:00,170.101296,1.993704,5,2.0,0.06999999999999995,0.53,0.6,False,True,False,0.0,9.375,0.0,0.0,9.375,0.66,0.67,0.0,0.0,-0.7031250000000007,-0.7031250000000007,9.375,-0.07500000000000007,all_assets_5s
1,0x0b1577d1d5900112d6fa2f51a1489c6954c9030dc316a67f59c28f9bdc50478c,ETH,2026-06-23T12:32:41.897149+00:00,138.102851,1.376149,5,2.0,0.030000000000000027,0.61,0.64,True,False,False,0.026250000000000002,0.0,0.0,0.026250000000000002,0.0,0.53,0.54,0.0,-0.0022312499999999993,0.0,-0.0022312499999999993,0.026250000000000002,-0.08499999999999996,all_assets_5s
1,0x0b1577d1d5900112d6fa2f51a1489c6954c9030dc316a67f59c28f9bdc50478c,ETH,2026-06-23T12:32:51.895654+00:00,128.104346,1.525654,5,2.0,0.06,0.4,0.46,True,True,True,13.125,10.5,10.5,2.625,0.0,0.46,0.47,0.5249999999999999,0.144375,-0.0,0.6693749999999999,23.625,0.028333333333333332,all_assets_5s
1,0xc343baf5a3c07eed88ed83884d909c1d89e3a4e48a2faa1fcb8c2dd0e3160d80,SOL,2026-06-23T12:32:51.895654+00:00,128.104346,1.997654,5,2.0,0.030000000000000027,0.52,0.55,True,False,False,1.875,0.0,0.0,1.875,0.0,0.53,0.54,0.0,0.009375000000000017,0.0,0.009375000000000017,1.875,0.005000000000000009,all_assets_5s
1,0x3e3c5b4e9aad3db7ad6e9df8a4935bcf974e5a9521f4e26d591017460a526084,BTC,2026-06-23T12:32:53.902151+00:00,126.097849,1.955151,5,2.0,0.06,0.41,0.47,False,False,False,0.0,0.0,0.0,0.0,0.0,0.42,0.43,0.0,0.0,0.0,0.0,0.0,0.0,all_assets_5s
1,0xc343baf5a3c07eed88ed83884d909c1d89e3a4e48a2faa1fcb8c2dd0e3160d80,SOL,2026-06-23T12:33:41.904355+00:00,78.095645,1.992355,5,2.0,0.07,0.27,0.34,True,False,False,3.3225,0.0,0.0,3.3225,0.0,0.16,0.17,0.0,-0.3820875,0.0,-0.3820875,3.3225,-0.11500000000000002,all_assets_5s
1,0x3e3c5b4e9aad3db7ad6e9df8a4935bcf974e5a9521f4e26d591017460a526084,BTC,2026-06-23T12:34:05.892696+00:00,54.107304,1.987696,5,2.0,0.06,0.34,0.4,True,False,False,46.875,0.0,0.0,46.875,0.0,0.31,0.37,0.0,-1.640625000000001,0.0,-1.640625000000001,46.875,-0.035000000000000024,all_assets_5s
1,0x3e3c5b4e9aad3db7ad6e9df8a4935bcf974e5a9521f4e26d591017460a526084,BTC,2026-06-23T12:34:13.902796+00:00,46.097204,1.953796,5,2.0,0.06,0.31,0.37,True,True,True,18.142500000000002,4.59,4.59,13.552500000000002,0.0,0.21,0.36,0.22949999999999998,-1.4230125000000002,0.0,-1.1935125000000002,22.7325,-0.0525024744308809,all_assets_5s
1,0xc343baf5a3c07eed88ed83884d909c1d89e3a4e48a2faa1fcb8c2dd0e3160d80,SOL,2026-06-23T12:34:19.905872+00:00,40.094128,1.899872,5,2.0,0.11999999999999994,0.45,0.57,True,False,False,1.875,0.0,0.0,1.875,0.0,0.24,0.25,0.0,-0.40312500000000007,0.0,-0.40312500000000007,1.875,-0.21500000000000002,all_assets_5s
1,0x3e3c5b4e9aad3db7ad6e9df8a4935bcf974e5a9521f4e26d591017460a526084,BTC,2026-06-23T12:34:21.895119+00:00,38.104881,1.951119,5,2.0,0.15,0.21,0.36,True,False,False,7.30875,0.0,0.0,7.30875,0.0,0.19,0.2,0.0,-0.18271874999999993,0.0,-0.18271874999999993,7.30875,-0.02499999999999999,all_assets_5s
1,0xae43ffcf998c518115309c5630c17b537ec93ac78085175665df09baab0a9b5d,SOL,2026-06-23T12:35:03.902206+00:00,296.097794,1.969206,5,2.0,0.08999999999999997,0.4,0.49,False,True,False,0.0,30.0,0.0,0.0,30.0,0.59,0.6,0.0,0.0,-3.4499999999999997,-3.4499999999999997,30.0,-0.11499999999999999,all_assets_5s
1,0x4844e81275247e30c313416b98b69e3d4f32d6e69c07edd066a7f9b77376346a,BTC,2026-06-23T12:36:35.897613+00:00,204.102387,1.994613,5,2.0,0.030000000000000027,0.7,0.73,True,True,True,46.875,29.786250000000003,29.786250000000003,17.088749999999997,0.0,0.73,0.74,0.5957250000000008,0.42721875000000037,-0.0,1.0229437500000012,76.66125,0.013343687325734986,all_assets_5s
1,0x4844e81275247e30c313416b98b69e3d4f32d6e69c07edd066a7f9b77376346a,BTC,2026-06-23T12:37:31.895559+00:00,148.104441,1.906559,5,2.0,0.039999999999999925,0.68,0.72,True,False,False,46.875,0.0,0.0,46.875,0.0,0.52,0.53,0.0,-7.734375000000002,0.0,-7.734375000000002,46.875,-0.16500000000000004,all_assets_5s
1,0x4844e81275247e30c313416b98b69e3d4f32d6e69c07edd066a7f9b77376346a,BTC,2026-06-23T12:38:25.896617+00:00,94.103383,1.935617,5,2.0,0.030000000000000027,0.57,0.6,True,True,True,46.875,7.875,7.875,39.0,0.0,0.47,0.52,0.1575000000000002,-4.094999999999999,0.0,-3.9374999999999987,54.75,-0.07191780821917806,all_assets_5s
1,0xae43ffcf998c518115309c5630c17b537ec93ac78085175665df09baab0a9b5d,SOL,2026-06-23T12:38:31.899878+00:00,88.100122,1.898878,5,2.0,0.039999999999999925,0.81,0.85,True,False,False,2.0999999999999996,0.0,0.0,2.0999999999999996,0.0,0.61,0.62,0.0,-0.43050000000000005,0.0,-0.43050000000000005,2.0999999999999996,-0.20500000000000007,all_assets_5s
1,0xae43ffcf998c518115309c5630c17b537ec93ac78085175665df09baab0a9b5d,SOL,2026-06-23T12:38:41.896331+00:00,78.103669,1.996331,5,2.0,0.030000000000000027,0.57,0.6,True,False,False,8.82,0.0,0.0,8.82,0.0,0.51,0.52,0.0,-0.5732999999999996,0.0,-0.5732999999999996,8.82,-0.06499999999999995,all_assets_5s
1,0xae43ffcf998c518115309c5630c17b537ec93ac78085175665df09baab0a9b5d,SOL,2026-06-23T12:39:15.900553+00:00,44.099447,1.844553,5,2.0,0.14,0.52,0.66,False,True,False,0.0,4.35,0.0,0.0,4.35,0.64,0.66,0.0,0.0,-0.02175,-0.02175,4.35,-0.005,all_assets_5s
1,0x15cf859fb4b14945c272550356555a4cac11dc5ad478aaa67ee1e7ecc03291e4,BTC,2026-06-23T12:41:13.903495+00:00,226.096505,1.915495,5,2.0,0.040000000000000036,0.61,0.65,False,True,False,0.0,46.875,0.0,0.0,46.875,0.65,0.66,0.0,0.0,-0.7031250000000004,-0.7031250000000004,46.875,-0.01500000000000001,all_assets_5s
1,0x15cf859fb4b14945c272550356555a4cac11dc5ad478aaa67ee1e7ecc03291e4,BTC,2026-06-23T12:41:25.907929+00:00,214.092071,1.391929,5,2.0,0.04999999999999993,0.67,0.72,False,True,False,0.0,7.89,0.0,0.0,7.89,0.77,0.78,0.0,0.0,-0.5128500000000005,-0.5128500000000005,7.89,-0.06500000000000006,all_assets_5s
1,0x15cf859fb4b14945c272550356555a4cac11dc5ad478aaa67ee1e7ecc03291e4,BTC,2026-06-23T12:41:47.894137+00:00,192.105863,1.982137,5,2.0,0.030000000000000027,0.64,0.67,True,False,False,46.875,0.0,0.0,46.875,0.0,0.58,0.59,0.0,-3.0468750000000027,0.0,-3.0468750000000027,46.875,-0.06500000000000006,all_assets_5s
1,0xaf3940c3649b4c89eef41e58ce8866c94b7ee1259a9abed62d3efe93942c1076,SOL,2026-06-23T12:43:47.907595+00:00,72.092405,1.564595,5,2.0,0.040000000000000036,0.71,0.75,True,False,False,4.199999999999999,0.0,0.0,4.199999999999999,0.0,0.65,0.66,0.0,-0.27299999999999974,0.0,-0.27299999999999974,4.199999999999999,-0.06499999999999995,all_assets_5s
1,0xecd018b95fc8eb0027d26d356a24d1acbe9a0dec52bd69916a6f3f224cffab99,SOL,2026-06-23T12:45:03.900322+00:00,296.099678,1.988322,5,2.0,0.04999999999999999,0.37,0.42,True,False,False,3.75,0.0,0.0,3.75,0.0,0.32,0.33,0.0,-0.20624999999999996,0.0,-0.20624999999999996,3.75,-0.054999999999999986,all_assets_5s
1,0xecd018b95fc8eb0027d26d356a24d1acbe9a0dec52bd69916a6f3f224cffab99,SOL,2026-06-23T12:45:09.904229+00:00,290.095771,1.416229,5,2.0,0.030000000000000027,0.3,0.33,True,True,True,4.199999999999999,5.25,4.199999999999999,0.0,1.0500000000000007,0.29,0.3,0.08400000000000009,-0.0,0.026250000000000044,0.11025000000000013,9.45,0.011666666666666681,all_assets_5s
1,0x8b41f43723ed2376613e6cb25752aa4b4d5e9bdb3889582ba5ba852357abbb7d,ETH,2026-06-23T12:46:23.903251+00:00,216.096749,1.954251,5,2.0,0.03999999999999998,0.38,0.42,True,False,False,6.2250000000000005,0.0,0.0,6.2250000000000005,0.0,0.35,0.36,0.0,-0.21787500000000018,0.0,-0.21787500000000018,6.2250000000000005,-0.035000000000000024,all_assets_5s
1,0xc128c8d97c7bea7629ec90c804eb83e6272fc62d486a386b9745b0145ec90c2b,BTC,2026-06-23T12:48:59.899934+00:00,60.100066,1.405934,5,2.0,0.04000000000000001,0.22,0.26,False,True,False,0.0,17.25,0.0,0.0,17.25,0.49,0.5,0.0,0.0,-4.22625,-4.22625,17.25,-0.24500000000000002,all_assets_5s
1,0x80fa400f1c512f05cf89f0b83cf25f099d35719621804264d78c3a62ac178851,ETH,2026-06-23T12:50:15.898123+00:00,284.101877,1.994123,5,2.0,0.04999999999999999,0.34,0.39,False,True,False,0.0,1.875,0.0,0.0,1.875,0.37,0.38,0.0,0.0,0.009375000000000017,0.009375000000000017,1.875,0.005000000000000009,all_assets_5s
1,0xed0cd82d0214b7604c2d30e0647762eee75b44dbf04328295e99a14c6e872803,BTC,2026-06-23T12:50:43.906348+00:00,256.093652,1.842348,5,2.0,0.04999999999999993,0.53,0.58,True,False,False,33.75,0.0,0.0,33.75,0.0,0.45,0.46,0.0,-2.868750000000001,0.0,-2.868750000000001,33.75,-0.08500000000000002,all_assets_5s
1,0x15a852526dd1af8d62e66b9376aac4181687555c1f0228c12e65af0f5c9aa5ac,SOL,2026-06-23T12:55:03.894069+00:00,296.105931,1.846069,5,2.0,0.08000000000000002,0.41,0.49,False,True,False,0.0,1.875,0.0,0.0,1.875,0.58,0.6,0.0,0.0,-0.21562499999999998,-0.21562499999999998,1.875,-0.11499999999999999,all_assets_5s
1,0x15a852526dd1af8d62e66b9376aac4181687555c1f0228c12e65af0f5c9aa5ac,SOL,2026-06-23T12:55:07.907215+00:00,292.092785,1.854215,5,2.0,0.040000000000000036,0.58,0.62,False,False,False,0.0,0.0,0.0,0.0,0.0,0.6,0.61,0.0,0.0,0.0,0.0,0.0,0.0,all_assets_5s
1,0x15a852526dd1af8d62e66b9376aac4181687555c1f0228c12e65af0f5c9aa5ac,SOL,2026-06-23T12:58:33.907532+00:00,86.092468,1.984532,5,2.0,0.030000000000000027,0.7,0.73,False,True,False,0.0,3.61125,0.0,0.0,3.61125,0.83,0.84,0.0,0.0,-0.41529374999999996,-0.41529374999999996,3.61125,-0.11499999999999999,all_assets_5s
1,0x73b42a0c225c5bbb5c2aff5dd948437e2f5a7a84842dd54977e0f82fd802ce32,ETH,2026-06-23T12:58:49.905534+00:00,70.094466,1.649534,5,2.0,0.03999999999999998,0.26,0.3,True,False,False,1.755,0.0,0.0,1.755,0.0,0.13,0.14,0.0,-0.236925,0.0,-0.236925,1.755,-0.135,all_assets_5s
1,0x8a7f53ee1409e47189a78153af906e050ef7462241f1c09bd35b633acd3bc92b,SOL,2026-06-23T13:00:07.895392+00:00,292.104608,1.970392,5,2.0,0.039999999999999925,0.53,0.57,True,False,False,31.875,0.0,0.0,31.875,0.0,0.49,0.5,0.0,-1.434375000000001,0.0,-1.434375000000001,31.875,-0.04500000000000003,all_assets_5s
1,0x3790f0a59b1eea6a42781c9e54e2273a7cbd079a8082c3be950d8601f49961ed,ETH,2026-06-23T13:00:21.906234+00:00,278.093766,1.859234,5,2.0,0.040000000000000036,0.49,0.53,True,False,False,46.875,0.0,0.0,46.875,0.0,0.46,0.47,0.0,-1.6406249999999984,0.0,-1.6406249999999984,46.875,-0.03499999999999997,all_assets_5s
1,0x4becaa14ccbce45710a41da5e9bc5ddd9b8e927cef7cfb593a22c9b4a2262bdd,BTC,2026-06-23T13:00:23.896379+00:00,276.103621,1.477379,5,2.0,0.030000000000000027,0.5,0.53,True,False,False,14.415,0.0,0.0,14.415,0.0,0.44,0.45,0.0,-0.936975,0.0,-0.936975,14.415,-0.065,all_assets_5s
1,0x8a7f53ee1409e47189a78153af906e050ef7462241f1c09bd35b633acd3bc92b,SOL,2026-06-23T13:02:09.906762+00:00,170.093238,1.759762,5,2.0,0.030000000000000027,0.63,0.66,True,False,False,1.875,0.0,0.0,1.875,0.0,0.54,0.55,0.0,-0.17812499999999995,0.0,-0.17812499999999995,1.875,-0.09499999999999997,all_assets_5s
1,0x8a7f53ee1409e47189a78153af906e050ef7462241f1c09bd35b633acd3bc92b,SOL,2026-06-23T13:02:13.903194+00:00,166.096806,1.588194,5,2.0,0.04999999999999993,0.56,0.61,True,False,False,3.75,0.0,0.0,3.75,0.0,0.56,0.57,0.0,-0.01875,0.0,-0.01875,3.75,-0.005,all_assets_5s
1,0x8a7f53ee1409e47189a78153af906e050ef7462241f1c09bd35b633acd3bc92b,SOL,2026-06-23T13:03:09.907249+00:00,110.092751,1.806249,5,2.0,0.030000000000000027,0.24,0.27,False,True,False,0.0,1.875,0.0,0.0,1.875,0.29,0.3,0.0,0.0,-0.06562499999999995,-0.06562499999999995,1.875,-0.03499999999999997,all_assets_5s
1,0x4fd4d7c3671685999a85ca0fa181489a2844d1b36fe6720b4e11a23e233de906,BTC,2026-06-23T13:05:55.908050+00:00,244.09195,1.30305,5,2.0,0.040000000000000036,0.51,0.55,True,False,False,46.875,0.0,0.0,46.875,0.0,0.47,0.48,0.0,-2.1093750000000013,0.0,-2.1093750000000013,46.875,-0.045000000000000026,all_assets_5s
1,0x4fd4d7c3671685999a85ca0fa181489a2844d1b36fe6720b4e11a23e233de906,BTC,2026-06-23T13:06:01.895071+00:00,238.104929,1.943071,5,2.0,0.030000000000000027,0.49,0.52,True,False,False,33.6825,0.0,0.0,33.6825,0.0,0.44,0.45,0.0,-1.8525374999999995,0.0,-1.8525374999999995,33.6825,-0.054999999999999986,all_assets_5s
1,0x727978f32b3cfb4b23904e9fbb7a25c7e81b96f62ed64bac9e08b956b129a6b7,SOL,2026-06-23T13:08:13.902137+00:00,106.097863,1.912137,5,2.0,0.07,0.39,0.46,True,False,False,32.745,0.0,0.0,32.745,0.0,0.36,0.37,0.0,-1.1460750000000006,0.0,-1.1460750000000006,32.745,-0.035000000000000024,all_assets_5s
1,0x5bc7efe5fd83a4cc2acda5eb941741ded2f2bc13480edb30a9094a4ffc6760e5,SOL,2026-06-23T13:10:55.905110+00:00,244.09489,1.96111,5,2.0,0.030000000000000027,0.52,0.55,False,True,False,0.0,1.875,0.0,0.0,1.875,0.58,0.59,0.0,0.0,-0.08437499999999985,-0.08437499999999985,1.875,-0.04499999999999992,all_assets_5s
1,0xa181c96b1b50604725ce89ee53652d74ab1207fc0ddc1f5dab50a81e090cd265,ETH,2026-06-23T13:11:03.897840+00:00,236.10216,1.93484,5,2.0,0.030000000000000027,0.48,0.51,True,False,False,46.875,0.0,0.0,46.875,0.0,0.38,0.39,0.0,-4.921874999999999,0.0,-4.921874999999999,46.875,-0.10499999999999998,all_assets_5s
1,0x5bc7efe5fd83a4cc2acda5eb941741ded2f2bc13480edb30a9094a4ffc6760e5,SOL,2026-06-23T13:12:43.898289+00:00,136.101711,1.955289,5,2.0,0.030000000000000027,0.78,0.81,False,True,False,0.0,30.645,0.0,0.0,30.645,0.8,0.81,0.0,0.0,-0.153225,-0.153225,30.645,-0.005,all_assets_5s
1,0xa181c96b1b50604725ce89ee53652d74ab1207fc0ddc1f5dab50a81e090cd265,ETH,2026-06-23T13:12:43.898289+00:00,136.101711,1.956289,5,2.0,0.07999999999999996,0.51,0.59,False,True,False,0.0,4.5,0.0,0.0,4.5,0.62,0.63,0.0,0.0,-0.20250000000000015,-0.20250000000000015,4.5,-0.04500000000000003,all_assets_5s
1,0xa181c96b1b50604725ce89ee53652d74ab1207fc0ddc1f5dab50a81e090cd265,ETH,2026-06-23T13:13:01.907596+00:00,118.092404,1.984596,5,2.0,0.030000000000000027,0.65,0.68,True,True,True,15.375,38.441250000000004,15.375,0.0,23.066250000000004,0.72,0.73,0.3075000000000004,0.0,-1.2686437499999985,-0.9611437499999982,53.816250000000004,-0.017859731029196538,all_assets_5s
1,0x2d16687a3f795d239477aa6eb15a4d61ada629bae0156c2ca521695551cc4ceb,SOL,2026-06-23T13:20:07.900638+00:00,292.099362,1.971638,5,2.0,0.04999999999999993,0.56,0.61,True,False,False,1.875,0.0,0.0,1.875,0.0,0.55,0.56,0.0,-0.028125000000000018,0.0,-0.028125000000000018,1.875,-0.01500000000000001,all_assets_5s
1,0x37c039e975653ef2bafc2648afb23f156e134dea3391a9a5ba881ade74c10240,BTC,2026-06-23T13:21:31.907485+00:00,208.092515,1.692485,5,2.0,0.04999999999999999,0.36,0.41,False,True,False,0.0,9.5175,0.0,0.0,9.5175,0.39,0.4,0.0,0.0,0.047587499999999554,0.047587499999999554,9.5175,0.004999999999999953,all_assets_5s
1,0x37c039e975653ef2bafc2648afb23f156e134dea3391a9a5ba881ade74c10240,BTC,2026-06-23T13:23:55.902079+00:00,64.097921,1.982079,5,2.0,0.03999999999999998,0.28,0.32,True,False,False,11.3325,0.0,0.0,11.3325,0.0,0.2,0.21,0.0,-0.9632625000000002,0.0,-0.9632625000000002,11.3325,-0.08500000000000002,all_assets_5s
1,0x4f3194d5355ace143a5107746a0f6f3a8793899d758c54113e8a34810156942e,BTC,2026-06-23T13:25:07.897727+00:00,292.102273,1.908727,5,2.0,0.15,0.21,0.36,True,False,False,19.335,0.0,0.0,19.335,0.0,0.19,0.2,0.0,-0.48337499999999983,0.0,-0.48337499999999983,19.335,-0.02499999999999999,all_assets_5s
1,0x9733b42d1fb76098059e7c11035a934014328e6843926418cd749e9d4c930fc6,SOL,2026-06-23T13:27:05.901936+00:00,174.098064,1.346936,5,2.0,0.040000000000000036,0.64,0.68,True,True,True,6.19875,2.65125,2.65125,3.5475000000000003,0.0,0.59,0.64,0.0795375000000001,-0.19511250000000016,0.0,-0.11557500000000007,8.850000000000001,-0.013059322033898311,all_assets_5s
1,0x9733b42d1fb76098059e7c11035a934014328e6843926418cd749e9d4c930fc6,SOL,2026-06-23T13:27:09.899493+00:00,170.100507,1.694493,5,2.0,0.09999999999999998,0.64,0.74,True,False,False,2.25,0.0,0.0,2.25,0.0,0.6,0.61,0.0,-0.10125000000000008,0.0,-0.10125000000000008,2.25,-0.04500000000000003,all_assets_5s
1,0x9733b42d1fb76098059e7c11035a934014328e6843926418cd749e9d4c930fc6,SOL,2026-06-23T13:28:35.895257+00:00,84.104743,1.978257,5,2.0,0.06999999999999995,0.55,0.62,False,True,False,0.0,2.0999999999999996,0.0,0.0,2.0999999999999996,0.73,0.74,0.0,0.0,-0.26249999999999996,-0.26249999999999996,2.0999999999999996,-0.125,all_assets_5s
1,0x9733b42d1fb76098059e7c11035a934014328e6843926418cd749e9d4c930fc6,SOL,2026-06-23T13:29:03.900994+00:00,56.099006,0.546994,5,2.0,0.06000000000000005,0.83,0.89,False,True,False,0.0,30.0,0.0,0.0,30.0,0.85,0.88,0.0,0.0,0.15000000000000027,0.15000000000000027,30.0,0.005000000000000009,all_assets_5s
1,0x9733b42d1fb76098059e7c11035a934014328e6843926418cd749e9d4c930fc6,SOL,2026-06-23T13:29:17.892983+00:00,42.107017,1.939983,5,2.0,0.06000000000000005,0.61,0.67,False,True,False,0.0,7.5,0.0,0.0,7.5,0.67,0.72,0.0,0.0,-0.4124999999999995,-0.4124999999999995,7.5,-0.05499999999999993,all_assets_5s
1,0x49b6981d3dcc0ab40b6b605ecf4272fed0e07afbc4485e1e174d4c4156bd9933,SOL,2026-06-23T13:30:33.906226+00:00,266.093774,1.979226,5,2.0,0.030000000000000027,0.37,0.4,False,True,False,0.0,5.10375,0.0,0.0,5.10375,0.44,0.45,0.0,0.0,-0.28070624999999993,-0.28070624999999993,5.10375,-0.054999999999999986,all_assets_5s
1,0x49b6981d3dcc0ab40b6b605ecf4272fed0e07afbc4485e1e174d4c4156bd9933,SOL,2026-06-23T13:30:45.899242+00:00,254.100758,1.990242,5,2.0,0.030000000000000027,0.36,0.39,True,False,False,1.875,0.0,0.0,1.875,0.0,0.27,0.28,0.0,-0.17812499999999995,0.0,-0.17812499999999995,1.875,-0.09499999999999997,all_assets_5s
1,0xe163d62d0ecaaf665cea54c481d8d253a18655fefedcb5875504dabf87ce86bb,BTC,2026-06-23T13:30:45.899242+00:00,254.100758,1.321242,5,2.0,0.030000000000000027,0.47,0.5,True,False,False,45.83625,0.0,0.0,45.83625,0.0,0.43,0.44,0.0,-2.062631249999999,0.0,-2.062631249999999,45.83625,-0.04499999999999998,all_assets_5s
1,0xe163d62d0ecaaf665cea54c481d8d253a18655fefedcb5875504dabf87ce86bb,BTC,2026-06-23T13:31:45.901851+00:00,194.098149,1.676851,5,2.0,0.03999999999999998,0.4,0.44,False,True,False,0.0,19.740000000000002,0.0,0.0,19.740000000000002,0.78,0.8,0.0,0.0,-7.205100000000002,-7.205100000000002,19.740000000000002,-0.36500000000000005,all_assets_5s
1,0x49b6981d3dcc0ab40b6b605ecf4272fed0e07afbc4485e1e174d4c4156bd9933,SOL,2026-06-23T13:31:55.900700+00:00,184.0993,1.6697,5,2.0,0.10000000000000009,0.71,0.81,False,True,False,0.0,1.875,0.0,0.0,1.875,0.96,0.97,0.0,0.0,-0.30937499999999984,-0.30937499999999984,1.875,-0.16499999999999992,all_assets_5s
1,0xf7283f103a574fb192a1e9dee5a2febf1cb3063b8a1740173fa0a2a300897142,ETH,2026-06-23T13:31:55.900700+00:00,184.0993,1.2897,5,2.0,0.04999999999999993,0.92,0.97,True,True,True,37.5,46.875,37.5,0.0,9.375,0.98,0.99,1.4999999999999973,0.0,-0.23437500000000017,1.2656249999999971,84.375,0.014999999999999966,all_assets_5s
1,0xe163d62d0ecaaf665cea54c481d8d253a18655fefedcb5875504dabf87ce86bb,BTC,2026-06-23T13:31:57.905686+00:00,182.094314,0.903686,5,2.0,0.030000000000000027,0.9,0.93,False,True,False,0.0,46.875,0.0,0.0,46.875,0.96,0.97,0.0,0.0,-2.1093749999999964,-2.1093749999999964,46.875,-0.04499999999999992,all_assets_5s
1,0xd68e42d84a189dae829a6ea4842f2da8c132141897e3f6c1cbb9806b63d5d6a6,ETH,2026-06-23T13:35:35.907082+00:00,264.092918,1.924082,5,2.0,0.07999999999999996,0.5,0.58,False,True,False,0.0,18.375,0.0,0.0,18.375,0.6,0.61,0.0,0.0,-0.6431250000000004,-0.6431250000000004,18.375,-0.035000000000000024,all_assets_5s
1,0x88dbe7f8d0445d72614b6ad7da6b35ceb2cb32fb98b52d78c84eacf420ee1f09,BTC,2026-06-23T13:35:39.903024+00:00,260.096976,1.681024,5,2.0,0.039999999999999925,0.65,0.69,False,True,False,0.0,2.35875,0.0,0.0,2.35875,0.74,0.75,0.0,0.0,-0.15331875000000014,-0.15331875000000014,2.35875,-0.06500000000000006,all_assets_5s
1,0x8b1c020137d752d5f82956a627a99fe8d6435a5deff06dbdac7ebc9b70de8d5e,SOL,2026-06-23T13:35:57.895553+00:00,242.104447,1.282553,5,2.0,0.030000000000000027,0.59,0.62,True,False,False,30.0,0.0,0.0,30.0,0.0,0.53,0.57,0.0,-1.9499999999999984,0.0,-1.9499999999999984,30.0,-0.06499999999999995,all_assets_5s
1,0x97f5cfd13442b025c62c1138ebc86dabde8d73ef9b8c2b4f0900727b23e3d78e,SOL,2026-06-23T13:40:07.903224+00:00,292.096776,1.974224,5,2.0,0.07,0.29,0.36,False,True,False,0.0,18.75,0.0,0.0,18.75,0.43,0.44,0.0,0.0,-1.5937500000000004,-1.5937500000000004,18.75,-0.08500000000000002,all_assets_5s
1,0x3b31bbdfe744e6d8dd6c29da539e26cdfa55e699565be496a9ed2c2d3345266b,BTC,2026-06-23T13:40:15.894747+00:00,284.105253,1.629747,5,2.0,0.030000000000000027,0.41,0.44,False,True,False,0.0,46.875,0.0,0.0,46.875,0.5,0.51,0.0,0.0,-3.5156250000000004,-3.5156250000000004,46.875,-0.07500000000000001,all_assets_5s
1,0x3b31bbdfe744e6d8dd6c29da539e26cdfa55e699565be496a9ed2c2d3345266b,BTC,2026-06-23T13:42:13.905421+00:00,166.094579,1.970421,5,2.0,0.03999999999999998,0.28,0.32,False,True,False,0.0,2.2725,0.0,0.0,2.2725,0.61,0.62,0.0,0.0,-0.6931125,-0.6931125,2.2725,-0.305,all_assets_5s
1,0x97f5cfd13442b025c62c1138ebc86dabde8d73ef9b8c2b4f0900727b23e3d78e,SOL,2026-06-23T13:42:13.905421+00:00,166.094579,1.276421,5,2.0,0.03999999999999998,0.37,0.41,False,True,False,0.0,0.765,0.0,0.0,0.765,0.5,0.51,0.0,0.0,-0.08032500000000004,-0.08032500000000004,0.765,-0.10500000000000004,all_assets_5s
1,0xb4eacf7c806d5bb36b89f6c716ba7bb71bc0ab90e226c7589aeac5eec0d4160b,BTC,2026-06-23T13:48:13.901996+00:00,106.098004,1.714996,5,2.0,0.06999999999999995,0.52,0.59,False,True,False,0.0,26.25,0.0,0.0,26.25,0.75,0.78,0.0,0.0,-5.118750000000001,-5.118750000000001,26.25,-0.19500000000000003,all_assets_5s
1,0x842fc6a521c178540e1304f49a44b481dfd0f2967e64ecc7d6c399ac5566011c,ETH,2026-06-23T13:48:17.896770+00:00,102.10323,1.69277,5,2.0,0.05999999999999994,0.88,0.94,True,False,False,3.1500000000000004,0.0,0.0,3.1500000000000004,0.0,0.8,0.82,0.0,-0.26774999999999993,0.0,-0.26774999999999993,3.1500000000000004,-0.08499999999999996,all_assets_5s
1,0x263de59a86fa4266a26931b6a723d1d8521d1385b5c3ba159b5229b1a9177f21,SOL,2026-06-23T13:48:43.905362+00:00,76.094638,1.630362,5,2.0,0.030000000000000027,0.95,0.98,True,False,False,4.199999999999999,0.0,0.0,4.199999999999999,0.0,0.97,0.98,0.0,0.06300000000000006,-0.0,0.06300000000000006,4.199999999999999,0.015000000000000015,all_assets_5s
1,0x263de59a86fa4266a26931b6a723d1d8521d1385b5c3ba159b5229b1a9177f21,SOL,2026-06-23T13:48:47.900703+00:00,72.099297,1.599703,5,2.0,0.030000000000000027,0.94,0.97,False,True,False,0.0,5.25,0.0,0.0,5.25,0.98,0.99,0.0,0.0,-0.1312500000000001,-0.1312500000000001,5.25,-0.025000000000000015,all_assets_5s
1,0xf05b54a456f086f0f7ef0ad9d9d108baa9b170ae62a2b1147953a2b47065e7c2,BTC,2026-06-23T13:52:13.906731+00:00,166.093269,1.984731,5,2.0,0.030000000000000027,0.77,0.8,True,False,False,46.875,0.0,0.0,46.875,0.0,0.73,0.74,0.0,-2.1093750000000013,0.0,-2.1093750000000013,46.875,-0.045000000000000026,all_assets_5s
1,0xf05b54a456f086f0f7ef0ad9d9d108baa9b170ae62a2b1147953a2b47065e7c2,BTC,2026-06-23T13:52:19.894944+00:00,160.105056,1.851944,5,2.0,0.040000000000000036,0.72,0.76,False,True,False,0.0,11.25,0.0,0.0,11.25,0.73,0.74,0.0,0.0,0.16875000000000018,0.16875000000000018,11.25,0.015000000000000015,all_assets_5s
1,0xa93f974de8cbf3e06c0f61563fc28b6227260fd13260bb6aa3711af549271a76,SOL,2026-06-23T13:55:03.895126+00:00,296.104874,1.824126,5,2.0,0.03999999999999998,0.45,0.49,False,False,False,0.0,0.0,0.0,0.0,0.0,0.47,0.48,0.0,0.0,0.0,0.0,0.0,0.0,all_assets_5s
1,0xa93f974de8cbf3e06c0f61563fc28b6227260fd13260bb6aa3711af549271a76,SOL,2026-06-23T13:56:45.904857+00:00,194.095143,1.934857,5,2.0,0.030000000000000027,0.35,0.38,False,True,False,0.0,3.9749999999999996,0.0,0.0,3.9749999999999996,0.4,0.41,0.0,0.0,-0.13912499999999986,-0.13912499999999986,3.9749999999999996,-0.03499999999999997,all_assets_5s
1,0x592c00187c88c06ce589b03765739bccd88d0e412caba5f25ecfc944ce7d6c58,ETH,2026-06-23T13:57:13.897242+00:00,166.102758,1.958242,5,2.0,0.030000000000000027,0.43,0.46,True,False,False,46.875,0.0,0.0,46.875,0.0,0.44,0.45,0.0,0.23437500000000042,0.0,0.23437500000000042,46.875,0.005000000000000009,all_assets_5s
1,0x83d6ab48576b0528fdbad1fe7723b479b8174792a30c6942a6e1e03389784b08,BTC,2026-06-23T13:57:13.897242+00:00,166.102758,1.975242,5,2.0,0.040000000000000036,0.47,0.51,False,False,False,0.0,0.0,0.0,0.0,0.0,0.49,0.5,0.0,0.0,0.0,0.0,0.0,0.0,all_assets_5s
1,0x83d6ab48576b0528fdbad1fe7723b479b8174792a30c6942a6e1e03389784b08,BTC,2026-06-23T13:57:37.893743+00:00,142.106257,1.953743,5,2.0,0.050000000000000044,0.49,0.54,False,True,False,0.0,32.0475,0.0,0.0,32.0475,0.65,0.66,0.0,0.0,-4.0059375,-4.0059375,32.0475,-0.125,all_assets_5s
1,0x7e6fcdd5ed944c43e039d191b0d902b3bd2079a9264465cd4efa372206718c43,BTC,2026-06-23T14:02:03.895219+00:00,176.104781,1.349219,5,2.0,0.030000000000000027,0.78,0.81,True,False,False,7.5,0.0,0.0,7.5,0.0,0.76,0.78,0.0,-0.18750000000000014,0.0,-0.18750000000000014,7.5,-0.02500000000000002,all_assets_5s
1,0x54e1a0031c62b35f46daaef9f8bb6a1d5705a9bd9b024281bf533ce3a5e76bd9,SOL,2026-06-23T14:03:01.895429+00:00,118.104571,1.918429,5,2.0,0.040000000000000036,0.72,0.76,False,True,False,0.0,46.875,0.0,0.0,46.875,0.79,0.8,0.0,0.0,-2.1093750000000013,-2.1093750000000013,46.875,-0.045000000000000026,all_assets_5s
1,0xe397f03f9117ca8f23be992bb73ff8543e774c843bd35be5ac25c5164dfbcef6,ETH,2026-06-23T14:03:01.895429+00:00,118.104571,1.442429,5,2.0,0.039999999999999925,0.55,0.59,True,True,True,1.87875,14.625,1.87875,0.0,12.74625,0.65,0.66,0.05636249999999985,0.0,-0.9559687500000008,-0.8996062500000009,16.50375,-0.054509202453987785,all_assets_5s
1,0xe397f03f9117ca8f23be992bb73ff8543e774c843bd35be5ac25c5164dfbcef6,ETH,2026-06-23T14:04:13.892775+00:00,46.107225,1.989775,5,2.0,0.030000000000000027,0.95,0.98,True,False,False,46.875,0.0,0.0,46.875,0.0,0.93,0.95,0.0,-1.1718749999999958,0.0,-1.1718749999999958,46.875,-0.02499999999999991,all_assets_5s
1,0xc990792df42182f722949a266d834f4e848923ec24814a019bc552d3b415ff4f,SOL,2026-06-23T14:08:03.895574+00:00,116.104426,1.639574,5,2.0,0.07999999999999999,0.21,0.29,True,True,True,46.875,2.625,2.625,44.25,0.0,0.19,0.2,0.18374999999999997,-1.1062499999999995,0.0,-0.9224999999999995,49.5,-0.018636363636363628,all_assets_5s
1,0xf4f49639a383f1abeee1bb37a098bff9e49ba624ee52e50b6f367e21b735c5f7,BTC,2026-06-23T14:10:39.903384+00:00,260.096616,1.587384,5,2.0,0.030000000000000027,0.37,0.4,True,True,True,46.875,3.1237500000000002,3.1237500000000002,43.75125,0.0,0.42,0.43,0.06247500000000008,1.9688062499999996,-0.0,2.0312812499999997,49.99875,0.04062664066601664,all_assets_5s
1,0xf4f49639a383f1abeee1bb37a098bff9e49ba624ee52e50b6f367e21b735c5f7,BTC,2026-06-23T14:11:13.896586+00:00,226.103414,1.980586,5,2.0,0.04999999999999999,0.28,0.33,False,True,False,0.0,46.875,0.0,0.0,46.875,0.3,0.31,0.0,0.0,0.7031250000000008,0.7031250000000008,46.875,0.015000000000000017,all_assets_5s
1,0x0a32d05b3ee387390f042d23c86f4b659df43372ef59e60e043be38d41561eb2,SOL,2026-06-23T14:13:25.894339+00:00,94.105661,1.957339,5,2.0,0.040000000000000036,0.42,0.46,True,True,True,8.82,30.0,8.82,0.0,21.18,0.37,0.38,0.2646000000000003,-0.0,1.5885000000000002,1.8531000000000004,38.82,0.047735703245749626,all_assets_5s
1,0xf4f49639a383f1abeee1bb37a098bff9e49ba624ee52e50b6f367e21b735c5f7,BTC,2026-06-23T14:13:25.894339+00:00,94.105661,1.957339,5,2.0,0.030000000000000027,0.57,0.6,True,True,True,19.035,3.75,3.75,15.285,0.0,0.57,0.58,0.0750000000000001,-0.076425,0.0,-0.0014249999999999124,22.785,-6.25411454904504e-05,all_assets_5s
1,0x0a32d05b3ee387390f042d23c86f4b659df43372ef59e60e043be38d41561eb2,SOL,2026-06-23T14:14:19.907421+00:00,40.092579,1.604421,5,2.0,0.06000000000000005,0.61,0.67,False,False,False,0.0,0.0,0.0,0.0,0.0,0.65,0.66,0.0,0.0,0.0,0.0,0.0,0.0,all_assets_5s
1,0xb88a905c78dbb78ccae742ce3fcdbf194c17f685b30d78d03128d55eb5442d66,SOL,2026-06-23T14:15:31.901422+00:00,268.098578,0.400422,5,2.0,0.030000000000000027,0.37,0.4,True,True,True,16.725,2.25,2.25,14.475000000000001,0.0,0.4,0.43,0.045000000000000054,0.3618750000000004,-0.0,0.40687500000000043,18.975,0.021442687747035595,all_assets_5s
1,0xb88a905c78dbb78ccae742ce3fcdbf194c17f685b30d78d03128d55eb5442d66,SOL,2026-06-23T14:17:11.901054+00:00,168.098946,1.589054,5,2.0,0.030000000000000027,0.59,0.62,False,True,False,0.0,4.5,0.0,0.0,4.5,0.68,0.69,0.0,0.0,-0.3374999999999998,-0.3374999999999998,4.5,-0.07499999999999996,all_assets_5s
1,0xef16fc8b2b2338e6f703f4036d1bccf15742345781881fb477079de0a8060f4d,BTC,2026-06-23T14:17:33.905241+00:00,146.094759,1.988241,5,2.0,0.040000000000000036,0.6,0.64,False,True,False,0.0,46.875,0.0,0.0,46.875,0.65,0.66,0.0,0.0,-1.1718750000000009,-1.1718750000000009,46.875,-0.02500000000000002,all_assets_5s
1,0xb88a905c78dbb78ccae742ce3fcdbf194c17f685b30d78d03128d55eb5442d66,SOL,2026-06-23T14:17:49.892681+00:00,130.107319,1.935681,5,2.0,0.05999999999999994,0.52,0.58,False,True,False,0.0,6.300000000000001,0.0,0.0,6.300000000000001,0.72,0.73,0.0,0.0,-0.9765000000000003,-0.9765000000000003,6.300000000000001,-0.15500000000000003,all_assets_5s
1,0xb88a905c78dbb78ccae742ce3fcdbf194c17f685b30d78d03128d55eb5442d66,SOL,2026-06-23T14:17:55.895119+00:00,124.104881,1.946119,5,2.0,0.06999999999999995,0.65,0.72,False,True,False,0.0,6.300000000000001,0.0,0.0,6.300000000000001,0.67,0.68,0.0,0.0,0.22049999999999956,0.22049999999999956,6.300000000000001,0.03499999999999993,all_assets_5s
1,0xef16fc8b2b2338e6f703f4036d1bccf15742345781881fb477079de0a8060f4d,BTC,2026-06-23T14:17:57.901149+00:00,122.098851,1.947149,5,2.0,0.050000000000000044,0.7,0.75,False,True,False,0.0,46.875,0.0,0.0,46.875,0.78,0.8,0.0,0.0,-2.5781250000000018,-2.5781250000000018,46.875,-0.055000000000000035,all_assets_5s
1,0x456aac20ee93fa9ebc9e8dc3367bd4ea281d62318f8eb63fea5c0f1aa44525ee,SOL,2026-06-23T14:20:45.902691+00:00,254.097309,1.636691,5,2.0,0.08999999999999997,0.53,0.62,True,False,False,2.625,0.0,0.0,2.625,0.0,0.51,0.52,0.0,-0.06562500000000004,0.0,-0.06562500000000004,2.625,-0.025000000000000015,all_assets_5s
1,0x8745035c936db62e58a8fe8d2cc737689ce85b84d9b91959417caa1142791994,SOL,2026-06-23T14:25:03.897601+00:00,296.102399,1.909601,5,2.0,0.039999999999999925,0.56,0.6,True,False,False,3.75,0.0,0.0,3.75,0.0,0.4,0.41,0.0,-0.6187500000000001,0.0,-0.6187500000000001,3.75,-0.16500000000000004,all_assets_5s
1,0x2cf5abb89aeac58f326dc59e7e56e2809d9a19c3cda6aa7583daec3bf28c69d8,ETH,2026-06-23T14:27:35.893699+00:00,144.106301,1.979699,5,2.0,0.050000000000000044,0.29,0.34,True,False,False,1.875,0.0,0.0,1.875,0.0,0.23,0.24,0.0,-0.12187499999999996,0.0,-0.12187499999999996,1.875,-0.06499999999999997,all_assets_5s
1,0x22879c97e18fffc7a75629762d84fb31f4cb45fb26a1a2c716c6bcea686ac0e2,SOL,2026-06-23T14:30:03.891926+00:00,296.108074,1.675926,5,2.0,0.18000000000000005,0.49,0.67,False,True,False,0.0,26.25,0.0,0.0,26.25,0.72,0.73,0.0,0.0,-1.7062499999999985,-1.7062499999999985,26.25,-0.06499999999999995,all_assets_5s
1,0x22879c97e18fffc7a75629762d84fb31f4cb45fb26a1a2c716c6bcea686ac0e2,SOL,2026-06-23T14:33:37.900218+00:00,82.099782,1.128218,5,2.0,0.03999999999999998,0.46,0.5,True,False,False,29.35125,0.0,0.0,29.35125,0.0,0.33,0.34,0.0,-3.9624187500000003,0.0,-3.9624187500000003,29.35125,-0.135,all_assets_5s
1,0x7e631284762b9f531b55a3452c474f8a593524c56c33084b21bc0b8361cdf4ec,ETH,2026-06-23T14:35:19.905755+00:00,280.094245,1.971755,5,2.0,0.08000000000000002,0.38,0.46,True,False,False,9.60375,0.0,0.0,9.60375,0.0,0.38,0.39,0.0,-0.04801875,0.0,-0.04801875,9.60375,-0.005,all_assets_5s
1,0xe901987bf33c4aecfb97d97b07ea58f8cf1ca469727312c56659bc81fee44fef,SOL,2026-06-23T14:36:01.893952+00:00,238.106048,1.925952,5,2.0,0.040000000000000036,0.64,0.68,False,True,False,0.0,1.875,0.0,0.0,1.875,0.84,0.85,0.0,0.0,-0.3281249999999999,-0.3281249999999999,1.875,-0.17499999999999993,all_assets_5s
1,0xd330c2097759830858dfcc98392dd560a9ed6073c480055cf67b47e638a43d81,BTC,2026-06-23T14:39:05.906033+00:00,54.093967,1.391033,5,2.0,0.030000000000000027,0.9,0.93,True,False,False,46.875,0.0,0.0,46.875,0.0,0.83,0.84,0.0,-3.515625000000003,0.0,-3.515625000000003,46.875,-0.07500000000000007,all_assets_5s
1,0x642224a52fade6557a6247bab8c52239c420862bc36bc3ee416c738c57195a1d,BTC,2026-06-23T14:43:19.897394+00:00,100.102606,1.976394,5,2.0,0.03999999999999998,0.44,0.48,False,True,False,0.0,1.875,0.0,0.0,1.875,0.59,0.6,0.0,0.0,-0.234375,-0.234375,1.875,-0.125,all_assets_5s
1,0xb4d5a648cd2fec0f8e9664a8c526474c9831365c378b0d70267aeb0fe653940f,ETH,2026-06-23T14:44:05.905661+00:00,54.094339,1.984661,5,2.0,0.040000000000000036,0.5,0.54,False,True,False,0.0,40.125,0.0,0.0,40.125,0.77,0.79,0.0,0.0,-10.231875,-10.231875,40.125,-0.255,all_assets_5s
1,0x642224a52fade6557a6247bab8c52239c420862bc36bc3ee416c738c57195a1d,BTC,2026-06-23T14:44:21.906414+00:00,38.093586,1.977414,5,2.0,0.06999999999999995,0.66,0.73,True,False,False,46.875,0.0,0.0,46.875,0.0,0.6,0.61,0.0,-3.0468750000000027,0.0,-3.0468750000000027,46.875,-0.06500000000000006,all_assets_5s
1,0x27be06ec8002def53f202462228b63f7f1be2c0d606cdc02372583d42ed0887c,BTC,2026-06-23T14:48:13.899860+00:00,106.10014,1.35486,5,2.0,0.030000000000000027,0.31,0.34,False,True,False,0.0,31.53375,0.0,0.0,31.53375,0.49,0.5,0.0,0.0,-5.20306875,-5.20306875,31.53375,-0.16499999999999998,all_assets_5s
1,0xfd9746271a9908d5dd04d0f78c3e7c9def0518a9a4a4943500ffba66bc27dc76,ETH,2026-06-23T14:48:31.892127+00:00,88.107873,1.921127,5,2.0,0.03999999999999998,0.32,0.36,True,False,False,34.23375,0.0,0.0,34.23375,0.0,0.24,0.25,0.0,-2.9098687500000007,0.0,-2.9098687500000007,34.23375,-0.08500000000000002,all_assets_5s
1,0x27be06ec8002def53f202462228b63f7f1be2c0d606cdc02372583d42ed0887c,BTC,2026-06-23T14:49:17.895698+00:00,42.104302,1.624698,5,2.0,0.14,0.83,0.97,True,False,False,6.0675,0.0,0.0,6.0675,0.0,0.86,0.87,0.0,0.15168750000000014,0.0,0.15168750000000014,6.0675,0.025000000000000022,all_assets_5s
1,0x79fa88852d2df9f89c7ffe1e19e80856d2864adb8167da187fef1bd49a76815b,SOL,2026-06-23T14:50:05.896405+00:00,294.103595,1.600405,5,2.0,0.030000000000000027,0.5,0.53,True,True,True,30.0,3.53625,3.53625,26.46375,0.0,0.46,0.47,0.07072500000000008,-1.1908687499999995,0.0,-1.1201437499999993,33.53625,-0.033400984009840075,all_assets_5s
1,0x63e14eeb67286e35758b52a2c5d53fc557c30836f9bf57a1cead70ab3e3e7d09,BTC,2026-06-23T14:51:15.904879+00:00,224.095121,1.664879,5,2.0,0.030000000000000027,0.6,0.63,True,False,False,46.875,0.0,0.0,46.875,0.0,0.58,0.59,0.0,-1.1718750000000009,0.0,-1.1718750000000009,46.875,-0.02500000000000002,all_assets_5s
1,0x79fa88852d2df9f89c7ffe1e19e80856d2864adb8167da187fef1bd49a76815b,SOL,2026-06-23T14:52:45.904406+00:00,134.095594,1.995406,5,2.0,0.040000000000000036,0.41,0.45,True,False,False,17.34375,0.0,0.0,17.34375,0.0,0.38,0.39,0.0,-0.6070312499999995,0.0,-0.6070312499999995,17.34375,-0.03499999999999997,all_assets_5s
1,0x432b92706185086c282c01b2ad7e3ade54b6e1b584c617fe575f6e02d5ae5234,ETH,2026-06-23T14:53:31.902149+00:00,88.097851,1.737149,5,2.0,0.04000000000000001,0.22,0.26,True,False,False,21.75,0.0,0.0,21.75,0.0,0.2,0.21,0.0,-0.5437499999999998,0.0,-0.5437499999999998,21.75,-0.024999999999999994,all_assets_5s
1,0x2ff8516f19be15290d302be6eb4eb6f68fc8cd1cec67753590101df72b164150,SOL,2026-06-23T14:57:55.897437+00:00,124.102563,1.995437,5,2.0,0.09000000000000002,0.44,0.53,True,False,False,4.5,0.0,0.0,4.5,0.0,0.43,0.44,0.0,-0.06750000000000005,0.0,-0.06750000000000005,4.5,-0.01500000000000001,all_assets_5s
1,0x1929fa4e32594b1e9811cb2199fbe6016e169c13190221429a2a274622d6b572,BTC,2026-06-23T14:58:17.901200+00:00,102.0988,0.7432,5,2.0,0.040000000000000036,0.74,0.78,True,False,False,7.875,0.0,0.0,7.875,0.0,0.64,0.65,0.0,-0.8268749999999998,0.0,-0.8268749999999998,7.875,-0.10499999999999997,all_assets_5s
1,0x2ff8516f19be15290d302be6eb4eb6f68fc8cd1cec67753590101df72b164150,SOL,2026-06-23T14:58:53.900993+00:00,66.099007,1.739993,5,2.0,0.03999999999999998,0.14,0.18,False,True,False,0.0,1.875,0.0,0.0,1.875,0.18,0.2,0.0,0.0,-0.046875000000000035,-0.046875000000000035,1.875,-0.02500000000000002,all_assets_5s
1,0x1929fa4e32594b1e9811cb2199fbe6016e169c13190221429a2a274622d6b572,BTC,2026-06-23T14:58:55.907630+00:00,64.09237,1.67763,5,2.0,0.030000000000000027,0.52,0.55,False,True,False,0.0,4.845,0.0,0.0,4.845,0.67,0.68,0.0,0.0,-0.654075,-0.654075,4.845,-0.135,all_assets_5s
1,0x5d596992ee14c701506ece9f95cfca95bcd846aa535ea21eab961b466b2e20ca,SOL,2026-06-23T15:00:57.899252+00:00,242.100748,0.630252,5,2.0,0.04000000000000001,0.19,0.23,False,True,False,0.0,1.875,0.0,0.0,1.875,0.32,0.33,0.0,0.0,-0.19687500000000002,-0.19687500000000002,1.875,-0.10500000000000001,all_assets_5s
1,0x5d596992ee14c701506ece9f95cfca95bcd846aa535ea21eab961b466b2e20ca,SOL,2026-06-23T15:01:19.903009+00:00,220.096991,1.600009,5,2.0,0.03999999999999998,0.45,0.49,True,False,False,39.045,0.0,0.0,39.045,0.0,0.37,0.38,0.0,-3.318825000000001,0.0,-3.318825000000001,39.045,-0.08500000000000002,all_assets_5s
1,0x9a0e222ff0af3b4ffe137ba4572a85b096eee1f33ea85890f9ff16c83a02bc92,BTC,2026-06-23T15:11:29.896692+00:00,210.103308,1.651692,5,2.0,0.030000000000000027,0.53,0.56,True,False,False,32.306250000000006,0.0,0.0,32.306250000000006,0.0,0.5,0.51,0.0,-1.1307187500000009,0.0,-1.1307187500000009,32.306250000000006,-0.035000000000000024,all_assets_5s
1,0x9a0e222ff0af3b4ffe137ba4572a85b096eee1f33ea85890f9ff16c83a02bc92,BTC,2026-06-23T15:14:07.898776+00:00,52.101224,1.674776,5,2.0,0.07,0.31,0.38,False,True,False,0.0,24.195,0.0,0.0,24.195,0.34,0.35,0.0,0.0,0.6048750000000006,0.6048750000000006,24.195,0.025000000000000026,all_assets_5s
1,0x142fa1a5a2040d4bb0f82d42692bcc0738098cf5f3a65fb15520b4139e3e1704,BTC,2026-06-23T15:17:03.895874+00:00,176.104126,1.480874,5,2.0,0.03999999999999998,0.27,0.31,False,False,False,0.0,0.0,0.0,0.0,0.0,0.29,0.3,0.0,0.0,0.0,0.0,0.0,0.0,all_assets_5s
1,0x7f7f0c6ac70aeb25657e59122ec1737300133c6f99ddb8a5facb738a5e33d207,ETH,2026-06-23T15:24:07.893461+00:00,52.106539,1.288461,5,2.0,0.030000000000000027,0.63,0.66,True,False,False,22.5,0.0,0.0,22.5,0.0,0.61,0.62,0.0,-0.5625000000000004,0.0,-0.5625000000000004,22.5,-0.02500000000000002,all_assets_5s
1,0x9cc9bc6571bf90764d07b66e489e1ec356c81695ace8be7e10c52f199c8dfdbc,BTC,2026-06-23T15:26:49.903415+00:00,190.096585,1.921415,5,2.0,0.030000000000000027,0.73,0.76,True,False,False,8.8125,0.0,0.0,8.8125,0.0,0.71,0.72,0.0,-0.22031250000000016,0.0,-0.22031250000000016,8.8125,-0.02500000000000002,all_assets_5s
1,0x7c3fdc3e185ae7820eba61abc89ec62fb5449b06b4b403227e71947ae32b8035,SOL,2026-06-23T15:28:45.905305+00:00,74.094695,1.737305,5,2.0,0.04999999999999999,0.34,0.39,True,False,False,10.1175,0.0,0.0,10.1175,0.0,0.34,0.35,0.0,-0.0505875,0.0,-0.0505875,10.1175,-0.005,all_assets_5s
1,0x56ab07163dce252412060eb46f1eb2ce6df056247a6219b4a48095782d3af453,SOL,2026-06-23T15:30:03.898981+00:00,296.101019,1.650981,5,2.0,0.21999999999999997,0.51,0.73,False,False,False,0.0,0.0,0.0,0.0,0.0,0.61,0.62,0.0,0.0,0.0,0.0,0.0,0.0,all_assets_5s
1,0x81b974cba6d9421a3738bbc02f633a775b74f8577343415b65b84c57b003d298,BTC,2026-06-23T15:35:47.897704+00:00,252.102296,1.472704,5,2.0,0.030000000000000027,0.69,0.72,True,False,False,22.447499999999998,0.0,0.0,22.447499999999998,0.0,0.63,0.64,0.0,-1.4590874999999988,0.0,-1.4590874999999988,22.447499999999998,-0.06499999999999995,all_assets_5s
1,0x7da3576042b0dda6a5a68148b8df8a461115a15d14dc0f4e3cd0d86ab5d81fc9,BTC,2026-06-23T15:45:47.907336+00:00,252.092664,1.846336,5,2.0,0.030000000000000027,0.57,0.6,True,False,False,3.4124999999999996,0.0,0.0,3.4124999999999996,0.0,0.49,0.5,0.0,-0.29006249999999983,0.0,-0.29006249999999983,3.4124999999999996,-0.08499999999999996,all_assets_5s
1,0x55e57faefeda4e530373cff771bc2512114ad7173b05c71348be00478517ef84,SOL,2026-06-23T15:50:39.905951+00:00,260.094049,1.709951,5,2.0,0.030000000000000027,0.35,0.38,True,False,False,9.825,0.0,0.0,9.825,0.0,0.34,0.35,0.0,-0.14737499999999953,0.0,-0.14737499999999953,9.825,-0.014999999999999954,all_assets_5s
1,0x2b2691f3b5961e282a14d4469cda5565cea421fc3bb67ed90e30c3fbd69ae472,BTC,2026-06-23T15:55:57.901802+00:00,242.098198,1.647802,5,2.0,0.040000000000000036,0.51,0.55,False,True,False,0.0,22.68,0.0,0.0,22.68,0.63,0.64,0.0,0.0,-2.1545999999999994,-2.1545999999999994,22.68,-0.09499999999999997,all_assets_5s
1,0xb240e9ea38a7e5b15f9a6e6e43faae560cc3a0fb77bf817451577bdc51705fbf,SOL,2026-06-23T15:56:33.902358+00:00,206.097642,1.248358,5,2.0,0.030000000000000027,0.57,0.6,False,True,False,0.0,4.050000000000001,0.0,0.0,4.050000000000001,0.63,0.64,0.0,0.0,-0.18225000000000016,-0.18225000000000016,4.050000000000001,-0.04500000000000003,all_assets_5s
1,0xc6f223a5f8665707c2559934577e46186cea6dbdf5f1071f043016b445d9e370,BTC,2026-06-23T16:02:23.895452+00:00,156.104548,1.911452,5,2.0,0.06999999999999995,0.56,0.63,True,False,False,46.875,0.0,0.0,46.875,0.0,0.2,0.21,0.0,-17.109375000000004,0.0,-17.109375000000004,46.875,-0.3650000000000001,all_assets_5s
1,0x0bef20c3bb8175da33c11421b48301f5b9edaf9e06bd2f979ffb90d107a47081,SOL,2026-06-23T16:02:51.907582+00:00,128.092418,1.822582,5,2.0,0.04000000000000001,0.21,0.25,True,False,False,1.875,0.0,0.0,1.875,0.0,0.16,0.17,0.0,-0.10312499999999998,0.0,-0.10312499999999998,1.875,-0.054999999999999986,all_assets_5s
1,0x0bef20c3bb8175da33c11421b48301f5b9edaf9e06bd2f979ffb90d107a47081,SOL,2026-06-23T16:03:05.903103+00:00,114.096897,1.548103,5,2.0,0.04999999999999999,0.19,0.24,True,False,False,13.799999999999999,0.0,0.0,13.799999999999999,0.0,0.17,0.18,0.0,-0.34499999999999986,0.0,-0.34499999999999986,13.799999999999999,-0.02499999999999999,all_assets_5s
1,0xa398a6270563f9326bfcb613cff69cea7e845a18f1a2af98ebe7d848b6c80361,SOL,2026-06-23T16:05:39.906684+00:00,260.093316,1.378684,5,2.0,0.030000000000000027,0.84,0.87,True,False,False,21.0,0.0,0.0,21.0,0.0,0.85,0.86,0.0,0.10500000000000019,0.0,0.10500000000000019,21.0,0.005000000000000009,all_assets_5s
1,0x133b4173a838b63c7d4e0189c986cb1ae7194462836032194da725d861100097,SOL,2026-06-23T16:25:03.903483+00:00,296.096517,1.802483,5,2.0,0.12,0.28,0.4,False,True,False,0.0,3.75,0.0,0.0,3.75,0.42,0.43,0.0,0.0,-0.1312499999999999,-0.1312499999999999,3.75,-0.03499999999999997,all_assets_5s
1,0x2836965e55f9be92c72d26d693e444caef8c559ea84ce95a223ff84060e56c5d,BTC,2026-06-23T16:26:55.905532+00:00,184.094468,1.256532,5,2.0,0.06,0.42,0.48,True,False,False,22.5,0.0,0.0,22.5,0.0,0.41,0.43,0.0,-0.33750000000000024,0.0,-0.33750000000000024,22.5,-0.015000000000000012,all_assets_5s
1,0xc453bb86355b67f71cceac7ce0f68cca264043532145c6071daa7acaa9f1cfc8,ETH,2026-06-23T16:34:11.906930+00:00,48.09307,0.67893,5,2.0,0.08000000000000002,0.36,0.44,False,True,False,0.0,5.625,0.0,0.0,5.625,0.51,0.52,0.0,0.0,-0.47812500000000013,-0.47812500000000013,5.625,-0.08500000000000002,all_assets_5s
1,0xcaa0dd40336c8722033ba5c2267ba273e90b60e1ef30529bcc81bf56c7ab5c1b,SOL,2026-06-23T16:35:49.899849+00:00,250.100151,1.152849,5,2.0,0.030000000000000027,0.43,0.46,False,False,False,0.0,0.0,0.0,0.0,0.0,0.43,0.44,0.0,-0.0,0.0,0.0,0.0,0.0,all_assets_5s
1,0x4b6e8d2dd502f197e3b8ffc79d8e385d22173359f0faab93a82f29191f9bacea,BTC,2026-06-23T16:38:51.905687+00:00,68.094313,1.434687,5,2.0,0.03999999999999998,0.17,0.21,True,False,False,10.5,0.0,0.0,10.5,0.0,0.15,0.16,0.0,-0.2625000000000002,0.0,-0.2625000000000002,10.5,-0.025000000000000015,all_assets_5s
1,0x78e9550ddc72a00fab7bb51fe507c2c13d55ee310e935bcae9dbe8e1aa3209dc,BTC,2026-06-23T16:42:19.897331+00:00,160.102669,1.553331,5,2.0,0.030000000000000027,0.58,0.61,False,True,False,0.0,1.6350000000000002,0.0,0.0,1.6350000000000002,0.7,0.75,0.0,0.0,-0.23707500000000006,-0.23707500000000006,1.6350000000000002,-0.14500000000000002,all_assets_5s
1,0x78e9550ddc72a00fab7bb51fe507c2c13d55ee310e935bcae9dbe8e1aa3209dc,BTC,2026-06-23T16:43:19.906596+00:00,100.093404,1.613596,5,2.0,0.08999999999999997,0.67,0.76,True,True,True,25.424999999999997,46.875,25.424999999999997,0.0,21.450000000000003,0.79,0.81,2.033999999999999,0.0,-1.179750000000001,0.854249999999998,72.3,0.011815352697095409,all_assets_5s
1,0xea75692b8293cfca2c7464dbaef37ff18adec814392c7e59d57f7ce34ea2ab90,SOL,2026-06-23T16:55:37.901076+00:00,262.098924,1.664076,5,2.0,0.040000000000000036,0.59,0.63,True,False,False,12.57,0.0,0.0,12.57,0.0,0.5,0.51,0.0,-1.1941499999999996,0.0,-1.1941499999999996,12.57,-0.09499999999999996,all_assets_5s
1,0xb4f08cc4d9e63782c769b66c5c5d401c3cb64eda6cc1590a36603548e50a7256,SOL,2026-06-23T17:00:07.903209+00:00,292.096791,1.506209,5,2.0,0.03999999999999998,0.46,0.5,True,False,False,6.0,0.0,0.0,6.0,0.0,0.41,0.42,0.0,-0.33000000000000024,0.0,-0.33000000000000024,6.0,-0.05500000000000004,all_assets_5s
1,0x67d6deb51d518dc45e9e9e28a7797ee6af3267b743807c04d4edb5c28af9fa11,ETH,2026-06-23T17:01:11.906232+00:00,228.093768,1.741232,5,2.0,0.06,0.26,0.32,False,True,False,0.0,46.875,0.0,0.0,46.875,0.35,0.36,0.0,0.0,-2.109374999999999,-2.109374999999999,46.875,-0.044999999999999984,all_assets_5s
1,0x055b663118c591881b38a2ccd62e4aca964e02ca83c12418aa8b990f64c1b932,BTC,2026-06-23T17:20:25.907026+00:00,274.092974,1.126026,5,2.0,0.030000000000000027,0.52,0.55,False,True,False,0.0,46.875,0.0,0.0,46.875,0.56,0.57,0.0,0.0,-1.1718749999999958,-1.1718749999999958,46.875,-0.02499999999999991,all_assets_5s
1,0x4084025b22ec676c958a3036891b1dad62468eee2f24417abdd11262ccc5976a,ETH,2026-06-23T17:47:23.898905+00:00,156.101095,1.721905,5,2.0,0.03999999999999998,0.43,0.47,True,False,False,46.875,0.0,0.0,46.875,0.0,0.29,0.3,0.0,-6.796875000000001,0.0,-6.796875000000001,46.875,-0.14500000000000002,all_assets_5s
2,0x7ea5aaebb84391a40f9c9b8d359e0f7ea6568f9122da9062b8cd318af646dfba,BTC,2026-06-23T21:52:15.659166+00:00,164.340834,1.511166,5,2.0,0.040000000000000036,0.7,0.74,True,True,True,39.75,13.12125,13.12125,26.62875,0.0,0.69,0.71,0.3936375000000004,-0.39943125000000024,0.0,-0.00579374999999982,52.87125,-0.00010958223987516504,all_assets_5s
2,0x7ea5aaebb84391a40f9c9b8d359e0f7ea6568f9122da9062b8cd318af646dfba,BTC,2026-06-23T21:52:19.670104+00:00,160.329896,1.931104,5,2.0,0.04999999999999993,0.65,0.7,True,True,True,41.0625,6.96375,6.96375,34.09875,0.0,0.78,0.79,0.2785499999999995,4.26234375,-0.0,4.5408937499999995,48.02625,0.09455024595924104,all_assets_5s
2,0x7ea5aaebb84391a40f9c9b8d359e0f7ea6568f9122da9062b8cd318af646dfba,BTC,2026-06-23T21:52:35.664960+00:00,144.33504,1.96396,5,2.0,0.05999999999999994,0.67,0.73,False,True,False,0.0,3.75,0.0,0.0,3.75,0.77,0.78,0.0,0.0,-0.20625000000000016,-0.20625000000000016,3.75,-0.05500000000000004,all_assets_5s
2,0x0a9ca6cabfc86a5580cd27de1f73f9275a6bd970355b3aa923dab0be989fc01b,ETH,2026-06-23T22:57:01.661207+00:00,178.338793,1.940207,5,2.0,0.030000000000000027,0.74,0.77,False,True,False,0.0,7.0575,0.0,0.0,7.0575,0.92,0.93,0.0,0.0,-1.1644875000000003,-1.1644875000000003,7.0575,-0.16500000000000004,all_assets_5s
2,0x54326cb08942b3923240c4ca7a48a9b04edb1eb5e6b6f066ad89cf0e8b7714af,ETH,2026-06-23T23:05:03.669501+00:00,296.330499,1.905501,5,2.0,0.030000000000000027,0.49,0.52,True,False,False,3.8249999999999997,0.0,0.0,3.8249999999999997,0.0,0.21,0.22,0.0,-1.090125,0.0,-1.090125,3.8249999999999997,-0.28500000000000003,all_assets_5s
2,0xc755e09161255f5e7bf8eac216b4728f04aa44cf0830ecc14b58569c7f4c5f91,SOL,2026-06-24T00:06:35.658541+00:00,204.341459,1.972541,5,2.0,0.030000000000000027,0.76,0.79,False,True,False,0.0,5.887499999999999,0.0,0.0,5.887499999999999,0.79,0.8,0.0,0.0,-0.08831250000000004,-0.08831250000000004,5.887499999999999,-0.01500000000000001,all_assets_5s
2,0x832a7cd08cfd92010cf656979a27390755f3132c8882eb33a1bfb27e29deb943,ETH,2026-06-24T02:10:21.666139+00:00,278.333861,1.934139,5,2.0,0.030000000000000027,0.58,0.61,False,True,False,0.0,11.25,0.0,0.0,11.25,0.64,0.65,0.0,0.0,-0.5062500000000004,-0.5062500000000004,11.25,-0.04500000000000004,all_assets_5s
3,0x908dc5044eab9d5768e59c6ce1b123363314b8f29a599760fb17a853f1bfbb15,ETH,2026-06-24T15:52:40.755652+00:00,139.244348,1.868652,5,2.0,0.039999999999999925,0.67,0.71,False,True,False,0.0,7.0912500000000005,0.0,0.0,7.0912500000000005,0.84,0.85,0.0,0.0,-1.0282312500000002,-1.0282312500000002,7.0912500000000005,-0.14500000000000002,all_assets_5s
3,0x16d9a49118c42f6c43e48602f4356b563fe7d62f03eace901d12f3671b7534cd,SOL,2026-06-24T16:19:20.759384+00:00,39.240616,1.920384,5,2.0,0.050000000000000044,0.71,0.76,True,False,False,3.9749999999999996,0.0,0.0,3.9749999999999996,0.0,0.64,0.65,0.0,-0.2981249999999998,0.0,-0.2981249999999998,3.9749999999999996,-0.07499999999999996,all_assets_5s
3,0xfac222c67e9a366314d5012f7485349c5f0597ef38a8db54ab2eeb9d263fc9a0,BTC,2026-06-24T17:31:58.764409+00:00,181.235591,1.734409,5,2.0,0.03999999999999998,0.44,0.48,True,False,False,39.525000000000006,0.0,0.0,39.525000000000006,0.0,0.4,0.41,0.0,-1.7786249999999995,0.0,-1.7786249999999995,39.525000000000006,-0.04499999999999998,all_assets_5s
3,0xe0261c3af71ec76885a6befe78536d37f4f39622a19d0102257561caaca61811,SOL,2026-06-24T17:52:06.759950+00:00,173.24005,1.76995,5,2.0,0.07999999999999999,0.16,0.24,True,False,False,1.875,0.0,0.0,1.875,0.0,0.18,0.19,0.0,0.02812499999999998,0.0,0.02812499999999998,1.875,0.014999999999999989,all_assets_5s
3,0xe35e0247327c4aa7fa2d329fe648da1ed73e2c9dde8af578cb52ad4f638ae074,SOL,2026-06-24T17:59:08.761550+00:00,51.23845,1.87855,5,2.0,0.050000000000000044,0.35,0.4,True,True,True,18.285,4.199999999999999,4.199999999999999,14.085,0.0,0.5,0.54,0.16800000000000015,2.0423250000000004,-0.0,2.2103250000000005,22.485,0.09830220146764512,all_assets_5s
3,0x3d07d4fd8f80b13ff82b8a59ac4e27ef61cee1ca5f5e8b639dd421a3a7bc2fcb,SOL,2026-06-24T18:08:20.754991+00:00,99.245009,1.673991,5,2.0,0.030000000000000027,0.9,0.93,False,True,False,0.0,14.962499999999999,0.0,0.0,14.962499999999999,0.92,0.93,0.0,0.0,-0.07481249999999999,-0.07481249999999999,14.962499999999999,-0.005,all_assets_5s
3,0xb65494287b0ded4df523c3dfb7bc08d0faf51fbdea965329a079db51324f4dae,SOL,2026-06-24T18:23:52.766000+00:00,67.234,1.65,5,2.0,0.030000000000000027,0.96,0.99,False,False,False,0.0,0.0,0.0,0.0,0.0,0.97,0.98,0.0,0.0,0.0,0.0,0.0,0.0,all_assets_5s
3,0xf60c5ccad232c42657ee276cf479d8e88225c111dea7def79e5a1933206200ab,BTC,2026-06-24T18:58:14.756537+00:00,105.243463,1.830537,5,2.0,0.030000000000000027,0.78,0.81,False,True,False,0.0,20.7225,0.0,0.0,20.7225,0.85,0.87,0.0,0.0,-1.346962499999999,-1.346962499999999,20.7225,-0.06499999999999995,all_assets_5s
3,0xc41c9a019d29f207af68d3fe15e8a2e6a671b543b88682b44b73f2e1c6e1fbdb,BTC,2026-06-24T19:00:08.758904+00:00,291.241096,1.871904,5,2.0,0.030000000000000027,0.6,0.63,True,True,True,18.75,34.875,18.75,0.0,16.125,0.59,0.6,0.37500000000000044,-0.0,0.4031250000000004,0.7781250000000008,53.625,0.014510489510489527,all_assets_5s
3,0xfb2d975df6a6f30cb9fa99c239111a8258f5963b8823097c9ac12954546c26b7,SOL,2026-06-24T19:23:14.765408+00:00,105.234592,1.706408,5,2.0,0.030000000000000027,0.35,0.38,True,False,False,10.32,0.0,0.0,10.32,0.0,0.36,0.37,0.0,0.05160000000000009,0.0,0.05160000000000009,10.32,0.005000000000000009,all_assets_5s
3,0xf5a2d3e44ab4d845157e3dbc553f80c96b82c88ec472c3525fda5efc7d394b40,BTC,2026-06-24T19:35:26.762448+00:00,273.237552,1.913448,5,2.0,0.04999999999999993,0.53,0.58,True,True,True,13.286249999999999,29.25,13.286249999999999,0.0,15.963750000000001,0.63,0.64,0.5314499999999991,0.0,-1.037643750000001,-0.506193750000002,42.536249999999995,-0.011900290928325888,all_assets_5s
3,0xf8776b5271ce59d683b9da736a42f8139c58e4093ad342ae1288f9addc1b3cfe,BTC,2026-06-24T20:10:42.757321+00:00,257.242679,1.938321,5,2.0,0.030000000000000027,0.65,0.68,True,True,True,1.6875,46.875,1.6875,0.0,45.1875,0.72,0.73,0.033750000000000044,0.0,-2.485312499999997,-2.451562499999997,48.5625,-0.05048262548262542,all_assets_5s
3,0xf8776b5271ce59d683b9da736a42f8139c58e4093ad342ae1288f9addc1b3cfe,BTC,2026-06-24T20:11:18.754143+00:00,221.245857,1.752143,5,2.0,0.030000000000000027,0.71,0.74,False,True,False,0.0,46.875,0.0,0.0,46.875,0.75,0.76,0.0,0.0,-1.1718750000000009,-1.1718750000000009,46.875,-0.02500000000000002,all_assets_5s
3,0xa05cff8036c459cd240da3035dc85f2becf34afd9015231ad23fef6f39fa51c9,ETH,2026-06-25T00:36:18.754986+00:00,221.245014,1.622986,5,2.0,0.06,0.45,0.51,False,True,False,0.0,1.875,0.0,0.0,1.875,0.54,0.55,0.0,0.0,-0.08437500000000006,-0.08437500000000006,1.875,-0.04500000000000003,all_assets_5s
4,0x9a45530cac4285dc440738508a907ab9c508f77712544054f5078c8bc3cba2da,ETH,2026-06-25T20:18:46.807140+00:00,73.19286,1.59214,5,2.0,0.039999999999999925,0.8,0.84,False,True,False,0.0,1.875,0.0,0.0,1.875,0.88,0.89,0.0,0.0,-0.10312500000000008,-0.10312500000000008,1.875,-0.05500000000000004,all_assets_5s
4,0xac9139c518e392a875f62e63f04cbce8023219154217711edb7fe2231ebd89c6,BTC,2026-06-25T20:18:46.807140+00:00,73.19286,1.98114,5,2.0,0.050000000000000044,0.61,0.66,False,True,False,0.0,0.17625,0.0,0.0,0.17625,0.63,0.64,0.0,0.0,0.002643750000000003,0.002643750000000003,0.17625,0.015000000000000017,all_assets_5s
4,0x9a45530cac4285dc440738508a907ab9c508f77712544054f5078c8bc3cba2da,ETH,2026-06-25T20:18:52.810662+00:00,67.189338,1.417662,5,2.0,0.040000000000000036,0.87,0.91,True,True,True,2.9699999999999998,4.5,2.9699999999999998,0.0,1.5300000000000002,0.91,0.92,0.0891000000000001,0.0,-0.02295000000000002,0.06615000000000007,7.47,0.008855421686746998,all_assets_5s
4,0x0e65bd8f2c35d139a7a6aaf971af2cf90bcdbc0253585f6e57c5df4eb16c2295,BTC,2026-06-25T20:31:32.817449+00:00,207.182551,1.215449,5,2.0,0.04999999999999999,0.31,0.36,True,False,False,2.1975000000000002,0.0,0.0,2.1975000000000002,0.0,0.2,0.21,0.0,-0.2527125,0.0,-0.2527125,2.1975000000000002,-0.11499999999999999,all_assets_5s
4,0x7a1f7adb0e95a0a1ec1ec1bdf972078fe3bf9b8c14c79c5338bad045ffbff576,SOL,2026-06-25T20:35:10.815739+00:00,289.184261,1.772739,5,2.0,0.030000000000000027,0.61,0.64,True,False,False,1.875,0.0,0.0,1.875,0.0,0.55,0.56,0.0,-0.1218749999999999,0.0,-0.1218749999999999,1.875,-0.06499999999999995,all_assets_5s
4,0xe55e471a6cadcca3373d39159a0dfcc503b3e77b929ad7f7a1c62922ef3a0b39,ETH,2026-06-25T20:36:42.812020+00:00,197.18798,1.96002,5,2.0,0.039999999999999925,0.81,0.85,True,False,False,18.75,0.0,0.0,18.75,0.0,0.81,0.82,0.0,-0.09375,0.0,-0.09375,18.75,-0.005,all_assets_5s
4,0x345ecd2a0bfb9dc2dffef44d18ddcfa7bbd1bb1f5e221f85d529e10f9542e6aa,SOL,2026-06-25T20:51:28.806909+00:00,211.193091,1.227909,5,2.0,0.030000000000000027,0.31,0.34,False,True,False,0.0,1.875,0.0,0.0,1.875,0.33,0.34,0.0,0.0,-0.009375,-0.009375,1.875,-0.005,all_assets_5s
4,0x5c6760aa2aa0934cdff18131065bcca70c100abc46876e1d086f2333ec5994d9,BTC,2026-06-25T21:02:08.815375+00:00,171.184625,1.799375,5,2.0,0.05999999999999994,0.51,0.57,False,False,False,0.0,0.0,0.0,0.0,0.0,0.55,0.56,0.0,0.0,0.0,0.0,0.0,0.0,all_assets_5s
4,0x80f4d52bf8a69ad43c205b16ecf86c6e9b27e8d1df3613dc26f39b2b75bb2dbf,SOL,2026-06-25T21:07:24.815980+00:00,155.18402,1.66598,5,2.0,0.030000000000000027,0.35,0.38,True,False,False,8.399999999999999,0.0,0.0,8.399999999999999,0.0,0.34,0.35,0.0,-0.12599999999999958,0.0,-0.12599999999999958,8.399999999999999,-0.014999999999999953,all_assets_5s
4,0xe1f466e6312cce5d03e6d63d1e025d17853d34fe217fd3b68893183892507654,SOL,2026-06-25T21:11:32.803458+00:00,207.196542,1.224458,5,2.0,0.040000000000000036,0.63,0.67,False,False,False,0.0,0.0,0.0,0.0,0.0,0.66,0.67,0.0,0.0,-0.0,0.0,0.0,0.0,all_assets_5s
4,0x1febb7033402b49870fa20b4bc0b6ce97895eb9f19fca75e0738e38c75a927b2,SOL,2026-06-25T21:25:26.818064+00:00,273.181936,1.968064,5,2.0,0.05999999999999994,0.56,0.62,False,True,False,0.0,1.875,0.0,0.0,1.875,0.62,0.63,0.0,0.0,-0.028125000000000018,-0.028125000000000018,1.875,-0.01500000000000001,all_assets_5s
4,0x1febb7033402b49870fa20b4bc0b6ce97895eb9f19fca75e0738e38c75a927b2,SOL,2026-06-25T21:25:46.805010+00:00,253.19499,1.56901,5,2.0,0.030000000000000027,0.87,0.9,False,True,False,0.0,4.86,0.0,0.0,4.86,0.91,0.92,0.0,0.0,-0.1215000000000001,-0.1215000000000001,4.86,-0.02500000000000002,all_assets_5s
4,0xae2848fb6d2e41638bbd581054fbae303cae9fa05399386a3967adb588ef3c7e,SOL,2026-06-25T21:35:02.804691+00:00,297.195309,1.179691,5,2.0,0.14999999999999997,0.32,0.47,False,True,False,0.0,1.875,0.0,0.0,1.875,0.61,0.62,0.0,0.0,-0.290625,-0.290625,1.875,-0.155,all_assets_5s
4,0x9952c15986fdea833b3f2f36dcf6c4a25a8a5ffd72a7ac7d8f76d060c6e7b645,SOL,2026-06-25T22:00:58.811843+00:00,241.188157,1.401843,5,2.0,0.030000000000000027,0.29,0.32,True,False,False,6.6000000000000005,0.0,0.0,6.6000000000000005,0.0,0.24,0.25,0.0,-0.36299999999999993,0.0,-0.36299999999999993,6.6000000000000005,-0.054999999999999986,all_assets_5s
4,0x04f59a7c83ecb6237ec63ece27ccf360d1203dddb6c942d9fb83f974af685567,SOL,2026-06-25T22:24:12.803568+00:00,47.196432,1.422568,5,2.0,0.030000000000000027,0.51,0.54,True,False,False,3.63,0.0,0.0,3.63,0.0,0.5,0.51,0.0,-0.05445000000000003,0.0,-0.05445000000000003,3.63,-0.01500000000000001,all_assets_5s
4,0x62a2a6c1c832195bf6f619cca9b05658bbfeeb4a40b84d87f3a8dea103362915,BTC,2026-06-25T22:38:52.814237+00:00,67.185763,1.400237,5,2.0,0.050000000000000044,0.51,0.56,False,True,False,0.0,1.875,0.0,0.0,1.875,0.58,0.59,0.0,0.0,-0.06562499999999984,-0.06562499999999984,1.875,-0.03499999999999991,all_assets_5s
4,0x28f6d6f6d64c6a318107cbfe7420997965fd94dc732edabf6955fd99a3dfd381,SOL,2026-06-25T23:22:12.809787+00:00,167.190213,1.772787,5,2.0,0.030000000000000027,0.75,0.78,False,True,False,0.0,2.25,0.0,0.0,2.25,0.8,0.81,0.0,0.0,-0.07875000000000006,-0.07875000000000006,2.25,-0.035000000000000024,all_assets_5s
4,0x0c57f717926035bc0d2e027557263f7dae55fb00e58dd5573a7bfe0b5f053ae0,SOL,2026-06-26T01:10:22.813080+00:00,277.18692,1.89708,5,2.0,0.030000000000000027,0.59,0.62,True,False,False,12.345,0.0,0.0,12.345,0.0,0.57,0.58,0.0,-0.30862500000000026,0.0,-0.30862500000000026,12.345,-0.02500000000000002,all_assets_5s
4,0xbc80a16a50b5b96ebab7f266d58abb514cb444cd19211f0cae092247a32b58a2,SOL,2026-06-26T02:52:04.817082+00:00,175.182918,1.807082,5,2.0,0.04000000000000001,0.15,0.19,True,False,False,0.92625,0.0,0.0,0.92625,0.0,0.12,0.13,0.0,-0.032418749999999996,0.0,-0.032418749999999996,0.92625,-0.034999999999999996,all_assets_5s
4,0xccf7d1cf6321e80421097f6e058c2c3ebbce448ccf292b7bd1ba115c95e0c91c,SOL,2026-06-26T05:11:24.812028+00:00,215.187972,1.217028,5,2.0,0.030000000000000027,0.78,0.81,False,False,False,0.0,0.0,0.0,0.0,0.0,0.78,0.79,0.0,-0.0,0.0,0.0,0.0,0.0,all_assets_5s
4,0xb34dccf19137e2f5ae026c4d45037552dc97400a1b3bc211ed9745dd139260fc,SOL,2026-06-26T06:33:36.811943+00:00,83.188057,1.753943,5,2.0,0.06,0.25,0.31,True,False,False,8.82,0.0,0.0,8.82,0.0,0.16,0.17,0.0,-0.8379000000000001,0.0,-0.8379000000000001,8.82,-0.095,all_assets_5s
4,0x6461cb20a000fc158e4d366c7bc9935b7b4774272b389fa2d5dde289d62d042c,BTC,2026-06-26T06:46:48.812102+00:00,191.187898,1.726102,5,2.0,0.03999999999999998,0.43,0.47,False,True,False,0.0,46.875,0.0,0.0,46.875,0.67,0.68,0.0,0.0,-10.078125000000004,-10.078125000000004,46.875,-0.21500000000000008,all_assets_5s
5,0xa98d1067cc7e61f9c9d64acae0972f0b6c65e4b9f07684fd30b0fff4ac936e9a,ETH,2026-07-01T21:27:18.367482+00:00,161.632518,1.917482,5,2.0,0.07,0.35,0.42,True,False,False,1.875,0.0,0.0,1.875,0.0,0.38,0.39,0.0,0.04687500000000005,0.0,0.04687500000000005,1.875,0.025000000000000026,all_assets_5s
5,0x36d3a0bfa79de20fdf15122d360f4e6bbf48a1cc6347f13d76e81151fff6f8f4,SOL,2026-07-01T21:27:58.371771+00:00,121.628229,1.977771,5,2.0,0.05999999999999994,0.65,0.71,True,True,True,36.25125,20.625,20.625,15.626249999999999,0.0,0.71,0.72,1.0312499999999987,0.8594437499999991,-0.0,1.8906937499999978,56.87625,0.03324223643436404,all_assets_5s
5,0xa98d1067cc7e61f9c9d64acae0972f0b6c65e4b9f07684fd30b0fff4ac936e9a,ETH,2026-07-01T21:27:58.371771+00:00,121.628229,1.955771,5,2.0,0.030000000000000027,0.43,0.46,False,True,False,0.0,1.4625,0.0,0.0,1.4625,0.59,0.6,0.0,0.0,-0.21206249999999993,-0.21206249999999993,1.4625,-0.14499999999999996,all_assets_5s
5,0x36d3a0bfa79de20fdf15122d360f4e6bbf48a1cc6347f13d76e81151fff6f8f4,SOL,2026-07-01T21:28:18.373794+00:00,101.626206,1.955794,5,2.0,0.04999999999999993,0.66,0.71,False,True,False,0.0,46.875,0.0,0.0,46.875,0.7,0.72,0.0,0.0,-0.7031250000000004,-0.7031250000000004,46.875,-0.01500000000000001,all_assets_5s
5,0xa98d1067cc7e61f9c9d64acae0972f0b6c65e4b9f07684fd30b0fff4ac936e9a,ETH,2026-07-01T21:28:18.373794+00:00,101.626206,1.985794,5,2.0,0.039999999999999925,0.66,0.7,True,True,True,4.5,2.25,2.25,2.25,0.0,0.7,0.71,0.06749999999999982,0.07874999999999983,-0.0,0.14624999999999966,6.75,0.021666666666666615,all_assets_5s
5,0x36d3a0bfa79de20fdf15122d360f4e6bbf48a1cc6347f13d76e81151fff6f8f4,SOL,2026-07-01T21:28:44.368194+00:00,75.631806,1.937194,5,2.0,0.08000000000000007,0.82,0.9,False,True,False,0.0,3.75,0.0,0.0,3.75,0.94,0.95,0.0,0.0,-0.20624999999999974,-0.20624999999999974,3.75,-0.05499999999999993,all_assets_5s
5,0x36d3a0bfa79de20fdf15122d360f4e6bbf48a1cc6347f13d76e81151fff6f8f4,SOL,2026-07-01T21:29:14.367923+00:00,45.632077,1.894923,5,2.0,0.04999999999999993,0.89,0.94,True,False,False,1.875,0.0,0.0,1.875,0.0,0.87,0.88,0.0,-0.046875000000000035,0.0,-0.046875000000000035,1.875,-0.02500000000000002,all_assets_5s
5,0x1e5cc3e5781b2ef67a9e67bda1f9e9ea66b0f987cdf4813ffb9a722232781544,SOL,2026-07-01T21:31:14.368434+00:00,225.631566,1.984434,5,2.0,0.030000000000000027,0.71,0.74,False,True,False,0.0,46.875,0.0,0.0,46.875,0.74,0.75,0.0,0.0,-0.7031250000000004,-0.7031250000000004,46.875,-0.01500000000000001,all_assets_5s
5,0x96da5cdb37bd11a7169f95db688b72e1ceb3282c481cba43a0cffac83765aada,ETH,2026-07-01T21:33:20.363713+00:00,99.636287,1.782713,5,2.0,0.039999999999999925,0.91,0.95,False,True,False,0.0,12.0,0.0,0.0,12.0,0.98,0.99,0.0,0.0,-0.5400000000000004,-0.5400000000000004,12.0,-0.04500000000000003,all_assets_5s
5,0xccddd1603d20c4477f2ac4e9f226747d540c9f0fe9ebc85b76cbdd992afa90a5,SOL,2026-07-01T21:35:02.365044+00:00,297.634956,1.790044,5,2.0,0.10999999999999999,0.37,0.48,False,True,False,0.0,1.875,0.0,0.0,1.875,0.53,0.55,0.0,0.0,-0.1406250000000001,-0.1406250000000001,1.875,-0.07500000000000005,all_assets_5s
5,0xccddd1603d20c4477f2ac4e9f226747d540c9f0fe9ebc85b76cbdd992afa90a5,SOL,2026-07-01T21:35:24.373919+00:00,275.626081,1.974919,5,2.0,0.040000000000000036,0.41,0.45,False,True,False,0.0,1.875,0.0,0.0,1.875,0.49,0.5,0.0,0.0,-0.10312499999999998,-0.10312499999999998,1.875,-0.054999999999999986,all_assets_5s
5,0xccddd1603d20c4477f2ac4e9f226747d540c9f0fe9ebc85b76cbdd992afa90a5,SOL,2026-07-01T21:36:52.363490+00:00,187.63651,1.85749,5,2.0,0.03999999999999998,0.26,0.3,False,True,False,0.0,3.04125,0.0,0.0,3.04125,0.57,0.58,0.0,0.0,-0.8667562499999999,-0.8667562499999999,3.04125,-0.285,all_assets_5s
5,0xdc82514297e0235817b0c260d0771daa18aea7590d6e89abcc8c7273355ae68a,BTC,2026-07-01T21:36:54.368306+00:00,185.631694,1.983306,5,2.0,0.03999999999999998,0.37,0.41,False,True,False,0.0,3.75,0.0,0.0,3.75,0.47,0.48,0.0,0.0,-0.28125000000000006,-0.28125000000000006,3.75,-0.07500000000000001,all_assets_5s
5,0xccddd1603d20c4477f2ac4e9f226747d540c9f0fe9ebc85b76cbdd992afa90a5,SOL,2026-07-01T21:36:56.374213+00:00,183.625787,1.982213,5,2.0,0.030000000000000027,0.58,0.61,True,False,False,6.375,0.0,0.0,6.375,0.0,0.5,0.51,0.0,-0.5418749999999998,0.0,-0.5418749999999998,6.375,-0.08499999999999996,all_assets_5s
5,0xccddd1603d20c4477f2ac4e9f226747d540c9f0fe9ebc85b76cbdd992afa90a5,SOL,2026-07-01T21:37:26.370102+00:00,153.629898,1.973102,5,2.0,0.04999999999999999,0.45,0.5,True,False,False,1.875,0.0,0.0,1.875,0.0,0.43,0.44,0.0,-0.046875000000000035,0.0,-0.046875000000000035,1.875,-0.02500000000000002,all_assets_5s
5,0xdc82514297e0235817b0c260d0771daa18aea7590d6e89abcc8c7273355ae68a,BTC,2026-07-01T21:38:02.371563+00:00,117.628437,1.923563,5,2.0,0.030000000000000027,0.5,0.53,True,True,True,41.745,46.875,41.745,0.0,5.130000000000003,0.47,0.48,0.834900000000001,-0.0,0.23085000000000036,1.0657500000000013,88.62,0.012026066350710915,all_assets_5s
5,0xccddd1603d20c4477f2ac4e9f226747d540c9f0fe9ebc85b76cbdd992afa90a5,SOL,2026-07-01T21:38:04.363985+00:00,115.636015,1.866985,5,2.0,0.04000000000000001,0.22,0.26,True,False,False,13.395,0.0,0.0,13.395,0.0,0.22,0.23,0.0,-0.06697499999999999,0.0,-0.06697499999999999,13.395,-0.004999999999999999,all_assets_5s
5,0xccddd1603d20c4477f2ac4e9f226747d540c9f0fe9ebc85b76cbdd992afa90a5,SOL,2026-07-01T21:38:38.375395+00:00,81.624605,1.971395,5,2.0,0.030000000000000027,0.52,0.55,True,True,True,1.875,1.875,1.875,0.0,0.0,0.64,0.65,0.03750000000000005,0.0,-0.0,0.03750000000000005,3.75,0.010000000000000012,all_assets_5s
5,0xdc82514297e0235817b0c260d0771daa18aea7590d6e89abcc8c7273355ae68a,BTC,2026-07-01T21:38:50.365876+00:00,69.634124,1.993876,5,2.0,0.039999999999999925,0.93,0.97,False,True,False,0.0,46.875,0.0,0.0,46.875,0.96,0.97,0.0,0.0,-0.234375,-0.234375,46.875,-0.005,all_assets_5s
5,0xccddd1603d20c4477f2ac4e9f226747d540c9f0fe9ebc85b76cbdd992afa90a5,SOL,2026-07-01T21:38:52.371454+00:00,67.628546,1.978454,5,2.0,0.030000000000000027,0.84,0.87,True,False,False,6.6075,0.0,0.0,6.6075,0.0,0.57,0.59,0.0,-1.8170625,0.0,-1.8170625,6.6075,-0.275,all_assets_5s
5,0x751d9e9775099c1841d5ea89e96b99a0f7258d3ddbb59043c6aa855bc5fe1664,ETH,2026-07-01T21:38:54.361771+00:00,65.638229,1.969771,5,2.0,0.030000000000000027,0.47,0.5,True,False,False,18.52875,0.0,0.0,18.52875,0.0,0.17,0.18,0.0,-5.651268749999998,0.0,-5.651268749999998,18.52875,-0.30499999999999994,all_assets_5s
5,0xdc82514297e0235817b0c260d0771daa18aea7590d6e89abcc8c7273355ae68a,BTC,2026-07-01T21:39:06.367677+00:00,53.632323,1.984677,5,2.0,0.040000000000000036,0.73,0.77,True,False,False,4.7325,0.0,0.0,4.7325,0.0,0.56,0.59,0.0,-0.8281874999999996,0.0,-0.8281874999999996,4.7325,-0.17499999999999993,all_assets_5s
5,0xdc82514297e0235817b0c260d0771daa18aea7590d6e89abcc8c7273355ae68a,BTC,2026-07-01T21:39:16.362138+00:00,43.637862,1.837138,5,2.0,0.030000000000000027,0.5,0.53,True,True,True,2.0625,31.387500000000003,2.0625,0.0,29.325000000000003,0.69,0.7,0.04125000000000005,0.0,-5.131874999999998,-5.090624999999998,33.45,-0.15218609865470845,all_assets_5s
5,0xccddd1603d20c4477f2ac4e9f226747d540c9f0fe9ebc85b76cbdd992afa90a5,SOL,2026-07-01T21:39:18.368437+00:00,41.631563,1.706437,5,2.0,0.05999999999999994,0.52,0.58,False,True,False,0.0,8.82,0.0,0.0,8.82,0.8,0.81,0.0,0.0,-2.072700000000001,-2.072700000000001,8.82,-0.23500000000000013,all_assets_5s
5,0x4c09abece310efe0c502e2b081a875d0020f5b30af3c45f19145efd6b791df0b,ETH,2026-07-01T21:40:24.371334+00:00,275.628666,1.988334,5,2.0,0.040000000000000036,0.52,0.56,True,True,True,13.548750000000002,10.12875,10.12875,3.4200000000000017,0.0,0.55,0.56,0.30386250000000037,0.08550000000000013,-0.0,0.3893625000000005,23.677500000000002,0.016444409249287317,all_assets_5s
5,0x1e62581fd9a1f2400a72b0ace91b1149d1dd03a3202a315563efea9499e0e23b,BTC,2026-07-01T21:40:28.369988+00:00,271.630012,1.924988,5,2.0,0.07999999999999996,0.67,0.75,False,True,False,0.0,46.875,0.0,0.0,46.875,0.74,0.75,0.0,0.0,-0.234375,-0.234375,46.875,-0.005,all_assets_5s
5,0x2729a97dbed765fa7f38618dc0399548892a2600fac0138be2d913602762d5e7,SOL,2026-07-01T21:42:10.372804+00:00,169.627196,1.975804,5,2.0,0.03999999999999998,0.33,0.37,True,False,False,8.325,0.0,0.0,8.325,0.0,0.26,0.27,0.0,-0.624375,0.0,-0.624375,8.325,-0.07500000000000001,all_assets_5s
5,0xdf92f9514293b52fa02cd5e053b7e0ed46b9f94c13be09a814be51f9233eaef2,ETH,2026-07-01T21:45:02.364632+00:00,297.635368,1.992632,5,2.0,0.08999999999999997,0.39,0.48,False,False,False,0.0,0.0,0.0,0.0,0.0,0.47,0.48,0.0,0.0,-0.0,0.0,0.0,0.0,all_assets_5s
5,0x6de6d39220dc444c78dbc1caf949cc3583d01b10446468528a5b525b420e9392,SOL,2026-07-01T21:45:38.361985+00:00,261.638015,1.982985,5,2.0,0.039999999999999925,0.53,0.57,False,False,False,0.0,0.0,0.0,0.0,0.0,0.54,0.55,0.0,0.0,0.0,0.0,0.0,0.0,all_assets_5s
5,0x73f7d1cc0d6504cf2c207938cebb02a7bc6ab67576be605c9f3dcbc92bb18701,BTC,2026-07-01T21:45:46.372748+00:00,253.627252,1.899748,5,2.0,0.03999999999999998,0.44,0.48,True,False,False,17.37375,0.0,0.0,17.37375,0.0,0.43,0.44,0.0,-0.2606062500000002,0.0,-0.2606062500000002,17.37375,-0.015000000000000012,all_assets_5s
5,0x73f7d1cc0d6504cf2c207938cebb02a7bc6ab67576be605c9f3dcbc92bb18701,BTC,2026-07-01T21:45:50.368129+00:00,249.631871,1.954129,5,2.0,0.030000000000000027,0.37,0.4,True,True,True,4.72875,13.0425,4.72875,0.0,8.31375,0.48,0.49,0.09457500000000012,0.0,-0.7898062499999998,-0.6952312499999997,17.771250000000002,-0.03912112259970456,all_assets_5s
5,0xdf92f9514293b52fa02cd5e053b7e0ed46b9f94c13be09a814be51f9233eaef2,ETH,2026-07-01T21:45:56.370687+00:00,243.629313,1.982687,5,2.0,0.030000000000000027,0.5,0.53,True,True,True,46.875,3.1500000000000004,3.1500000000000004,43.725,0.0,0.57,0.58,0.06300000000000008,2.8421249999999976,-0.0,2.9051249999999977,50.025,0.05807346326836577,all_assets_5s
5,0x73f7d1cc0d6504cf2c207938cebb02a7bc6ab67576be605c9f3dcbc92bb18701,BTC,2026-07-01T21:46:50.367921+00:00,189.632079,1.980921,5,2.0,0.04999999999999999,0.31,0.36,True,True,True,19.38,1.875,1.875,17.505,0.0,0.48,0.49,0.07499999999999997,2.8883249999999996,-0.0,2.9633249999999998,21.255,0.13941778405081157,all_assets_5s
5,0x6de6d39220dc444c78dbc1caf949cc3583d01b10446468528a5b525b420e9392,SOL,2026-07-01T21:47:42.367429+00:00,137.632571,1.990429,5,2.0,0.030000000000000027,0.48,0.51,False,True,False,0.0,8.82,0.0,0.0,8.82,0.55,0.56,0.0,0.0,-0.48510000000000036,-0.48510000000000036,8.82,-0.05500000000000004,all_assets_5s
5,0xdf92f9514293b52fa02cd5e053b7e0ed46b9f94c13be09a814be51f9233eaef2,ETH,2026-07-01T21:48:22.367730+00:00,97.63227,1.84273,5,2.0,0.050000000000000044,0.61,0.66,True,False,False,12.0,0.0,0.0,12.0,0.0,0.53,0.54,0.0,-1.0199999999999996,0.0,-1.0199999999999996,12.0,-0.08499999999999996,all_assets_5s
5,0x47c5c4d1e64b9ad0d527ea83a9b281cf2ba73888df2eb450db55596e0bc1fb30,BTC,2026-07-01T21:50:52.366536+00:00,247.633464,1.964536,5,2.0,0.03999999999999998,0.37,0.41,True,True,True,37.905,31.125,31.125,6.780000000000001,0.0,0.44,0.45,0.9337499999999993,0.4407000000000001,-0.0,1.3744499999999995,69.03,0.019910908300738803,all_assets_5s
5,0x47c5c4d1e64b9ad0d527ea83a9b281cf2ba73888df2eb450db55596e0bc1fb30,BTC,2026-07-01T21:53:02.360460+00:00,117.63954,1.97346,5,2.0,0.08000000000000002,0.43,0.51,False,False,False,0.0,0.0,0.0,0.0,0.0,0.5,0.51,0.0,0.0,-0.0,0.0,0.0,0.0,all_assets_5s
5,0xfe7870a9fb715e078845814539d09fecec8c6c909833772826ad66e2adb43246,SOL,2026-07-01T21:53:22.364988+00:00,97.635012,1.846988,5,2.0,0.030000000000000027,0.94,0.97,False,True,False,0.0,46.875,0.0,0.0,46.875,0.97,0.98,0.0,0.0,-0.7031250000000004,-0.7031250000000004,46.875,-0.01500000000000001,all_assets_5s
5,0x7f95e1d134e20d37bac046b26b1986bea147bc22b45da2b3c4fa93a7907a0e64,SOL,2026-07-01T21:55:02.368886+00:00,297.631114,1.886886,5,2.0,0.07,0.42,0.49,False,True,False,0.0,3.1875,0.0,0.0,3.1875,0.58,0.59,0.0,0.0,-0.3346874999999999,-0.3346874999999999,3.1875,-0.10499999999999997,all_assets_5s
5,0x7f95e1d134e20d37bac046b26b1986bea147bc22b45da2b3c4fa93a7907a0e64,SOL,2026-07-01T21:55:08.373915+00:00,291.626085,1.876915,5,2.0,0.04999999999999993,0.55,0.6,False,True,False,0.0,11.25,0.0,0.0,11.25,0.63,0.64,0.0,0.0,-0.5062500000000004,-0.5062500000000004,11.25,-0.04500000000000004,all_assets_5s
5,0x7f95e1d134e20d37bac046b26b1986bea147bc22b45da2b3c4fa93a7907a0e64,SOL,2026-07-01T21:58:40.372165+00:00,79.627835,1.899165,5,2.0,0.030000000000000027,0.77,0.8,True,False,False,1.875,0.0,0.0,1.875,0.0,0.73,0.76,0.0,-0.08437500000000006,0.0,-0.08437500000000006,1.875,-0.04500000000000003,all_assets_5s
5,0x7f95e1d134e20d37bac046b26b1986bea147bc22b45da2b3c4fa93a7907a0e64,SOL,2026-07-01T21:58:48.365315+00:00,71.634685,1.977315,5,2.0,0.030000000000000027,0.73,0.76,False,True,False,0.0,28.18875,0.0,0.0,28.18875,0.82,0.83,0.0,0.0,-2.114156249999999,-2.114156249999999,28.18875,-0.07499999999999996,all_assets_5s
5,0x7f95e1d134e20d37bac046b26b1986bea147bc22b45da2b3c4fa93a7907a0e64,SOL,2026-07-01T21:59:18.365660+00:00,41.63434,1.96466,5,2.0,0.039999999999999925,0.81,0.85,True,False,False,4.199999999999999,0.0,0.0,4.199999999999999,0.0,0.81,0.82,0.0,-0.020999999999999998,0.0,-0.020999999999999998,4.199999999999999,-0.005,all_assets_5s
5,0x57f87262af3ca3fc831e294e631e17dfb34f697bedb03f86690993d1c41bf4c2,BTC,2026-07-01T22:02:42.364296+00:00,137.635704,1.993296,5,2.0,0.030000000000000027,0.36,0.39,True,True,True,4.893750000000001,9.375,4.893750000000001,0.0,4.481249999999999,0.43,0.44,0.09787500000000013,0.0,-0.2464687499999999,-0.14859374999999977,14.26875,-0.010413929040735858,all_assets_5s
5,0xd5fd7154e608f6ad96c455a12974647ebdc2bff30b93db08b70f0f4b5d27ff6b,SOL,2026-07-01T22:03:22.369147+00:00,97.630853,1.929147,5,2.0,0.05000000000000002,0.22,0.27,True,False,False,8.52,0.0,0.0,8.52,0.0,0.15,0.16,0.0,-0.639,0.0,-0.639,8.52,-0.07500000000000001,all_assets_5s
5,0x2f68e5085157ce2b5aaa31b91e618d5c8d2dce65f9509715d4ce9fd8b8de65ec,SOL,2026-07-01T22:08:10.363603+00:00,109.636397,1.882603,5,2.0,0.040000000000000036,0.5,0.54,False,True,False,0.0,3.37875,0.0,0.0,3.37875,0.56,0.57,0.0,0.0,-0.11825624999999972,-0.11825624999999972,3.37875,-0.03499999999999991,all_assets_5s
5,0x2f68e5085157ce2b5aaa31b91e618d5c8d2dce65f9509715d4ce9fd8b8de65ec,SOL,2026-07-01T22:08:36.368795+00:00,83.631205,1.935795,5,2.0,0.040000000000000036,0.71,0.75,True,False,False,33.75,0.0,0.0,33.75,0.0,0.67,0.68,0.0,-1.5187499999999974,0.0,-1.5187499999999974,33.75,-0.04499999999999992,all_assets_5s
5,0x2f68e5085157ce2b5aaa31b91e618d5c8d2dce65f9509715d4ce9fd8b8de65ec,SOL,2026-07-01T22:09:16.364433+00:00,43.635567,1.914433,5,2.0,0.039999999999999925,0.8,0.84,True,False,False,5.25,0.0,0.0,5.25,0.0,0.76,0.77,0.0,-0.23625000000000018,0.0,-0.23625000000000018,5.25,-0.04500000000000003,all_assets_5s
5,0x017e87d37f6ccec42d134265e6d538a4d2a20f4c4db0a71828799121719cbc8e,SOL,2026-07-01T22:12:36.372792+00:00,143.627208,1.917792,5,2.0,0.040000000000000036,0.62,0.66,True,False,False,16.40625,0.0,0.0,16.40625,0.0,0.61,0.62,0.0,-0.24609375000000017,0.0,-0.24609375000000017,16.40625,-0.01500000000000001,all_assets_5s
5,0x5162f05fe4efdd9d3eb2c840da4f6c249a23f265525267ac977ca2a6a9c85458,SOL,2026-07-01T22:15:02.366898+00:00,297.633102,1.985898,5,2.0,0.18,0.45,0.63,False,False,False,0.0,0.0,0.0,0.0,0.0,0.53,0.54,0.0,0.0,0.0,0.0,0.0,0.0,all_assets_5s
5,0x16ec952417f39d82675580663b49161fa387ea1ab867e3eba4ce081226d994d8,BTC,2026-07-01T22:19:20.367706+00:00,39.632294,1.992706,5,2.0,0.14,0.39,0.53,False,False,False,0.0,0.0,0.0,0.0,0.0,0.44,0.45,0.0,0.0,0.0,0.0,0.0,0.0,all_assets_5s
5,0xb04d9e5f31ea4614fdf20ce94c4c9f76f69d6f1b2b81f0b7a919740632369947,SOL,2026-07-01T22:21:18.376050+00:00,221.62395,0.83905,5,2.0,0.08000000000000007,0.6,0.68,False,True,False,0.0,4.5,0.0,0.0,4.5,0.96,0.97,0.0,0.0,-1.3274999999999997,-1.3274999999999997,4.5,-0.29499999999999993,all_assets_5s
5,0xb04d9e5f31ea4614fdf20ce94c4c9f76f69d6f1b2b81f0b7a919740632369947,SOL,2026-07-01T22:21:22.375335+00:00,217.624665,1.927335,5,2.0,0.040000000000000036,0.77,0.81,False,True,False,0.0,1.875,0.0,0.0,1.875,0.96,0.97,0.0,0.0,-0.30937499999999984,-0.30937499999999984,1.875,-0.16499999999999992,all_assets_5s
5,0x10c113f82fddb4f657504528e4f2606f60bb665623e0824f5a0b56976d763f66,BTC,2026-07-01T22:21:28.362633+00:00,211.637367,1.925633,5,2.0,0.039999999999999925,0.92,0.96,True,True,True,17.576249999999998,46.875,17.576249999999998,0.0,29.298750000000002,0.98,0.99,0.5272874999999986,0.0,-1.0254562500000008,-0.49816875000000227,64.45125,-0.0077293884913016,all_assets_5s
5,0x10c113f82fddb4f657504528e4f2606f60bb665623e0824f5a0b56976d763f66,BTC,2026-07-01T22:22:04.369604+00:00,175.630396,1.974604,5,2.0,0.040000000000000036,0.88,0.92,True,False,False,46.875,0.0,0.0,46.875,0.0,0.84,0.85,0.0,-2.1093750000000013,0.0,-2.1093750000000013,46.875,-0.045000000000000026,all_assets_5s
5,0xb04d9e5f31ea4614fdf20ce94c4c9f76f69d6f1b2b81f0b7a919740632369947,SOL,2026-07-01T22:22:20.371831+00:00,159.628169,1.975831,5,2.0,0.039999999999999925,0.79,0.83,False,True,False,0.0,34.845,0.0,0.0,34.845,0.92,0.95,0.0,0.0,-4.355625,-4.355625,34.845,-0.125,all_assets_5s
5,0x2b139d670d2706c6264dad011bc4e96df04633695a4fc75b669830f39f6693ce,BTC,2026-07-01T22:25:38.363793+00:00,261.636207,1.986793,5,2.0,0.030000000000000027,0.49,0.52,True,True,True,46.875,3.75,3.75,43.125,0.0,0.38,0.39,0.0750000000000001,-4.959375,0.0,-4.8843749999999995,50.625,-0.09648148148148147,all_assets_5s
5,0x5330f3288d309b2bb246086f6cf4d139e782acd5b44784839259604ae5e9f369,BTC,2026-07-01T22:32:16.363810+00:00,163.63619,1.81981,5,2.0,0.06,0.38,0.44,False,True,False,0.0,30.521250000000002,0.0,0.0,30.521250000000002,0.49,0.5,0.0,0.0,-1.9838812500000003,-1.9838812500000003,30.521250000000002,-0.065,all_assets_5s
5,0x26690f30c8250f214c3c585bafacecfe21ca18c719caac4709c063c6d47267b4,SOL,2026-07-01T22:32:34.362150+00:00,145.63785,1.80915,5,2.0,0.030000000000000027,0.7,0.73,True,False,False,2.4074999999999998,0.0,0.0,2.4074999999999998,0.0,0.68,0.69,0.0,-0.06018749999999977,0.0,-0.06018749999999977,2.4074999999999998,-0.024999999999999908,all_assets_5s
5,0x5330f3288d309b2bb246086f6cf4d139e782acd5b44784839259604ae5e9f369,BTC,2026-07-01T22:32:34.362150+00:00,145.63785,1.81315,5,2.0,0.039999999999999925,0.54,0.58,False,True,False,0.0,46.875,0.0,0.0,46.875,0.55,0.56,0.0,0.0,0.7031249999999956,0.7031249999999956,46.875,0.014999999999999906,all_assets_5s
5,0x8145a3bfddc61cdf01d45026aed596f0878c260884e8315caa000f5e42143a61,ETH,2026-07-01T22:32:34.362150+00:00,145.63785,1.80915,5,2.0,0.039999999999999925,0.55,0.59,True,False,False,4.875,0.0,0.0,4.875,0.0,0.52,0.53,0.0,-0.1706250000000001,0.0,-0.1706250000000001,4.875,-0.035000000000000024,all_assets_5s
5,0x5330f3288d309b2bb246086f6cf4d139e782acd5b44784839259604ae5e9f369,BTC,2026-07-01T22:32:52.375172+00:00,127.624828,1.812172,5,2.0,0.040000000000000036,0.57,0.61,True,False,False,46.875,0.0,0.0,46.875,0.0,0.51,0.52,0.0,-3.0468749999999973,0.0,-3.0468749999999973,46.875,-0.06499999999999995,all_assets_5s
5,0x5330f3288d309b2bb246086f6cf4d139e782acd5b44784839259604ae5e9f369,BTC,2026-07-01T22:33:34.363032+00:00,85.636968,1.808032,5,2.0,0.040000000000000036,0.24,0.28,True,False,False,46.875,0.0,0.0,46.875,0.0,0.23,0.24,0.0,-0.7031249999999991,0.0,-0.7031249999999991,46.875,-0.01499999999999998,all_assets_5s
5,0x5330f3288d309b2bb246086f6cf4d139e782acd5b44784839259604ae5e9f369,BTC,2026-07-01T22:34:06.364736+00:00,53.635264,1.994736,5,2.0,0.05999999999999994,0.53,0.59,True,False,False,3.375,0.0,0.0,3.375,0.0,0.3,0.31,0.0,-0.7931250000000002,0.0,-0.7931250000000002,3.375,-0.23500000000000007,all_assets_5s
5,0x5330f3288d309b2bb246086f6cf4d139e782acd5b44784839259604ae5e9f369,BTC,2026-07-01T22:34:12.370398+00:00,47.629602,1.937398,5,2.0,0.040000000000000036,0.3,0.34,False,True,False,0.0,46.875,0.0,0.0,46.875,0.43,0.44,0.0,0.0,-4.921874999999999,-4.921874999999999,46.875,-0.10499999999999998,all_assets_5s
5,0x06bf7937a18769d86039ea4ed35e5e8edd2a5c73d2ee04faffe90363450f8e3c,SOL,2026-07-01T22:36:24.369518+00:00,215.630482,1.991518,5,2.0,0.030000000000000027,0.52,0.55,True,False,False,46.545,0.0,0.0,46.545,0.0,0.43,0.44,0.0,-4.421775000000001,0.0,-4.421775000000001,46.545,-0.09500000000000001,all_assets_5s
5,0xe3072e523d36860dd178a5f6847dc9be0321afd3a248065656c43a8deb2ae75b,BTC,2026-07-01T22:36:46.367268+00:00,193.632732,1.890268,5,2.0,0.04999999999999999,0.44,0.49,False,False,False,0.0,0.0,0.0,0.0,0.0,0.44,0.46,0.0,-0.0,0.0,0.0,0.0,0.0,all_assets_5s
5,0x06bf7937a18769d86039ea4ed35e5e8edd2a5c73d2ee04faffe90363450f8e3c,SOL,2026-07-01T22:38:04.369579+00:00,115.630421,1.965579,5,2.0,0.030000000000000013,0.11,0.14,True,False,False,3.75,0.0,0.0,3.75,0.0,0.1,0.11,0.0,-0.05624999999999999,0.0,-0.05624999999999999,3.75,-0.014999999999999996,all_assets_5s
5,0xe3072e523d36860dd178a5f6847dc9be0321afd3a248065656c43a8deb2ae75b,BTC,2026-07-01T22:38:04.369579+00:00,115.630421,1.931579,5,2.0,0.07000000000000006,0.58,0.65,True,False,False,31.93875,0.0,0.0,31.93875,0.0,0.58,0.59,0.0,-0.15969375,0.0,-0.15969375,31.93875,-0.005,all_assets_5s
5,0x5fa18bc38c0901d676294b1c12ab6f628f925d47e0579a702d58f4ce1753f92c,SOL,2026-07-01T22:40:02.360947+00:00,297.639053,1.993947,5,2.0,0.09999999999999998,0.49,0.59,False,True,False,0.0,3.75,0.0,0.0,3.75,0.67,0.68,0.0,0.0,-0.3562500000000003,-0.3562500000000003,3.75,-0.09500000000000007,all_assets_5s
5,0x5fa18bc38c0901d676294b1c12ab6f628f925d47e0579a702d58f4ce1753f92c,SOL,2026-07-01T22:40:38.361142+00:00,261.638858,1.999142,5,2.0,0.030000000000000027,0.52,0.55,True,False,False,13.845,0.0,0.0,13.845,0.0,0.51,0.53,0.0,-0.20767500000000014,0.0,-0.20767500000000014,13.845,-0.01500000000000001,all_assets_5s
5,0x52245415f9de36a925d4cf8a8b859a50fa3391e33f70f19fe954a2ab2112349a,BTC,2026-07-01T22:40:40.370075+00:00,259.629925,1.926075,5,2.0,0.04999999999999999,0.32,0.37,True,True,True,36.75,1.875,1.875,34.875,0.0,0.37,0.38,0.07499999999999997,1.5693749999999997,-0.0,1.6443749999999997,38.625,0.042572815533980575,all_assets_5s
5,0x5fa18bc38c0901d676294b1c12ab6f628f925d47e0579a702d58f4ce1753f92c,SOL,2026-07-01T22:41:10.369413+00:00,229.630587,1.885413,5,2.0,0.030000000000000027,0.63,0.66,False,True,False,0.0,10.92,0.0,0.0,10.92,0.69,0.7,0.0,0.0,-0.49139999999999917,-0.49139999999999917,10.92,-0.04499999999999992,all_assets_5s
5,0x5fa18bc38c0901d676294b1c12ab6f628f925d47e0579a702d58f4ce1753f92c,SOL,2026-07-01T22:41:48.370397+00:00,191.629603,1.946397,5,2.0,0.040000000000000036,0.85,0.89,True,False,False,5.85,0.0,0.0,5.85,0.0,0.86,0.87,0.0,0.02925000000000005,0.0,0.02925000000000005,5.85,0.005000000000000009,all_assets_5s
5,0x52245415f9de36a925d4cf8a8b859a50fa3391e33f70f19fe954a2ab2112349a,BTC,2026-07-01T22:43:52.362308+00:00,67.637692,1.923308,5,2.0,0.14,0.53,0.67,True,False,False,9.75,0.0,0.0,9.75,0.0,0.42,0.43,0.0,-1.1212500000000005,0.0,-1.1212500000000005,9.75,-0.11500000000000006,all_assets_5s
5,0x5fa18bc38c0901d676294b1c12ab6f628f925d47e0579a702d58f4ce1753f92c,SOL,2026-07-01T22:44:14.361565+00:00,45.638435,1.996565,5,2.0,0.030000000000000027,0.53,0.56,True,False,False,6.0,0.0,0.0,6.0,0.0,0.46,0.47,0.0,-0.45000000000000007,0.0,-0.45000000000000007,6.0,-0.07500000000000001,all_assets_5s
5,0x22736fe4dce6cd4b31924cb86abf13251094c68718dae2a44039cad34045e44a,BTC,2026-07-01T22:45:10.363063+00:00,289.636937,1.896063,5,2.0,0.040000000000000036,0.48,0.52,True,False,False,26.38875,0.0,0.0,26.38875,0.0,0.51,0.52,0.0,0.6597187500000007,-0.0,0.6597187500000007,26.38875,0.025000000000000026,all_assets_5s
5,0x22736fe4dce6cd4b31924cb86abf13251094c68718dae2a44039cad34045e44a,BTC,2026-07-01T22:46:46.361761+00:00,193.638239,1.898761,5,2.0,0.09000000000000002,0.19,0.28,False,True,False,0.0,46.875,0.0,0.0,46.875,0.21,0.23,0.0,0.0,2.109375000000001,2.109375000000001,46.875,0.04500000000000002,all_assets_5s
5,0x22736fe4dce6cd4b31924cb86abf13251094c68718dae2a44039cad34045e44a,BTC,2026-07-01T22:48:40.364288+00:00,79.635712,1.966288,5,2.0,0.030000000000000027,0.59,0.62,False,True,False,0.0,7.5,0.0,0.0,7.5,0.59,0.6,0.0,-0.0,0.11250000000000013,0.11250000000000013,7.5,0.015000000000000017,all_assets_5s
5,0x15ab2d7e2d42a09632dcc4ee5939e898162938ea2ef3819ba064626cadbd3c19,SOL,2026-07-01T22:48:58.361478+00:00,61.638522,1.935478,5,2.0,0.04000000000000001,0.13,0.17,True,False,False,10.16625,0.0,0.0,10.16625,0.0,0.05,0.07,0.0,-0.86413125,0.0,-0.86413125,10.16625,-0.085,all_assets_5s
5,0x58b9f09be68fe1124bb5e0856eda2f2e1f21c65a220053375a3f323519cbce6e,BTC,2026-07-01T22:50:42.364496+00:00,257.635504,1.994496,5,2.0,0.040000000000000036,0.24,0.28,False,True,False,0.0,12.75,0.0,0.0,12.75,0.38,0.39,0.0,0.0,-1.4662499999999998,-1.4662499999999998,12.75,-0.11499999999999999,all_assets_5s
5,0x5f54e9c6bb825b42eaa947650609662e0daac22136ca86081acb6d26fa1103bb,ETH,2026-07-01T22:53:10.370408+00:00,109.629592,1.915408,5,2.0,0.04000000000000001,0.16,0.2,True,True,True,46.875,1.875,1.875,45.0,0.0,0.18,0.19,0.05625000000000001,0.6749999999999995,0.0,0.7312499999999995,48.75,0.01499999999999999,all_assets_5s
5,0xd81bfffedc579dd0ad39ad0c57385a45c3b884f140bd8688cf40d05c81e27196,BTC,2026-07-01T22:57:14.371950+00:00,165.62805,1.99195,5,2.0,0.050000000000000044,0.49,0.54,True,False,False,11.25,0.0,0.0,11.25,0.0,0.42,0.43,0.0,-0.8437500000000001,0.0,-0.8437500000000001,11.25,-0.07500000000000001,all_assets_5s
5,0xd81bfffedc579dd0ad39ad0c57385a45c3b884f140bd8688cf40d05c81e27196,BTC,2026-07-01T22:57:40.365435+00:00,139.634565,1.895435,5,2.0,0.030000000000000027,0.53,0.56,True,True,True,11.25,2.09625,2.09625,9.15375,0.0,0.59,0.6,0.04192500000000005,0.5034562499999995,-0.0,0.5453812499999996,13.34625,0.04086400674346724,all_assets_5s
5,0xd81bfffedc579dd0ad39ad0c57385a45c3b884f140bd8688cf40d05c81e27196,BTC,2026-07-01T22:58:14.363856+00:00,105.636144,1.999856,5,2.0,0.030000000000000027,0.64,0.67,False,True,False,0.0,21.048750000000002,0.0,0.0,21.048750000000002,0.8,0.81,0.0,0.0,-3.0520687500000006,-3.0520687500000006,21.048750000000002,-0.14500000000000002,all_assets_5s
5,0x18575f68c1a711c9e8d8335c52a357b0e17bb43376b322212f58547d8733eafc,ETH,2026-07-01T23:16:04.371390+00:00,235.62861,1.95839,5,2.0,0.040000000000000036,0.73,0.77,True,False,False,8.25,0.0,0.0,8.25,0.0,0.67,0.68,0.0,-0.5362499999999996,0.0,-0.5362499999999996,8.25,-0.06499999999999995,all_assets_5s
5,0x301a00a9c96a29e401409f19635c00e003d0d89f5926599f5e7abeee3b829438,SOL,2026-07-01T23:23:48.367538+00:00,71.632462,1.822538,5,2.0,0.030000000000000027,0.29,0.32,False,True,False,0.0,2.0062499999999996,0.0,0.0,2.0062499999999996,0.42,0.43,0.0,0.0,-0.23071874999999994,-0.23071874999999994,2.0062499999999996,-0.11499999999999999,all_assets_5s
5,0x7ea55c997691d4a613f8fc30b436f763ea1497b6d7fce656819b1493b05fc89e,ETH,2026-07-01T23:33:50.372684+00:00,69.627316,1.982684,5,2.0,0.03999999999999998,0.34,0.38,True,False,False,17.1,0.0,0.0,17.1,0.0,0.36,0.37,0.0,0.25649999999999934,0.0,0.25649999999999934,17.1,0.01499999999999996,all_assets_5s
5,0x8d22580ded9a1c9bb43a9581787566efeccc0dff2ba6843eef73d5789b5ad805,SOL,2026-07-01T23:41:10.361979+00:00,229.638021,1.964979,5,2.0,0.03999999999999998,0.46,0.5,False,True,False,0.0,9.66375,0.0,0.0,9.66375,0.53,0.54,0.0,0.0,-0.43486875000000036,-0.43486875000000036,9.66375,-0.04500000000000003,all_assets_5s
5,0xa8c5e47db8f8208d7345ef5021f0fb789ff3e8d3ad059f784547d3bbeb691b2b,ETH,2026-07-01T23:42:00.361022+00:00,179.638978,1.997022,5,2.0,0.050000000000000044,0.63,0.68,False,True,False,0.0,5.625,0.0,0.0,5.625,0.74,0.75,0.0,0.0,-0.4218749999999998,-0.4218749999999998,5.625,-0.07499999999999996,all_assets_5s
5,0x8d22580ded9a1c9bb43a9581787566efeccc0dff2ba6843eef73d5789b5ad805,SOL,2026-07-01T23:42:40.360079+00:00,139.639921,1.930079,5,2.0,0.1299999999999999,0.56,0.69,False,True,False,0.0,1.875,0.0,0.0,1.875,0.57,0.58,0.0,0.0,0.19687499999999997,0.19687499999999997,1.875,0.10499999999999998,all_assets_5s
5,0xfc8b3392f0bedad689e144a35adae140e439313fba94b2a3a48a3739841a8611,BTC,2026-07-01T23:43:46.375309+00:00,73.624691,1.993309,5,2.0,0.050000000000000044,0.7,0.75,True,False,False,46.875,0.0,0.0,46.875,0.0,0.55,0.56,0.0,-7.2656249999999964,0.0,-7.2656249999999964,46.875,-0.15499999999999992,all_assets_5s
5,0x0c4038723f7fecb3440b06827d85b4819961d6079d81bcc7a9d5d4debe22c47c,ETH,2026-07-01T23:46:16.360771+00:00,223.639229,1.928771,5,2.0,0.05000000000000002,0.21,0.26,True,False,False,8.8125,0.0,0.0,8.8125,0.0,0.14,0.15,0.0,-0.6609374999999998,0.0,-0.6609374999999998,8.8125,-0.07499999999999998,all_assets_5s
5,0xd88ec5d3c8d59c27d4cc179c88f50865e5e0b82a6e0e78c38cd5074fdd195fdc,BTC,2026-07-01T23:51:22.363478+00:00,217.636522,1.998478,5,2.0,0.050000000000000044,0.41,0.46,True,False,False,18.71625,0.0,0.0,18.71625,0.0,0.35,0.36,0.0,-1.21655625,0.0,-1.21655625,18.71625,-0.065,all_assets_5s
5,0xd88ec5d3c8d59c27d4cc179c88f50865e5e0b82a6e0e78c38cd5074fdd195fdc,BTC,2026-07-01T23:51:40.360223+00:00,199.639777,1.966223,5,2.0,0.06000000000000005,0.5,0.56,True,False,False,25.068749999999998,0.0,0.0,25.068749999999998,0.0,0.36,0.37,0.0,-3.63496875,0.0,-3.63496875,25.068749999999998,-0.14500000000000002,all_assets_5s
5,0x550308d3bfc319a4147f8f57d527b015c1766d823a1c907490fab98eb3db905e,SOL,2026-07-01T23:52:48.363901+00:00,131.636099,1.975901,5,2.0,0.030000000000000027,0.42,0.45,False,True,False,0.0,2.5875000000000004,0.0,0.0,2.5875000000000004,0.45,0.46,0.0,0.0,-0.03881250000000003,-0.03881250000000003,2.5875000000000004,-0.015000000000000008,all_assets_5s
5,0x06921e008eb7fd22ca1c772410408cab9020483d6bc453a69d002a21f59d213f,ETH,2026-07-01T23:53:10.360683+00:00,109.639317,1.984683,5,2.0,0.039999999999999925,0.68,0.72,False,True,False,0.0,4.875,0.0,0.0,4.875,0.71,0.72,0.0,0.0,-0.024375,-0.024375,4.875,-0.005,all_assets_5s
5,0xd88ec5d3c8d59c27d4cc179c88f50865e5e0b82a6e0e78c38cd5074fdd195fdc,BTC,2026-07-01T23:53:22.366876+00:00,97.633124,1.936876,5,2.0,0.040000000000000036,0.42,0.46,True,False,False,6.592499999999999,0.0,0.0,6.592499999999999,0.0,0.43,0.44,0.0,0.032962500000000054,0.0,0.032962500000000054,6.592499999999999,0.005000000000000009,all_assets_5s
5,0x550308d3bfc319a4147f8f57d527b015c1766d823a1c907490fab98eb3db905e,SOL,2026-07-01T23:54:04.367918+00:00,55.632082,1.858918,5,2.0,0.030000000000000027,0.71,0.74,False,True,False,0.0,6.074999999999999,0.0,0.0,6.074999999999999,0.8,0.81,0.0,0.0,-0.45562500000000034,-0.45562500000000034,6.074999999999999,-0.07500000000000007,all_assets_5s
5,0x550308d3bfc319a4147f8f57d527b015c1766d823a1c907490fab98eb3db905e,SOL,2026-07-01T23:54:16.361816+00:00,43.638184,1.983816,5,2.0,0.030000000000000027,0.77,0.8,False,True,False,0.0,1.8937499999999998,0.0,0.0,1.8937499999999998,0.86,0.87,0.0,0.0,-0.14203124999999991,-0.14203124999999991,1.8937499999999998,-0.07499999999999996,all_assets_5s
5,0x7443e373ed5a58a5ae3c9d6a2484b35fa5c40ecd650573bae1c507b2a00dfdb2,SOL,2026-07-02T00:00:58.362673+00:00,241.637327,1.974673,5,2.0,0.03999999999999998,0.2,0.24,True,False,False,3.0,0.0,0.0,3.0,0.0,0.14,0.15,0.0,-0.195,0.0,-0.195,3.0,-0.065,all_assets_5s
5,0x7443e373ed5a58a5ae3c9d6a2484b35fa5c40ecd650573bae1c507b2a00dfdb2,SOL,2026-07-02T00:02:52.365809+00:00,127.634191,1.980809,5,2.0,0.030000000000000006,0.04,0.07,False,False,False,0.0,0.0,0.0,0.0,0.0,0.05,0.06,0.0,0.0,0.0,0.0,0.0,0.0,all_assets_5s
5,0x7443e373ed5a58a5ae3c9d6a2484b35fa5c40ecd650573bae1c507b2a00dfdb2,SOL,2026-07-02T00:03:40.373542+00:00,79.626458,1.993542,5,2.0,0.030000000000000006,0.04,0.07,False,True,False,0.0,4.84875,0.0,0.0,4.84875,0.12,0.13,0.0,0.0,-0.31516875,-0.31516875,4.84875,-0.065,all_assets_5s
5,0xeddf45555c913fd350e7cf2de8cc2e453f7937affb695b0837b68b3f138b0889,SOL,2026-07-02T00:05:10.366046+00:00,289.633954,1.995046,5,2.0,0.050000000000000044,0.58,0.63,False,True,False,0.0,1.875,0.0,0.0,1.875,0.72,0.73,0.0,0.0,-0.19687499999999997,-0.19687499999999997,1.875,-0.10499999999999998,all_assets_5s
5,0x497426deeacceee0f1a8e6366a0c2f647cffdb8708a1e0fd0a8efec9236abbe9,ETH,2026-07-02T00:10:28.364198+00:00,271.635802,1.992198,5,2.0,0.030000000000000027,0.52,0.55,True,False,False,9.97125,0.0,0.0,9.97125,0.0,0.49,0.5,0.0,-0.3489937500000002,0.0,-0.3489937500000002,9.97125,-0.035000000000000024,all_assets_5s
5,0x0a96a6309db2806d5816262a9be5158cf060ed545d8aa3fbc7f5d498baea0533,BTC,2026-07-02T00:16:22.365631+00:00,217.634369,1.998631,5,2.0,0.03999999999999998,0.44,0.48,False,False,False,0.0,0.0,0.0,0.0,0.0,0.46,0.47,0.0,0.0,0.0,0.0,0.0,0.0,all_assets_5s
5,0x0a96a6309db2806d5816262a9be5158cf060ed545d8aa3fbc7f5d498baea0533,BTC,2026-07-02T00:17:22.360857+00:00,157.639143,1.981857,5,2.0,0.04999999999999999,0.24,0.29,True,False,False,3.1237500000000002,0.0,0.0,3.1237500000000002,0.0,0.16,0.17,0.0,-0.26551874999999997,0.0,-0.26551874999999997,3.1237500000000002,-0.08499999999999998,all_assets_5s
5,0x8b5af4173a04225b7aee8413b0d4757c318f4614bbb8d97863f426a71f0fb839,BTC,2026-07-02T00:25:40.362601+00:00,259.637399,1.952601,5,2.0,0.08000000000000002,0.43,0.51,True,False,False,46.875,0.0,0.0,46.875,0.0,0.44,0.45,0.0,0.23437500000000042,0.0,0.23437500000000042,46.875,0.005000000000000009,all_assets_5s
5,0xf5a212cf668b503264b793dbaf6142657854eb5cbfd864a184dc0a5821895673,ETH,2026-07-02T00:37:08.362917+00:00,171.637083,1.635917,5,2.0,0.030000000000000027,0.84,0.87,False,True,False,0.0,12.9375,0.0,0.0,12.9375,0.91,0.92,0.0,0.0,-0.7115625000000005,-0.7115625000000005,12.9375,-0.05500000000000004,all_assets_5s
5,0x0b7afa9b0852f4da0eb237bf817bcb7f8aef5e68dd95d52baba20abc06c16376,SOL,2026-07-02T00:37:38.369529+00:00,141.630471,1.981529,5,2.0,0.050000000000000044,0.58,0.63,True,False,False,10.350000000000001,0.0,0.0,10.350000000000001,0.0,0.51,0.52,0.0,-0.7762499999999997,0.0,-0.7762499999999997,10.350000000000001,-0.07499999999999996,all_assets_5s
5,0xe4741fc1a704dbffe64189577815a82a925efd978f4b352c83e96d2533c9cfb8,BTC,2026-07-02T00:39:10.367048+00:00,49.632952,1.972048,5,2.0,0.06,0.3,0.36,True,False,False,2.40375,0.0,0.0,2.40375,0.0,0.15,0.16,0.0,-0.37258125000000003,0.0,-0.37258125000000003,2.40375,-0.155,all_assets_5s
5,0x42914c6bb1e2e530a0632a2cf66f2cd356443d6a9bb35294fc99bf559e6803c0,SOL,2026-07-02T00:41:58.364487+00:00,181.635513,1.869487,5,2.0,0.030000000000000027,0.64,0.67,True,False,False,6.0,0.0,0.0,6.0,0.0,0.64,0.65,0.0,-0.03,0.0,-0.03,6.0,-0.005,all_assets_5s
5,0x779a3c0e591ca9189edaa19b0c10ef05933d7da913be2fa30743a4df01d817d5,BTC,2026-07-02T00:42:16.375825+00:00,163.624175,1.998825,5,2.0,0.04999999999999999,0.37,0.42,False,True,False,0.0,46.875,0.0,0.0,46.875,0.49,0.5,0.0,0.0,-3.984375000000001,-3.984375000000001,46.875,-0.08500000000000002,all_assets_5s
5,0x42914c6bb1e2e530a0632a2cf66f2cd356443d6a9bb35294fc99bf559e6803c0,SOL,2026-07-02T00:43:34.373354+00:00,85.626646,1.987354,5,2.0,0.04999999999999999,0.19,0.24,False,True,False,0.0,4.875,0.0,0.0,4.875,0.42,0.43,0.0,0.0,-0.950625,-0.950625,4.875,-0.195,all_assets_5s
5,0xcdc718a394d3473915d0c1dda22e25c0bd527eb715b59ac1bfeebc5b324016fd,BTC,2026-07-02T01:01:04.365697+00:00,235.634303,1.967697,5,2.0,0.040000000000000036,0.49,0.53,False,True,False,0.0,18.768749999999997,0.0,0.0,18.768749999999997,0.51,0.52,0.0,0.0,0.09384375000000016,0.09384375000000016,18.768749999999997,0.005000000000000009,all_assets_5s
5,0xcdc718a394d3473915d0c1dda22e25c0bd527eb715b59ac1bfeebc5b324016fd,BTC,2026-07-02T01:04:16.360603+00:00,43.639397,1.978603,5,2.0,0.030000000000000027,0.89,0.92,True,True,True,42.52125,20.2575,20.2575,22.26375,0.0,0.9,0.91,0.4051500000000005,0.1113187500000002,0.0,0.5164687500000007,62.77875,0.008226808434382664,all_assets_5s
5,0xef796963f52e4091ba04d330e44d0095d2394673cc4af0fd0a5fc393cbb133a7,BTC,2026-07-02T01:18:42.372615+00:00,77.627385,1.868615,5,2.0,0.050000000000000044,0.29,0.34,False,True,False,0.0,46.875,0.0,0.0,46.875,0.54,0.55,0.0,0.0,-10.078125000000002,-10.078125000000002,46.875,-0.21500000000000002,all_assets_5s
5,0xdec242bca8a3ee0ef79a721e94ead8e0fdad3b8cc816e2178ffa5c8e5c19a94e,SOL,2026-07-02T01:23:58.362180+00:00,61.63782,1.82518,5,2.0,0.030000000000000027,0.58,0.61,True,False,False,45.135,0.0,0.0,45.135,0.0,0.47,0.48,0.0,-5.190524999999999,0.0,-5.190524999999999,45.135,-0.11499999999999999,all_assets_5s
5,0x983e0264ab97aa4514966051d9e29b802de59fa829e3849ad4946a1a580cd11c,SOL,2026-07-02T01:26:16.365844+00:00,223.634156,1.979844,5,2.0,0.039999999999999925,0.78,0.82,False,True,False,0.0,1.875,0.0,0.0,1.875,0.82,0.83,0.0,0.0,-0.028125000000000018,-0.028125000000000018,1.875,-0.01500000000000001,all_assets_5s
5,0x16d4ddd24beefbfa10b8270becafeb65d29d4091499bf24a4a362cbd66c9bf8b,BTC,2026-07-02T01:40:28.369068+00:00,271.630932,1.964068,5,2.0,0.039999999999999925,0.66,0.7,False,True,False,0.0,5.38875,0.0,0.0,5.38875,0.78,0.79,0.0,0.0,-0.5119312500000004,-0.5119312500000004,5.38875,-0.09500000000000007,all_assets_5s
5,0xaff024a7de1f32094d8355e7c0b9cdf14afde6663af11dac1f6a3ed674459103,SOL,2026-07-02T02:00:02.360622+00:00,297.639378,1.947622,5,2.0,0.10999999999999999,0.5,0.61,True,False,False,7.425000000000001,0.0,0.0,7.425000000000001,0.0,0.36,0.37,0.0,-1.0766250000000002,0.0,-1.0766250000000002,7.425000000000001,-0.14500000000000002,all_assets_5s
5,0x72f7e09a9802044cdcdf90c7fdb23a244b2314dbc5c458d913f0528288f0e5b0,BTC,2026-07-02T02:04:16.362671+00:00,43.637329,1.987671,5,2.0,0.04999999999999999,0.37,0.42,True,False,False,46.875,0.0,0.0,46.875,0.0,0.27,0.29,0.0,-4.921874999999999,0.0,-4.921874999999999,46.875,-0.10499999999999998,all_assets_5s
5,0x588452a01bc0dc9c74492e7cb2de03e19916cccbde3f63a07da20a4f9e2ce6b8,BTC,2026-07-02T02:16:34.364894+00:00,205.635106,1.974894,5,2.0,0.050000000000000044,0.59,0.64,False,True,False,0.0,39.480000000000004,0.0,0.0,39.480000000000004,0.68,0.69,0.0,0.0,-2.1713999999999976,-2.1713999999999976,39.480000000000004,-0.05499999999999993,all_assets_5s
5,0xf0d9104930e71c00c527df01b0b5f73b9bcd6ffee51248bbfc9deee1b77e5b2d,SOL,2026-07-02T02:22:06.371241+00:00,173.628759,1.934241,5,2.0,0.030000000000000027,0.71,0.74,True,False,False,4.199999999999999,0.0,0.0,4.199999999999999,0.0,0.59,0.6,0.0,-0.5249999999999999,0.0,-0.5249999999999999,4.199999999999999,-0.125,all_assets_5s
5,0x76b13b3c71447a69f1b18cf9490af78510aea595fe35d4047c2847755158b258,SOL,2026-07-02T02:51:12.362595+00:00,227.637405,1.502595,5,2.0,0.030000000000000027,0.29,0.32,True,True,True,8.595,36.525000000000006,8.595,0.0,27.930000000000007,0.34,0.35,0.17190000000000022,0.0,-0.9775499999999994,-0.8056499999999991,45.120000000000005,-0.017855718085106363,all_assets_5s
5,0xcde95bc4fa1b5a953bf65e4db1087f593529b0dbe4cc8c117f994627a62a3f20,SOL,2026-07-02T02:56:22.372155+00:00,217.627845,1.999155,5,2.0,0.030000000000000027,0.72,0.75,True,True,True,7.5,45.01875,7.5,0.0,37.51875,0.75,0.76,0.1500000000000002,0.0,-0.5627812500000003,-0.41278125000000015,52.51875,-0.007859692966797576,all_assets_5s
5,0xd69c5b7ce1b66fe7745e070b544d04de2517e4b2093ff8309c5573bb8b38ce57,SOL,2026-07-02T03:38:22.362953+00:00,97.637047,1.976953,5,2.0,0.04999999999999999,0.25,0.3,True,True,True,1.935,1.875,1.875,0.06000000000000005,0.0,0.33,0.34,0.07499999999999997,0.004500000000000005,-0.0,0.07949999999999997,3.81,0.020866141732283457,all_assets_5s
5,0xf0e9dccff018e5c4278fe0a0944bbe81681e11b39a2a1728429bdaa7c0edf7f8,SOL,2026-07-02T04:17:48.372098+00:00,131.627902,1.231098,5,2.0,0.05000000000000002,0.21,0.26,True,False,False,31.875,0.0,0.0,31.875,0.0,0.21,0.22,0.0,-0.15937500000000002,0.0,-0.15937500000000002,31.875,-0.005,all_assets_5s
5,0xf0e9dccff018e5c4278fe0a0944bbe81681e11b39a2a1728429bdaa7c0edf7f8,SOL,2026-07-02T04:18:26.365604+00:00,93.634396,1.923604,5,2.0,0.030000000000000013,0.11,0.14,False,True,False,0.0,7.5,0.0,0.0,7.5,0.14,0.15,0.0,0.0,-0.11249999999999986,-0.11249999999999986,7.5,-0.014999999999999982,all_assets_5s
5,0xe537032fbc44977af44507c2ccedef2542cb83972838d6d9037a124ab728d63e,ETH,2026-07-02T07:40:30.364428+00:00,269.635572,1.161428,5,2.0,0.030000000000000027,0.48,0.51,False,True,False,0.0,46.875,0.0,0.0,46.875,0.63,0.64,0.0,0.0,-6.328125,-6.328125,46.875,-0.135,all_assets_5s
5,0x5f3247a638ffbca8686a579f296a64dcb98bf846f9e581643889ac6bcf0b20dd,ETH,2026-07-02T11:23:22.362512+00:00,97.637488,1.144512,5,2.0,0.030000000000000027,0.51,0.54,False,True,False,0.0,27.0,0.0,0.0,27.0,0.61,0.62,0.0,0.0,-2.294999999999999,-2.294999999999999,27.0,-0.08499999999999996,all_assets_5s
5,0x59d714d229297822fb05ffbb7386e21d896aefa24f0064d4c141bf982108e158,ETH,2026-07-02T11:42:50.365683+00:00,129.634317,1.501683,5,2.0,0.039999999999999925,0.55,0.59,True,False,False,46.875,0.0,0.0,46.875,0.0,0.51,0.52,0.0,-2.1093750000000013,0.0,-2.1093750000000013,46.875,-0.045000000000000026,all_assets_5s
5,0x388d323376fdc87db1062a7cee56cd9ee26cb1a4a5ea7d342a550d48686794c4,ETH,2026-07-02T12:05:02.370201+00:00,297.629799,1.983201,5,2.0,0.06000000000000005,0.49,0.55,False,True,False,0.0,7.5,0.0,0.0,7.5,0.61,0.62,0.0,0.0,-0.5624999999999997,-0.5624999999999997,7.5,-0.07499999999999996,all_assets_5s
5,0xfdd4d7f9eadc398c0df23a59aadb9ee61a56855c54b6ac9520602a5973e42087,SOL,2026-07-02T12:32:08.372675+00:00,171.627325,1.901675,5,2.0,0.04,0.04,0.08,False,False,False,0.0,0.0,0.0,0.0,0.0,0.04,0.06,0.0,-0.0,0.0,0.0,0.0,0.0,all_assets_5s
5,0xdaf0997753717b57a5481080f38ba33d4f2addc0a0d6b40dde8141282570bd68,ETH,2026-07-02T13:07:06.369890+00:00,173.63011,1.83289,5,2.0,0.030000000000000027,0.87,0.9,True,False,False,7.6875,0.0,0.0,7.6875,0.0,0.85,0.86,0.0,-0.19218750000000015,0.0,-0.19218750000000015,7.6875,-0.02500000000000002,all_assets_5s
5,0xa5b6bad869be795d3251c6c3746c657170887453c6b7a0465faa101998f6e730,SOL,2026-07-02T13:32:24.371066+00:00,155.628934,1.676066,5,2.0,0.030000000000000027,0.95,0.98,True,False,False,3.75,0.0,0.0,3.75,0.0,0.89,0.9,0.0,-0.2437499999999998,0.0,-0.2437499999999998,3.75,-0.06499999999999995,all_assets_5s
5,0xba6acf8da6d345173ee24e2b41e7d98ae87fb2f39f6c0d1839c33229ec4b802b,SOL,2026-07-02T14:00:28.373418+00:00,271.626582,1.695418,5,2.0,0.030000000000000027,0.24,0.27,False,True,False,0.0,11.100000000000001,0.0,0.0,11.100000000000001,0.3,0.31,0.0,0.0,-0.49949999999999983,-0.49949999999999983,11.100000000000001,-0.04499999999999998,all_assets_5s
5,0x05e80631298dc199e726e7de0889d93f56e9fd8ae85954d81cd331481e9094d2,BTC,2026-07-02T14:16:28.367019+00:00,211.632981,1.773019,5,2.0,0.040000000000000036,0.7,0.74,True,False,False,34.488749999999996,0.0,0.0,34.488749999999996,0.0,0.51,0.52,0.0,-6.725306249999997,0.0,-6.725306249999997,34.488749999999996,-0.19499999999999995,all_assets_5s
5,0x2fe107fbed98dce676cec877143f56698e156c7eee8c7c59e7b602983692e9d1,SOL,2026-07-02T14:46:12.364025+00:00,227.635975,1.484025,5,2.0,0.030000000000000027,0.74,0.77,True,True,True,6.0,13.03125,6.0,0.0,7.03125,0.77,0.78,0.12000000000000015,0.0,-0.10546875000000007,0.014531250000000079,19.03125,0.0007635467980295608,all_assets_5s
5,0x7c406b25f4da88f9bb71595492d2cb6ab44f1613c5d1ff0320db19ae6ab728b1,BTC,2026-07-02T15:11:40.366780+00:00,199.63322,1.48978,5,2.0,0.030000000000000027,0.43,0.46,False,True,False,0.0,46.875,0.0,0.0,46.875,0.65,0.7,0.0,0.0,-11.484374999999996,-11.484374999999996,46.875,-0.2449999999999999,all_assets_5s
5,0xec3d81b7d8584b8f748c46ec6051575aea1b7f0b804846c1c856314c71820487,BTC,2026-07-02T15:17:18.367930+00:00,161.63207,1.58393,5,2.0,0.040000000000000036,0.29,0.33,True,False,False,27.8925,0.0,0.0,27.8925,0.0,0.19,0.2,0.0,-2.928712499999999,0.0,-2.928712499999999,27.8925,-0.10499999999999998,all_assets_5s
5,0x3cc1dd8fd8849ee51302603db6f3a5c78eb51c97d44b5300b7184338bb13dee0,SOL,2026-07-02T16:13:50.364974+00:00,69.635026,1.300974,5,2.0,0.030000000000000027,0.96,0.99,False,False,False,0.0,0.0,0.0,0.0,0.0,0.97,0.99,0.0,0.0,-0.0,0.0,0.0,0.0,all_assets_5s
1,0x361e02b17b8c1de1305067c5fe90180c26464cc4107f64938641a1916efa3803,ETH,2026-06-23T12:08:59.899930+00:00,60.10007,1.95593,15,2.0,0.030000000000000027,0.52,0.55,True,True,True,41.325,10.125,10.125,31.200000000000003,0.0,0.44,0.45,0.20250000000000026,-2.652000000000001,0.0,-2.449500000000001,51.45,-0.04760932944606416,all_assets_15s
1,0x10b94fc16e760e9861168bfa5c164715dc694173a5fdfb9586e93161a4972310,SOL,2026-06-23T12:15:57.897492+00:00,242.102508,1.959492,15,2.0,0.03999999999999998,0.31,0.35,True,True,True,39.6825,6.75,6.75,32.9325,0.0,0.36,0.37,0.20249999999999985,1.4819624999999996,-0.0,1.6844624999999995,46.4325,0.03627766112098206,all_assets_15s
1,0x10b94fc16e760e9861168bfa5c164715dc694173a5fdfb9586e93161a4972310,SOL,2026-06-23T12:16:01.894099+00:00,238.105901,1.871099,15,2.0,0.06000000000000005,0.5,0.56,True,False,False,6.300000000000001,0.0,0.0,6.300000000000001,0.0,0.26,0.27,0.0,-1.5435,0.0,-1.5435,6.300000000000001,-0.245,all_assets_15s
1,0x10b94fc16e760e9861168bfa5c164715dc694173a5fdfb9586e93161a4972310,SOL,2026-06-23T12:16:13.898557+00:00,226.101443,1.882557,15,2.0,0.06,0.29,0.35,True,True,True,46.875,1.875,1.875,45.0,0.0,0.29,0.3,0.09374999999999999,-0.225,0.0,-0.13125000000000003,48.75,-0.002692307692307693,all_assets_15s
1,0x5e2774ee02ae824e6540e1ed8b8763072ddef48e61e870f0633386de66d15fb4,BTC,2026-06-23T12:16:35.894027+00:00,204.105973,1.950027,15,2.0,0.06,0.36,0.42,True,False,False,46.875,0.0,0.0,46.875,0.0,0.28,0.29,0.0,-3.9843749999999982,0.0,-3.9843749999999982,46.875,-0.08499999999999996,all_assets_15s
1,0x5e2774ee02ae824e6540e1ed8b8763072ddef48e61e870f0633386de66d15fb4,BTC,2026-06-23T12:18:17.905722+00:00,102.094278,1.984722,15,2.0,0.12,0.38,0.5,True,False,False,46.875,0.0,0.0,46.875,0.0,0.15,0.16,0.0,-11.015625,0.0,-11.015625,46.875,-0.235,all_assets_15s
1,0x5e2774ee02ae824e6540e1ed8b8763072ddef48e61e870f0633386de66d15fb4,BTC,2026-06-23T12:18:25.898736+00:00,94.101264,1.999736,15,2.0,0.06,0.3,0.36,True,False,False,22.9575,0.0,0.0,22.9575,0.0,0.12,0.13,0.0,-4.2471375,0.0,-4.2471375,22.9575,-0.185,all_assets_15s
1,0x99510e817d4c96ff676c7c7ba8a244dbf522bf7e5724c76b35c045058a8526b9,SOL,2026-06-23T12:20:03.893105+00:00,296.106895,1.993105,15,2.0,0.07999999999999996,0.33,0.41,True,False,False,7.5,0.0,0.0,7.5,0.0,0.28,0.29,0.0,-0.4124999999999999,0.0,-0.4124999999999999,7.5,-0.054999999999999986,all_assets_15s
1,0x99510e817d4c96ff676c7c7ba8a244dbf522bf7e5724c76b35c045058a8526b9,SOL,2026-06-23T12:21:09.906928+00:00,230.093072,1.952928,15,2.0,0.04000000000000001,0.22,0.26,True,False,False,43.275000000000006,0.0,0.0,43.275000000000006,0.0,0.18,0.19,0.0,-1.9473750000000005,0.0,-1.9473750000000005,43.275000000000006,-0.045000000000000005,all_assets_15s
1,0x99510e817d4c96ff676c7c7ba8a244dbf522bf7e5724c76b35c045058a8526b9,SOL,2026-06-23T12:22:01.898744+00:00,178.101256,1.632744,15,2.0,0.03999999999999998,0.17,0.21,True,False,False,6.89625,0.0,0.0,6.89625,0.0,0.12,0.14,0.0,-0.3792937500000001,0.0,-0.3792937500000001,6.89625,-0.055000000000000014,all_assets_15s
1,0x08fe30d5c954ada626d77ab55b26f340bb66ce49c2187b5fd51357aa18934651,SOL,2026-06-23T12:26:41.905352+00:00,198.094648,1.993352,15,2.0,0.09999999999999998,0.39,0.49,False,True,False,0.0,1.03875,0.0,0.0,1.03875,0.5,0.51,0.0,0.0,-0.02596875000000002,-0.02596875000000002,1.03875,-0.02500000000000002,all_assets_15s
1,0x08fe30d5c954ada626d77ab55b26f340bb66ce49c2187b5fd51357aa18934651,SOL,2026-06-23T12:27:01.902008+00:00,178.097992,1.934008,15,2.0,0.04999999999999993,0.52,0.57,True,False,False,1.875,0.0,0.0,1.875,0.0,0.46,0.5,0.0,-0.12187500000000001,0.0,-0.12187500000000001,1.875,-0.065,all_assets_15s
1,0x08fe30d5c954ada626d77ab55b26f340bb66ce49c2187b5fd51357aa18934651,SOL,2026-06-23T12:27:13.907779+00:00,166.092221,1.947779,15,2.0,0.06,0.41,0.47,True,True,True,18.75,35.625,18.75,0.0,16.875,0.46,0.52,0.9374999999999999,0.0,-0.9281250000000008,0.009374999999999134,54.375,0.00017241379310343235,all_assets_15s
1,0x08fe30d5c954ada626d77ab55b26f340bb66ce49c2187b5fd51357aa18934651,SOL,2026-06-23T12:27:19.895069+00:00,160.104931,1.943069,15,2.0,0.03999999999999998,0.46,0.5,True,True,True,29.76375,3.75,3.75,26.01375,0.0,0.46,0.48,0.11249999999999992,-0.13006875,0.0,-0.01756875000000009,33.51375,-0.0005242251314758894,all_assets_15s
1,0x08fe30d5c954ada626d77ab55b26f340bb66ce49c2187b5fd51357aa18934651,SOL,2026-06-23T12:27:43.897644+00:00,136.102356,1.429644,15,2.0,0.06999999999999995,0.4,0.47,False,True,False,0.0,25.222500000000004,0.0,0.0,25.222500000000004,0.46,0.5,0.0,0.0,-0.8827875000000007,-0.8827875000000007,25.222500000000004,-0.035000000000000024,all_assets_15s
1,0x08fe30d5c954ada626d77ab55b26f340bb66ce49c2187b5fd51357aa18934651,SOL,2026-06-23T12:28:11.900393+00:00,108.099607,1.990393,15,2.0,0.050000000000000044,0.61,0.66,True,True,True,1.875,20.625,1.875,0.0,18.75,0.77,0.86,0.07500000000000008,0.0,-3.843749999999999,-3.768749999999999,22.5,-0.16749999999999995,all_assets_15s
1,0xb250787b44f31fc05021ae28d88293c5c0dd9d36a10a81679aec6d0bbf4971d2,BTC,2026-06-23T12:28:59.892180+00:00,60.10782,1.99318,15,2.0,0.07,0.44,0.51,False,True,False,0.0,8.565,0.0,0.0,8.565,0.58,0.59,0.0,0.0,-0.7280249999999997,-0.7280249999999997,8.565,-0.08499999999999996,all_assets_15s
1,0xc343baf5a3c07eed88ed83884d909c1d89e3a4e48a2faa1fcb8c2dd0e3160d80,SOL,2026-06-23T12:31:09.896288+00:00,230.103712,1.989288,15,2.0,0.030000000000000027,0.62,0.65,False,True,False,0.0,3.75,0.0,0.0,3.75,0.8,0.81,0.0,0.0,-0.6187500000000001,-0.6187500000000001,3.75,-0.16500000000000004,all_assets_15s
1,0x0b1577d1d5900112d6fa2f51a1489c6954c9030dc316a67f59c28f9bdc50478c,ETH,2026-06-23T12:32:41.897149+00:00,138.102851,1.376149,15,2.0,0.030000000000000027,0.61,0.64,True,False,False,0.026250000000000002,0.0,0.0,0.026250000000000002,0.0,0.46,0.47,0.0,-0.0040687499999999995,0.0,-0.0040687499999999995,0.026250000000000002,-0.15499999999999997,all_assets_15s
1,0x0b1577d1d5900112d6fa2f51a1489c6954c9030dc316a67f59c28f9bdc50478c,ETH,2026-06-23T12:32:51.895654+00:00,128.104346,1.525654,15,2.0,0.06,0.4,0.46,True,True,True,13.125,10.5,10.5,2.625,0.0,0.54,0.55,0.5249999999999999,0.354375,-0.0,0.8793749999999999,23.625,0.03722222222222222,all_assets_15s
1,0xc343baf5a3c07eed88ed83884d909c1d89e3a4e48a2faa1fcb8c2dd0e3160d80,SOL,2026-06-23T12:32:51.895654+00:00,128.104346,1.997654,15,2.0,0.030000000000000027,0.52,0.55,True,True,True,1.875,42.57,1.875,0.0,40.695,0.56,0.57,0.03750000000000005,0.0,-1.0173749999999961,-0.979874999999996,44.445,-0.022046911913600992,all_assets_15s
1,0x3e3c5b4e9aad3db7ad6e9df8a4935bcf974e5a9521f4e26d591017460a526084,BTC,2026-06-23T12:32:53.902151+00:00,126.097849,1.955151,15,2.0,0.06,0.41,0.47,True,True,True,1.5862500000000002,16.96875,1.5862500000000002,0.0,15.3825,0.48,0.49,0.07931250000000001,0.0,-0.3845625000000003,-0.3052500000000003,18.555,-0.016451091350040435,all_assets_15s
1,0xc343baf5a3c07eed88ed83884d909c1d89e3a4e48a2faa1fcb8c2dd0e3160d80,SOL,2026-06-23T12:33:41.904355+00:00,78.095645,1.992355,15,2.0,0.07,0.27,0.34,True,False,False,3.3225,0.0,0.0,3.3225,0.0,0.26,0.31,0.0,-0.04983750000000003,0.0,-0.04983750000000003,3.3225,-0.01500000000000001,all_assets_15s
1,0x3e3c5b4e9aad3db7ad6e9df8a4935bcf974e5a9521f4e26d591017460a526084,BTC,2026-06-23T12:34:05.892696+00:00,54.107304,1.987696,15,2.0,0.06,0.34,0.4,True,True,True,46.875,9.5625,9.5625,37.3125,0.0,0.21,0.22,0.47812499999999997,-5.037187500000002,0.0,-4.559062500000001,56.4375,-0.08078073089700999,all_assets_15s
1,0xae43ffcf998c518115309c5630c17b537ec93ac78085175665df09baab0a9b5d,SOL,2026-06-23T12:35:03.902206+00:00,296.097794,1.969206,15,2.0,0.08999999999999997,0.4,0.49,False,True,False,0.0,30.0,0.0,0.0,30.0,0.64,0.65,0.0,0.0,-4.950000000000001,-4.950000000000001,30.0,-0.16500000000000004,all_assets_15s
1,0x4844e81275247e30c313416b98b69e3d4f32d6e69c07edd066a7f9b77376346a,BTC,2026-06-23T12:36:35.897613+00:00,204.102387,1.994613,15,2.0,0.030000000000000027,0.7,0.73,True,True,True,46.875,29.786250000000003,29.786250000000003,17.088749999999997,0.0,0.82,0.83,0.5957250000000008,1.9652062499999996,-0.0,2.5609312500000003,76.66125,0.0334058112801448,all_assets_15s
1,0x4844e81275247e30c313416b98b69e3d4f32d6e69c07edd066a7f9b77376346a,BTC,2026-06-23T12:37:31.895559+00:00,148.104441,1.906559,15,2.0,0.039999999999999925,0.68,0.72,True,False,False,46.875,0.0,0.0,46.875,0.0,0.66,0.67,0.0,-1.1718750000000009,0.0,-1.1718750000000009,46.875,-0.02500000000000002,all_assets_15s
1,0x4844e81275247e30c313416b98b69e3d4f32d6e69c07edd066a7f9b77376346a,BTC,2026-06-23T12:38:25.896617+00:00,94.103383,1.935617,15,2.0,0.030000000000000027,0.57,0.6,True,True,True,46.875,7.875,7.875,39.0,0.0,0.23,0.24,0.1575000000000002,-13.454999999999998,0.0,-13.297499999999998,54.75,-0.2428767123287671,all_assets_15s
1,0xae43ffcf998c518115309c5630c17b537ec93ac78085175665df09baab0a9b5d,SOL,2026-06-23T12:38:31.899878+00:00,88.100122,1.898878,15,2.0,0.039999999999999925,0.81,0.85,True,False,False,2.0999999999999996,0.0,0.0,2.0999999999999996,0.0,0.51,0.52,0.0,-0.6405,0.0,-0.6405,2.0999999999999996,-0.30500000000000005,all_assets_15s
1,0xae43ffcf998c518115309c5630c17b537ec93ac78085175665df09baab0a9b5d,SOL,2026-06-23T12:38:41.896331+00:00,78.103669,1.996331,15,2.0,0.030000000000000027,0.57,0.6,True,False,False,8.82,0.0,0.0,8.82,0.0,0.45,0.46,0.0,-1.1024999999999996,0.0,-1.1024999999999996,8.82,-0.12499999999999994,all_assets_15s
1,0x15cf859fb4b14945c272550356555a4cac11dc5ad478aaa67ee1e7ecc03291e4,BTC,2026-06-23T12:41:13.903495+00:00,226.096505,1.915495,15,2.0,0.040000000000000036,0.61,0.65,False,True,False,0.0,46.875,0.0,0.0,46.875,0.77,0.78,0.0,0.0,-6.328125,-6.328125,46.875,-0.135,all_assets_15s
1,0x15cf859fb4b14945c272550356555a4cac11dc5ad478aaa67ee1e7ecc03291e4,BTC,2026-06-23T12:41:25.907929+00:00,214.092071,1.391929,15,2.0,0.04999999999999993,0.67,0.72,False,True,False,0.0,7.89,0.0,0.0,7.89,0.68,0.69,0.0,0.0,0.1972500000000002,0.1972500000000002,7.89,0.025000000000000026,all_assets_15s
1,0x15cf859fb4b14945c272550356555a4cac11dc5ad478aaa67ee1e7ecc03291e4,BTC,2026-06-23T12:41:47.894137+00:00,192.105863,1.982137,15,2.0,0.030000000000000027,0.64,0.67,True,False,False,46.875,0.0,0.0,46.875,0.0,0.58,0.59,0.0,-3.0468750000000027,0.0,-3.0468750000000027,46.875,-0.06500000000000006,all_assets_15s
1,0xaf3940c3649b4c89eef41e58ce8866c94b7ee1259a9abed62d3efe93942c1076,SOL,2026-06-23T12:43:47.907595+00:00,72.092405,1.564595,15,2.0,0.040000000000000036,0.71,0.75,True,False,False,4.199999999999999,0.0,0.0,4.199999999999999,0.0,0.67,0.69,0.0,-0.18899999999999964,0.0,-0.18899999999999964,4.199999999999999,-0.04499999999999992,all_assets_15s
1,0xecd018b95fc8eb0027d26d356a24d1acbe9a0dec52bd69916a6f3f224cffab99,SOL,2026-06-23T12:45:03.900322+00:00,296.099678,1.988322,15,2.0,0.04999999999999999,0.37,0.42,True,False,False,3.75,0.0,0.0,3.75,0.0,0.22,0.23,0.0,-0.58125,0.0,-0.58125,3.75,-0.155,all_assets_15s
1,0xecd018b95fc8eb0027d26d356a24d1acbe9a0dec52bd69916a6f3f224cffab99,SOL,2026-06-23T12:45:09.904229+00:00,290.095771,1.416229,15,2.0,0.030000000000000027,0.3,0.33,True,True,True,4.199999999999999,5.25,4.199999999999999,0.0,1.0500000000000007,0.26,0.27,0.08400000000000009,-0.0,0.05775000000000004,0.14175000000000013,9.45,0.015000000000000015,all_assets_15s
1,0x8b41f43723ed2376613e6cb25752aa4b4d5e9bdb3889582ba5ba852357abbb7d,ETH,2026-06-23T12:46:23.903251+00:00,216.096749,1.954251,15,2.0,0.03999999999999998,0.38,0.42,True,True,True,6.2250000000000005,46.875,6.2250000000000005,0.0,40.65,0.41,0.42,0.1867499999999999,0.0,-0.20325,-0.016500000000000098,53.1,-0.000310734463276838,all_assets_15s
1,0xc128c8d97c7bea7629ec90c804eb83e6272fc62d486a386b9745b0145ec90c2b,BTC,2026-06-23T12:48:59.899934+00:00,60.100066,1.405934,15,2.0,0.04000000000000001,0.22,0.26,True,True,True,46.875,17.25,17.25,29.625,0.0,0.12,0.13,0.5175000000000001,-3.110625,0.0,-2.593125,64.125,-0.04043859649122807,all_assets_15s
1,0x80fa400f1c512f05cf89f0b83cf25f099d35719621804264d78c3a62ac178851,ETH,2026-06-23T12:50:15.898123+00:00,284.101877,1.994123,15,2.0,0.04999999999999999,0.34,0.39,False,True,False,0.0,1.875,0.0,0.0,1.875,0.41,0.42,0.0,0.0,-0.06562499999999995,-0.06562499999999995,1.875,-0.03499999999999997,all_assets_15s
1,0xed0cd82d0214b7604c2d30e0647762eee75b44dbf04328295e99a14c6e872803,BTC,2026-06-23T12:50:43.906348+00:00,256.093652,1.842348,15,2.0,0.04999999999999993,0.53,0.58,True,False,False,33.75,0.0,0.0,33.75,0.0,0.43,0.44,0.0,-3.543750000000001,0.0,-3.543750000000001,33.75,-0.10500000000000004,all_assets_15s
1,0x15a852526dd1af8d62e66b9376aac4181687555c1f0228c12e65af0f5c9aa5ac,SOL,2026-06-23T12:55:03.894069+00:00,296.105931,1.846069,15,2.0,0.08000000000000002,0.41,0.49,False,True,False,0.0,1.875,0.0,0.0,1.875,0.61,0.62,0.0,0.0,-0.25312500000000004,-0.25312500000000004,1.875,-0.13500000000000004,all_assets_15s
1,0x15a852526dd1af8d62e66b9376aac4181687555c1f0228c12e65af0f5c9aa5ac,SOL,2026-06-23T12:55:07.907215+00:00,292.092785,1.854215,15,2.0,0.040000000000000036,0.58,0.62,False,True,False,0.0,5.25,0.0,0.0,5.25,0.68,0.75,0.0,0.0,-0.70875,-0.70875,5.25,-0.135,all_assets_15s
1,0x15a852526dd1af8d62e66b9376aac4181687555c1f0228c12e65af0f5c9aa5ac,SOL,2026-06-23T12:55:25.898261+00:00,274.101739,1.797261,15,2.0,0.06999999999999995,0.68,0.75,False,False,False,0.0,0.0,0.0,0.0,0.0,0.72,0.73,0.0,0.0,0.0,0.0,0.0,0.0,all_assets_15s
1,0x15a852526dd1af8d62e66b9376aac4181687555c1f0228c12e65af0f5c9aa5ac,SOL,2026-06-23T12:58:33.907532+00:00,86.092468,1.984532,15,2.0,0.030000000000000027,0.7,0.73,True,True,True,2.6774999999999998,3.61125,2.6774999999999998,0.0,0.9337500000000003,0.66,0.67,0.05355000000000006,-0.0,0.051356249999999964,0.10490625000000003,6.28875,0.016681574239713778,all_assets_15s
1,0x73b42a0c225c5bbb5c2aff5dd948437e2f5a7a84842dd54977e0f82fd802ce32,ETH,2026-06-23T12:58:49.905534+00:00,70.094466,1.649534,15,2.0,0.03999999999999998,0.26,0.3,True,True,True,1.755,45.825,1.755,0.0,44.07,0.35,0.36,0.05264999999999996,0.0,-2.86455,-2.8119,47.580000000000005,-0.0590983606557377,all_assets_15s
1,0x8a7f53ee1409e47189a78153af906e050ef7462241f1c09bd35b633acd3bc92b,SOL,2026-06-23T13:00:07.895392+00:00,292.104608,1.970392,15,2.0,0.039999999999999925,0.53,0.57,True,False,False,31.875,0.0,0.0,31.875,0.0,0.38,0.39,0.0,-4.940625000000001,0.0,-4.940625000000001,31.875,-0.15500000000000003,all_assets_15s
1,0x4becaa14ccbce45710a41da5e9bc5ddd9b8e927cef7cfb593a22c9b4a2262bdd,BTC,2026-06-23T13:00:23.896379+00:00,276.103621,1.477379,15,2.0,0.030000000000000027,0.5,0.53,True,True,True,14.415,46.875,14.415,0.0,32.46,0.59,0.61,0.28830000000000033,0.0,-2.7590999999999988,-2.4707999999999983,61.29,-0.040313264806656854,all_assets_15s
1,0x8a7f53ee1409e47189a78153af906e050ef7462241f1c09bd35b633acd3bc92b,SOL,2026-06-23T13:02:09.906762+00:00,170.093238,1.759762,15,2.0,0.030000000000000027,0.63,0.66,True,False,False,1.875,0.0,0.0,1.875,0.0,0.47,0.48,0.0,-0.30937500000000007,0.0,-0.30937500000000007,1.875,-0.16500000000000004,all_assets_15s
1,0x8a7f53ee1409e47189a78153af906e050ef7462241f1c09bd35b633acd3bc92b,SOL,2026-06-23T13:02:13.903194+00:00,166.096806,1.588194,15,2.0,0.04999999999999993,0.56,0.61,True,True,True,3.75,36.948750000000004,3.75,0.0,33.198750000000004,0.6,0.62,0.14999999999999974,0.0,-0.4979812500000004,-0.34798125000000063,40.698750000000004,-0.00855017045978072,all_assets_15s
1,0x8a7f53ee1409e47189a78153af906e050ef7462241f1c09bd35b633acd3bc92b,SOL,2026-06-23T13:03:09.907249+00:00,110.092751,1.806249,15,2.0,0.030000000000000027,0.24,0.27,False,True,False,0.0,1.875,0.0,0.0,1.875,0.31,0.32,0.0,0.0,-0.10312499999999998,-0.10312499999999998,1.875,-0.054999999999999986,all_assets_15s
1,0x4fd4d7c3671685999a85ca0fa181489a2844d1b36fe6720b4e11a23e233de906,BTC,2026-06-23T13:05:55.908050+00:00,244.09195,1.30305,15,2.0,0.040000000000000036,0.51,0.55,True,False,False,46.875,0.0,0.0,46.875,0.0,0.41,0.42,0.0,-4.921875000000002,0.0,-4.921875000000002,46.875,-0.10500000000000004,all_assets_15s
1,0x4fd4d7c3671685999a85ca0fa181489a2844d1b36fe6720b4e11a23e233de906,BTC,2026-06-23T13:06:01.895071+00:00,238.104929,1.943071,15,2.0,0.030000000000000027,0.49,0.52,True,False,False,33.6825,0.0,0.0,33.6825,0.0,0.4,0.41,0.0,-3.199837499999999,0.0,-3.199837499999999,33.6825,-0.09499999999999997,all_assets_15s
1,0x727978f32b3cfb4b23904e9fbb7a25c7e81b96f62ed64bac9e08b956b129a6b7,SOL,2026-06-23T13:08:13.902137+00:00,106.097863,1.912137,15,2.0,0.07,0.39,0.46,True,False,False,32.745,0.0,0.0,32.745,0.0,0.35,0.36,0.0,-1.4735250000000009,0.0,-1.4735250000000009,32.745,-0.04500000000000003,all_assets_15s
1,0x5bc7efe5fd83a4cc2acda5eb941741ded2f2bc13480edb30a9094a4ffc6760e5,SOL,2026-06-23T13:10:55.905110+00:00,244.09489,1.96111,15,2.0,0.030000000000000027,0.52,0.55,True,True,True,11.145,1.875,1.875,9.27,0.0,0.47,0.49,0.03750000000000005,-0.5098500000000004,0.0,-0.4723500000000003,13.02,-0.036278801843318,all_assets_15s
1,0xa181c96b1b50604725ce89ee53652d74ab1207fc0ddc1f5dab50a81e090cd265,ETH,2026-06-23T13:11:03.897840+00:00,236.10216,1.93484,15,2.0,0.030000000000000027,0.48,0.51,True,False,False,46.875,0.0,0.0,46.875,0.0,0.37,0.38,0.0,-5.390625,0.0,-5.390625,46.875,-0.115,all_assets_15s
1,0x5bc7efe5fd83a4cc2acda5eb941741ded2f2bc13480edb30a9094a4ffc6760e5,SOL,2026-06-23T13:12:43.898289+00:00,136.101711,1.955289,15,2.0,0.030000000000000027,0.78,0.81,False,True,False,0.0,30.645,0.0,0.0,30.645,0.87,0.88,0.0,0.0,-2.2983749999999987,-2.2983749999999987,30.645,-0.07499999999999996,all_assets_15s
1,0xa181c96b1b50604725ce89ee53652d74ab1207fc0ddc1f5dab50a81e090cd265,ETH,2026-06-23T13:12:43.898289+00:00,136.101711,1.956289,15,2.0,0.07999999999999996,0.51,0.59,False,True,False,0.0,4.5,0.0,0.0,4.5,0.65,0.68,0.0,0.0,-0.4275000000000004,-0.4275000000000004,4.5,-0.09500000000000008,all_assets_15s
1,0xa181c96b1b50604725ce89ee53652d74ab1207fc0ddc1f5dab50a81e090cd265,ETH,2026-06-23T13:13:01.907596+00:00,118.092404,1.984596,15,2.0,0.030000000000000027,0.65,0.68,True,True,True,15.375,38.441250000000004,15.375,0.0,23.066250000000004,0.84,0.85,0.3075000000000004,0.0,-4.036593749999999,-3.7290937499999983,53.816250000000004,-0.06929308062155944,all_assets_15s
1,0x2d16687a3f795d239477aa6eb15a4d61ada629bae0156c2ca521695551cc4ceb,SOL,2026-06-23T13:20:07.900638+00:00,292.099362,1.971638,15,2.0,0.04999999999999993,0.56,0.61,True,False,False,1.875,0.0,0.0,1.875,0.0,0.46,0.47,0.0,-0.19687500000000008,0.0,-0.19687500000000008,1.875,-0.10500000000000004,all_assets_15s
1,0x37c039e975653ef2bafc2648afb23f156e134dea3391a9a5ba881ade74c10240,BTC,2026-06-23T13:21:31.907485+00:00,208.092515,1.692485,15,2.0,0.04999999999999999,0.36,0.41,True,True,True,15.0,9.5175,9.5175,5.4825,0.0,0.3,0.31,0.38069999999999987,-0.3563625,0.0,0.024337499999999845,24.5175,0.000992658305292132,all_assets_15s
1,0x37c039e975653ef2bafc2648afb23f156e134dea3391a9a5ba881ade74c10240,BTC,2026-06-23T13:23:55.902079+00:00,64.097921,1.982079,15,2.0,0.03999999999999998,0.28,0.32,True,False,False,11.3325,0.0,0.0,11.3325,0.0,0.1,0.11,0.0,-2.0965125000000002,0.0,-2.0965125000000002,11.3325,-0.18500000000000003,all_assets_15s
1,0x4f3194d5355ace143a5107746a0f6f3a8793899d758c54113e8a34810156942e,BTC,2026-06-23T13:25:07.897727+00:00,292.102273,1.908727,15,2.0,0.15,0.21,0.36,True,False,False,19.335,0.0,0.0,19.335,0.0,0.2,0.21,0.0,-0.29002499999999964,0.0,-0.29002499999999964,19.335,-0.01499999999999998,all_assets_15s
1,0x9733b42d1fb76098059e7c11035a934014328e6843926418cd749e9d4c930fc6,SOL,2026-06-23T13:27:05.901936+00:00,174.098064,1.346936,15,2.0,0.040000000000000036,0.64,0.68,True,True,True,6.19875,2.65125,2.65125,3.5475000000000003,0.0,0.6,0.61,0.0795375000000001,-0.15963750000000013,0.0,-0.08010000000000003,8.850000000000001,-0.009050847457627121,all_assets_15s
1,0x9733b42d1fb76098059e7c11035a934014328e6843926418cd749e9d4c930fc6,SOL,2026-06-23T13:27:09.899493+00:00,170.100507,1.694493,15,2.0,0.09999999999999998,0.64,0.74,True,False,False,2.25,0.0,0.0,2.25,0.0,0.6,0.61,0.0,-0.10125000000000008,0.0,-0.10125000000000008,2.25,-0.04500000000000003,all_assets_15s
1,0x9733b42d1fb76098059e7c11035a934014328e6843926418cd749e9d4c930fc6,SOL,2026-06-23T13:28:35.895257+00:00,84.104743,1.978257,15,2.0,0.06999999999999995,0.55,0.62,False,True,False,0.0,2.0999999999999996,0.0,0.0,2.0999999999999996,0.79,0.8,0.0,0.0,-0.38850000000000007,-0.38850000000000007,2.0999999999999996,-0.18500000000000005,all_assets_15s
1,0x9733b42d1fb76098059e7c11035a934014328e6843926418cd749e9d4c930fc6,SOL,2026-06-23T13:29:03.900994+00:00,56.099006,0.546994,15,2.0,0.06000000000000005,0.83,0.89,True,True,True,3.75,30.0,3.75,0.0,26.25,0.7,0.71,0.1875000000000002,-0.0,4.593750000000001,4.781250000000001,33.75,0.1416666666666667,all_assets_15s
1,0x49b6981d3dcc0ab40b6b605ecf4272fed0e07afbc4485e1e174d4c4156bd9933,SOL,2026-06-23T13:30:33.906226+00:00,266.093774,1.979226,15,2.0,0.030000000000000027,0.37,0.4,True,True,True,25.619999999999997,5.10375,5.10375,20.51625,0.0,0.28,0.29,0.10207500000000012,-1.9490437499999993,0.0,-1.8469687499999992,30.723749999999995,-0.06011534236543389,all_assets_15s
1,0x49b6981d3dcc0ab40b6b605ecf4272fed0e07afbc4485e1e174d4c4156bd9933,SOL,2026-06-23T13:30:45.899242+00:00,254.100758,1.990242,15,2.0,0.030000000000000027,0.36,0.39,True,False,False,1.875,0.0,0.0,1.875,0.0,0.22,0.25,0.0,-0.271875,0.0,-0.271875,1.875,-0.145,all_assets_15s
1,0xe163d62d0ecaaf665cea54c481d8d253a18655fefedcb5875504dabf87ce86bb,BTC,2026-06-23T13:30:45.899242+00:00,254.100758,1.321242,15,2.0,0.030000000000000027,0.47,0.5,True,False,False,45.83625,0.0,0.0,45.83625,0.0,0.38,0.39,0.0,-4.354443749999999,0.0,-4.354443749999999,45.83625,-0.09499999999999997,all_assets_15s
1,0xe163d62d0ecaaf665cea54c481d8d253a18655fefedcb5875504dabf87ce86bb,BTC,2026-06-23T13:31:45.901851+00:00,194.098149,1.676851,15,2.0,0.03999999999999998,0.4,0.44,False,True,False,0.0,19.740000000000002,0.0,0.0,19.740000000000002,0.96,0.97,0.0,0.0,-10.560900000000002,-10.560900000000002,19.740000000000002,-0.535,all_assets_15s
1,0xd68e42d84a189dae829a6ea4842f2da8c132141897e3f6c1cbb9806b63d5d6a6,ETH,2026-06-23T13:35:35.907082+00:00,264.092918,1.924082,15,2.0,0.07999999999999996,0.5,0.58,False,True,False,0.0,18.375,0.0,0.0,18.375,0.55,0.56,0.0,0.0,0.2756249999999983,0.2756249999999983,18.375,0.014999999999999908,all_assets_15s
1,0x88dbe7f8d0445d72614b6ad7da6b35ceb2cb32fb98b52d78c84eacf420ee1f09,BTC,2026-06-23T13:35:39.903024+00:00,260.096976,1.681024,15,2.0,0.039999999999999925,0.65,0.69,False,True,False,0.0,2.35875,0.0,0.0,2.35875,0.68,0.69,0.0,0.0,-0.01179375,-0.01179375,2.35875,-0.005,all_assets_15s
1,0x8b1c020137d752d5f82956a627a99fe8d6435a5deff06dbdac7ebc9b70de8d5e,SOL,2026-06-23T13:35:57.895553+00:00,242.104447,1.282553,15,2.0,0.030000000000000027,0.59,0.62,True,False,False,30.0,0.0,0.0,30.0,0.0,0.45,0.46,0.0,-4.349999999999999,0.0,-4.349999999999999,30.0,-0.14499999999999996,all_assets_15s
1,0x97f5cfd13442b025c62c1138ebc86dabde8d73ef9b8c2b4f0900727b23e3d78e,SOL,2026-06-23T13:40:07.903224+00:00,292.096776,1.974224,15,2.0,0.07,0.29,0.36,False,True,False,0.0,18.75,0.0,0.0,18.75,0.49,0.5,0.0,0.0,-2.7187500000000004,-2.7187500000000004,18.75,-0.14500000000000002,all_assets_15s
1,0x3b31bbdfe744e6d8dd6c29da539e26cdfa55e699565be496a9ed2c2d3345266b,BTC,2026-06-23T13:40:15.894747+00:00,284.105253,1.629747,15,2.0,0.030000000000000027,0.41,0.44,False,True,False,0.0,46.875,0.0,0.0,46.875,0.52,0.53,0.0,0.0,-4.453125000000002,-4.453125000000002,46.875,-0.09500000000000004,all_assets_15s
1,0x3b31bbdfe744e6d8dd6c29da539e26cdfa55e699565be496a9ed2c2d3345266b,BTC,2026-06-23T13:42:13.905421+00:00,166.094579,1.970421,15,2.0,0.03999999999999998,0.28,0.32,False,True,False,0.0,2.2725,0.0,0.0,2.2725,0.51,0.53,0.0,0.0,-0.48858750000000006,-0.48858750000000006,2.2725,-0.21500000000000002,all_assets_15s
1,0x97f5cfd13442b025c62c1138ebc86dabde8d73ef9b8c2b4f0900727b23e3d78e,SOL,2026-06-23T13:42:13.905421+00:00,166.094579,1.276421,15,2.0,0.03999999999999998,0.37,0.41,True,True,True,31.875,0.765,0.765,31.11,0.0,0.34,0.35,0.022949999999999984,-1.088849999999999,0.0,-1.065899999999999,32.64,-0.03265624999999997,all_assets_15s
1,0xb4eacf7c806d5bb36b89f6c716ba7bb71bc0ab90e226c7589aeac5eec0d4160b,BTC,2026-06-23T13:48:13.901996+00:00,106.098004,1.714996,15,2.0,0.06999999999999995,0.52,0.59,False,True,False,0.0,26.25,0.0,0.0,26.25,0.77,0.78,0.0,0.0,-5.118750000000001,-5.118750000000001,26.25,-0.19500000000000003,all_assets_15s
1,0x842fc6a521c178540e1304f49a44b481dfd0f2967e64ecc7d6c399ac5566011c,ETH,2026-06-23T13:48:17.896770+00:00,102.10323,1.69277,15,2.0,0.05999999999999994,0.88,0.94,True,False,False,3.1500000000000004,0.0,0.0,3.1500000000000004,0.0,0.88,0.89,0.0,-0.015750000000000004,0.0,-0.015750000000000004,3.1500000000000004,-0.005000000000000001,all_assets_15s
1,0x263de59a86fa4266a26931b6a723d1d8521d1385b5c3ba159b5229b1a9177f21,SOL,2026-06-23T13:48:43.905362+00:00,76.094638,1.630362,15,2.0,0.030000000000000027,0.95,0.98,True,True,True,4.199999999999999,7.12875,4.199999999999999,0.0,2.928750000000001,0.97,0.99,0.08400000000000009,0.0,-0.04393125000000004,0.04006875000000005,11.32875,0.0035369083085071214,all_assets_15s
1,0x263de59a86fa4266a26931b6a723d1d8521d1385b5c3ba159b5229b1a9177f21,SOL,2026-06-23T13:48:47.900703+00:00,72.099297,1.599703,15,2.0,0.030000000000000027,0.94,0.97,False,True,False,0.0,5.25,0.0,0.0,5.25,0.95,0.99,0.0,0.0,-0.1312500000000001,-0.1312500000000001,5.25,-0.025000000000000015,all_assets_15s
1,0xf05b54a456f086f0f7ef0ad9d9d108baa9b170ae62a2b1147953a2b47065e7c2,BTC,2026-06-23T13:52:13.906731+00:00,166.093269,1.984731,15,2.0,0.030000000000000027,0.77,0.8,True,False,False,46.875,0.0,0.0,46.875,0.0,0.74,0.75,0.0,-1.640625000000001,0.0,-1.640625000000001,46.875,-0.035000000000000024,all_assets_15s
1,0xf05b54a456f086f0f7ef0ad9d9d108baa9b170ae62a2b1147953a2b47065e7c2,BTC,2026-06-23T13:52:19.894944+00:00,160.105056,1.851944,15,2.0,0.040000000000000036,0.72,0.76,False,True,False,0.0,11.25,0.0,0.0,11.25,0.87,0.88,0.0,0.0,-1.40625,-1.40625,11.25,-0.125,all_assets_15s
1,0xa93f974de8cbf3e06c0f61563fc28b6227260fd13260bb6aa3711af549271a76,SOL,2026-06-23T13:55:03.895126+00:00,296.104874,1.824126,15,2.0,0.03999999999999998,0.45,0.49,True,False,False,30.0,0.0,0.0,30.0,0.0,0.38,0.39,0.0,-2.2500000000000004,0.0,-2.2500000000000004,30.0,-0.07500000000000001,all_assets_15s
1,0xa93f974de8cbf3e06c0f61563fc28b6227260fd13260bb6aa3711af549271a76,SOL,2026-06-23T13:56:45.904857+00:00,194.095143,1.934857,15,2.0,0.030000000000000027,0.35,0.38,False,True,False,0.0,3.9749999999999996,0.0,0.0,3.9749999999999996,0.49,0.51,0.0,0.0,-0.536625,-0.536625,3.9749999999999996,-0.135,all_assets_15s
1,0x592c00187c88c06ce589b03765739bccd88d0e412caba5f25ecfc944ce7d6c58,ETH,2026-06-23T13:57:13.897242+00:00,166.102758,1.958242,15,2.0,0.030000000000000027,0.43,0.46,True,False,False,46.875,0.0,0.0,46.875,0.0,0.36,0.37,0.0,-3.5156250000000004,0.0,-3.5156250000000004,46.875,-0.07500000000000001,all_assets_15s
1,0x83d6ab48576b0528fdbad1fe7723b479b8174792a30c6942a6e1e03389784b08,BTC,2026-06-23T13:57:13.897242+00:00,166.102758,1.975242,15,2.0,0.040000000000000036,0.47,0.51,True,True,True,22.923750000000002,6.446250000000001,6.446250000000001,16.4775,0.0,0.41,0.43,0.19338750000000024,-1.0710375,0.0,-0.8776499999999998,29.370000000000005,-0.02988253319713993,all_assets_15s
1,0x83d6ab48576b0528fdbad1fe7723b479b8174792a30c6942a6e1e03389784b08,BTC,2026-06-23T13:57:37.893743+00:00,142.106257,1.953743,15,2.0,0.050000000000000044,0.49,0.54,False,True,False,0.0,32.0475,0.0,0.0,32.0475,0.59,0.6,0.0,0.0,-2.083087499999998,-2.083087499999998,32.0475,-0.06499999999999995,all_assets_15s
1,0x7e6fcdd5ed944c43e039d191b0d902b3bd2079a9264465cd4efa372206718c43,BTC,2026-06-23T14:01:13.907958+00:00,226.092042,1.960958,15,2.0,0.040000000000000036,0.7,0.74,True,True,True,28.9575,46.875,28.9575,0.0,17.9175,0.75,0.76,0.868725000000001,0.0,-0.4479375000000003,0.42078750000000065,75.8325,0.005548907130847601,all_assets_15s
1,0x7e6fcdd5ed944c43e039d191b0d902b3bd2079a9264465cd4efa372206718c43,BTC,2026-06-23T14:02:03.895219+00:00,176.104781,1.349219,15,2.0,0.030000000000000027,0.78,0.81,True,True,True,7.5,46.875,7.5,0.0,39.375,0.82,0.83,0.1500000000000002,0.0,-0.9843749999999963,-0.8343749999999961,54.375,-0.015344827586206825,all_assets_15s
1,0x54e1a0031c62b35f46daaef9f8bb6a1d5705a9bd9b024281bf533ce3a5e76bd9,SOL,2026-06-23T14:03:01.895429+00:00,118.104571,1.918429,15,2.0,0.040000000000000036,0.72,0.76,True,True,True,6.074999999999999,46.875,6.074999999999999,0.0,40.8,0.68,0.69,0.1822500000000002,-0.0,2.6520000000000024,2.8342500000000026,52.95,0.05352691218130316,all_assets_15s
1,0xe397f03f9117ca8f23be992bb73ff8543e774c843bd35be5ac25c5164dfbcef6,ETH,2026-06-23T14:03:01.895429+00:00,118.104571,1.442429,15,2.0,0.039999999999999925,0.55,0.59,True,True,True,1.87875,14.625,1.87875,0.0,12.74625,0.56,0.57,0.05636249999999985,0.0,0.19119375000000022,0.24755625000000006,16.50375,0.015000000000000003,all_assets_15s
1,0xc990792df42182f722949a266d834f4e848923ec24814a019bc552d3b415ff4f,SOL,2026-06-23T14:08:03.895574+00:00,116.104426,1.639574,15,2.0,0.07999999999999999,0.21,0.29,True,True,True,46.875,2.625,2.625,44.25,0.0,0.2,0.21,0.18374999999999997,-0.6637499999999992,0.0,-0.4799999999999992,49.5,-0.009696969696969681,all_assets_15s
1,0xf4f49639a383f1abeee1bb37a098bff9e49ba624ee52e50b6f367e21b735c5f7,BTC,2026-06-23T14:10:39.903384+00:00,260.096616,1.587384,15,2.0,0.030000000000000027,0.37,0.4,True,True,True,46.875,3.1237500000000002,3.1237500000000002,43.75125,0.0,0.42,0.43,0.06247500000000008,1.9688062499999996,-0.0,2.0312812499999997,49.99875,0.04062664066601664,all_assets_15s
1,0xf4f49639a383f1abeee1bb37a098bff9e49ba624ee52e50b6f367e21b735c5f7,BTC,2026-06-23T14:11:13.896586+00:00,226.103414,1.980586,15,2.0,0.04999999999999999,0.28,0.33,True,True,True,15.337499999999999,46.875,15.337499999999999,0.0,31.5375,0.24,0.25,0.6134999999999997,-0.0,2.3653125000000004,2.9788125,62.2125,0.04788125376732972,all_assets_15s
1,0x0a32d05b3ee387390f042d23c86f4b659df43372ef59e60e043be38d41561eb2,SOL,2026-06-23T14:13:25.894339+00:00,94.105661,1.957339,15,2.0,0.040000000000000036,0.42,0.46,True,True,True,8.82,30.0,8.82,0.0,21.18,0.37,0.38,0.2646000000000003,-0.0,1.5885000000000002,1.8531000000000004,38.82,0.047735703245749626,all_assets_15s
1,0xf4f49639a383f1abeee1bb37a098bff9e49ba624ee52e50b6f367e21b735c5f7,BTC,2026-06-23T14:13:25.894339+00:00,94.105661,1.957339,15,2.0,0.030000000000000027,0.57,0.6,True,True,True,19.035,3.75,3.75,15.285,0.0,0.6,0.61,0.0750000000000001,0.3821250000000004,-0.0,0.45712500000000045,22.785,0.020062541145490474,all_assets_15s
1,0xb88a905c78dbb78ccae742ce3fcdbf194c17f685b30d78d03128d55eb5442d66,SOL,2026-06-23T14:15:31.901422+00:00,268.098578,0.400422,15,2.0,0.030000000000000027,0.37,0.4,True,True,True,16.725,2.25,2.25,14.475000000000001,0.0,0.31,0.36,0.045000000000000054,-0.9408750000000001,0.0,-0.8958750000000001,18.975,-0.047213438735177866,all_assets_15s
1,0xb88a905c78dbb78ccae742ce3fcdbf194c17f685b30d78d03128d55eb5442d66,SOL,2026-06-23T14:17:11.901054+00:00,168.098946,1.589054,15,2.0,0.030000000000000027,0.59,0.62,True,True,True,5.85,4.5,4.5,1.3499999999999996,0.0,0.58,0.6,0.09000000000000011,-0.020250000000000008,0.0,0.0697500000000001,10.35,0.006739130434782619,all_assets_15s
1,0xef16fc8b2b2338e6f703f4036d1bccf15742345781881fb477079de0a8060f4d,BTC,2026-06-23T14:17:33.905241+00:00,146.094759,1.988241,15,2.0,0.040000000000000036,0.6,0.64,True,True,True,15.75,46.875,15.75,0.0,31.125,0.64,0.68,0.47250000000000053,0.0,-1.4006250000000011,-0.9281250000000005,62.625,-0.014820359281437134,all_assets_15s
1,0xb88a905c78dbb78ccae742ce3fcdbf194c17f685b30d78d03128d55eb5442d66,SOL,2026-06-23T14:17:49.892681+00:00,130.107319,1.935681,15,2.0,0.05999999999999994,0.52,0.58,False,True,False,0.0,6.300000000000001,0.0,0.0,6.300000000000001,0.71,0.72,0.0,0.0,-0.9135000000000002,-0.9135000000000002,6.300000000000001,-0.14500000000000002,all_assets_15s
1,0xb88a905c78dbb78ccae742ce3fcdbf194c17f685b30d78d03128d55eb5442d66,SOL,2026-06-23T14:17:55.895119+00:00,124.104881,1.946119,15,2.0,0.06999999999999995,0.65,0.72,False,True,False,0.0,6.300000000000001,0.0,0.0,6.300000000000001,0.72,0.73,0.0,0.0,-0.09450000000000007,-0.09450000000000007,6.300000000000001,-0.01500000000000001,all_assets_15s
1,0xef16fc8b2b2338e6f703f4036d1bccf15742345781881fb477079de0a8060f4d,BTC,2026-06-23T14:17:57.901149+00:00,122.098851,1.947149,15,2.0,0.050000000000000044,0.7,0.75,False,True,False,0.0,46.875,0.0,0.0,46.875,0.81,0.82,0.0,0.0,-3.515624999999998,-3.515624999999998,46.875,-0.07499999999999996,all_assets_15s
1,0x456aac20ee93fa9ebc9e8dc3367bd4ea281d62318f8eb63fea5c0f1aa44525ee,SOL,2026-06-23T14:20:45.902691+00:00,254.097309,1.636691,15,2.0,0.08999999999999997,0.53,0.62,True,False,False,2.625,0.0,0.0,2.625,0.0,0.4,0.42,0.0,-0.354375,0.0,-0.354375,2.625,-0.135,all_assets_15s
1,0x8745035c936db62e58a8fe8d2cc737689ce85b84d9b91959417caa1142791994,SOL,2026-06-23T14:25:03.897601+00:00,296.102399,1.909601,15,2.0,0.039999999999999925,0.56,0.6,True,False,False,3.75,0.0,0.0,3.75,0.0,0.41,0.43,0.0,-0.5812500000000003,0.0,-0.5812500000000003,3.75,-0.15500000000000008,all_assets_15s
1,0x2cf5abb89aeac58f326dc59e7e56e2809d9a19c3cda6aa7583daec3bf28c69d8,ETH,2026-06-23T14:27:35.893699+00:00,144.106301,1.979699,15,2.0,0.050000000000000044,0.29,0.34,True,False,False,1.875,0.0,0.0,1.875,0.0,0.19,0.2,0.0,-0.19687499999999997,0.0,-0.19687499999999997,1.875,-0.10499999999999998,all_assets_15s
1,0x22879c97e18fffc7a75629762d84fb31f4cb45fb26a1a2c716c6bcea686ac0e2,SOL,2026-06-23T14:30:03.891926+00:00,296.108074,1.675926,15,2.0,0.18000000000000005,0.49,0.67,False,True,False,0.0,26.25,0.0,0.0,26.25,0.81,0.82,0.0,0.0,-4.068749999999998,-4.068749999999998,26.25,-0.15499999999999992,all_assets_15s
1,0x22879c97e18fffc7a75629762d84fb31f4cb45fb26a1a2c716c6bcea686ac0e2,SOL,2026-06-23T14:33:37.900218+00:00,82.099782,1.128218,15,2.0,0.03999999999999998,0.46,0.5,True,False,False,29.35125,0.0,0.0,29.35125,0.0,0.31,0.32,0.0,-4.549443750000001,0.0,-4.549443750000001,29.35125,-0.15500000000000003,all_assets_15s
1,0x7e631284762b9f531b55a3452c474f8a593524c56c33084b21bc0b8361cdf4ec,ETH,2026-06-23T14:35:19.905755+00:00,280.094245,1.971755,15,2.0,0.08000000000000002,0.38,0.46,True,False,False,9.60375,0.0,0.0,9.60375,0.0,0.36,0.37,0.0,-0.24009375000000016,0.0,-0.24009375000000016,9.60375,-0.02500000000000002,all_assets_15s
1,0xe901987bf33c4aecfb97d97b07ea58f8cf1ca469727312c56659bc81fee44fef,SOL,2026-06-23T14:36:01.893952+00:00,238.106048,1.925952,15,2.0,0.040000000000000036,0.64,0.68,False,True,False,0.0,1.875,0.0,0.0,1.875,0.9,0.91,0.0,0.0,-0.440625,-0.440625,1.875,-0.235,all_assets_15s
1,0xd330c2097759830858dfcc98392dd560a9ed6073c480055cf67b47e638a43d81,BTC,2026-06-23T14:39:05.906033+00:00,54.093967,1.391033,15,2.0,0.030000000000000027,0.9,0.93,True,False,False,46.875,0.0,0.0,46.875,0.0,0.81,0.84,0.0,-4.453124999999999,0.0,-4.453124999999999,46.875,-0.09499999999999999,all_assets_15s
1,0x642224a52fade6557a6247bab8c52239c420862bc36bc3ee416c738c57195a1d,BTC,2026-06-23T14:43:19.897394+00:00,100.102606,1.976394,15,2.0,0.03999999999999998,0.44,0.48,False,True,False,0.0,1.875,0.0,0.0,1.875,0.54,0.59,0.0,0.0,-0.21562499999999998,-0.21562499999999998,1.875,-0.11499999999999999,all_assets_15s
1,0xb4d5a648cd2fec0f8e9664a8c526474c9831365c378b0d70267aeb0fe653940f,ETH,2026-06-23T14:44:05.905661+00:00,54.094339,1.984661,15,2.0,0.040000000000000036,0.5,0.54,False,True,False,0.0,40.125,0.0,0.0,40.125,0.52,0.53,0.0,0.0,0.20062500000000036,0.20062500000000036,40.125,0.005000000000000009,all_assets_15s
1,0x27be06ec8002def53f202462228b63f7f1be2c0d606cdc02372583d42ed0887c,BTC,2026-06-23T14:48:13.899860+00:00,106.10014,1.35486,15,2.0,0.030000000000000027,0.31,0.34,False,True,False,0.0,31.53375,0.0,0.0,31.53375,0.6,0.61,0.0,0.0,-8.671781249999999,-8.671781249999999,31.53375,-0.27499999999999997,all_assets_15s
1,0xfd9746271a9908d5dd04d0f78c3e7c9def0518a9a4a4943500ffba66bc27dc76,ETH,2026-06-23T14:48:31.892127+00:00,88.107873,1.921127,15,2.0,0.03999999999999998,0.32,0.36,True,True,True,34.23375,44.35875,34.23375,0.0,10.125,0.44,0.45,1.0270124999999992,0.0,-0.9618750000000003,0.06513749999999896,78.5925,0.0008288004580589618,all_assets_15s
1,0x79fa88852d2df9f89c7ffe1e19e80856d2864adb8167da187fef1bd49a76815b,SOL,2026-06-23T14:50:05.896405+00:00,294.103595,1.600405,15,2.0,0.030000000000000027,0.5,0.53,True,True,True,30.0,3.53625,3.53625,26.46375,0.0,0.4,0.41,0.07072500000000008,-2.7786937499999995,0.0,-2.7079687499999996,33.53625,-0.08074751202057473,all_assets_15s
1,0x63e14eeb67286e35758b52a2c5d53fc557c30836f9bf57a1cead70ab3e3e7d09,BTC,2026-06-23T14:51:15.904879+00:00,224.095121,1.664879,15,2.0,0.030000000000000027,0.6,0.63,True,False,False,46.875,0.0,0.0,46.875,0.0,0.43,0.44,0.0,-8.203125,0.0,-8.203125,46.875,-0.175,all_assets_15s
1,0x79fa88852d2df9f89c7ffe1e19e80856d2864adb8167da187fef1bd49a76815b,SOL,2026-06-23T14:52:45.904406+00:00,134.095594,1.995406,15,2.0,0.040000000000000036,0.41,0.45,True,True,True,17.34375,46.875,17.34375,0.0,29.53125,0.45,0.47,0.5203125000000006,0.0,-0.7382812499999989,-0.21796874999999827,64.21875,-0.003394160583941579,all_assets_15s
1,0x432b92706185086c282c01b2ad7e3ade54b6e1b584c617fe575f6e02d5ae5234,ETH,2026-06-23T14:53:31.902149+00:00,88.097851,1.737149,15,2.0,0.04000000000000001,0.22,0.26,True,False,False,21.75,0.0,0.0,21.75,0.0,0.19,0.2,0.0,-0.7612499999999999,0.0,-0.7612499999999999,21.75,-0.034999999999999996,all_assets_15s
1,0x2ff8516f19be15290d302be6eb4eb6f68fc8cd1cec67753590101df72b164150,SOL,2026-06-23T14:57:55.897437+00:00,124.102563,1.995437,15,2.0,0.09000000000000002,0.44,0.53,True,False,False,4.5,0.0,0.0,4.5,0.0,0.42,0.44,0.0,-0.11250000000000009,0.0,-0.11250000000000009,4.5,-0.02500000000000002,all_assets_15s
1,0x1929fa4e32594b1e9811cb2199fbe6016e169c13190221429a2a274622d6b572,BTC,2026-06-23T14:58:17.901200+00:00,102.0988,0.7432,15,2.0,0.040000000000000036,0.74,0.78,True,False,False,7.875,0.0,0.0,7.875,0.0,0.51,0.52,0.0,-1.850625,0.0,-1.850625,7.875,-0.235,all_assets_15s
1,0x2ff8516f19be15290d302be6eb4eb6f68fc8cd1cec67753590101df72b164150,SOL,2026-06-23T14:58:53.900993+00:00,66.099007,1.739993,15,2.0,0.03999999999999998,0.14,0.18,False,True,False,0.0,1.875,0.0,0.0,1.875,0.15,0.17,0.0,0.0,0.009374999999999965,0.009374999999999965,1.875,0.004999999999999981,all_assets_15s
1,0x1929fa4e32594b1e9811cb2199fbe6016e169c13190221429a2a274622d6b572,BTC,2026-06-23T14:58:55.907630+00:00,64.09237,1.67763,15,2.0,0.030000000000000027,0.52,0.55,False,True,False,0.0,4.845,0.0,0.0,4.845,0.72,0.73,0.0,0.0,-0.8963249999999997,-0.8963249999999997,4.845,-0.18499999999999994,all_assets_15s
1,0x5d596992ee14c701506ece9f95cfca95bcd846aa535ea21eab961b466b2e20ca,SOL,2026-06-23T15:00:57.899252+00:00,242.100748,0.630252,15,2.0,0.04000000000000001,0.19,0.23,False,True,False,0.0,1.875,0.0,0.0,1.875,0.47,0.48,0.0,0.0,-0.4781249999999999,-0.4781249999999999,1.875,-0.25499999999999995,all_assets_15s
1,0x5d596992ee14c701506ece9f95cfca95bcd846aa535ea21eab961b466b2e20ca,SOL,2026-06-23T15:01:19.903009+00:00,220.096991,1.600009,15,2.0,0.03999999999999998,0.45,0.49,True,False,False,39.045,0.0,0.0,39.045,0.0,0.26,0.27,0.0,-7.613775,0.0,-7.613775,39.045,-0.195,all_assets_15s
1,0x9a0e222ff0af3b4ffe137ba4572a85b096eee1f33ea85890f9ff16c83a02bc92,BTC,2026-06-23T15:11:29.896692+00:00,210.103308,1.651692,15,2.0,0.030000000000000027,0.53,0.56,True,False,False,32.306250000000006,0.0,0.0,32.306250000000006,0.0,0.51,0.52,0.0,-0.8076562500000007,0.0,-0.8076562500000007,32.306250000000006,-0.02500000000000002,all_assets_15s
1,0x9a0e222ff0af3b4ffe137ba4572a85b096eee1f33ea85890f9ff16c83a02bc92,BTC,2026-06-23T15:14:07.898776+00:00,52.101224,1.674776,15,2.0,0.07,0.31,0.38,True,True,True,5.625,24.195,5.625,0.0,18.57,0.42,0.43,0.3375,0.0,-1.0213499999999998,-0.6838499999999997,29.82,-0.022932595573440635,all_assets_15s
1,0x142fa1a5a2040d4bb0f82d42692bcc0738098cf5f3a65fb15520b4139e3e1704,BTC,2026-06-23T15:17:03.895874+00:00,176.104126,1.480874,15,2.0,0.03999999999999998,0.27,0.31,True,False,False,10.5,0.0,0.0,10.5,0.0,0.14,0.15,0.0,-1.4175,0.0,-1.4175,10.5,-0.135,all_assets_15s
1,0x7f7f0c6ac70aeb25657e59122ec1737300133c6f99ddb8a5facb738a5e33d207,ETH,2026-06-23T15:24:07.893461+00:00,52.106539,1.288461,15,2.0,0.030000000000000027,0.63,0.66,True,False,False,22.5,0.0,0.0,22.5,0.0,0.36,0.39,0.0,-6.187500000000001,0.0,-6.187500000000001,22.5,-0.275,all_assets_15s
1,0x9cc9bc6571bf90764d07b66e489e1ec356c81695ace8be7e10c52f199c8dfdbc,BTC,2026-06-23T15:26:49.903415+00:00,190.096585,1.921415,15,2.0,0.030000000000000027,0.73,0.76,True,True,True,8.8125,1.875,1.875,6.9375,0.0,0.82,0.83,0.03750000000000005,0.5896874999999997,-0.0,0.6271874999999998,10.6875,0.05868421052631577,all_assets_15s
1,0x7c3fdc3e185ae7820eba61abc89ec62fb5449b06b4b403227e71947ae32b8035,SOL,2026-06-23T15:28:45.905305+00:00,74.094695,1.737305,15,2.0,0.04999999999999999,0.34,0.39,True,True,True,10.1175,22.923750000000002,10.1175,0.0,12.806250000000002,0.39,0.4,0.40469999999999984,0.0,-0.19209375000000015,0.2126062499999997,33.041250000000005,0.006434570423334458,all_assets_15s
1,0x56ab07163dce252412060eb46f1eb2ce6df056247a6219b4a48095782d3af453,SOL,2026-06-23T15:30:03.898981+00:00,296.101019,1.650981,15,2.0,0.21999999999999997,0.51,0.73,False,False,False,0.0,0.0,0.0,0.0,0.0,0.65,0.66,0.0,0.0,0.0,0.0,0.0,0.0,all_assets_15s
1,0x81b974cba6d9421a3738bbc02f633a775b74f8577343415b65b84c57b003d298,BTC,2026-06-23T15:35:47.897704+00:00,252.102296,1.472704,15,2.0,0.030000000000000027,0.69,0.72,True,False,False,22.447499999999998,0.0,0.0,22.447499999999998,0.0,0.51,0.52,0.0,-4.152787499999999,0.0,-4.152787499999999,22.447499999999998,-0.18499999999999997,all_assets_15s
1,0x7da3576042b0dda6a5a68148b8df8a461115a15d14dc0f4e3cd0d86ab5d81fc9,BTC,2026-06-23T15:45:47.907336+00:00,252.092664,1.846336,15,2.0,0.030000000000000027,0.57,0.6,True,False,False,3.4124999999999996,0.0,0.0,3.4124999999999996,0.0,0.51,0.52,0.0,-0.2218124999999998,0.0,-0.2218124999999998,3.4124999999999996,-0.06499999999999995,all_assets_15s
1,0x55e57faefeda4e530373cff771bc2512114ad7173b05c71348be00478517ef84,SOL,2026-06-23T15:50:39.905951+00:00,260.094049,1.709951,15,2.0,0.030000000000000027,0.35,0.38,True,True,True,9.825,46.05,9.825,0.0,36.224999999999994,0.42,0.43,0.19650000000000023,0.0,-1.9923749999999991,-1.7958749999999988,55.875,-0.03214093959731541,all_assets_15s
1,0x2b2691f3b5961e282a14d4469cda5565cea421fc3bb67ed90e30c3fbd69ae472,BTC,2026-06-23T15:55:57.901802+00:00,242.098198,1.647802,15,2.0,0.040000000000000036,0.51,0.55,False,True,False,0.0,22.68,0.0,0.0,22.68,0.55,0.56,0.0,0.0,-0.3402000000000002,-0.3402000000000002,22.68,-0.01500000000000001,all_assets_15s
1,0xb240e9ea38a7e5b15f9a6e6e43faae560cc3a0fb77bf817451577bdc51705fbf,SOL,2026-06-23T15:56:33.902358+00:00,206.097642,1.248358,15,2.0,0.030000000000000027,0.57,0.6,False,True,False,0.0,4.050000000000001,0.0,0.0,4.050000000000001,0.72,0.73,0.0,0.0,-0.5467500000000002,-0.5467500000000002,4.050000000000001,-0.135,all_assets_15s
1,0xc6f223a5f8665707c2559934577e46186cea6dbdf5f1071f043016b445d9e370,BTC,2026-06-23T16:02:23.895452+00:00,156.104548,1.911452,15,2.0,0.06999999999999995,0.56,0.63,True,False,False,46.875,0.0,0.0,46.875,0.0,0.2,0.21,0.0,-17.109375000000004,0.0,-17.109375000000004,46.875,-0.3650000000000001,all_assets_15s
1,0x0bef20c3bb8175da33c11421b48301f5b9edaf9e06bd2f979ffb90d107a47081,SOL,2026-06-23T16:02:51.907582+00:00,128.092418,1.822582,15,2.0,0.04000000000000001,0.21,0.25,True,False,False,1.875,0.0,0.0,1.875,0.0,0.16,0.17,0.0,-0.10312499999999998,0.0,-0.10312499999999998,1.875,-0.054999999999999986,all_assets_15s
1,0x0bef20c3bb8175da33c11421b48301f5b9edaf9e06bd2f979ffb90d107a47081,SOL,2026-06-23T16:03:05.903103+00:00,114.096897,1.548103,15,2.0,0.04999999999999999,0.19,0.24,True,True,True,13.799999999999999,46.875,13.799999999999999,0.0,33.075,0.22,0.23,0.5519999999999998,0.0,0.16537499999999938,0.7173749999999992,60.675,0.011823238566131013,all_assets_15s
1,0xa398a6270563f9326bfcb613cff69cea7e845a18f1a2af98ebe7d848b6c80361,SOL,2026-06-23T16:05:39.906684+00:00,260.093316,1.378684,15,2.0,0.030000000000000027,0.84,0.87,True,False,False,21.0,0.0,0.0,21.0,0.0,0.85,0.86,0.0,0.10500000000000019,0.0,0.10500000000000019,21.0,0.005000000000000009,all_assets_15s
1,0x133b4173a838b63c7d4e0189c986cb1ae7194462836032194da725d861100097,SOL,2026-06-23T16:25:03.903483+00:00,296.096517,1.802483,15,2.0,0.12,0.28,0.4,False,True,False,0.0,3.75,0.0,0.0,3.75,0.49,0.5,0.0,0.0,-0.39374999999999993,-0.39374999999999993,3.75,-0.10499999999999998,all_assets_15s
1,0x2836965e55f9be92c72d26d693e444caef8c559ea84ce95a223ff84060e56c5d,BTC,2026-06-23T16:26:55.905532+00:00,184.094468,1.256532,15,2.0,0.06,0.42,0.48,True,False,False,22.5,0.0,0.0,22.5,0.0,0.3,0.33,0.0,-2.8125,0.0,-2.8125,22.5,-0.125,all_assets_15s
1,0xc453bb86355b67f71cceac7ce0f68cca264043532145c6071daa7acaa9f1cfc8,ETH,2026-06-23T16:34:11.906930+00:00,48.09307,0.67893,15,2.0,0.08000000000000002,0.36,0.44,True,True,True,46.875,5.625,5.625,41.25,0.0,0.61,0.62,0.3937500000000001,10.10625,-0.0,10.5,52.5,0.2,all_assets_15s
1,0xcaa0dd40336c8722033ba5c2267ba273e90b60e1ef30529bcc81bf56c7ab5c1b,SOL,2026-06-23T16:35:49.899849+00:00,250.100151,1.152849,15,2.0,0.030000000000000027,0.43,0.46,True,False,False,46.875,0.0,0.0,46.875,0.0,0.4,0.41,0.0,-1.6406249999999984,0.0,-1.6406249999999984,46.875,-0.03499999999999997,all_assets_15s
1,0x4b6e8d2dd502f197e3b8ffc79d8e385d22173359f0faab93a82f29191f9bacea,BTC,2026-06-23T16:38:51.905687+00:00,68.094313,1.434687,15,2.0,0.03999999999999998,0.17,0.21,True,False,False,10.5,0.0,0.0,10.5,0.0,0.17,0.18,0.0,-0.0525,0.0,-0.0525,10.5,-0.005,all_assets_15s
1,0x78e9550ddc72a00fab7bb51fe507c2c13d55ee310e935bcae9dbe8e1aa3209dc,BTC,2026-06-23T16:42:19.897331+00:00,160.102669,1.553331,15,2.0,0.030000000000000027,0.58,0.61,False,True,False,0.0,1.6350000000000002,0.0,0.0,1.6350000000000002,0.68,0.69,0.0,0.0,-0.13897499999999996,-0.13897499999999996,1.6350000000000002,-0.08499999999999996,all_assets_15s
1,0x78e9550ddc72a00fab7bb51fe507c2c13d55ee310e935bcae9dbe8e1aa3209dc,BTC,2026-06-23T16:43:19.906596+00:00,100.093404,1.613596,15,2.0,0.08999999999999997,0.67,0.76,True,True,True,25.424999999999997,46.875,25.424999999999997,0.0,21.450000000000003,0.8,0.81,2.033999999999999,0.0,-1.179750000000001,0.854249999999998,72.3,0.011815352697095409,all_assets_15s
1,0xea75692b8293cfca2c7464dbaef37ff18adec814392c7e59d57f7ce34ea2ab90,SOL,2026-06-23T16:55:37.901076+00:00,262.098924,1.664076,15,2.0,0.040000000000000036,0.59,0.63,True,False,False,12.57,0.0,0.0,12.57,0.0,0.47,0.48,0.0,-1.57125,0.0,-1.57125,12.57,-0.125,all_assets_15s
1,0xb4f08cc4d9e63782c769b66c5c5d401c3cb64eda6cc1590a36603548e50a7256,SOL,2026-06-23T17:00:07.903209+00:00,292.096791,1.506209,15,2.0,0.03999999999999998,0.46,0.5,True,False,False,6.0,0.0,0.0,6.0,0.0,0.31,0.32,0.0,-0.9300000000000002,0.0,-0.9300000000000002,6.0,-0.15500000000000003,all_assets_15s
1,0x67d6deb51d518dc45e9e9e28a7797ee6af3267b743807c04d4edb5c28af9fa11,ETH,2026-06-23T17:01:11.906232+00:00,228.093768,1.741232,15,2.0,0.06,0.26,0.32,False,True,False,0.0,46.875,0.0,0.0,46.875,0.47,0.48,0.0,0.0,-7.734374999999999,-7.734374999999999,46.875,-0.16499999999999998,all_assets_15s
1,0x055b663118c591881b38a2ccd62e4aca964e02ca83c12418aa8b990f64c1b932,BTC,2026-06-23T17:20:25.907026+00:00,274.092974,1.126026,15,2.0,0.030000000000000027,0.52,0.55,True,True,True,15.0,46.875,15.0,0.0,31.875,0.51,0.52,0.3000000000000004,-0.0,0.7968750000000008,1.0968750000000012,61.875,0.017727272727272744,all_assets_15s
1,0x4084025b22ec676c958a3036891b1dad62468eee2f24417abdd11262ccc5976a,ETH,2026-06-23T17:47:23.898905+00:00,156.101095,1.721905,15,2.0,0.03999999999999998,0.43,0.47,True,False,False,46.875,0.0,0.0,46.875,0.0,0.24,0.25,0.0,-9.140625,0.0,-9.140625,46.875,-0.195,all_assets_15s
1,0xdda6e9e325ab76826071f340cf564f4b42fe970f3ed8a40ccfd1e80da040c4f6,SOL,2026-06-23T18:05:09.902515+00:00,290.097485,0.460515,15,2.0,0.06,0.34,0.4,True,True,True,7.5,3.75,3.75,3.75,0.0,0.32,0.34,0.18749999999999997,-0.09375000000000007,0.0,0.0937499999999999,11.25,0.008333333333333325,all_assets_15s
2,0x7ea5aaebb84391a40f9c9b8d359e0f7ea6568f9122da9062b8cd318af646dfba,BTC,2026-06-23T21:52:15.659166+00:00,164.340834,1.511166,15,2.0,0.040000000000000036,0.7,0.74,True,True,True,39.75,13.12125,13.12125,26.62875,0.0,0.6,0.61,0.3936375000000004,-2.7960187499999996,0.0,-2.402381249999999,52.87125,-0.04543832895950065,all_assets_15s
2,0x7ea5aaebb84391a40f9c9b8d359e0f7ea6568f9122da9062b8cd318af646dfba,BTC,2026-06-23T21:52:19.670104+00:00,160.329896,1.931104,15,2.0,0.04999999999999993,0.65,0.7,True,True,True,41.0625,6.96375,6.96375,34.09875,0.0,0.77,0.78,0.2785499999999995,3.92135625,-0.0,4.19990625,48.02625,0.08745022253455141,all_assets_15s
2,0x7ea5aaebb84391a40f9c9b8d359e0f7ea6568f9122da9062b8cd318af646dfba,BTC,2026-06-23T21:52:35.664960+00:00,144.33504,1.96396,15,2.0,0.05999999999999994,0.67,0.73,True,True,True,46.875,3.75,3.75,43.125,0.0,0.79,0.8,0.18749999999999978,4.959375,-0.0,5.146875,50.625,0.10166666666666666,all_assets_15s
2,0x0a9ca6cabfc86a5580cd27de1f73f9275a6bd970355b3aa923dab0be989fc01b,ETH,2026-06-23T22:57:01.661207+00:00,178.338793,1.940207,15,2.0,0.030000000000000027,0.74,0.77,False,True,False,0.0,7.0575,0.0,0.0,7.0575,0.94,0.95,0.0,0.0,-1.3056374999999996,-1.3056374999999996,7.0575,-0.18499999999999994,all_assets_15s
2,0x54326cb08942b3923240c4ca7a48a9b04edb1eb5e6b6f066ad89cf0e8b7714af,ETH,2026-06-23T23:05:03.669501+00:00,296.330499,1.905501,15,2.0,0.030000000000000027,0.49,0.52,True,False,False,3.8249999999999997,0.0,0.0,3.8249999999999997,0.0,0.16,0.17,0.0,-1.2813749999999997,0.0,-1.2813749999999997,3.8249999999999997,-0.33499999999999996,all_assets_15s
2,0xc755e09161255f5e7bf8eac216b4728f04aa44cf0830ecc14b58569c7f4c5f91,SOL,2026-06-24T00:06:35.658541+00:00,204.341459,1.972541,15,2.0,0.030000000000000027,0.76,0.79,False,True,False,0.0,5.887499999999999,0.0,0.0,5.887499999999999,0.86,0.87,0.0,0.0,-0.5004374999999998,-0.5004374999999998,5.887499999999999,-0.08499999999999996,all_assets_15s
2,0x832a7cd08cfd92010cf656979a27390755f3132c8882eb33a1bfb27e29deb943,ETH,2026-06-24T02:10:21.666139+00:00,278.333861,1.934139,15,2.0,0.030000000000000027,0.58,0.61,False,True,False,0.0,11.25,0.0,0.0,11.25,0.64,0.65,0.0,0.0,-0.5062500000000004,-0.5062500000000004,11.25,-0.04500000000000004,all_assets_15s
3,0x908dc5044eab9d5768e59c6ce1b123363314b8f29a599760fb17a853f1bfbb15,ETH,2026-06-24T15:52:40.755652+00:00,139.244348,1.868652,15,2.0,0.039999999999999925,0.67,0.71,False,True,False,0.0,7.0912500000000005,0.0,0.0,7.0912500000000005,0.92,0.93,0.0,0.0,-1.5955312500000007,-1.5955312500000007,7.0912500000000005,-0.2250000000000001,all_assets_15s
3,0xfac222c67e9a366314d5012f7485349c5f0597ef38a8db54ab2eeb9d263fc9a0,BTC,2026-06-24T17:31:58.764409+00:00,181.235591,1.734409,15,2.0,0.03999999999999998,0.44,0.48,True,True,True,39.525000000000006,39.76875,39.525000000000006,0.0,0.24374999999999147,0.54,0.55,1.1857499999999992,0.0,-0.018281249999999378,1.1674687499999998,79.29375,0.014723338850792148,all_assets_15s
3,0xe0261c3af71ec76885a6befe78536d37f4f39622a19d0102257561caaca61811,SOL,2026-06-24T17:52:06.759950+00:00,173.24005,1.76995,15,2.0,0.07999999999999999,0.16,0.24,True,False,False,1.875,0.0,0.0,1.875,0.0,0.18,0.19,0.0,0.02812499999999998,0.0,0.02812499999999998,1.875,0.014999999999999989,all_assets_15s
3,0xe35e0247327c4aa7fa2d329fe648da1ed73e2c9dde8af578cb52ad4f638ae074,SOL,2026-06-24T17:59:08.761550+00:00,51.23845,1.87855,15,2.0,0.050000000000000044,0.35,0.4,True,True,True,18.285,4.199999999999999,4.199999999999999,14.085,0.0,0.83,0.84,0.16800000000000015,6.690375,-0.0,6.8583750000000006,22.485,0.30502001334222817,all_assets_15s
3,0x17dc5c06a8038c8b9fe98dc10caabed5e643e594aa096dfa257871e4e6fc79db,BTC,2026-06-24T18:05:14.753546+00:00,285.246454,1.467546,15,2.0,0.030000000000000027,0.52,0.55,True,False,False,46.875,0.0,0.0,46.875,0.0,0.37,0.38,0.0,-7.265625000000001,0.0,-7.265625000000001,46.875,-0.15500000000000003,all_assets_15s
3,0x3d07d4fd8f80b13ff82b8a59ac4e27ef61cee1ca5f5e8b639dd421a3a7bc2fcb,SOL,2026-06-24T18:08:20.754991+00:00,99.245009,1.673991,15,2.0,0.030000000000000027,0.9,0.93,False,True,False,0.0,14.962499999999999,0.0,0.0,14.962499999999999,0.94,0.95,0.0,0.0,-0.3740624999999986,-0.3740624999999986,14.962499999999999,-0.024999999999999908,all_assets_15s
3,0xb65494287b0ded4df523c3dfb7bc08d0faf51fbdea965329a079db51324f4dae,SOL,2026-06-24T18:23:52.766000+00:00,67.234,1.65,15,2.0,0.030000000000000027,0.96,0.99,False,False,False,0.0,0.0,0.0,0.0,0.0,0.98,0.99,0.0,0.0,-0.0,0.0,0.0,0.0,all_assets_15s
3,0xc41c9a019d29f207af68d3fe15e8a2e6a671b543b88682b44b73f2e1c6e1fbdb,BTC,2026-06-24T19:00:08.758904+00:00,291.241096,1.871904,15,2.0,0.030000000000000027,0.6,0.63,True,True,True,18.75,34.875,18.75,0.0,16.125,0.59,0.6,0.37500000000000044,-0.0,0.4031250000000004,0.7781250000000008,53.625,0.014510489510489527,all_assets_15s
3,0xfb2d975df6a6f30cb9fa99c239111a8258f5963b8823097c9ac12954546c26b7,SOL,2026-06-24T19:23:14.765408+00:00,105.234592,1.706408,15,2.0,0.030000000000000027,0.35,0.38,True,True,True,10.32,3.75,3.75,6.57,0.0,0.41,0.42,0.0750000000000001,0.36135,-0.0,0.4363500000000001,14.07,0.03101279317697229,all_assets_15s
3,0xf5a2d3e44ab4d845157e3dbc553f80c96b82c88ec472c3525fda5efc7d394b40,BTC,2026-06-24T19:35:26.762448+00:00,273.237552,1.913448,15,2.0,0.04999999999999993,0.53,0.58,True,True,True,13.286249999999999,29.25,13.286249999999999,0.0,15.963750000000001,0.72,0.73,0.5314499999999991,0.0,-2.4743812500000004,-1.9429312500000013,42.536249999999995,-0.04567706955831794,all_assets_15s
3,0xf8776b5271ce59d683b9da736a42f8139c58e4093ad342ae1288f9addc1b3cfe,BTC,2026-06-24T20:10:42.757321+00:00,257.242679,1.938321,15,2.0,0.030000000000000027,0.65,0.68,True,True,True,1.6875,46.875,1.6875,0.0,45.1875,0.73,0.75,0.033750000000000044,0.0,-3.389062499999998,-3.355312499999998,48.5625,-0.06909266409266406,all_assets_15s
3,0xf8776b5271ce59d683b9da736a42f8139c58e4093ad342ae1288f9addc1b3cfe,BTC,2026-06-24T20:11:18.754143+00:00,221.245857,1.752143,15,2.0,0.030000000000000027,0.71,0.74,True,True,True,46.875,46.875,46.875,0.0,0.0,0.65,0.66,0.9375000000000011,-0.0,0.0,0.9375000000000011,93.75,0.010000000000000012,all_assets_15s
3,0xa05cff8036c459cd240da3035dc85f2becf34afd9015231ad23fef6f39fa51c9,ETH,2026-06-25T00:36:18.754986+00:00,221.245014,1.622986,15,2.0,0.06,0.45,0.51,True,True,True,10.125,1.875,1.875,8.25,0.0,0.53,0.54,0.09374999999999999,0.6187500000000001,-0.0,0.7125000000000001,12.0,0.05937500000000001,all_assets_15s
4,0x9a45530cac4285dc440738508a907ab9c508f77712544054f5078c8bc3cba2da,ETH,2026-06-25T20:18:46.807140+00:00,73.19286,1.59214,15,2.0,0.039999999999999925,0.8,0.84,False,True,False,0.0,1.875,0.0,0.0,1.875,0.93,0.94,0.0,0.0,-0.19687499999999997,-0.19687499999999997,1.875,-0.10499999999999998,all_assets_15s
4,0xac9139c518e392a875f62e63f04cbce8023219154217711edb7fe2231ebd89c6,BTC,2026-06-25T20:18:46.807140+00:00,73.19286,1.98114,15,2.0,0.050000000000000044,0.61,0.66,True,True,True,11.25,0.17625,0.17625,11.07375,0.0,0.67,0.68,0.007050000000000007,0.6090562500000006,-0.0,0.6161062500000006,11.42625,0.053920249425664646,all_assets_15s
4,0x0e65bd8f2c35d139a7a6aaf971af2cf90bcdbc0253585f6e57c5df4eb16c2295,BTC,2026-06-25T20:31:32.817449+00:00,207.182551,1.215449,15,2.0,0.04999999999999999,0.31,0.36,True,False,False,2.1975000000000002,0.0,0.0,2.1975000000000002,0.0,0.18,0.19,0.0,-0.29666250000000005,0.0,-0.29666250000000005,2.1975000000000002,-0.135,all_assets_15s
4,0x7a1f7adb0e95a0a1ec1ec1bdf972078fe3bf9b8c14c79c5338bad045ffbff576,SOL,2026-06-25T20:35:10.815739+00:00,289.184261,1.772739,15,2.0,0.030000000000000027,0.61,0.64,True,False,False,1.875,0.0,0.0,1.875,0.0,0.6,0.61,0.0,-0.028125000000000018,0.0,-0.028125000000000018,1.875,-0.01500000000000001,all_assets_15s
4,0xe55e471a6cadcca3373d39159a0dfcc503b3e77b929ad7f7a1c62922ef3a0b39,ETH,2026-06-25T20:36:42.812020+00:00,197.18798,1.96002,15,2.0,0.039999999999999925,0.81,0.85,True,True,True,18.75,7.5,7.5,11.25,0.0,0.88,0.89,0.22499999999999942,0.7312499999999994,-0.0,0.9562499999999988,26.25,0.03642857142857139,all_assets_15s
4,0x345ecd2a0bfb9dc2dffef44d18ddcfa7bbd1bb1f5e221f85d529e10f9542e6aa,SOL,2026-06-25T20:51:28.806909+00:00,211.193091,1.227909,15,2.0,0.030000000000000027,0.31,0.34,False,True,False,0.0,1.875,0.0,0.0,1.875,0.4,0.41,0.0,0.0,-0.14062499999999992,-0.14062499999999992,1.875,-0.07499999999999996,all_assets_15s
4,0x5c6760aa2aa0934cdff18131065bcca70c100abc46876e1d086f2333ec5994d9,BTC,2026-06-25T21:02:08.815375+00:00,171.184625,1.799375,15,2.0,0.05999999999999994,0.51,0.57,True,True,True,5.4712499999999995,39.03,5.4712499999999995,0.0,33.55875,0.57,0.58,0.27356249999999965,0.0,-0.5033812500000003,-0.22981875000000068,44.50125,-0.0051643212269318435,all_assets_15s
4,0x80f4d52bf8a69ad43c205b16ecf86c6e9b27e8d1df3613dc26f39b2b75bb2dbf,SOL,2026-06-25T21:07:24.815980+00:00,155.18402,1.66598,15,2.0,0.030000000000000027,0.35,0.38,True,False,False,8.399999999999999,0.0,0.0,8.399999999999999,0.0,0.36,0.38,0.0,0.042000000000000065,-0.0,0.042000000000000065,8.399999999999999,0.005000000000000009,all_assets_15s
4,0xe1f466e6312cce5d03e6d63d1e025d17853d34fe217fd3b68893183892507654,SOL,2026-06-25T21:11:32.803458+00:00,207.196542,1.224458,15,2.0,0.040000000000000036,0.63,0.67,True,False,False,12.794999999999998,0.0,0.0,12.794999999999998,0.0,0.51,0.52,0.0,-1.5993749999999998,0.0,-1.5993749999999998,12.794999999999998,-0.125,all_assets_15s
4,0x1febb7033402b49870fa20b4bc0b6ce97895eb9f19fca75e0738e38c75a927b2,SOL,2026-06-25T21:25:26.818064+00:00,273.181936,1.968064,15,2.0,0.05999999999999994,0.56,0.62,False,True,False,0.0,1.875,0.0,0.0,1.875,0.87,0.9,0.0,0.0,-0.534375,-0.534375,1.875,-0.28500000000000003,all_assets_15s
4,0x1febb7033402b49870fa20b4bc0b6ce97895eb9f19fca75e0738e38c75a927b2,SOL,2026-06-25T21:25:46.805010+00:00,253.19499,1.56901,15,2.0,0.030000000000000027,0.87,0.9,True,True,True,2.0999999999999996,4.86,2.0999999999999996,0.0,2.7600000000000007,0.74,0.75,0.042000000000000044,-0.0,0.40020000000000017,0.4422000000000002,6.96,0.06353448275862073,all_assets_15s
4,0xae2848fb6d2e41638bbd581054fbae303cae9fa05399386a3967adb588ef3c7e,SOL,2026-06-25T21:35:02.804691+00:00,297.195309,1.179691,15,2.0,0.14999999999999997,0.32,0.47,False,True,False,0.0,1.875,0.0,0.0,1.875,0.65,0.69,0.0,0.0,-0.42187499999999994,-0.42187499999999994,1.875,-0.22499999999999998,all_assets_15s
4,0x9952c15986fdea833b3f2f36dcf6c4a25a8a5ffd72a7ac7d8f76d060c6e7b645,SOL,2026-06-25T22:00:58.811843+00:00,241.188157,1.401843,15,2.0,0.030000000000000027,0.29,0.32,True,False,False,6.6000000000000005,0.0,0.0,6.6000000000000005,0.0,0.28,0.29,0.0,-0.09899999999999971,0.0,-0.09899999999999971,6.6000000000000005,-0.014999999999999956,all_assets_15s
4,0x04f59a7c83ecb6237ec63ece27ccf360d1203dddb6c942d9fb83f974af685567,SOL,2026-06-25T22:24:12.803568+00:00,47.196432,1.422568,15,2.0,0.030000000000000027,0.51,0.54,True,False,False,3.63,0.0,0.0,3.63,0.0,0.35,0.36,0.0,-0.5989500000000001,0.0,-0.5989500000000001,3.63,-0.16500000000000004,all_assets_15s
4,0x62a2a6c1c832195bf6f619cca9b05658bbfeeb4a40b84d87f3a8dea103362915,BTC,2026-06-25T22:38:52.814237+00:00,67.185763,1.400237,15,2.0,0.050000000000000044,0.51,0.56,True,True,True,46.875,1.875,1.875,45.0,0.0,0.33,0.34,0.07500000000000008,-8.325,0.0,-8.25,48.75,-0.16923076923076924,all_assets_15s
4,0x28f6d6f6d64c6a318107cbfe7420997965fd94dc732edabf6955fd99a3dfd381,SOL,2026-06-25T23:22:12.809787+00:00,167.190213,1.772787,15,2.0,0.030000000000000027,0.75,0.78,False,True,False,0.0,2.25,0.0,0.0,2.25,0.82,0.83,0.0,0.0,-0.12374999999999985,-0.12374999999999985,2.25,-0.05499999999999993,all_assets_15s
4,0x0c57f717926035bc0d2e027557263f7dae55fb00e58dd5573a7bfe0b5f053ae0,SOL,2026-06-26T01:10:22.813080+00:00,277.18692,1.89708,15,2.0,0.030000000000000027,0.59,0.62,True,True,True,12.345,10.47,10.47,1.875,0.0,0.7,0.71,0.20940000000000028,0.19687499999999997,-0.0,0.4062750000000003,22.815,0.017807363576594355,all_assets_15s
4,0xbc80a16a50b5b96ebab7f266d58abb514cb444cd19211f0cae092247a32b58a2,SOL,2026-06-26T02:52:04.817082+00:00,175.182918,1.807082,15,2.0,0.04000000000000001,0.15,0.19,True,False,False,0.92625,0.0,0.0,0.92625,0.0,0.11,0.12,0.0,-0.041681249999999996,0.0,-0.041681249999999996,0.92625,-0.045,all_assets_15s
4,0xccf7d1cf6321e80421097f6e058c2c3ebbce448ccf292b7bd1ba115c95e0c91c,SOL,2026-06-26T05:11:24.812028+00:00,215.187972,1.217028,15,2.0,0.030000000000000027,0.78,0.81,False,True,False,0.0,35.02875,0.0,0.0,35.02875,0.8,0.81,0.0,0.0,-0.17514375000000001,-0.17514375000000001,35.02875,-0.005,all_assets_15s
4,0xb34dccf19137e2f5ae026c4d45037552dc97400a1b3bc211ed9745dd139260fc,SOL,2026-06-26T06:33:36.811943+00:00,83.188057,1.753943,15,2.0,0.06,0.25,0.31,True,False,False,8.82,0.0,0.0,8.82,0.0,0.13,0.14,0.0,-1.1025,0.0,-1.1025,8.82,-0.125,all_assets_15s
4,0x6461cb20a000fc158e4d366c7bc9935b7b4774272b389fa2d5dde289d62d042c,BTC,2026-06-26T06:46:48.812102+00:00,191.187898,1.726102,15,2.0,0.03999999999999998,0.43,0.47,False,True,False,0.0,46.875,0.0,0.0,46.875,0.64,0.65,0.0,0.0,-8.671875000000002,-8.671875000000002,46.875,-0.18500000000000003,all_assets_15s
5,0xa98d1067cc7e61f9c9d64acae0972f0b6c65e4b9f07684fd30b0fff4ac936e9a,ETH,2026-07-01T21:27:18.367482+00:00,161.632518,1.917482,15,2.0,0.07,0.35,0.42,True,True,True,1.875,14.838750000000001,1.875,0.0,12.963750000000001,0.46,0.47,0.1125,0.0,-0.7130062499999998,-0.6005062499999998,16.71375,-0.03592887592551042,all_assets_15s
5,0x36d3a0bfa79de20fdf15122d360f4e6bbf48a1cc6347f13d76e81151fff6f8f4,SOL,2026-07-01T21:27:58.371771+00:00,121.628229,1.977771,15,2.0,0.05999999999999994,0.65,0.71,True,True,True,36.25125,20.625,20.625,15.626249999999999,0.0,0.72,0.73,1.0312499999999987,1.0157062499999991,-0.0,2.046956249999998,56.87625,0.035989648579152066,all_assets_15s
5,0xa98d1067cc7e61f9c9d64acae0972f0b6c65e4b9f07684fd30b0fff4ac936e9a,ETH,2026-07-01T21:27:58.371771+00:00,121.628229,1.955771,15,2.0,0.030000000000000027,0.43,0.46,False,True,False,0.0,1.4625,0.0,0.0,1.4625,0.72,0.73,0.0,0.0,-0.4021874999999999,-0.4021874999999999,1.4625,-0.27499999999999997,all_assets_15s
5,0x36d3a0bfa79de20fdf15122d360f4e6bbf48a1cc6347f13d76e81151fff6f8f4,SOL,2026-07-01T21:28:18.373794+00:00,101.626206,1.955794,15,2.0,0.04999999999999993,0.66,0.71,False,True,False,0.0,46.875,0.0,0.0,46.875,0.76,0.77,0.0,0.0,-3.0468750000000027,-3.0468750000000027,46.875,-0.06500000000000006,all_assets_15s
5,0xa98d1067cc7e61f9c9d64acae0972f0b6c65e4b9f07684fd30b0fff4ac936e9a,ETH,2026-07-01T21:28:18.373794+00:00,101.626206,1.985794,15,2.0,0.039999999999999925,0.66,0.7,True,True,True,4.5,2.25,2.25,2.25,0.0,0.73,0.74,0.06749999999999982,0.14624999999999988,-0.0,0.21374999999999972,6.75,0.03166666666666663,all_assets_15s
5,0x36d3a0bfa79de20fdf15122d360f4e6bbf48a1cc6347f13d76e81151fff6f8f4,SOL,2026-07-01T21:28:44.368194+00:00,75.631806,1.937194,15,2.0,0.08000000000000007,0.82,0.9,False,True,False,0.0,3.75,0.0,0.0,3.75,0.95,0.96,0.0,0.0,-0.2437499999999998,-0.2437499999999998,3.75,-0.06499999999999995,all_assets_15s
5,0x1e5cc3e5781b2ef67a9e67bda1f9e9ea66b0f987cdf4813ffb9a722232781544,SOL,2026-07-01T21:31:14.368434+00:00,225.631566,1.984434,15,2.0,0.030000000000000027,0.71,0.74,False,True,False,0.0,46.875,0.0,0.0,46.875,0.86,0.87,0.0,0.0,-6.328125,-6.328125,46.875,-0.135,all_assets_15s
5,0xccddd1603d20c4477f2ac4e9f226747d540c9f0fe9ebc85b76cbdd992afa90a5,SOL,2026-07-01T21:35:02.365044+00:00,297.634956,1.790044,15,2.0,0.10999999999999999,0.37,0.48,False,True,False,0.0,1.875,0.0,0.0,1.875,0.46,0.47,0.0,0.0,0.009375000000000017,0.009375000000000017,1.875,0.005000000000000009,all_assets_15s
5,0xccddd1603d20c4477f2ac4e9f226747d540c9f0fe9ebc85b76cbdd992afa90a5,SOL,2026-07-01T21:35:24.373919+00:00,275.626081,1.974919,15,2.0,0.040000000000000036,0.41,0.45,False,True,False,0.0,1.875,0.0,0.0,1.875,0.57,0.58,0.0,0.0,-0.25312499999999993,-0.25312499999999993,1.875,-0.13499999999999995,all_assets_15s
5,0xccddd1603d20c4477f2ac4e9f226747d540c9f0fe9ebc85b76cbdd992afa90a5,SOL,2026-07-01T21:36:52.363490+00:00,187.63651,1.85749,15,2.0,0.03999999999999998,0.26,0.3,False,True,False,0.0,3.04125,0.0,0.0,3.04125,0.55,0.57,0.0,0.0,-0.8363437499999998,-0.8363437499999998,3.04125,-0.27499999999999997,all_assets_15s
5,0xdc82514297e0235817b0c260d0771daa18aea7590d6e89abcc8c7273355ae68a,BTC,2026-07-01T21:36:54.368306+00:00,185.631694,1.983306,15,2.0,0.03999999999999998,0.37,0.41,False,True,False,0.0,3.75,0.0,0.0,3.75,0.52,0.53,0.0,0.0,-0.4687500000000002,-0.4687500000000002,3.75,-0.12500000000000006,all_assets_15s
5,0xccddd1603d20c4477f2ac4e9f226747d540c9f0fe9ebc85b76cbdd992afa90a5,SOL,2026-07-01T21:36:56.374213+00:00,183.625787,1.982213,15,2.0,0.030000000000000027,0.58,0.61,True,False,False,6.375,0.0,0.0,6.375,0.0,0.5,0.51,0.0,-0.5418749999999998,0.0,-0.5418749999999998,6.375,-0.08499999999999996,all_assets_15s
5,0xccddd1603d20c4477f2ac4e9f226747d540c9f0fe9ebc85b76cbdd992afa90a5,SOL,2026-07-01T21:37:26.370102+00:00,153.629898,1.973102,15,2.0,0.04999999999999999,0.45,0.5,True,False,False,1.875,0.0,0.0,1.875,0.0,0.37,0.38,0.0,-0.15937500000000004,0.0,-0.15937500000000004,1.875,-0.08500000000000002,all_assets_15s
5,0xdc82514297e0235817b0c260d0771daa18aea7590d6e89abcc8c7273355ae68a,BTC,2026-07-01T21:38:02.371563+00:00,117.628437,1.923563,15,2.0,0.030000000000000027,0.5,0.53,True,True,True,41.745,46.875,41.745,0.0,5.130000000000003,0.55,0.57,0.834900000000001,0.0,-0.23084999999999972,0.6040500000000013,88.62,0.006816181448882885,all_assets_15s
5,0xccddd1603d20c4477f2ac4e9f226747d540c9f0fe9ebc85b76cbdd992afa90a5,SOL,2026-07-01T21:38:04.363985+00:00,115.636015,1.866985,15,2.0,0.04000000000000001,0.22,0.26,True,False,False,13.395,0.0,0.0,13.395,0.0,0.2,0.21,0.0,-0.33487499999999987,0.0,-0.33487499999999987,13.395,-0.02499999999999999,all_assets_15s
5,0xccddd1603d20c4477f2ac4e9f226747d540c9f0fe9ebc85b76cbdd992afa90a5,SOL,2026-07-01T21:38:38.375395+00:00,81.624605,1.971395,15,2.0,0.030000000000000027,0.52,0.55,True,True,True,1.875,1.875,1.875,0.0,0.0,0.74,0.75,0.03750000000000005,0.0,-0.0,0.03750000000000005,3.75,0.010000000000000012,all_assets_15s
5,0xdc82514297e0235817b0c260d0771daa18aea7590d6e89abcc8c7273355ae68a,BTC,2026-07-01T21:38:50.365876+00:00,69.634124,1.993876,15,2.0,0.039999999999999925,0.93,0.97,True,True,True,43.11,46.875,43.11,0.0,3.7650000000000006,0.69,0.72,1.2932999999999966,-0.0,0.9224250000000002,2.215724999999997,89.985,0.024623270545090812,all_assets_15s
5,0xccddd1603d20c4477f2ac4e9f226747d540c9f0fe9ebc85b76cbdd992afa90a5,SOL,2026-07-01T21:38:52.371454+00:00,67.628546,1.978454,15,2.0,0.030000000000000027,0.84,0.87,True,False,False,6.6075,0.0,0.0,6.6075,0.0,0.43,0.44,0.0,-2.7421124999999997,0.0,-2.7421124999999997,6.6075,-0.415,all_assets_15s
5,0x751d9e9775099c1841d5ea89e96b99a0f7258d3ddbb59043c6aa855bc5fe1664,ETH,2026-07-01T21:38:54.361771+00:00,65.638229,1.969771,15,2.0,0.030000000000000027,0.47,0.5,True,False,False,18.52875,0.0,0.0,18.52875,0.0,0.02,0.03,0.0,-8.43058125,0.0,-8.43058125,18.52875,-0.455,all_assets_15s
5,0xdc82514297e0235817b0c260d0771daa18aea7590d6e89abcc8c7273355ae68a,BTC,2026-07-01T21:39:06.367677+00:00,53.632323,1.984677,15,2.0,0.040000000000000036,0.73,0.77,True,False,False,4.7325,0.0,0.0,4.7325,0.0,0.69,0.7,0.0,-0.21296250000000017,0.0,-0.21296250000000017,4.7325,-0.04500000000000003,all_assets_15s
5,0x4c09abece310efe0c502e2b081a875d0020f5b30af3c45f19145efd6b791df0b,ETH,2026-07-01T21:40:24.371334+00:00,275.628666,1.988334,15,2.0,0.040000000000000036,0.52,0.56,True,True,True,13.548750000000002,10.12875,10.12875,3.4200000000000017,0.0,0.54,0.55,0.30386250000000037,0.05130000000000008,0.0,0.35516250000000044,23.677500000000002,0.015000000000000017,all_assets_15s
5,0x1e62581fd9a1f2400a72b0ace91b1149d1dd03a3202a315563efea9499e0e23b,BTC,2026-07-01T21:40:28.369988+00:00,271.630012,1.924988,15,2.0,0.07999999999999996,0.67,0.75,False,True,False,0.0,46.875,0.0,0.0,46.875,0.79,0.8,0.0,0.0,-2.5781250000000018,-2.5781250000000018,46.875,-0.055000000000000035,all_assets_15s
5,0x2729a97dbed765fa7f38618dc0399548892a2600fac0138be2d913602762d5e7,SOL,2026-07-01T21:42:10.372804+00:00,169.627196,1.975804,15,2.0,0.03999999999999998,0.33,0.37,True,False,False,8.325,0.0,0.0,8.325,0.0,0.21,0.22,0.0,-1.0406250000000001,0.0,-1.0406250000000001,8.325,-0.12500000000000003,all_assets_15s
5,0xdf92f9514293b52fa02cd5e053b7e0ed46b9f94c13be09a814be51f9233eaef2,ETH,2026-07-01T21:45:02.364632+00:00,297.635368,1.992632,15,2.0,0.08999999999999997,0.39,0.48,False,True,False,0.0,20.34375,0.0,0.0,20.34375,0.52,0.53,0.0,0.0,-1.1189062500000009,-1.1189062500000009,20.34375,-0.05500000000000004,all_assets_15s
5,0x6de6d39220dc444c78dbc1caf949cc3583d01b10446468528a5b525b420e9392,SOL,2026-07-01T21:45:38.361985+00:00,261.638015,1.982985,15,2.0,0.039999999999999925,0.53,0.57,True,False,False,7.7775,0.0,0.0,7.7775,0.0,0.55,0.56,0.0,0.11666250000000013,0.0,0.11666250000000013,7.7775,0.015000000000000017,all_assets_15s
5,0x73f7d1cc0d6504cf2c207938cebb02a7bc6ab67576be605c9f3dcbc92bb18701,BTC,2026-07-01T21:45:46.372748+00:00,253.627252,1.899748,15,2.0,0.03999999999999998,0.44,0.48,True,True,True,17.37375,26.68875,17.37375,0.0,9.314999999999998,0.51,0.52,0.5212124999999996,0.0,-0.4191750000000002,0.10203749999999945,44.0625,0.002315744680851051,all_assets_15s
5,0x73f7d1cc0d6504cf2c207938cebb02a7bc6ab67576be605c9f3dcbc92bb18701,BTC,2026-07-01T21:45:50.368129+00:00,249.631871,1.954129,15,2.0,0.030000000000000027,0.37,0.4,True,True,True,4.72875,13.0425,4.72875,0.0,8.31375,0.49,0.5,0.09457500000000012,0.0,-0.8729437499999999,-0.7783687499999998,17.771250000000002,-0.04379932475205738,all_assets_15s
5,0xdf92f9514293b52fa02cd5e053b7e0ed46b9f94c13be09a814be51f9233eaef2,ETH,2026-07-01T21:45:56.370687+00:00,243.629313,1.982687,15,2.0,0.030000000000000027,0.5,0.53,True,True,True,46.875,3.1500000000000004,3.1500000000000004,43.725,0.0,0.42,0.44,0.06300000000000008,-3.716625000000001,0.0,-3.653625000000001,50.025,-0.07303598200899553,all_assets_15s
5,0x73f7d1cc0d6504cf2c207938cebb02a7bc6ab67576be605c9f3dcbc92bb18701,BTC,2026-07-01T21:46:50.367921+00:00,189.632079,1.980921,15,2.0,0.04999999999999999,0.31,0.36,True,True,True,19.38,1.875,1.875,17.505,0.0,0.47,0.48,0.07499999999999997,2.7132749999999994,-0.0,2.7882749999999996,21.255,0.131182074805928,all_assets_15s
5,0x6de6d39220dc444c78dbc1caf949cc3583d01b10446468528a5b525b420e9392,SOL,2026-07-01T21:47:42.367429+00:00,137.632571,1.990429,15,2.0,0.030000000000000027,0.48,0.51,False,True,False,0.0,8.82,0.0,0.0,8.82,0.59,0.6,0.0,0.0,-0.8378999999999998,-0.8378999999999998,8.82,-0.09499999999999997,all_assets_15s
5,0xdf92f9514293b52fa02cd5e053b7e0ed46b9f94c13be09a814be51f9233eaef2,ETH,2026-07-01T21:48:22.367730+00:00,97.63227,1.84273,15,2.0,0.050000000000000044,0.61,0.66,True,False,False,12.0,0.0,0.0,12.0,0.0,0.4,0.41,0.0,-2.5799999999999996,0.0,-2.5799999999999996,12.0,-0.21499999999999997,all_assets_15s
5,0x47c5c4d1e64b9ad0d527ea83a9b281cf2ba73888df2eb450db55596e0bc1fb30,BTC,2026-07-01T21:50:52.366536+00:00,247.633464,1.964536,15,2.0,0.03999999999999998,0.37,0.41,True,True,True,37.905,31.125,31.125,6.780000000000001,0.0,0.43,0.44,0.9337499999999993,0.37290000000000006,-0.0,1.3066499999999994,69.03,0.01892872664059104,all_assets_15s
5,0x47c5c4d1e64b9ad0d527ea83a9b281cf2ba73888df2eb450db55596e0bc1fb30,BTC,2026-07-01T21:53:02.360460+00:00,117.63954,1.97346,15,2.0,0.08000000000000002,0.43,0.51,False,True,False,0.0,46.875,0.0,0.0,46.875,0.52,0.53,0.0,0.0,-1.1718750000000009,-1.1718750000000009,46.875,-0.02500000000000002,all_assets_15s
5,0xfe7870a9fb715e078845814539d09fecec8c6c909833772826ad66e2adb43246,SOL,2026-07-01T21:53:22.364988+00:00,97.635012,1.846988,15,2.0,0.030000000000000027,0.94,0.97,False,True,False,0.0,46.875,0.0,0.0,46.875,0.98,0.99,0.0,0.0,-1.1718750000000009,-1.1718750000000009,46.875,-0.02500000000000002,all_assets_15s
5,0x7f95e1d134e20d37bac046b26b1986bea147bc22b45da2b3c4fa93a7907a0e64,SOL,2026-07-01T21:55:02.368886+00:00,297.631114,1.886886,15,2.0,0.07,0.42,0.49,False,True,False,0.0,3.1875,0.0,0.0,3.1875,0.64,0.65,0.0,0.0,-0.5259375000000002,-0.5259375000000002,3.1875,-0.16500000000000006,all_assets_15s
5,0x7f95e1d134e20d37bac046b26b1986bea147bc22b45da2b3c4fa93a7907a0e64,SOL,2026-07-01T21:55:08.373915+00:00,291.626085,1.876915,15,2.0,0.04999999999999993,0.55,0.6,False,True,False,0.0,11.25,0.0,0.0,11.25,0.64,0.65,0.0,0.0,-0.6187500000000005,-0.6187500000000005,11.25,-0.05500000000000004,all_assets_15s
5,0x7f95e1d134e20d37bac046b26b1986bea147bc22b45da2b3c4fa93a7907a0e64,SOL,2026-07-01T21:58:40.372165+00:00,79.627835,1.899165,15,2.0,0.030000000000000027,0.77,0.8,True,True,True,1.875,46.875,1.875,0.0,45.0,0.82,0.83,0.03750000000000005,0.0,-1.5749999999999962,-1.537499999999996,48.75,-0.03153846153846146,all_assets_15s
5,0x7f95e1d134e20d37bac046b26b1986bea147bc22b45da2b3c4fa93a7907a0e64,SOL,2026-07-01T21:58:48.365315+00:00,71.634685,1.977315,15,2.0,0.030000000000000027,0.73,0.76,False,True,False,0.0,28.18875,0.0,0.0,28.18875,0.87,0.88,0.0,0.0,-3.52359375,-3.52359375,28.18875,-0.125,all_assets_15s
5,0x57f87262af3ca3fc831e294e631e17dfb34f697bedb03f86690993d1c41bf4c2,BTC,2026-07-01T22:02:42.364296+00:00,137.635704,1.993296,15,2.0,0.030000000000000027,0.36,0.39,True,True,True,4.893750000000001,9.375,4.893750000000001,0.0,4.481249999999999,0.47,0.48,0.09787500000000013,0.0,-0.4257187499999998,-0.32784374999999966,14.26875,-0.022976346911957924,all_assets_15s
5,0xd5fd7154e608f6ad96c455a12974647ebdc2bff30b93db08b70f0f4b5d27ff6b,SOL,2026-07-01T22:03:22.369147+00:00,97.630853,1.929147,15,2.0,0.05000000000000002,0.22,0.27,True,False,False,8.52,0.0,0.0,8.52,0.0,0.07,0.08,0.0,-1.3206,0.0,-1.3206,8.52,-0.155,all_assets_15s
5,0x2f68e5085157ce2b5aaa31b91e618d5c8d2dce65f9509715d4ce9fd8b8de65ec,SOL,2026-07-01T22:08:10.363603+00:00,109.636397,1.882603,15,2.0,0.040000000000000036,0.5,0.54,False,True,False,0.0,3.37875,0.0,0.0,3.37875,0.66,0.67,0.0,0.0,-0.45613125000000004,-0.45613125000000004,3.37875,-0.135,all_assets_15s
5,0x2f68e5085157ce2b5aaa31b91e618d5c8d2dce65f9509715d4ce9fd8b8de65ec,SOL,2026-07-01T22:08:36.368795+00:00,83.631205,1.935795,15,2.0,0.040000000000000036,0.71,0.75,True,False,False,33.75,0.0,0.0,33.75,0.0,0.68,0.69,0.0,-1.181249999999997,0.0,-1.181249999999997,33.75,-0.03499999999999991,all_assets_15s
5,0x017e87d37f6ccec42d134265e6d538a4d2a20f4c4db0a71828799121719cbc8e,SOL,2026-07-01T22:12:36.372792+00:00,143.627208,1.917792,15,2.0,0.040000000000000036,0.62,0.66,True,True,True,16.40625,11.325,11.325,5.081250000000001,0.0,0.68,0.69,0.3397500000000004,0.2794687500000003,-0.0,0.6192187500000007,27.73125,0.022329276538201513,all_assets_15s
5,0x5162f05fe4efdd9d3eb2c840da4f6c249a23f265525267ac977ca2a6a9c85458,SOL,2026-07-01T22:15:02.366898+00:00,297.633102,1.985898,15,2.0,0.18,0.45,0.63,False,False,False,0.0,0.0,0.0,0.0,0.0,0.52,0.53,0.0,0.0,0.0,0.0,0.0,0.0,all_assets_15s
5,0xb04d9e5f31ea4614fdf20ce94c4c9f76f69d6f1b2b81f0b7a919740632369947,SOL,2026-07-01T22:21:18.376050+00:00,221.62395,0.83905,15,2.0,0.08000000000000007,0.6,0.68,False,True,False,0.0,4.5,0.0,0.0,4.5,0.98,0.99,0.0,0.0,-1.4174999999999998,-1.4174999999999998,4.5,-0.31499999999999995,all_assets_15s
5,0xb04d9e5f31ea4614fdf20ce94c4c9f76f69d6f1b2b81f0b7a919740632369947,SOL,2026-07-01T22:21:22.375335+00:00,217.624665,1.927335,15,2.0,0.040000000000000036,0.77,0.81,False,True,False,0.0,1.875,0.0,0.0,1.875,0.98,0.99,0.0,0.0,-0.3468749999999999,-0.3468749999999999,1.875,-0.18499999999999994,all_assets_15s
5,0x10c113f82fddb4f657504528e4f2606f60bb665623e0824f5a0b56976d763f66,BTC,2026-07-01T22:21:28.362633+00:00,211.637367,1.925633,15,2.0,0.039999999999999925,0.92,0.96,True,True,True,17.576249999999998,46.875,17.576249999999998,0.0,29.298750000000002,0.97,0.98,0.5272874999999986,0.0,-0.7324687500000006,-0.20518125000000198,64.45125,-0.003183510793041283,all_assets_15s
5,0x10c113f82fddb4f657504528e4f2606f60bb665623e0824f5a0b56976d763f66,BTC,2026-07-01T22:22:04.369604+00:00,175.630396,1.974604,15,2.0,0.040000000000000036,0.88,0.92,True,False,False,46.875,0.0,0.0,46.875,0.0,0.85,0.87,0.0,-1.640625000000001,0.0,-1.640625000000001,46.875,-0.035000000000000024,all_assets_15s
5,0xb04d9e5f31ea4614fdf20ce94c4c9f76f69d6f1b2b81f0b7a919740632369947,SOL,2026-07-01T22:22:20.371831+00:00,159.628169,1.975831,15,2.0,0.039999999999999925,0.79,0.83,False,True,False,0.0,34.845,0.0,0.0,34.845,0.92,0.93,0.0,0.0,-3.658725000000003,-3.658725000000003,34.845,-0.1050000000000001,all_assets_15s
5,0x2b139d670d2706c6264dad011bc4e96df04633695a4fc75b669830f39f6693ce,BTC,2026-07-01T22:25:38.363793+00:00,261.636207,1.986793,15,2.0,0.030000000000000027,0.49,0.52,True,True,True,46.875,3.75,3.75,43.125,0.0,0.32,0.33,0.0750000000000001,-7.546874999999999,0.0,-7.471874999999999,50.625,-0.14759259259259258,all_assets_15s
5,0x5330f3288d309b2bb246086f6cf4d139e782acd5b44784839259604ae5e9f369,BTC,2026-07-01T22:32:16.363810+00:00,163.63619,1.81981,15,2.0,0.06,0.38,0.44,False,True,False,0.0,30.521250000000002,0.0,0.0,30.521250000000002,0.54,0.58,0.0,0.0,-4.42558125,-4.42558125,30.521250000000002,-0.145,all_assets_15s
5,0x26690f30c8250f214c3c585bafacecfe21ca18c719caac4709c063c6d47267b4,SOL,2026-07-01T22:32:34.362150+00:00,145.63785,1.80915,15,2.0,0.030000000000000027,0.7,0.73,True,False,False,2.4074999999999998,0.0,0.0,2.4074999999999998,0.0,0.66,0.67,0.0,-0.1083374999999998,0.0,-0.1083374999999998,2.4074999999999998,-0.04499999999999992,all_assets_15s
5,0x5330f3288d309b2bb246086f6cf4d139e782acd5b44784839259604ae5e9f369,BTC,2026-07-01T22:32:34.362150+00:00,145.63785,1.81315,15,2.0,0.039999999999999925,0.54,0.58,False,True,False,0.0,46.875,0.0,0.0,46.875,0.57,0.61,0.0,0.0,-1.640625000000001,-1.640625000000001,46.875,-0.035000000000000024,all_assets_15s
5,0x8145a3bfddc61cdf01d45026aed596f0878c260884e8315caa000f5e42143a61,ETH,2026-07-01T22:32:34.362150+00:00,145.63785,1.80915,15,2.0,0.039999999999999925,0.55,0.59,True,False,False,4.875,0.0,0.0,4.875,0.0,0.52,0.53,0.0,-0.1706250000000001,0.0,-0.1706250000000001,4.875,-0.035000000000000024,all_assets_15s
5,0x5330f3288d309b2bb246086f6cf4d139e782acd5b44784839259604ae5e9f369,BTC,2026-07-01T22:32:52.375172+00:00,127.624828,1.812172,15,2.0,0.040000000000000036,0.57,0.61,True,False,False,46.875,0.0,0.0,46.875,0.0,0.36,0.38,0.0,-10.078124999999998,0.0,-10.078124999999998,46.875,-0.21499999999999997,all_assets_15s
5,0x5330f3288d309b2bb246086f6cf4d139e782acd5b44784839259604ae5e9f369,BTC,2026-07-01T22:33:34.363032+00:00,85.636968,1.808032,15,2.0,0.040000000000000036,0.24,0.28,True,False,False,46.875,0.0,0.0,46.875,0.0,0.27,0.28,0.0,1.171875000000001,-0.0,1.171875000000001,46.875,0.025000000000000022,all_assets_15s
5,0x5330f3288d309b2bb246086f6cf4d139e782acd5b44784839259604ae5e9f369,BTC,2026-07-01T22:34:06.364736+00:00,53.635264,1.994736,15,2.0,0.05999999999999994,0.53,0.59,True,False,False,3.375,0.0,0.0,3.375,0.0,0.35,0.36,0.0,-0.6243750000000001,0.0,-0.6243750000000001,3.375,-0.18500000000000003,all_assets_15s
5,0x5330f3288d309b2bb246086f6cf4d139e782acd5b44784839259604ae5e9f369,BTC,2026-07-01T22:34:12.370398+00:00,47.629602,1.937398,15,2.0,0.040000000000000036,0.3,0.34,True,True,True,46.875,46.875,46.875,0.0,0.0,0.28,0.29,1.4062500000000016,-0.0,0.0,1.4062500000000016,93.75,0.015000000000000017,all_assets_15s
5,0x06bf7937a18769d86039ea4ed35e5e8edd2a5c73d2ee04faffe90363450f8e3c,SOL,2026-07-01T22:36:24.369518+00:00,215.630482,1.991518,15,2.0,0.030000000000000027,0.52,0.55,True,False,False,46.545,0.0,0.0,46.545,0.0,0.39,0.42,0.0,-6.283575000000001,0.0,-6.283575000000001,46.545,-0.135,all_assets_15s
5,0xe3072e523d36860dd178a5f6847dc9be0321afd3a248065656c43a8deb2ae75b,BTC,2026-07-01T22:36:46.367268+00:00,193.632732,1.890268,15,2.0,0.04999999999999999,0.44,0.49,True,True,True,41.10375,46.875,41.10375,0.0,5.771250000000002,0.45,0.46,1.6441499999999993,0.0,0.1442812499999999,1.7884312499999993,87.97874999999999,0.020327991134222748,all_assets_15s
5,0x06bf7937a18769d86039ea4ed35e5e8edd2a5c73d2ee04faffe90363450f8e3c,SOL,2026-07-01T22:38:04.369579+00:00,115.630421,1.965579,15,2.0,0.030000000000000013,0.11,0.14,True,False,False,3.75,0.0,0.0,3.75,0.0,0.06,0.07,0.0,-0.20625,0.0,-0.20625,3.75,-0.055,all_assets_15s
5,0xe3072e523d36860dd178a5f6847dc9be0321afd3a248065656c43a8deb2ae75b,BTC,2026-07-01T22:38:04.369579+00:00,115.630421,1.931579,15,2.0,0.07000000000000006,0.58,0.65,True,False,False,31.93875,0.0,0.0,31.93875,0.0,0.53,0.54,0.0,-1.7566312499999976,0.0,-1.7566312499999976,31.93875,-0.05499999999999993,all_assets_15s
5,0x5fa18bc38c0901d676294b1c12ab6f628f925d47e0579a702d58f4ce1753f92c,SOL,2026-07-01T22:40:02.360947+00:00,297.639053,1.993947,15,2.0,0.09999999999999998,0.49,0.59,False,True,False,0.0,3.75,0.0,0.0,3.75,0.7,0.71,0.0,0.0,-0.46875,-0.46875,3.75,-0.125,all_assets_15s
5,0x5fa18bc38c0901d676294b1c12ab6f628f925d47e0579a702d58f4ce1753f92c,SOL,2026-07-01T22:40:38.361142+00:00,261.638858,1.999142,15,2.0,0.030000000000000027,0.52,0.55,True,True,True,13.845,46.875,13.845,0.0,33.03,0.57,0.58,0.27690000000000037,0.0,-1.1560499999999971,-0.8791499999999968,60.72,-0.01447875494071141,all_assets_15s
5,0x52245415f9de36a925d4cf8a8b859a50fa3391e33f70f19fe954a2ab2112349a,BTC,2026-07-01T22:40:40.370075+00:00,259.629925,1.926075,15,2.0,0.04999999999999999,0.32,0.37,True,True,True,36.75,1.875,1.875,34.875,0.0,0.46,0.47,0.07499999999999997,4.708125,-0.0,4.783125,38.625,0.12383495145631068,all_assets_15s
5,0x5fa18bc38c0901d676294b1c12ab6f628f925d47e0579a702d58f4ce1753f92c,SOL,2026-07-01T22:41:10.369413+00:00,229.630587,1.885413,15,2.0,0.030000000000000027,0.63,0.66,False,True,False,0.0,10.92,0.0,0.0,10.92,0.83,0.84,0.0,0.0,-2.0201999999999996,-2.0201999999999996,10.92,-0.18499999999999997,all_assets_15s
5,0x5fa18bc38c0901d676294b1c12ab6f628f925d47e0579a702d58f4ce1753f92c,SOL,2026-07-01T22:41:48.370397+00:00,191.629603,1.946397,15,2.0,0.040000000000000036,0.85,0.89,True,False,False,5.85,0.0,0.0,5.85,0.0,0.84,0.87,0.0,-0.08775000000000005,0.0,-0.08775000000000005,5.85,-0.01500000000000001,all_assets_15s
5,0x52245415f9de36a925d4cf8a8b859a50fa3391e33f70f19fe954a2ab2112349a,BTC,2026-07-01T22:43:52.362308+00:00,67.637692,1.923308,15,2.0,0.14,0.53,0.67,True,False,False,9.75,0.0,0.0,9.75,0.0,0.2,0.21,0.0,-3.2662500000000003,0.0,-3.2662500000000003,9.75,-0.335,all_assets_15s
5,0x22736fe4dce6cd4b31924cb86abf13251094c68718dae2a44039cad34045e44a,BTC,2026-07-01T22:45:10.363063+00:00,289.636937,1.896063,15,2.0,0.040000000000000036,0.48,0.52,True,False,False,26.38875,0.0,0.0,26.38875,0.0,0.37,0.38,0.0,-3.03470625,0.0,-3.03470625,26.38875,-0.115,all_assets_15s
5,0x22736fe4dce6cd4b31924cb86abf13251094c68718dae2a44039cad34045e44a,BTC,2026-07-01T22:46:46.361761+00:00,193.638239,1.898761,15,2.0,0.09000000000000002,0.19,0.28,True,True,True,46.875,46.875,46.875,0.0,0.0,0.15,0.16,3.7500000000000013,-0.0,0.0,3.7500000000000013,93.75,0.040000000000000015,all_assets_15s
5,0x22736fe4dce6cd4b31924cb86abf13251094c68718dae2a44039cad34045e44a,BTC,2026-07-01T22:48:40.364288+00:00,79.635712,1.966288,15,2.0,0.030000000000000027,0.59,0.62,True,True,True,16.8375,7.5,7.5,9.337499999999999,0.0,0.44,0.45,0.1500000000000002,-1.4473124999999996,0.0,-1.2973124999999994,24.3375,-0.05330508474576269,all_assets_15s
5,0x15ab2d7e2d42a09632dcc4ee5939e898162938ea2ef3819ba064626cadbd3c19,SOL,2026-07-01T22:48:58.361478+00:00,61.638522,1.935478,15,2.0,0.04000000000000001,0.13,0.17,True,False,False,10.16625,0.0,0.0,10.16625,0.0,0.03,0.04,0.0,-1.06745625,0.0,-1.06745625,10.16625,-0.105,all_assets_15s
5,0x58b9f09be68fe1124bb5e0856eda2f2e1f21c65a220053375a3f323519cbce6e,BTC,2026-07-01T22:50:42.364496+00:00,257.635504,1.994496,15,2.0,0.040000000000000036,0.24,0.28,True,True,True,46.875,12.75,12.75,34.125,0.0,0.25,0.26,0.38250000000000045,0.1706250000000003,0.0,0.5531250000000008,59.625,0.00927672955974844,all_assets_15s
5,0x5f54e9c6bb825b42eaa947650609662e0daac22136ca86081acb6d26fa1103bb,ETH,2026-07-01T22:53:10.370408+00:00,109.629592,1.915408,15,2.0,0.04000000000000001,0.16,0.2,True,True,True,46.875,1.875,1.875,45.0,0.0,0.09,0.1,0.05625000000000001,-3.3750000000000004,0.0,-3.3187500000000005,48.75,-0.06807692307692309,all_assets_15s
5,0xd81bfffedc579dd0ad39ad0c57385a45c3b884f140bd8688cf40d05c81e27196,BTC,2026-07-01T22:57:14.371950+00:00,165.62805,1.99195,15,2.0,0.050000000000000044,0.49,0.54,True,True,True,11.25,46.875,11.25,0.0,35.625,0.54,0.55,0.45000000000000046,0.0,-0.5343750000000004,-0.08437499999999992,58.125,-0.001451612903225805,all_assets_15s
5,0xd81bfffedc579dd0ad39ad0c57385a45c3b884f140bd8688cf40d05c81e27196,BTC,2026-07-01T22:57:40.365435+00:00,139.634565,1.895435,15,2.0,0.030000000000000027,0.53,0.56,True,True,True,11.25,2.09625,2.09625,9.15375,0.0,0.59,0.6,0.04192500000000005,0.5034562499999995,-0.0,0.5453812499999996,13.34625,0.04086400674346724,all_assets_15s
5,0xd81bfffedc579dd0ad39ad0c57385a45c3b884f140bd8688cf40d05c81e27196,BTC,2026-07-01T22:58:14.363856+00:00,105.636144,1.999856,15,2.0,0.030000000000000027,0.64,0.67,False,True,False,0.0,21.048750000000002,0.0,0.0,21.048750000000002,0.83,0.84,0.0,0.0,-3.683531249999999,-3.683531249999999,21.048750000000002,-0.17499999999999993,all_assets_15s
5,0x18575f68c1a711c9e8d8335c52a357b0e17bb43376b322212f58547d8733eafc,ETH,2026-07-01T23:16:04.371390+00:00,235.62861,1.95839,15,2.0,0.040000000000000036,0.73,0.77,True,False,False,8.25,0.0,0.0,8.25,0.0,0.76,0.77,0.0,0.2062500000000002,-0.0,0.2062500000000002,8.25,0.025000000000000026,all_assets_15s
5,0x301a00a9c96a29e401409f19635c00e003d0d89f5926599f5e7abeee3b829438,SOL,2026-07-01T23:23:48.367538+00:00,71.632462,1.822538,15,2.0,0.030000000000000027,0.29,0.32,False,True,False,0.0,2.0062499999999996,0.0,0.0,2.0062499999999996,0.38,0.39,0.0,0.0,-0.15046874999999998,-0.15046874999999998,2.0062499999999996,-0.07500000000000001,all_assets_15s
5,0x7ea55c997691d4a613f8fc30b436f763ea1497b6d7fce656819b1493b05fc89e,ETH,2026-07-01T23:33:50.372684+00:00,69.627316,1.982684,15,2.0,0.03999999999999998,0.34,0.38,True,False,False,17.1,0.0,0.0,17.1,0.0,0.25,0.26,0.0,-1.6245000000000007,0.0,-1.6245000000000007,17.1,-0.09500000000000003,all_assets_15s
5,0x8d22580ded9a1c9bb43a9581787566efeccc0dff2ba6843eef73d5789b5ad805,SOL,2026-07-01T23:41:10.361979+00:00,229.638021,1.964979,15,2.0,0.03999999999999998,0.46,0.5,False,True,False,0.0,9.66375,0.0,0.0,9.66375,0.54,0.55,0.0,0.0,-0.5315062500000004,-0.5315062500000004,9.66375,-0.05500000000000004,all_assets_15s
5,0xa8c5e47db8f8208d7345ef5021f0fb789ff3e8d3ad059f784547d3bbeb691b2b,ETH,2026-07-01T23:42:00.361022+00:00,179.638978,1.997022,15,2.0,0.050000000000000044,0.63,0.68,False,True,False,0.0,5.625,0.0,0.0,5.625,0.77,0.78,0.0,0.0,-0.590625,-0.590625,5.625,-0.105,all_assets_15s
5,0x8d22580ded9a1c9bb43a9581787566efeccc0dff2ba6843eef73d5789b5ad805,SOL,2026-07-01T23:42:40.360079+00:00,139.639921,1.930079,15,2.0,0.1299999999999999,0.56,0.69,False,True,False,0.0,1.875,0.0,0.0,1.875,0.72,0.73,0.0,0.0,-0.08437500000000006,-0.08437500000000006,1.875,-0.04500000000000003,all_assets_15s
5,0xfc8b3392f0bedad689e144a35adae140e439313fba94b2a3a48a3739841a8611,BTC,2026-07-01T23:43:46.375309+00:00,73.624691,1.993309,15,2.0,0.050000000000000044,0.7,0.75,True,True,True,46.875,46.875,46.875,0.0,0.0,0.76,0.77,1.875000000000002,0.0,-0.0,1.875000000000002,93.75,0.02000000000000002,all_assets_15s
5,0x0c4038723f7fecb3440b06827d85b4819961d6079d81bcc7a9d5d4debe22c47c,ETH,2026-07-01T23:46:16.360771+00:00,223.639229,1.928771,15,2.0,0.05000000000000002,0.21,0.26,True,False,False,8.8125,0.0,0.0,8.8125,0.0,0.13,0.14,0.0,-0.7490625,0.0,-0.7490625,8.8125,-0.08499999999999999,all_assets_15s
5,0xd88ec5d3c8d59c27d4cc179c88f50865e5e0b82a6e0e78c38cd5074fdd195fdc,BTC,2026-07-01T23:51:22.363478+00:00,217.636522,1.998478,15,2.0,0.050000000000000044,0.41,0.46,True,True,True,18.71625,9.375,9.375,9.341249999999999,0.0,0.5,0.56,0.3750000000000004,0.79400625,-0.0,1.1690062500000005,28.09125,0.04161460419169672,all_assets_15s
5,0xd88ec5d3c8d59c27d4cc179c88f50865e5e0b82a6e0e78c38cd5074fdd195fdc,BTC,2026-07-01T23:51:40.360223+00:00,199.639777,1.966223,15,2.0,0.06000000000000005,0.5,0.56,True,False,False,25.068749999999998,0.0,0.0,25.068749999999998,0.0,0.3,0.31,0.0,-5.13909375,0.0,-5.13909375,25.068749999999998,-0.20500000000000002,all_assets_15s
5,0x550308d3bfc319a4147f8f57d527b015c1766d823a1c907490fab98eb3db905e,SOL,2026-07-01T23:52:48.363901+00:00,131.636099,1.975901,15,2.0,0.030000000000000027,0.42,0.45,True,True,True,24.31125,2.5875000000000004,2.5875000000000004,21.723750000000003,0.0,0.5,0.51,0.051750000000000074,1.6292812500000005,-0.0,1.6810312500000006,26.89875,0.06249477206189881,all_assets_15s
5,0x06921e008eb7fd22ca1c772410408cab9020483d6bc453a69d002a21f59d213f,ETH,2026-07-01T23:53:10.360683+00:00,109.639317,1.984683,15,2.0,0.039999999999999925,0.68,0.72,True,True,True,46.875,4.875,4.875,42.0,0.0,0.61,0.62,0.14624999999999963,-3.150000000000003,0.0,-3.0037500000000033,51.75,-0.05804347826086963,all_assets_15s
5,0xd88ec5d3c8d59c27d4cc179c88f50865e5e0b82a6e0e78c38cd5074fdd195fdc,BTC,2026-07-01T23:53:22.366876+00:00,97.633124,1.936876,15,2.0,0.040000000000000036,0.42,0.46,True,True,True,6.592499999999999,4.7775,4.7775,1.8149999999999995,0.0,0.76,0.77,0.14332500000000015,0.6080249999999998,-0.0,0.75135,11.37,0.06608179419525066,all_assets_15s
5,0x550308d3bfc319a4147f8f57d527b015c1766d823a1c907490fab98eb3db905e,SOL,2026-07-01T23:54:04.367918+00:00,55.632082,1.858918,15,2.0,0.030000000000000027,0.71,0.74,False,True,False,0.0,6.074999999999999,0.0,0.0,6.074999999999999,0.87,0.88,0.0,0.0,-0.880875,-0.880875,6.074999999999999,-0.14500000000000002,all_assets_15s
5,0x7443e373ed5a58a5ae3c9d6a2484b35fa5c40ecd650573bae1c507b2a00dfdb2,SOL,2026-07-02T00:00:58.362673+00:00,241.637327,1.974673,15,2.0,0.03999999999999998,0.2,0.24,True,False,False,3.0,0.0,0.0,3.0,0.0,0.13,0.14,0.0,-0.22500000000000003,0.0,-0.22500000000000003,3.0,-0.07500000000000001,all_assets_15s
5,0x7443e373ed5a58a5ae3c9d6a2484b35fa5c40ecd650573bae1c507b2a00dfdb2,SOL,2026-07-02T00:02:52.365809+00:00,127.634191,1.980809,15,2.0,0.030000000000000006,0.04,0.07,True,False,False,46.875,0.0,0.0,46.875,0.0,0.02,0.03,0.0,-1.171875,0.0,-1.171875,46.875,-0.025,all_assets_15s
5,0x7443e373ed5a58a5ae3c9d6a2484b35fa5c40ecd650573bae1c507b2a00dfdb2,SOL,2026-07-02T00:03:40.373542+00:00,79.626458,1.993542,15,2.0,0.030000000000000006,0.04,0.07,False,True,False,0.0,4.84875,0.0,0.0,4.84875,0.07,0.08,0.0,0.0,-0.07273124999999998,-0.07273124999999998,4.84875,-0.014999999999999998,all_assets_15s
5,0xeddf45555c913fd350e7cf2de8cc2e453f7937affb695b0837b68b3f138b0889,SOL,2026-07-02T00:05:10.366046+00:00,289.633954,1.995046,15,2.0,0.050000000000000044,0.58,0.63,False,True,False,0.0,1.875,0.0,0.0,1.875,0.7,0.72,0.0,0.0,-0.17812499999999995,-0.17812499999999995,1.875,-0.09499999999999997,all_assets_15s
5,0x497426deeacceee0f1a8e6366a0c2f647cffdb8708a1e0fd0a8efec9236abbe9,ETH,2026-07-02T00:10:28.364198+00:00,271.635802,1.992198,15,2.0,0.030000000000000027,0.52,0.55,True,True,True,9.97125,11.25,9.97125,0.0,1.2787500000000005,0.56,0.57,0.19942500000000024,0.0,-0.03196874999999989,0.16745625000000036,21.221249999999998,0.00789097013606646,all_assets_15s
5,0x0a96a6309db2806d5816262a9be5158cf060ed545d8aa3fbc7f5d498baea0533,BTC,2026-07-02T00:16:22.365631+00:00,217.634369,1.998631,15,2.0,0.03999999999999998,0.44,0.48,True,False,False,5.2837499999999995,0.0,0.0,5.2837499999999995,0.0,0.38,0.39,0.0,-0.34344375,0.0,-0.34344375,5.2837499999999995,-0.065,all_assets_15s
5,0x0a96a6309db2806d5816262a9be5158cf060ed545d8aa3fbc7f5d498baea0533,BTC,2026-07-02T00:17:22.360857+00:00,157.639143,1.981857,15,2.0,0.04999999999999999,0.24,0.29,True,False,False,3.1237500000000002,0.0,0.0,3.1237500000000002,0.0,0.09,0.11,0.0,-0.48418125,0.0,-0.48418125,3.1237500000000002,-0.155,all_assets_15s
5,0x8b5af4173a04225b7aee8413b0d4757c318f4614bbb8d97863f426a71f0fb839,BTC,2026-07-02T00:25:40.362601+00:00,259.637399,1.952601,15,2.0,0.08000000000000002,0.43,0.51,True,False,False,46.875,0.0,0.0,46.875,0.0,0.41,0.42,0.0,-1.1718750000000009,0.0,-1.1718750000000009,46.875,-0.02500000000000002,all_assets_15s
5,0xf5a212cf668b503264b793dbaf6142657854eb5cbfd864a184dc0a5821895673,ETH,2026-07-02T00:37:08.362917+00:00,171.637083,1.635917,15,2.0,0.030000000000000027,0.84,0.87,False,True,False,0.0,12.9375,0.0,0.0,12.9375,0.86,0.87,0.0,0.0,-0.0646875,-0.0646875,12.9375,-0.004999999999999999,all_assets_15s
5,0x0b7afa9b0852f4da0eb237bf817bcb7f8aef5e68dd95d52baba20abc06c16376,SOL,2026-07-02T00:37:38.369529+00:00,141.630471,1.981529,15,2.0,0.050000000000000044,0.58,0.63,True,False,False,10.350000000000001,0.0,0.0,10.350000000000001,0.0,0.5,0.51,0.0,-0.8797499999999997,0.0,-0.8797499999999997,10.350000000000001,-0.08499999999999996,all_assets_15s
5,0xe4741fc1a704dbffe64189577815a82a925efd978f4b352c83e96d2533c9cfb8,BTC,2026-07-02T00:39:10.367048+00:00,49.632952,1.972048,15,2.0,0.06,0.3,0.36,True,False,False,2.40375,0.0,0.0,2.40375,0.0,0.12,0.13,0.0,-0.44469375,0.0,-0.44469375,2.40375,-0.185,all_assets_15s
5,0x42914c6bb1e2e530a0632a2cf66f2cd356443d6a9bb35294fc99bf559e6803c0,SOL,2026-07-02T00:41:58.364487+00:00,181.635513,1.869487,15,2.0,0.030000000000000027,0.64,0.67,True,False,False,6.0,0.0,0.0,6.0,0.0,0.61,0.63,0.0,-0.21000000000000013,0.0,-0.21000000000000013,6.0,-0.035000000000000024,all_assets_15s
5,0x779a3c0e591ca9189edaa19b0c10ef05933d7da913be2fa30743a4df01d817d5,BTC,2026-07-02T00:42:16.375825+00:00,163.624175,1.998825,15,2.0,0.04999999999999999,0.37,0.42,False,True,False,0.0,46.875,0.0,0.0,46.875,0.46,0.48,0.0,0.0,-3.046875,-3.046875,46.875,-0.065,all_assets_15s
5,0x42914c6bb1e2e530a0632a2cf66f2cd356443d6a9bb35294fc99bf559e6803c0,SOL,2026-07-02T00:43:34.373354+00:00,85.626646,1.987354,15,2.0,0.04999999999999999,0.19,0.24,False,True,False,0.0,4.875,0.0,0.0,4.875,0.32,0.33,0.0,0.0,-0.4631250000000001,-0.4631250000000001,4.875,-0.09500000000000003,all_assets_15s
5,0xcdc718a394d3473915d0c1dda22e25c0bd527eb715b59ac1bfeebc5b324016fd,BTC,2026-07-02T01:01:04.365697+00:00,235.634303,1.967697,15,2.0,0.040000000000000036,0.49,0.53,False,True,False,0.0,18.768749999999997,0.0,0.0,18.768749999999997,0.52,0.53,0.0,0.0,-0.09384374999999999,-0.09384374999999999,18.768749999999997,-0.005,all_assets_15s
5,0xef796963f52e4091ba04d330e44d0095d2394673cc4af0fd0a5fc393cbb133a7,BTC,2026-07-02T01:18:42.372615+00:00,77.627385,1.868615,15,2.0,0.050000000000000044,0.29,0.34,False,True,False,0.0,46.875,0.0,0.0,46.875,0.57,0.58,0.0,0.0,-11.484374999999996,-11.484374999999996,46.875,-0.2449999999999999,all_assets_15s
5,0xdec242bca8a3ee0ef79a721e94ead8e0fdad3b8cc816e2178ffa5c8e5c19a94e,SOL,2026-07-02T01:23:58.362180+00:00,61.63782,1.82518,15,2.0,0.030000000000000027,0.58,0.61,True,False,False,45.135,0.0,0.0,45.135,0.0,0.51,0.52,0.0,-3.3851249999999977,0.0,-3.3851249999999977,45.135,-0.07499999999999996,all_assets_15s
5,0x983e0264ab97aa4514966051d9e29b802de59fa829e3849ad4946a1a580cd11c,SOL,2026-07-02T01:26:16.365844+00:00,223.634156,1.979844,15,2.0,0.039999999999999925,0.78,0.82,False,True,False,0.0,1.875,0.0,0.0,1.875,0.79,0.8,0.0,0.0,0.028124999999999824,0.028124999999999824,1.875,0.014999999999999906,all_assets_15s
5,0x16d4ddd24beefbfa10b8270becafeb65d29d4091499bf24a4a362cbd66c9bf8b,BTC,2026-07-02T01:40:28.369068+00:00,271.630932,1.964068,15,2.0,0.039999999999999925,0.66,0.7,False,True,False,0.0,5.38875,0.0,0.0,5.38875,0.8,0.81,0.0,0.0,-0.6197062500000006,-0.6197062500000006,5.38875,-0.1150000000000001,all_assets_15s
5,0xaff024a7de1f32094d8355e7c0b9cdf14afde6663af11dac1f6a3ed674459103,SOL,2026-07-02T02:00:02.360622+00:00,297.639378,1.947622,15,2.0,0.10999999999999999,0.5,0.61,True,False,False,7.425000000000001,0.0,0.0,7.425000000000001,0.0,0.37,0.38,0.0,-1.0023750000000002,0.0,-1.0023750000000002,7.425000000000001,-0.135,all_assets_15s
5,0x588452a01bc0dc9c74492e7cb2de03e19916cccbde3f63a07da20a4f9e2ce6b8,BTC,2026-07-02T02:16:34.364894+00:00,205.635106,1.974894,15,2.0,0.050000000000000044,0.59,0.64,False,True,False,0.0,39.480000000000004,0.0,0.0,39.480000000000004,0.76,0.77,0.0,0.0,-5.3298000000000005,-5.3298000000000005,39.480000000000004,-0.135,all_assets_15s
5,0xf0d9104930e71c00c527df01b0b5f73b9bcd6ffee51248bbfc9deee1b77e5b2d,SOL,2026-07-02T02:22:06.371241+00:00,173.628759,1.934241,15,2.0,0.030000000000000027,0.71,0.74,True,False,False,4.199999999999999,0.0,0.0,4.199999999999999,0.0,0.63,0.64,0.0,-0.3569999999999998,0.0,-0.3569999999999998,4.199999999999999,-0.08499999999999996,all_assets_15s
5,0x76b13b3c71447a69f1b18cf9490af78510aea595fe35d4047c2847755158b258,SOL,2026-07-02T02:51:12.362595+00:00,227.637405,1.502595,15,2.0,0.030000000000000027,0.29,0.32,True,True,True,8.595,36.525000000000006,8.595,0.0,27.930000000000007,0.47,0.48,0.17190000000000022,0.0,-4.60845,-4.43655,45.120000000000005,-0.09832779255319149,all_assets_15s
5,0xcde95bc4fa1b5a953bf65e4db1087f593529b0dbe4cc8c117f994627a62a3f20,SOL,2026-07-02T02:56:22.372155+00:00,217.627845,1.999155,15,2.0,0.030000000000000027,0.72,0.75,True,True,True,7.5,45.01875,7.5,0.0,37.51875,0.75,0.76,0.1500000000000002,0.0,-0.5627812500000003,-0.41278125000000015,52.51875,-0.007859692966797576,all_assets_15s
5,0xd69c5b7ce1b66fe7745e070b544d04de2517e4b2093ff8309c5573bb8b38ce57,SOL,2026-07-02T03:38:22.362953+00:00,97.637047,1.976953,15,2.0,0.04999999999999999,0.25,0.3,True,True,True,1.935,1.875,1.875,0.06000000000000005,0.0,0.61,0.62,0.07499999999999997,0.021300000000000017,-0.0,0.09629999999999998,3.81,0.025275590551181098,all_assets_15s
5,0xf0e9dccff018e5c4278fe0a0944bbe81681e11b39a2a1728429bdaa7c0edf7f8,SOL,2026-07-02T04:17:48.372098+00:00,131.627902,1.231098,15,2.0,0.05000000000000002,0.21,0.26,True,False,False,31.875,0.0,0.0,31.875,0.0,0.22,0.23,0.0,0.15937500000000027,0.0,0.15937500000000027,31.875,0.005000000000000009,all_assets_15s
5,0xf0e9dccff018e5c4278fe0a0944bbe81681e11b39a2a1728429bdaa7c0edf7f8,SOL,2026-07-02T04:18:26.365604+00:00,93.634396,1.923604,15,2.0,0.030000000000000013,0.11,0.14,True,True,True,4.199999999999999,7.5,4.199999999999999,0.0,3.3000000000000007,0.07,0.08,0.08400000000000003,-0.0,0.18150000000000008,0.2655000000000001,11.7,0.022692307692307706,all_assets_15s
5,0x5f3247a638ffbca8686a579f296a64dcb98bf846f9e581643889ac6bcf0b20dd,ETH,2026-07-02T11:23:22.362512+00:00,97.637488,1.144512,15,2.0,0.030000000000000027,0.51,0.54,False,True,False,0.0,27.0,0.0,0.0,27.0,0.73,0.74,0.0,0.0,-5.534999999999999,-5.534999999999999,27.0,-0.20499999999999996,all_assets_15s
5,0x59d714d229297822fb05ffbb7386e21d896aefa24f0064d4c141bf982108e158,ETH,2026-07-02T11:42:50.365683+00:00,129.634317,1.501683,15,2.0,0.039999999999999925,0.55,0.59,True,True,True,46.875,18.1875,18.1875,28.6875,0.0,0.61,0.62,0.5456249999999986,1.5778124999999985,-0.0,2.123437499999997,65.0625,0.03263688760806912,all_assets_15s
5,0x388d323376fdc87db1062a7cee56cd9ee26cb1a4a5ea7d342a550d48686794c4,ETH,2026-07-02T12:05:02.370201+00:00,297.629799,1.983201,15,2.0,0.06000000000000005,0.49,0.55,False,True,False,0.0,7.5,0.0,0.0,7.5,0.63,0.64,0.0,0.0,-0.7124999999999998,-0.7124999999999998,7.5,-0.09499999999999997,all_assets_15s
5,0xfdd4d7f9eadc398c0df23a59aadb9ee61a56855c54b6ac9520602a5973e42087,SOL,2026-07-02T12:32:08.372675+00:00,171.627325,1.901675,15,2.0,0.04,0.04,0.08,True,False,False,14.2275,0.0,0.0,14.2275,0.0,0.05,0.06,0.0,0.07113750000000002,0.0,0.07113750000000002,14.2275,0.005000000000000002,all_assets_15s
5,0xdaf0997753717b57a5481080f38ba33d4f2addc0a0d6b40dde8141282570bd68,ETH,2026-07-02T13:07:06.369890+00:00,173.63011,1.83289,15,2.0,0.030000000000000027,0.87,0.9,True,True,True,7.6875,1.875,1.875,5.8125,0.0,0.96,0.97,0.03750000000000005,0.4940624999999998,-0.0,0.5315624999999998,9.5625,0.055588235294117626,all_assets_15s
5,0xa5b6bad869be795d3251c6c3746c657170887453c6b7a0465faa101998f6e730,SOL,2026-07-02T13:32:24.371066+00:00,155.628934,1.676066,15,2.0,0.030000000000000027,0.95,0.98,True,False,False,3.75,0.0,0.0,3.75,0.0,0.89,0.92,0.0,-0.2437499999999998,0.0,-0.2437499999999998,3.75,-0.06499999999999995,all_assets_15s
5,0xba6acf8da6d345173ee24e2b41e7d98ae87fb2f39f6c0d1839c33229ec4b802b,SOL,2026-07-02T14:00:28.373418+00:00,271.626582,1.695418,15,2.0,0.030000000000000027,0.24,0.27,False,True,False,0.0,11.100000000000001,0.0,0.0,11.100000000000001,0.24,0.26,0.0,-0.0,0.055500000000000105,0.055500000000000105,11.100000000000001,0.005000000000000009,all_assets_15s
5,0x2fe107fbed98dce676cec877143f56698e156c7eee8c7c59e7b602983692e9d1,SOL,2026-07-02T14:46:12.364025+00:00,227.635975,1.484025,15,2.0,0.030000000000000027,0.74,0.77,True,True,True,6.0,13.03125,6.0,0.0,7.03125,0.78,0.79,0.12000000000000015,0.0,-0.17578125000000014,-0.05578124999999999,19.03125,-0.0029310344827586203,all_assets_15s
5,0x7c406b25f4da88f9bb71595492d2cb6ab44f1613c5d1ff0320db19ae6ab728b1,BTC,2026-07-02T15:11:40.366780+00:00,199.63322,1.48978,15,2.0,0.030000000000000027,0.43,0.46,False,True,False,0.0,46.875,0.0,0.0,46.875,0.72,0.73,0.0,0.0,-12.890624999999998,-12.890624999999998,46.875,-0.27499999999999997,all_assets_15s
5,0xec3d81b7d8584b8f748c46ec6051575aea1b7f0b804846c1c856314c71820487,BTC,2026-07-02T15:17:18.367930+00:00,161.63207,1.58393,15,2.0,0.040000000000000036,0.29,0.33,True,False,False,27.8925,0.0,0.0,27.8925,0.0,0.2,0.22,0.0,-2.649787499999999,0.0,-2.649787499999999,27.8925,-0.09499999999999997,all_assets_15s
1,0x10b94fc16e760e9861168bfa5c164715dc694173a5fdfb9586e93161a4972310,SOL,2026-06-23T12:15:57.897492+00:00,242.102508,1.959492,30,2.0,0.03999999999999998,0.31,0.35,True,True,True,39.6825,6.75,6.75,32.9325,0.0,0.29,0.3,0.20249999999999985,-0.8233125000000006,0.0,-0.6208125000000007,46.4325,-0.01337021482797611,all_assets_30s
1,0x10b94fc16e760e9861168bfa5c164715dc694173a5fdfb9586e93161a4972310,SOL,2026-06-23T12:16:01.894099+00:00,238.105901,1.871099,30,2.0,0.06000000000000005,0.5,0.56,True,False,False,6.300000000000001,0.0,0.0,6.300000000000001,0.0,0.3,0.31,0.0,-1.2915000000000003,0.0,-1.2915000000000003,6.300000000000001,-0.20500000000000002,all_assets_30s
1,0x10b94fc16e760e9861168bfa5c164715dc694173a5fdfb9586e93161a4972310,SOL,2026-06-23T12:16:13.898557+00:00,226.101443,1.882557,30,2.0,0.06,0.29,0.35,True,True,True,46.875,1.875,1.875,45.0,0.0,0.23,0.24,0.09374999999999999,-2.924999999999999,0.0,-2.831249999999999,48.75,-0.058076923076923054,all_assets_30s
1,0x5e2774ee02ae824e6540e1ed8b8763072ddef48e61e870f0633386de66d15fb4,BTC,2026-06-23T12:16:35.894027+00:00,204.105973,1.950027,30,2.0,0.06,0.36,0.42,True,False,False,46.875,0.0,0.0,46.875,0.0,0.34,0.35,0.0,-1.1718749999999982,0.0,-1.1718749999999982,46.875,-0.024999999999999963,all_assets_30s
1,0x5e2774ee02ae824e6540e1ed8b8763072ddef48e61e870f0633386de66d15fb4,BTC,2026-06-23T12:18:17.905722+00:00,102.094278,1.984722,30,2.0,0.12,0.38,0.5,True,False,False,46.875,0.0,0.0,46.875,0.0,0.09,0.1,0.0,-13.828125000000002,0.0,-13.828125000000002,46.875,-0.29500000000000004,all_assets_30s
1,0x5e2774ee02ae824e6540e1ed8b8763072ddef48e61e870f0633386de66d15fb4,BTC,2026-06-23T12:18:25.898736+00:00,94.101264,1.999736,30,2.0,0.06,0.3,0.36,True,False,False,22.9575,0.0,0.0,22.9575,0.0,0.15,0.16,0.0,-3.5584124999999998,0.0,-3.5584124999999998,22.9575,-0.155,all_assets_30s
1,0x99510e817d4c96ff676c7c7ba8a244dbf522bf7e5724c76b35c045058a8526b9,SOL,2026-06-23T12:20:03.893105+00:00,296.106895,1.993105,30,2.0,0.07999999999999996,0.33,0.41,True,False,False,7.5,0.0,0.0,7.5,0.0,0.23,0.24,0.0,-0.7875000000000001,0.0,-0.7875000000000001,7.5,-0.10500000000000001,all_assets_30s
1,0x99510e817d4c96ff676c7c7ba8a244dbf522bf7e5724c76b35c045058a8526b9,SOL,2026-06-23T12:21:09.906928+00:00,230.093072,1.952928,30,2.0,0.04000000000000001,0.22,0.26,True,False,False,43.275000000000006,0.0,0.0,43.275000000000006,0.0,0.21,0.22,0.0,-0.6491250000000005,0.0,-0.6491250000000005,43.275000000000006,-0.01500000000000001,all_assets_30s
1,0x99510e817d4c96ff676c7c7ba8a244dbf522bf7e5724c76b35c045058a8526b9,SOL,2026-06-23T12:22:01.898744+00:00,178.101256,1.632744,30,2.0,0.03999999999999998,0.17,0.21,True,False,False,6.89625,0.0,0.0,6.89625,0.0,0.07,0.08,0.0,-0.7241062500000001,0.0,-0.7241062500000001,6.89625,-0.10500000000000001,all_assets_30s
1,0x08fe30d5c954ada626d77ab55b26f340bb66ce49c2187b5fd51357aa18934651,SOL,2026-06-23T12:26:41.905352+00:00,198.094648,1.993352,30,2.0,0.09999999999999998,0.39,0.49,False,True,False,0.0,1.03875,0.0,0.0,1.03875,0.41,0.47,0.0,0.0,0.015581250000000019,0.015581250000000019,1.03875,0.015000000000000017,all_assets_30s
1,0x08fe30d5c954ada626d77ab55b26f340bb66ce49c2187b5fd51357aa18934651,SOL,2026-06-23T12:27:01.902008+00:00,178.097992,1.934008,30,2.0,0.04999999999999993,0.52,0.57,True,False,False,1.875,0.0,0.0,1.875,0.0,0.46,0.49,0.0,-0.12187500000000001,0.0,-0.12187500000000001,1.875,-0.065,all_assets_30s
1,0x08fe30d5c954ada626d77ab55b26f340bb66ce49c2187b5fd51357aa18934651,SOL,2026-06-23T12:27:13.907779+00:00,166.092221,1.947779,30,2.0,0.06,0.41,0.47,True,True,True,18.75,35.625,18.75,0.0,16.875,0.4,0.43,0.9374999999999999,-0.0,0.5906249999999997,1.5281249999999997,54.375,0.028103448275862065,all_assets_30s
1,0x08fe30d5c954ada626d77ab55b26f340bb66ce49c2187b5fd51357aa18934651,SOL,2026-06-23T12:27:19.895069+00:00,160.104931,1.943069,30,2.0,0.03999999999999998,0.46,0.5,True,True,True,29.76375,3.75,3.75,26.01375,0.0,0.41,0.42,0.11249999999999992,-1.4307562500000013,0.0,-1.3182562500000015,33.51375,-0.039334787960165644,all_assets_30s
1,0x08fe30d5c954ada626d77ab55b26f340bb66ce49c2187b5fd51357aa18934651,SOL,2026-06-23T12:27:43.897644+00:00,136.102356,1.429644,30,2.0,0.06999999999999995,0.4,0.47,False,True,False,0.0,25.222500000000004,0.0,0.0,25.222500000000004,0.53,0.54,0.0,0.0,-1.891687500000002,-1.891687500000002,25.222500000000004,-0.07500000000000007,all_assets_30s
1,0x08fe30d5c954ada626d77ab55b26f340bb66ce49c2187b5fd51357aa18934651,SOL,2026-06-23T12:28:25.907916+00:00,94.092084,1.304916,30,2.0,0.07000000000000006,0.72,0.79,True,True,True,33.75,4.62,4.62,29.13,0.0,0.85,0.91,0.2772000000000003,3.64125,-0.0,3.91845,38.37,0.10212275215011729,all_assets_30s
1,0xc343baf5a3c07eed88ed83884d909c1d89e3a4e48a2faa1fcb8c2dd0e3160d80,SOL,2026-06-23T12:31:09.896288+00:00,230.103712,1.989288,30,2.0,0.030000000000000027,0.62,0.65,False,True,False,0.0,3.75,0.0,0.0,3.75,0.64,0.66,0.0,0.0,-0.056250000000000036,-0.056250000000000036,3.75,-0.01500000000000001,all_assets_30s
1,0x0b1577d1d5900112d6fa2f51a1489c6954c9030dc316a67f59c28f9bdc50478c,ETH,2026-06-23T12:31:21.905448+00:00,218.094552,1.956448,30,2.0,0.030000000000000027,0.63,0.66,True,True,True,1.875,30.75,1.875,0.0,28.875,0.59,0.6,0.03750000000000005,-0.0,1.5881250000000016,1.6256250000000017,32.625,0.049827586206896604,all_assets_30s
1,0xc343baf5a3c07eed88ed83884d909c1d89e3a4e48a2faa1fcb8c2dd0e3160d80,SOL,2026-06-23T12:32:09.898704+00:00,170.101296,1.993704,30,2.0,0.06999999999999995,0.53,0.6,True,True,True,20.325000000000003,9.375,9.375,10.950000000000003,0.0,0.58,0.59,0.5624999999999996,0.4927499999999994,0.0,1.055249999999999,29.700000000000003,0.03553030303030299,all_assets_30s
1,0x0b1577d1d5900112d6fa2f51a1489c6954c9030dc316a67f59c28f9bdc50478c,ETH,2026-06-23T12:32:41.897149+00:00,138.102851,1.376149,30,2.0,0.030000000000000027,0.61,0.64,True,False,False,0.026250000000000002,0.0,0.0,0.026250000000000002,0.0,0.42,0.43,0.0,-0.005118750000000001,0.0,-0.005118750000000001,0.026250000000000002,-0.195,all_assets_30s
1,0x0b1577d1d5900112d6fa2f51a1489c6954c9030dc316a67f59c28f9bdc50478c,ETH,2026-06-23T12:32:51.895654+00:00,128.104346,1.525654,30,2.0,0.06,0.4,0.46,True,True,True,13.125,10.5,10.5,2.625,0.0,0.36,0.37,0.5249999999999999,-0.11812500000000009,0.0,0.4068749999999998,23.625,0.017222222222222215,all_assets_30s
1,0xc343baf5a3c07eed88ed83884d909c1d89e3a4e48a2faa1fcb8c2dd0e3160d80,SOL,2026-06-23T12:32:51.895654+00:00,128.104346,1.997654,30,2.0,0.030000000000000027,0.52,0.55,True,True,True,1.875,42.57,1.875,0.0,40.695,0.4,0.43,0.03750000000000005,-0.0,4.679925000000002,4.717425000000001,44.445,0.10614073574080327,all_assets_30s
1,0x3e3c5b4e9aad3db7ad6e9df8a4935bcf974e5a9521f4e26d591017460a526084,BTC,2026-06-23T12:32:53.902151+00:00,126.097849,1.955151,30,2.0,0.06,0.41,0.47,True,True,True,1.5862500000000002,16.96875,1.5862500000000002,0.0,15.3825,0.31,0.32,0.07931250000000001,-0.0,2.2304624999999993,2.3097749999999992,18.555,0.12448261924009697,all_assets_30s
1,0xc343baf5a3c07eed88ed83884d909c1d89e3a4e48a2faa1fcb8c2dd0e3160d80,SOL,2026-06-23T12:33:41.904355+00:00,78.095645,1.992355,30,2.0,0.07,0.27,0.34,True,True,True,3.3225,46.875,3.3225,0.0,43.5525,0.5,0.51,0.19935,0.0,-7.6216875,-7.4223375,50.1975,-0.14786269236515764,all_assets_30s
1,0xae43ffcf998c518115309c5630c17b537ec93ac78085175665df09baab0a9b5d,SOL,2026-06-23T12:35:03.902206+00:00,296.097794,1.969206,30,2.0,0.08999999999999997,0.4,0.49,False,True,False,0.0,30.0,0.0,0.0,30.0,0.76,0.77,0.0,0.0,-8.55,-8.55,30.0,-0.28500000000000003,all_assets_30s
1,0x4844e81275247e30c313416b98b69e3d4f32d6e69c07edd066a7f9b77376346a,BTC,2026-06-23T12:36:35.897613+00:00,204.102387,1.994613,30,2.0,0.030000000000000027,0.7,0.73,True,True,True,46.875,29.786250000000003,29.786250000000003,17.088749999999997,0.0,0.82,0.83,0.5957250000000008,1.9652062499999996,-0.0,2.5609312500000003,76.66125,0.0334058112801448,all_assets_30s
1,0x4844e81275247e30c313416b98b69e3d4f32d6e69c07edd066a7f9b77376346a,BTC,2026-06-23T12:37:31.895559+00:00,148.104441,1.906559,30,2.0,0.039999999999999925,0.68,0.72,True,True,True,46.875,2.5425,2.5425,44.3325,0.0,0.74,0.75,0.0762749999999998,2.4382874999999977,-0.0,2.5145624999999976,49.4175,0.05088404917286382,all_assets_30s
1,0x4844e81275247e30c313416b98b69e3d4f32d6e69c07edd066a7f9b77376346a,BTC,2026-06-23T12:38:25.896617+00:00,94.103383,1.935617,30,2.0,0.030000000000000027,0.57,0.6,True,True,True,46.875,7.875,7.875,39.0,0.0,0.17,0.18,0.1575000000000002,-15.794999999999996,0.0,-15.637499999999996,54.75,-0.2856164383561643,all_assets_30s
1,0xae43ffcf998c518115309c5630c17b537ec93ac78085175665df09baab0a9b5d,SOL,2026-06-23T12:38:31.899878+00:00,88.100122,1.898878,30,2.0,0.039999999999999925,0.81,0.85,True,False,False,2.0999999999999996,0.0,0.0,2.0999999999999996,0.0,0.62,0.66,0.0,-0.4095000000000001,0.0,-0.4095000000000001,2.0999999999999996,-0.19500000000000006,all_assets_30s
1,0xae43ffcf998c518115309c5630c17b537ec93ac78085175665df09baab0a9b5d,SOL,2026-06-23T12:38:41.896331+00:00,78.103669,1.996331,30,2.0,0.030000000000000027,0.57,0.6,True,True,True,8.82,1.875,1.875,6.945,0.0,0.52,0.66,0.03750000000000005,-0.3819749999999995,-0.0,-0.3444749999999995,10.695,-0.0322089761570827,all_assets_30s
1,0x15cf859fb4b14945c272550356555a4cac11dc5ad478aaa67ee1e7ecc03291e4,BTC,2026-06-23T12:41:13.903495+00:00,226.096505,1.915495,30,2.0,0.040000000000000036,0.61,0.65,False,True,False,0.0,46.875,0.0,0.0,46.875,0.67,0.68,0.0,0.0,-1.640625000000001,-1.640625000000001,46.875,-0.035000000000000024,all_assets_30s
1,0x15cf859fb4b14945c272550356555a4cac11dc5ad478aaa67ee1e7ecc03291e4,BTC,2026-06-23T12:41:25.907929+00:00,214.092071,1.391929,30,2.0,0.04999999999999993,0.67,0.72,True,True,True,15.5925,7.89,7.89,7.7025,0.0,0.56,0.57,0.31559999999999944,-0.8857875,0.0,-0.5701875000000005,23.482499999999998,-0.024281379750878337,all_assets_30s
1,0x15cf859fb4b14945c272550356555a4cac11dc5ad478aaa67ee1e7ecc03291e4,BTC,2026-06-23T12:41:47.894137+00:00,192.105863,1.982137,30,2.0,0.030000000000000027,0.64,0.67,True,True,True,46.875,21.0,21.0,25.875,0.0,0.64,0.65,0.42000000000000054,-0.129375,0.0,0.2906250000000006,67.875,0.004281767955801113,all_assets_30s
1,0xaf3940c3649b4c89eef41e58ce8866c94b7ee1259a9abed62d3efe93942c1076,SOL,2026-06-23T12:43:47.907595+00:00,72.092405,1.564595,30,2.0,0.040000000000000036,0.71,0.75,True,False,False,4.199999999999999,0.0,0.0,4.199999999999999,0.0,0.71,0.72,0.0,-0.020999999999999998,0.0,-0.020999999999999998,4.199999999999999,-0.005,all_assets_30s
1,0xecd018b95fc8eb0027d26d356a24d1acbe9a0dec52bd69916a6f3f224cffab99,SOL,2026-06-23T12:45:03.900322+00:00,296.099678,1.988322,30,2.0,0.04999999999999999,0.37,0.42,True,False,False,3.75,0.0,0.0,3.75,0.0,0.23,0.24,0.0,-0.54375,0.0,-0.54375,3.75,-0.145,all_assets_30s
1,0xecd018b95fc8eb0027d26d356a24d1acbe9a0dec52bd69916a6f3f224cffab99,SOL,2026-06-23T12:45:09.904229+00:00,290.095771,1.416229,30,2.0,0.030000000000000027,0.3,0.33,True,True,True,4.199999999999999,5.25,4.199999999999999,0.0,1.0500000000000007,0.29,0.3,0.08400000000000009,-0.0,0.026250000000000044,0.11025000000000013,9.45,0.011666666666666681,all_assets_30s
1,0x8b41f43723ed2376613e6cb25752aa4b4d5e9bdb3889582ba5ba852357abbb7d,ETH,2026-06-23T12:46:23.903251+00:00,216.096749,1.954251,30,2.0,0.03999999999999998,0.38,0.42,True,True,True,6.2250000000000005,46.875,6.2250000000000005,0.0,40.65,0.35,0.36,0.1867499999999999,-0.0,2.23575,2.4225,53.1,0.045621468926553665,all_assets_30s
1,0x80fa400f1c512f05cf89f0b83cf25f099d35719621804264d78c3a62ac178851,ETH,2026-06-23T12:50:15.898123+00:00,284.101877,1.994123,30,2.0,0.04999999999999999,0.34,0.39,False,True,False,0.0,1.875,0.0,0.0,1.875,0.34,0.35,0.0,-0.0,0.06562500000000007,0.06562500000000007,1.875,0.03500000000000004,all_assets_30s
1,0xed0cd82d0214b7604c2d30e0647762eee75b44dbf04328295e99a14c6e872803,BTC,2026-06-23T12:50:43.906348+00:00,256.093652,1.842348,30,2.0,0.04999999999999993,0.53,0.58,True,False,False,33.75,0.0,0.0,33.75,0.0,0.25,0.26,0.0,-9.61875,0.0,-9.61875,33.75,-0.28500000000000003,all_assets_30s
1,0x15a852526dd1af8d62e66b9376aac4181687555c1f0228c12e65af0f5c9aa5ac,SOL,2026-06-23T12:55:03.894069+00:00,296.105931,1.846069,30,2.0,0.08000000000000002,0.41,0.49,False,True,False,0.0,1.875,0.0,0.0,1.875,0.72,0.73,0.0,0.0,-0.459375,-0.459375,1.875,-0.245,all_assets_30s
1,0x15a852526dd1af8d62e66b9376aac4181687555c1f0228c12e65af0f5c9aa5ac,SOL,2026-06-23T12:55:07.907215+00:00,292.092785,1.854215,30,2.0,0.040000000000000036,0.58,0.62,False,True,False,0.0,5.25,0.0,0.0,5.25,0.72,0.73,0.0,0.0,-0.60375,-0.60375,5.25,-0.115,all_assets_30s
1,0x15a852526dd1af8d62e66b9376aac4181687555c1f0228c12e65af0f5c9aa5ac,SOL,2026-06-23T12:55:25.898261+00:00,274.101739,1.797261,30,2.0,0.06999999999999995,0.68,0.75,True,False,False,6.300000000000001,0.0,0.0,6.300000000000001,0.0,0.68,0.71,0.0,-0.03150000000000001,0.0,-0.03150000000000001,6.300000000000001,-0.005000000000000001,all_assets_30s
1,0x15a852526dd1af8d62e66b9376aac4181687555c1f0228c12e65af0f5c9aa5ac,SOL,2026-06-23T12:58:33.907532+00:00,86.092468,1.984532,30,2.0,0.030000000000000027,0.7,0.73,True,True,True,2.6774999999999998,3.61125,2.6774999999999998,0.0,0.9337500000000003,0.79,0.81,0.05355000000000006,0.0,-0.0793687500000001,-0.025818750000000036,6.28875,-0.00410554561717353,all_assets_30s
1,0x73b42a0c225c5bbb5c2aff5dd948437e2f5a7a84842dd54977e0f82fd802ce32,ETH,2026-06-23T12:58:49.905534+00:00,70.094466,1.649534,30,2.0,0.03999999999999998,0.26,0.3,True,True,True,1.755,45.825,1.755,0.0,44.07,0.26,0.27,0.05264999999999996,-0.0,1.1017499999999987,1.1543999999999985,47.580000000000005,0.02426229508196718,all_assets_30s
1,0x8a7f53ee1409e47189a78153af906e050ef7462241f1c09bd35b633acd3bc92b,SOL,2026-06-23T13:00:07.895392+00:00,292.104608,1.970392,30,2.0,0.039999999999999925,0.53,0.57,True,False,False,31.875,0.0,0.0,31.875,0.0,0.55,0.56,0.0,0.4781250000000005,0.0,0.4781250000000005,31.875,0.015000000000000017,all_assets_30s
1,0x3790f0a59b1eea6a42781c9e54e2273a7cbd079a8082c3be950d8601f49961ed,ETH,2026-06-23T13:00:21.906234+00:00,278.093766,1.859234,30,2.0,0.040000000000000036,0.49,0.53,True,False,False,46.875,0.0,0.0,46.875,0.0,0.49,0.5,0.0,-0.234375,0.0,-0.234375,46.875,-0.005,all_assets_30s
1,0x4becaa14ccbce45710a41da5e9bc5ddd9b8e927cef7cfb593a22c9b4a2262bdd,BTC,2026-06-23T13:00:23.896379+00:00,276.103621,1.477379,30,2.0,0.030000000000000027,0.5,0.53,True,True,True,14.415,46.875,14.415,0.0,32.46,0.63,0.64,0.28830000000000033,0.0,-3.7329,-3.4445999999999994,61.29,-0.05620166421928536,all_assets_30s
1,0x8a7f53ee1409e47189a78153af906e050ef7462241f1c09bd35b633acd3bc92b,SOL,2026-06-23T13:02:09.906762+00:00,170.093238,1.759762,30,2.0,0.030000000000000027,0.63,0.66,True,False,False,1.875,0.0,0.0,1.875,0.0,0.32,0.38,0.0,-0.590625,0.0,-0.590625,1.875,-0.315,all_assets_30s
1,0x8a7f53ee1409e47189a78153af906e050ef7462241f1c09bd35b633acd3bc92b,SOL,2026-06-23T13:02:13.903194+00:00,166.096806,1.588194,30,2.0,0.04999999999999993,0.56,0.61,True,True,True,3.75,36.948750000000004,3.75,0.0,33.198750000000004,0.38,0.39,0.14999999999999974,-0.0,7.13773125,7.287731249999999,40.698750000000004,0.1790652354187782,all_assets_30s
1,0x8a7f53ee1409e47189a78153af906e050ef7462241f1c09bd35b633acd3bc92b,SOL,2026-06-23T13:03:09.907249+00:00,110.092751,1.806249,30,2.0,0.030000000000000027,0.24,0.27,True,True,True,10.7775,1.875,1.875,8.9025,0.0,0.09,0.1,0.03750000000000005,-1.3798875,0.0,-1.3423874999999998,12.6525,-0.10609662122110254,all_assets_30s
1,0x4fd4d7c3671685999a85ca0fa181489a2844d1b36fe6720b4e11a23e233de906,BTC,2026-06-23T13:05:55.908050+00:00,244.09195,1.30305,30,2.0,0.040000000000000036,0.51,0.55,True,False,False,46.875,0.0,0.0,46.875,0.0,0.51,0.52,0.0,-0.234375,0.0,-0.234375,46.875,-0.005,all_assets_30s
1,0x4fd4d7c3671685999a85ca0fa181489a2844d1b36fe6720b4e11a23e233de906,BTC,2026-06-23T13:06:01.895071+00:00,238.104929,1.943071,30,2.0,0.030000000000000027,0.49,0.52,True,True,True,33.6825,46.875,33.6825,0.0,13.192500000000003,0.53,0.54,0.6736500000000007,0.0,-0.3298125000000003,0.34383750000000046,80.5575,0.004268224560096831,all_assets_30s
1,0x727978f32b3cfb4b23904e9fbb7a25c7e81b96f62ed64bac9e08b956b129a6b7,SOL,2026-06-23T13:08:13.902137+00:00,106.097863,1.912137,30,2.0,0.07,0.39,0.46,True,False,False,32.745,0.0,0.0,32.745,0.0,0.28,0.29,0.0,-3.7656749999999994,0.0,-3.7656749999999994,32.745,-0.11499999999999999,all_assets_30s
1,0x5bc7efe5fd83a4cc2acda5eb941741ded2f2bc13480edb30a9094a4ffc6760e5,SOL,2026-06-23T13:10:55.905110+00:00,244.09489,1.96111,30,2.0,0.030000000000000027,0.52,0.55,True,True,True,11.145,1.875,1.875,9.27,0.0,0.49,0.51,0.03750000000000005,-0.3244500000000002,0.0,-0.28695000000000015,13.02,-0.022039170506912453,all_assets_30s
1,0xa181c96b1b50604725ce89ee53652d74ab1207fc0ddc1f5dab50a81e090cd265,ETH,2026-06-23T13:11:03.897840+00:00,236.10216,1.93484,30,2.0,0.030000000000000027,0.48,0.51,True,False,False,46.875,0.0,0.0,46.875,0.0,0.31,0.32,0.0,-8.203125,0.0,-8.203125,46.875,-0.175,all_assets_30s
1,0x5bc7efe5fd83a4cc2acda5eb941741ded2f2bc13480edb30a9094a4ffc6760e5,SOL,2026-06-23T13:12:43.898289+00:00,136.101711,1.955289,30,2.0,0.030000000000000027,0.78,0.81,False,True,False,0.0,30.645,0.0,0.0,30.645,0.91,0.92,0.0,0.0,-3.5241749999999996,-3.5241749999999996,30.645,-0.11499999999999999,all_assets_30s
1,0xa181c96b1b50604725ce89ee53652d74ab1207fc0ddc1f5dab50a81e090cd265,ETH,2026-06-23T13:12:43.898289+00:00,136.101711,1.956289,30,2.0,0.07999999999999996,0.51,0.59,False,True,False,0.0,4.5,0.0,0.0,4.5,0.78,0.79,0.0,0.0,-0.9225000000000003,-0.9225000000000003,4.5,-0.20500000000000007,all_assets_30s
1,0x2d16687a3f795d239477aa6eb15a4d61ada629bae0156c2ca521695551cc4ceb,SOL,2026-06-23T13:20:07.900638+00:00,292.099362,1.971638,30,2.0,0.04999999999999993,0.56,0.61,True,False,False,1.875,0.0,0.0,1.875,0.0,0.47,0.48,0.0,-0.17812500000000014,0.0,-0.17812500000000014,1.875,-0.09500000000000007,all_assets_30s
1,0x37c039e975653ef2bafc2648afb23f156e134dea3391a9a5ba881ade74c10240,BTC,2026-06-23T13:21:31.907485+00:00,208.092515,1.692485,30,2.0,0.04999999999999999,0.36,0.41,True,True,True,15.0,9.5175,9.5175,5.4825,0.0,0.38,0.39,0.38069999999999987,0.08223750000000009,0.0,0.46293749999999995,24.5175,0.01888192107678189,all_assets_30s
1,0x37c039e975653ef2bafc2648afb23f156e134dea3391a9a5ba881ade74c10240,BTC,2026-06-23T13:23:55.902079+00:00,64.097921,1.982079,30,2.0,0.03999999999999998,0.28,0.32,True,False,False,11.3325,0.0,0.0,11.3325,0.0,0.03,0.04,0.0,-2.8897874999999997,0.0,-2.8897874999999997,11.3325,-0.255,all_assets_30s
1,0x4f3194d5355ace143a5107746a0f6f3a8793899d758c54113e8a34810156942e,BTC,2026-06-23T13:25:07.897727+00:00,292.102273,1.908727,30,2.0,0.15,0.21,0.36,True,False,False,19.335,0.0,0.0,19.335,0.0,0.14,0.15,0.0,-1.4501249999999997,0.0,-1.4501249999999997,19.335,-0.07499999999999998,all_assets_30s
1,0x9733b42d1fb76098059e7c11035a934014328e6843926418cd749e9d4c930fc6,SOL,2026-06-23T13:27:05.901936+00:00,174.098064,1.346936,30,2.0,0.040000000000000036,0.64,0.68,True,True,True,6.19875,2.65125,2.65125,3.5475000000000003,0.0,0.53,0.54,0.0795375000000001,-0.4079625,0.0,-0.3284249999999999,8.850000000000001,-0.03711016949152541,all_assets_30s
1,0x9733b42d1fb76098059e7c11035a934014328e6843926418cd749e9d4c930fc6,SOL,2026-06-23T13:27:09.899493+00:00,170.100507,1.694493,30,2.0,0.09999999999999998,0.64,0.74,True,False,False,2.25,0.0,0.0,2.25,0.0,0.58,0.59,0.0,-0.14625000000000013,0.0,-0.14625000000000013,2.25,-0.06500000000000006,all_assets_30s
1,0x9733b42d1fb76098059e7c11035a934014328e6843926418cd749e9d4c930fc6,SOL,2026-06-23T13:28:35.895257+00:00,84.104743,1.978257,30,2.0,0.06999999999999995,0.55,0.62,False,True,False,0.0,2.0999999999999996,0.0,0.0,2.0999999999999996,0.88,0.91,0.0,0.0,-0.6194999999999999,-0.6194999999999999,2.0999999999999996,-0.29500000000000004,all_assets_30s
1,0x49b6981d3dcc0ab40b6b605ecf4272fed0e07afbc4485e1e174d4c4156bd9933,SOL,2026-06-23T13:30:33.906226+00:00,266.093774,1.979226,30,2.0,0.030000000000000027,0.37,0.4,True,True,True,25.619999999999997,5.10375,5.10375,20.51625,0.0,0.2,0.21,0.10207500000000012,-3.5903437499999997,0.0,-3.4882687499999996,30.723749999999995,-0.11353655559624069,all_assets_30s
1,0x49b6981d3dcc0ab40b6b605ecf4272fed0e07afbc4485e1e174d4c4156bd9933,SOL,2026-06-23T13:30:45.899242+00:00,254.100758,1.990242,30,2.0,0.030000000000000027,0.36,0.39,True,False,False,1.875,0.0,0.0,1.875,0.0,0.12,0.13,0.0,-0.459375,0.0,-0.459375,1.875,-0.245,all_assets_30s
1,0xe163d62d0ecaaf665cea54c481d8d253a18655fefedcb5875504dabf87ce86bb,BTC,2026-06-23T13:30:45.899242+00:00,254.100758,1.321242,30,2.0,0.030000000000000027,0.47,0.5,True,False,False,45.83625,0.0,0.0,45.83625,0.0,0.16,0.17,0.0,-14.438418749999997,0.0,-14.438418749999997,45.83625,-0.31499999999999995,all_assets_30s
1,0xd68e42d84a189dae829a6ea4842f2da8c132141897e3f6c1cbb9806b63d5d6a6,ETH,2026-06-23T13:35:35.907082+00:00,264.092918,1.924082,30,2.0,0.07999999999999996,0.5,0.58,True,True,True,7.125,18.375,7.125,0.0,11.25,0.37,0.38,0.49874999999999975,-0.0,2.1937499999999996,2.6924999999999994,25.5,0.10558823529411762,all_assets_30s
1,0x88dbe7f8d0445d72614b6ad7da6b35ceb2cb32fb98b52d78c84eacf420ee1f09,BTC,2026-06-23T13:35:39.903024+00:00,260.096976,1.681024,30,2.0,0.039999999999999925,0.65,0.69,True,True,True,3.75,2.35875,2.35875,1.3912499999999999,0.0,0.53,0.54,0.07076249999999983,-0.17390624999999998,0.0,-0.10314375000000016,6.108750000000001,-0.01688459177409456,all_assets_30s
1,0x8b1c020137d752d5f82956a627a99fe8d6435a5deff06dbdac7ebc9b70de8d5e,SOL,2026-06-23T13:35:57.895553+00:00,242.104447,1.282553,30,2.0,0.030000000000000027,0.59,0.62,True,False,False,30.0,0.0,0.0,30.0,0.0,0.36,0.37,0.0,-7.05,0.0,-7.05,30.0,-0.235,all_assets_30s
1,0x97f5cfd13442b025c62c1138ebc86dabde8d73ef9b8c2b4f0900727b23e3d78e,SOL,2026-06-23T13:40:07.903224+00:00,292.096776,1.974224,30,2.0,0.07,0.29,0.36,False,True,False,0.0,18.75,0.0,0.0,18.75,0.58,0.59,0.0,0.0,-4.40625,-4.40625,18.75,-0.235,all_assets_30s
1,0x3b31bbdfe744e6d8dd6c29da539e26cdfa55e699565be496a9ed2c2d3345266b,BTC,2026-06-23T13:40:15.894747+00:00,284.105253,1.629747,30,2.0,0.030000000000000027,0.41,0.44,False,True,False,0.0,46.875,0.0,0.0,46.875,0.52,0.53,0.0,0.0,-4.453125000000002,-4.453125000000002,46.875,-0.09500000000000004,all_assets_30s
1,0x3b31bbdfe744e6d8dd6c29da539e26cdfa55e699565be496a9ed2c2d3345266b,BTC,2026-06-23T13:42:13.905421+00:00,166.094579,1.970421,30,2.0,0.03999999999999998,0.28,0.32,False,True,False,0.0,2.2725,0.0,0.0,2.2725,0.48,0.49,0.0,0.0,-0.39768749999999997,-0.39768749999999997,2.2725,-0.175,all_assets_30s
1,0x97f5cfd13442b025c62c1138ebc86dabde8d73ef9b8c2b4f0900727b23e3d78e,SOL,2026-06-23T13:42:13.905421+00:00,166.094579,1.276421,30,2.0,0.03999999999999998,0.37,0.41,True,True,True,31.875,0.765,0.765,31.11,0.0,0.4,0.42,0.022949999999999984,0.7777500000000008,-0.0,0.8007000000000009,32.64,0.024531250000000025,all_assets_30s
1,0xb4eacf7c806d5bb36b89f6c716ba7bb71bc0ab90e226c7589aeac5eec0d4160b,BTC,2026-06-23T13:48:13.901996+00:00,106.098004,1.714996,30,2.0,0.06999999999999995,0.52,0.59,False,True,False,0.0,26.25,0.0,0.0,26.25,0.81,0.83,0.0,0.0,-6.4312499999999995,-6.4312499999999995,26.25,-0.24499999999999997,all_assets_30s
1,0x842fc6a521c178540e1304f49a44b481dfd0f2967e64ecc7d6c399ac5566011c,ETH,2026-06-23T13:48:17.896770+00:00,102.10323,1.69277,30,2.0,0.05999999999999994,0.88,0.94,True,True,True,3.1500000000000004,31.36125,3.1500000000000004,0.0,28.21125,0.94,0.95,0.15749999999999983,0.0,-0.42316875000000026,-0.26566875000000045,34.51125,-0.007698033250027179,all_assets_30s
1,0x263de59a86fa4266a26931b6a723d1d8521d1385b5c3ba159b5229b1a9177f21,SOL,2026-06-23T13:48:43.905362+00:00,76.094638,1.630362,30,2.0,0.030000000000000027,0.95,0.98,True,True,True,4.199999999999999,7.12875,4.199999999999999,0.0,2.928750000000001,0.88,0.95,0.08400000000000009,-0.0,0.0732187500000001,0.15721875000000018,11.32875,0.013877855014895748,all_assets_30s
1,0x263de59a86fa4266a26931b6a723d1d8521d1385b5c3ba159b5229b1a9177f21,SOL,2026-06-23T13:48:47.900703+00:00,72.099297,1.599703,30,2.0,0.030000000000000027,0.94,0.97,True,True,True,34.425,5.25,5.25,29.174999999999997,0.0,0.92,0.94,0.10500000000000013,-0.7293749999999972,0.0,-0.6243749999999971,39.675,-0.015737240075614296,all_assets_30s
1,0xf05b54a456f086f0f7ef0ad9d9d108baa9b170ae62a2b1147953a2b47065e7c2,BTC,2026-06-23T13:52:13.906731+00:00,166.093269,1.984731,30,2.0,0.030000000000000027,0.77,0.8,True,True,True,46.875,46.875,46.875,0.0,0.0,0.93,0.94,0.9375000000000011,0.0,-0.0,0.9375000000000011,93.75,0.010000000000000012,all_assets_30s
1,0xf05b54a456f086f0f7ef0ad9d9d108baa9b170ae62a2b1147953a2b47065e7c2,BTC,2026-06-23T13:52:19.894944+00:00,160.105056,1.851944,30,2.0,0.040000000000000036,0.72,0.76,False,True,False,0.0,11.25,0.0,0.0,11.25,0.92,0.93,0.0,0.0,-1.9687500000000004,-1.9687500000000004,11.25,-0.17500000000000004,all_assets_30s
1,0xa93f974de8cbf3e06c0f61563fc28b6227260fd13260bb6aa3711af549271a76,SOL,2026-06-23T13:55:03.895126+00:00,296.104874,1.824126,30,2.0,0.03999999999999998,0.45,0.49,True,True,True,30.0,1.875,1.875,28.125,0.0,0.41,0.43,0.05624999999999996,-1.2656250000000009,0.0,-1.209375000000001,31.875,-0.03794117647058826,all_assets_30s
1,0xa93f974de8cbf3e06c0f61563fc28b6227260fd13260bb6aa3711af549271a76,SOL,2026-06-23T13:56:45.904857+00:00,194.095143,1.934857,30,2.0,0.030000000000000027,0.35,0.38,False,True,False,0.0,3.9749999999999996,0.0,0.0,3.9749999999999996,0.55,0.56,0.0,0.0,-0.7353750000000001,-0.7353750000000001,3.9749999999999996,-0.18500000000000005,all_assets_30s
1,0x592c00187c88c06ce589b03765739bccd88d0e412caba5f25ecfc944ce7d6c58,ETH,2026-06-23T13:57:13.897242+00:00,166.102758,1.958242,30,2.0,0.030000000000000027,0.43,0.46,True,True,True,46.875,3.1500000000000004,3.1500000000000004,43.725,0.0,0.56,0.57,0.06300000000000008,5.465625000000003,-0.0,5.528625000000003,50.025,0.1105172413793104,all_assets_30s
1,0x83d6ab48576b0528fdbad1fe7723b479b8174792a30c6942a6e1e03389784b08,BTC,2026-06-23T13:57:13.897242+00:00,166.102758,1.975242,30,2.0,0.040000000000000036,0.47,0.51,True,True,True,22.923750000000002,6.446250000000001,6.446250000000001,16.4775,0.0,0.65,0.66,0.19338750000000024,2.8835625000000005,-0.0,3.0769500000000005,29.370000000000005,0.10476506639427988,all_assets_30s
1,0x83d6ab48576b0528fdbad1fe7723b479b8174792a30c6942a6e1e03389784b08,BTC,2026-06-23T13:57:37.893743+00:00,142.106257,1.953743,30,2.0,0.050000000000000044,0.49,0.54,False,True,False,0.0,32.0475,0.0,0.0,32.0475,0.76,0.77,0.0,0.0,-7.5311625,-7.5311625,32.0475,-0.235,all_assets_30s
1,0x7e6fcdd5ed944c43e039d191b0d902b3bd2079a9264465cd4efa372206718c43,BTC,2026-06-23T14:01:13.907958+00:00,226.092042,1.960958,30,2.0,0.040000000000000036,0.7,0.74,True,True,True,28.9575,46.875,28.9575,0.0,17.9175,0.75,0.76,0.868725000000001,0.0,-0.4479375000000003,0.42078750000000065,75.8325,0.005548907130847601,all_assets_30s
1,0x7e6fcdd5ed944c43e039d191b0d902b3bd2079a9264465cd4efa372206718c43,BTC,2026-06-23T14:02:03.895219+00:00,176.104781,1.349219,30,2.0,0.030000000000000027,0.78,0.81,True,True,True,7.5,46.875,7.5,0.0,39.375,0.9,0.91,0.1500000000000002,0.0,-4.1343749999999995,-3.984374999999999,54.375,-0.0732758620689655,all_assets_30s
1,0x54e1a0031c62b35f46daaef9f8bb6a1d5705a9bd9b024281bf533ce3a5e76bd9,SOL,2026-06-23T14:03:01.895429+00:00,118.104571,1.918429,30,2.0,0.040000000000000036,0.72,0.76,True,True,True,6.074999999999999,46.875,6.074999999999999,0.0,40.8,0.84,0.85,0.1822500000000002,0.0,-3.8759999999999986,-3.6937499999999983,52.95,-0.06975920679886682,all_assets_30s
1,0xe397f03f9117ca8f23be992bb73ff8543e774c843bd35be5ac25c5164dfbcef6,ETH,2026-06-23T14:03:01.895429+00:00,118.104571,1.442429,30,2.0,0.039999999999999925,0.55,0.59,True,True,True,1.87875,14.625,1.87875,0.0,12.74625,0.63,0.64,0.05636249999999985,0.0,-0.7010437500000005,-0.6446812500000006,16.50375,-0.039062713019768276,all_assets_30s
1,0xc990792df42182f722949a266d834f4e848923ec24814a019bc552d3b415ff4f,SOL,2026-06-23T14:08:03.895574+00:00,116.104426,1.639574,30,2.0,0.07999999999999999,0.21,0.29,True,True,True,46.875,2.625,2.625,44.25,0.0,0.3,0.32,0.18374999999999997,3.7612499999999995,-0.0,3.9449999999999994,49.5,0.07969696969696968,all_assets_30s
1,0xf4f49639a383f1abeee1bb37a098bff9e49ba624ee52e50b6f367e21b735c5f7,BTC,2026-06-23T14:10:39.903384+00:00,260.096616,1.587384,30,2.0,0.030000000000000027,0.37,0.4,True,True,True,46.875,3.1237500000000002,3.1237500000000002,43.75125,0.0,0.25,0.26,0.06247500000000008,-5.46890625,0.0,-5.40643125,49.99875,-0.10813132828320707,all_assets_30s
1,0xf4f49639a383f1abeee1bb37a098bff9e49ba624ee52e50b6f367e21b735c5f7,BTC,2026-06-23T14:11:13.896586+00:00,226.103414,1.980586,30,2.0,0.04999999999999999,0.28,0.33,True,True,True,15.337499999999999,46.875,15.337499999999999,0.0,31.5375,0.2,0.21,0.6134999999999997,-0.0,3.6268125000000007,4.2403125,62.2125,0.0681585292344786,all_assets_30s
1,0x0a32d05b3ee387390f042d23c86f4b659df43372ef59e60e043be38d41561eb2,SOL,2026-06-23T14:13:25.894339+00:00,94.105661,1.957339,30,2.0,0.040000000000000036,0.42,0.46,True,True,True,8.82,30.0,8.82,0.0,21.18,0.31,0.32,0.2646000000000003,-0.0,2.8593,3.1239000000000003,38.82,0.08047140649149924,all_assets_30s
1,0xf4f49639a383f1abeee1bb37a098bff9e49ba624ee52e50b6f367e21b735c5f7,BTC,2026-06-23T14:13:25.894339+00:00,94.105661,1.957339,30,2.0,0.030000000000000027,0.57,0.6,True,True,True,19.035,3.75,3.75,15.285,0.0,0.4,0.42,0.0750000000000001,-2.6748749999999992,0.0,-2.599874999999999,22.785,-0.11410467412771556,all_assets_30s
1,0xb88a905c78dbb78ccae742ce3fcdbf194c17f685b30d78d03128d55eb5442d66,SOL,2026-06-23T14:15:31.901422+00:00,268.098578,0.400422,30,2.0,0.030000000000000027,0.37,0.4,True,True,True,16.725,2.25,2.25,14.475000000000001,0.0,0.3,0.31,0.045000000000000054,-1.0856250000000003,0.0,-1.0406250000000001,18.975,-0.054841897233201584,all_assets_30s
1,0xb88a905c78dbb78ccae742ce3fcdbf194c17f685b30d78d03128d55eb5442d66,SOL,2026-06-23T14:17:11.901054+00:00,168.098946,1.589054,30,2.0,0.030000000000000027,0.59,0.62,True,True,True,5.85,4.5,4.5,1.3499999999999996,0.0,0.61,0.62,0.09000000000000011,0.020250000000000018,-0.0,0.11025000000000013,10.35,0.01065217391304349,all_assets_30s
1,0xef16fc8b2b2338e6f703f4036d1bccf15742345781881fb477079de0a8060f4d,BTC,2026-06-23T14:17:33.905241+00:00,146.094759,1.988241,30,2.0,0.040000000000000036,0.6,0.64,True,True,True,15.75,46.875,15.75,0.0,31.125,0.78,0.8,0.47250000000000053,0.0,-5.135625000000001,-4.663125000000001,62.625,-0.07446107784431139,all_assets_30s
1,0xb88a905c78dbb78ccae742ce3fcdbf194c17f685b30d78d03128d55eb5442d66,SOL,2026-06-23T14:17:49.892681+00:00,130.107319,1.935681,30,2.0,0.05999999999999994,0.52,0.58,False,True,False,0.0,6.300000000000001,0.0,0.0,6.300000000000001,0.6,0.64,0.0,0.0,-0.4095000000000004,-0.4095000000000004,6.300000000000001,-0.06500000000000006,all_assets_30s
1,0xb88a905c78dbb78ccae742ce3fcdbf194c17f685b30d78d03128d55eb5442d66,SOL,2026-06-23T14:17:55.895119+00:00,124.104881,1.946119,30,2.0,0.06999999999999995,0.65,0.72,True,True,True,3.75,6.300000000000001,3.75,0.0,2.5500000000000007,0.54,0.62,0.2249999999999998,-0.0,0.24225,0.46724999999999983,10.05,0.046492537313432815,all_assets_30s
1,0xef16fc8b2b2338e6f703f4036d1bccf15742345781881fb477079de0a8060f4d,BTC,2026-06-23T14:17:57.901149+00:00,122.098851,1.947149,30,2.0,0.050000000000000044,0.7,0.75,False,True,False,0.0,46.875,0.0,0.0,46.875,0.7,0.73,0.0,-0.0,0.7031250000000008,0.7031250000000008,46.875,0.015000000000000017,all_assets_30s
1,0x456aac20ee93fa9ebc9e8dc3367bd4ea281d62318f8eb63fea5c0f1aa44525ee,SOL,2026-06-23T14:20:45.902691+00:00,254.097309,1.636691,30,2.0,0.08999999999999997,0.53,0.62,True,False,False,2.625,0.0,0.0,2.625,0.0,0.33,0.35,0.0,-0.5381250000000001,0.0,-0.5381250000000001,2.625,-0.20500000000000002,all_assets_30s
1,0x8745035c936db62e58a8fe8d2cc737689ce85b84d9b91959417caa1142791994,SOL,2026-06-23T14:25:03.897601+00:00,296.102399,1.909601,30,2.0,0.039999999999999925,0.56,0.6,True,False,False,3.75,0.0,0.0,3.75,0.0,0.31,0.33,0.0,-0.9562500000000003,0.0,-0.9562500000000003,3.75,-0.25500000000000006,all_assets_30s
1,0x2cf5abb89aeac58f326dc59e7e56e2809d9a19c3cda6aa7583daec3bf28c69d8,ETH,2026-06-23T14:27:35.893699+00:00,144.106301,1.979699,30,2.0,0.050000000000000044,0.29,0.34,True,False,False,1.875,0.0,0.0,1.875,0.0,0.16,0.17,0.0,-0.253125,0.0,-0.253125,1.875,-0.13499999999999998,all_assets_30s
1,0x22879c97e18fffc7a75629762d84fb31f4cb45fb26a1a2c716c6bcea686ac0e2,SOL,2026-06-23T14:30:03.891926+00:00,296.108074,1.675926,30,2.0,0.18000000000000005,0.49,0.67,False,True,False,0.0,26.25,0.0,0.0,26.25,0.72,0.73,0.0,0.0,-1.7062499999999985,-1.7062499999999985,26.25,-0.06499999999999995,all_assets_30s
1,0x22879c97e18fffc7a75629762d84fb31f4cb45fb26a1a2c716c6bcea686ac0e2,SOL,2026-06-23T14:33:37.900218+00:00,82.099782,1.128218,30,2.0,0.03999999999999998,0.46,0.5,True,False,False,29.35125,0.0,0.0,29.35125,0.0,0.18,0.19,0.0,-8.36510625,0.0,-8.36510625,29.35125,-0.28500000000000003,all_assets_30s
1,0x7e631284762b9f531b55a3452c474f8a593524c56c33084b21bc0b8361cdf4ec,ETH,2026-06-23T14:35:19.905755+00:00,280.094245,1.971755,30,2.0,0.08000000000000002,0.38,0.46,True,True,True,9.60375,40.125,9.60375,0.0,30.521250000000002,0.48,0.49,0.6722625000000002,0.0,-1.068243749999999,-0.39598124999999884,49.72875,-0.007962823316491946,all_assets_30s
1,0xe901987bf33c4aecfb97d97b07ea58f8cf1ca469727312c56659bc81fee44fef,SOL,2026-06-23T14:36:01.893952+00:00,238.106048,1.925952,30,2.0,0.040000000000000036,0.64,0.68,False,True,False,0.0,1.875,0.0,0.0,1.875,0.93,0.94,0.0,0.0,-0.49687499999999984,-0.49687499999999984,1.875,-0.2649999999999999,all_assets_30s
1,0x642224a52fade6557a6247bab8c52239c420862bc36bc3ee416c738c57195a1d,BTC,2026-06-23T14:43:19.897394+00:00,100.102606,1.976394,30,2.0,0.03999999999999998,0.44,0.48,False,True,False,0.0,1.875,0.0,0.0,1.875,0.59,0.6,0.0,0.0,-0.234375,-0.234375,1.875,-0.125,all_assets_30s
1,0x27be06ec8002def53f202462228b63f7f1be2c0d606cdc02372583d42ed0887c,BTC,2026-06-23T14:48:13.899860+00:00,106.10014,1.35486,30,2.0,0.030000000000000027,0.31,0.34,False,True,False,0.0,31.53375,0.0,0.0,31.53375,0.6,0.62,0.0,0.0,-8.987118749999999,-8.987118749999999,31.53375,-0.2849999999999999,all_assets_30s
1,0xfd9746271a9908d5dd04d0f78c3e7c9def0518a9a4a4943500ffba66bc27dc76,ETH,2026-06-23T14:48:31.892127+00:00,88.107873,1.921127,30,2.0,0.03999999999999998,0.32,0.36,True,True,True,34.23375,44.35875,34.23375,0.0,10.125,0.66,0.67,1.0270124999999992,0.0,-3.1893750000000005,-2.1623625000000013,78.5925,-0.02751359862582309,all_assets_30s
1,0x79fa88852d2df9f89c7ffe1e19e80856d2864adb8167da187fef1bd49a76815b,SOL,2026-06-23T14:50:05.896405+00:00,294.103595,1.600405,30,2.0,0.030000000000000027,0.5,0.53,True,True,True,30.0,3.53625,3.53625,26.46375,0.0,0.35,0.36,0.07072500000000008,-4.101881250000001,0.0,-4.03115625,33.53625,-0.1202029520295203,all_assets_30s
1,0x63e14eeb67286e35758b52a2c5d53fc557c30836f9bf57a1cead70ab3e3e7d09,BTC,2026-06-23T14:51:15.904879+00:00,224.095121,1.664879,30,2.0,0.030000000000000027,0.6,0.63,True,False,False,46.875,0.0,0.0,46.875,0.0,0.46,0.48,0.0,-6.796874999999998,0.0,-6.796874999999998,46.875,-0.14499999999999996,all_assets_30s
1,0x79fa88852d2df9f89c7ffe1e19e80856d2864adb8167da187fef1bd49a76815b,SOL,2026-06-23T14:52:45.904406+00:00,134.095594,1.995406,30,2.0,0.040000000000000036,0.41,0.45,True,True,True,17.34375,46.875,17.34375,0.0,29.53125,0.39,0.4,0.5203125000000006,-0.0,1.3289062499999997,1.8492187500000004,64.21875,0.02879562043795621,all_assets_30s
1,0x432b92706185086c282c01b2ad7e3ade54b6e1b584c617fe575f6e02d5ae5234,ETH,2026-06-23T14:53:31.902149+00:00,88.097851,1.737149,30,2.0,0.04000000000000001,0.22,0.26,True,False,False,21.75,0.0,0.0,21.75,0.0,0.16,0.17,0.0,-1.41375,0.0,-1.41375,21.75,-0.065,all_assets_30s
1,0x2ff8516f19be15290d302be6eb4eb6f68fc8cd1cec67753590101df72b164150,SOL,2026-06-23T14:57:55.897437+00:00,124.102563,1.995437,30,2.0,0.09000000000000002,0.44,0.53,True,False,False,4.5,0.0,0.0,4.5,0.0,0.26,0.27,0.0,-0.8325,0.0,-0.8325,4.5,-0.185,all_assets_30s
1,0x1929fa4e32594b1e9811cb2199fbe6016e169c13190221429a2a274622d6b572,BTC,2026-06-23T14:58:17.901200+00:00,102.0988,0.7432,30,2.0,0.040000000000000036,0.74,0.78,True,False,False,7.875,0.0,0.0,7.875,0.0,0.47,0.48,0.0,-2.1656250000000004,0.0,-2.1656250000000004,7.875,-0.275,all_assets_30s
1,0x2ff8516f19be15290d302be6eb4eb6f68fc8cd1cec67753590101df72b164150,SOL,2026-06-23T14:58:53.900993+00:00,66.099007,1.739993,30,2.0,0.03999999999999998,0.14,0.18,True,True,True,3.75,1.875,1.875,1.875,0.0,0.12,0.15,0.05624999999999996,-0.046875000000000035,0.0,0.009374999999999925,5.625,0.0016666666666666533,all_assets_30s
1,0x1929fa4e32594b1e9811cb2199fbe6016e169c13190221429a2a274622d6b572,BTC,2026-06-23T14:58:55.907630+00:00,64.09237,1.67763,30,2.0,0.030000000000000027,0.52,0.55,False,True,False,0.0,4.845,0.0,0.0,4.845,0.88,0.89,0.0,0.0,-1.6715249999999997,-1.6715249999999997,4.845,-0.345,all_assets_30s
1,0x5d596992ee14c701506ece9f95cfca95bcd846aa535ea21eab961b466b2e20ca,SOL,2026-06-23T15:00:57.899252+00:00,242.100748,0.630252,30,2.0,0.04000000000000001,0.19,0.23,False,True,False,0.0,1.875,0.0,0.0,1.875,0.4,0.41,0.0,0.0,-0.34687499999999993,-0.34687499999999993,1.875,-0.18499999999999997,all_assets_30s
1,0x5d596992ee14c701506ece9f95cfca95bcd846aa535ea21eab961b466b2e20ca,SOL,2026-06-23T15:01:19.903009+00:00,220.096991,1.600009,30,2.0,0.03999999999999998,0.45,0.49,True,False,False,39.045,0.0,0.0,39.045,0.0,0.27,0.28,0.0,-7.223325,0.0,-7.223325,39.045,-0.185,all_assets_30s
1,0x9a0e222ff0af3b4ffe137ba4572a85b096eee1f33ea85890f9ff16c83a02bc92,BTC,2026-06-23T15:11:29.896692+00:00,210.103308,1.651692,30,2.0,0.030000000000000027,0.53,0.56,True,False,False,32.306250000000006,0.0,0.0,32.306250000000006,0.0,0.34,0.35,0.0,-6.299718750000001,0.0,-6.299718750000001,32.306250000000006,-0.195,all_assets_30s
1,0x142fa1a5a2040d4bb0f82d42692bcc0738098cf5f3a65fb15520b4139e3e1704,BTC,2026-06-23T15:17:03.895874+00:00,176.104126,1.480874,30,2.0,0.03999999999999998,0.27,0.31,True,False,False,10.5,0.0,0.0,10.5,0.0,0.22,0.23,0.0,-0.5775000000000001,0.0,-0.5775000000000001,10.5,-0.055000000000000014,all_assets_30s
1,0x9cc9bc6571bf90764d07b66e489e1ec356c81695ace8be7e10c52f199c8dfdbc,BTC,2026-06-23T15:26:49.903415+00:00,190.096585,1.921415,30,2.0,0.030000000000000027,0.73,0.76,True,True,True,8.8125,1.875,1.875,6.9375,0.0,0.76,0.77,0.03750000000000005,0.1734375000000002,-0.0,0.21093750000000022,10.6875,0.019736842105263178,all_assets_30s
1,0x7c3fdc3e185ae7820eba61abc89ec62fb5449b06b4b403227e71947ae32b8035,SOL,2026-06-23T15:28:45.905305+00:00,74.094695,1.737305,30,2.0,0.04999999999999999,0.34,0.39,True,True,True,10.1175,22.923750000000002,10.1175,0.0,12.806250000000002,0.41,0.43,0.40469999999999984,0.0,-0.5762812499999999,-0.17158125000000002,33.041250000000005,-0.005192940642378845,all_assets_30s
1,0x56ab07163dce252412060eb46f1eb2ce6df056247a6219b4a48095782d3af453,SOL,2026-06-23T15:30:03.898981+00:00,296.101019,1.650981,30,2.0,0.21999999999999997,0.51,0.73,False,True,False,0.0,3.75,0.0,0.0,3.75,0.81,0.82,0.0,0.0,-0.3562499999999999,-0.3562499999999999,3.75,-0.09499999999999997,all_assets_30s
1,0x81b974cba6d9421a3738bbc02f633a775b74f8577343415b65b84c57b003d298,BTC,2026-06-23T15:35:47.897704+00:00,252.102296,1.472704,30,2.0,0.030000000000000027,0.69,0.72,True,False,False,22.447499999999998,0.0,0.0,22.447499999999998,0.0,0.58,0.59,0.0,-2.5814624999999998,0.0,-2.5814624999999998,22.447499999999998,-0.115,all_assets_30s
1,0x7da3576042b0dda6a5a68148b8df8a461115a15d14dc0f4e3cd0d86ab5d81fc9,BTC,2026-06-23T15:45:47.907336+00:00,252.092664,1.846336,30,2.0,0.030000000000000027,0.57,0.6,True,False,False,3.4124999999999996,0.0,0.0,3.4124999999999996,0.0,0.48,0.49,0.0,-0.32418749999999985,0.0,-0.32418749999999985,3.4124999999999996,-0.09499999999999996,all_assets_30s
1,0x55e57faefeda4e530373cff771bc2512114ad7173b05c71348be00478517ef84,SOL,2026-06-23T15:50:39.905951+00:00,260.094049,1.709951,30,2.0,0.030000000000000027,0.35,0.38,True,True,True,9.825,46.05,9.825,0.0,36.224999999999994,0.4,0.41,0.19650000000000023,0.0,-1.2678749999999988,-1.0713749999999984,55.875,-0.019174496644295273,all_assets_30s
1,0x2b2691f3b5961e282a14d4469cda5565cea421fc3bb67ed90e30c3fbd69ae472,BTC,2026-06-23T15:55:57.901802+00:00,242.098198,1.647802,30,2.0,0.040000000000000036,0.51,0.55,False,True,False,0.0,22.68,0.0,0.0,22.68,0.6,0.61,0.0,0.0,-1.4741999999999988,-1.4741999999999988,22.68,-0.06499999999999995,all_assets_30s
1,0xb240e9ea38a7e5b15f9a6e6e43faae560cc3a0fb77bf817451577bdc51705fbf,SOL,2026-06-23T15:56:33.902358+00:00,206.097642,1.248358,30,2.0,0.030000000000000027,0.57,0.6,False,True,False,0.0,4.050000000000001,0.0,0.0,4.050000000000001,0.86,0.87,0.0,0.0,-1.1137500000000002,-1.1137500000000002,4.050000000000001,-0.275,all_assets_30s
1,0xc6f223a5f8665707c2559934577e46186cea6dbdf5f1071f043016b445d9e370,BTC,2026-06-23T16:02:23.895452+00:00,156.104548,1.911452,30,2.0,0.06999999999999995,0.56,0.63,True,False,False,46.875,0.0,0.0,46.875,0.0,0.17,0.18,0.0,-18.515625,0.0,-18.515625,46.875,-0.395,all_assets_30s
1,0x0bef20c3bb8175da33c11421b48301f5b9edaf9e06bd2f979ffb90d107a47081,SOL,2026-06-23T16:02:51.907582+00:00,128.092418,1.822582,30,2.0,0.04000000000000001,0.21,0.25,True,False,False,1.875,0.0,0.0,1.875,0.0,0.21,0.22,0.0,-0.009375,0.0,-0.009375,1.875,-0.005,all_assets_30s
1,0x0bef20c3bb8175da33c11421b48301f5b9edaf9e06bd2f979ffb90d107a47081,SOL,2026-06-23T16:03:05.903103+00:00,114.096897,1.548103,30,2.0,0.04999999999999999,0.19,0.24,True,True,True,13.799999999999999,46.875,13.799999999999999,0.0,33.075,0.21,0.22,0.5519999999999998,0.0,0.4961249999999997,1.0481249999999995,60.675,0.017274412855377,all_assets_30s
1,0xa398a6270563f9326bfcb613cff69cea7e845a18f1a2af98ebe7d848b6c80361,SOL,2026-06-23T16:05:39.906684+00:00,260.093316,1.378684,30,2.0,0.030000000000000027,0.84,0.87,True,True,True,21.0,4.199999999999999,4.199999999999999,16.8,0.0,0.83,0.85,0.08400000000000009,-0.25200000000000017,0.0,-0.1680000000000001,25.2,-0.0066666666666666706,all_assets_30s
1,0x133b4173a838b63c7d4e0189c986cb1ae7194462836032194da725d861100097,SOL,2026-06-23T16:25:03.903483+00:00,296.096517,1.802483,30,2.0,0.12,0.28,0.4,False,True,False,0.0,3.75,0.0,0.0,3.75,0.62,0.63,0.0,0.0,-0.88125,-0.88125,3.75,-0.235,all_assets_30s
1,0x2836965e55f9be92c72d26d693e444caef8c559ea84ce95a223ff84060e56c5d,BTC,2026-06-23T16:26:55.905532+00:00,184.094468,1.256532,30,2.0,0.06,0.42,0.48,True,False,False,22.5,0.0,0.0,22.5,0.0,0.3,0.31,0.0,-2.8125,0.0,-2.8125,22.5,-0.125,all_assets_30s
1,0xcaa0dd40336c8722033ba5c2267ba273e90b60e1ef30529bcc81bf56c7ab5c1b,SOL,2026-06-23T16:35:49.899849+00:00,250.100151,1.152849,30,2.0,0.030000000000000027,0.43,0.46,True,False,False,46.875,0.0,0.0,46.875,0.0,0.4,0.41,0.0,-1.6406249999999984,0.0,-1.6406249999999984,46.875,-0.03499999999999997,all_assets_30s
1,0x4b6e8d2dd502f197e3b8ffc79d8e385d22173359f0faab93a82f29191f9bacea,BTC,2026-06-23T16:38:51.905687+00:00,68.094313,1.434687,30,2.0,0.03999999999999998,0.17,0.21,True,False,False,10.5,0.0,0.0,10.5,0.0,0.13,0.14,0.0,-0.47250000000000003,0.0,-0.47250000000000003,10.5,-0.045000000000000005,all_assets_30s
1,0x78e9550ddc72a00fab7bb51fe507c2c13d55ee310e935bcae9dbe8e1aa3209dc,BTC,2026-06-23T16:42:19.897331+00:00,160.102669,1.553331,30,2.0,0.030000000000000027,0.58,0.61,False,True,False,0.0,1.6350000000000002,0.0,0.0,1.6350000000000002,0.63,0.64,0.0,0.0,-0.05722500000000005,-0.05722500000000005,1.6350000000000002,-0.035000000000000024,all_assets_30s
1,0x78e9550ddc72a00fab7bb51fe507c2c13d55ee310e935bcae9dbe8e1aa3209dc,BTC,2026-06-23T16:43:19.906596+00:00,100.093404,1.613596,30,2.0,0.08999999999999997,0.67,0.76,True,True,True,25.424999999999997,46.875,25.424999999999997,0.0,21.450000000000003,0.76,0.77,2.033999999999999,0.0,-0.32175000000000026,1.7122499999999987,72.3,0.023682572614107868,all_assets_30s
1,0xea75692b8293cfca2c7464dbaef37ff18adec814392c7e59d57f7ce34ea2ab90,SOL,2026-06-23T16:55:37.901076+00:00,262.098924,1.664076,30,2.0,0.040000000000000036,0.59,0.63,True,False,False,12.57,0.0,0.0,12.57,0.0,0.42,0.43,0.0,-2.19975,0.0,-2.19975,12.57,-0.175,all_assets_30s
1,0xb4f08cc4d9e63782c769b66c5c5d401c3cb64eda6cc1590a36603548e50a7256,SOL,2026-06-23T17:00:07.903209+00:00,292.096791,1.506209,30,2.0,0.03999999999999998,0.46,0.5,True,False,False,6.0,0.0,0.0,6.0,0.0,0.3,0.31,0.0,-0.9900000000000002,0.0,-0.9900000000000002,6.0,-0.16500000000000004,all_assets_30s
1,0x67d6deb51d518dc45e9e9e28a7797ee6af3267b743807c04d4edb5c28af9fa11,ETH,2026-06-23T17:01:11.906232+00:00,228.093768,1.741232,30,2.0,0.06,0.26,0.32,False,True,False,0.0,46.875,0.0,0.0,46.875,0.41,0.42,0.0,0.0,-4.921874999999999,-4.921874999999999,46.875,-0.10499999999999998,all_assets_30s
1,0x055b663118c591881b38a2ccd62e4aca964e02ca83c12418aa8b990f64c1b932,BTC,2026-06-23T17:20:25.907026+00:00,274.092974,1.126026,30,2.0,0.030000000000000027,0.52,0.55,True,True,True,15.0,46.875,15.0,0.0,31.875,0.55,0.56,0.3000000000000004,0.0,-0.4781250000000003,-0.17812499999999992,61.875,-0.0028787878787878774,all_assets_30s
1,0x4084025b22ec676c958a3036891b1dad62468eee2f24417abdd11262ccc5976a,ETH,2026-06-23T17:47:23.898905+00:00,156.101095,1.721905,30,2.0,0.03999999999999998,0.43,0.47,True,False,False,46.875,0.0,0.0,46.875,0.0,0.33,0.34,0.0,-4.921874999999999,0.0,-4.921874999999999,46.875,-0.10499999999999998,all_assets_30s
1,0xdda6e9e325ab76826071f340cf564f4b42fe970f3ed8a40ccfd1e80da040c4f6,SOL,2026-06-23T18:05:09.902515+00:00,290.097485,0.460515,30,2.0,0.06,0.34,0.4,True,True,True,7.5,3.75,3.75,3.75,0.0,0.33,0.34,0.18749999999999997,-0.056250000000000036,0.0,0.13124999999999992,11.25,0.01166666666666666,all_assets_30s
2,0x7ea5aaebb84391a40f9c9b8d359e0f7ea6568f9122da9062b8cd318af646dfba,BTC,2026-06-23T21:52:15.659166+00:00,164.340834,1.511166,30,2.0,0.040000000000000036,0.7,0.74,True,True,True,39.75,13.12125,13.12125,26.62875,0.0,0.61,0.65,0.3936375000000004,-2.5297312499999993,0.0,-2.136093749999999,52.87125,-0.040401801546208926,all_assets_30s
2,0x7ea5aaebb84391a40f9c9b8d359e0f7ea6568f9122da9062b8cd318af646dfba,BTC,2026-06-23T21:52:19.670104+00:00,160.329896,1.931104,30,2.0,0.04999999999999993,0.65,0.7,True,True,True,41.0625,6.96375,6.96375,34.09875,0.0,0.79,0.8,0.2785499999999995,4.603331250000001,-0.0,4.88188125,48.02625,0.10165026938393067,all_assets_30s
2,0x7ea5aaebb84391a40f9c9b8d359e0f7ea6568f9122da9062b8cd318af646dfba,BTC,2026-06-23T21:52:35.664960+00:00,144.33504,1.96396,30,2.0,0.05999999999999994,0.67,0.73,True,True,True,46.875,3.75,3.75,43.125,0.0,0.66,0.67,0.18749999999999978,-0.6468750000000004,0.0,-0.45937500000000064,50.625,-0.009074074074074087,all_assets_30s
2,0x0a9ca6cabfc86a5580cd27de1f73f9275a6bd970355b3aa923dab0be989fc01b,ETH,2026-06-23T22:57:01.661207+00:00,178.338793,1.940207,30,2.0,0.030000000000000027,0.74,0.77,False,True,False,0.0,7.0575,0.0,0.0,7.0575,0.95,0.96,0.0,0.0,-1.3762124999999996,-1.3762124999999996,7.0575,-0.19499999999999995,all_assets_30s
2,0x54326cb08942b3923240c4ca7a48a9b04edb1eb5e6b6f066ad89cf0e8b7714af,ETH,2026-06-23T23:05:03.669501+00:00,296.330499,1.905501,30,2.0,0.030000000000000027,0.49,0.52,True,False,False,3.8249999999999997,0.0,0.0,3.8249999999999997,0.0,0.18,0.19,0.0,-1.204875,0.0,-1.204875,3.8249999999999997,-0.315,all_assets_30s
2,0xc755e09161255f5e7bf8eac216b4728f04aa44cf0830ecc14b58569c7f4c5f91,SOL,2026-06-24T00:06:35.658541+00:00,204.341459,1.972541,30,2.0,0.030000000000000027,0.76,0.79,False,True,False,0.0,5.887499999999999,0.0,0.0,5.887499999999999,0.9,0.91,0.0,0.0,-0.7359374999999999,-0.7359374999999999,5.887499999999999,-0.125,all_assets_30s
2,0x832a7cd08cfd92010cf656979a27390755f3132c8882eb33a1bfb27e29deb943,ETH,2026-06-24T02:10:21.666139+00:00,278.333861,1.934139,30,2.0,0.030000000000000027,0.58,0.61,False,True,False,0.0,11.25,0.0,0.0,11.25,0.64,0.65,0.0,0.0,-0.5062500000000004,-0.5062500000000004,11.25,-0.04500000000000004,all_assets_30s
3,0x908dc5044eab9d5768e59c6ce1b123363314b8f29a599760fb17a853f1bfbb15,ETH,2026-06-24T15:52:40.755652+00:00,139.244348,1.868652,30,2.0,0.039999999999999925,0.67,0.71,False,True,False,0.0,7.0912500000000005,0.0,0.0,7.0912500000000005,0.94,0.95,0.0,0.0,-1.7373562500000002,-1.7373562500000002,7.0912500000000005,-0.245,all_assets_30s
3,0xfac222c67e9a366314d5012f7485349c5f0597ef38a8db54ab2eeb9d263fc9a0,BTC,2026-06-24T17:31:58.764409+00:00,181.235591,1.734409,30,2.0,0.03999999999999998,0.44,0.48,True,True,True,39.525000000000006,39.76875,39.525000000000006,0.0,0.24374999999999147,0.42,0.43,1.1857499999999992,-0.0,0.010968749999999614,1.1967187499999987,79.29375,0.015092220383069267,all_assets_30s
3,0xe0261c3af71ec76885a6befe78536d37f4f39622a19d0102257561caaca61811,SOL,2026-06-24T17:52:06.759950+00:00,173.24005,1.76995,30,2.0,0.07999999999999999,0.16,0.24,True,True,True,1.875,12.149999999999999,1.875,0.0,10.274999999999999,0.22,0.23,0.13124999999999998,0.0,0.051374999999999796,0.18262499999999976,14.024999999999999,0.013021390374331535,all_assets_30s
3,0x17dc5c06a8038c8b9fe98dc10caabed5e643e594aa096dfa257871e4e6fc79db,BTC,2026-06-24T18:05:14.753546+00:00,285.246454,1.467546,30,2.0,0.030000000000000027,0.52,0.55,True,False,False,46.875,0.0,0.0,46.875,0.0,0.3,0.31,0.0,-10.546875000000002,0.0,-10.546875000000002,46.875,-0.22500000000000003,all_assets_30s
3,0x3d07d4fd8f80b13ff82b8a59ac4e27ef61cee1ca5f5e8b639dd421a3a7bc2fcb,SOL,2026-06-24T18:08:20.754991+00:00,99.245009,1.673991,30,2.0,0.030000000000000027,0.9,0.93,False,True,False,0.0,14.962499999999999,0.0,0.0,14.962499999999999,0.98,0.99,0.0,0.0,-0.9725624999999991,-0.9725624999999991,14.962499999999999,-0.06499999999999995,all_assets_30s
3,0xb65494287b0ded4df523c3dfb7bc08d0faf51fbdea965329a079db51324f4dae,SOL,2026-06-24T18:23:52.766000+00:00,67.234,1.65,30,2.0,0.030000000000000027,0.96,0.99,False,True,False,0.0,46.875,0.0,0.0,46.875,0.98,0.997,0.0,0.0,-0.5625000000000003,-0.5625000000000003,46.875,-0.012000000000000007,all_assets_30s
3,0xf60c5ccad232c42657ee276cf479d8e88225c111dea7def79e5a1933206200ab,BTC,2026-06-24T18:58:14.756537+00:00,105.243463,1.830537,30,2.0,0.030000000000000027,0.78,0.81,False,True,False,0.0,20.7225,0.0,0.0,20.7225,0.85,0.86,0.0,0.0,-1.1397374999999985,-1.1397374999999985,20.7225,-0.05499999999999993,all_assets_30s
3,0xc41c9a019d29f207af68d3fe15e8a2e6a671b543b88682b44b73f2e1c6e1fbdb,BTC,2026-06-24T19:00:08.758904+00:00,291.241096,1.871904,30,2.0,0.030000000000000027,0.6,0.63,True,True,True,18.75,34.875,18.75,0.0,16.125,0.59,0.61,0.37500000000000044,-0.0,0.24187500000000028,0.6168750000000007,53.625,0.011503496503496517,all_assets_30s
3,0xfb2d975df6a6f30cb9fa99c239111a8258f5963b8823097c9ac12954546c26b7,SOL,2026-06-24T19:23:14.765408+00:00,105.234592,1.706408,30,2.0,0.030000000000000027,0.35,0.38,True,True,True,10.32,3.75,3.75,6.57,0.0,0.29,0.3,0.0750000000000001,-0.42705000000000004,0.0,-0.35205,14.07,-0.025021321961620466,all_assets_30s
3,0xf5a2d3e44ab4d845157e3dbc553f80c96b82c88ec472c3525fda5efc7d394b40,BTC,2026-06-24T19:35:26.762448+00:00,273.237552,1.913448,30,2.0,0.04999999999999993,0.53,0.58,True,True,True,13.286249999999999,29.25,13.286249999999999,0.0,15.963750000000001,0.7,0.71,0.5314499999999991,0.0,-2.1551062500000002,-1.6236562500000011,42.536249999999995,-0.038171118751653035,all_assets_30s
3,0xf8776b5271ce59d683b9da736a42f8139c58e4093ad342ae1288f9addc1b3cfe,BTC,2026-06-24T20:10:42.757321+00:00,257.242679,1.938321,30,2.0,0.030000000000000027,0.65,0.68,True,True,True,1.6875,46.875,1.6875,0.0,45.1875,0.71,0.74,0.033750000000000044,0.0,-2.9371874999999976,-2.9034374999999977,48.5625,-0.05978764478764474,all_assets_30s
3,0xf8776b5271ce59d683b9da736a42f8139c58e4093ad342ae1288f9addc1b3cfe,BTC,2026-06-24T20:11:18.754143+00:00,221.245857,1.752143,30,2.0,0.030000000000000027,0.71,0.74,True,True,True,46.875,46.875,46.875,0.0,0.0,0.71,0.72,0.9375000000000011,-0.0,0.0,0.9375000000000011,93.75,0.010000000000000012,all_assets_30s
3,0xa05cff8036c459cd240da3035dc85f2becf34afd9015231ad23fef6f39fa51c9,ETH,2026-06-25T00:36:18.754986+00:00,221.245014,1.622986,30,2.0,0.06,0.45,0.51,True,True,True,10.125,1.875,1.875,8.25,0.0,0.58,0.59,0.09374999999999999,1.0312499999999996,-0.0,1.1249999999999996,12.0,0.09374999999999996,all_assets_30s
4,0x9a45530cac4285dc440738508a907ab9c508f77712544054f5078c8bc3cba2da,ETH,2026-06-25T20:18:46.807140+00:00,73.19286,1.59214,30,2.0,0.039999999999999925,0.8,0.84,False,True,False,0.0,1.875,0.0,0.0,1.875,0.97,0.98,0.0,0.0,-0.27187500000000003,-0.27187500000000003,1.875,-0.14500000000000002,all_assets_30s
4,0xac9139c518e392a875f62e63f04cbce8023219154217711edb7fe2231ebd89c6,BTC,2026-06-25T20:18:46.807140+00:00,73.19286,1.98114,30,2.0,0.050000000000000044,0.61,0.66,True,True,True,11.25,0.17625,0.17625,11.07375,0.0,0.86,0.87,0.007050000000000007,2.71306875,-0.0,2.72011875,11.42625,0.2380587463078438,all_assets_30s
4,0x0e65bd8f2c35d139a7a6aaf971af2cf90bcdbc0253585f6e57c5df4eb16c2295,BTC,2026-06-25T20:31:32.817449+00:00,207.182551,1.215449,30,2.0,0.04999999999999999,0.31,0.36,True,False,False,2.1975000000000002,0.0,0.0,2.1975000000000002,0.0,0.04,0.05,0.0,-0.6043125000000001,0.0,-0.6043125000000001,2.1975000000000002,-0.275,all_assets_30s
4,0x7a1f7adb0e95a0a1ec1ec1bdf972078fe3bf9b8c14c79c5338bad045ffbff576,SOL,2026-06-25T20:35:10.815739+00:00,289.184261,1.772739,30,2.0,0.030000000000000027,0.61,0.64,True,True,True,1.875,0.40125,0.40125,1.47375,0.0,0.62,0.64,0.00802500000000001,0.0073687500000000124,-0.0,0.015393750000000022,2.27625,0.006762767710049433,all_assets_30s
4,0xe55e471a6cadcca3373d39159a0dfcc503b3e77b929ad7f7a1c62922ef3a0b39,ETH,2026-06-25T20:36:42.812020+00:00,197.18798,1.96002,30,2.0,0.039999999999999925,0.81,0.85,True,True,True,18.75,7.5,7.5,11.25,0.0,0.87,0.88,0.22499999999999942,0.6187499999999994,-0.0,0.8437499999999988,26.25,0.0321428571428571,all_assets_30s
4,0x345ecd2a0bfb9dc2dffef44d18ddcfa7bbd1bb1f5e221f85d529e10f9542e6aa,SOL,2026-06-25T20:51:28.806909+00:00,211.193091,1.227909,30,2.0,0.030000000000000027,0.31,0.34,False,True,False,0.0,1.875,0.0,0.0,1.875,0.38,0.39,0.0,0.0,-0.10312499999999998,-0.10312499999999998,1.875,-0.054999999999999986,all_assets_30s
4,0x5c6760aa2aa0934cdff18131065bcca70c100abc46876e1d086f2333ec5994d9,BTC,2026-06-25T21:02:08.815375+00:00,171.184625,1.799375,30,2.0,0.05999999999999994,0.51,0.57,True,True,True,5.4712499999999995,39.03,5.4712499999999995,0.0,33.55875,0.56,0.57,0.27356249999999965,0.0,-0.16779375000000002,0.10576874999999963,44.50125,0.002376759079801121,all_assets_30s
4,0x80f4d52bf8a69ad43c205b16ecf86c6e9b27e8d1df3613dc26f39b2b75bb2dbf,SOL,2026-06-25T21:07:24.815980+00:00,155.18402,1.66598,30,2.0,0.030000000000000027,0.35,0.38,True,False,False,8.399999999999999,0.0,0.0,8.399999999999999,0.0,0.31,0.32,0.0,-0.3779999999999997,0.0,-0.3779999999999997,8.399999999999999,-0.04499999999999998,all_assets_30s
4,0xe1f466e6312cce5d03e6d63d1e025d17853d34fe217fd3b68893183892507654,SOL,2026-06-25T21:11:32.803458+00:00,207.196542,1.224458,30,2.0,0.040000000000000036,0.63,0.67,True,False,False,12.794999999999998,0.0,0.0,12.794999999999998,0.0,0.46,0.47,0.0,-2.2391249999999996,0.0,-2.2391249999999996,12.794999999999998,-0.175,all_assets_30s
4,0x1febb7033402b49870fa20b4bc0b6ce97895eb9f19fca75e0738e38c75a927b2,SOL,2026-06-25T21:25:26.818064+00:00,273.181936,1.968064,30,2.0,0.05999999999999994,0.56,0.62,False,True,False,0.0,1.875,0.0,0.0,1.875,0.81,0.83,0.0,0.0,-0.40312499999999996,-0.40312499999999996,1.875,-0.21499999999999997,all_assets_30s
4,0x1febb7033402b49870fa20b4bc0b6ce97895eb9f19fca75e0738e38c75a927b2,SOL,2026-06-25T21:25:46.805010+00:00,253.19499,1.56901,30,2.0,0.030000000000000027,0.87,0.9,True,True,True,2.0999999999999996,4.86,2.0999999999999996,0.0,2.7600000000000007,0.74,0.75,0.042000000000000044,-0.0,0.40020000000000017,0.4422000000000002,6.96,0.06353448275862073,all_assets_30s
4,0xae2848fb6d2e41638bbd581054fbae303cae9fa05399386a3967adb588ef3c7e,SOL,2026-06-25T21:35:02.804691+00:00,297.195309,1.179691,30,2.0,0.14999999999999997,0.32,0.47,False,True,False,0.0,1.875,0.0,0.0,1.875,0.51,0.52,0.0,0.0,-0.10312500000000008,-0.10312500000000008,1.875,-0.05500000000000004,all_assets_30s
4,0x9952c15986fdea833b3f2f36dcf6c4a25a8a5ffd72a7ac7d8f76d060c6e7b645,SOL,2026-06-25T22:00:58.811843+00:00,241.188157,1.401843,30,2.0,0.030000000000000027,0.29,0.32,True,True,True,6.6000000000000005,6.9750000000000005,6.6000000000000005,0.0,0.375,0.33,0.35,0.13200000000000017,0.0,-0.013124999999999987,0.11887500000000019,13.575000000000001,0.00875690607734808,all_assets_30s
4,0x62a2a6c1c832195bf6f619cca9b05658bbfeeb4a40b84d87f3a8dea103362915,BTC,2026-06-25T22:38:52.814237+00:00,67.185763,1.400237,30,2.0,0.050000000000000044,0.51,0.56,True,True,True,46.875,1.875,1.875,45.0,0.0,0.31,0.32,0.07500000000000008,-9.225000000000001,0.0,-9.150000000000002,48.75,-0.18769230769230774,all_assets_30s
4,0x28f6d6f6d64c6a318107cbfe7420997965fd94dc732edabf6955fd99a3dfd381,SOL,2026-06-25T23:22:12.809787+00:00,167.190213,1.772787,30,2.0,0.030000000000000027,0.75,0.78,False,True,False,0.0,2.25,0.0,0.0,2.25,0.82,0.83,0.0,0.0,-0.12374999999999985,-0.12374999999999985,2.25,-0.05499999999999993,all_assets_30s
4,0x0c57f717926035bc0d2e027557263f7dae55fb00e58dd5573a7bfe0b5f053ae0,SOL,2026-06-26T01:10:22.813080+00:00,277.18692,1.89708,30,2.0,0.030000000000000027,0.59,0.62,True,True,True,12.345,10.47,10.47,1.875,0.0,0.61,0.63,0.20940000000000028,0.028125000000000032,-0.0,0.23752500000000032,22.815,0.010410913872452347,all_assets_30s
4,0xbc80a16a50b5b96ebab7f266d58abb514cb444cd19211f0cae092247a32b58a2,SOL,2026-06-26T02:52:04.817082+00:00,175.182918,1.807082,30,2.0,0.04000000000000001,0.15,0.19,True,True,True,0.92625,3.0,0.92625,0.0,2.07375,0.12,0.13,0.027787500000000007,-0.0,0.11405625,0.14184375,3.92625,0.03612702960840496,all_assets_30s
4,0xccf7d1cf6321e80421097f6e058c2c3ebbce448ccf292b7bd1ba115c95e0c91c,SOL,2026-06-26T05:11:24.812028+00:00,215.187972,1.217028,30,2.0,0.030000000000000027,0.78,0.81,False,True,False,0.0,35.02875,0.0,0.0,35.02875,0.85,0.86,0.0,0.0,-1.9265812499999977,-1.9265812499999977,35.02875,-0.05499999999999993,all_assets_30s
4,0xb34dccf19137e2f5ae026c4d45037552dc97400a1b3bc211ed9745dd139260fc,SOL,2026-06-26T06:33:36.811943+00:00,83.188057,1.753943,30,2.0,0.06,0.25,0.31,True,False,False,8.82,0.0,0.0,8.82,0.0,0.05,0.06,0.0,-1.8081000000000003,0.0,-1.8081000000000003,8.82,-0.20500000000000002,all_assets_30s
4,0x6461cb20a000fc158e4d366c7bc9935b7b4774272b389fa2d5dde289d62d042c,BTC,2026-06-26T06:46:48.812102+00:00,191.187898,1.726102,30,2.0,0.03999999999999998,0.43,0.47,False,True,False,0.0,46.875,0.0,0.0,46.875,0.62,0.63,0.0,0.0,-7.734375000000002,-7.734375000000002,46.875,-0.16500000000000004,all_assets_30s
5,0xa98d1067cc7e61f9c9d64acae0972f0b6c65e4b9f07684fd30b0fff4ac936e9a,ETH,2026-07-01T21:27:18.367482+00:00,161.632518,1.917482,30,2.0,0.07,0.35,0.42,True,True,True,1.875,14.838750000000001,1.875,0.0,12.963750000000001,0.38,0.39,0.1125,0.0,0.3240937499999996,0.4365937499999996,16.71375,0.026121830827911127,all_assets_30s
5,0x36d3a0bfa79de20fdf15122d360f4e6bbf48a1cc6347f13d76e81151fff6f8f4,SOL,2026-07-01T21:27:58.371771+00:00,121.628229,1.977771,30,2.0,0.05999999999999994,0.65,0.71,True,True,True,36.25125,20.625,20.625,15.626249999999999,0.0,0.71,0.72,1.0312499999999987,0.8594437499999991,-0.0,1.8906937499999978,56.87625,0.03324223643436404,all_assets_30s
5,0xa98d1067cc7e61f9c9d64acae0972f0b6c65e4b9f07684fd30b0fff4ac936e9a,ETH,2026-07-01T21:27:58.371771+00:00,121.628229,1.955771,30,2.0,0.030000000000000027,0.43,0.46,False,True,False,0.0,1.4625,0.0,0.0,1.4625,0.68,0.69,0.0,0.0,-0.34368749999999987,-0.34368749999999987,1.4625,-0.23499999999999993,all_assets_30s
5,0x36d3a0bfa79de20fdf15122d360f4e6bbf48a1cc6347f13d76e81151fff6f8f4,SOL,2026-07-01T21:28:18.373794+00:00,101.626206,1.955794,30,2.0,0.04999999999999993,0.66,0.71,False,True,False,0.0,46.875,0.0,0.0,46.875,0.94,0.95,0.0,0.0,-11.484375,-11.484375,46.875,-0.245,all_assets_30s
5,0xa98d1067cc7e61f9c9d64acae0972f0b6c65e4b9f07684fd30b0fff4ac936e9a,ETH,2026-07-01T21:28:18.373794+00:00,101.626206,1.985794,30,2.0,0.039999999999999925,0.66,0.7,True,True,True,4.5,2.25,2.25,2.25,0.0,0.9,0.91,0.06749999999999982,0.5287499999999999,-0.0,0.5962499999999997,6.75,0.08833333333333329,all_assets_30s
5,0x36d3a0bfa79de20fdf15122d360f4e6bbf48a1cc6347f13d76e81151fff6f8f4,SOL,2026-07-01T21:28:44.368194+00:00,75.631806,1.937194,30,2.0,0.08000000000000007,0.82,0.9,False,True,False,0.0,3.75,0.0,0.0,3.75,0.89,0.94,0.0,0.0,-0.1687499999999997,-0.1687499999999997,3.75,-0.04499999999999992,all_assets_30s
5,0x1e5cc3e5781b2ef67a9e67bda1f9e9ea66b0f987cdf4813ffb9a722232781544,SOL,2026-07-01T21:31:14.368434+00:00,225.631566,1.984434,30,2.0,0.030000000000000027,0.71,0.74,False,True,False,0.0,46.875,0.0,0.0,46.875,0.89,0.91,0.0,0.0,-8.203125000000002,-8.203125000000002,46.875,-0.17500000000000004,all_assets_30s
5,0xccddd1603d20c4477f2ac4e9f226747d540c9f0fe9ebc85b76cbdd992afa90a5,SOL,2026-07-01T21:35:02.365044+00:00,297.634956,1.790044,30,2.0,0.10999999999999999,0.37,0.48,False,True,False,0.0,1.875,0.0,0.0,1.875,0.49,0.5,0.0,0.0,-0.046875000000000035,-0.046875000000000035,1.875,-0.02500000000000002,all_assets_30s
5,0xccddd1603d20c4477f2ac4e9f226747d540c9f0fe9ebc85b76cbdd992afa90a5,SOL,2026-07-01T21:35:24.373919+00:00,275.626081,1.974919,30,2.0,0.040000000000000036,0.41,0.45,False,True,False,0.0,1.875,0.0,0.0,1.875,0.6,0.61,0.0,0.0,-0.30937499999999996,-0.30937499999999996,1.875,-0.16499999999999998,all_assets_30s
5,0xccddd1603d20c4477f2ac4e9f226747d540c9f0fe9ebc85b76cbdd992afa90a5,SOL,2026-07-01T21:36:52.363490+00:00,187.63651,1.85749,30,2.0,0.03999999999999998,0.26,0.3,False,True,False,0.0,3.04125,0.0,0.0,3.04125,0.51,0.52,0.0,0.0,-0.6842812500000001,-0.6842812500000001,3.04125,-0.22500000000000003,all_assets_30s
5,0xdc82514297e0235817b0c260d0771daa18aea7590d6e89abcc8c7273355ae68a,BTC,2026-07-01T21:36:54.368306+00:00,185.631694,1.983306,30,2.0,0.03999999999999998,0.37,0.41,False,True,False,0.0,3.75,0.0,0.0,3.75,0.53,0.54,0.0,0.0,-0.5062500000000002,-0.5062500000000002,3.75,-0.13500000000000006,all_assets_30s
5,0xccddd1603d20c4477f2ac4e9f226747d540c9f0fe9ebc85b76cbdd992afa90a5,SOL,2026-07-01T21:36:56.374213+00:00,183.625787,1.982213,30,2.0,0.030000000000000027,0.58,0.61,True,False,False,6.375,0.0,0.0,6.375,0.0,0.45,0.46,0.0,-0.8606249999999998,0.0,-0.8606249999999998,6.375,-0.13499999999999995,all_assets_30s
5,0xccddd1603d20c4477f2ac4e9f226747d540c9f0fe9ebc85b76cbdd992afa90a5,SOL,2026-07-01T21:37:26.370102+00:00,153.629898,1.973102,30,2.0,0.04999999999999999,0.45,0.5,True,False,False,1.875,0.0,0.0,1.875,0.0,0.23,0.24,0.0,-0.421875,0.0,-0.421875,1.875,-0.225,all_assets_30s
5,0xdc82514297e0235817b0c260d0771daa18aea7590d6e89abcc8c7273355ae68a,BTC,2026-07-01T21:38:02.371563+00:00,117.628437,1.923563,30,2.0,0.030000000000000027,0.5,0.53,True,True,True,41.745,46.875,41.745,0.0,5.130000000000003,0.83,0.84,0.834900000000001,0.0,-1.6159500000000004,-0.7810499999999995,88.62,-0.008813473256601213,all_assets_30s
5,0xccddd1603d20c4477f2ac4e9f226747d540c9f0fe9ebc85b76cbdd992afa90a5,SOL,2026-07-01T21:38:04.363985+00:00,115.636015,1.866985,30,2.0,0.04000000000000001,0.22,0.26,True,True,True,13.395,0.8925,0.8925,12.5025,0.0,0.58,0.59,0.026775000000000004,4.438387499999999,-0.0,4.465162499999999,14.2875,0.31252230971128603,all_assets_30s
5,0xccddd1603d20c4477f2ac4e9f226747d540c9f0fe9ebc85b76cbdd992afa90a5,SOL,2026-07-01T21:38:38.375395+00:00,81.624605,1.971395,30,2.0,0.030000000000000027,0.52,0.55,True,True,True,1.875,1.875,1.875,0.0,0.0,0.57,0.58,0.03750000000000005,0.0,-0.0,0.03750000000000005,3.75,0.010000000000000012,all_assets_30s
5,0xdc82514297e0235817b0c260d0771daa18aea7590d6e89abcc8c7273355ae68a,BTC,2026-07-01T21:38:50.365876+00:00,69.634124,1.993876,30,2.0,0.039999999999999925,0.93,0.97,True,True,True,43.11,46.875,43.11,0.0,3.7650000000000006,0.66,0.67,1.2932999999999966,-0.0,1.1106749999999999,2.4039749999999964,89.985,0.026715285880980124,all_assets_30s
5,0xccddd1603d20c4477f2ac4e9f226747d540c9f0fe9ebc85b76cbdd992afa90a5,SOL,2026-07-01T21:38:52.371454+00:00,67.628546,1.978454,30,2.0,0.030000000000000027,0.84,0.87,True,False,False,6.6075,0.0,0.0,6.6075,0.0,0.7,0.71,0.0,-0.9580875000000001,0.0,-0.9580875000000001,6.6075,-0.14500000000000002,all_assets_30s
5,0x751d9e9775099c1841d5ea89e96b99a0f7258d3ddbb59043c6aa855bc5fe1664,ETH,2026-07-01T21:38:54.361771+00:00,65.638229,1.969771,30,2.0,0.030000000000000027,0.47,0.5,True,False,False,18.52875,0.0,0.0,18.52875,0.0,0.02,0.04,0.0,-8.43058125,0.0,-8.43058125,18.52875,-0.455,all_assets_30s
5,0x4c09abece310efe0c502e2b081a875d0020f5b30af3c45f19145efd6b791df0b,ETH,2026-07-01T21:40:24.371334+00:00,275.628666,1.988334,30,2.0,0.040000000000000036,0.52,0.56,True,True,True,13.548750000000002,10.12875,10.12875,3.4200000000000017,0.0,0.54,0.55,0.30386250000000037,0.05130000000000008,0.0,0.35516250000000044,23.677500000000002,0.015000000000000017,all_assets_30s
5,0x1e62581fd9a1f2400a72b0ace91b1149d1dd03a3202a315563efea9499e0e23b,BTC,2026-07-01T21:40:28.369988+00:00,271.630012,1.924988,30,2.0,0.07999999999999996,0.67,0.75,False,True,False,0.0,46.875,0.0,0.0,46.875,0.8,0.81,0.0,0.0,-3.0468750000000027,-3.0468750000000027,46.875,-0.06500000000000006,all_assets_30s
5,0x2729a97dbed765fa7f38618dc0399548892a2600fac0138be2d913602762d5e7,SOL,2026-07-01T21:42:10.372804+00:00,169.627196,1.975804,30,2.0,0.03999999999999998,0.33,0.37,True,False,False,8.325,0.0,0.0,8.325,0.0,0.09,0.1,0.0,-2.039625,0.0,-2.039625,8.325,-0.24500000000000002,all_assets_30s
5,0xdf92f9514293b52fa02cd5e053b7e0ed46b9f94c13be09a814be51f9233eaef2,ETH,2026-07-01T21:45:02.364632+00:00,297.635368,1.992632,30,2.0,0.08999999999999997,0.39,0.48,False,True,False,0.0,20.34375,0.0,0.0,20.34375,0.55,0.56,0.0,0.0,-1.7292187500000016,-1.7292187500000016,20.34375,-0.08500000000000008,all_assets_30s
5,0x6de6d39220dc444c78dbc1caf949cc3583d01b10446468528a5b525b420e9392,SOL,2026-07-01T21:45:38.361985+00:00,261.638015,1.982985,30,2.0,0.039999999999999925,0.53,0.57,True,False,False,7.7775,0.0,0.0,7.7775,0.0,0.56,0.57,0.0,0.1944375000000002,-0.0,0.1944375000000002,7.7775,0.025000000000000026,all_assets_30s
5,0x73f7d1cc0d6504cf2c207938cebb02a7bc6ab67576be605c9f3dcbc92bb18701,BTC,2026-07-01T21:45:46.372748+00:00,253.627252,1.899748,30,2.0,0.03999999999999998,0.44,0.48,True,True,True,17.37375,26.68875,17.37375,0.0,9.314999999999998,0.49,0.5,0.5212124999999996,0.0,-0.2328750000000001,0.2883374999999995,44.0625,0.006543829787234032,all_assets_30s
5,0x73f7d1cc0d6504cf2c207938cebb02a7bc6ab67576be605c9f3dcbc92bb18701,BTC,2026-07-01T21:45:50.368129+00:00,249.631871,1.954129,30,2.0,0.030000000000000027,0.37,0.4,True,True,True,4.72875,13.0425,4.72875,0.0,8.31375,0.49,0.5,0.09457500000000012,0.0,-0.8729437499999999,-0.7783687499999998,17.771250000000002,-0.04379932475205738,all_assets_30s
5,0xdf92f9514293b52fa02cd5e053b7e0ed46b9f94c13be09a814be51f9233eaef2,ETH,2026-07-01T21:45:56.370687+00:00,243.629313,1.982687,30,2.0,0.030000000000000027,0.5,0.53,True,True,True,46.875,3.1500000000000004,3.1500000000000004,43.725,0.0,0.57,0.58,0.06300000000000008,2.8421249999999976,-0.0,2.9051249999999977,50.025,0.05807346326836577,all_assets_30s
5,0x73f7d1cc0d6504cf2c207938cebb02a7bc6ab67576be605c9f3dcbc92bb18701,BTC,2026-07-01T21:46:50.367921+00:00,189.632079,1.980921,30,2.0,0.04999999999999999,0.31,0.36,True,True,True,19.38,1.875,1.875,17.505,0.0,0.48,0.49,0.07499999999999997,2.8883249999999996,-0.0,2.9633249999999998,21.255,0.13941778405081157,all_assets_30s
5,0x6de6d39220dc444c78dbc1caf949cc3583d01b10446468528a5b525b420e9392,SOL,2026-07-01T21:47:42.367429+00:00,137.632571,1.990429,30,2.0,0.030000000000000027,0.48,0.51,False,True,False,0.0,8.82,0.0,0.0,8.82,0.79,0.8,0.0,0.0,-2.6019000000000005,-2.6019000000000005,8.82,-0.29500000000000004,all_assets_30s
5,0xdf92f9514293b52fa02cd5e053b7e0ed46b9f94c13be09a814be51f9233eaef2,ETH,2026-07-01T21:48:22.367730+00:00,97.63227,1.84273,30,2.0,0.050000000000000044,0.61,0.66,True,False,False,12.0,0.0,0.0,12.0,0.0,0.23,0.24,0.0,-4.62,0.0,-4.62,12.0,-0.385,all_assets_30s
5,0x47c5c4d1e64b9ad0d527ea83a9b281cf2ba73888df2eb450db55596e0bc1fb30,BTC,2026-07-01T21:50:52.366536+00:00,247.633464,1.964536,30,2.0,0.03999999999999998,0.37,0.41,True,True,True,37.905,31.125,31.125,6.780000000000001,0.0,0.42,0.43,0.9337499999999993,0.3051,-0.0,1.2388499999999993,69.03,0.017946544980443277,all_assets_30s
5,0x47c5c4d1e64b9ad0d527ea83a9b281cf2ba73888df2eb450db55596e0bc1fb30,BTC,2026-07-01T21:53:02.360460+00:00,117.63954,1.97346,30,2.0,0.08000000000000002,0.43,0.51,False,True,False,0.0,46.875,0.0,0.0,46.875,0.53,0.54,0.0,0.0,-1.640625000000001,-1.640625000000001,46.875,-0.035000000000000024,all_assets_30s
5,0x7f95e1d134e20d37bac046b26b1986bea147bc22b45da2b3c4fa93a7907a0e64,SOL,2026-07-01T21:55:02.368886+00:00,297.631114,1.886886,30,2.0,0.07,0.42,0.49,False,True,False,0.0,3.1875,0.0,0.0,3.1875,0.64,0.65,0.0,0.0,-0.5259375000000002,-0.5259375000000002,3.1875,-0.16500000000000006,all_assets_30s
5,0x7f95e1d134e20d37bac046b26b1986bea147bc22b45da2b3c4fa93a7907a0e64,SOL,2026-07-01T21:55:08.373915+00:00,291.626085,1.876915,30,2.0,0.04999999999999993,0.55,0.6,False,True,False,0.0,11.25,0.0,0.0,11.25,0.6,0.61,0.0,0.0,-0.16875000000000012,-0.16875000000000012,11.25,-0.015000000000000012,all_assets_30s
5,0x7f95e1d134e20d37bac046b26b1986bea147bc22b45da2b3c4fa93a7907a0e64,SOL,2026-07-01T21:58:40.372165+00:00,79.627835,1.899165,30,2.0,0.030000000000000027,0.77,0.8,True,True,True,1.875,46.875,1.875,0.0,45.0,0.88,0.89,0.03750000000000005,0.0,-4.274999999999999,-4.237499999999999,48.75,-0.0869230769230769,all_assets_30s
5,0x7f95e1d134e20d37bac046b26b1986bea147bc22b45da2b3c4fa93a7907a0e64,SOL,2026-07-01T21:58:48.365315+00:00,71.634685,1.977315,30,2.0,0.030000000000000027,0.73,0.76,False,True,False,0.0,28.18875,0.0,0.0,28.18875,0.78,0.81,0.0,0.0,-1.5503812500000012,-1.5503812500000012,28.18875,-0.05500000000000004,all_assets_30s
5,0x57f87262af3ca3fc831e294e631e17dfb34f697bedb03f86690993d1c41bf4c2,BTC,2026-07-01T22:02:42.364296+00:00,137.635704,1.993296,30,2.0,0.030000000000000027,0.36,0.39,True,True,True,4.893750000000001,9.375,4.893750000000001,0.0,4.481249999999999,0.46,0.47,0.09787500000000013,0.0,-0.3809062499999998,-0.2830312499999996,14.26875,-0.019835742444152402,all_assets_30s
5,0xd5fd7154e608f6ad96c455a12974647ebdc2bff30b93db08b70f0f4b5d27ff6b,SOL,2026-07-01T22:03:22.369147+00:00,97.630853,1.929147,30,2.0,0.05000000000000002,0.22,0.27,True,False,False,8.52,0.0,0.0,8.52,0.0,0.02,0.03,0.0,-1.7466000000000002,0.0,-1.7466000000000002,8.52,-0.20500000000000002,all_assets_30s
5,0x2f68e5085157ce2b5aaa31b91e618d5c8d2dce65f9509715d4ce9fd8b8de65ec,SOL,2026-07-01T22:08:10.363603+00:00,109.636397,1.882603,30,2.0,0.040000000000000036,0.5,0.54,False,True,False,0.0,3.37875,0.0,0.0,3.37875,0.66,0.67,0.0,0.0,-0.45613125000000004,-0.45613125000000004,3.37875,-0.135,all_assets_30s
5,0x2f68e5085157ce2b5aaa31b91e618d5c8d2dce65f9509715d4ce9fd8b8de65ec,SOL,2026-07-01T22:08:36.368795+00:00,83.631205,1.935795,30,2.0,0.040000000000000036,0.71,0.75,True,False,False,33.75,0.0,0.0,33.75,0.0,0.72,0.73,0.0,0.1687500000000003,0.0,0.1687500000000003,33.75,0.005000000000000009,all_assets_30s
5,0x017e87d37f6ccec42d134265e6d538a4d2a20f4c4db0a71828799121719cbc8e,SOL,2026-07-01T22:12:36.372792+00:00,143.627208,1.917792,30,2.0,0.040000000000000036,0.62,0.66,True,True,True,16.40625,11.325,11.325,5.081250000000001,0.0,0.66,0.67,0.3397500000000004,0.17784375000000022,-0.0,0.5175937500000006,27.73125,0.018664638269100767,all_assets_30s
5,0x5162f05fe4efdd9d3eb2c840da4f6c249a23f265525267ac977ca2a6a9c85458,SOL,2026-07-01T22:15:02.366898+00:00,297.633102,1.985898,30,2.0,0.18,0.45,0.63,False,False,False,0.0,0.0,0.0,0.0,0.0,0.59,0.6,0.0,0.0,0.0,0.0,0.0,0.0,all_assets_30s
5,0xb04d9e5f31ea4614fdf20ce94c4c9f76f69d6f1b2b81f0b7a919740632369947,SOL,2026-07-01T22:21:18.376050+00:00,221.62395,0.83905,30,2.0,0.08000000000000007,0.6,0.68,False,True,False,0.0,4.5,0.0,0.0,4.5,0.97,0.98,0.0,0.0,-1.3724999999999996,-1.3724999999999996,4.5,-0.30499999999999994,all_assets_30s
5,0xb04d9e5f31ea4614fdf20ce94c4c9f76f69d6f1b2b81f0b7a919740632369947,SOL,2026-07-01T22:21:22.375335+00:00,217.624665,1.927335,30,2.0,0.040000000000000036,0.77,0.81,False,True,False,0.0,1.875,0.0,0.0,1.875,0.96,0.97,0.0,0.0,-0.30937499999999984,-0.30937499999999984,1.875,-0.16499999999999992,all_assets_30s
5,0x10c113f82fddb4f657504528e4f2606f60bb665623e0824f5a0b56976d763f66,BTC,2026-07-01T22:21:28.362633+00:00,211.637367,1.925633,30,2.0,0.039999999999999925,0.92,0.96,True,True,True,17.576249999999998,46.875,17.576249999999998,0.0,29.298750000000002,0.94,0.95,0.5272874999999986,0.0,0.14649375000000026,0.6737812499999989,64.45125,0.01045412230173967,all_assets_30s
5,0x10c113f82fddb4f657504528e4f2606f60bb665623e0824f5a0b56976d763f66,BTC,2026-07-01T22:22:04.369604+00:00,175.630396,1.974604,30,2.0,0.040000000000000036,0.88,0.92,True,False,False,46.875,0.0,0.0,46.875,0.0,0.88,0.89,0.0,-0.234375,0.0,-0.234375,46.875,-0.005,all_assets_30s
5,0xb04d9e5f31ea4614fdf20ce94c4c9f76f69d6f1b2b81f0b7a919740632369947,SOL,2026-07-01T22:22:20.371831+00:00,159.628169,1.975831,30,2.0,0.039999999999999925,0.79,0.83,False,True,False,0.0,34.845,0.0,0.0,34.845,0.97,0.98,0.0,0.0,-5.400975000000001,-5.400975000000001,34.845,-0.15500000000000003,all_assets_30s
5,0x2b139d670d2706c6264dad011bc4e96df04633695a4fc75b669830f39f6693ce,BTC,2026-07-01T22:25:38.363793+00:00,261.636207,1.986793,30,2.0,0.030000000000000027,0.49,0.52,True,True,True,46.875,3.75,3.75,43.125,0.0,0.21,0.22,0.0750000000000001,-12.290625000000002,0.0,-12.215625000000003,50.625,-0.24129629629629634,all_assets_30s
5,0x5330f3288d309b2bb246086f6cf4d139e782acd5b44784839259604ae5e9f369,BTC,2026-07-01T22:32:16.363810+00:00,163.63619,1.81981,30,2.0,0.06,0.38,0.44,False,True,False,0.0,30.521250000000002,0.0,0.0,30.521250000000002,0.66,0.67,0.0,0.0,-7.172493750000002,-7.172493750000002,30.521250000000002,-0.23500000000000004,all_assets_30s
5,0x26690f30c8250f214c3c585bafacecfe21ca18c719caac4709c063c6d47267b4,SOL,2026-07-01T22:32:34.362150+00:00,145.63785,1.80915,30,2.0,0.030000000000000027,0.7,0.73,True,False,False,2.4074999999999998,0.0,0.0,2.4074999999999998,0.0,0.54,0.55,0.0,-0.3972374999999998,0.0,-0.3972374999999998,2.4074999999999998,-0.16499999999999992,all_assets_30s
5,0x5330f3288d309b2bb246086f6cf4d139e782acd5b44784839259604ae5e9f369,BTC,2026-07-01T22:32:34.362150+00:00,145.63785,1.81315,30,2.0,0.039999999999999925,0.54,0.58,True,True,True,46.875,46.875,46.875,0.0,0.0,0.36,0.37,1.4062499999999964,-0.0,0.0,1.4062499999999964,93.75,0.014999999999999961,all_assets_30s
5,0x8145a3bfddc61cdf01d45026aed596f0878c260884e8315caa000f5e42143a61,ETH,2026-07-01T22:32:34.362150+00:00,145.63785,1.80915,30,2.0,0.039999999999999925,0.55,0.59,True,False,False,4.875,0.0,0.0,4.875,0.0,0.39,0.4,0.0,-0.8043750000000002,0.0,-0.8043750000000002,4.875,-0.16500000000000004,all_assets_30s
5,0x5330f3288d309b2bb246086f6cf4d139e782acd5b44784839259604ae5e9f369,BTC,2026-07-01T22:32:52.375172+00:00,127.624828,1.812172,30,2.0,0.040000000000000036,0.57,0.61,True,False,False,46.875,0.0,0.0,46.875,0.0,0.3,0.38,0.0,-12.890624999999998,0.0,-12.890624999999998,46.875,-0.27499999999999997,all_assets_30s
5,0x5330f3288d309b2bb246086f6cf4d139e782acd5b44784839259604ae5e9f369,BTC,2026-07-01T22:33:34.363032+00:00,85.636968,1.808032,30,2.0,0.040000000000000036,0.24,0.28,True,True,True,46.875,46.875,46.875,0.0,0.0,0.53,0.59,1.4062500000000016,0.0,-0.0,1.4062500000000016,93.75,0.015000000000000017,all_assets_30s
5,0x06bf7937a18769d86039ea4ed35e5e8edd2a5c73d2ee04faffe90363450f8e3c,SOL,2026-07-01T22:36:24.369518+00:00,215.630482,1.991518,30,2.0,0.030000000000000027,0.52,0.55,True,False,False,46.545,0.0,0.0,46.545,0.0,0.26,0.27,0.0,-12.334425000000001,0.0,-12.334425000000001,46.545,-0.265,all_assets_30s
5,0xe3072e523d36860dd178a5f6847dc9be0321afd3a248065656c43a8deb2ae75b,BTC,2026-07-01T22:36:46.367268+00:00,193.632732,1.890268,30,2.0,0.04999999999999999,0.44,0.49,True,True,True,41.10375,46.875,41.10375,0.0,5.771250000000002,0.35,0.37,1.6441499999999993,-0.0,0.6636937500000002,2.3078437499999995,87.97874999999999,0.026231831550232298,all_assets_30s
5,0x06bf7937a18769d86039ea4ed35e5e8edd2a5c73d2ee04faffe90363450f8e3c,SOL,2026-07-01T22:38:04.369579+00:00,115.630421,1.965579,30,2.0,0.030000000000000013,0.11,0.14,True,False,False,3.75,0.0,0.0,3.75,0.0,0.06,0.07,0.0,-0.20625,0.0,-0.20625,3.75,-0.055,all_assets_30s
5,0xe3072e523d36860dd178a5f6847dc9be0321afd3a248065656c43a8deb2ae75b,BTC,2026-07-01T22:38:04.369579+00:00,115.630421,1.931579,30,2.0,0.07000000000000006,0.58,0.65,True,False,False,31.93875,0.0,0.0,31.93875,0.0,0.53,0.54,0.0,-1.7566312499999976,0.0,-1.7566312499999976,31.93875,-0.05499999999999993,all_assets_30s
5,0x5fa18bc38c0901d676294b1c12ab6f628f925d47e0579a702d58f4ce1753f92c,SOL,2026-07-01T22:40:02.360947+00:00,297.639053,1.993947,30,2.0,0.09999999999999998,0.49,0.59,False,True,False,0.0,3.75,0.0,0.0,3.75,0.58,0.59,0.0,0.0,-0.01875,-0.01875,3.75,-0.005,all_assets_30s
5,0x5fa18bc38c0901d676294b1c12ab6f628f925d47e0579a702d58f4ce1753f92c,SOL,2026-07-01T22:40:38.361142+00:00,261.638858,1.999142,30,2.0,0.030000000000000027,0.52,0.55,True,True,True,13.845,46.875,13.845,0.0,33.03,0.63,0.66,0.27690000000000037,0.0,-3.79845,-3.5215499999999995,60.72,-0.05799654150197628,all_assets_30s
5,0x52245415f9de36a925d4cf8a8b859a50fa3391e33f70f19fe954a2ab2112349a,BTC,2026-07-01T22:40:40.370075+00:00,259.629925,1.926075,30,2.0,0.04999999999999999,0.32,0.37,True,True,True,36.75,1.875,1.875,34.875,0.0,0.47,0.48,0.07499999999999997,5.056874999999999,-0.0,5.131874999999999,38.625,0.13286407766990288,all_assets_30s
5,0x5fa18bc38c0901d676294b1c12ab6f628f925d47e0579a702d58f4ce1753f92c,SOL,2026-07-01T22:41:10.369413+00:00,229.630587,1.885413,30,2.0,0.030000000000000027,0.63,0.66,False,True,False,0.0,10.92,0.0,0.0,10.92,0.83,0.84,0.0,0.0,-2.0201999999999996,-2.0201999999999996,10.92,-0.18499999999999997,all_assets_30s
5,0x5fa18bc38c0901d676294b1c12ab6f628f925d47e0579a702d58f4ce1753f92c,SOL,2026-07-01T22:41:48.370397+00:00,191.629603,1.946397,30,2.0,0.040000000000000036,0.85,0.89,True,False,False,5.85,0.0,0.0,5.85,0.0,0.83,0.84,0.0,-0.1462500000000001,0.0,-0.1462500000000001,5.85,-0.02500000000000002,all_assets_30s
5,0x52245415f9de36a925d4cf8a8b859a50fa3391e33f70f19fe954a2ab2112349a,BTC,2026-07-01T22:43:52.362308+00:00,67.637692,1.923308,30,2.0,0.14,0.53,0.67,True,False,False,9.75,0.0,0.0,9.75,0.0,0.21,0.22,0.0,-3.1687500000000006,0.0,-3.1687500000000006,9.75,-0.32500000000000007,all_assets_30s
5,0x22736fe4dce6cd4b31924cb86abf13251094c68718dae2a44039cad34045e44a,BTC,2026-07-01T22:45:10.363063+00:00,289.636937,1.896063,30,2.0,0.040000000000000036,0.48,0.52,True,False,False,26.38875,0.0,0.0,26.38875,0.0,0.37,0.38,0.0,-3.03470625,0.0,-3.03470625,26.38875,-0.115,all_assets_30s
5,0x22736fe4dce6cd4b31924cb86abf13251094c68718dae2a44039cad34045e44a,BTC,2026-07-01T22:48:40.364288+00:00,79.635712,1.966288,30,2.0,0.030000000000000027,0.59,0.62,True,True,True,16.8375,7.5,7.5,9.337499999999999,0.0,0.35,0.36,0.1500000000000002,-2.2876874999999997,0.0,-2.1376874999999993,24.3375,-0.08783513097072417,all_assets_30s
5,0x58b9f09be68fe1124bb5e0856eda2f2e1f21c65a220053375a3f323519cbce6e,BTC,2026-07-01T22:50:42.364496+00:00,257.635504,1.994496,30,2.0,0.040000000000000036,0.24,0.28,True,True,True,46.875,12.75,12.75,34.125,0.0,0.21,0.22,0.38250000000000045,-1.194375,0.0,-0.8118749999999995,59.625,-0.013616352201257852,all_assets_30s
5,0x5f54e9c6bb825b42eaa947650609662e0daac22136ca86081acb6d26fa1103bb,ETH,2026-07-01T22:53:10.370408+00:00,109.629592,1.915408,30,2.0,0.04000000000000001,0.16,0.2,True,True,True,46.875,1.875,1.875,45.0,0.0,0.07,0.08,0.05625000000000001,-4.275,0.0,-4.21875,48.75,-0.08653846153846154,all_assets_30s
5,0xd81bfffedc579dd0ad39ad0c57385a45c3b884f140bd8688cf40d05c81e27196,BTC,2026-07-01T22:57:14.371950+00:00,165.62805,1.99195,30,2.0,0.050000000000000044,0.49,0.54,True,True,True,11.25,46.875,11.25,0.0,35.625,0.59,0.6,0.45000000000000046,0.0,-2.315624999999998,-1.8656249999999976,58.125,-0.032096774193548346,all_assets_30s
5,0xd81bfffedc579dd0ad39ad0c57385a45c3b884f140bd8688cf40d05c81e27196,BTC,2026-07-01T22:57:40.365435+00:00,139.634565,1.895435,30,2.0,0.030000000000000027,0.53,0.56,True,True,True,11.25,2.09625,2.09625,9.15375,0.0,0.59,0.61,0.04192500000000005,0.5034562499999995,-0.0,0.5453812499999996,13.34625,0.04086400674346724,all_assets_30s
5,0xd81bfffedc579dd0ad39ad0c57385a45c3b884f140bd8688cf40d05c81e27196,BTC,2026-07-01T22:58:14.363856+00:00,105.636144,1.999856,30,2.0,0.030000000000000027,0.64,0.67,False,True,False,0.0,21.048750000000002,0.0,0.0,21.048750000000002,0.93,0.94,0.0,0.0,-5.788406249999999,-5.788406249999999,21.048750000000002,-0.2749999999999999,all_assets_30s
5,0x18575f68c1a711c9e8d8335c52a357b0e17bb43376b322212f58547d8733eafc,ETH,2026-07-01T23:16:04.371390+00:00,235.62861,1.95839,30,2.0,0.040000000000000036,0.73,0.77,True,True,True,8.25,24.795,8.25,0.0,16.545,0.82,0.83,0.24750000000000028,0.0,-1.0754249999999992,-0.8279249999999989,33.045,-0.02505447117566951,all_assets_30s
5,0x301a00a9c96a29e401409f19635c00e003d0d89f5926599f5e7abeee3b829438,SOL,2026-07-01T23:23:48.367538+00:00,71.632462,1.822538,30,2.0,0.030000000000000027,0.29,0.32,False,True,False,0.0,2.0062499999999996,0.0,0.0,2.0062499999999996,0.45,0.46,0.0,0.0,-0.29090625,-0.29090625,2.0062499999999996,-0.14500000000000002,all_assets_30s
5,0x7ea55c997691d4a613f8fc30b436f763ea1497b6d7fce656819b1493b05fc89e,ETH,2026-07-01T23:33:50.372684+00:00,69.627316,1.982684,30,2.0,0.03999999999999998,0.34,0.38,True,False,False,17.1,0.0,0.0,17.1,0.0,0.1,0.11,0.0,-4.189500000000001,0.0,-4.189500000000001,17.1,-0.24500000000000002,all_assets_30s
5,0x8d22580ded9a1c9bb43a9581787566efeccc0dff2ba6843eef73d5789b5ad805,SOL,2026-07-01T23:41:10.361979+00:00,229.638021,1.964979,30,2.0,0.03999999999999998,0.46,0.5,False,True,False,0.0,9.66375,0.0,0.0,9.66375,0.53,0.55,0.0,0.0,-0.5315062500000004,-0.5315062500000004,9.66375,-0.05500000000000004,all_assets_30s
5,0xa8c5e47db8f8208d7345ef5021f0fb789ff3e8d3ad059f784547d3bbeb691b2b,ETH,2026-07-01T23:42:00.361022+00:00,179.638978,1.997022,30,2.0,0.050000000000000044,0.63,0.68,False,True,False,0.0,5.625,0.0,0.0,5.625,0.78,0.79,0.0,0.0,-0.646875,-0.646875,5.625,-0.11499999999999999,all_assets_30s
5,0x8d22580ded9a1c9bb43a9581787566efeccc0dff2ba6843eef73d5789b5ad805,SOL,2026-07-01T23:42:40.360079+00:00,139.639921,1.930079,30,2.0,0.1299999999999999,0.56,0.69,False,True,False,0.0,1.875,0.0,0.0,1.875,0.8,0.81,0.0,0.0,-0.23437500000000022,-0.23437500000000022,1.875,-0.1250000000000001,all_assets_30s
5,0xfc8b3392f0bedad689e144a35adae140e439313fba94b2a3a48a3739841a8611,BTC,2026-07-01T23:43:46.375309+00:00,73.624691,1.993309,30,2.0,0.050000000000000044,0.7,0.75,True,True,True,46.875,46.875,46.875,0.0,0.0,0.87,0.88,1.875000000000002,0.0,-0.0,1.875000000000002,93.75,0.02000000000000002,all_assets_30s
5,0x0c4038723f7fecb3440b06827d85b4819961d6079d81bcc7a9d5d4debe22c47c,ETH,2026-07-01T23:46:16.360771+00:00,223.639229,1.928771,30,2.0,0.05000000000000002,0.21,0.26,True,False,False,8.8125,0.0,0.0,8.8125,0.0,0.12,0.13,0.0,-0.8371875,0.0,-0.8371875,8.8125,-0.095,all_assets_30s
5,0xd88ec5d3c8d59c27d4cc179c88f50865e5e0b82a6e0e78c38cd5074fdd195fdc,BTC,2026-07-01T23:51:22.363478+00:00,217.636522,1.998478,30,2.0,0.050000000000000044,0.41,0.46,True,True,True,18.71625,9.375,9.375,9.341249999999999,0.0,0.34,0.35,0.3750000000000004,-0.7005937499999995,0.0,-0.32559374999999907,28.09125,-0.011590575357095149,all_assets_30s
5,0xd88ec5d3c8d59c27d4cc179c88f50865e5e0b82a6e0e78c38cd5074fdd195fdc,BTC,2026-07-01T23:51:40.360223+00:00,199.639777,1.966223,30,2.0,0.06000000000000005,0.5,0.56,True,False,False,25.068749999999998,0.0,0.0,25.068749999999998,0.0,0.18,0.19,0.0,-8.14734375,0.0,-8.14734375,25.068749999999998,-0.325,all_assets_30s
5,0x550308d3bfc319a4147f8f57d527b015c1766d823a1c907490fab98eb3db905e,SOL,2026-07-01T23:52:48.363901+00:00,131.636099,1.975901,30,2.0,0.030000000000000027,0.42,0.45,True,True,True,24.31125,2.5875000000000004,2.5875000000000004,21.723750000000003,0.0,0.54,0.55,0.051750000000000074,2.4982312500000012,-0.0,2.5499812500000014,26.89875,0.09479924717691347,all_assets_30s
5,0x06921e008eb7fd22ca1c772410408cab9020483d6bc453a69d002a21f59d213f,ETH,2026-07-01T23:53:10.360683+00:00,109.639317,1.984683,30,2.0,0.039999999999999925,0.68,0.72,True,True,True,46.875,4.875,4.875,42.0,0.0,0.91,0.92,0.14624999999999963,9.45,-0.0,9.59625,51.75,0.18543478260869564,all_assets_30s
5,0xd88ec5d3c8d59c27d4cc179c88f50865e5e0b82a6e0e78c38cd5074fdd195fdc,BTC,2026-07-01T23:53:22.366876+00:00,97.633124,1.936876,30,2.0,0.040000000000000036,0.42,0.46,True,True,True,6.592499999999999,4.7775,4.7775,1.8149999999999995,0.0,0.85,0.86,0.14332500000000015,0.7713749999999998,-0.0,0.9147,11.37,0.08044854881266492,all_assets_30s
5,0x7443e373ed5a58a5ae3c9d6a2484b35fa5c40ecd650573bae1c507b2a00dfdb2,SOL,2026-07-02T00:00:58.362673+00:00,241.637327,1.974673,30,2.0,0.03999999999999998,0.2,0.24,True,False,False,3.0,0.0,0.0,3.0,0.0,0.13,0.14,0.0,-0.22500000000000003,0.0,-0.22500000000000003,3.0,-0.07500000000000001,all_assets_30s
5,0x7443e373ed5a58a5ae3c9d6a2484b35fa5c40ecd650573bae1c507b2a00dfdb2,SOL,2026-07-02T00:03:40.373542+00:00,79.626458,1.993542,30,2.0,0.030000000000000006,0.04,0.07,False,True,False,0.0,4.84875,0.0,0.0,4.84875,0.06,0.07,0.0,0.0,-0.02424375,-0.02424375,4.84875,-0.005,all_assets_30s
5,0xeddf45555c913fd350e7cf2de8cc2e453f7937affb695b0837b68b3f138b0889,SOL,2026-07-02T00:05:10.366046+00:00,289.633954,1.995046,30,2.0,0.050000000000000044,0.58,0.63,False,True,False,0.0,1.875,0.0,0.0,1.875,0.63,0.64,0.0,0.0,-0.028125000000000018,-0.028125000000000018,1.875,-0.01500000000000001,all_assets_30s
5,0x497426deeacceee0f1a8e6366a0c2f647cffdb8708a1e0fd0a8efec9236abbe9,ETH,2026-07-02T00:10:28.364198+00:00,271.635802,1.992198,30,2.0,0.030000000000000027,0.52,0.55,True,True,True,9.97125,11.25,9.97125,0.0,1.2787500000000005,0.54,0.55,0.19942500000000024,0.0,-0.006393750000000003,0.19303125000000024,21.221249999999998,0.009096130058314202,all_assets_30s
5,0x0a96a6309db2806d5816262a9be5158cf060ed545d8aa3fbc7f5d498baea0533,BTC,2026-07-02T00:16:22.365631+00:00,217.634369,1.998631,30,2.0,0.03999999999999998,0.44,0.48,True,False,False,5.2837499999999995,0.0,0.0,5.2837499999999995,0.0,0.41,0.42,0.0,-0.1849312500000001,0.0,-0.1849312500000001,5.2837499999999995,-0.035000000000000024,all_assets_30s
5,0x0a96a6309db2806d5816262a9be5158cf060ed545d8aa3fbc7f5d498baea0533,BTC,2026-07-02T00:17:22.360857+00:00,157.639143,1.981857,30,2.0,0.04999999999999999,0.24,0.29,True,False,False,3.1237500000000002,0.0,0.0,3.1237500000000002,0.0,0.05,0.06,0.0,-0.6091312500000001,0.0,-0.6091312500000001,3.1237500000000002,-0.19500000000000003,all_assets_30s
5,0x8b5af4173a04225b7aee8413b0d4757c318f4614bbb8d97863f426a71f0fb839,BTC,2026-07-02T00:25:40.362601+00:00,259.637399,1.952601,30,2.0,0.08000000000000002,0.43,0.51,True,False,False,46.875,0.0,0.0,46.875,0.0,0.38,0.39,0.0,-2.5781249999999996,0.0,-2.5781249999999996,46.875,-0.05499999999999999,all_assets_30s
5,0x0b7afa9b0852f4da0eb237bf817bcb7f8aef5e68dd95d52baba20abc06c16376,SOL,2026-07-02T00:37:38.369529+00:00,141.630471,1.981529,30,2.0,0.050000000000000044,0.58,0.63,True,False,False,10.350000000000001,0.0,0.0,10.350000000000001,0.0,0.24,0.26,0.0,-3.5707500000000003,0.0,-3.5707500000000003,10.350000000000001,-0.345,all_assets_30s
5,0x42914c6bb1e2e530a0632a2cf66f2cd356443d6a9bb35294fc99bf559e6803c0,SOL,2026-07-02T00:41:58.364487+00:00,181.635513,1.869487,30,2.0,0.030000000000000027,0.64,0.67,True,True,True,6.0,46.875,6.0,0.0,40.875,0.67,0.68,0.12000000000000015,0.0,-0.6131250000000004,-0.4931250000000002,52.875,-0.009326241134751776,all_assets_30s
5,0x779a3c0e591ca9189edaa19b0c10ef05933d7da913be2fa30743a4df01d817d5,BTC,2026-07-02T00:42:16.375825+00:00,163.624175,1.998825,30,2.0,0.04999999999999999,0.37,0.42,True,True,True,16.98375,46.875,16.98375,0.0,29.89125,0.12,0.13,0.6793499999999998,-0.0,8.519006249999999,9.198356249999998,63.85875,0.14404222209172585,all_assets_30s
5,0x42914c6bb1e2e530a0632a2cf66f2cd356443d6a9bb35294fc99bf559e6803c0,SOL,2026-07-02T00:43:34.373354+00:00,85.626646,1.987354,30,2.0,0.04999999999999999,0.19,0.24,True,True,True,12.971250000000001,4.875,4.875,8.096250000000001,0.0,0.16,0.17,0.19499999999999992,-0.28336875,0.0,-0.08836875000000008,17.84625,-0.004951670519016604,all_assets_30s
5,0xcdc718a394d3473915d0c1dda22e25c0bd527eb715b59ac1bfeebc5b324016fd,BTC,2026-07-02T01:01:04.365697+00:00,235.634303,1.967697,30,2.0,0.040000000000000036,0.49,0.53,True,True,True,46.875,18.768749999999997,18.768749999999997,28.106250000000003,0.0,0.42,0.43,0.5630625000000006,-2.1079687500000004,0.0,-1.54490625,65.64375,-0.02353470437017995,all_assets_30s
5,0xef796963f52e4091ba04d330e44d0095d2394673cc4af0fd0a5fc393cbb133a7,BTC,2026-07-02T01:18:42.372615+00:00,77.627385,1.868615,30,2.0,0.050000000000000044,0.29,0.34,False,True,False,0.0,46.875,0.0,0.0,46.875,0.89,0.9,0.0,0.0,-26.484375000000004,-26.484375000000004,46.875,-0.5650000000000001,all_assets_30s
5,0x983e0264ab97aa4514966051d9e29b802de59fa829e3849ad4946a1a580cd11c,SOL,2026-07-02T01:26:16.365844+00:00,223.634156,1.979844,30,2.0,0.039999999999999925,0.78,0.82,True,True,True,34.589999999999996,1.875,1.875,32.714999999999996,0.0,0.72,0.73,0.056249999999999856,-2.1264750000000014,0.0,-2.0702250000000015,36.464999999999996,-0.05677293294940359,all_assets_30s
5,0x16d4ddd24beefbfa10b8270becafeb65d29d4091499bf24a4a362cbd66c9bf8b,BTC,2026-07-02T01:40:28.369068+00:00,271.630932,1.964068,30,2.0,0.039999999999999925,0.66,0.7,False,True,False,0.0,5.38875,0.0,0.0,5.38875,0.8,0.81,0.0,0.0,-0.6197062500000006,-0.6197062500000006,5.38875,-0.1150000000000001,all_assets_30s
5,0xaff024a7de1f32094d8355e7c0b9cdf14afde6663af11dac1f6a3ed674459103,SOL,2026-07-02T02:00:02.360622+00:00,297.639378,1.947622,30,2.0,0.10999999999999999,0.5,0.61,True,False,False,7.425000000000001,0.0,0.0,7.425000000000001,0.0,0.35,0.36,0.0,-1.1508750000000003,0.0,-1.1508750000000003,7.425000000000001,-0.15500000000000003,all_assets_30s
5,0x588452a01bc0dc9c74492e7cb2de03e19916cccbde3f63a07da20a4f9e2ce6b8,BTC,2026-07-02T02:16:34.364894+00:00,205.635106,1.974894,30,2.0,0.050000000000000044,0.59,0.64,False,True,False,0.0,39.480000000000004,0.0,0.0,39.480000000000004,0.81,0.82,0.0,0.0,-7.303799999999998,-7.303799999999998,39.480000000000004,-0.18499999999999994,all_assets_30s
5,0xf0d9104930e71c00c527df01b0b5f73b9bcd6ffee51248bbfc9deee1b77e5b2d,SOL,2026-07-02T02:22:06.371241+00:00,173.628759,1.934241,30,2.0,0.030000000000000027,0.71,0.74,True,False,False,4.199999999999999,0.0,0.0,4.199999999999999,0.0,0.58,0.6,0.0,-0.567,0.0,-0.567,4.199999999999999,-0.135,all_assets_30s
5,0x76b13b3c71447a69f1b18cf9490af78510aea595fe35d4047c2847755158b258,SOL,2026-07-02T02:51:12.362595+00:00,227.637405,1.502595,30,2.0,0.030000000000000027,0.29,0.32,True,True,True,8.595,36.525000000000006,8.595,0.0,27.930000000000007,0.58,0.59,0.17190000000000022,0.0,-7.680750000000001,-7.508850000000001,45.120000000000005,-0.16641954787234042,all_assets_30s
5,0xcde95bc4fa1b5a953bf65e4db1087f593529b0dbe4cc8c117f994627a62a3f20,SOL,2026-07-02T02:56:22.372155+00:00,217.627845,1.999155,30,2.0,0.030000000000000027,0.72,0.75,True,True,True,7.5,45.01875,7.5,0.0,37.51875,0.79,0.8,0.1500000000000002,0.0,-2.0635312500000014,-1.9135312500000012,52.51875,-0.03643520171367371,all_assets_30s
5,0xd69c5b7ce1b66fe7745e070b544d04de2517e4b2093ff8309c5573bb8b38ce57,SOL,2026-07-02T03:38:22.362953+00:00,97.637047,1.976953,30,2.0,0.04999999999999999,0.25,0.3,True,True,True,1.935,1.875,1.875,0.06000000000000005,0.0,0.93,0.94,0.07499999999999997,0.040500000000000036,-0.0,0.1155,3.81,0.03031496062992126,all_assets_30s
5,0xf0e9dccff018e5c4278fe0a0944bbe81681e11b39a2a1728429bdaa7c0edf7f8,SOL,2026-07-02T04:17:48.372098+00:00,131.627902,1.231098,30,2.0,0.05000000000000002,0.21,0.26,True,False,False,31.875,0.0,0.0,31.875,0.0,0.1,0.11,0.0,-3.665625,0.0,-3.665625,31.875,-0.11499999999999999,all_assets_30s
5,0xf0e9dccff018e5c4278fe0a0944bbe81681e11b39a2a1728429bdaa7c0edf7f8,SOL,2026-07-02T04:18:26.365604+00:00,93.634396,1.923604,30,2.0,0.030000000000000013,0.11,0.14,True,True,True,4.199999999999999,7.5,4.199999999999999,0.0,3.3000000000000007,0.04,0.05,0.08400000000000003,-0.0,0.2805000000000001,0.3645000000000001,11.7,0.031153846153846164,all_assets_30s
5,0xe537032fbc44977af44507c2ccedef2542cb83972838d6d9037a124ab728d63e,ETH,2026-07-02T07:40:30.364428+00:00,269.635572,1.161428,30,2.0,0.030000000000000027,0.48,0.51,False,True,False,0.0,46.875,0.0,0.0,46.875,0.63,0.64,0.0,0.0,-6.328125,-6.328125,46.875,-0.135,all_assets_30s
5,0x5f3247a638ffbca8686a579f296a64dcb98bf846f9e581643889ac6bcf0b20dd,ETH,2026-07-02T11:23:22.362512+00:00,97.637488,1.144512,30,2.0,0.030000000000000027,0.51,0.54,False,True,False,0.0,27.0,0.0,0.0,27.0,0.64,0.65,0.0,0.0,-3.1049999999999995,-3.1049999999999995,27.0,-0.11499999999999998,all_assets_30s
5,0x59d714d229297822fb05ffbb7386e21d896aefa24f0064d4c141bf982108e158,ETH,2026-07-02T11:42:50.365683+00:00,129.634317,1.501683,30,2.0,0.039999999999999925,0.55,0.59,True,True,True,46.875,18.1875,18.1875,28.6875,0.0,0.69,0.76,0.5456249999999986,3.872812499999997,-0.0,4.418437499999996,65.0625,0.06791066282420744,all_assets_30s
5,0x388d323376fdc87db1062a7cee56cd9ee26cb1a4a5ea7d342a550d48686794c4,ETH,2026-07-02T12:05:02.370201+00:00,297.629799,1.983201,30,2.0,0.06000000000000005,0.49,0.55,False,True,False,0.0,7.5,0.0,0.0,7.5,0.76,0.77,0.0,0.0,-1.6874999999999998,-1.6874999999999998,7.5,-0.22499999999999998,all_assets_30s
5,0xfdd4d7f9eadc398c0df23a59aadb9ee61a56855c54b6ac9520602a5973e42087,SOL,2026-07-02T12:32:08.372675+00:00,171.627325,1.901675,30,2.0,0.04,0.04,0.08,True,False,False,14.2275,0.0,0.0,14.2275,0.0,0.02,0.04,0.0,-0.3556875,0.0,-0.3556875,14.2275,-0.025,all_assets_30s
5,0xdaf0997753717b57a5481080f38ba33d4f2addc0a0d6b40dde8141282570bd68,ETH,2026-07-02T13:07:06.369890+00:00,173.63011,1.83289,30,2.0,0.030000000000000027,0.87,0.9,True,True,True,7.6875,1.875,1.875,5.8125,0.0,0.95,0.96,0.03750000000000005,0.43593749999999976,-0.0,0.4734374999999998,9.5625,0.049509803921568604,all_assets_30s
5,0xa5b6bad869be795d3251c6c3746c657170887453c6b7a0465faa101998f6e730,SOL,2026-07-02T13:32:24.371066+00:00,155.628934,1.676066,30,2.0,0.030000000000000027,0.95,0.98,True,False,False,3.75,0.0,0.0,3.75,0.0,0.91,0.93,0.0,-0.1687499999999997,0.0,-0.1687499999999997,3.75,-0.04499999999999992,all_assets_30s
5,0xba6acf8da6d345173ee24e2b41e7d98ae87fb2f39f6c0d1839c33229ec4b802b,SOL,2026-07-02T14:00:28.373418+00:00,271.626582,1.695418,30,2.0,0.030000000000000027,0.24,0.27,True,True,True,45.8175,11.100000000000001,11.100000000000001,34.7175,0.0,0.19,0.2,0.2220000000000003,-1.9094624999999996,0.0,-1.6874624999999992,56.917500000000004,-0.029647516141784146,all_assets_30s
5,0x05e80631298dc199e726e7de0889d93f56e9fd8ae85954d81cd331481e9094d2,BTC,2026-07-02T14:16:28.367019+00:00,211.632981,1.773019,30,2.0,0.040000000000000036,0.7,0.74,True,False,False,34.488749999999996,0.0,0.0,34.488749999999996,0.0,0.17,0.18,0.0,-18.451481249999993,0.0,-18.451481249999993,34.488749999999996,-0.5349999999999999,all_assets_30s
5,0x2fe107fbed98dce676cec877143f56698e156c7eee8c7c59e7b602983692e9d1,SOL,2026-07-02T14:46:12.364025+00:00,227.635975,1.484025,30,2.0,0.030000000000000027,0.74,0.77,True,True,True,6.0,13.03125,6.0,0.0,7.03125,0.81,0.82,0.12000000000000015,0.0,-0.3867187499999995,-0.26671874999999934,19.03125,-0.014014778325123118,all_assets_30s
5,0x7c406b25f4da88f9bb71595492d2cb6ab44f1613c5d1ff0320db19ae6ab728b1,BTC,2026-07-02T15:11:40.366780+00:00,199.63322,1.48978,30,2.0,0.030000000000000027,0.43,0.46,False,True,False,0.0,46.875,0.0,0.0,46.875,0.69,0.7,0.0,0.0,-11.484374999999996,-11.484374999999996,46.875,-0.2449999999999999,all_assets_30s
5,0xec3d81b7d8584b8f748c46ec6051575aea1b7f0b804846c1c856314c71820487,BTC,2026-07-02T15:17:18.367930+00:00,161.63207,1.58393,30,2.0,0.040000000000000036,0.29,0.33,True,False,False,27.8925,0.0,0.0,27.8925,0.0,0.12,0.13,0.0,-4.881187499999999,0.0,-4.881187499999999,27.8925,-0.175,all_assets_30s
1,0x5e2774ee02ae824e6540e1ed8b8763072ddef48e61e870f0633386de66d15fb4,BTC,2026-06-23T12:16:35.894027+00:00,204.105973,1.950027,15,2.0,0.06,0.36,0.42,True,False,False,46.875,0.0,0.0,46.875,0.0,0.28,0.29,0.0,-3.9843749999999982,0.0,-3.9843749999999982,46.875,-0.08499999999999996,btc_15s
1,0x5e2774ee02ae824e6540e1ed8b8763072ddef48e61e870f0633386de66d15fb4,BTC,2026-06-23T12:18:17.905722+00:00,102.094278,1.984722,15,2.0,0.12,0.38,0.5,True,False,False,46.875,0.0,0.0,46.875,0.0,0.15,0.16,0.0,-11.015625,0.0,-11.015625,46.875,-0.235,btc_15s
1,0x5e2774ee02ae824e6540e1ed8b8763072ddef48e61e870f0633386de66d15fb4,BTC,2026-06-23T12:18:25.898736+00:00,94.101264,1.999736,15,2.0,0.06,0.3,0.36,True,False,False,22.9575,0.0,0.0,22.9575,0.0,0.12,0.13,0.0,-4.2471375,0.0,-4.2471375,22.9575,-0.185,btc_15s
1,0xb250787b44f31fc05021ae28d88293c5c0dd9d36a10a81679aec6d0bbf4971d2,BTC,2026-06-23T12:28:59.892180+00:00,60.10782,1.99318,15,2.0,0.07,0.44,0.51,False,True,False,0.0,8.565,0.0,0.0,8.565,0.58,0.59,0.0,0.0,-0.7280249999999997,-0.7280249999999997,8.565,-0.08499999999999996,btc_15s
1,0x3e3c5b4e9aad3db7ad6e9df8a4935bcf974e5a9521f4e26d591017460a526084,BTC,2026-06-23T12:32:53.902151+00:00,126.097849,1.955151,15,2.0,0.06,0.41,0.47,True,True,True,1.5862500000000002,16.96875,1.5862500000000002,0.0,15.3825,0.48,0.49,0.07931250000000001,0.0,-0.3845625000000003,-0.3052500000000003,18.555,-0.016451091350040435,btc_15s
1,0x3e3c5b4e9aad3db7ad6e9df8a4935bcf974e5a9521f4e26d591017460a526084,BTC,2026-06-23T12:34:05.892696+00:00,54.107304,1.987696,15,2.0,0.06,0.34,0.4,True,True,True,46.875,9.5625,9.5625,37.3125,0.0,0.21,0.22,0.47812499999999997,-5.037187500000002,0.0,-4.559062500000001,56.4375,-0.08078073089700999,btc_15s
1,0x4844e81275247e30c313416b98b69e3d4f32d6e69c07edd066a7f9b77376346a,BTC,2026-06-23T12:36:35.897613+00:00,204.102387,1.994613,15,2.0,0.030000000000000027,0.7,0.73,True,True,True,46.875,29.786250000000003,29.786250000000003,17.088749999999997,0.0,0.82,0.83,0.5957250000000008,1.9652062499999996,-0.0,2.5609312500000003,76.66125,0.0334058112801448,btc_15s
1,0x4844e81275247e30c313416b98b69e3d4f32d6e69c07edd066a7f9b77376346a,BTC,2026-06-23T12:37:31.895559+00:00,148.104441,1.906559,15,2.0,0.039999999999999925,0.68,0.72,True,False,False,46.875,0.0,0.0,46.875,0.0,0.66,0.67,0.0,-1.1718750000000009,0.0,-1.1718750000000009,46.875,-0.02500000000000002,btc_15s
1,0x4844e81275247e30c313416b98b69e3d4f32d6e69c07edd066a7f9b77376346a,BTC,2026-06-23T12:38:25.896617+00:00,94.103383,1.935617,15,2.0,0.030000000000000027,0.57,0.6,True,True,True,46.875,7.875,7.875,39.0,0.0,0.23,0.24,0.1575000000000002,-13.454999999999998,0.0,-13.297499999999998,54.75,-0.2428767123287671,btc_15s
1,0x15cf859fb4b14945c272550356555a4cac11dc5ad478aaa67ee1e7ecc03291e4,BTC,2026-06-23T12:41:13.903495+00:00,226.096505,1.915495,15,2.0,0.040000000000000036,0.61,0.65,False,True,False,0.0,46.875,0.0,0.0,46.875,0.77,0.78,0.0,0.0,-6.328125,-6.328125,46.875,-0.135,btc_15s
1,0x15cf859fb4b14945c272550356555a4cac11dc5ad478aaa67ee1e7ecc03291e4,BTC,2026-06-23T12:41:25.907929+00:00,214.092071,1.391929,15,2.0,0.04999999999999993,0.67,0.72,False,True,False,0.0,7.89,0.0,0.0,7.89,0.68,0.69,0.0,0.0,0.1972500000000002,0.1972500000000002,7.89,0.025000000000000026,btc_15s
1,0x15cf859fb4b14945c272550356555a4cac11dc5ad478aaa67ee1e7ecc03291e4,BTC,2026-06-23T12:41:47.894137+00:00,192.105863,1.982137,15,2.0,0.030000000000000027,0.64,0.67,True,False,False,46.875,0.0,0.0,46.875,0.0,0.58,0.59,0.0,-3.0468750000000027,0.0,-3.0468750000000027,46.875,-0.06500000000000006,btc_15s
1,0xc128c8d97c7bea7629ec90c804eb83e6272fc62d486a386b9745b0145ec90c2b,BTC,2026-06-23T12:48:59.899934+00:00,60.100066,1.405934,15,2.0,0.04000000000000001,0.22,0.26,True,True,True,46.875,17.25,17.25,29.625,0.0,0.12,0.13,0.5175000000000001,-3.110625,0.0,-2.593125,64.125,-0.04043859649122807,btc_15s
1,0xed0cd82d0214b7604c2d30e0647762eee75b44dbf04328295e99a14c6e872803,BTC,2026-06-23T12:50:43.906348+00:00,256.093652,1.842348,15,2.0,0.04999999999999993,0.53,0.58,True,False,False,33.75,0.0,0.0,33.75,0.0,0.43,0.44,0.0,-3.543750000000001,0.0,-3.543750000000001,33.75,-0.10500000000000004,btc_15s
1,0x4becaa14ccbce45710a41da5e9bc5ddd9b8e927cef7cfb593a22c9b4a2262bdd,BTC,2026-06-23T13:00:23.896379+00:00,276.103621,1.477379,15,2.0,0.030000000000000027,0.5,0.53,True,True,True,14.415,46.875,14.415,0.0,32.46,0.59,0.61,0.28830000000000033,0.0,-2.7590999999999988,-2.4707999999999983,61.29,-0.040313264806656854,btc_15s
1,0x4fd4d7c3671685999a85ca0fa181489a2844d1b36fe6720b4e11a23e233de906,BTC,2026-06-23T13:05:55.908050+00:00,244.09195,1.30305,15,2.0,0.040000000000000036,0.51,0.55,True,False,False,46.875,0.0,0.0,46.875,0.0,0.41,0.42,0.0,-4.921875000000002,0.0,-4.921875000000002,46.875,-0.10500000000000004,btc_15s
1,0x4fd4d7c3671685999a85ca0fa181489a2844d1b36fe6720b4e11a23e233de906,BTC,2026-06-23T13:06:01.895071+00:00,238.104929,1.943071,15,2.0,0.030000000000000027,0.49,0.52,True,False,False,33.6825,0.0,0.0,33.6825,0.0,0.4,0.41,0.0,-3.199837499999999,0.0,-3.199837499999999,33.6825,-0.09499999999999997,btc_15s
1,0x37c039e975653ef2bafc2648afb23f156e134dea3391a9a5ba881ade74c10240,BTC,2026-06-23T13:21:31.907485+00:00,208.092515,1.692485,15,2.0,0.04999999999999999,0.36,0.41,True,True,True,15.0,9.5175,9.5175,5.4825,0.0,0.3,0.31,0.38069999999999987,-0.3563625,0.0,0.024337499999999845,24.5175,0.000992658305292132,btc_15s
1,0x37c039e975653ef2bafc2648afb23f156e134dea3391a9a5ba881ade74c10240,BTC,2026-06-23T13:23:55.902079+00:00,64.097921,1.982079,15,2.0,0.03999999999999998,0.28,0.32,True,False,False,11.3325,0.0,0.0,11.3325,0.0,0.1,0.11,0.0,-2.0965125000000002,0.0,-2.0965125000000002,11.3325,-0.18500000000000003,btc_15s
1,0x4f3194d5355ace143a5107746a0f6f3a8793899d758c54113e8a34810156942e,BTC,2026-06-23T13:25:07.897727+00:00,292.102273,1.908727,15,2.0,0.15,0.21,0.36,True,False,False,19.335,0.0,0.0,19.335,0.0,0.2,0.21,0.0,-0.29002499999999964,0.0,-0.29002499999999964,19.335,-0.01499999999999998,btc_15s
1,0xe163d62d0ecaaf665cea54c481d8d253a18655fefedcb5875504dabf87ce86bb,BTC,2026-06-23T13:30:45.899242+00:00,254.100758,1.321242,15,2.0,0.030000000000000027,0.47,0.5,True,False,False,45.83625,0.0,0.0,45.83625,0.0,0.38,0.39,0.0,-4.354443749999999,0.0,-4.354443749999999,45.83625,-0.09499999999999997,btc_15s
1,0xe163d62d0ecaaf665cea54c481d8d253a18655fefedcb5875504dabf87ce86bb,BTC,2026-06-23T13:31:45.901851+00:00,194.098149,1.676851,15,2.0,0.03999999999999998,0.4,0.44,False,True,False,0.0,19.740000000000002,0.0,0.0,19.740000000000002,0.96,0.97,0.0,0.0,-10.560900000000002,-10.560900000000002,19.740000000000002,-0.535,btc_15s
1,0x88dbe7f8d0445d72614b6ad7da6b35ceb2cb32fb98b52d78c84eacf420ee1f09,BTC,2026-06-23T13:35:39.903024+00:00,260.096976,1.681024,15,2.0,0.039999999999999925,0.65,0.69,False,True,False,0.0,2.35875,0.0,0.0,2.35875,0.68,0.69,0.0,0.0,-0.01179375,-0.01179375,2.35875,-0.005,btc_15s
1,0x3b31bbdfe744e6d8dd6c29da539e26cdfa55e699565be496a9ed2c2d3345266b,BTC,2026-06-23T13:40:15.894747+00:00,284.105253,1.629747,15,2.0,0.030000000000000027,0.41,0.44,False,True,False,0.0,46.875,0.0,0.0,46.875,0.52,0.53,0.0,0.0,-4.453125000000002,-4.453125000000002,46.875,-0.09500000000000004,btc_15s
1,0x3b31bbdfe744e6d8dd6c29da539e26cdfa55e699565be496a9ed2c2d3345266b,BTC,2026-06-23T13:42:13.905421+00:00,166.094579,1.970421,15,2.0,0.03999999999999998,0.28,0.32,False,True,False,0.0,2.2725,0.0,0.0,2.2725,0.51,0.53,0.0,0.0,-0.48858750000000006,-0.48858750000000006,2.2725,-0.21500000000000002,btc_15s
1,0xb4eacf7c806d5bb36b89f6c716ba7bb71bc0ab90e226c7589aeac5eec0d4160b,BTC,2026-06-23T13:48:13.901996+00:00,106.098004,1.714996,15,2.0,0.06999999999999995,0.52,0.59,False,True,False,0.0,26.25,0.0,0.0,26.25,0.77,0.78,0.0,0.0,-5.118750000000001,-5.118750000000001,26.25,-0.19500000000000003,btc_15s
1,0xf05b54a456f086f0f7ef0ad9d9d108baa9b170ae62a2b1147953a2b47065e7c2,BTC,2026-06-23T13:52:13.906731+00:00,166.093269,1.984731,15,2.0,0.030000000000000027,0.77,0.8,True,False,False,46.875,0.0,0.0,46.875,0.0,0.74,0.75,0.0,-1.640625000000001,0.0,-1.640625000000001,46.875,-0.035000000000000024,btc_15s
1,0xf05b54a456f086f0f7ef0ad9d9d108baa9b170ae62a2b1147953a2b47065e7c2,BTC,2026-06-23T13:52:19.894944+00:00,160.105056,1.851944,15,2.0,0.040000000000000036,0.72,0.76,False,True,False,0.0,11.25,0.0,0.0,11.25,0.87,0.88,0.0,0.0,-1.40625,-1.40625,11.25,-0.125,btc_15s
1,0x83d6ab48576b0528fdbad1fe7723b479b8174792a30c6942a6e1e03389784b08,BTC,2026-06-23T13:57:13.897242+00:00,166.102758,1.975242,15,2.0,0.040000000000000036,0.47,0.51,True,True,True,22.923750000000002,6.446250000000001,6.446250000000001,16.4775,0.0,0.41,0.43,0.19338750000000024,-1.0710375,0.0,-0.8776499999999998,29.370000000000005,-0.02988253319713993,btc_15s
1,0x83d6ab48576b0528fdbad1fe7723b479b8174792a30c6942a6e1e03389784b08,BTC,2026-06-23T13:57:37.893743+00:00,142.106257,1.953743,15,2.0,0.050000000000000044,0.49,0.54,False,True,False,0.0,32.0475,0.0,0.0,32.0475,0.59,0.6,0.0,0.0,-2.083087499999998,-2.083087499999998,32.0475,-0.06499999999999995,btc_15s
1,0x7e6fcdd5ed944c43e039d191b0d902b3bd2079a9264465cd4efa372206718c43,BTC,2026-06-23T14:01:13.907958+00:00,226.092042,1.960958,15,2.0,0.040000000000000036,0.7,0.74,True,True,True,28.9575,46.875,28.9575,0.0,17.9175,0.75,0.76,0.868725000000001,0.0,-0.4479375000000003,0.42078750000000065,75.8325,0.005548907130847601,btc_15s
1,0x7e6fcdd5ed944c43e039d191b0d902b3bd2079a9264465cd4efa372206718c43,BTC,2026-06-23T14:02:03.895219+00:00,176.104781,1.349219,15,2.0,0.030000000000000027,0.78,0.81,True,True,True,7.5,46.875,7.5,0.0,39.375,0.82,0.83,0.1500000000000002,0.0,-0.9843749999999963,-0.8343749999999961,54.375,-0.015344827586206825,btc_15s
1,0xf4f49639a383f1abeee1bb37a098bff9e49ba624ee52e50b6f367e21b735c5f7,BTC,2026-06-23T14:10:39.903384+00:00,260.096616,1.587384,15,2.0,0.030000000000000027,0.37,0.4,True,True,True,46.875,3.1237500000000002,3.1237500000000002,43.75125,0.0,0.42,0.43,0.06247500000000008,1.9688062499999996,-0.0,2.0312812499999997,49.99875,0.04062664066601664,btc_15s
1,0xf4f49639a383f1abeee1bb37a098bff9e49ba624ee52e50b6f367e21b735c5f7,BTC,2026-06-23T14:11:13.896586+00:00,226.103414,1.980586,15,2.0,0.04999999999999999,0.28,0.33,True,True,True,15.337499999999999,46.875,15.337499999999999,0.0,31.5375,0.24,0.25,0.6134999999999997,-0.0,2.3653125000000004,2.9788125,62.2125,0.04788125376732972,btc_15s
1,0xf4f49639a383f1abeee1bb37a098bff9e49ba624ee52e50b6f367e21b735c5f7,BTC,2026-06-23T14:13:25.894339+00:00,94.105661,1.957339,15,2.0,0.030000000000000027,0.57,0.6,True,True,True,19.035,3.75,3.75,15.285,0.0,0.6,0.61,0.0750000000000001,0.3821250000000004,-0.0,0.45712500000000045,22.785,0.020062541145490474,btc_15s
1,0xef16fc8b2b2338e6f703f4036d1bccf15742345781881fb477079de0a8060f4d,BTC,2026-06-23T14:17:33.905241+00:00,146.094759,1.988241,15,2.0,0.040000000000000036,0.6,0.64,True,True,True,15.75,46.875,15.75,0.0,31.125,0.64,0.68,0.47250000000000053,0.0,-1.4006250000000011,-0.9281250000000005,62.625,-0.014820359281437134,btc_15s
1,0xef16fc8b2b2338e6f703f4036d1bccf15742345781881fb477079de0a8060f4d,BTC,2026-06-23T14:17:57.901149+00:00,122.098851,1.947149,15,2.0,0.050000000000000044,0.7,0.75,False,True,False,0.0,46.875,0.0,0.0,46.875,0.81,0.82,0.0,0.0,-3.515624999999998,-3.515624999999998,46.875,-0.07499999999999996,btc_15s
1,0xd330c2097759830858dfcc98392dd560a9ed6073c480055cf67b47e638a43d81,BTC,2026-06-23T14:39:05.906033+00:00,54.093967,1.391033,15,2.0,0.030000000000000027,0.9,0.93,True,False,False,46.875,0.0,0.0,46.875,0.0,0.81,0.84,0.0,-4.453124999999999,0.0,-4.453124999999999,46.875,-0.09499999999999999,btc_15s
1,0x642224a52fade6557a6247bab8c52239c420862bc36bc3ee416c738c57195a1d,BTC,2026-06-23T14:43:19.897394+00:00,100.102606,1.976394,15,2.0,0.03999999999999998,0.44,0.48,False,True,False,0.0,1.875,0.0,0.0,1.875,0.54,0.59,0.0,0.0,-0.21562499999999998,-0.21562499999999998,1.875,-0.11499999999999999,btc_15s
1,0x27be06ec8002def53f202462228b63f7f1be2c0d606cdc02372583d42ed0887c,BTC,2026-06-23T14:48:13.899860+00:00,106.10014,1.35486,15,2.0,0.030000000000000027,0.31,0.34,False,True,False,0.0,31.53375,0.0,0.0,31.53375,0.6,0.61,0.0,0.0,-8.671781249999999,-8.671781249999999,31.53375,-0.27499999999999997,btc_15s
1,0x63e14eeb67286e35758b52a2c5d53fc557c30836f9bf57a1cead70ab3e3e7d09,BTC,2026-06-23T14:51:15.904879+00:00,224.095121,1.664879,15,2.0,0.030000000000000027,0.6,0.63,True,False,False,46.875,0.0,0.0,46.875,0.0,0.43,0.44,0.0,-8.203125,0.0,-8.203125,46.875,-0.175,btc_15s
1,0x1929fa4e32594b1e9811cb2199fbe6016e169c13190221429a2a274622d6b572,BTC,2026-06-23T14:58:17.901200+00:00,102.0988,0.7432,15,2.0,0.040000000000000036,0.74,0.78,True,False,False,7.875,0.0,0.0,7.875,0.0,0.51,0.52,0.0,-1.850625,0.0,-1.850625,7.875,-0.235,btc_15s
1,0x1929fa4e32594b1e9811cb2199fbe6016e169c13190221429a2a274622d6b572,BTC,2026-06-23T14:58:55.907630+00:00,64.09237,1.67763,15,2.0,0.030000000000000027,0.52,0.55,False,True,False,0.0,4.845,0.0,0.0,4.845,0.72,0.73,0.0,0.0,-0.8963249999999997,-0.8963249999999997,4.845,-0.18499999999999994,btc_15s
1,0x9a0e222ff0af3b4ffe137ba4572a85b096eee1f33ea85890f9ff16c83a02bc92,BTC,2026-06-23T15:11:29.896692+00:00,210.103308,1.651692,15,2.0,0.030000000000000027,0.53,0.56,True,False,False,32.306250000000006,0.0,0.0,32.306250000000006,0.0,0.51,0.52,0.0,-0.8076562500000007,0.0,-0.8076562500000007,32.306250000000006,-0.02500000000000002,btc_15s
1,0x9a0e222ff0af3b4ffe137ba4572a85b096eee1f33ea85890f9ff16c83a02bc92,BTC,2026-06-23T15:14:07.898776+00:00,52.101224,1.674776,15,2.0,0.07,0.31,0.38,True,True,True,5.625,24.195,5.625,0.0,18.57,0.42,0.43,0.3375,0.0,-1.0213499999999998,-0.6838499999999997,29.82,-0.022932595573440635,btc_15s
1,0x142fa1a5a2040d4bb0f82d42692bcc0738098cf5f3a65fb15520b4139e3e1704,BTC,2026-06-23T15:17:03.895874+00:00,176.104126,1.480874,15,2.0,0.03999999999999998,0.27,0.31,True,False,False,10.5,0.0,0.0,10.5,0.0,0.14,0.15,0.0,-1.4175,0.0,-1.4175,10.5,-0.135,btc_15s
1,0x9cc9bc6571bf90764d07b66e489e1ec356c81695ace8be7e10c52f199c8dfdbc,BTC,2026-06-23T15:26:49.903415+00:00,190.096585,1.921415,15,2.0,0.030000000000000027,0.73,0.76,True,True,True,8.8125,1.875,1.875,6.9375,0.0,0.82,0.83,0.03750000000000005,0.5896874999999997,-0.0,0.6271874999999998,10.6875,0.05868421052631577,btc_15s
1,0x81b974cba6d9421a3738bbc02f633a775b74f8577343415b65b84c57b003d298,BTC,2026-06-23T15:35:47.897704+00:00,252.102296,1.472704,15,2.0,0.030000000000000027,0.69,0.72,True,False,False,22.447499999999998,0.0,0.0,22.447499999999998,0.0,0.51,0.52,0.0,-4.152787499999999,0.0,-4.152787499999999,22.447499999999998,-0.18499999999999997,btc_15s
1,0x7da3576042b0dda6a5a68148b8df8a461115a15d14dc0f4e3cd0d86ab5d81fc9,BTC,2026-06-23T15:45:47.907336+00:00,252.092664,1.846336,15,2.0,0.030000000000000027,0.57,0.6,True,False,False,3.4124999999999996,0.0,0.0,3.4124999999999996,0.0,0.51,0.52,0.0,-0.2218124999999998,0.0,-0.2218124999999998,3.4124999999999996,-0.06499999999999995,btc_15s
1,0x2b2691f3b5961e282a14d4469cda5565cea421fc3bb67ed90e30c3fbd69ae472,BTC,2026-06-23T15:55:57.901802+00:00,242.098198,1.647802,15,2.0,0.040000000000000036,0.51,0.55,False,True,False,0.0,22.68,0.0,0.0,22.68,0.55,0.56,0.0,0.0,-0.3402000000000002,-0.3402000000000002,22.68,-0.01500000000000001,btc_15s
1,0xc6f223a5f8665707c2559934577e46186cea6dbdf5f1071f043016b445d9e370,BTC,2026-06-23T16:02:23.895452+00:00,156.104548,1.911452,15,2.0,0.06999999999999995,0.56,0.63,True,False,False,46.875,0.0,0.0,46.875,0.0,0.2,0.21,0.0,-17.109375000000004,0.0,-17.109375000000004,46.875,-0.3650000000000001,btc_15s
1,0x2836965e55f9be92c72d26d693e444caef8c559ea84ce95a223ff84060e56c5d,BTC,2026-06-23T16:26:55.905532+00:00,184.094468,1.256532,15,2.0,0.06,0.42,0.48,True,False,False,22.5,0.0,0.0,22.5,0.0,0.3,0.33,0.0,-2.8125,0.0,-2.8125,22.5,-0.125,btc_15s
1,0x4b6e8d2dd502f197e3b8ffc79d8e385d22173359f0faab93a82f29191f9bacea,BTC,2026-06-23T16:38:51.905687+00:00,68.094313,1.434687,15,2.0,0.03999999999999998,0.17,0.21,True,False,False,10.5,0.0,0.0,10.5,0.0,0.17,0.18,0.0,-0.0525,0.0,-0.0525,10.5,-0.005,btc_15s
1,0x78e9550ddc72a00fab7bb51fe507c2c13d55ee310e935bcae9dbe8e1aa3209dc,BTC,2026-06-23T16:42:19.897331+00:00,160.102669,1.553331,15,2.0,0.030000000000000027,0.58,0.61,False,True,False,0.0,1.6350000000000002,0.0,0.0,1.6350000000000002,0.68,0.69,0.0,0.0,-0.13897499999999996,-0.13897499999999996,1.6350000000000002,-0.08499999999999996,btc_15s
1,0x78e9550ddc72a00fab7bb51fe507c2c13d55ee310e935bcae9dbe8e1aa3209dc,BTC,2026-06-23T16:43:19.906596+00:00,100.093404,1.613596,15,2.0,0.08999999999999997,0.67,0.76,True,True,True,25.424999999999997,46.875,25.424999999999997,0.0,21.450000000000003,0.8,0.81,2.033999999999999,0.0,-1.179750000000001,0.854249999999998,72.3,0.011815352697095409,btc_15s
1,0x055b663118c591881b38a2ccd62e4aca964e02ca83c12418aa8b990f64c1b932,BTC,2026-06-23T17:20:25.907026+00:00,274.092974,1.126026,15,2.0,0.030000000000000027,0.52,0.55,True,True,True,15.0,46.875,15.0,0.0,31.875,0.51,0.52,0.3000000000000004,-0.0,0.7968750000000008,1.0968750000000012,61.875,0.017727272727272744,btc_15s
2,0x7ea5aaebb84391a40f9c9b8d359e0f7ea6568f9122da9062b8cd318af646dfba,BTC,2026-06-23T21:52:15.659166+00:00,164.340834,1.511166,15,2.0,0.040000000000000036,0.7,0.74,True,True,True,39.75,13.12125,13.12125,26.62875,0.0,0.6,0.61,0.3936375000000004,-2.7960187499999996,0.0,-2.402381249999999,52.87125,-0.04543832895950065,btc_15s
2,0x7ea5aaebb84391a40f9c9b8d359e0f7ea6568f9122da9062b8cd318af646dfba,BTC,2026-06-23T21:52:19.670104+00:00,160.329896,1.931104,15,2.0,0.04999999999999993,0.65,0.7,True,True,True,41.0625,6.96375,6.96375,34.09875,0.0,0.77,0.78,0.2785499999999995,3.92135625,-0.0,4.19990625,48.02625,0.08745022253455141,btc_15s
2,0x7ea5aaebb84391a40f9c9b8d359e0f7ea6568f9122da9062b8cd318af646dfba,BTC,2026-06-23T21:52:35.664960+00:00,144.33504,1.96396,15,2.0,0.05999999999999994,0.67,0.73,True,True,True,46.875,3.75,3.75,43.125,0.0,0.79,0.8,0.18749999999999978,4.959375,-0.0,5.146875,50.625,0.10166666666666666,btc_15s
3,0xfac222c67e9a366314d5012f7485349c5f0597ef38a8db54ab2eeb9d263fc9a0,BTC,2026-06-24T17:31:58.764409+00:00,181.235591,1.734409,15,2.0,0.03999999999999998,0.44,0.48,True,True,True,39.525000000000006,39.76875,39.525000000000006,0.0,0.24374999999999147,0.54,0.55,1.1857499999999992,0.0,-0.018281249999999378,1.1674687499999998,79.29375,0.014723338850792148,btc_15s
3,0x17dc5c06a8038c8b9fe98dc10caabed5e643e594aa096dfa257871e4e6fc79db,BTC,2026-06-24T18:05:14.753546+00:00,285.246454,1.467546,15,2.0,0.030000000000000027,0.52,0.55,True,False,False,46.875,0.0,0.0,46.875,0.0,0.37,0.38,0.0,-7.265625000000001,0.0,-7.265625000000001,46.875,-0.15500000000000003,btc_15s
3,0xc41c9a019d29f207af68d3fe15e8a2e6a671b543b88682b44b73f2e1c6e1fbdb,BTC,2026-06-24T19:00:08.758904+00:00,291.241096,1.871904,15,2.0,0.030000000000000027,0.6,0.63,True,True,True,18.75,34.875,18.75,0.0,16.125,0.59,0.6,0.37500000000000044,-0.0,0.4031250000000004,0.7781250000000008,53.625,0.014510489510489527,btc_15s
3,0xf5a2d3e44ab4d845157e3dbc553f80c96b82c88ec472c3525fda5efc7d394b40,BTC,2026-06-24T19:35:26.762448+00:00,273.237552,1.913448,15,2.0,0.04999999999999993,0.53,0.58,True,True,True,13.286249999999999,29.25,13.286249999999999,0.0,15.963750000000001,0.72,0.73,0.5314499999999991,0.0,-2.4743812500000004,-1.9429312500000013,42.536249999999995,-0.04567706955831794,btc_15s
3,0xf8776b5271ce59d683b9da736a42f8139c58e4093ad342ae1288f9addc1b3cfe,BTC,2026-06-24T20:10:42.757321+00:00,257.242679,1.938321,15,2.0,0.030000000000000027,0.65,0.68,True,True,True,1.6875,46.875,1.6875,0.0,45.1875,0.73,0.75,0.033750000000000044,0.0,-3.389062499999998,-3.355312499999998,48.5625,-0.06909266409266406,btc_15s
3,0xf8776b5271ce59d683b9da736a42f8139c58e4093ad342ae1288f9addc1b3cfe,BTC,2026-06-24T20:11:18.754143+00:00,221.245857,1.752143,15,2.0,0.030000000000000027,0.71,0.74,True,True,True,46.875,46.875,46.875,0.0,0.0,0.65,0.66,0.9375000000000011,-0.0,0.0,0.9375000000000011,93.75,0.010000000000000012,btc_15s
4,0xac9139c518e392a875f62e63f04cbce8023219154217711edb7fe2231ebd89c6,BTC,2026-06-25T20:18:46.807140+00:00,73.19286,1.98114,15,2.0,0.050000000000000044,0.61,0.66,True,True,True,11.25,0.17625,0.17625,11.07375,0.0,0.67,0.68,0.007050000000000007,0.6090562500000006,-0.0,0.6161062500000006,11.42625,0.053920249425664646,btc_15s
4,0x0e65bd8f2c35d139a7a6aaf971af2cf90bcdbc0253585f6e57c5df4eb16c2295,BTC,2026-06-25T20:31:32.817449+00:00,207.182551,1.215449,15,2.0,0.04999999999999999,0.31,0.36,True,False,False,2.1975000000000002,0.0,0.0,2.1975000000000002,0.0,0.18,0.19,0.0,-0.29666250000000005,0.0,-0.29666250000000005,2.1975000000000002,-0.135,btc_15s
4,0x5c6760aa2aa0934cdff18131065bcca70c100abc46876e1d086f2333ec5994d9,BTC,2026-06-25T21:02:08.815375+00:00,171.184625,1.799375,15,2.0,0.05999999999999994,0.51,0.57,True,True,True,5.4712499999999995,39.03,5.4712499999999995,0.0,33.55875,0.57,0.58,0.27356249999999965,0.0,-0.5033812500000003,-0.22981875000000068,44.50125,-0.0051643212269318435,btc_15s
4,0x62a2a6c1c832195bf6f619cca9b05658bbfeeb4a40b84d87f3a8dea103362915,BTC,2026-06-25T22:38:52.814237+00:00,67.185763,1.400237,15,2.0,0.050000000000000044,0.51,0.56,True,True,True,46.875,1.875,1.875,45.0,0.0,0.33,0.34,0.07500000000000008,-8.325,0.0,-8.25,48.75,-0.16923076923076924,btc_15s
4,0x6461cb20a000fc158e4d366c7bc9935b7b4774272b389fa2d5dde289d62d042c,BTC,2026-06-26T06:46:48.812102+00:00,191.187898,1.726102,15,2.0,0.03999999999999998,0.43,0.47,False,True,False,0.0,46.875,0.0,0.0,46.875,0.64,0.65,0.0,0.0,-8.671875000000002,-8.671875000000002,46.875,-0.18500000000000003,btc_15s
5,0xdc82514297e0235817b0c260d0771daa18aea7590d6e89abcc8c7273355ae68a,BTC,2026-07-01T21:36:54.368306+00:00,185.631694,1.983306,15,2.0,0.03999999999999998,0.37,0.41,False,True,False,0.0,3.75,0.0,0.0,3.75,0.52,0.53,0.0,0.0,-0.4687500000000002,-0.4687500000000002,3.75,-0.12500000000000006,btc_15s
5,0xdc82514297e0235817b0c260d0771daa18aea7590d6e89abcc8c7273355ae68a,BTC,2026-07-01T21:38:02.371563+00:00,117.628437,1.923563,15,2.0,0.030000000000000027,0.5,0.53,True,True,True,41.745,46.875,41.745,0.0,5.130000000000003,0.55,0.57,0.834900000000001,0.0,-0.23084999999999972,0.6040500000000013,88.62,0.006816181448882885,btc_15s
5,0xdc82514297e0235817b0c260d0771daa18aea7590d6e89abcc8c7273355ae68a,BTC,2026-07-01T21:38:50.365876+00:00,69.634124,1.993876,15,2.0,0.039999999999999925,0.93,0.97,True,True,True,43.11,46.875,43.11,0.0,3.7650000000000006,0.69,0.72,1.2932999999999966,-0.0,0.9224250000000002,2.215724999999997,89.985,0.024623270545090812,btc_15s
5,0xdc82514297e0235817b0c260d0771daa18aea7590d6e89abcc8c7273355ae68a,BTC,2026-07-01T21:39:06.367677+00:00,53.632323,1.984677,15,2.0,0.040000000000000036,0.73,0.77,True,False,False,4.7325,0.0,0.0,4.7325,0.0,0.69,0.7,0.0,-0.21296250000000017,0.0,-0.21296250000000017,4.7325,-0.04500000000000003,btc_15s
5,0x1e62581fd9a1f2400a72b0ace91b1149d1dd03a3202a315563efea9499e0e23b,BTC,2026-07-01T21:40:28.369988+00:00,271.630012,1.924988,15,2.0,0.07999999999999996,0.67,0.75,False,True,False,0.0,46.875,0.0,0.0,46.875,0.79,0.8,0.0,0.0,-2.5781250000000018,-2.5781250000000018,46.875,-0.055000000000000035,btc_15s
5,0x73f7d1cc0d6504cf2c207938cebb02a7bc6ab67576be605c9f3dcbc92bb18701,BTC,2026-07-01T21:45:46.372748+00:00,253.627252,1.899748,15,2.0,0.03999999999999998,0.44,0.48,True,True,True,17.37375,26.68875,17.37375,0.0,9.314999999999998,0.51,0.52,0.5212124999999996,0.0,-0.4191750000000002,0.10203749999999945,44.0625,0.002315744680851051,btc_15s
5,0x73f7d1cc0d6504cf2c207938cebb02a7bc6ab67576be605c9f3dcbc92bb18701,BTC,2026-07-01T21:45:50.368129+00:00,249.631871,1.954129,15,2.0,0.030000000000000027,0.37,0.4,True,True,True,4.72875,13.0425,4.72875,0.0,8.31375,0.49,0.5,0.09457500000000012,0.0,-0.8729437499999999,-0.7783687499999998,17.771250000000002,-0.04379932475205738,btc_15s
5,0x73f7d1cc0d6504cf2c207938cebb02a7bc6ab67576be605c9f3dcbc92bb18701,BTC,2026-07-01T21:46:50.367921+00:00,189.632079,1.980921,15,2.0,0.04999999999999999,0.31,0.36,True,True,True,19.38,1.875,1.875,17.505,0.0,0.47,0.48,0.07499999999999997,2.7132749999999994,-0.0,2.7882749999999996,21.255,0.131182074805928,btc_15s
5,0x47c5c4d1e64b9ad0d527ea83a9b281cf2ba73888df2eb450db55596e0bc1fb30,BTC,2026-07-01T21:50:52.366536+00:00,247.633464,1.964536,15,2.0,0.03999999999999998,0.37,0.41,True,True,True,37.905,31.125,31.125,6.780000000000001,0.0,0.43,0.44,0.9337499999999993,0.37290000000000006,-0.0,1.3066499999999994,69.03,0.01892872664059104,btc_15s
5,0x47c5c4d1e64b9ad0d527ea83a9b281cf2ba73888df2eb450db55596e0bc1fb30,BTC,2026-07-01T21:53:02.360460+00:00,117.63954,1.97346,15,2.0,0.08000000000000002,0.43,0.51,False,True,False,0.0,46.875,0.0,0.0,46.875,0.52,0.53,0.0,0.0,-1.1718750000000009,-1.1718750000000009,46.875,-0.02500000000000002,btc_15s
5,0x57f87262af3ca3fc831e294e631e17dfb34f697bedb03f86690993d1c41bf4c2,BTC,2026-07-01T22:02:42.364296+00:00,137.635704,1.993296,15,2.0,0.030000000000000027,0.36,0.39,True,True,True,4.893750000000001,9.375,4.893750000000001,0.0,4.481249999999999,0.47,0.48,0.09787500000000013,0.0,-0.4257187499999998,-0.32784374999999966,14.26875,-0.022976346911957924,btc_15s
5,0x10c113f82fddb4f657504528e4f2606f60bb665623e0824f5a0b56976d763f66,BTC,2026-07-01T22:21:28.362633+00:00,211.637367,1.925633,15,2.0,0.039999999999999925,0.92,0.96,True,True,True,17.576249999999998,46.875,17.576249999999998,0.0,29.298750000000002,0.97,0.98,0.5272874999999986,0.0,-0.7324687500000006,-0.20518125000000198,64.45125,-0.003183510793041283,btc_15s
5,0x10c113f82fddb4f657504528e4f2606f60bb665623e0824f5a0b56976d763f66,BTC,2026-07-01T22:22:04.369604+00:00,175.630396,1.974604,15,2.0,0.040000000000000036,0.88,0.92,True,False,False,46.875,0.0,0.0,46.875,0.0,0.85,0.87,0.0,-1.640625000000001,0.0,-1.640625000000001,46.875,-0.035000000000000024,btc_15s
5,0x2b139d670d2706c6264dad011bc4e96df04633695a4fc75b669830f39f6693ce,BTC,2026-07-01T22:25:38.363793+00:00,261.636207,1.986793,15,2.0,0.030000000000000027,0.49,0.52,True,True,True,46.875,3.75,3.75,43.125,0.0,0.32,0.33,0.0750000000000001,-7.546874999999999,0.0,-7.471874999999999,50.625,-0.14759259259259258,btc_15s
5,0x5330f3288d309b2bb246086f6cf4d139e782acd5b44784839259604ae5e9f369,BTC,2026-07-01T22:32:16.363810+00:00,163.63619,1.81981,15,2.0,0.06,0.38,0.44,False,True,False,0.0,30.521250000000002,0.0,0.0,30.521250000000002,0.54,0.58,0.0,0.0,-4.42558125,-4.42558125,30.521250000000002,-0.145,btc_15s
5,0x5330f3288d309b2bb246086f6cf4d139e782acd5b44784839259604ae5e9f369,BTC,2026-07-01T22:32:34.362150+00:00,145.63785,1.81315,15,2.0,0.039999999999999925,0.54,0.58,False,True,False,0.0,46.875,0.0,0.0,46.875,0.57,0.61,0.0,0.0,-1.640625000000001,-1.640625000000001,46.875,-0.035000000000000024,btc_15s
5,0x5330f3288d309b2bb246086f6cf4d139e782acd5b44784839259604ae5e9f369,BTC,2026-07-01T22:32:52.375172+00:00,127.624828,1.812172,15,2.0,0.040000000000000036,0.57,0.61,True,False,False,46.875,0.0,0.0,46.875,0.0,0.36,0.38,0.0,-10.078124999999998,0.0,-10.078124999999998,46.875,-0.21499999999999997,btc_15s
5,0x5330f3288d309b2bb246086f6cf4d139e782acd5b44784839259604ae5e9f369,BTC,2026-07-01T22:33:34.363032+00:00,85.636968,1.808032,15,2.0,0.040000000000000036,0.24,0.28,True,False,False,46.875,0.0,0.0,46.875,0.0,0.27,0.28,0.0,1.171875000000001,-0.0,1.171875000000001,46.875,0.025000000000000022,btc_15s
5,0x5330f3288d309b2bb246086f6cf4d139e782acd5b44784839259604ae5e9f369,BTC,2026-07-01T22:34:06.364736+00:00,53.635264,1.994736,15,2.0,0.05999999999999994,0.53,0.59,True,False,False,3.375,0.0,0.0,3.375,0.0,0.35,0.36,0.0,-0.6243750000000001,0.0,-0.6243750000000001,3.375,-0.18500000000000003,btc_15s
5,0x5330f3288d309b2bb246086f6cf4d139e782acd5b44784839259604ae5e9f369,BTC,2026-07-01T22:34:12.370398+00:00,47.629602,1.937398,15,2.0,0.040000000000000036,0.3,0.34,True,True,True,46.875,46.875,46.875,0.0,0.0,0.28,0.29,1.4062500000000016,-0.0,0.0,1.4062500000000016,93.75,0.015000000000000017,btc_15s
5,0xe3072e523d36860dd178a5f6847dc9be0321afd3a248065656c43a8deb2ae75b,BTC,2026-07-01T22:36:46.367268+00:00,193.632732,1.890268,15,2.0,0.04999999999999999,0.44,0.49,True,True,True,41.10375,46.875,41.10375,0.0,5.771250000000002,0.45,0.46,1.6441499999999993,0.0,0.1442812499999999,1.7884312499999993,87.97874999999999,0.020327991134222748,btc_15s
5,0xe3072e523d36860dd178a5f6847dc9be0321afd3a248065656c43a8deb2ae75b,BTC,2026-07-01T22:38:04.369579+00:00,115.630421,1.931579,15,2.0,0.07000000000000006,0.58,0.65,True,False,False,31.93875,0.0,0.0,31.93875,0.0,0.53,0.54,0.0,-1.7566312499999976,0.0,-1.7566312499999976,31.93875,-0.05499999999999993,btc_15s
5,0x52245415f9de36a925d4cf8a8b859a50fa3391e33f70f19fe954a2ab2112349a,BTC,2026-07-01T22:40:40.370075+00:00,259.629925,1.926075,15,2.0,0.04999999999999999,0.32,0.37,True,True,True,36.75,1.875,1.875,34.875,0.0,0.46,0.47,0.07499999999999997,4.708125,-0.0,4.783125,38.625,0.12383495145631068,btc_15s
5,0x52245415f9de36a925d4cf8a8b859a50fa3391e33f70f19fe954a2ab2112349a,BTC,2026-07-01T22:43:52.362308+00:00,67.637692,1.923308,15,2.0,0.14,0.53,0.67,True,False,False,9.75,0.0,0.0,9.75,0.0,0.2,0.21,0.0,-3.2662500000000003,0.0,-3.2662500000000003,9.75,-0.335,btc_15s
5,0x22736fe4dce6cd4b31924cb86abf13251094c68718dae2a44039cad34045e44a,BTC,2026-07-01T22:45:10.363063+00:00,289.636937,1.896063,15,2.0,0.040000000000000036,0.48,0.52,True,False,False,26.38875,0.0,0.0,26.38875,0.0,0.37,0.38,0.0,-3.03470625,0.0,-3.03470625,26.38875,-0.115,btc_15s
5,0x22736fe4dce6cd4b31924cb86abf13251094c68718dae2a44039cad34045e44a,BTC,2026-07-01T22:46:46.361761+00:00,193.638239,1.898761,15,2.0,0.09000000000000002,0.19,0.28,True,True,True,46.875,46.875,46.875,0.0,0.0,0.15,0.16,3.7500000000000013,-0.0,0.0,3.7500000000000013,93.75,0.040000000000000015,btc_15s
5,0x22736fe4dce6cd4b31924cb86abf13251094c68718dae2a44039cad34045e44a,BTC,2026-07-01T22:48:40.364288+00:00,79.635712,1.966288,15,2.0,0.030000000000000027,0.59,0.62,True,True,True,16.8375,7.5,7.5,9.337499999999999,0.0,0.44,0.45,0.1500000000000002,-1.4473124999999996,0.0,-1.2973124999999994,24.3375,-0.05330508474576269,btc_15s
5,0x58b9f09be68fe1124bb5e0856eda2f2e1f21c65a220053375a3f323519cbce6e,BTC,2026-07-01T22:50:42.364496+00:00,257.635504,1.994496,15,2.0,0.040000000000000036,0.24,0.28,True,True,True,46.875,12.75,12.75,34.125,0.0,0.25,0.26,0.38250000000000045,0.1706250000000003,0.0,0.5531250000000008,59.625,0.00927672955974844,btc_15s
5,0xd81bfffedc579dd0ad39ad0c57385a45c3b884f140bd8688cf40d05c81e27196,BTC,2026-07-01T22:57:14.371950+00:00,165.62805,1.99195,15,2.0,0.050000000000000044,0.49,0.54,True,True,True,11.25,46.875,11.25,0.0,35.625,0.54,0.55,0.45000000000000046,0.0,-0.5343750000000004,-0.08437499999999992,58.125,-0.001451612903225805,btc_15s
5,0xd81bfffedc579dd0ad39ad0c57385a45c3b884f140bd8688cf40d05c81e27196,BTC,2026-07-01T22:57:40.365435+00:00,139.634565,1.895435,15,2.0,0.030000000000000027,0.53,0.56,True,True,True,11.25,2.09625,2.09625,9.15375,0.0,0.59,0.6,0.04192500000000005,0.5034562499999995,-0.0,0.5453812499999996,13.34625,0.04086400674346724,btc_15s
5,0xd81bfffedc579dd0ad39ad0c57385a45c3b884f140bd8688cf40d05c81e27196,BTC,2026-07-01T22:58:14.363856+00:00,105.636144,1.999856,15,2.0,0.030000000000000027,0.64,0.67,False,True,False,0.0,21.048750000000002,0.0,0.0,21.048750000000002,0.83,0.84,0.0,0.0,-3.683531249999999,-3.683531249999999,21.048750000000002,-0.17499999999999993,btc_15s
5,0xfc8b3392f0bedad689e144a35adae140e439313fba94b2a3a48a3739841a8611,BTC,2026-07-01T23:43:46.375309+00:00,73.624691,1.993309,15,2.0,0.050000000000000044,0.7,0.75,True,True,True,46.875,46.875,46.875,0.0,0.0,0.76,0.77,1.875000000000002,0.0,-0.0,1.875000000000002,93.75,0.02000000000000002,btc_15s
5,0xd88ec5d3c8d59c27d4cc179c88f50865e5e0b82a6e0e78c38cd5074fdd195fdc,BTC,2026-07-01T23:51:22.363478+00:00,217.636522,1.998478,15,2.0,0.050000000000000044,0.41,0.46,True,True,True,18.71625,9.375,9.375,9.341249999999999,0.0,0.5,0.56,0.3750000000000004,0.79400625,-0.0,1.1690062500000005,28.09125,0.04161460419169672,btc_15s
5,0xd88ec5d3c8d59c27d4cc179c88f50865e5e0b82a6e0e78c38cd5074fdd195fdc,BTC,2026-07-01T23:51:40.360223+00:00,199.639777,1.966223,15,2.0,0.06000000000000005,0.5,0.56,True,False,False,25.068749999999998,0.0,0.0,25.068749999999998,0.0,0.3,0.31,0.0,-5.13909375,0.0,-5.13909375,25.068749999999998,-0.20500000000000002,btc_15s
5,0xd88ec5d3c8d59c27d4cc179c88f50865e5e0b82a6e0e78c38cd5074fdd195fdc,BTC,2026-07-01T23:53:22.366876+00:00,97.633124,1.936876,15,2.0,0.040000000000000036,0.42,0.46,True,True,True,6.592499999999999,4.7775,4.7775,1.8149999999999995,0.0,0.76,0.77,0.14332500000000015,0.6080249999999998,-0.0,0.75135,11.37,0.06608179419525066,btc_15s
5,0x0a96a6309db2806d5816262a9be5158cf060ed545d8aa3fbc7f5d498baea0533,BTC,2026-07-02T00:16:22.365631+00:00,217.634369,1.998631,15,2.0,0.03999999999999998,0.44,0.48,True,False,False,5.2837499999999995,0.0,0.0,5.2837499999999995,0.0,0.38,0.39,0.0,-0.34344375,0.0,-0.34344375,5.2837499999999995,-0.065,btc_15s
5,0x0a96a6309db2806d5816262a9be5158cf060ed545d8aa3fbc7f5d498baea0533,BTC,2026-07-02T00:17:22.360857+00:00,157.639143,1.981857,15,2.0,0.04999999999999999,0.24,0.29,True,False,False,3.1237500000000002,0.0,0.0,3.1237500000000002,0.0,0.09,0.11,0.0,-0.48418125,0.0,-0.48418125,3.1237500000000002,-0.155,btc_15s
5,0x8b5af4173a04225b7aee8413b0d4757c318f4614bbb8d97863f426a71f0fb839,BTC,2026-07-02T00:25:40.362601+00:00,259.637399,1.952601,15,2.0,0.08000000000000002,0.43,0.51,True,False,False,46.875,0.0,0.0,46.875,0.0,0.41,0.42,0.0,-1.1718750000000009,0.0,-1.1718750000000009,46.875,-0.02500000000000002,btc_15s
5,0xe4741fc1a704dbffe64189577815a82a925efd978f4b352c83e96d2533c9cfb8,BTC,2026-07-02T00:39:10.367048+00:00,49.632952,1.972048,15,2.0,0.06,0.3,0.36,True,False,False,2.40375,0.0,0.0,2.40375,0.0,0.12,0.13,0.0,-0.44469375,0.0,-0.44469375,2.40375,-0.185,btc_15s
5,0x779a3c0e591ca9189edaa19b0c10ef05933d7da913be2fa30743a4df01d817d5,BTC,2026-07-02T00:42:16.375825+00:00,163.624175,1.998825,15,2.0,0.04999999999999999,0.37,0.42,False,True,False,0.0,46.875,0.0,0.0,46.875,0.46,0.48,0.0,0.0,-3.046875,-3.046875,46.875,-0.065,btc_15s
5,0xcdc718a394d3473915d0c1dda22e25c0bd527eb715b59ac1bfeebc5b324016fd,BTC,2026-07-02T01:01:04.365697+00:00,235.634303,1.967697,15,2.0,0.040000000000000036,0.49,0.53,False,True,False,0.0,18.768749999999997,0.0,0.0,18.768749999999997,0.52,0.53,0.0,0.0,-0.09384374999999999,-0.09384374999999999,18.768749999999997,-0.005,btc_15s
5,0xef796963f52e4091ba04d330e44d0095d2394673cc4af0fd0a5fc393cbb133a7,BTC,2026-07-02T01:18:42.372615+00:00,77.627385,1.868615,15,2.0,0.050000000000000044,0.29,0.34,False,True,False,0.0,46.875,0.0,0.0,46.875,0.57,0.58,0.0,0.0,-11.484374999999996,-11.484374999999996,46.875,-0.2449999999999999,btc_15s
5,0x16d4ddd24beefbfa10b8270becafeb65d29d4091499bf24a4a362cbd66c9bf8b,BTC,2026-07-02T01:40:28.369068+00:00,271.630932,1.964068,15,2.0,0.039999999999999925,0.66,0.7,False,True,False,0.0,5.38875,0.0,0.0,5.38875,0.8,0.81,0.0,0.0,-0.6197062500000006,-0.6197062500000006,5.38875,-0.1150000000000001,btc_15s
5,0x588452a01bc0dc9c74492e7cb2de03e19916cccbde3f63a07da20a4f9e2ce6b8,BTC,2026-07-02T02:16:34.364894+00:00,205.635106,1.974894,15,2.0,0.050000000000000044,0.59,0.64,False,True,False,0.0,39.480000000000004,0.0,0.0,39.480000000000004,0.76,0.77,0.0,0.0,-5.3298000000000005,-5.3298000000000005,39.480000000000004,-0.135,btc_15s
5,0x7c406b25f4da88f9bb71595492d2cb6ab44f1613c5d1ff0320db19ae6ab728b1,BTC,2026-07-02T15:11:40.366780+00:00,199.63322,1.48978,15,2.0,0.030000000000000027,0.43,0.46,False,True,False,0.0,46.875,0.0,0.0,46.875,0.72,0.73,0.0,0.0,-12.890624999999998,-12.890624999999998,46.875,-0.27499999999999997,btc_15s
5,0xec3d81b7d8584b8f748c46ec6051575aea1b7f0b804846c1c856314c71820487,BTC,2026-07-02T15:17:18.367930+00:00,161.63207,1.58393,15,2.0,0.040000000000000036,0.29,0.33,True,False,False,27.8925,0.0,0.0,27.8925,0.0,0.2,0.22,0.0,-2.649787499999999,0.0,-2.649787499999999,27.8925,-0.09499999999999997,btc_15s
1,0x361e02b17b8c1de1305067c5fe90180c26464cc4107f64938641a1916efa3803,ETH,2026-06-23T12:08:59.899930+00:00,60.10007,1.95593,15,2.0,0.030000000000000027,0.52,0.55,True,True,True,41.325,10.125,10.125,31.200000000000003,0.0,0.44,0.45,0.20250000000000026,-2.652000000000001,0.0,-2.449500000000001,51.45,-0.04760932944606416,eth_15s
1,0x0b1577d1d5900112d6fa2f51a1489c6954c9030dc316a67f59c28f9bdc50478c,ETH,2026-06-23T12:32:41.897149+00:00,138.102851,1.376149,15,2.0,0.030000000000000027,0.61,0.64,True,False,False,0.026250000000000002,0.0,0.0,0.026250000000000002,0.0,0.46,0.47,0.0,-0.0040687499999999995,0.0,-0.0040687499999999995,0.026250000000000002,-0.15499999999999997,eth_15s
1,0x0b1577d1d5900112d6fa2f51a1489c6954c9030dc316a67f59c28f9bdc50478c,ETH,2026-06-23T12:32:51.895654+00:00,128.104346,1.525654,15,2.0,0.06,0.4,0.46,True,True,True,13.125,10.5,10.5,2.625,0.0,0.54,0.55,0.5249999999999999,0.354375,-0.0,0.8793749999999999,23.625,0.03722222222222222,eth_15s
1,0x8b41f43723ed2376613e6cb25752aa4b4d5e9bdb3889582ba5ba852357abbb7d,ETH,2026-06-23T12:46:23.903251+00:00,216.096749,1.954251,15,2.0,0.03999999999999998,0.38,0.42,True,True,True,6.2250000000000005,46.875,6.2250000000000005,0.0,40.65,0.41,0.42,0.1867499999999999,0.0,-0.20325,-0.016500000000000098,53.1,-0.000310734463276838,eth_15s
1,0x80fa400f1c512f05cf89f0b83cf25f099d35719621804264d78c3a62ac178851,ETH,2026-06-23T12:50:15.898123+00:00,284.101877,1.994123,15,2.0,0.04999999999999999,0.34,0.39,False,True,False,0.0,1.875,0.0,0.0,1.875,0.41,0.42,0.0,0.0,-0.06562499999999995,-0.06562499999999995,1.875,-0.03499999999999997,eth_15s
1,0x73b42a0c225c5bbb5c2aff5dd948437e2f5a7a84842dd54977e0f82fd802ce32,ETH,2026-06-23T12:58:49.905534+00:00,70.094466,1.649534,15,2.0,0.03999999999999998,0.26,0.3,True,True,True,1.755,45.825,1.755,0.0,44.07,0.35,0.36,0.05264999999999996,0.0,-2.86455,-2.8119,47.580000000000005,-0.0590983606557377,eth_15s
1,0xa181c96b1b50604725ce89ee53652d74ab1207fc0ddc1f5dab50a81e090cd265,ETH,2026-06-23T13:11:03.897840+00:00,236.10216,1.93484,15,2.0,0.030000000000000027,0.48,0.51,True,False,False,46.875,0.0,0.0,46.875,0.0,0.37,0.38,0.0,-5.390625,0.0,-5.390625,46.875,-0.115,eth_15s
1,0xa181c96b1b50604725ce89ee53652d74ab1207fc0ddc1f5dab50a81e090cd265,ETH,2026-06-23T13:12:43.898289+00:00,136.101711,1.956289,15,2.0,0.07999999999999996,0.51,0.59,False,True,False,0.0,4.5,0.0,0.0,4.5,0.65,0.68,0.0,0.0,-0.4275000000000004,-0.4275000000000004,4.5,-0.09500000000000008,eth_15s
1,0xa181c96b1b50604725ce89ee53652d74ab1207fc0ddc1f5dab50a81e090cd265,ETH,2026-06-23T13:13:01.907596+00:00,118.092404,1.984596,15,2.0,0.030000000000000027,0.65,0.68,True,True,True,15.375,38.441250000000004,15.375,0.0,23.066250000000004,0.84,0.85,0.3075000000000004,0.0,-4.036593749999999,-3.7290937499999983,53.816250000000004,-0.06929308062155944,eth_15s
1,0xd68e42d84a189dae829a6ea4842f2da8c132141897e3f6c1cbb9806b63d5d6a6,ETH,2026-06-23T13:35:35.907082+00:00,264.092918,1.924082,15,2.0,0.07999999999999996,0.5,0.58,False,True,False,0.0,18.375,0.0,0.0,18.375,0.55,0.56,0.0,0.0,0.2756249999999983,0.2756249999999983,18.375,0.014999999999999908,eth_15s
1,0x842fc6a521c178540e1304f49a44b481dfd0f2967e64ecc7d6c399ac5566011c,ETH,2026-06-23T13:48:17.896770+00:00,102.10323,1.69277,15,2.0,0.05999999999999994,0.88,0.94,True,False,False,3.1500000000000004,0.0,0.0,3.1500000000000004,0.0,0.88,0.89,0.0,-0.015750000000000004,0.0,-0.015750000000000004,3.1500000000000004,-0.005000000000000001,eth_15s
1,0x592c00187c88c06ce589b03765739bccd88d0e412caba5f25ecfc944ce7d6c58,ETH,2026-06-23T13:57:13.897242+00:00,166.102758,1.958242,15,2.0,0.030000000000000027,0.43,0.46,True,False,False,46.875,0.0,0.0,46.875,0.0,0.36,0.37,0.0,-3.5156250000000004,0.0,-3.5156250000000004,46.875,-0.07500000000000001,eth_15s
1,0xe397f03f9117ca8f23be992bb73ff8543e774c843bd35be5ac25c5164dfbcef6,ETH,2026-06-23T14:03:01.895429+00:00,118.104571,1.442429,15,2.0,0.039999999999999925,0.55,0.59,True,True,True,1.87875,14.625,1.87875,0.0,12.74625,0.56,0.57,0.05636249999999985,0.0,0.19119375000000022,0.24755625000000006,16.50375,0.015000000000000003,eth_15s
1,0x2cf5abb89aeac58f326dc59e7e56e2809d9a19c3cda6aa7583daec3bf28c69d8,ETH,2026-06-23T14:27:35.893699+00:00,144.106301,1.979699,15,2.0,0.050000000000000044,0.29,0.34,True,False,False,1.875,0.0,0.0,1.875,0.0,0.19,0.2,0.0,-0.19687499999999997,0.0,-0.19687499999999997,1.875,-0.10499999999999998,eth_15s
1,0x7e631284762b9f531b55a3452c474f8a593524c56c33084b21bc0b8361cdf4ec,ETH,2026-06-23T14:35:19.905755+00:00,280.094245,1.971755,15,2.0,0.08000000000000002,0.38,0.46,True,False,False,9.60375,0.0,0.0,9.60375,0.0,0.36,0.37,0.0,-0.24009375000000016,0.0,-0.24009375000000016,9.60375,-0.02500000000000002,eth_15s
1,0xb4d5a648cd2fec0f8e9664a8c526474c9831365c378b0d70267aeb0fe653940f,ETH,2026-06-23T14:44:05.905661+00:00,54.094339,1.984661,15,2.0,0.040000000000000036,0.5,0.54,False,True,False,0.0,40.125,0.0,0.0,40.125,0.52,0.53,0.0,0.0,0.20062500000000036,0.20062500000000036,40.125,0.005000000000000009,eth_15s
1,0xfd9746271a9908d5dd04d0f78c3e7c9def0518a9a4a4943500ffba66bc27dc76,ETH,2026-06-23T14:48:31.892127+00:00,88.107873,1.921127,15,2.0,0.03999999999999998,0.32,0.36,True,True,True,34.23375,44.35875,34.23375,0.0,10.125,0.44,0.45,1.0270124999999992,0.0,-0.9618750000000003,0.06513749999999896,78.5925,0.0008288004580589618,eth_15s
1,0x432b92706185086c282c01b2ad7e3ade54b6e1b584c617fe575f6e02d5ae5234,ETH,2026-06-23T14:53:31.902149+00:00,88.097851,1.737149,15,2.0,0.04000000000000001,0.22,0.26,True,False,False,21.75,0.0,0.0,21.75,0.0,0.19,0.2,0.0,-0.7612499999999999,0.0,-0.7612499999999999,21.75,-0.034999999999999996,eth_15s
1,0x7f7f0c6ac70aeb25657e59122ec1737300133c6f99ddb8a5facb738a5e33d207,ETH,2026-06-23T15:24:07.893461+00:00,52.106539,1.288461,15,2.0,0.030000000000000027,0.63,0.66,True,False,False,22.5,0.0,0.0,22.5,0.0,0.36,0.39,0.0,-6.187500000000001,0.0,-6.187500000000001,22.5,-0.275,eth_15s
1,0xc453bb86355b67f71cceac7ce0f68cca264043532145c6071daa7acaa9f1cfc8,ETH,2026-06-23T16:34:11.906930+00:00,48.09307,0.67893,15,2.0,0.08000000000000002,0.36,0.44,True,True,True,46.875,5.625,5.625,41.25,0.0,0.61,0.62,0.3937500000000001,10.10625,-0.0,10.5,52.5,0.2,eth_15s
1,0x67d6deb51d518dc45e9e9e28a7797ee6af3267b743807c04d4edb5c28af9fa11,ETH,2026-06-23T17:01:11.906232+00:00,228.093768,1.741232,15,2.0,0.06,0.26,0.32,False,True,False,0.0,46.875,0.0,0.0,46.875,0.47,0.48,0.0,0.0,-7.734374999999999,-7.734374999999999,46.875,-0.16499999999999998,eth_15s
1,0x4084025b22ec676c958a3036891b1dad62468eee2f24417abdd11262ccc5976a,ETH,2026-06-23T17:47:23.898905+00:00,156.101095,1.721905,15,2.0,0.03999999999999998,0.43,0.47,True,False,False,46.875,0.0,0.0,46.875,0.0,0.24,0.25,0.0,-9.140625,0.0,-9.140625,46.875,-0.195,eth_15s
2,0x0a9ca6cabfc86a5580cd27de1f73f9275a6bd970355b3aa923dab0be989fc01b,ETH,2026-06-23T22:57:01.661207+00:00,178.338793,1.940207,15,2.0,0.030000000000000027,0.74,0.77,False,True,False,0.0,7.0575,0.0,0.0,7.0575,0.94,0.95,0.0,0.0,-1.3056374999999996,-1.3056374999999996,7.0575,-0.18499999999999994,eth_15s
2,0x54326cb08942b3923240c4ca7a48a9b04edb1eb5e6b6f066ad89cf0e8b7714af,ETH,2026-06-23T23:05:03.669501+00:00,296.330499,1.905501,15,2.0,0.030000000000000027,0.49,0.52,True,False,False,3.8249999999999997,0.0,0.0,3.8249999999999997,0.0,0.16,0.17,0.0,-1.2813749999999997,0.0,-1.2813749999999997,3.8249999999999997,-0.33499999999999996,eth_15s
2,0x832a7cd08cfd92010cf656979a27390755f3132c8882eb33a1bfb27e29deb943,ETH,2026-06-24T02:10:21.666139+00:00,278.333861,1.934139,15,2.0,0.030000000000000027,0.58,0.61,False,True,False,0.0,11.25,0.0,0.0,11.25,0.64,0.65,0.0,0.0,-0.5062500000000004,-0.5062500000000004,11.25,-0.04500000000000004,eth_15s
3,0x908dc5044eab9d5768e59c6ce1b123363314b8f29a599760fb17a853f1bfbb15,ETH,2026-06-24T15:52:40.755652+00:00,139.244348,1.868652,15,2.0,0.039999999999999925,0.67,0.71,False,True,False,0.0,7.0912500000000005,0.0,0.0,7.0912500000000005,0.92,0.93,0.0,0.0,-1.5955312500000007,-1.5955312500000007,7.0912500000000005,-0.2250000000000001,eth_15s
3,0xa05cff8036c459cd240da3035dc85f2becf34afd9015231ad23fef6f39fa51c9,ETH,2026-06-25T00:36:18.754986+00:00,221.245014,1.622986,15,2.0,0.06,0.45,0.51,True,True,True,10.125,1.875,1.875,8.25,0.0,0.53,0.54,0.09374999999999999,0.6187500000000001,-0.0,0.7125000000000001,12.0,0.05937500000000001,eth_15s
4,0x9a45530cac4285dc440738508a907ab9c508f77712544054f5078c8bc3cba2da,ETH,2026-06-25T20:18:46.807140+00:00,73.19286,1.59214,15,2.0,0.039999999999999925,0.8,0.84,False,True,False,0.0,1.875,0.0,0.0,1.875,0.93,0.94,0.0,0.0,-0.19687499999999997,-0.19687499999999997,1.875,-0.10499999999999998,eth_15s
4,0xe55e471a6cadcca3373d39159a0dfcc503b3e77b929ad7f7a1c62922ef3a0b39,ETH,2026-06-25T20:36:42.812020+00:00,197.18798,1.96002,15,2.0,0.039999999999999925,0.81,0.85,True,True,True,18.75,7.5,7.5,11.25,0.0,0.88,0.89,0.22499999999999942,0.7312499999999994,-0.0,0.9562499999999988,26.25,0.03642857142857139,eth_15s
5,0xa98d1067cc7e61f9c9d64acae0972f0b6c65e4b9f07684fd30b0fff4ac936e9a,ETH,2026-07-01T21:27:18.367482+00:00,161.632518,1.917482,15,2.0,0.07,0.35,0.42,True,True,True,1.875,14.838750000000001,1.875,0.0,12.963750000000001,0.46,0.47,0.1125,0.0,-0.7130062499999998,-0.6005062499999998,16.71375,-0.03592887592551042,eth_15s
5,0xa98d1067cc7e61f9c9d64acae0972f0b6c65e4b9f07684fd30b0fff4ac936e9a,ETH,2026-07-01T21:27:58.371771+00:00,121.628229,1.955771,15,2.0,0.030000000000000027,0.43,0.46,False,True,False,0.0,1.4625,0.0,0.0,1.4625,0.72,0.73,0.0,0.0,-0.4021874999999999,-0.4021874999999999,1.4625,-0.27499999999999997,eth_15s
5,0xa98d1067cc7e61f9c9d64acae0972f0b6c65e4b9f07684fd30b0fff4ac936e9a,ETH,2026-07-01T21:28:18.373794+00:00,101.626206,1.985794,15,2.0,0.039999999999999925,0.66,0.7,True,True,True,4.5,2.25,2.25,2.25,0.0,0.73,0.74,0.06749999999999982,0.14624999999999988,-0.0,0.21374999999999972,6.75,0.03166666666666663,eth_15s
5,0x751d9e9775099c1841d5ea89e96b99a0f7258d3ddbb59043c6aa855bc5fe1664,ETH,2026-07-01T21:38:54.361771+00:00,65.638229,1.969771,15,2.0,0.030000000000000027,0.47,0.5,True,False,False,18.52875,0.0,0.0,18.52875,0.0,0.02,0.03,0.0,-8.43058125,0.0,-8.43058125,18.52875,-0.455,eth_15s
5,0x4c09abece310efe0c502e2b081a875d0020f5b30af3c45f19145efd6b791df0b,ETH,2026-07-01T21:40:24.371334+00:00,275.628666,1.988334,15,2.0,0.040000000000000036,0.52,0.56,True,True,True,13.548750000000002,10.12875,10.12875,3.4200000000000017,0.0,0.54,0.55,0.30386250000000037,0.05130000000000008,0.0,0.35516250000000044,23.677500000000002,0.015000000000000017,eth_15s
5,0xdf92f9514293b52fa02cd5e053b7e0ed46b9f94c13be09a814be51f9233eaef2,ETH,2026-07-01T21:45:02.364632+00:00,297.635368,1.992632,15,2.0,0.08999999999999997,0.39,0.48,False,True,False,0.0,20.34375,0.0,0.0,20.34375,0.52,0.53,0.0,0.0,-1.1189062500000009,-1.1189062500000009,20.34375,-0.05500000000000004,eth_15s
5,0xdf92f9514293b52fa02cd5e053b7e0ed46b9f94c13be09a814be51f9233eaef2,ETH,2026-07-01T21:45:56.370687+00:00,243.629313,1.982687,15,2.0,0.030000000000000027,0.5,0.53,True,True,True,46.875,3.1500000000000004,3.1500000000000004,43.725,0.0,0.42,0.44,0.06300000000000008,-3.716625000000001,0.0,-3.653625000000001,50.025,-0.07303598200899553,eth_15s
5,0xdf92f9514293b52fa02cd5e053b7e0ed46b9f94c13be09a814be51f9233eaef2,ETH,2026-07-01T21:48:22.367730+00:00,97.63227,1.84273,15,2.0,0.050000000000000044,0.61,0.66,True,False,False,12.0,0.0,0.0,12.0,0.0,0.4,0.41,0.0,-2.5799999999999996,0.0,-2.5799999999999996,12.0,-0.21499999999999997,eth_15s
5,0x8145a3bfddc61cdf01d45026aed596f0878c260884e8315caa000f5e42143a61,ETH,2026-07-01T22:32:34.362150+00:00,145.63785,1.80915,15,2.0,0.039999999999999925,0.55,0.59,True,False,False,4.875,0.0,0.0,4.875,0.0,0.52,0.53,0.0,-0.1706250000000001,0.0,-0.1706250000000001,4.875,-0.035000000000000024,eth_15s
5,0x5f54e9c6bb825b42eaa947650609662e0daac22136ca86081acb6d26fa1103bb,ETH,2026-07-01T22:53:10.370408+00:00,109.629592,1.915408,15,2.0,0.04000000000000001,0.16,0.2,True,True,True,46.875,1.875,1.875,45.0,0.0,0.09,0.1,0.05625000000000001,-3.3750000000000004,0.0,-3.3187500000000005,48.75,-0.06807692307692309,eth_15s
5,0x18575f68c1a711c9e8d8335c52a357b0e17bb43376b322212f58547d8733eafc,ETH,2026-07-01T23:16:04.371390+00:00,235.62861,1.95839,15,2.0,0.040000000000000036,0.73,0.77,True,False,False,8.25,0.0,0.0,8.25,0.0,0.76,0.77,0.0,0.2062500000000002,-0.0,0.2062500000000002,8.25,0.025000000000000026,eth_15s
5,0x7ea55c997691d4a613f8fc30b436f763ea1497b6d7fce656819b1493b05fc89e,ETH,2026-07-01T23:33:50.372684+00:00,69.627316,1.982684,15,2.0,0.03999999999999998,0.34,0.38,True,False,False,17.1,0.0,0.0,17.1,0.0,0.25,0.26,0.0,-1.6245000000000007,0.0,-1.6245000000000007,17.1,-0.09500000000000003,eth_15s
5,0xa8c5e47db8f8208d7345ef5021f0fb789ff3e8d3ad059f784547d3bbeb691b2b,ETH,2026-07-01T23:42:00.361022+00:00,179.638978,1.997022,15,2.0,0.050000000000000044,0.63,0.68,False,True,False,0.0,5.625,0.0,0.0,5.625,0.77,0.78,0.0,0.0,-0.590625,-0.590625,5.625,-0.105,eth_15s
5,0x0c4038723f7fecb3440b06827d85b4819961d6079d81bcc7a9d5d4debe22c47c,ETH,2026-07-01T23:46:16.360771+00:00,223.639229,1.928771,15,2.0,0.05000000000000002,0.21,0.26,True,False,False,8.8125,0.0,0.0,8.8125,0.0,0.13,0.14,0.0,-0.7490625,0.0,-0.7490625,8.8125,-0.08499999999999999,eth_15s
5,0x06921e008eb7fd22ca1c772410408cab9020483d6bc453a69d002a21f59d213f,ETH,2026-07-01T23:53:10.360683+00:00,109.639317,1.984683,15,2.0,0.039999999999999925,0.68,0.72,True,True,True,46.875,4.875,4.875,42.0,0.0,0.61,0.62,0.14624999999999963,-3.150000000000003,0.0,-3.0037500000000033,51.75,-0.05804347826086963,eth_15s
5,0x497426deeacceee0f1a8e6366a0c2f647cffdb8708a1e0fd0a8efec9236abbe9,ETH,2026-07-02T00:10:28.364198+00:00,271.635802,1.992198,15,2.0,0.030000000000000027,0.52,0.55,True,True,True,9.97125,11.25,9.97125,0.0,1.2787500000000005,0.56,0.57,0.19942500000000024,0.0,-0.03196874999999989,0.16745625000000036,21.221249999999998,0.00789097013606646,eth_15s
5,0xf5a212cf668b503264b793dbaf6142657854eb5cbfd864a184dc0a5821895673,ETH,2026-07-02T00:37:08.362917+00:00,171.637083,1.635917,15,2.0,0.030000000000000027,0.84,0.87,False,True,False,0.0,12.9375,0.0,0.0,12.9375,0.86,0.87,0.0,0.0,-0.0646875,-0.0646875,12.9375,-0.004999999999999999,eth_15s
5,0x5f3247a638ffbca8686a579f296a64dcb98bf846f9e581643889ac6bcf0b20dd,ETH,2026-07-02T11:23:22.362512+00:00,97.637488,1.144512,15,2.0,0.030000000000000027,0.51,0.54,False,True,False,0.0,27.0,0.0,0.0,27.0,0.73,0.74,0.0,0.0,-5.534999999999999,-5.534999999999999,27.0,-0.20499999999999996,eth_15s
5,0x59d714d229297822fb05ffbb7386e21d896aefa24f0064d4c141bf982108e158,ETH,2026-07-02T11:42:50.365683+00:00,129.634317,1.501683,15,2.0,0.039999999999999925,0.55,0.59,True,True,True,46.875,18.1875,18.1875,28.6875,0.0,0.61,0.62,0.5456249999999986,1.5778124999999985,-0.0,2.123437499999997,65.0625,0.03263688760806912,eth_15s
5,0x388d323376fdc87db1062a7cee56cd9ee26cb1a4a5ea7d342a550d48686794c4,ETH,2026-07-02T12:05:02.370201+00:00,297.629799,1.983201,15,2.0,0.06000000000000005,0.49,0.55,False,True,False,0.0,7.5,0.0,0.0,7.5,0.63,0.64,0.0,0.0,-0.7124999999999998,-0.7124999999999998,7.5,-0.09499999999999997,eth_15s
5,0xdaf0997753717b57a5481080f38ba33d4f2addc0a0d6b40dde8141282570bd68,ETH,2026-07-02T13:07:06.369890+00:00,173.63011,1.83289,15,2.0,0.030000000000000027,0.87,0.9,True,True,True,7.6875,1.875,1.875,5.8125,0.0,0.96,0.97,0.03750000000000005,0.4940624999999998,-0.0,0.5315624999999998,9.5625,0.055588235294117626,eth_15s
1,0x10b94fc16e760e9861168bfa5c164715dc694173a5fdfb9586e93161a4972310,SOL,2026-06-23T12:15:57.897492+00:00,242.102508,1.959492,15,2.0,0.03999999999999998,0.31,0.35,True,True,True,39.6825,6.75,6.75,32.9325,0.0,0.36,0.37,0.20249999999999985,1.4819624999999996,-0.0,1.6844624999999995,46.4325,0.03627766112098206,sol_15s
1,0x10b94fc16e760e9861168bfa5c164715dc694173a5fdfb9586e93161a4972310,SOL,2026-06-23T12:16:01.894099+00:00,238.105901,1.871099,15,2.0,0.06000000000000005,0.5,0.56,True,False,False,6.300000000000001,0.0,0.0,6.300000000000001,0.0,0.26,0.27,0.0,-1.5435,0.0,-1.5435,6.300000000000001,-0.245,sol_15s
1,0x10b94fc16e760e9861168bfa5c164715dc694173a5fdfb9586e93161a4972310,SOL,2026-06-23T12:16:13.898557+00:00,226.101443,1.882557,15,2.0,0.06,0.29,0.35,True,True,True,46.875,1.875,1.875,45.0,0.0,0.29,0.3,0.09374999999999999,-0.225,0.0,-0.13125000000000003,48.75,-0.002692307692307693,sol_15s
1,0x99510e817d4c96ff676c7c7ba8a244dbf522bf7e5724c76b35c045058a8526b9,SOL,2026-06-23T12:20:03.893105+00:00,296.106895,1.993105,15,2.0,0.07999999999999996,0.33,0.41,True,False,False,7.5,0.0,0.0,7.5,0.0,0.28,0.29,0.0,-0.4124999999999999,0.0,-0.4124999999999999,7.5,-0.054999999999999986,sol_15s
1,0x99510e817d4c96ff676c7c7ba8a244dbf522bf7e5724c76b35c045058a8526b9,SOL,2026-06-23T12:21:09.906928+00:00,230.093072,1.952928,15,2.0,0.04000000000000001,0.22,0.26,True,False,False,43.275000000000006,0.0,0.0,43.275000000000006,0.0,0.18,0.19,0.0,-1.9473750000000005,0.0,-1.9473750000000005,43.275000000000006,-0.045000000000000005,sol_15s
1,0x99510e817d4c96ff676c7c7ba8a244dbf522bf7e5724c76b35c045058a8526b9,SOL,2026-06-23T12:22:01.898744+00:00,178.101256,1.632744,15,2.0,0.03999999999999998,0.17,0.21,True,False,False,6.89625,0.0,0.0,6.89625,0.0,0.12,0.14,0.0,-0.3792937500000001,0.0,-0.3792937500000001,6.89625,-0.055000000000000014,sol_15s
1,0x08fe30d5c954ada626d77ab55b26f340bb66ce49c2187b5fd51357aa18934651,SOL,2026-06-23T12:26:41.905352+00:00,198.094648,1.993352,15,2.0,0.09999999999999998,0.39,0.49,False,True,False,0.0,1.03875,0.0,0.0,1.03875,0.5,0.51,0.0,0.0,-0.02596875000000002,-0.02596875000000002,1.03875,-0.02500000000000002,sol_15s
1,0x08fe30d5c954ada626d77ab55b26f340bb66ce49c2187b5fd51357aa18934651,SOL,2026-06-23T12:27:01.902008+00:00,178.097992,1.934008,15,2.0,0.04999999999999993,0.52,0.57,True,False,False,1.875,0.0,0.0,1.875,0.0,0.46,0.5,0.0,-0.12187500000000001,0.0,-0.12187500000000001,1.875,-0.065,sol_15s
1,0x08fe30d5c954ada626d77ab55b26f340bb66ce49c2187b5fd51357aa18934651,SOL,2026-06-23T12:27:13.907779+00:00,166.092221,1.947779,15,2.0,0.06,0.41,0.47,True,True,True,18.75,35.625,18.75,0.0,16.875,0.46,0.52,0.9374999999999999,0.0,-0.9281250000000008,0.009374999999999134,54.375,0.00017241379310343235,sol_15s
1,0x08fe30d5c954ada626d77ab55b26f340bb66ce49c2187b5fd51357aa18934651,SOL,2026-06-23T12:27:19.895069+00:00,160.104931,1.943069,15,2.0,0.03999999999999998,0.46,0.5,True,True,True,29.76375,3.75,3.75,26.01375,0.0,0.46,0.48,0.11249999999999992,-0.13006875,0.0,-0.01756875000000009,33.51375,-0.0005242251314758894,sol_15s
1,0x08fe30d5c954ada626d77ab55b26f340bb66ce49c2187b5fd51357aa18934651,SOL,2026-06-23T12:27:43.897644+00:00,136.102356,1.429644,15,2.0,0.06999999999999995,0.4,0.47,False,True,False,0.0,25.222500000000004,0.0,0.0,25.222500000000004,0.46,0.5,0.0,0.0,-0.8827875000000007,-0.8827875000000007,25.222500000000004,-0.035000000000000024,sol_15s
1,0x08fe30d5c954ada626d77ab55b26f340bb66ce49c2187b5fd51357aa18934651,SOL,2026-06-23T12:28:11.900393+00:00,108.099607,1.990393,15,2.0,0.050000000000000044,0.61,0.66,True,True,True,1.875,20.625,1.875,0.0,18.75,0.77,0.86,0.07500000000000008,0.0,-3.843749999999999,-3.768749999999999,22.5,-0.16749999999999995,sol_15s
1,0xc343baf5a3c07eed88ed83884d909c1d89e3a4e48a2faa1fcb8c2dd0e3160d80,SOL,2026-06-23T12:31:09.896288+00:00,230.103712,1.989288,15,2.0,0.030000000000000027,0.62,0.65,False,True,False,0.0,3.75,0.0,0.0,3.75,0.8,0.81,0.0,0.0,-0.6187500000000001,-0.6187500000000001,3.75,-0.16500000000000004,sol_15s
1,0xc343baf5a3c07eed88ed83884d909c1d89e3a4e48a2faa1fcb8c2dd0e3160d80,SOL,2026-06-23T12:32:51.895654+00:00,128.104346,1.997654,15,2.0,0.030000000000000027,0.52,0.55,True,True,True,1.875,42.57,1.875,0.0,40.695,0.56,0.57,0.03750000000000005,0.0,-1.0173749999999961,-0.979874999999996,44.445,-0.022046911913600992,sol_15s
1,0xc343baf5a3c07eed88ed83884d909c1d89e3a4e48a2faa1fcb8c2dd0e3160d80,SOL,2026-06-23T12:33:41.904355+00:00,78.095645,1.992355,15,2.0,0.07,0.27,0.34,True,False,False,3.3225,0.0,0.0,3.3225,0.0,0.26,0.31,0.0,-0.04983750000000003,0.0,-0.04983750000000003,3.3225,-0.01500000000000001,sol_15s
1,0xae43ffcf998c518115309c5630c17b537ec93ac78085175665df09baab0a9b5d,SOL,2026-06-23T12:35:03.902206+00:00,296.097794,1.969206,15,2.0,0.08999999999999997,0.4,0.49,False,True,False,0.0,30.0,0.0,0.0,30.0,0.64,0.65,0.0,0.0,-4.950000000000001,-4.950000000000001,30.0,-0.16500000000000004,sol_15s
1,0xae43ffcf998c518115309c5630c17b537ec93ac78085175665df09baab0a9b5d,SOL,2026-06-23T12:38:31.899878+00:00,88.100122,1.898878,15,2.0,0.039999999999999925,0.81,0.85,True,False,False,2.0999999999999996,0.0,0.0,2.0999999999999996,0.0,0.51,0.52,0.0,-0.6405,0.0,-0.6405,2.0999999999999996,-0.30500000000000005,sol_15s
1,0xae43ffcf998c518115309c5630c17b537ec93ac78085175665df09baab0a9b5d,SOL,2026-06-23T12:38:41.896331+00:00,78.103669,1.996331,15,2.0,0.030000000000000027,0.57,0.6,True,False,False,8.82,0.0,0.0,8.82,0.0,0.45,0.46,0.0,-1.1024999999999996,0.0,-1.1024999999999996,8.82,-0.12499999999999994,sol_15s
1,0xaf3940c3649b4c89eef41e58ce8866c94b7ee1259a9abed62d3efe93942c1076,SOL,2026-06-23T12:43:47.907595+00:00,72.092405,1.564595,15,2.0,0.040000000000000036,0.71,0.75,True,False,False,4.199999999999999,0.0,0.0,4.199999999999999,0.0,0.67,0.69,0.0,-0.18899999999999964,0.0,-0.18899999999999964,4.199999999999999,-0.04499999999999992,sol_15s
1,0xecd018b95fc8eb0027d26d356a24d1acbe9a0dec52bd69916a6f3f224cffab99,SOL,2026-06-23T12:45:03.900322+00:00,296.099678,1.988322,15,2.0,0.04999999999999999,0.37,0.42,True,False,False,3.75,0.0,0.0,3.75,0.0,0.22,0.23,0.0,-0.58125,0.0,-0.58125,3.75,-0.155,sol_15s
1,0xecd018b95fc8eb0027d26d356a24d1acbe9a0dec52bd69916a6f3f224cffab99,SOL,2026-06-23T12:45:09.904229+00:00,290.095771,1.416229,15,2.0,0.030000000000000027,0.3,0.33,True,True,True,4.199999999999999,5.25,4.199999999999999,0.0,1.0500000000000007,0.26,0.27,0.08400000000000009,-0.0,0.05775000000000004,0.14175000000000013,9.45,0.015000000000000015,sol_15s
1,0x15a852526dd1af8d62e66b9376aac4181687555c1f0228c12e65af0f5c9aa5ac,SOL,2026-06-23T12:55:03.894069+00:00,296.105931,1.846069,15,2.0,0.08000000000000002,0.41,0.49,False,True,False,0.0,1.875,0.0,0.0,1.875,0.61,0.62,0.0,0.0,-0.25312500000000004,-0.25312500000000004,1.875,-0.13500000000000004,sol_15s
1,0x15a852526dd1af8d62e66b9376aac4181687555c1f0228c12e65af0f5c9aa5ac,SOL,2026-06-23T12:55:07.907215+00:00,292.092785,1.854215,15,2.0,0.040000000000000036,0.58,0.62,False,True,False,0.0,5.25,0.0,0.0,5.25,0.68,0.75,0.0,0.0,-0.70875,-0.70875,5.25,-0.135,sol_15s
1,0x15a852526dd1af8d62e66b9376aac4181687555c1f0228c12e65af0f5c9aa5ac,SOL,2026-06-23T12:55:25.898261+00:00,274.101739,1.797261,15,2.0,0.06999999999999995,0.68,0.75,False,False,False,0.0,0.0,0.0,0.0,0.0,0.72,0.73,0.0,0.0,0.0,0.0,0.0,0.0,sol_15s
1,0x15a852526dd1af8d62e66b9376aac4181687555c1f0228c12e65af0f5c9aa5ac,SOL,2026-06-23T12:58:33.907532+00:00,86.092468,1.984532,15,2.0,0.030000000000000027,0.7,0.73,True,True,True,2.6774999999999998,3.61125,2.6774999999999998,0.0,0.9337500000000003,0.66,0.67,0.05355000000000006,-0.0,0.051356249999999964,0.10490625000000003,6.28875,0.016681574239713778,sol_15s
1,0x8a7f53ee1409e47189a78153af906e050ef7462241f1c09bd35b633acd3bc92b,SOL,2026-06-23T13:00:07.895392+00:00,292.104608,1.970392,15,2.0,0.039999999999999925,0.53,0.57,True,False,False,31.875,0.0,0.0,31.875,0.0,0.38,0.39,0.0,-4.940625000000001,0.0,-4.940625000000001,31.875,-0.15500000000000003,sol_15s
1,0x8a7f53ee1409e47189a78153af906e050ef7462241f1c09bd35b633acd3bc92b,SOL,2026-06-23T13:02:09.906762+00:00,170.093238,1.759762,15,2.0,0.030000000000000027,0.63,0.66,True,False,False,1.875,0.0,0.0,1.875,0.0,0.47,0.48,0.0,-0.30937500000000007,0.0,-0.30937500000000007,1.875,-0.16500000000000004,sol_15s
1,0x8a7f53ee1409e47189a78153af906e050ef7462241f1c09bd35b633acd3bc92b,SOL,2026-06-23T13:02:13.903194+00:00,166.096806,1.588194,15,2.0,0.04999999999999993,0.56,0.61,True,True,True,3.75,36.948750000000004,3.75,0.0,33.198750000000004,0.6,0.62,0.14999999999999974,0.0,-0.4979812500000004,-0.34798125000000063,40.698750000000004,-0.00855017045978072,sol_15s
1,0x8a7f53ee1409e47189a78153af906e050ef7462241f1c09bd35b633acd3bc92b,SOL,2026-06-23T13:03:09.907249+00:00,110.092751,1.806249,15,2.0,0.030000000000000027,0.24,0.27,False,True,False,0.0,1.875,0.0,0.0,1.875,0.31,0.32,0.0,0.0,-0.10312499999999998,-0.10312499999999998,1.875,-0.054999999999999986,sol_15s
1,0x727978f32b3cfb4b23904e9fbb7a25c7e81b96f62ed64bac9e08b956b129a6b7,SOL,2026-06-23T13:08:13.902137+00:00,106.097863,1.912137,15,2.0,0.07,0.39,0.46,True,False,False,32.745,0.0,0.0,32.745,0.0,0.35,0.36,0.0,-1.4735250000000009,0.0,-1.4735250000000009,32.745,-0.04500000000000003,sol_15s
1,0x5bc7efe5fd83a4cc2acda5eb941741ded2f2bc13480edb30a9094a4ffc6760e5,SOL,2026-06-23T13:10:55.905110+00:00,244.09489,1.96111,15,2.0,0.030000000000000027,0.52,0.55,True,True,True,11.145,1.875,1.875,9.27,0.0,0.47,0.49,0.03750000000000005,-0.5098500000000004,0.0,-0.4723500000000003,13.02,-0.036278801843318,sol_15s
1,0x5bc7efe5fd83a4cc2acda5eb941741ded2f2bc13480edb30a9094a4ffc6760e5,SOL,2026-06-23T13:12:43.898289+00:00,136.101711,1.955289,15,2.0,0.030000000000000027,0.78,0.81,False,True,False,0.0,30.645,0.0,0.0,30.645,0.87,0.88,0.0,0.0,-2.2983749999999987,-2.2983749999999987,30.645,-0.07499999999999996,sol_15s
1,0x2d16687a3f795d239477aa6eb15a4d61ada629bae0156c2ca521695551cc4ceb,SOL,2026-06-23T13:20:07.900638+00:00,292.099362,1.971638,15,2.0,0.04999999999999993,0.56,0.61,True,False,False,1.875,0.0,0.0,1.875,0.0,0.46,0.47,0.0,-0.19687500000000008,0.0,-0.19687500000000008,1.875,-0.10500000000000004,sol_15s
1,0x9733b42d1fb76098059e7c11035a934014328e6843926418cd749e9d4c930fc6,SOL,2026-06-23T13:27:05.901936+00:00,174.098064,1.346936,15,2.0,0.040000000000000036,0.64,0.68,True,True,True,6.19875,2.65125,2.65125,3.5475000000000003,0.0,0.6,0.61,0.0795375000000001,-0.15963750000000013,0.0,-0.08010000000000003,8.850000000000001,-0.009050847457627121,sol_15s
1,0x9733b42d1fb76098059e7c11035a934014328e6843926418cd749e9d4c930fc6,SOL,2026-06-23T13:27:09.899493+00:00,170.100507,1.694493,15,2.0,0.09999999999999998,0.64,0.74,True,False,False,2.25,0.0,0.0,2.25,0.0,0.6,0.61,0.0,-0.10125000000000008,0.0,-0.10125000000000008,2.25,-0.04500000000000003,sol_15s
1,0x9733b42d1fb76098059e7c11035a934014328e6843926418cd749e9d4c930fc6,SOL,2026-06-23T13:28:35.895257+00:00,84.104743,1.978257,15,2.0,0.06999999999999995,0.55,0.62,False,True,False,0.0,2.0999999999999996,0.0,0.0,2.0999999999999996,0.79,0.8,0.0,0.0,-0.38850000000000007,-0.38850000000000007,2.0999999999999996,-0.18500000000000005,sol_15s
1,0x9733b42d1fb76098059e7c11035a934014328e6843926418cd749e9d4c930fc6,SOL,2026-06-23T13:29:03.900994+00:00,56.099006,0.546994,15,2.0,0.06000000000000005,0.83,0.89,True,True,True,3.75,30.0,3.75,0.0,26.25,0.7,0.71,0.1875000000000002,-0.0,4.593750000000001,4.781250000000001,33.75,0.1416666666666667,sol_15s
1,0x49b6981d3dcc0ab40b6b605ecf4272fed0e07afbc4485e1e174d4c4156bd9933,SOL,2026-06-23T13:30:33.906226+00:00,266.093774,1.979226,15,2.0,0.030000000000000027,0.37,0.4,True,True,True,25.619999999999997,5.10375,5.10375,20.51625,0.0,0.28,0.29,0.10207500000000012,-1.9490437499999993,0.0,-1.8469687499999992,30.723749999999995,-0.06011534236543389,sol_15s
1,0x49b6981d3dcc0ab40b6b605ecf4272fed0e07afbc4485e1e174d4c4156bd9933,SOL,2026-06-23T13:30:45.899242+00:00,254.100758,1.990242,15,2.0,0.030000000000000027,0.36,0.39,True,False,False,1.875,0.0,0.0,1.875,0.0,0.22,0.25,0.0,-0.271875,0.0,-0.271875,1.875,-0.145,sol_15s
1,0x8b1c020137d752d5f82956a627a99fe8d6435a5deff06dbdac7ebc9b70de8d5e,SOL,2026-06-23T13:35:57.895553+00:00,242.104447,1.282553,15,2.0,0.030000000000000027,0.59,0.62,True,False,False,30.0,0.0,0.0,30.0,0.0,0.45,0.46,0.0,-4.349999999999999,0.0,-4.349999999999999,30.0,-0.14499999999999996,sol_15s
1,0x97f5cfd13442b025c62c1138ebc86dabde8d73ef9b8c2b4f0900727b23e3d78e,SOL,2026-06-23T13:40:07.903224+00:00,292.096776,1.974224,15,2.0,0.07,0.29,0.36,False,True,False,0.0,18.75,0.0,0.0,18.75,0.49,0.5,0.0,0.0,-2.7187500000000004,-2.7187500000000004,18.75,-0.14500000000000002,sol_15s
1,0x97f5cfd13442b025c62c1138ebc86dabde8d73ef9b8c2b4f0900727b23e3d78e,SOL,2026-06-23T13:42:13.905421+00:00,166.094579,1.276421,15,2.0,0.03999999999999998,0.37,0.41,True,True,True,31.875,0.765,0.765,31.11,0.0,0.34,0.35,0.022949999999999984,-1.088849999999999,0.0,-1.065899999999999,32.64,-0.03265624999999997,sol_15s
1,0x263de59a86fa4266a26931b6a723d1d8521d1385b5c3ba159b5229b1a9177f21,SOL,2026-06-23T13:48:43.905362+00:00,76.094638,1.630362,15,2.0,0.030000000000000027,0.95,0.98,True,True,True,4.199999999999999,7.12875,4.199999999999999,0.0,2.928750000000001,0.97,0.99,0.08400000000000009,0.0,-0.04393125000000004,0.04006875000000005,11.32875,0.0035369083085071214,sol_15s
1,0x263de59a86fa4266a26931b6a723d1d8521d1385b5c3ba159b5229b1a9177f21,SOL,2026-06-23T13:48:47.900703+00:00,72.099297,1.599703,15,2.0,0.030000000000000027,0.94,0.97,False,True,False,0.0,5.25,0.0,0.0,5.25,0.95,0.99,0.0,0.0,-0.1312500000000001,-0.1312500000000001,5.25,-0.025000000000000015,sol_15s
1,0xa93f974de8cbf3e06c0f61563fc28b6227260fd13260bb6aa3711af549271a76,SOL,2026-06-23T13:55:03.895126+00:00,296.104874,1.824126,15,2.0,0.03999999999999998,0.45,0.49,True,False,False,30.0,0.0,0.0,30.0,0.0,0.38,0.39,0.0,-2.2500000000000004,0.0,-2.2500000000000004,30.0,-0.07500000000000001,sol_15s
1,0xa93f974de8cbf3e06c0f61563fc28b6227260fd13260bb6aa3711af549271a76,SOL,2026-06-23T13:56:45.904857+00:00,194.095143,1.934857,15,2.0,0.030000000000000027,0.35,0.38,False,True,False,0.0,3.9749999999999996,0.0,0.0,3.9749999999999996,0.49,0.51,0.0,0.0,-0.536625,-0.536625,3.9749999999999996,-0.135,sol_15s
1,0x54e1a0031c62b35f46daaef9f8bb6a1d5705a9bd9b024281bf533ce3a5e76bd9,SOL,2026-06-23T14:03:01.895429+00:00,118.104571,1.918429,15,2.0,0.040000000000000036,0.72,0.76,True,True,True,6.074999999999999,46.875,6.074999999999999,0.0,40.8,0.68,0.69,0.1822500000000002,-0.0,2.6520000000000024,2.8342500000000026,52.95,0.05352691218130316,sol_15s
1,0xc990792df42182f722949a266d834f4e848923ec24814a019bc552d3b415ff4f,SOL,2026-06-23T14:08:03.895574+00:00,116.104426,1.639574,15,2.0,0.07999999999999999,0.21,0.29,True,True,True,46.875,2.625,2.625,44.25,0.0,0.2,0.21,0.18374999999999997,-0.6637499999999992,0.0,-0.4799999999999992,49.5,-0.009696969696969681,sol_15s
1,0x0a32d05b3ee387390f042d23c86f4b659df43372ef59e60e043be38d41561eb2,SOL,2026-06-23T14:13:25.894339+00:00,94.105661,1.957339,15,2.0,0.040000000000000036,0.42,0.46,True,True,True,8.82,30.0,8.82,0.0,21.18,0.37,0.38,0.2646000000000003,-0.0,1.5885000000000002,1.8531000000000004,38.82,0.047735703245749626,sol_15s
1,0xb88a905c78dbb78ccae742ce3fcdbf194c17f685b30d78d03128d55eb5442d66,SOL,2026-06-23T14:15:31.901422+00:00,268.098578,0.400422,15,2.0,0.030000000000000027,0.37,0.4,True,True,True,16.725,2.25,2.25,14.475000000000001,0.0,0.31,0.36,0.045000000000000054,-0.9408750000000001,0.0,-0.8958750000000001,18.975,-0.047213438735177866,sol_15s
1,0xb88a905c78dbb78ccae742ce3fcdbf194c17f685b30d78d03128d55eb5442d66,SOL,2026-06-23T14:17:11.901054+00:00,168.098946,1.589054,15,2.0,0.030000000000000027,0.59,0.62,True,True,True,5.85,4.5,4.5,1.3499999999999996,0.0,0.58,0.6,0.09000000000000011,-0.020250000000000008,0.0,0.0697500000000001,10.35,0.006739130434782619,sol_15s
1,0xb88a905c78dbb78ccae742ce3fcdbf194c17f685b30d78d03128d55eb5442d66,SOL,2026-06-23T14:17:49.892681+00:00,130.107319,1.935681,15,2.0,0.05999999999999994,0.52,0.58,False,True,False,0.0,6.300000000000001,0.0,0.0,6.300000000000001,0.71,0.72,0.0,0.0,-0.9135000000000002,-0.9135000000000002,6.300000000000001,-0.14500000000000002,sol_15s
1,0xb88a905c78dbb78ccae742ce3fcdbf194c17f685b30d78d03128d55eb5442d66,SOL,2026-06-23T14:17:55.895119+00:00,124.104881,1.946119,15,2.0,0.06999999999999995,0.65,0.72,False,True,False,0.0,6.300000000000001,0.0,0.0,6.300000000000001,0.72,0.73,0.0,0.0,-0.09450000000000007,-0.09450000000000007,6.300000000000001,-0.01500000000000001,sol_15s
1,0x456aac20ee93fa9ebc9e8dc3367bd4ea281d62318f8eb63fea5c0f1aa44525ee,SOL,2026-06-23T14:20:45.902691+00:00,254.097309,1.636691,15,2.0,0.08999999999999997,0.53,0.62,True,False,False,2.625,0.0,0.0,2.625,0.0,0.4,0.42,0.0,-0.354375,0.0,-0.354375,2.625,-0.135,sol_15s
1,0x8745035c936db62e58a8fe8d2cc737689ce85b84d9b91959417caa1142791994,SOL,2026-06-23T14:25:03.897601+00:00,296.102399,1.909601,15,2.0,0.039999999999999925,0.56,0.6,True,False,False,3.75,0.0,0.0,3.75,0.0,0.41,0.43,0.0,-0.5812500000000003,0.0,-0.5812500000000003,3.75,-0.15500000000000008,sol_15s
1,0x22879c97e18fffc7a75629762d84fb31f4cb45fb26a1a2c716c6bcea686ac0e2,SOL,2026-06-23T14:30:03.891926+00:00,296.108074,1.675926,15,2.0,0.18000000000000005,0.49,0.67,False,True,False,0.0,26.25,0.0,0.0,26.25,0.81,0.82,0.0,0.0,-4.068749999999998,-4.068749999999998,26.25,-0.15499999999999992,sol_15s
1,0x22879c97e18fffc7a75629762d84fb31f4cb45fb26a1a2c716c6bcea686ac0e2,SOL,2026-06-23T14:33:37.900218+00:00,82.099782,1.128218,15,2.0,0.03999999999999998,0.46,0.5,True,False,False,29.35125,0.0,0.0,29.35125,0.0,0.31,0.32,0.0,-4.549443750000001,0.0,-4.549443750000001,29.35125,-0.15500000000000003,sol_15s
1,0xe901987bf33c4aecfb97d97b07ea58f8cf1ca469727312c56659bc81fee44fef,SOL,2026-06-23T14:36:01.893952+00:00,238.106048,1.925952,15,2.0,0.040000000000000036,0.64,0.68,False,True,False,0.0,1.875,0.0,0.0,1.875,0.9,0.91,0.0,0.0,-0.440625,-0.440625,1.875,-0.235,sol_15s
1,0x79fa88852d2df9f89c7ffe1e19e80856d2864adb8167da187fef1bd49a76815b,SOL,2026-06-23T14:50:05.896405+00:00,294.103595,1.600405,15,2.0,0.030000000000000027,0.5,0.53,True,True,True,30.0,3.53625,3.53625,26.46375,0.0,0.4,0.41,0.07072500000000008,-2.7786937499999995,0.0,-2.7079687499999996,33.53625,-0.08074751202057473,sol_15s
1,0x79fa88852d2df9f89c7ffe1e19e80856d2864adb8167da187fef1bd49a76815b,SOL,2026-06-23T14:52:45.904406+00:00,134.095594,1.995406,15,2.0,0.040000000000000036,0.41,0.45,True,True,True,17.34375,46.875,17.34375,0.0,29.53125,0.45,0.47,0.5203125000000006,0.0,-0.7382812499999989,-0.21796874999999827,64.21875,-0.003394160583941579,sol_15s
1,0x2ff8516f19be15290d302be6eb4eb6f68fc8cd1cec67753590101df72b164150,SOL,2026-06-23T14:57:55.897437+00:00,124.102563,1.995437,15,2.0,0.09000000000000002,0.44,0.53,True,False,False,4.5,0.0,0.0,4.5,0.0,0.42,0.44,0.0,-0.11250000000000009,0.0,-0.11250000000000009,4.5,-0.02500000000000002,sol_15s
1,0x2ff8516f19be15290d302be6eb4eb6f68fc8cd1cec67753590101df72b164150,SOL,2026-06-23T14:58:53.900993+00:00,66.099007,1.739993,15,2.0,0.03999999999999998,0.14,0.18,False,True,False,0.0,1.875,0.0,0.0,1.875,0.15,0.17,0.0,0.0,0.009374999999999965,0.009374999999999965,1.875,0.004999999999999981,sol_15s
1,0x5d596992ee14c701506ece9f95cfca95bcd846aa535ea21eab961b466b2e20ca,SOL,2026-06-23T15:00:57.899252+00:00,242.100748,0.630252,15,2.0,0.04000000000000001,0.19,0.23,False,True,False,0.0,1.875,0.0,0.0,1.875,0.47,0.48,0.0,0.0,-0.4781249999999999,-0.4781249999999999,1.875,-0.25499999999999995,sol_15s
1,0x5d596992ee14c701506ece9f95cfca95bcd846aa535ea21eab961b466b2e20ca,SOL,2026-06-23T15:01:19.903009+00:00,220.096991,1.600009,15,2.0,0.03999999999999998,0.45,0.49,True,False,False,39.045,0.0,0.0,39.045,0.0,0.26,0.27,0.0,-7.613775,0.0,-7.613775,39.045,-0.195,sol_15s
1,0x7c3fdc3e185ae7820eba61abc89ec62fb5449b06b4b403227e71947ae32b8035,SOL,2026-06-23T15:28:45.905305+00:00,74.094695,1.737305,15,2.0,0.04999999999999999,0.34,0.39,True,True,True,10.1175,22.923750000000002,10.1175,0.0,12.806250000000002,0.39,0.4,0.40469999999999984,0.0,-0.19209375000000015,0.2126062499999997,33.041250000000005,0.006434570423334458,sol_15s
1,0x56ab07163dce252412060eb46f1eb2ce6df056247a6219b4a48095782d3af453,SOL,2026-06-23T15:30:03.898981+00:00,296.101019,1.650981,15,2.0,0.21999999999999997,0.51,0.73,False,False,False,0.0,0.0,0.0,0.0,0.0,0.65,0.66,0.0,0.0,0.0,0.0,0.0,0.0,sol_15s
1,0x55e57faefeda4e530373cff771bc2512114ad7173b05c71348be00478517ef84,SOL,2026-06-23T15:50:39.905951+00:00,260.094049,1.709951,15,2.0,0.030000000000000027,0.35,0.38,True,True,True,9.825,46.05,9.825,0.0,36.224999999999994,0.42,0.43,0.19650000000000023,0.0,-1.9923749999999991,-1.7958749999999988,55.875,-0.03214093959731541,sol_15s
1,0xb240e9ea38a7e5b15f9a6e6e43faae560cc3a0fb77bf817451577bdc51705fbf,SOL,2026-06-23T15:56:33.902358+00:00,206.097642,1.248358,15,2.0,0.030000000000000027,0.57,0.6,False,True,False,0.0,4.050000000000001,0.0,0.0,4.050000000000001,0.72,0.73,0.0,0.0,-0.5467500000000002,-0.5467500000000002,4.050000000000001,-0.135,sol_15s
1,0x0bef20c3bb8175da33c11421b48301f5b9edaf9e06bd2f979ffb90d107a47081,SOL,2026-06-23T16:02:51.907582+00:00,128.092418,1.822582,15,2.0,0.04000000000000001,0.21,0.25,True,False,False,1.875,0.0,0.0,1.875,0.0,0.16,0.17,0.0,-0.10312499999999998,0.0,-0.10312499999999998,1.875,-0.054999999999999986,sol_15s
1,0x0bef20c3bb8175da33c11421b48301f5b9edaf9e06bd2f979ffb90d107a47081,SOL,2026-06-23T16:03:05.903103+00:00,114.096897,1.548103,15,2.0,0.04999999999999999,0.19,0.24,True,True,True,13.799999999999999,46.875,13.799999999999999,0.0,33.075,0.22,0.23,0.5519999999999998,0.0,0.16537499999999938,0.7173749999999992,60.675,0.011823238566131013,sol_15s
1,0xa398a6270563f9326bfcb613cff69cea7e845a18f1a2af98ebe7d848b6c80361,SOL,2026-06-23T16:05:39.906684+00:00,260.093316,1.378684,15,2.0,0.030000000000000027,0.84,0.87,True,False,False,21.0,0.0,0.0,21.0,0.0,0.85,0.86,0.0,0.10500000000000019,0.0,0.10500000000000019,21.0,0.005000000000000009,sol_15s
1,0x133b4173a838b63c7d4e0189c986cb1ae7194462836032194da725d861100097,SOL,2026-06-23T16:25:03.903483+00:00,296.096517,1.802483,15,2.0,0.12,0.28,0.4,False,True,False,0.0,3.75,0.0,0.0,3.75,0.49,0.5,0.0,0.0,-0.39374999999999993,-0.39374999999999993,3.75,-0.10499999999999998,sol_15s
1,0xcaa0dd40336c8722033ba5c2267ba273e90b60e1ef30529bcc81bf56c7ab5c1b,SOL,2026-06-23T16:35:49.899849+00:00,250.100151,1.152849,15,2.0,0.030000000000000027,0.43,0.46,True,False,False,46.875,0.0,0.0,46.875,0.0,0.4,0.41,0.0,-1.6406249999999984,0.0,-1.6406249999999984,46.875,-0.03499999999999997,sol_15s
1,0xea75692b8293cfca2c7464dbaef37ff18adec814392c7e59d57f7ce34ea2ab90,SOL,2026-06-23T16:55:37.901076+00:00,262.098924,1.664076,15,2.0,0.040000000000000036,0.59,0.63,True,False,False,12.57,0.0,0.0,12.57,0.0,0.47,0.48,0.0,-1.57125,0.0,-1.57125,12.57,-0.125,sol_15s
1,0xb4f08cc4d9e63782c769b66c5c5d401c3cb64eda6cc1590a36603548e50a7256,SOL,2026-06-23T17:00:07.903209+00:00,292.096791,1.506209,15,2.0,0.03999999999999998,0.46,0.5,True,False,False,6.0,0.0,0.0,6.0,0.0,0.31,0.32,0.0,-0.9300000000000002,0.0,-0.9300000000000002,6.0,-0.15500000000000003,sol_15s
1,0xdda6e9e325ab76826071f340cf564f4b42fe970f3ed8a40ccfd1e80da040c4f6,SOL,2026-06-23T18:05:09.902515+00:00,290.097485,0.460515,15,2.0,0.06,0.34,0.4,True,True,True,7.5,3.75,3.75,3.75,0.0,0.32,0.34,0.18749999999999997,-0.09375000000000007,0.0,0.0937499999999999,11.25,0.008333333333333325,sol_15s
2,0xc755e09161255f5e7bf8eac216b4728f04aa44cf0830ecc14b58569c7f4c5f91,SOL,2026-06-24T00:06:35.658541+00:00,204.341459,1.972541,15,2.0,0.030000000000000027,0.76,0.79,False,True,False,0.0,5.887499999999999,0.0,0.0,5.887499999999999,0.86,0.87,0.0,0.0,-0.5004374999999998,-0.5004374999999998,5.887499999999999,-0.08499999999999996,sol_15s
3,0xe0261c3af71ec76885a6befe78536d37f4f39622a19d0102257561caaca61811,SOL,2026-06-24T17:52:06.759950+00:00,173.24005,1.76995,15,2.0,0.07999999999999999,0.16,0.24,True,False,False,1.875,0.0,0.0,1.875,0.0,0.18,0.19,0.0,0.02812499999999998,0.0,0.02812499999999998,1.875,0.014999999999999989,sol_15s
3,0xe35e0247327c4aa7fa2d329fe648da1ed73e2c9dde8af578cb52ad4f638ae074,SOL,2026-06-24T17:59:08.761550+00:00,51.23845,1.87855,15,2.0,0.050000000000000044,0.35,0.4,True,True,True,18.285,4.199999999999999,4.199999999999999,14.085,0.0,0.83,0.84,0.16800000000000015,6.690375,-0.0,6.8583750000000006,22.485,0.30502001334222817,sol_15s
3,0x3d07d4fd8f80b13ff82b8a59ac4e27ef61cee1ca5f5e8b639dd421a3a7bc2fcb,SOL,2026-06-24T18:08:20.754991+00:00,99.245009,1.673991,15,2.0,0.030000000000000027,0.9,0.93,False,True,False,0.0,14.962499999999999,0.0,0.0,14.962499999999999,0.94,0.95,0.0,0.0,-0.3740624999999986,-0.3740624999999986,14.962499999999999,-0.024999999999999908,sol_15s
3,0xb65494287b0ded4df523c3dfb7bc08d0faf51fbdea965329a079db51324f4dae,SOL,2026-06-24T18:23:52.766000+00:00,67.234,1.65,15,2.0,0.030000000000000027,0.96,0.99,False,False,False,0.0,0.0,0.0,0.0,0.0,0.98,0.99,0.0,0.0,-0.0,0.0,0.0,0.0,sol_15s
3,0xfb2d975df6a6f30cb9fa99c239111a8258f5963b8823097c9ac12954546c26b7,SOL,2026-06-24T19:23:14.765408+00:00,105.234592,1.706408,15,2.0,0.030000000000000027,0.35,0.38,True,True,True,10.32,3.75,3.75,6.57,0.0,0.41,0.42,0.0750000000000001,0.36135,-0.0,0.4363500000000001,14.07,0.03101279317697229,sol_15s
4,0x7a1f7adb0e95a0a1ec1ec1bdf972078fe3bf9b8c14c79c5338bad045ffbff576,SOL,2026-06-25T20:35:10.815739+00:00,289.184261,1.772739,15,2.0,0.030000000000000027,0.61,0.64,True,False,False,1.875,0.0,0.0,1.875,0.0,0.6,0.61,0.0,-0.028125000000000018,0.0,-0.028125000000000018,1.875,-0.01500000000000001,sol_15s
4,0x345ecd2a0bfb9dc2dffef44d18ddcfa7bbd1bb1f5e221f85d529e10f9542e6aa,SOL,2026-06-25T20:51:28.806909+00:00,211.193091,1.227909,15,2.0,0.030000000000000027,0.31,0.34,False,True,False,0.0,1.875,0.0,0.0,1.875,0.4,0.41,0.0,0.0,-0.14062499999999992,-0.14062499999999992,1.875,-0.07499999999999996,sol_15s
4,0x80f4d52bf8a69ad43c205b16ecf86c6e9b27e8d1df3613dc26f39b2b75bb2dbf,SOL,2026-06-25T21:07:24.815980+00:00,155.18402,1.66598,15,2.0,0.030000000000000027,0.35,0.38,True,False,False,8.399999999999999,0.0,0.0,8.399999999999999,0.0,0.36,0.38,0.0,0.042000000000000065,-0.0,0.042000000000000065,8.399999999999999,0.005000000000000009,sol_15s
4,0xe1f466e6312cce5d03e6d63d1e025d17853d34fe217fd3b68893183892507654,SOL,2026-06-25T21:11:32.803458+00:00,207.196542,1.224458,15,2.0,0.040000000000000036,0.63,0.67,True,False,False,12.794999999999998,0.0,0.0,12.794999999999998,0.0,0.51,0.52,0.0,-1.5993749999999998,0.0,-1.5993749999999998,12.794999999999998,-0.125,sol_15s
4,0x1febb7033402b49870fa20b4bc0b6ce97895eb9f19fca75e0738e38c75a927b2,SOL,2026-06-25T21:25:26.818064+00:00,273.181936,1.968064,15,2.0,0.05999999999999994,0.56,0.62,False,True,False,0.0,1.875,0.0,0.0,1.875,0.87,0.9,0.0,0.0,-0.534375,-0.534375,1.875,-0.28500000000000003,sol_15s
4,0x1febb7033402b49870fa20b4bc0b6ce97895eb9f19fca75e0738e38c75a927b2,SOL,2026-06-25T21:25:46.805010+00:00,253.19499,1.56901,15,2.0,0.030000000000000027,0.87,0.9,True,True,True,2.0999999999999996,4.86,2.0999999999999996,0.0,2.7600000000000007,0.74,0.75,0.042000000000000044,-0.0,0.40020000000000017,0.4422000000000002,6.96,0.06353448275862073,sol_15s
4,0xae2848fb6d2e41638bbd581054fbae303cae9fa05399386a3967adb588ef3c7e,SOL,2026-06-25T21:35:02.804691+00:00,297.195309,1.179691,15,2.0,0.14999999999999997,0.32,0.47,False,True,False,0.0,1.875,0.0,0.0,1.875,0.65,0.69,0.0,0.0,-0.42187499999999994,-0.42187499999999994,1.875,-0.22499999999999998,sol_15s
4,0x9952c15986fdea833b3f2f36dcf6c4a25a8a5ffd72a7ac7d8f76d060c6e7b645,SOL,2026-06-25T22:00:58.811843+00:00,241.188157,1.401843,15,2.0,0.030000000000000027,0.29,0.32,True,False,False,6.6000000000000005,0.0,0.0,6.6000000000000005,0.0,0.28,0.29,0.0,-0.09899999999999971,0.0,-0.09899999999999971,6.6000000000000005,-0.014999999999999956,sol_15s
4,0x04f59a7c83ecb6237ec63ece27ccf360d1203dddb6c942d9fb83f974af685567,SOL,2026-06-25T22:24:12.803568+00:00,47.196432,1.422568,15,2.0,0.030000000000000027,0.51,0.54,True,False,False,3.63,0.0,0.0,3.63,0.0,0.35,0.36,0.0,-0.5989500000000001,0.0,-0.5989500000000001,3.63,-0.16500000000000004,sol_15s
4,0x28f6d6f6d64c6a318107cbfe7420997965fd94dc732edabf6955fd99a3dfd381,SOL,2026-06-25T23:22:12.809787+00:00,167.190213,1.772787,15,2.0,0.030000000000000027,0.75,0.78,False,True,False,0.0,2.25,0.0,0.0,2.25,0.82,0.83,0.0,0.0,-0.12374999999999985,-0.12374999999999985,2.25,-0.05499999999999993,sol_15s
4,0x0c57f717926035bc0d2e027557263f7dae55fb00e58dd5573a7bfe0b5f053ae0,SOL,2026-06-26T01:10:22.813080+00:00,277.18692,1.89708,15,2.0,0.030000000000000027,0.59,0.62,True,True,True,12.345,10.47,10.47,1.875,0.0,0.7,0.71,0.20940000000000028,0.19687499999999997,-0.0,0.4062750000000003,22.815,0.017807363576594355,sol_15s
4,0xbc80a16a50b5b96ebab7f266d58abb514cb444cd19211f0cae092247a32b58a2,SOL,2026-06-26T02:52:04.817082+00:00,175.182918,1.807082,15,2.0,0.04000000000000001,0.15,0.19,True,False,False,0.92625,0.0,0.0,0.92625,0.0,0.11,0.12,0.0,-0.041681249999999996,0.0,-0.041681249999999996,0.92625,-0.045,sol_15s
4,0xccf7d1cf6321e80421097f6e058c2c3ebbce448ccf292b7bd1ba115c95e0c91c,SOL,2026-06-26T05:11:24.812028+00:00,215.187972,1.217028,15,2.0,0.030000000000000027,0.78,0.81,False,True,False,0.0,35.02875,0.0,0.0,35.02875,0.8,0.81,0.0,0.0,-0.17514375000000001,-0.17514375000000001,35.02875,-0.005,sol_15s
4,0xb34dccf19137e2f5ae026c4d45037552dc97400a1b3bc211ed9745dd139260fc,SOL,2026-06-26T06:33:36.811943+00:00,83.188057,1.753943,15,2.0,0.06,0.25,0.31,True,False,False,8.82,0.0,0.0,8.82,0.0,0.13,0.14,0.0,-1.1025,0.0,-1.1025,8.82,-0.125,sol_15s
5,0x36d3a0bfa79de20fdf15122d360f4e6bbf48a1cc6347f13d76e81151fff6f8f4,SOL,2026-07-01T21:27:58.371771+00:00,121.628229,1.977771,15,2.0,0.05999999999999994,0.65,0.71,True,True,True,36.25125,20.625,20.625,15.626249999999999,0.0,0.72,0.73,1.0312499999999987,1.0157062499999991,-0.0,2.046956249999998,56.87625,0.035989648579152066,sol_15s
5,0x36d3a0bfa79de20fdf15122d360f4e6bbf48a1cc6347f13d76e81151fff6f8f4,SOL,2026-07-01T21:28:18.373794+00:00,101.626206,1.955794,15,2.0,0.04999999999999993,0.66,0.71,False,True,False,0.0,46.875,0.0,0.0,46.875,0.76,0.77,0.0,0.0,-3.0468750000000027,-3.0468750000000027,46.875,-0.06500000000000006,sol_15s
5,0x36d3a0bfa79de20fdf15122d360f4e6bbf48a1cc6347f13d76e81151fff6f8f4,SOL,2026-07-01T21:28:44.368194+00:00,75.631806,1.937194,15,2.0,0.08000000000000007,0.82,0.9,False,True,False,0.0,3.75,0.0,0.0,3.75,0.95,0.96,0.0,0.0,-0.2437499999999998,-0.2437499999999998,3.75,-0.06499999999999995,sol_15s
5,0x1e5cc3e5781b2ef67a9e67bda1f9e9ea66b0f987cdf4813ffb9a722232781544,SOL,2026-07-01T21:31:14.368434+00:00,225.631566,1.984434,15,2.0,0.030000000000000027,0.71,0.74,False,True,False,0.0,46.875,0.0,0.0,46.875,0.86,0.87,0.0,0.0,-6.328125,-6.328125,46.875,-0.135,sol_15s
5,0xccddd1603d20c4477f2ac4e9f226747d540c9f0fe9ebc85b76cbdd992afa90a5,SOL,2026-07-01T21:35:02.365044+00:00,297.634956,1.790044,15,2.0,0.10999999999999999,0.37,0.48,False,True,False,0.0,1.875,0.0,0.0,1.875,0.46,0.47,0.0,0.0,0.009375000000000017,0.009375000000000017,1.875,0.005000000000000009,sol_15s
5,0xccddd1603d20c4477f2ac4e9f226747d540c9f0fe9ebc85b76cbdd992afa90a5,SOL,2026-07-01T21:35:24.373919+00:00,275.626081,1.974919,15,2.0,0.040000000000000036,0.41,0.45,False,True,False,0.0,1.875,0.0,0.0,1.875,0.57,0.58,0.0,0.0,-0.25312499999999993,-0.25312499999999993,1.875,-0.13499999999999995,sol_15s
5,0xccddd1603d20c4477f2ac4e9f226747d540c9f0fe9ebc85b76cbdd992afa90a5,SOL,2026-07-01T21:36:52.363490+00:00,187.63651,1.85749,15,2.0,0.03999999999999998,0.26,0.3,False,True,False,0.0,3.04125,0.0,0.0,3.04125,0.55,0.57,0.0,0.0,-0.8363437499999998,-0.8363437499999998,3.04125,-0.27499999999999997,sol_15s
5,0xccddd1603d20c4477f2ac4e9f226747d540c9f0fe9ebc85b76cbdd992afa90a5,SOL,2026-07-01T21:36:56.374213+00:00,183.625787,1.982213,15,2.0,0.030000000000000027,0.58,0.61,True,False,False,6.375,0.0,0.0,6.375,0.0,0.5,0.51,0.0,-0.5418749999999998,0.0,-0.5418749999999998,6.375,-0.08499999999999996,sol_15s
5,0xccddd1603d20c4477f2ac4e9f226747d540c9f0fe9ebc85b76cbdd992afa90a5,SOL,2026-07-01T21:37:26.370102+00:00,153.629898,1.973102,15,2.0,0.04999999999999999,0.45,0.5,True,False,False,1.875,0.0,0.0,1.875,0.0,0.37,0.38,0.0,-0.15937500000000004,0.0,-0.15937500000000004,1.875,-0.08500000000000002,sol_15s
5,0xccddd1603d20c4477f2ac4e9f226747d540c9f0fe9ebc85b76cbdd992afa90a5,SOL,2026-07-01T21:38:04.363985+00:00,115.636015,1.866985,15,2.0,0.04000000000000001,0.22,0.26,True,False,False,13.395,0.0,0.0,13.395,0.0,0.2,0.21,0.0,-0.33487499999999987,0.0,-0.33487499999999987,13.395,-0.02499999999999999,sol_15s
5,0xccddd1603d20c4477f2ac4e9f226747d540c9f0fe9ebc85b76cbdd992afa90a5,SOL,2026-07-01T21:38:38.375395+00:00,81.624605,1.971395,15,2.0,0.030000000000000027,0.52,0.55,True,True,True,1.875,1.875,1.875,0.0,0.0,0.74,0.75,0.03750000000000005,0.0,-0.0,0.03750000000000005,3.75,0.010000000000000012,sol_15s
5,0xccddd1603d20c4477f2ac4e9f226747d540c9f0fe9ebc85b76cbdd992afa90a5,SOL,2026-07-01T21:38:52.371454+00:00,67.628546,1.978454,15,2.0,0.030000000000000027,0.84,0.87,True,False,False,6.6075,0.0,0.0,6.6075,0.0,0.43,0.44,0.0,-2.7421124999999997,0.0,-2.7421124999999997,6.6075,-0.415,sol_15s
5,0x2729a97dbed765fa7f38618dc0399548892a2600fac0138be2d913602762d5e7,SOL,2026-07-01T21:42:10.372804+00:00,169.627196,1.975804,15,2.0,0.03999999999999998,0.33,0.37,True,False,False,8.325,0.0,0.0,8.325,0.0,0.21,0.22,0.0,-1.0406250000000001,0.0,-1.0406250000000001,8.325,-0.12500000000000003,sol_15s
5,0x6de6d39220dc444c78dbc1caf949cc3583d01b10446468528a5b525b420e9392,SOL,2026-07-01T21:45:38.361985+00:00,261.638015,1.982985,15,2.0,0.039999999999999925,0.53,0.57,True,False,False,7.7775,0.0,0.0,7.7775,0.0,0.55,0.56,0.0,0.11666250000000013,0.0,0.11666250000000013,7.7775,0.015000000000000017,sol_15s
5,0x6de6d39220dc444c78dbc1caf949cc3583d01b10446468528a5b525b420e9392,SOL,2026-07-01T21:47:42.367429+00:00,137.632571,1.990429,15,2.0,0.030000000000000027,0.48,0.51,False,True,False,0.0,8.82,0.0,0.0,8.82,0.59,0.6,0.0,0.0,-0.8378999999999998,-0.8378999999999998,8.82,-0.09499999999999997,sol_15s
5,0xfe7870a9fb715e078845814539d09fecec8c6c909833772826ad66e2adb43246,SOL,2026-07-01T21:53:22.364988+00:00,97.635012,1.846988,15,2.0,0.030000000000000027,0.94,0.97,False,True,False,0.0,46.875,0.0,0.0,46.875,0.98,0.99,0.0,0.0,-1.1718750000000009,-1.1718750000000009,46.875,-0.02500000000000002,sol_15s
5,0x7f95e1d134e20d37bac046b26b1986bea147bc22b45da2b3c4fa93a7907a0e64,SOL,2026-07-01T21:55:02.368886+00:00,297.631114,1.886886,15,2.0,0.07,0.42,0.49,False,True,False,0.0,3.1875,0.0,0.0,3.1875,0.64,0.65,0.0,0.0,-0.5259375000000002,-0.5259375000000002,3.1875,-0.16500000000000006,sol_15s
5,0x7f95e1d134e20d37bac046b26b1986bea147bc22b45da2b3c4fa93a7907a0e64,SOL,2026-07-01T21:55:08.373915+00:00,291.626085,1.876915,15,2.0,0.04999999999999993,0.55,0.6,False,True,False,0.0,11.25,0.0,0.0,11.25,0.64,0.65,0.0,0.0,-0.6187500000000005,-0.6187500000000005,11.25,-0.05500000000000004,sol_15s
5,0x7f95e1d134e20d37bac046b26b1986bea147bc22b45da2b3c4fa93a7907a0e64,SOL,2026-07-01T21:58:40.372165+00:00,79.627835,1.899165,15,2.0,0.030000000000000027,0.77,0.8,True,True,True,1.875,46.875,1.875,0.0,45.0,0.82,0.83,0.03750000000000005,0.0,-1.5749999999999962,-1.537499999999996,48.75,-0.03153846153846146,sol_15s
5,0x7f95e1d134e20d37bac046b26b1986bea147bc22b45da2b3c4fa93a7907a0e64,SOL,2026-07-01T21:58:48.365315+00:00,71.634685,1.977315,15,2.0,0.030000000000000027,0.73,0.76,False,True,False,0.0,28.18875,0.0,0.0,28.18875,0.87,0.88,0.0,0.0,-3.52359375,-3.52359375,28.18875,-0.125,sol_15s
5,0xd5fd7154e608f6ad96c455a12974647ebdc2bff30b93db08b70f0f4b5d27ff6b,SOL,2026-07-01T22:03:22.369147+00:00,97.630853,1.929147,15,2.0,0.05000000000000002,0.22,0.27,True,False,False,8.52,0.0,0.0,8.52,0.0,0.07,0.08,0.0,-1.3206,0.0,-1.3206,8.52,-0.155,sol_15s
5,0x2f68e5085157ce2b5aaa31b91e618d5c8d2dce65f9509715d4ce9fd8b8de65ec,SOL,2026-07-01T22:08:10.363603+00:00,109.636397,1.882603,15,2.0,0.040000000000000036,0.5,0.54,False,True,False,0.0,3.37875,0.0,0.0,3.37875,0.66,0.67,0.0,0.0,-0.45613125000000004,-0.45613125000000004,3.37875,-0.135,sol_15s
5,0x2f68e5085157ce2b5aaa31b91e618d5c8d2dce65f9509715d4ce9fd8b8de65ec,SOL,2026-07-01T22:08:36.368795+00:00,83.631205,1.935795,15,2.0,0.040000000000000036,0.71,0.75,True,False,False,33.75,0.0,0.0,33.75,0.0,0.68,0.69,0.0,-1.181249999999997,0.0,-1.181249999999997,33.75,-0.03499999999999991,sol_15s
5,0x017e87d37f6ccec42d134265e6d538a4d2a20f4c4db0a71828799121719cbc8e,SOL,2026-07-01T22:12:36.372792+00:00,143.627208,1.917792,15,2.0,0.040000000000000036,0.62,0.66,True,True,True,16.40625,11.325,11.325,5.081250000000001,0.0,0.68,0.69,0.3397500000000004,0.2794687500000003,-0.0,0.6192187500000007,27.73125,0.022329276538201513,sol_15s
5,0x5162f05fe4efdd9d3eb2c840da4f6c249a23f265525267ac977ca2a6a9c85458,SOL,2026-07-01T22:15:02.366898+00:00,297.633102,1.985898,15,2.0,0.18,0.45,0.63,False,False,False,0.0,0.0,0.0,0.0,0.0,0.52,0.53,0.0,0.0,0.0,0.0,0.0,0.0,sol_15s
5,0xb04d9e5f31ea4614fdf20ce94c4c9f76f69d6f1b2b81f0b7a919740632369947,SOL,2026-07-01T22:21:18.376050+00:00,221.62395,0.83905,15,2.0,0.08000000000000007,0.6,0.68,False,True,False,0.0,4.5,0.0,0.0,4.5,0.98,0.99,0.0,0.0,-1.4174999999999998,-1.4174999999999998,4.5,-0.31499999999999995,sol_15s
5,0xb04d9e5f31ea4614fdf20ce94c4c9f76f69d6f1b2b81f0b7a919740632369947,SOL,2026-07-01T22:21:22.375335+00:00,217.624665,1.927335,15,2.0,0.040000000000000036,0.77,0.81,False,True,False,0.0,1.875,0.0,0.0,1.875,0.98,0.99,0.0,0.0,-0.3468749999999999,-0.3468749999999999,1.875,-0.18499999999999994,sol_15s
5,0xb04d9e5f31ea4614fdf20ce94c4c9f76f69d6f1b2b81f0b7a919740632369947,SOL,2026-07-01T22:22:20.371831+00:00,159.628169,1.975831,15,2.0,0.039999999999999925,0.79,0.83,False,True,False,0.0,34.845,0.0,0.0,34.845,0.92,0.93,0.0,0.0,-3.658725000000003,-3.658725000000003,34.845,-0.1050000000000001,sol_15s
5,0x26690f30c8250f214c3c585bafacecfe21ca18c719caac4709c063c6d47267b4,SOL,2026-07-01T22:32:34.362150+00:00,145.63785,1.80915,15,2.0,0.030000000000000027,0.7,0.73,True,False,False,2.4074999999999998,0.0,0.0,2.4074999999999998,0.0,0.66,0.67,0.0,-0.1083374999999998,0.0,-0.1083374999999998,2.4074999999999998,-0.04499999999999992,sol_15s
5,0x06bf7937a18769d86039ea4ed35e5e8edd2a5c73d2ee04faffe90363450f8e3c,SOL,2026-07-01T22:36:24.369518+00:00,215.630482,1.991518,15,2.0,0.030000000000000027,0.52,0.55,True,False,False,46.545,0.0,0.0,46.545,0.0,0.39,0.42,0.0,-6.283575000000001,0.0,-6.283575000000001,46.545,-0.135,sol_15s
5,0x06bf7937a18769d86039ea4ed35e5e8edd2a5c73d2ee04faffe90363450f8e3c,SOL,2026-07-01T22:38:04.369579+00:00,115.630421,1.965579,15,2.0,0.030000000000000013,0.11,0.14,True,False,False,3.75,0.0,0.0,3.75,0.0,0.06,0.07,0.0,-0.20625,0.0,-0.20625,3.75,-0.055,sol_15s
5,0x5fa18bc38c0901d676294b1c12ab6f628f925d47e0579a702d58f4ce1753f92c,SOL,2026-07-01T22:40:02.360947+00:00,297.639053,1.993947,15,2.0,0.09999999999999998,0.49,0.59,False,True,False,0.0,3.75,0.0,0.0,3.75,0.7,0.71,0.0,0.0,-0.46875,-0.46875,3.75,-0.125,sol_15s
5,0x5fa18bc38c0901d676294b1c12ab6f628f925d47e0579a702d58f4ce1753f92c,SOL,2026-07-01T22:40:38.361142+00:00,261.638858,1.999142,15,2.0,0.030000000000000027,0.52,0.55,True,True,True,13.845,46.875,13.845,0.0,33.03,0.57,0.58,0.27690000000000037,0.0,-1.1560499999999971,-0.8791499999999968,60.72,-0.01447875494071141,sol_15s
5,0x5fa18bc38c0901d676294b1c12ab6f628f925d47e0579a702d58f4ce1753f92c,SOL,2026-07-01T22:41:10.369413+00:00,229.630587,1.885413,15,2.0,0.030000000000000027,0.63,0.66,False,True,False,0.0,10.92,0.0,0.0,10.92,0.83,0.84,0.0,0.0,-2.0201999999999996,-2.0201999999999996,10.92,-0.18499999999999997,sol_15s
5,0x5fa18bc38c0901d676294b1c12ab6f628f925d47e0579a702d58f4ce1753f92c,SOL,2026-07-01T22:41:48.370397+00:00,191.629603,1.946397,15,2.0,0.040000000000000036,0.85,0.89,True,False,False,5.85,0.0,0.0,5.85,0.0,0.84,0.87,0.0,-0.08775000000000005,0.0,-0.08775000000000005,5.85,-0.01500000000000001,sol_15s
5,0x15ab2d7e2d42a09632dcc4ee5939e898162938ea2ef3819ba064626cadbd3c19,SOL,2026-07-01T22:48:58.361478+00:00,61.638522,1.935478,15,2.0,0.04000000000000001,0.13,0.17,True,False,False,10.16625,0.0,0.0,10.16625,0.0,0.03,0.04,0.0,-1.06745625,0.0,-1.06745625,10.16625,-0.105,sol_15s
5,0x301a00a9c96a29e401409f19635c00e003d0d89f5926599f5e7abeee3b829438,SOL,2026-07-01T23:23:48.367538+00:00,71.632462,1.822538,15,2.0,0.030000000000000027,0.29,0.32,False,True,False,0.0,2.0062499999999996,0.0,0.0,2.0062499999999996,0.38,0.39,0.0,0.0,-0.15046874999999998,-0.15046874999999998,2.0062499999999996,-0.07500000000000001,sol_15s
5,0x8d22580ded9a1c9bb43a9581787566efeccc0dff2ba6843eef73d5789b5ad805,SOL,2026-07-01T23:41:10.361979+00:00,229.638021,1.964979,15,2.0,0.03999999999999998,0.46,0.5,False,True,False,0.0,9.66375,0.0,0.0,9.66375,0.54,0.55,0.0,0.0,-0.5315062500000004,-0.5315062500000004,9.66375,-0.05500000000000004,sol_15s
5,0x8d22580ded9a1c9bb43a9581787566efeccc0dff2ba6843eef73d5789b5ad805,SOL,2026-07-01T23:42:40.360079+00:00,139.639921,1.930079,15,2.0,0.1299999999999999,0.56,0.69,False,True,False,0.0,1.875,0.0,0.0,1.875,0.72,0.73,0.0,0.0,-0.08437500000000006,-0.08437500000000006,1.875,-0.04500000000000003,sol_15s
5,0x550308d3bfc319a4147f8f57d527b015c1766d823a1c907490fab98eb3db905e,SOL,2026-07-01T23:52:48.363901+00:00,131.636099,1.975901,15,2.0,0.030000000000000027,0.42,0.45,True,True,True,24.31125,2.5875000000000004,2.5875000000000004,21.723750000000003,0.0,0.5,0.51,0.051750000000000074,1.6292812500000005,-0.0,1.6810312500000006,26.89875,0.06249477206189881,sol_15s
5,0x550308d3bfc319a4147f8f57d527b015c1766d823a1c907490fab98eb3db905e,SOL,2026-07-01T23:54:04.367918+00:00,55.632082,1.858918,15,2.0,0.030000000000000027,0.71,0.74,False,True,False,0.0,6.074999999999999,0.0,0.0,6.074999999999999,0.87,0.88,0.0,0.0,-0.880875,-0.880875,6.074999999999999,-0.14500000000000002,sol_15s
5,0x7443e373ed5a58a5ae3c9d6a2484b35fa5c40ecd650573bae1c507b2a00dfdb2,SOL,2026-07-02T00:00:58.362673+00:00,241.637327,1.974673,15,2.0,0.03999999999999998,0.2,0.24,True,False,False,3.0,0.0,0.0,3.0,0.0,0.13,0.14,0.0,-0.22500000000000003,0.0,-0.22500000000000003,3.0,-0.07500000000000001,sol_15s
5,0x7443e373ed5a58a5ae3c9d6a2484b35fa5c40ecd650573bae1c507b2a00dfdb2,SOL,2026-07-02T00:02:52.365809+00:00,127.634191,1.980809,15,2.0,0.030000000000000006,0.04,0.07,True,False,False,46.875,0.0,0.0,46.875,0.0,0.02,0.03,0.0,-1.171875,0.0,-1.171875,46.875,-0.025,sol_15s
5,0x7443e373ed5a58a5ae3c9d6a2484b35fa5c40ecd650573bae1c507b2a00dfdb2,SOL,2026-07-02T00:03:40.373542+00:00,79.626458,1.993542,15,2.0,0.030000000000000006,0.04,0.07,False,True,False,0.0,4.84875,0.0,0.0,4.84875,0.07,0.08,0.0,0.0,-0.07273124999999998,-0.07273124999999998,4.84875,-0.014999999999999998,sol_15s
5,0xeddf45555c913fd350e7cf2de8cc2e453f7937affb695b0837b68b3f138b0889,SOL,2026-07-02T00:05:10.366046+00:00,289.633954,1.995046,15,2.0,0.050000000000000044,0.58,0.63,False,True,False,0.0,1.875,0.0,0.0,1.875,0.7,0.72,0.0,0.0,-0.17812499999999995,-0.17812499999999995,1.875,-0.09499999999999997,sol_15s
5,0x0b7afa9b0852f4da0eb237bf817bcb7f8aef5e68dd95d52baba20abc06c16376,SOL,2026-07-02T00:37:38.369529+00:00,141.630471,1.981529,15,2.0,0.050000000000000044,0.58,0.63,True,False,False,10.350000000000001,0.0,0.0,10.350000000000001,0.0,0.5,0.51,0.0,-0.8797499999999997,0.0,-0.8797499999999997,10.350000000000001,-0.08499999999999996,sol_15s
5,0x42914c6bb1e2e530a0632a2cf66f2cd356443d6a9bb35294fc99bf559e6803c0,SOL,2026-07-02T00:41:58.364487+00:00,181.635513,1.869487,15,2.0,0.030000000000000027,0.64,0.67,True,False,False,6.0,0.0,0.0,6.0,0.0,0.61,0.63,0.0,-0.21000000000000013,0.0,-0.21000000000000013,6.0,-0.035000000000000024,sol_15s
5,0x42914c6bb1e2e530a0632a2cf66f2cd356443d6a9bb35294fc99bf559e6803c0,SOL,2026-07-02T00:43:34.373354+00:00,85.626646,1.987354,15,2.0,0.04999999999999999,0.19,0.24,False,True,False,0.0,4.875,0.0,0.0,4.875,0.32,0.33,0.0,0.0,-0.4631250000000001,-0.4631250000000001,4.875,-0.09500000000000003,sol_15s
5,0xdec242bca8a3ee0ef79a721e94ead8e0fdad3b8cc816e2178ffa5c8e5c19a94e,SOL,2026-07-02T01:23:58.362180+00:00,61.63782,1.82518,15,2.0,0.030000000000000027,0.58,0.61,True,False,False,45.135,0.0,0.0,45.135,0.0,0.51,0.52,0.0,-3.3851249999999977,0.0,-3.3851249999999977,45.135,-0.07499999999999996,sol_15s
5,0x983e0264ab97aa4514966051d9e29b802de59fa829e3849ad4946a1a580cd11c,SOL,2026-07-02T01:26:16.365844+00:00,223.634156,1.979844,15,2.0,0.039999999999999925,0.78,0.82,False,True,False,0.0,1.875,0.0,0.0,1.875,0.79,0.8,0.0,0.0,0.028124999999999824,0.028124999999999824,1.875,0.014999999999999906,sol_15s
5,0xaff024a7de1f32094d8355e7c0b9cdf14afde6663af11dac1f6a3ed674459103,SOL,2026-07-02T02:00:02.360622+00:00,297.639378,1.947622,15,2.0,0.10999999999999999,0.5,0.61,True,False,False,7.425000000000001,0.0,0.0,7.425000000000001,0.0,0.37,0.38,0.0,-1.0023750000000002,0.0,-1.0023750000000002,7.425000000000001,-0.135,sol_15s
5,0xf0d9104930e71c00c527df01b0b5f73b9bcd6ffee51248bbfc9deee1b77e5b2d,SOL,2026-07-02T02:22:06.371241+00:00,173.628759,1.934241,15,2.0,0.030000000000000027,0.71,0.74,True,False,False,4.199999999999999,0.0,0.0,4.199999999999999,0.0,0.63,0.64,0.0,-0.3569999999999998,0.0,-0.3569999999999998,4.199999999999999,-0.08499999999999996,sol_15s
5,0x76b13b3c71447a69f1b18cf9490af78510aea595fe35d4047c2847755158b258,SOL,2026-07-02T02:51:12.362595+00:00,227.637405,1.502595,15,2.0,0.030000000000000027,0.29,0.32,True,True,True,8.595,36.525000000000006,8.595,0.0,27.930000000000007,0.47,0.48,0.17190000000000022,0.0,-4.60845,-4.43655,45.120000000000005,-0.09832779255319149,sol_15s
5,0xcde95bc4fa1b5a953bf65e4db1087f593529b0dbe4cc8c117f994627a62a3f20,SOL,2026-07-02T02:56:22.372155+00:00,217.627845,1.999155,15,2.0,0.030000000000000027,0.72,0.75,True,True,True,7.5,45.01875,7.5,0.0,37.51875,0.75,0.76,0.1500000000000002,0.0,-0.5627812500000003,-0.41278125000000015,52.51875,-0.007859692966797576,sol_15s
5,0xd69c5b7ce1b66fe7745e070b544d04de2517e4b2093ff8309c5573bb8b38ce57,SOL,2026-07-02T03:38:22.362953+00:00,97.637047,1.976953,15,2.0,0.04999999999999999,0.25,0.3,True,True,True,1.935,1.875,1.875,0.06000000000000005,0.0,0.61,0.62,0.07499999999999997,0.021300000000000017,-0.0,0.09629999999999998,3.81,0.025275590551181098,sol_15s
5,0xf0e9dccff018e5c4278fe0a0944bbe81681e11b39a2a1728429bdaa7c0edf7f8,SOL,2026-07-02T04:17:48.372098+00:00,131.627902,1.231098,15,2.0,0.05000000000000002,0.21,0.26,True,False,False,31.875,0.0,0.0,31.875,0.0,0.22,0.23,0.0,0.15937500000000027,0.0,0.15937500000000027,31.875,0.005000000000000009,sol_15s
5,0xf0e9dccff018e5c4278fe0a0944bbe81681e11b39a2a1728429bdaa7c0edf7f8,SOL,2026-07-02T04:18:26.365604+00:00,93.634396,1.923604,15,2.0,0.030000000000000013,0.11,0.14,True,True,True,4.199999999999999,7.5,4.199999999999999,0.0,3.3000000000000007,0.07,0.08,0.08400000000000003,-0.0,0.18150000000000008,0.2655000000000001,11.7,0.022692307692307706,sol_15s
5,0xfdd4d7f9eadc398c0df23a59aadb9ee61a56855c54b6ac9520602a5973e42087,SOL,2026-07-02T12:32:08.372675+00:00,171.627325,1.901675,15,2.0,0.04,0.04,0.08,True,False,False,14.2275,0.0,0.0,14.2275,0.0,0.05,0.06,0.0,0.07113750000000002,0.0,0.07113750000000002,14.2275,0.005000000000000002,sol_15s
5,0xa5b6bad869be795d3251c6c3746c657170887453c6b7a0465faa101998f6e730,SOL,2026-07-02T13:32:24.371066+00:00,155.628934,1.676066,15,2.0,0.030000000000000027,0.95,0.98,True,False,False,3.75,0.0,0.0,3.75,0.0,0.89,0.92,0.0,-0.2437499999999998,0.0,-0.2437499999999998,3.75,-0.06499999999999995,sol_15s
5,0xba6acf8da6d345173ee24e2b41e7d98ae87fb2f39f6c0d1839c33229ec4b802b,SOL,2026-07-02T14:00:28.373418+00:00,271.626582,1.695418,15,2.0,0.030000000000000027,0.24,0.27,False,True,False,0.0,11.100000000000001,0.0,0.0,11.100000000000001,0.24,0.26,0.0,-0.0,0.055500000000000105,0.055500000000000105,11.100000000000001,0.005000000000000009,sol_15s
5,0x2fe107fbed98dce676cec877143f56698e156c7eee8c7c59e7b602983692e9d1,SOL,2026-07-02T14:46:12.364025+00:00,227.635975,1.484025,15,2.0,0.030000000000000027,0.74,0.77,True,True,True,6.0,13.03125,6.0,0.0,7.03125,0.78,0.79,0.12000000000000015,0.0,-0.17578125000000014,-0.05578124999999999,19.03125,-0.0029310344827586203,sol_15s
1,0x10b94fc16e760e9861168bfa5c164715dc694173a5fdfb9586e93161a4972310,SOL,2026-06-23T12:19:37.893616+00:00,22.106384,1.982616,5,2.0,0.040000000000000036,0.89,0.93,False,True,False,0.0,5.625,0.0,0.0,5.625,0.96,0.98,0.0,0.0,-0.3093749999999996,-0.3093749999999996,5.625,-0.05499999999999993,near_expiry_5s
1,0xc343baf5a3c07eed88ed83884d909c1d89e3a4e48a2faa1fcb8c2dd0e3160d80,SOL,2026-06-23T12:34:31.895535+00:00,28.104465,1.849535,5,2.0,0.04999999999999999,0.13,0.18,True,False,False,19.361250000000002,0.0,0.0,19.361250000000002,0.0,0.03,0.05,0.0,-2.0329312500000003,0.0,-2.0329312500000003,19.361250000000002,-0.10500000000000001,near_expiry_5s
1,0xc343baf5a3c07eed88ed83884d909c1d89e3a4e48a2faa1fcb8c2dd0e3160d80,SOL,2026-06-23T12:34:35.895227+00:00,24.104773,1.929227,5,2.0,0.039999999999999994,0.05,0.09,True,False,False,45.24,0.0,0.0,45.24,0.0,0.01,0.03,0.0,-2.0358,0.0,-2.0358,45.24,-0.045,near_expiry_5s
1,0x34f388ea2caf2ef34e04aa72b3bdcbaa361e7c7c83e470a2275b92b6cdad2850,ETH,2026-06-23T12:39:31.901181+00:00,28.098819,1.919181,5,2.0,0.030000000000000027,0.86,0.89,False,True,False,0.0,34.214999999999996,0.0,0.0,34.214999999999996,0.93,0.94,0.0,0.0,-1.8818249999999974,-1.8818249999999974,34.214999999999996,-0.05499999999999993,near_expiry_5s
1,0x34f388ea2caf2ef34e04aa72b3bdcbaa361e7c7c83e470a2275b92b6cdad2850,ETH,2026-06-23T12:39:43.906988+00:00,16.093012,1.885988,5,2.0,0.030000000000000027,0.94,0.97,True,False,False,7.5,0.0,0.0,7.5,0.0,0.9,0.97,0.0,-0.3374999999999994,-0.0,-0.3374999999999994,7.5,-0.04499999999999992,near_expiry_5s
1,0x8b41f43723ed2376613e6cb25752aa4b4d5e9bdb3889582ba5ba852357abbb7d,ETH,2026-06-23T12:49:31.898603+00:00,28.101397,1.940603,5,2.0,0.05999999999999997,0.23,0.29,True,False,False,3.75,0.0,0.0,3.75,0.0,0.13,0.14,0.0,-0.39375000000000004,0.0,-0.39375000000000004,3.75,-0.10500000000000001,near_expiry_5s
1,0x15a852526dd1af8d62e66b9376aac4181687555c1f0228c12e65af0f5c9aa5ac,SOL,2026-06-23T12:59:33.898080+00:00,26.10192,1.88108,5,2.0,0.039999999999999925,0.91,0.95,False,False,False,0.0,0.0,0.0,0.0,0.0,0.94,0.95,0.0,0.0,-0.0,0.0,0.0,0.0,near_expiry_5s
1,0x9733b42d1fb76098059e7c11035a934014328e6843926418cd749e9d4c930fc6,SOL,2026-06-23T13:29:33.897284+00:00,26.102716,1.580284,5,2.0,0.12,0.76,0.88,False,True,False,0.0,18.26625,0.0,0.0,18.26625,0.91,0.92,0.0,0.0,-0.8219812500000006,-0.8219812500000006,18.26625,-0.04500000000000003,near_expiry_5s
1,0xd68e42d84a189dae829a6ea4842f2da8c132141897e3f6c1cbb9806b63d5d6a6,ETH,2026-06-23T13:39:31.894540+00:00,28.10546,1.94454,5,2.0,0.040000000000000036,0.48,0.52,True,True,True,2.25,8.1975,2.25,0.0,5.9475,0.58,0.63,0.06750000000000007,0.0,-0.6839624999999999,-0.6164624999999998,10.4475,-0.059005743000717856,near_expiry_5s
1,0x97f5cfd13442b025c62c1138ebc86dabde8d73ef9b8c2b4f0900727b23e3d78e,SOL,2026-06-23T13:44:35.892637+00:00,24.107363,1.592637,5,2.0,0.030000000000000027,0.36,0.39,True,True,True,11.175,7.395,7.395,3.780000000000001,0.0,0.12,0.13,0.14790000000000017,-0.9261000000000003,0.0,-0.7782000000000001,18.57,-0.04190630048465267,near_expiry_5s
1,0x842fc6a521c178540e1304f49a44b481dfd0f2967e64ecc7d6c399ac5566011c,ETH,2026-06-23T13:49:35.898576+00:00,24.101424,1.250576,5,2.0,0.07,0.32,0.39,True,True,True,3.9375,7.0874999999999995,3.9375,0.0,3.1499999999999995,0.4,0.42,0.23625000000000002,0.0,-0.11024999999999988,0.12600000000000014,11.024999999999999,0.011428571428571442,near_expiry_5s
1,0xb4eacf7c806d5bb36b89f6c716ba7bb71bc0ab90e226c7589aeac5eec0d4160b,BTC,2026-06-23T13:49:35.898576+00:00,24.101424,1.815576,5,2.0,0.030000000000000027,0.3,0.33,False,True,False,0.0,38.4075,0.0,0.0,38.4075,0.5,0.53,0.0,0.0,-7.8735375,-7.8735375,38.4075,-0.20500000000000002,near_expiry_5s
1,0x842fc6a521c178540e1304f49a44b481dfd0f2967e64ecc7d6c399ac5566011c,ETH,2026-06-23T13:49:39.894546+00:00,20.105454,1.930546,5,2.0,0.05000000000000002,0.23,0.28,False,True,False,0.0,14.625,0.0,0.0,14.625,0.63,0.66,0.0,0.0,-5.630625,-5.630625,14.625,-0.385,near_expiry_5s
1,0xb4eacf7c806d5bb36b89f6c716ba7bb71bc0ab90e226c7589aeac5eec0d4160b,BTC,2026-06-23T13:49:43.906073+00:00,16.093927,0.701073,5,2.0,0.030000000000000027,0.5,0.53,False,True,False,0.0,46.875,0.0,0.0,46.875,0.6,0.61,0.0,0.0,-3.9843749999999982,-3.9843749999999982,46.875,-0.08499999999999996,near_expiry_5s
1,0x70afc5ab1931caa532b7a54d6e62bf5c23929ab3aefa982fe6f5c25d95c716f0,ETH,2026-06-23T14:19:35.904845+00:00,24.095155,1.375845,5,2.0,0.06999999999999995,0.5,0.57,False,True,False,0.0,2.25,0.0,0.0,2.25,0.94,0.95,0.0,0.0,-0.86625,-0.86625,2.25,-0.385,near_expiry_5s
1,0x70afc5ab1931caa532b7a54d6e62bf5c23929ab3aefa982fe6f5c25d95c716f0,ETH,2026-06-23T14:19:41.905851+00:00,18.094149,1.599851,5,2.0,0.04999999999999993,0.77,0.82,False,True,False,0.0,46.875,0.0,0.0,46.875,0.85,0.94,0.0,0.0,-5.859375,-5.859375,46.875,-0.125,near_expiry_5s
1,0x22879c97e18fffc7a75629762d84fb31f4cb45fb26a1a2c716c6bcea686ac0e2,SOL,2026-06-23T14:34:31.903165+00:00,28.096835,1.996165,5,2.0,0.039999999999999994,0.11,0.15,True,True,True,7.949999999999999,4.5,4.5,3.4499999999999993,0.0,0.18,0.19,0.13499999999999995,0.22424999999999992,-0.0,0.35924999999999985,12.45,0.028855421686746978,near_expiry_5s
1,0xe901987bf33c4aecfb97d97b07ea58f8cf1ca469727312c56659bc81fee44fef,SOL,2026-06-23T14:39:43.896278+00:00,16.103722,1.099278,5,2.0,0.05999999999999994,0.91,0.97,True,False,False,10.8,0.0,0.0,10.8,0.0,0.77,0.78,0.0,-1.5660000000000003,0.0,-1.5660000000000003,10.8,-0.14500000000000002,near_expiry_5s
1,0xc29b24bcfccc189932f81753de2c955066cbef33e7b44de7c38624f35388f58f,SOL,2026-06-23T15:14:37.895685+00:00,22.104315,1.484685,5,2.0,0.08000000000000002,0.44,0.52,False,True,False,0.0,3.75,0.0,0.0,3.75,0.5,0.51,0.0,0.0,0.018750000000000034,0.018750000000000034,3.75,0.005000000000000009,near_expiry_5s
1,0xc0129694e84a02cf4af39323b9c6d51de7367f132d5479745615e89204c7b0ba,SOL,2026-06-23T16:14:35.895387+00:00,24.104613,1.934387,5,2.0,0.06999999999999999,0.05,0.12,False,True,False,0.0,8.100000000000001,0.0,0.0,8.100000000000001,0.41,0.42,0.0,0.0,-2.4705000000000004,-2.4705000000000004,8.100000000000001,-0.305,near_expiry_5s
2,0x21a111cfa27ae7be0176c805e7b9ce2334df85f81c2be6e126ae8679428094c6,SOL,2026-06-23T21:54:49.671911+00:00,10.328089,1.712911,5,2.0,0.040000000000000036,0.89,0.93,True,True,True,7.758750000000001,38.756249999999994,7.758750000000001,0.0,30.997499999999995,0.91,0.95,0.2327625000000003,0.0,-0.7749374999999971,-0.5421749999999967,46.51499999999999,-0.011655917445985098,near_expiry_5s
2,0x3b586f9e5a825e4119cf02ce274943dccec3647e37cfb297bda9daeed712985a,ETH,2026-06-23T22:19:33.665762+00:00,26.334238,1.580762,5,2.0,0.08000000000000007,0.59,0.67,True,False,False,1.875,0.0,0.0,1.875,0.0,0.22,0.23,0.0,-0.703125,0.0,-0.703125,1.875,-0.375,near_expiry_5s
2,0x81cd3bd48907d2b50fbe0f09ea2d11a9e533b34f699153f4faf9337e739c9987,SOL,2026-06-23T22:19:35.672303+00:00,24.327697,1.865303,5,2.0,0.06000000000000005,0.84,0.9,False,False,False,0.0,0.0,0.0,0.0,0.0,0.85,0.86,0.0,0.0,0.0,0.0,0.0,0.0,near_expiry_5s
2,0x9b7ba5747f92e7640651d7db270fe087689ddf81d94d9df3237ca39f6bb80233,SOL,2026-06-24T00:59:31.672118+00:00,28.327882,1.216118,5,2.0,0.03999999999999998,0.34,0.38,True,False,False,8.595,0.0,0.0,8.595,0.0,0.29,0.33,0.0,-0.4727250000000004,0.0,-0.4727250000000004,8.595,-0.05500000000000004,near_expiry_5s
5,0x36d3a0bfa79de20fdf15122d360f4e6bbf48a1cc6347f13d76e81151fff6f8f4,SOL,2026-07-01T21:29:30.369832+00:00,29.630168,1.947832,5,2.0,0.030000000000000027,0.71,0.74,False,True,False,0.0,1.8975,0.0,0.0,1.8975,0.96,0.97,0.0,0.0,-0.4459125,-0.4459125,1.8975,-0.235,near_expiry_5s
5,0x36d3a0bfa79de20fdf15122d360f4e6bbf48a1cc6347f13d76e81151fff6f8f4,SOL,2026-07-01T21:29:44.363042+00:00,15.636958,1.940042,5,2.0,0.030000000000000027,0.87,0.9,False,True,False,0.0,12.701249999999998,0.0,0.0,12.701249999999998,0.9,0.99,0.0,0.0,-1.2066187499999994,-1.2066187499999994,12.701249999999998,-0.09499999999999997,near_expiry_5s
5,0xccddd1603d20c4477f2ac4e9f226747d540c9f0fe9ebc85b76cbdd992afa90a5,SOL,2026-07-01T21:39:32.368794+00:00,27.631206,1.982794,5,2.0,0.050000000000000044,0.83,0.88,False,True,False,0.0,2.07,0.0,0.0,2.07,0.86,0.92,0.0,0.0,-0.09315000000000007,-0.09315000000000007,2.07,-0.04500000000000003,near_expiry_5s
5,0xdc82514297e0235817b0c260d0771daa18aea7590d6e89abcc8c7273355ae68a,BTC,2026-07-01T21:39:32.368794+00:00,27.631206,1.972794,5,2.0,0.04999999999999993,0.89,0.94,True,True,True,26.02875,35.006249999999994,26.02875,0.0,8.977499999999996,0.87,0.88,1.0411499999999982,-0.0,0.49376249999999927,1.5349124999999975,61.035,0.025148070779061154,near_expiry_5s
5,0xccddd1603d20c4477f2ac4e9f226747d540c9f0fe9ebc85b76cbdd992afa90a5,SOL,2026-07-01T21:39:40.363129+00:00,19.636871,1.880129,5,2.0,0.06000000000000005,0.86,0.92,True,False,False,4.5,0.0,0.0,4.5,0.0,0.51,0.58,0.0,-1.5975,0.0,-1.5975,4.5,-0.355,near_expiry_5s
5,0xdc82514297e0235817b0c260d0771daa18aea7590d6e89abcc8c7273355ae68a,BTC,2026-07-01T21:39:46.366726+00:00,13.633274,1.924726,5,2.0,0.09000000000000002,0.25,0.34,True,False,False,10.4475,0.0,0.0,10.4475,0.0,0.22,0.25,0.0,-0.36566249999999995,0.0,-0.36566249999999995,10.4475,-0.034999999999999996,near_expiry_5s
5,0xccddd1603d20c4477f2ac4e9f226747d540c9f0fe9ebc85b76cbdd992afa90a5,SOL,2026-07-01T21:39:48.372046+00:00,11.627954,1.974046,5,2.0,0.06999999999999995,0.51,0.58,False,True,False,0.0,8.73375,0.0,0.0,8.73375,0.56,0.57,0.0,0.0,0.04366875000000008,0.04366875000000008,8.73375,0.005000000000000009,near_expiry_5s
5,0x7f95e1d134e20d37bac046b26b1986bea147bc22b45da2b3c4fa93a7907a0e64,SOL,2026-07-01T21:59:34.371279+00:00,25.628721,1.857279,5,2.0,0.050000000000000044,0.88,0.93,False,True,False,0.0,35.625,0.0,0.0,35.625,0.92,0.93,0.0,0.0,-0.178125,-0.178125,35.625,-0.005,near_expiry_5s
5,0x2f68e5085157ce2b5aaa31b91e618d5c8d2dce65f9509715d4ce9fd8b8de65ec,SOL,2026-07-01T22:09:30.374445+00:00,29.625555,1.874445,5,2.0,0.030000000000000027,0.62,0.65,True,False,False,1.875,0.0,0.0,1.875,0.0,0.59,0.6,0.0,-0.06562500000000004,0.0,-0.06562500000000004,1.875,-0.035000000000000024,near_expiry_5s
5,0x340d3d5de6e444ab546808ae503a7419a2ed362dea8875973ba24e84868f0bdd,ETH,2026-07-01T22:09:40.362252+00:00,19.637748,1.866252,5,2.0,0.17999999999999994,0.66,0.84,True,False,False,44.1075,0.0,0.0,44.1075,0.0,0.58,0.59,0.0,-3.7491375000000033,0.0,-3.7491375000000033,44.1075,-0.08500000000000008,near_expiry_5s
5,0x017e87d37f6ccec42d134265e6d538a4d2a20f4c4db0a71828799121719cbc8e,SOL,2026-07-01T22:14:32.362218+00:00,27.637782,1.959218,5,2.0,0.04999999999999993,0.89,0.94,False,True,False,0.0,46.875,0.0,0.0,46.875,0.94,0.97,0.0,0.0,-1.640625000000001,-1.640625000000001,46.875,-0.035000000000000024,near_expiry_5s
5,0x017e87d37f6ccec42d134265e6d538a4d2a20f4c4db0a71828799121719cbc8e,SOL,2026-07-01T22:14:40.373782+00:00,19.626218,1.908782,5,2.0,0.030000000000000027,0.94,0.97,False,True,False,0.0,13.23,0.0,0.0,13.23,0.98,0.99,0.0,0.0,-0.33075000000000027,-0.33075000000000027,13.23,-0.02500000000000002,near_expiry_5s
5,0x16ec952417f39d82675580663b49161fa387ea1ab867e3eba4ce081226d994d8,BTC,2026-07-01T22:19:36.372628+00:00,23.627372,1.997628,5,2.0,0.030000000000000027,0.49,0.52,True,True,True,4.5,4.77375,4.5,0.0,0.2737499999999997,0.33,0.34,0.09000000000000011,-0.0,0.04790624999999995,0.13790625000000006,9.27375,0.014870602507076433,near_expiry_5s
5,0x16ec952417f39d82675580663b49161fa387ea1ab867e3eba4ce081226d994d8,BTC,2026-07-01T22:19:48.364186+00:00,11.635814,1.991186,5,2.0,0.07000000000000006,0.58,0.65,True,False,False,4.6575,0.0,0.0,4.6575,0.0,0.26,0.28,0.0,-1.5136874999999996,0.0,-1.5136874999999996,4.6575,-0.32499999999999996,near_expiry_5s
5,0x26690f30c8250f214c3c585bafacecfe21ca18c719caac4709c063c6d47267b4,SOL,2026-07-01T22:34:38.363135+00:00,21.636865,1.991135,5,2.0,0.030000000000000027,0.37,0.4,True,False,False,1.875,0.0,0.0,1.875,0.0,0.27,0.28,0.0,-0.19687499999999997,0.0,-0.19687499999999997,1.875,-0.10499999999999998,near_expiry_5s
5,0xe3072e523d36860dd178a5f6847dc9be0321afd3a248065656c43a8deb2ae75b,BTC,2026-07-01T22:39:40.360104+00:00,19.639896,1.891104,5,2.0,0.07999999999999996,0.66,0.74,True,True,True,1.8075,39.0,1.8075,0.0,37.1925,0.76,0.77,0.12652499999999994,0.0,-1.3017375000000009,-1.1752125000000009,40.8075,-0.028798934019481737,near_expiry_5s
5,0x5fa18bc38c0901d676294b1c12ab6f628f925d47e0579a702d58f4ce1753f92c,SOL,2026-07-01T22:44:40.375028+00:00,19.624972,1.973028,5,2.0,0.03999999999999998,0.39,0.43,False,True,False,0.0,1.875,0.0,0.0,1.875,0.41,0.43,0.0,0.0,-0.009375,-0.009375,1.875,-0.005,near_expiry_5s
5,0x360163fb201cf5968c18b95bea9ea049d4f81fa746a3da0c8daf6549cf99e3d1,SOL,2026-07-01T22:54:30.373338+00:00,29.626662,1.972338,5,2.0,0.040000000000000036,0.89,0.93,False,True,False,0.0,46.875,0.0,0.0,46.875,0.94,0.95,0.0,0.0,-1.1718749999999958,-1.1718749999999958,46.875,-0.02499999999999991,near_expiry_5s
5,0xb6c7e449e6d565c4e8291db5deb3e0c6a21474fa6432dee9da36e3edb175f316,SOL,2026-07-01T23:34:46.365436+00:00,13.634564,1.987436,5,2.0,0.030000000000000027,0.87,0.9,True,True,True,1.9124999999999999,15.037500000000001,1.9124999999999999,0.0,13.125000000000002,0.96,0.97,0.03825000000000005,0.0,-0.9843749999999996,-0.9461249999999995,16.950000000000003,-0.05581858407079642,near_expiry_5s
5,0xef3e7f832adf354debc0098a7822b6b7a7a8f4619703523639d36e4be9b58f4a,SOL,2026-07-01T23:59:40.363349+00:00,19.636651,1.937349,5,2.0,0.060000000000000005,0.04,0.1,False,True,False,0.0,11.25,0.0,0.0,11.25,0.05,0.11,0.0,0.0,-0.16874999999999996,-0.16874999999999996,11.25,-0.014999999999999996,near_expiry_5s
5,0xef3e7f832adf354debc0098a7822b6b7a7a8f4619703523639d36e4be9b58f4a,SOL,2026-07-01T23:59:46.368590+00:00,13.63141,1.90359,5,2.0,0.039999999999999994,0.07,0.11,True,False,False,14.962499999999999,0.0,0.0,14.962499999999999,0.0,0.01,0.02,0.0,-0.9725624999999999,0.0,-0.9725624999999999,14.962499999999999,-0.065,near_expiry_5s
5,0x350c6fb4a273cdf72bea6429b9004ed7890fb6473e4de588c278add8db84a1ae,SOL,2026-07-02T00:14:34.360912+00:00,25.639088,1.989912,5,2.0,0.06,0.18,0.24,True,False,False,2.325,0.0,0.0,2.325,0.0,0.11,0.16,0.0,-0.174375,0.0,-0.174375,2.325,-0.075,near_expiry_5s
5,0x0b7afa9b0852f4da0eb237bf817bcb7f8aef5e68dd95d52baba20abc06c16376,SOL,2026-07-02T00:39:34.370640+00:00,25.62936,1.98564,5,2.0,0.08000000000000002,0.35,0.43,True,True,True,4.199999999999999,1.875,1.875,2.3249999999999993,0.0,0.13,0.14,0.13125000000000003,-0.5231249999999998,0.0,-0.3918749999999998,6.074999999999999,-0.06450617283950615,near_expiry_5s
5,0x42914c6bb1e2e530a0632a2cf66f2cd356443d6a9bb35294fc99bf559e6803c0,SOL,2026-07-02T00:44:40.365416+00:00,19.634584,1.999416,5,2.0,0.030000000000000013,0.11,0.14,False,True,False,0.0,16.732499999999998,0.0,0.0,16.732499999999998,0.53,0.54,0.0,0.0,-6.7766625,-6.7766625,16.732499999999998,-0.405,near_expiry_5s
5,0x91728a3a9b949321d37c9161047964264e50f2af87e9130d833475132c720e26,BTC,2026-07-02T00:59:46.363749+00:00,13.636251,1.998749,5,2.0,0.030000000000000027,0.43,0.46,True,True,True,46.875,15.0,15.0,31.875,0.0,0.53,0.54,0.3000000000000004,3.028125000000001,-0.0,3.3281250000000013,61.875,0.05378787878787881,near_expiry_5s
