market_id,question,asset,window_start,window_end,yes_token_id,no_token_id,liquidity,volume,active,closed,lifecycle,discovered_at,updated_at,snapshots,opportunities,skip_reason
0xee90821efc94653c995d4583794da5c87e3c033a1e0a24f1f4ee824d2357c750,"Bitcoin Up or Down - June 25, 4:05PM-4:10PM ET",BTC,2026-06-25T20:05:00+00:00,2026-06-25T20:10:00+00:00,105054637964541117307003366754637628719864551220699685706728091503445700345909,97936516720686805360104800913654895834901772655708531913286054029649876167166,20256.766,974.9222439999998,True,False,closed,2026-06-25T20:07:54.818510+00:00,2026-06-25T20:10:00.811626+00:00,62,0,
0x87a6fd8572d3a4fd162e6a3bfe41b91390a20e2744dabc4f88fd62e45c118f56,"Ethereum Up or Down - June 25, 4:05PM-4:10PM ET",ETH,2026-06-25T20:05:00+00:00,2026-06-25T20:10:00+00:00,38480594431221100371323642949100656099388137118054100248090238600612321579483,59418119909723120771759352401649809462824654078278758822057326270329065065860,5409.7747,5.0,True,False,closed,2026-06-25T20:07:54.818510+00:00,2026-06-25T20:10:00.811626+00:00,62,0,
0x28f1396ee955118efdf5bdc69346645d0ca8835c1337ac8e8db146427e22fa5a,"Solana Up or Down - June 25, 4:05PM-4:10PM ET",SOL,2026-06-25T20:05:00+00:00,2026-06-25T20:10:00+00:00,13962424777741531476891854564682984820294191810433816983985184118118142805406,80019394315841874896234831618726592603422578267802475652054110856609969937035,2684.5722,5.0,True,False,closed,2026-06-25T20:07:54.818510+00:00,2026-06-25T20:10:00.811626+00:00,62,0,
0x51268f8f58d02cd4e1bec8d00692aa7e52ebabe64f5620740e28dc9bf205c24d,"Bitcoin Up or Down - June 25, 4:10PM-4:15PM ET",BTC,2026-06-25T20:10:00+00:00,2026-06-25T20:15:00+00:00,94066196689205833955174253942264489434089321607648967292168375484199507513634,49606576133149827619687807278260812255010544625774188551073447650900139077256,15947.3761,50.0,True,False,closed,2026-06-25T20:07:54.818510+00:00,2026-06-25T20:15:00.806925+00:00,149,0,
0x93e6c1b70b6596fb49f293eff7c7fa1bcf6272c3ff48ba0c8d6811c43c4988b2,"Ethereum Up or Down - June 25, 4:10PM-4:15PM ET",ETH,2026-06-25T20:10:00+00:00,2026-06-25T20:15:00+00:00,87934745099258328440808192799390296005426599901987703691098934445017763323710,76085024876718488342372339829047970104824258256601710076376431427573636772895,6037.1794,0.0,True,False,closed,2026-06-25T20:07:54.818510+00:00,2026-06-25T20:15:00.806925+00:00,149,0,
0x13774c2c23cdf311d1be162b7c7215bdb2efcdd0f956bfea1031a9ac1d835424,"Solana Up or Down - June 25, 4:10PM-4:15PM ET",SOL,2026-06-25T20:10:00+00:00,2026-06-25T20:15:00+00:00,15047846816318436795026087934901698754023061780367198786771680893581496341795,17733084771991254516916574586790440194630063736416329442749867060431498107339,2247.452,0.0,True,False,closed,2026-06-25T20:07:54.818510+00:00,2026-06-25T20:15:00.806925+00:00,149,0,
0xac9139c518e392a875f62e63f04cbce8023219154217711edb7fe2231ebd89c6,"Bitcoin Up or Down - June 25, 4:15PM-4:20PM ET",BTC,2026-06-25T20:15:00+00:00,2026-06-25T20:20:00+00:00,75356087608309050452356937338902577262910317124934484555305836501884890952510,86257285385012506177247920420972151765074521549871276058173274794994365365213,15631.264,21.960783,True,False,closed,2026-06-25T20:10:42.817862+00:00,2026-06-25T20:20:00.807277+00:00,149,0,
0x9a45530cac4285dc440738508a907ab9c508f77712544054f5078c8bc3cba2da,"Ethereum Up or Down - June 25, 4:15PM-4:20PM ET",ETH,2026-06-25T20:15:00+00:00,2026-06-25T20:20:00+00:00,19987981046951921047110178359966116939458397849863507628562113495782092206182,30278423933548213974518870934456776693998420886156010835846787694470373121541,5324.0874,0.0,True,False,closed,2026-06-25T20:10:42.817862+00:00,2026-06-25T20:20:00.807277+00:00,149,0,
0x8e8cce1fe5003190a0753e53d64c98c322edba505bc221e311d21fe127bd3097,"Solana Up or Down - June 25, 4:15PM-4:20PM ET",SOL,2026-06-25T20:15:00+00:00,2026-06-25T20:20:00+00:00,2650438163259562673182333828000994335267657161552661374353306821154799575675,78354051530254652031600106334481736498161368005652152128549487201658947250736,2301.1516,0.0,True,False,closed,2026-06-25T20:10:42.817862+00:00,2026-06-25T20:20:00.807277+00:00,148,0,
0xa9aa5ed2e3acb5ad42bc28a6359883d9b95fa64b309c5f19223848b55c6f4827,"Bitcoin Up or Down - June 25, 4:20PM-4:25PM ET",BTC,2026-06-25T20:20:00+00:00,2026-06-25T20:25:00+00:00,27659993395017037030058534129079322877693568169246881685055843245332608304825,82385692374039076392192196592215934402826443186621304871192335686500227306830,16004.4974,10.05,True,False,closed,2026-06-25T20:16:06.811722+00:00,2026-06-25T20:25:00.810092+00:00,149,0,
0xb97839e336991f9c13acdcacbad1f6e7b2fdc3c567f3588a3d74375b0c8e0c3a,"Ethereum Up or Down - June 25, 4:20PM-4:25PM ET",ETH,2026-06-25T20:20:00+00:00,2026-06-25T20:25:00+00:00,32186832643484764942200659516308847126549966707862069394527472547907403438952,84238893120923805496265712384746843232634517043490654216289475819205314013823,5283.7778,5.0,True,False,closed,2026-06-25T20:16:06.811722+00:00,2026-06-25T20:25:00.810092+00:00,149,0,
0x5fabf2726f0ffedbae0cf8451ba57b06dc8483d7a0d4ca911df746b2b515790c,"Solana Up or Down - June 25, 4:20PM-4:25PM ET",SOL,2026-06-25T20:20:00+00:00,2026-06-25T20:25:00+00:00,63364031787697582953330542651615792124413730586636763658380119208638056462543,78172996711112680939042469727892407555118874823536519218652742220436666555174,2301.7715,0.0,True,False,closed,2026-06-25T20:16:06.811722+00:00,2026-06-25T20:25:00.810092+00:00,149,0,
0xa00759d54a0a1b3f7466dc0987d37540b43c9e81d4cbcc69d36c4bedb4f0a0aa,"Bitcoin Up or Down - June 25, 4:25PM-4:30PM ET",BTC,2026-06-25T20:25:00+00:00,2026-06-25T20:30:00+00:00,109272546095157986471245591491794077503154484399990754168529106820178756923209,90398760461109884893355210755121863612418247448599559021062099874158859278324,16030.1848,15.0,True,False,closed,2026-06-25T20:20:18.807723+00:00,2026-06-25T20:30:00.814659+00:00,149,0,
0xea2c3752d4723e1377cfb16d0a27f86c8c40be02876e69947b2dec2994a5790f,"Ethereum Up or Down - June 25, 4:25PM-4:30PM ET",ETH,2026-06-25T20:25:00+00:00,2026-06-25T20:30:00+00:00,13529128808836881870909737642075053009811001572544684641704842751868198140004,39234461661299696159562205840606534664900707635879044242446245271075077173504,5312.0269,0.0,True,False,closed,2026-06-25T20:20:18.807723+00:00,2026-06-25T20:30:00.814659+00:00,149,0,
0x73083334a428782419057911d6866cb3bd47e7fb1c0a3ae93ea7c086658d148a,"Solana Up or Down - June 25, 4:25PM-4:30PM ET",SOL,2026-06-25T20:25:00+00:00,2026-06-25T20:30:00+00:00,67104066372948862404883422717868343505612036729463157038713096771872879376350,25909162835742044284129298490559128025996293286418578033811396030496557597303,2270.4792,10.0,True,False,closed,2026-06-25T20:20:18.807723+00:00,2026-06-25T20:30:00.814659+00:00,149,0,
0x0e65bd8f2c35d139a7a6aaf971af2cf90bcdbc0253585f6e57c5df4eb16c2295,"Bitcoin Up or Down - June 25, 4:30PM-4:35PM ET",BTC,2026-06-25T20:30:00+00:00,2026-06-25T20:35:00+00:00,40279961987165001255963911656353291356314899782715606064819699687558809748618,56945347763516910724525428644343751783614861222283751388338772986204490030750,15448.196,34.0,True,False,closed,2026-06-25T20:25:36.812080+00:00,2026-06-25T20:35:00.808384+00:00,149,0,
0x047e0f6c8579b1c7544b39398c5785e3a937cbc28143c7f1a372f27ecec97f24,"Ethereum Up or Down - June 25, 4:30PM-4:35PM ET",ETH,2026-06-25T20:30:00+00:00,2026-06-25T20:35:00+00:00,13256458961926715934091378630008463074914565789987903513688862975365467085254,22792836744604116956136375774295970701824090384581153022499963383711951363620,5271.0748,5.0,True,False,closed,2026-06-25T20:25:36.812080+00:00,2026-06-25T20:35:00.808384+00:00,149,0,
0xfe6d691152c08da442f9ec7eaf80644b71667c9e58119a7edf342434e4c81c1b,"Solana Up or Down - June 25, 4:30PM-4:35PM ET",SOL,2026-06-25T20:30:00+00:00,2026-06-25T20:35:00+00:00,59013998601046828027959173696623123504002670896238354439601092322377707100276,52822684443004476978182607524536357330385592773264612651628866460670251847582,2316.6699,5.0,True,False,closed,2026-06-25T20:25:36.812080+00:00,2026-06-25T20:35:00.808384+00:00,149,0,
0x36b58df237212e40efc68607e761d1f39f4dd4d6f11448f03065e5fdddd788fa,"Bitcoin Up or Down - June 25, 4:35PM-4:40PM ET",BTC,2026-06-25T20:35:00+00:00,2026-06-25T20:40:00+00:00,40567782251439657050981724988077456598613550687634733077266370886881430815463,12152650167057020393464778659362479559075120813864634033417390576726433264799,14563.5149,60.019606,True,False,closed,2026-06-25T20:31:00.815592+00:00,2026-06-25T20:40:00.817522+00:00,149,0,
0xe55e471a6cadcca3373d39159a0dfcc503b3e77b929ad7f7a1c62922ef3a0b39,"Ethereum Up or Down - June 25, 4:35PM-4:40PM ET",ETH,2026-06-25T20:35:00+00:00,2026-06-25T20:40:00+00:00,40400947952856821726219925245784131055769025399187486585309633970172860675950,46835071782403741185472596106353982641015933005324233659747876754189063808794,4705.3866,10.0,True,False,closed,2026-06-25T20:31:00.815592+00:00,2026-06-25T20:40:00.817522+00:00,149,0,
0x7a1f7adb0e95a0a1ec1ec1bdf972078fe3bf9b8c14c79c5338bad045ffbff576,"Solana Up or Down - June 25, 4:35PM-4:40PM ET",SOL,2026-06-25T20:35:00+00:00,2026-06-25T20:40:00+00:00,113345170079710928406129419782860428512141264543711538926607355925245911198527,15663844617793701230311660941695552695182766673644737610428144142094607229554,2136.7496,5.0,True,False,closed,2026-06-25T20:31:00.815592+00:00,2026-06-25T20:40:00.817522+00:00,149,0,
0xff8f564dd051590689e2036fc8e14cbcb1648e673a55ca39ab48ab03c5956212,"Bitcoin Up or Down - June 25, 4:40PM-4:45PM ET",BTC,2026-06-25T20:40:00+00:00,2026-06-25T20:45:00+00:00,27741340942720042414859313700992815001942457291508841382018876867888525595823,111905514805291762172779291134164986067674612878983008880217936453390927528781,11813.5909,28.960783,True,False,closed,2026-06-25T20:35:12.806427+00:00,2026-06-25T20:45:00.814987+00:00,142,0,
0xff8987b6e7571bf36cb24ff3342bfb08399a7a7f743205fd5a911c83d75367fe,"Ethereum Up or Down - June 25, 4:40PM-4:45PM ET",ETH,2026-06-25T20:40:00+00:00,2026-06-25T20:45:00+00:00,50332274180584267804064330490210410225203271814428641200410453557314629515643,55075571881172345476736646299956497469209532524453019338792448151879309162406,3712.117,10.0,True,False,closed,2026-06-25T20:35:12.806427+00:00,2026-06-25T20:45:00.814987+00:00,141,0,
0xce6088c1727d1b2166b06290b29197f349c2d7d10323111b27ebc92ff630428a,"Solana Up or Down - June 25, 4:40PM-4:45PM ET",SOL,2026-06-25T20:40:00+00:00,2026-06-25T20:45:00+00:00,36696816120829770259234216962654971287273527079829289469841305899659975334123,53085656994209915621441882299845701478003923307114230573401847914009617023439,2232.4704,5.0,True,False,closed,2026-06-25T20:35:12.806427+00:00,2026-06-25T20:45:00.814987+00:00,142,0,
0xe003a652339da9d78410ee8f744d2ce7fad3b88b5e3cd19dc9a97709fd81cfd2,"Bitcoin Up or Down - June 25, 4:45PM-4:50PM ET",BTC,2026-06-25T20:45:00+00:00,2026-06-25T20:50:00+00:00,62382310551209059753716908659132588367306857988102867516707953790148571938357,10654204878440497746122819304259551847669152801912541162722237986961112768553,15959.7488,10.0,True,False,closed,2026-06-25T20:40:06.811642+00:00,2026-06-25T20:50:00.817614+00:00,149,0,
0x61256eaafa3b4d0656439b32899119e6cf32200ca37568abf979e1d6c9783899,"Ethereum Up or Down - June 25, 4:45PM-4:50PM ET",ETH,2026-06-25T20:45:00+00:00,2026-06-25T20:50:00+00:00,68895259709867702112289124218287483859333499283088364357555925937610281000149,78495544590461068882866167799018786531631439020163196710177615986843259289825,6241.2266,10.0,True,False,closed,2026-06-25T20:40:06.811642+00:00,2026-06-25T20:50:00.817614+00:00,149,0,
0x7ea26ce2e3137e910e36a3ee15e83f64f2ffd643f9deed2559948f6d358a198a,"Solana Up or Down - June 25, 4:45PM-4:50PM ET",SOL,2026-06-25T20:45:00+00:00,2026-06-25T20:50:00+00:00,78213820133932134883753997868534395787452330918151193096204443775425197843263,10136364178696971007974194165283112687426603387506123016658663863057915292604,2802.3104,5.0,True,False,closed,2026-06-25T20:40:06.811642+00:00,2026-06-25T20:50:00.817614+00:00,148,0,
0x430173992f3fa73db134a2c19d78d60683a38bbd1d0b3d1434e6bf7177197268,"Bitcoin Up or Down - June 25, 4:50PM-4:55PM ET",BTC,2026-06-25T20:50:00+00:00,2026-06-25T20:55:00+00:00,11831310672636809201904506925935388248549339883588139277123013826282238333712,44422617153118713905192915633358695571209762615590807884468104392147622654297,16438.5213,16.960783,True,False,closed,2026-06-25T20:45:30.807066+00:00,2026-06-25T20:55:00.806176+00:00,148,0,
0xf671a63d1d583166bcd8b0aa987af431e6d81e1ba805e756554f431cd723ba05,"Ethereum Up or Down - June 25, 4:50PM-4:55PM ET",ETH,2026-06-25T20:50:00+00:00,2026-06-25T20:55:00+00:00,81309585093886919611180971186178104774988830746870504420934440914309668387981,81947061074899848933305142452443155974198128434713991077916671760750825763477,5770.2613,6.960783,True,False,closed,2026-06-25T20:45:30.807066+00:00,2026-06-25T20:55:00.806176+00:00,149,0,
0x345ecd2a0bfb9dc2dffef44d18ddcfa7bbd1bb1f5e221f85d529e10f9542e6aa,"Solana Up or Down - June 25, 4:50PM-4:55PM ET",SOL,2026-06-25T20:50:00+00:00,2026-06-25T20:55:00+00:00,109684471652603322184380755789512733276606262896198926398608763808104203056859,30866621275498103487042428167746667267850161003016034018156855762560588896726,2736.0095,5.0,True,False,closed,2026-06-25T20:45:30.807066+00:00,2026-06-25T20:55:00.806176+00:00,149,0,
0x2df0fb5dbbfc68e012875c61724145fa92f51d75f7e8a1a57589d549aa44a612,"Bitcoin Up or Down - June 25, 4:55PM-5:00PM ET",BTC,2026-06-25T20:55:00+00:00,2026-06-25T21:00:00+00:00,22986717756397619793846323580955937300777797958319466819804729188691022641657,103109156005921835693110803956790944024338656217958312299971079548509799778562,16356.3915,61.21176200000001,True,False,closed,2026-06-25T20:50:06.810152+00:00,2026-06-25T21:00:00.807940+00:00,149,0,
0xa67a8a652d4bec55e4ea3ae77d302538bde60b95b9247b6f8340433f32035ae7,"Ethereum Up or Down - June 25, 4:55PM-5:00PM ET",ETH,2026-06-25T20:55:00+00:00,2026-06-25T21:00:00+00:00,60388416005229880893853861384266026206800894508097996351187034858726208620969,108836498123937701473997110208576443415022774523218563815959405362121536041146,5865.6366,15.588234,True,False,closed,2026-06-25T20:50:06.810152+00:00,2026-06-25T21:00:00.807940+00:00,149,0,
0x317b85504a5250b31f03c05d3b3cabed9e4e830c4bad6ff76345400ee257c970,"Solana Up or Down - June 25, 4:55PM-5:00PM ET",SOL,2026-06-25T20:55:00+00:00,2026-06-25T21:00:00+00:00,48335342687462650395431018761698379901958969456991221330047460487473809167071,82188005202952488586355171755373988640045838379283897174631354495252033640123,2887.96,5.0,True,False,closed,2026-06-25T20:50:06.810152+00:00,2026-06-25T21:00:00.807940+00:00,149,0,
0x5c6760aa2aa0934cdff18131065bcca70c100abc46876e1d086f2333ec5994d9,"Bitcoin Up or Down - June 25, 5:00PM-5:05PM ET",BTC,2026-06-25T21:00:00+00:00,2026-06-25T21:05:00+00:00,47166170153495938493662520554123442313554039358805863783766081117729393720543,35637995519325897772662315567823167989542993608887009951206554257972167414439,15701.2894,5.0,True,False,closed,2026-06-25T20:55:48.808961+00:00,2026-06-25T21:05:00.814470+00:00,149,0,
0xe3dc8aaf3acf3d3a748376d9323d776f1a9cdcf3baff0874f0fac611d77a0471,"Ethereum Up or Down - June 25, 5:00PM-5:05PM ET",ETH,2026-06-25T21:00:00+00:00,2026-06-25T21:05:00+00:00,79069787946302282106320472557426584931455530604571110890534207463439960471062,95575142336556506229436735288221626547099522509194543234973816208235497437512,6101.6262,5.0,True,False,closed,2026-06-25T20:55:48.808961+00:00,2026-06-25T21:05:00.814470+00:00,149,0,
0xb61aee79fd1377e02d79bd76c4a6cd3c3a32deff87bed0bb91ef211c7925c772,"Solana Up or Down - June 25, 5:00PM-5:05PM ET",SOL,2026-06-25T21:00:00+00:00,2026-06-25T21:05:00+00:00,105001382502974870287030013443527716759545641386209982939637173757132103602989,83117257762156392078419932422967567201569217704408809836167264227800332727183,2679.1104,10.0,True,False,closed,2026-06-25T20:55:48.808961+00:00,2026-06-25T21:05:00.814470+00:00,149,0,
0x81fb0f5a3159c1976ca2a885a9cbfb8343cdffde5db9e2e110bbdc4c9576dc78,"Bitcoin Up or Down - June 25, 5:05PM-5:10PM ET",BTC,2026-06-25T21:05:00+00:00,2026-06-25T21:10:00+00:00,114952150539463306212432844768782745846010047515057161590736088977065638746746,78581365923018171376842262707633257598742034538406284570123038344221401679343,16227.3347,30.0,True,False,closed,2026-06-25T21:00:18.809719+00:00,2026-06-25T21:10:00.803493+00:00,149,0,
0x9bbd3248491f8e198b693cb53fa4cb88d958146c0a01cdc0ba811af94961f82e,"Ethereum Up or Down - June 25, 5:05PM-5:10PM ET",ETH,2026-06-25T21:05:00+00:00,2026-06-25T21:10:00+00:00,3368998398103349352402707771672505614146346455833305270367767283763488610041,19351958196038109192292790591200076921445647903165084460849250486708542157550,5713.4793,15.0,True,False,closed,2026-06-25T21:00:18.809719+00:00,2026-06-25T21:10:00.803493+00:00,149,0,
0x80f4d52bf8a69ad43c205b16ecf86c6e9b27e8d1df3613dc26f39b2b75bb2dbf,"Solana Up or Down - June 25, 5:05PM-5:10PM ET",SOL,2026-06-25T21:05:00+00:00,2026-06-25T21:10:00+00:00,47745300371807652359868763191561724044164597822591799570362564074671504737857,45979789879493402151310087714240355191240499350656334838774718767321124027055,2754.8508,10.0,True,False,closed,2026-06-25T21:00:18.809719+00:00,2026-06-25T21:10:00.803493+00:00,149,0,
0x7984111f2bbdc6fa66861f1a05d3a8d269539c7380149e0e086875957ecea53e,"Bitcoin Up or Down - June 25, 5:10PM-5:15PM ET",BTC,2026-06-25T21:10:00+00:00,2026-06-25T21:15:00+00:00,14102629396091173332948235478593244880859918300391064728703177308557728588401,108867229052645844528818821675330245691419840639697790473770890855519599049734,16226.2391,10.0,True,False,closed,2026-06-25T21:05:18.818778+00:00,2026-06-25T21:15:00.805183+00:00,149,0,
0x77d9fe454f25fa8c50051fc9ee1945d3afcbe77930471965c8866dd3d2359821,"Ethereum Up or Down - June 25, 5:10PM-5:15PM ET",ETH,2026-06-25T21:10:00+00:00,2026-06-25T21:15:00+00:00,88201979636979440288401695233273579598394599181576987002255500144301150030160,9400266120333331176259440953003246620495660340675345020287063276440507338099,5744.6257,10.0,True,False,closed,2026-06-25T21:05:18.818778+00:00,2026-06-25T21:15:00.805183+00:00,149,0,
0xe1f466e6312cce5d03e6d63d1e025d17853d34fe217fd3b68893183892507654,"Solana Up or Down - June 25, 5:10PM-5:15PM ET",SOL,2026-06-25T21:10:00+00:00,2026-06-25T21:15:00+00:00,73223462989567720638379781597553073098200879701375379543435343145293373250259,98105486019009707876959024571030662487044485699153051181639138624277394038064,2708.3499,5.0,True,False,closed,2026-06-25T21:05:18.818778+00:00,2026-06-25T21:15:00.805183+00:00,149,0,
0xd4dbc40b5c893ec92767b8c27ba97967be2f2051340fc50fcda864ef28b68fa8,"Bitcoin Up or Down - June 25, 5:15PM-5:20PM ET",BTC,2026-06-25T21:15:00+00:00,2026-06-25T21:20:00+00:00,61457816439782730669526709810253955805224631313938711622217201552984626286445,88766993258322184054662088365137430879620597234093699393505329736173897883599,15871.894,5.0,True,False,closed,2026-06-25T21:10:36.803350+00:00,2026-06-25T21:20:00.816885+00:00,149,0,
0x469f7a2eb410d1d27e65dbdf9d479d6ad23b282de38bbcb9a7f705e972c68e5a,"Ethereum Up or Down - June 25, 5:15PM-5:20PM ET",ETH,2026-06-25T21:15:00+00:00,2026-06-25T21:20:00+00:00,54108240890493151823287181313639760656657196976533622287765093983106769840576,63876683957612703073202779950491884872530829795375521586719535911159418767078,5795.9853,15.0,True,False,closed,2026-06-25T21:10:18.804507+00:00,2026-06-25T21:20:00.816885+00:00,149,0,
0x6f77fb46dd4d0330e80ab751a833e6180a0ae9a10a365b627889f884b9c6db42,"Solana Up or Down - June 25, 5:15PM-5:20PM ET",SOL,2026-06-25T21:15:00+00:00,2026-06-25T21:20:00+00:00,88769726451112515509885941984121059473477279622009766158900673850351813016858,85599541401488367644059025141900149458207714433451069895658416649325819741341,2821.2595,10.0,True,False,closed,2026-06-25T21:10:18.804507+00:00,2026-06-25T21:20:00.816885+00:00,149,0,
0xf1acb32da178bc6f8fb8753898e46b603e492f79452efc68138ec3dc76531f6a,"Bitcoin Up or Down - June 25, 5:20PM-5:25PM ET",BTC,2026-06-25T21:20:00+00:00,2026-06-25T21:25:00+00:00,59308476978612168072708279791276886970257723557767861191143466158245510256914,10089204012815379244382090308556871981780415659855392455395875142063688878377,16300.0967,15.0,True,False,closed,2026-06-25T21:15:12.817219+00:00,2026-06-25T21:25:00.804214+00:00,149,0,
0x5dd2fe2cf119648de5f1e2aabde5bd2ead2ed22d689f3af07961766be934b9cd,"Ethereum Up or Down - June 25, 5:20PM-5:25PM ET",ETH,2026-06-25T21:20:00+00:00,2026-06-25T21:25:00+00:00,86096183660326273288110726663584426876321207285675201609981385484791407590690,65806940382491080777171464250300650959491726597130478435136269852328194801218,5858.5766,0.0,True,False,closed,2026-06-25T21:15:12.817219+00:00,2026-06-25T21:25:00.804214+00:00,149,0,
0xff6cd90908b03d7e4cc4d6f663452bcd458a09586729059f40fe73d754816e1e,"Solana Up or Down - June 25, 5:20PM-5:25PM ET",SOL,2026-06-25T21:20:00+00:00,2026-06-25T21:25:00+00:00,39435093920790240900110495399288483965394980293113097283339880015540842246973,22768220124200319797036935661690848181602813154996175869764300672310008156060,2735.1249,0.0,True,False,closed,2026-06-25T21:15:12.817219+00:00,2026-06-25T21:25:00.804214+00:00,149,0,
0xe4271d15846f82c87fa8a2a5212cef73db03d8dcb90d74faaacaac4d36ee3c68,"Bitcoin Up or Down - June 25, 5:25PM-5:30PM ET",BTC,2026-06-25T21:25:00+00:00,2026-06-25T21:30:00+00:00,18114927367780871664555362371359976783267847545062879924735517659081315270067,43067310989563089674160489029439032556241670189155584075173990302204889803504,16454.2162,20.0,True,False,closed,2026-06-25T21:20:18.815592+00:00,2026-06-25T21:30:00.804267+00:00,149,0,
0x45a4211eccca2be7b80af307cf6e7c5f987a00cbc215c501ff2b89d4fceee16a,"Ethereum Up or Down - June 25, 5:25PM-5:30PM ET",ETH,2026-06-25T21:25:00+00:00,2026-06-25T21:30:00+00:00,84347092553522020972114073454450931764408433443701787079226399844181696894070,96054521992284564446152071873800793590214559615219972909291853337804320141407,5902.8757,0.0,True,False,closed,2026-06-25T21:20:18.815592+00:00,2026-06-25T21:30:00.804267+00:00,149,0,
0x1febb7033402b49870fa20b4bc0b6ce97895eb9f19fca75e0738e38c75a927b2,"Solana Up or Down - June 25, 5:25PM-5:30PM ET",SOL,2026-06-25T21:25:00+00:00,2026-06-25T21:30:00+00:00,112010686595039955871714940691233219724010563667544756257900656076403499584478,108515408613158993311308600099220721825683365607658828465655282503025446545989,2773.9508,0.0,True,False,closed,2026-06-25T21:20:18.815592+00:00,2026-06-25T21:30:00.804267+00:00,149,0,
0x10d301ea566348e4afad8484380ef14bd7023a68317619b312bddfc6e507afa9,"Bitcoin Up or Down - June 25, 5:30PM-5:35PM ET",BTC,2026-06-25T21:30:00+00:00,2026-06-25T21:35:00+00:00,11768837323984814186675903935622973227916997962039902876836345286476239517290,2235327935177046359175141436784532056076049938933091734487417149706410214554,15584.2835,77.941175,True,False,closed,2026-06-25T21:25:18.806264+00:00,2026-06-25T21:35:00.807183+00:00,149,0,
0x1275007135856d730a601ac3ad552ac5da1cdb708913b089e1978a8e0cb7c3dd,"Ethereum Up or Down - June 25, 5:30PM-5:35PM ET",ETH,2026-06-25T21:30:00+00:00,2026-06-25T21:35:00+00:00,24293058998475008663308755081400259686331359076883028435098182976722981153512,104815362960612850403155408046099034504065434827477597876415131221237651635593,6352.5757,0.0,True,False,closed,2026-06-25T21:25:18.806264+00:00,2026-06-25T21:35:00.807183+00:00,149,0,
0xcefad3630ef69562421cdc1141f6406108195af62ab33ece4c40092fb13bda61,"Solana Up or Down - June 25, 5:30PM-5:35PM ET",SOL,2026-06-25T21:30:00+00:00,2026-06-25T21:35:00+00:00,97674981241596308022455108206900089624849221498136777322813754749027807935992,5993901556470763065837476417683473268298602905960050873851547535170801537119,2790.3499,0.0,True,False,closed,2026-06-25T21:25:18.806264+00:00,2026-06-25T21:35:00.807183+00:00,149,0,
0x6eb0e43769ae90b25765868cc8f17a9d48a8856764667e53a2463fac35a01ca9,"Bitcoin Up or Down - June 25, 5:35PM-5:40PM ET",BTC,2026-06-25T21:35:00+00:00,2026-06-25T21:40:00+00:00,28035905145393688575606406338159983524500834523651549715480932894378140299494,29613844051107023297451066884540125283366539531253495894191360595958469310823,16499.0445,5.0,True,False,closed,2026-06-25T21:30:12.815553+00:00,2026-06-25T21:40:00.815168+00:00,149,0,
0xfbbb1b74ffb67c2695286282f30979488a41d71f8506582d1a06a3fabe6d34ef,"Ethereum Up or Down - June 25, 5:35PM-5:40PM ET",ETH,2026-06-25T21:35:00+00:00,2026-06-25T21:40:00+00:00,59758139657099909080839641592658969622527209038681905958932940221666172463589,102269820090962201274954248880953004449248561802748331424143389182604283771544,5814.0266,5.0,True,False,closed,2026-06-25T21:30:12.815553+00:00,2026-06-25T21:40:00.815168+00:00,149,0,
0xae2848fb6d2e41638bbd581054fbae303cae9fa05399386a3967adb588ef3c7e,"Solana Up or Down - June 25, 5:35PM-5:40PM ET",SOL,2026-06-25T21:35:00+00:00,2026-06-25T21:40:00+00:00,80758389571269876180281347785151554277969101505287251072705043361276904043517,39126222940900592231678319601261973027463449227543059579692976966016877008815,2779.1008,5.0,True,False,closed,2026-06-25T21:30:12.815553+00:00,2026-06-25T21:40:00.815168+00:00,149,0,
0x38cc51d17aecad82be2e1be70aeeac4d092e0249c09bcfe2f319613c6c026bf5,"Bitcoin Up or Down - June 25, 5:40PM-5:45PM ET",BTC,2026-06-25T21:40:00+00:00,2026-06-25T21:45:00+00:00,29276728038990332145594406150107396372733783059779413839070873359306174889345,24129247213946127634735897610211063163234355554864573086482941678742418773464,16353.249,0.0,True,False,closed,2026-06-25T21:35:06.816779+00:00,2026-06-25T21:45:00.812150+00:00,149,0,
0x1e21c0a27b6e527f0886c85cdbc3dae2f8b2e24f756e711e8610aef1c8743fc9,"Ethereum Up or Down - June 25, 5:40PM-5:45PM ET",ETH,2026-06-25T21:40:00+00:00,2026-06-25T21:45:00+00:00,34518652806211028157351060878105333719748453385442664490665879817711803416334,56507726052092132455666590529820128722738444267039622370036830753041721318670,6525.27,0.0,True,False,closed,2026-06-25T21:35:06.816779+00:00,2026-06-25T21:45:00.812150+00:00,149,0,
0xc3d909ab7c3d710e23737bfc5fcaf985fbfd3d33ba49994cc769c354568f0b11,"Solana Up or Down - June 25, 5:40PM-5:45PM ET",SOL,2026-06-25T21:40:00+00:00,2026-06-25T21:45:00+00:00,70281386749465203985192261467150182598254500783746228482048014191401149803181,108288481113462909793986825427680228335415654350815126427858956749582951540764,2743.5003,5.0,True,False,closed,2026-06-25T21:35:06.816779+00:00,2026-06-25T21:45:00.812150+00:00,149,0,
0xb57a60443b7d449cb195bbdc942b160549436f684f2b2dc2a50c305e72b64810,"Bitcoin Up or Down - June 25, 5:45PM-5:50PM ET",BTC,2026-06-25T21:45:00+00:00,2026-06-25T21:50:00+00:00,46191400892807700625413489141781038231207053907793423830561123200413874517242,100721049612300569135199117490782085448834079127369217271727005122890987463696,15721.3155,5.0,True,False,closed,2026-06-25T21:40:06.816071+00:00,2026-06-25T21:50:00.804242+00:00,149,0,
0x5aeaaa789ead4d668bc5cfddf3ba923a46b12636d005757108416361d3c9d847,"Ethereum Up or Down - June 25, 5:45PM-5:50PM ET",ETH,2026-06-25T21:45:00+00:00,2026-06-25T21:50:00+00:00,19001278880168495643476985848010285630899524484675349400872084610182035549540,14559690776902953100241704788580672185216735546823947027959662593681585613828,6245.3766,5.0,True,False,closed,2026-06-25T21:40:06.816071+00:00,2026-06-25T21:50:00.804242+00:00,149,0,
0x8aa1dead0ee1af6b9ec262b39baa32c41d2331b4bdb35d758a830f65dba08aea,"Solana Up or Down - June 25, 5:45PM-5:50PM ET",SOL,2026-06-25T21:45:00+00:00,2026-06-25T21:50:00+00:00,63713952833119408647146462504962723821865865833564772382173682949687906828307,85040828432537549188053872703083136830396506957065793615385389744899248673481,2764.8999,5.0,True,False,closed,2026-06-25T21:40:06.816071+00:00,2026-06-25T21:50:00.804242+00:00,149,0,
0x18fc80978be4b803868dfb9c575b991483902c5cc93d66c1424446c3d514feb5,"Bitcoin Up or Down - June 25, 5:50PM-5:55PM ET",BTC,2026-06-25T21:50:00+00:00,2026-06-25T21:55:00+00:00,6237268744853010189225691043796599216989939961675483473680204469124153624332,47108652699361837892652644384351954909460630582142061937654619033832422781981,16007.7478,29.0,True,False,closed,2026-06-25T21:45:12.813454+00:00,2026-06-25T21:55:00.816583+00:00,149,0,
0xd785ea2d69be3b03ffbcf43a812602487e0ae8cc445e3e1aaea7e81b57c42350,"Ethereum Up or Down - June 25, 5:50PM-5:55PM ET",ETH,2026-06-25T21:50:00+00:00,2026-06-25T21:55:00+00:00,13262732268794362033919353072166891318898563112789217667878857704925391078632,53504725340120336268385262322922260100720668771799351149390475849231750847360,5640.1233,15.588234,True,False,closed,2026-06-25T21:45:12.813454+00:00,2026-06-25T21:55:00.816583+00:00,149,0,
0xf3d349eba6f46bded1a239cb2251bb8e2b450da87b4e0e9862a3c0533a9879e0,"Solana Up or Down - June 25, 5:50PM-5:55PM ET",SOL,2026-06-25T21:50:00+00:00,2026-06-25T21:55:00+00:00,74009660531060155288141125591447507891018613176580262250555877619045202774928,32500966137280960754009493429796173061985714987072327198361591720004585796525,2781.7464,0.0,True,False,closed,2026-06-25T21:45:12.813454+00:00,2026-06-25T21:55:00.816583+00:00,149,0,
0x123b6ab1c984be6cb21e33282cc388fa8c585be7ac59150d80f37efe0793a31d,"Bitcoin Up or Down - June 25, 5:55PM-6:00PM ET",BTC,2026-06-25T21:55:00+00:00,2026-06-25T22:00:00+00:00,18922550252158573057957827143935284929941455501295686454949102271005300816534,34749139081596752891775989167266568608037279733631029550322562792317657940819,13651.376,47.647057000000004,True,False,closed,2026-06-25T21:50:06.812657+00:00,2026-06-25T22:00:00.804514+00:00,149,0,
0x1e5ed18610c4708c54f71267e97eae574c6de2cb7534ffa242c634ae2092de53,"Ethereum Up or Down - June 25, 5:55PM-6:00PM ET",ETH,2026-06-25T21:55:00+00:00,2026-06-25T22:00:00+00:00,38185413994164554863347790065865226407176713668718566317733121193333188729751,87156822473888280102321761609904564492200774974301756416278852809463677663342,5889.6763,0.0,True,False,closed,2026-06-25T21:50:06.812657+00:00,2026-06-25T22:00:00.804514+00:00,149,0,
0x4a8ed2aae98f5caeeeef6997d1fc97e37da7e5a2bdc66f965465afab0bf6a74e,"Solana Up or Down - June 25, 5:55PM-6:00PM ET",SOL,2026-06-25T21:55:00+00:00,2026-06-25T22:00:00+00:00,105953852522253158444725155387239108079250248377102641768299190161802593036671,20295079061803552854453015268695269941877880173544307389101748646356614338762,2868.9595,0.0,True,False,closed,2026-06-25T21:50:06.812657+00:00,2026-06-25T22:00:00.804514+00:00,149,0,
0xc0a7c493b4b0fbf3e67233bc52881f4c634760605635d5d0b7f1c19ebf8602da,"Bitcoin Up or Down - June 25, 6:00PM-6:05PM ET",BTC,2026-06-25T22:00:00+00:00,2026-06-25T22:05:00+00:00,110896683994099745745165049537759612347724699981325704106186534910341489166224,44131589044807884223374172998387462091866410969865208697484702728050367418643,15931.3846,323.43,True,False,closed,2026-06-25T21:55:06.805794+00:00,2026-06-25T22:05:00.805729+00:00,149,0,
0xe6bed773227fa61e64177fce34878a4b954b4711d4af2720ee7abed3d7eb855f,"Ethereum Up or Down - June 25, 6:00PM-6:05PM ET",ETH,2026-06-25T22:00:00+00:00,2026-06-25T22:05:00+00:00,5485554370240058470664878328591803718270311611252150471769803350393617462515,78104684261759582025845533929489386713764627320828263028914026323980456688572,6404.7729,0.0,True,False,closed,2026-06-25T21:55:06.805794+00:00,2026-06-25T22:05:00.805729+00:00,149,0,
0x9952c15986fdea833b3f2f36dcf6c4a25a8a5ffd72a7ac7d8f76d060c6e7b645,"Solana Up or Down - June 25, 6:00PM-6:05PM ET",SOL,2026-06-25T22:00:00+00:00,2026-06-25T22:05:00+00:00,34864970572507465226397821158550939272106400953876377339418940022647218658735,16604856776055387471119879525051122005215835403286019365268225210244019525389,2752.7595,0.0,True,False,closed,2026-06-25T21:55:06.805794+00:00,2026-06-25T22:05:00.805729+00:00,149,0,
0x447b5c2b2db943a15e3747a56d759c9c1c0bf794073b8bda7d8d105471b9711b,"Bitcoin Up or Down - June 25, 6:05PM-6:10PM ET",BTC,2026-06-25T22:05:00+00:00,2026-06-25T22:10:00+00:00,112973531082193456296846017224098163978801375063721125386211462055280383476491,90324627656949996842628860082968133270638034942013587091088970293348488255379,16207.1708,5.0,True,False,closed,2026-06-25T22:00:18.804440+00:00,2026-06-25T22:10:00.809132+00:00,149,0,
0x731afbd0815504aaa5e8e672d4cd3c4e440f75cb104a71cab80c120b188c471f,"Ethereum Up or Down - June 25, 6:05PM-6:10PM ET",ETH,2026-06-25T22:05:00+00:00,2026-06-25T22:10:00+00:00,56974239847017040044807244345936636957604752319161216231468218659843347883306,100646080064344523708337744667705872529167234008945312224206347488977796980289,5898.7238,5.0,True,False,closed,2026-06-25T22:00:18.804440+00:00,2026-06-25T22:10:00.809132+00:00,149,0,
0xf410c9341a7ae20256b9991146933f29cb97389ff9754eff15b3c19a167bcbd3,"Solana Up or Down - June 25, 6:05PM-6:10PM ET",SOL,2026-06-25T22:05:00+00:00,2026-06-25T22:10:00+00:00,54158079880914746255289425861453760622474685611637758361719030191781066531356,84350932118157164588117839174283159854962130093498817364940635949693225236498,2827.3594,5.0,True,False,closed,2026-06-25T22:00:18.804440+00:00,2026-06-25T22:10:00.809132+00:00,149,0,
0xa85c93313f1c68c2d5c7dc36c27e5c44c6aed0cfdc93b46a5f99201ad1b72b60,"Bitcoin Up or Down - June 25, 6:10PM-6:15PM ET",BTC,2026-06-25T22:10:00+00:00,2026-06-25T22:15:00+00:00,52340724156505873110494851752778866676630241281131697895242178083496578172765,42221427568081584851803457929974966387239625233658385848327528025397848048378,12984.9482,5.0,True,False,closed,2026-06-25T22:05:06.817404+00:00,2026-06-25T22:15:00.815779+00:00,149,0,
0x4a4e0c9ed5bcae85b1edb3c33f15b6413c7f4909dffc1f44068e3143de07b9ce,"Ethereum Up or Down - June 25, 6:10PM-6:15PM ET",ETH,2026-06-25T22:10:00+00:00,2026-06-25T22:15:00+00:00,77096728448209147894017422611267490302129913958787019749581707835851721087159,43642477757658141828284798843980291509173188777291097959777596492980215797556,6583.2749,5.0,True,False,closed,2026-06-25T22:05:06.817404+00:00,2026-06-25T22:15:00.815779+00:00,149,0,
0x9d34f8064acd60357cbed581285be1bb72c6872931ec4a3a40373f13d91e0b9b,"Solana Up or Down - June 25, 6:10PM-6:15PM ET",SOL,2026-06-25T22:10:00+00:00,2026-06-25T22:15:00+00:00,67910963626773457019546912713106857351081325019571075431056363203502359232622,10398175643622939383273883005007802207664622754138915820769463280568921160,2791.4508,5.0,True,False,closed,2026-06-25T22:05:06.817404+00:00,2026-06-25T22:15:00.815779+00:00,149,0,
0x06fae9951d8209ceb41fa1e5b7811467ba54ce76e58dc769249a7c2011e87f71,"Bitcoin Up or Down - June 25, 6:15PM-6:20PM ET",BTC,2026-06-25T22:15:00+00:00,2026-06-25T22:20:00+00:00,46739944446074918015573972555019283464556324063009184546146538718349851079136,32871985845561399846029120719628491954392636701563178897113606535010844340778,14739.1508,25.0,True,False,closed,2026-06-25T22:10:12.807148+00:00,2026-06-25T22:20:00.811061+00:00,149,0,
0x7165238f4338b15490d4c303b2c6298224262b7b140e6fac49313240ee137601,"Ethereum Up or Down - June 25, 6:15PM-6:20PM ET",ETH,2026-06-25T22:15:00+00:00,2026-06-25T22:20:00+00:00,15593071126535889325495475586798603389328453129193024242915876941889946213763,12964054504240043166204232639137154305879298860449762080651759447904814599517,5905.8729,0.0,True,False,closed,2026-06-25T22:10:12.807148+00:00,2026-06-25T22:20:00.811061+00:00,149,0,
0x0638ce163667dc0c4bd1e70be9db24d5b0c5dff9529e46618171ae5149d21d16,"Solana Up or Down - June 25, 6:15PM-6:20PM ET",SOL,2026-06-25T22:15:00+00:00,2026-06-25T22:20:00+00:00,70312941640739107008565228823417937246213289199472828015333036200569690335405,41520629851279702849481176925105332361447335073665868947812128755075860772781,2854.3104,5.0,True,False,closed,2026-06-25T22:10:12.807148+00:00,2026-06-25T22:20:00.811061+00:00,149,0,
0x54d488fb232c997efdda4e4491d7db8955c5a5b90ec3dbc6063e979a13298f3e,"Bitcoin Up or Down - June 25, 6:20PM-6:25PM ET",BTC,2026-06-25T22:20:00+00:00,2026-06-25T22:25:00+00:00,70362994396825974401847557547395651207644405320143603995747479416226714718553,50007669593773955169311431237772165742518887763718574093643126449606693582597,11606.2722,5.0,True,False,closed,2026-06-25T22:15:06.809730+00:00,2026-06-25T22:25:00.808653+00:00,149,0,
0xfd6784f1b2f0d5e3f103dba6937529585ec7a2b39211d943391c1d122ac1e128,"Ethereum Up or Down - June 25, 6:20PM-6:25PM ET",ETH,2026-06-25T22:20:00+00:00,2026-06-25T22:25:00+00:00,71414213351253549845915018819969057482809914849687204507876560577924464260894,82438103227888728021513738941396289475418157994718131569893734738893588739373,6599.3249,0.0,True,False,closed,2026-06-25T22:15:06.809730+00:00,2026-06-25T22:25:00.808653+00:00,149,0,
0x04f59a7c83ecb6237ec63ece27ccf360d1203dddb6c942d9fb83f974af685567,"Solana Up or Down - June 25, 6:20PM-6:25PM ET",SOL,2026-06-25T22:20:00+00:00,2026-06-25T22:25:00+00:00,55491699334082144431716641650614431964941425360042749642495004811566079760261,2227519352244802929309521809206959577380248603967143601757099266264777763275,2790.2138,0.0,True,False,closed,2026-06-25T22:15:06.809730+00:00,2026-06-25T22:25:00.808653+00:00,149,0,
0xec7fdff0e0b3a6b64d70c6d0e545488aeb26bf7aff2b08fee67f9420874f8aa3,"Bitcoin Up or Down - June 25, 6:25PM-6:30PM ET",BTC,2026-06-25T22:25:00+00:00,2026-06-25T22:30:00+00:00,108005059669903089896242474193765961078579939683386217871191627038656726786083,35710105231630688465500165816768196025519756981825766184043903532683985262787,13046.1845,70.960783,True,False,closed,2026-06-25T22:20:12.814721+00:00,2026-06-25T22:30:00.803958+00:00,149,0,
0xb46fad2cb83c20562d8a6f07ccb7627fc4714a7cfa772ffe46e4b401b4d4d816,"Ethereum Up or Down - June 25, 6:25PM-6:30PM ET",ETH,2026-06-25T22:25:00+00:00,2026-06-25T22:30:00+00:00,95623339321733030575344920587011497741111419240098538985252867111216518296129,26955234353589095352635873917972738865317898397333478070793786790146261253738,5848.7742,5.0,True,False,closed,2026-06-25T22:20:12.814721+00:00,2026-06-25T22:30:00.803958+00:00,149,0,
0x42561c5c6f58ab741b19c250935435977309241d54a0c21753c74a382c8bf1ec,"Solana Up or Down - June 25, 6:25PM-6:30PM ET",SOL,2026-06-25T22:25:00+00:00,2026-06-25T22:30:00+00:00,32442188980782667157574942221973247909829648184928520675294321297549259865293,24923323799105834835127859748077564440475754215636336883801393331431110012684,2814.0504,5.0,True,False,closed,2026-06-25T22:20:12.814721+00:00,2026-06-25T22:30:00.803958+00:00,149,0,
0xcebf6390b58b9507340cd73f70e785fb2cd738e73aacaeed43cfb22ad48f6bf7,"Bitcoin Up or Down - June 25, 6:30PM-6:35PM ET",BTC,2026-06-25T22:30:00+00:00,2026-06-25T22:35:00+00:00,29139032515383391200341252689567719425776788913629975571069359995559501145629,71764346154646796485204770384136419194347710480361168206554741521961357088887,13046.8682,10.0,True,False,closed,2026-06-25T22:25:06.817087+00:00,2026-06-25T22:35:00.818205+00:00,149,0,
0xbcd3b5c7cd4e9117822a06b34693d89f56036f02d5ed84f127190f5deb667d7c,"Ethereum Up or Down - June 25, 6:30PM-6:35PM ET",ETH,2026-06-25T22:30:00+00:00,2026-06-25T22:35:00+00:00,26373830538558156779613310021583116589699175706498426175344058769691832292587,57822573022688797343167431726174333626882112519782566689647205275378088063132,6368.5157,5.0,True,False,closed,2026-06-25T22:25:06.817087+00:00,2026-06-25T22:35:00.818205+00:00,149,0,
0xd51916ffb0da3e71bb800242972a4678b17d11ee2e0fbdf9e6ccac7d285ede1e,"Solana Up or Down - June 25, 6:30PM-6:35PM ET",SOL,2026-06-25T22:30:00+00:00,2026-06-25T22:35:00+00:00,90973280740331673723621689251673444663476210959147926391674042698984249151479,77037347699424920542795931886946837990285550149268568499617266160610808188308,2737.8504,19.801959,True,False,closed,2026-06-25T22:25:06.817087+00:00,2026-06-25T22:35:00.818205+00:00,149,0,
0x62a2a6c1c832195bf6f619cca9b05658bbfeeb4a40b84d87f3a8dea103362915,"Bitcoin Up or Down - June 25, 6:35PM-6:40PM ET",BTC,2026-06-25T22:35:00+00:00,2026-06-25T22:40:00+00:00,53602402464656169272796904827202010651661466305213193924231114145640259857293,38597069822882115988572003841400128036411875685715305728379522129589414907546,12811.5606,117.48,True,False,closed,2026-06-25T22:30:06.811612+00:00,2026-06-25T22:40:00.806427+00:00,149,0,
0x9b59e42e8ce1af481b18dbc7a7b629d4dfbfea8f44eb484c082e98073acaa3f9,"Ethereum Up or Down - June 25, 6:35PM-6:40PM ET",ETH,2026-06-25T22:35:00+00:00,2026-06-25T22:40:00+00:00,4011198675291544197032990710345651143047376241881199951395206625513537017167,67081197252301472365368954856235026948759018214037018631289901763970990379903,5838.3202,5.0,True,False,closed,2026-06-25T22:30:06.811612+00:00,2026-06-25T22:40:00.806427+00:00,149,0,
0x26ee78a26ec2faf578d72d7020e443645e51299095f0299248ba993b94a1e400,"Solana Up or Down - June 25, 6:35PM-6:40PM ET",SOL,2026-06-25T22:35:00+00:00,2026-06-25T22:40:00+00:00,105310590897368630745585760274923261355827323384977084915911370823936240123777,82484156983848298523616379288140885233019959044558770050577597143114126197202,2805.0508,5.0,True,False,closed,2026-06-25T22:30:06.811612+00:00,2026-06-25T22:40:00.806427+00:00,149,0,
0x77aa3675e4b9bac8e51f23466597c9052db7a9b8c3058f1a4c8f4bba5b52faea,"Bitcoin Up or Down - June 25, 6:40PM-6:45PM ET",BTC,2026-06-25T22:40:00+00:00,2026-06-25T22:45:00+00:00,90672964485244844992478925650381394205752723732656904671054243679568967836360,97888065456347605441898100897041751754302443884872565292883175146337636595595,12941.6613,1.960783,True,False,closed,2026-06-25T22:35:06.815762+00:00,2026-06-25T22:45:00.808913+00:00,149,0,
0x2eedc9622d6d435275192be415f289d3adb964f95eeb0ae875d7f7486d96f667,"Ethereum Up or Down - June 25, 6:40PM-6:45PM ET",ETH,2026-06-25T22:40:00+00:00,2026-06-25T22:45:00+00:00,69508318341606967074420998749613658773012996622072661444852786059840157746537,23022057296611504961273619595433298239990132800072101597467188840332091574239,6598.8708,5.0,True,False,closed,2026-06-25T22:35:06.815762+00:00,2026-06-25T22:45:00.808913+00:00,149,0,
0xdbc2cf4f935abf1a1060b65f3e7b621b54562b994033f40cc083e7b30cdbd9cd,"Solana Up or Down - June 25, 6:40PM-6:45PM ET",SOL,2026-06-25T22:40:00+00:00,2026-06-25T22:45:00+00:00,46039991376006260448717008247120966769926183626011688859703223537844323591480,46174523377634874143075894755446988056117505979703242553573480065825182518364,2809.1008,0.0,True,False,closed,2026-06-25T22:35:06.815762+00:00,2026-06-25T22:45:00.808913+00:00,149,0,
0x447f5bad7dd4b499a8c8e4455a98f9280af1302611d814f0d766579dbdcbc180,"Bitcoin Up or Down - June 25, 6:45PM-6:50PM ET",BTC,2026-06-25T22:45:00+00:00,2026-06-25T22:50:00+00:00,95903815552771069154676283971760062969170602744682320829356233409942536172273,54360265707825543188682053331693732732724596472175930228242041668441816198809,13362.9383,47.0,True,False,closed,2026-06-25T22:40:06.817519+00:00,2026-06-25T22:50:00.807321+00:00,149,0,
0xc1c1b0ac27335b3a17eadc62196cca2c7d9800e6b28ff949b494ecc75d293b55,"Ethereum Up or Down - June 25, 6:45PM-6:50PM ET",ETH,2026-06-25T22:45:00+00:00,2026-06-25T22:50:00+00:00,100236665751557185103628883705176949117674605993595194780485017610596534321399,12634255062774824920628422207292461106886856702040741464476863848872090940351,5929.1157,6.960783,True,False,closed,2026-06-25T22:40:06.817519+00:00,2026-06-25T22:50:00.807321+00:00,149,0,
0xd26ba972c30c7df876da79d856b6eed978c4a47f02d3cfadf13a74cbcd07977b,"Solana Up or Down - June 25, 6:45PM-6:50PM ET",SOL,2026-06-25T22:45:00+00:00,2026-06-25T22:50:00+00:00,17399909393544126447645137681871621870340875958081490152898284551004007716304,20906735845085556575746881343236838184288968344523898522839188069749726368486,2842.1104,0.0,True,False,closed,2026-06-25T22:40:06.817519+00:00,2026-06-25T22:50:00.807321+00:00,149,0,
0x21d3efa261d47c05208e70bdc415134df42a4f38856bc560507841c99dd31c59,"Bitcoin Up or Down - June 25, 6:50PM-6:55PM ET",BTC,2026-06-25T22:50:00+00:00,2026-06-25T22:55:00+00:00,108532318831250360506961112325689978924533405523299489421728650205443823159512,41176742551049026333134502955125696114433108734775937874864947048727571761383,12804.6403,2.0,True,False,closed,2026-06-25T22:45:06.817974+00:00,2026-06-25T22:55:00.809935+00:00,149,0,
0x840fa6315527e0fd3c4dfe2cbf29179f1b6fc78bfe8815624ffd5cc35a6bbdf0,"Ethereum Up or Down - June 25, 6:50PM-6:55PM ET",ETH,2026-06-25T22:50:00+00:00,2026-06-25T22:55:00+00:00,10457569327315611050814619844589593616831015359326470138017923407721473818340,32539283215571276650487883056790696072575849670002582203664559133839676993656,6443.6173,10.0,True,False,closed,2026-06-25T22:45:06.817974+00:00,2026-06-25T22:55:00.809935+00:00,149,0,
0xc857b85a80ffedafc00e94a525e109dd461f685fba5451ac91928a4643f1f807,"Solana Up or Down - June 25, 6:50PM-6:55PM ET",SOL,2026-06-25T22:50:00+00:00,2026-06-25T22:55:00+00:00,26862260187693392334039064341668975093335544613346611500846997064453342015503,3441490415458183857913166913070735806055739830799770679107150047367326173245,2756.5527,5.0,True,False,closed,2026-06-25T22:45:06.817974+00:00,2026-06-25T22:55:00.809935+00:00,149,0,
0x0082d1a02641555711853a38fc7b7d25d08896db2c60b5dbe7f220dacbf8d83d,"Bitcoin Up or Down - June 25, 6:55PM-7:00PM ET",BTC,2026-06-25T22:55:00+00:00,2026-06-25T23:00:00+00:00,35285920677889361039516775755824093456488402800932218720003748314149949136332,68437409305094662140220146945955368170122656252806794462573688013045130432472,13139.7351,64.0,True,False,closed,2026-06-25T22:50:06.815142+00:00,2026-06-25T23:00:00.811542+00:00,149,0,
0xb5435681d87a4b3f27314e9789ca52dd19ae8e90b48c06914ab851d8cd28eed0,"Ethereum Up or Down - June 25, 6:55PM-7:00PM ET",ETH,2026-06-25T22:55:00+00:00,2026-06-25T23:00:00+00:00,50111080998579432704404553656179971808074680831768005170719651189295207182745,53728080383958659207410102018442470197443932148694806779666617192854731413265,5915.4662,0.0,True,False,closed,2026-06-25T22:50:06.815142+00:00,2026-06-25T23:00:00.811542+00:00,149,0,
0xf183bf52eb6a06da34218d8eea9744b0c155676e7b562063679dbf5456464ad5,"Solana Up or Down - June 25, 6:55PM-7:00PM ET",SOL,2026-06-25T22:55:00+00:00,2026-06-25T23:00:00+00:00,29151923501181516735284659064620161318190482156081627092167606498400783716180,60575401184772590597000943834725272241125108934583154425094797417277826668052,2894.9097,5.0,True,False,closed,2026-06-25T22:50:06.815142+00:00,2026-06-25T23:00:00.811542+00:00,149,0,
0xccd93dd89e3120e1324d99c4a16b3a8a020dd39b4a50674e27c866d9a9e92cba,"Bitcoin Up or Down - June 25, 7:00PM-7:05PM ET",BTC,2026-06-25T23:00:00+00:00,2026-06-25T23:05:00+00:00,107729557518019016367823111372918767451329465715614042730760408779641868906804,66029564436693872279769884564638326099611876700172090299202731829784727493656,13131.064,0.0,True,False,closed,2026-06-25T22:55:06.804916+00:00,2026-06-25T23:05:00.817490+00:00,149,0,
0x241f30aec28f4b6ebdb376eff75868fca33e52fc50e445e56f3e953f14591d0e,"Ethereum Up or Down - June 25, 7:00PM-7:05PM ET",ETH,2026-06-25T23:00:00+00:00,2026-06-25T23:05:00+00:00,32940846619253500763571852777115954120840594019222447799985209349733525039310,25135825919678804105489693764271058650537751936128614686234719040754827870590,6305.4453,10.0,True,False,closed,2026-06-25T22:55:06.804916+00:00,2026-06-25T23:05:00.817490+00:00,149,0,
0xf21bf8018d67eaf5a3830e3a4a53a2e4cb0d74f4c0ee455366d4813eeec10b8d,"Solana Up or Down - June 25, 7:00PM-7:05PM ET",SOL,2026-06-25T23:00:00+00:00,2026-06-25T23:05:00+00:00,13800289606421271244208499847575040306346746676206438775669228929994796814719,49786671645139650112016922772092518377762713698091941569924608865249010887627,2821.3499,5.0,True,False,closed,2026-06-25T22:55:06.804916+00:00,2026-06-25T23:05:00.817490+00:00,149,0,
0x77450e5fd18a92840dc348669ad817eda48b9013afc94600719a94be28d97d78,"Bitcoin Up or Down - June 25, 7:05PM-7:10PM ET",BTC,2026-06-25T23:05:00+00:00,2026-06-25T23:10:00+00:00,34251638169566726066090660168852085280410105557854064638215836245968874563060,110833510097906358670671491505367737558698557063192759816821353385598015006285,16140.4276,3.921567,True,False,closed,2026-06-25T23:00:06.806113+00:00,2026-06-25T23:10:00.818609+00:00,149,0,
0x956fa460ad9d42bfa7f7c4cc4ca387bfbbe7153967c026b9624498f27999dfd7,"Ethereum Up or Down - June 25, 7:05PM-7:10PM ET",ETH,2026-06-25T23:05:00+00:00,2026-06-25T23:10:00+00:00,7980677515974136837854882315032588721034714204961185558685772768870568163617,74233712627099127753825385822111284898558522410584887817810557933112735518264,5818.0966,0.0,True,False,closed,2026-06-25T23:00:06.806113+00:00,2026-06-25T23:10:00.818609+00:00,149,0,
0x850b50aa68815339774b4d9daf40834732c393d4607d22b316e8095f0dc2876b,"Solana Up or Down - June 25, 7:05PM-7:10PM ET",SOL,2026-06-25T23:05:00+00:00,2026-06-25T23:10:00+00:00,7187972928152598745800772448682923830942341328993123280302756646546856929949,11974628460536557701789261043861821029455358983453198997410339504175481410143,2833.2096,0.0,True,False,closed,2026-06-25T23:00:06.806113+00:00,2026-06-25T23:10:00.818609+00:00,149,0,
0x96bab5537c8f4619d4cfa5ee4d6fc46b29bd1f3744d1657b27526d2ebb9c3b49,"Bitcoin Up or Down - June 25, 7:10PM-7:15PM ET",BTC,2026-06-25T23:10:00+00:00,2026-06-25T23:15:00+00:00,72639804096404815960392830995787855512608843184887960705467802904931555175178,115176584500623626680281401263080512745950483330481672446619874969050962373601,15977.6943,30.0,True,False,closed,2026-06-25T23:05:06.812206+00:00,2026-06-25T23:15:00.816942+00:00,149,0,
0x53139d692fa7912305466b85f6c1e1b5b47041fd03aadb1c461870498c513191,"Ethereum Up or Down - June 25, 7:10PM-7:15PM ET",ETH,2026-06-25T23:10:00+00:00,2026-06-25T23:15:00+00:00,1667604809806148633878967109863837157237380644945237514717860058403168952500,1106100111625491380252147172993215400825370741293495105521031466329347054493,6499.3982,5.0,True,False,closed,2026-06-25T23:05:06.812206+00:00,2026-06-25T23:15:00.816942+00:00,149,0,
0xcd06282db3951141df5a165e0a30f83e01d0ae05712c12f8017ea22f328b8755,"Solana Up or Down - June 25, 7:10PM-7:15PM ET",SOL,2026-06-25T23:10:00+00:00,2026-06-25T23:15:00+00:00,30434318566145575074321360585980690876877794654199987476683449506972128704792,96096937029986471427355678112405718829788409957017884590064795632638101987366,2782.0104,0.0,True,False,closed,2026-06-25T23:05:06.812206+00:00,2026-06-25T23:15:00.816942+00:00,149,0,
0x6eb8ac3d10ca3912b62957e99d684b8900da827d240518fc77daad5e26d5f6e2,"Bitcoin Up or Down - June 25, 7:15PM-7:20PM ET",BTC,2026-06-25T23:15:00+00:00,2026-06-25T23:20:00+00:00,114853021110854050234485546034172925651759415421127512760449956037339621374463,4819356586271426229621073124316892685100032509726787328864028683162359120882,15669.9342,55.0,True,False,closed,2026-06-25T23:10:06.811027+00:00,2026-06-25T23:20:00.814890+00:00,149,0,
0x77d3eb0ab7e8c1cee8290897a0d78e5268fa3d5aa3c7f23d3ddfebfcd7682856,"Ethereum Up or Down - June 25, 7:15PM-7:20PM ET",ETH,2026-06-25T23:15:00+00:00,2026-06-25T23:20:00+00:00,34304373629297084832322706070786537532032842527879257855456411339822472624750,112132867447822434618087148300818064651757616679261543388634052019939666812005,6313.7193,5.0,True,False,closed,2026-06-25T23:10:06.811027+00:00,2026-06-25T23:20:00.814890+00:00,149,0,
0xc1cdf03f5670096ffcc3de993a735b513b12bdab9814496b9f3b45eac161d85c,"Solana Up or Down - June 25, 7:15PM-7:20PM ET",SOL,2026-06-25T23:15:00+00:00,2026-06-25T23:20:00+00:00,16584645300393140374560927713989574782639477897971154417179152168144321842181,23412712148253900221998794989138220085522353045334144739719395505434336358972,2841.9305,5.0,True,False,closed,2026-06-25T23:10:06.811027+00:00,2026-06-25T23:20:00.814890+00:00,149,0,
0x5d43e348497a53da04fd778840b4c731a1af2366ff6c34d3eb003d76d887f9fe,"Bitcoin Up or Down - June 25, 7:20PM-7:25PM ET",BTC,2026-06-25T23:20:00+00:00,2026-06-25T23:25:00+00:00,6938389386666653964418232514140353873243393731654884719972243437008582266911,101012514023364097587222277068181797574872010495269228355272074547016131453652,13143.4699,15.0,True,False,closed,2026-06-25T23:15:06.810974+00:00,2026-06-25T23:25:00.817332+00:00,149,0,
0x8d0631297c3c0ecae0ff2c43ccff96c386eb8de488d1bc03551f959e48f54bd0,"Ethereum Up or Down - June 25, 7:20PM-7:25PM ET",ETH,2026-06-25T23:20:00+00:00,2026-06-25T23:25:00+00:00,21652236071594698556055843765071502593088260785439280755081109928341658689496,7233876292634368188158090098297292669098806900974449674100722984305664634836,6545.3973,5.0,True,False,closed,2026-06-25T23:15:06.810974+00:00,2026-06-25T23:25:00.817332+00:00,149,0,
0x28f6d6f6d64c6a318107cbfe7420997965fd94dc732edabf6955fd99a3dfd381,"Solana Up or Down - June 25, 7:20PM-7:25PM ET",SOL,2026-06-25T23:20:00+00:00,2026-06-25T23:25:00+00:00,43266855262916040237274187783090237728920642427474770296998574473301696998993,52223736565122401519689111399291750780157042312548506601845500223105777995769,2769.4546,5.0,True,False,closed,2026-06-25T23:15:06.810974+00:00,2026-06-25T23:25:00.817332+00:00,149,0,
0xca334b5bee30e80607149f3df412a70f302a6c1419c7f961576973ef73a6d0ea,"Bitcoin Up or Down - June 25, 7:25PM-7:30PM ET",BTC,2026-06-25T23:25:00+00:00,2026-06-25T23:30:00+00:00,87838099919215781006870549863118094119140270259497456738959800611011656178831,17541331147312494318165965632297715136228006537870051240692071642235010110588,13000.9236,5.0,True,False,closed,2026-06-25T23:20:06.807957+00:00,2026-06-25T23:30:00.804196+00:00,149,0,
0xc1584c66639d2d49adf737deab418a67d83037e255127d7112c8d2783572887a,"Ethereum Up or Down - June 25, 7:25PM-7:30PM ET",ETH,2026-06-25T23:25:00+00:00,2026-06-25T23:30:00+00:00,87917642243006610691596918938502087376439692368687659663707261868937161029147,2562030116478345472696030169263030398333266114240579434939620977635796557754,5755.5966,15.0,True,False,closed,2026-06-25T23:20:06.807957+00:00,2026-06-25T23:30:00.804196+00:00,149,0,
0x10194e610ebbaa4104749db0520158e56c1489f99620d8dfa5c544ea6179a4ad,"Solana Up or Down - June 25, 7:25PM-7:30PM ET",SOL,2026-06-25T23:25:00+00:00,2026-06-25T23:30:00+00:00,69268799425792664337581157636136937064112386174110488809515600204174446156271,61336202740103721136086997249120910211481695962449310635621849873546261015231,2775.2508,5.0,True,False,closed,2026-06-25T23:20:06.807957+00:00,2026-06-25T23:30:00.804196+00:00,149,0,
0x50c68949271e862ac70bf55bca74f1e88d40938fc2badc3491f37d2e094a0fa8,"Bitcoin Up or Down - June 25, 7:30PM-7:35PM ET",BTC,2026-06-25T23:30:00+00:00,2026-06-25T23:35:00+00:00,1001931573966963784423958904899952026512623573110719006693429647091410137825,1392326029899615555160516556212505053435776879989002215370976069139419267960,13063.1324,25.0,True,False,closed,2026-06-25T23:25:06.811223+00:00,2026-06-25T23:35:00.806355+00:00,149,0,
0xab0e3f2322beeca04a4ea25daf395e2e7e43186a24fb84694832e371a607e844,"Ethereum Up or Down - June 25, 7:30PM-7:35PM ET",ETH,2026-06-25T23:30:00+00:00,2026-06-25T23:35:00+00:00,106506894156347113412534076473969916831604555869973571181774820033776953147620,91914255640034518875032643840721128952550196615698412233578236483215049710165,6276.6966,5.0,True,False,closed,2026-06-25T23:25:06.811223+00:00,2026-06-25T23:35:00.806355+00:00,149,0,
0x78e6a3146dd778fc3150db6ba5f2fe3b701ff446bbaff21453236e84bee5434d,"Solana Up or Down - June 25, 7:30PM-7:35PM ET",SOL,2026-06-25T23:30:00+00:00,2026-06-25T23:35:00+00:00,1333635653363504161753493999423126847213626100618164059707140801794231526624,84990303574674754410242845705069074146012676246377180494665906324016068344324,2767.0099,10.0,True,False,closed,2026-06-25T23:25:06.811223+00:00,2026-06-25T23:35:00.806355+00:00,149,1,
0x953e34839580df1f86da756ce29e11f3a83588f2d7c5a8b5146bbe13c3ad7f35,"Bitcoin Up or Down - June 25, 7:35PM-7:40PM ET",BTC,2026-06-25T23:35:00+00:00,2026-06-25T23:40:00+00:00,81265120536302089117092097687372427984470080070374441862421632546651877456204,110370221021138745774743510286514291230441386955655370884522283027579975143407,13018.8289,83.431371,True,False,closed,2026-06-25T23:30:06.811471+00:00,2026-06-25T23:40:00.807380+00:00,149,0,
0xac2679df1e3be328f45260a1887db838883b2ac508148d3bead8e301a3247c31,"Ethereum Up or Down - June 25, 7:35PM-7:40PM ET",ETH,2026-06-25T23:35:00+00:00,2026-06-25T23:40:00+00:00,72467094391793666215578556080655558161327306145018329877869185449582861647790,12720243788103522264117201096295384521655363057754837258685383310263671398962,6455.5711,5.0,True,False,closed,2026-06-25T23:30:06.811471+00:00,2026-06-25T23:40:00.807380+00:00,149,0,
0xb0d36a6793428bb9af922030ae49b8bfed5cf4c92b51294dd258b656031e09d8,"Solana Up or Down - June 25, 7:35PM-7:40PM ET",SOL,2026-06-25T23:35:00+00:00,2026-06-25T23:40:00+00:00,99789319067164081191784963766022730522742482003689885988926050503192262354221,80380120174753717773151778431692633625831309281781579387256268637426512015710,2841.1595,5.0,True,False,closed,2026-06-25T23:30:06.811471+00:00,2026-06-25T23:40:00.807380+00:00,149,0,
0x9d10b1976d19968e44940fbc85bcfaff5a73b8c5cead15f91dcb0be19a12399f,"Bitcoin Up or Down - June 25, 7:40PM-7:45PM ET",BTC,2026-06-25T23:40:00+00:00,2026-06-25T23:45:00+00:00,41058513560201884601427987485385217785302450334566912689087643257735142755767,48865692863738489654967096315548483890826971637614575418921312197861800017614,15819.4213,31.0,True,False,closed,2026-06-25T23:35:06.813978+00:00,2026-06-25T23:45:00.818103+00:00,149,0,
0x3d1d1b4b5dcf511032cfc414cc26e435fcf241abf62c352b89264a785ed5d042,"Ethereum Up or Down - June 25, 7:40PM-7:45PM ET",ETH,2026-06-25T23:40:00+00:00,2026-06-25T23:45:00+00:00,53954713206700595604568753337513230922759980584708504162801997565745767252794,19180480483708312807854651541537396203067730560594193900595228572975282083959,5673.4557,5.0,True,False,closed,2026-06-25T23:35:06.813978+00:00,2026-06-25T23:45:00.818103+00:00,149,0,
0xdb15ef00c194b611a11204dcd9529d686935d99c2dca3af5db91cf99e7b09ad2,"Solana Up or Down - June 25, 7:40PM-7:45PM ET",SOL,2026-06-25T23:40:00+00:00,2026-06-25T23:45:00+00:00,30902504204372895022770099228777308607829077265765564477153147422071783354710,18338878818098234397254109345365582918640909274773888454887482384807785549565,2770.8095,10.0,True,False,closed,2026-06-25T23:35:06.813978+00:00,2026-06-25T23:45:00.818103+00:00,149,0,
0x8261ee1171cccdf5634405e501ffbb500e808a9bf33a36cd25780038e981a3f1,"Bitcoin Up or Down - June 25, 7:45PM-7:50PM ET",BTC,2026-06-25T23:45:00+00:00,2026-06-25T23:50:00+00:00,28714819180781825534071446415313558923812078765150544647801980920233336331608,110060799672774374265225934271538166861491354846390586823070922129197766871488,13184.1131,155.0,True,False,closed,2026-06-25T23:40:06.815973+00:00,2026-06-25T23:50:00.813663+00:00,149,0,
0x8a03676c66cd0ece8f813876902215b4798ff41827343e72c5958492481e52ea,"Ethereum Up or Down - June 25, 7:45PM-7:50PM ET",ETH,2026-06-25T23:45:00+00:00,2026-06-25T23:50:00+00:00,1305485102511507949534189772096355660975247326295101170547045635514991264007,14241664504063281024337094280219072481077327072563860869533049215890485753315,5742.4566,15.0,True,False,closed,2026-06-25T23:40:06.815973+00:00,2026-06-25T23:50:00.813663+00:00,149,0,
0xf4042d3ba97c05058b752a7b5bd4a9f0ab4bd2348993b8e8438c6a37f2cd61a7,"Solana Up or Down - June 25, 7:45PM-7:50PM ET",SOL,2026-06-25T23:45:00+00:00,2026-06-25T23:50:00+00:00,13110493820524432217402010411189371684022755531876907571549284134740375873208,107682640509451734192079041923644126897766463903887192864223439665368886620567,2830.4665,15.0,True,False,closed,2026-06-25T23:40:06.815973+00:00,2026-06-25T23:50:00.813663+00:00,149,0,
0x72c83eefb48eb315d61b7b4440ad9894f3bdd50f6eab307af2a0dff7d4c3402b,"Bitcoin Up or Down - June 25, 7:50PM-7:55PM ET",BTC,2026-06-25T23:50:00+00:00,2026-06-25T23:55:00+00:00,113728451540119511498880738551539204018091693174326247383568201479507934138137,56016291243640502740152510983052724661048342496499840222877903199328961723398,13052.4403,59.941175,True,False,closed,2026-06-25T23:45:06.810819+00:00,2026-06-25T23:55:00.817793+00:00,132,0,
0x5d178b6e668c1d3112e4bfb2c0a55ff3e7befdcd8c5f7c15d2bc6f91d472b70f,"Ethereum Up or Down - June 25, 7:50PM-7:55PM ET",ETH,2026-06-25T23:50:00+00:00,2026-06-25T23:55:00+00:00,115119180516337705963926433124783282250570065820742736387440298414870178642753,74793103764126124446306795557575333275757945596253993774264426009953034006248,5640.8062,15.0,True,False,closed,2026-06-25T23:45:06.810819+00:00,2026-06-25T23:55:00.817793+00:00,132,0,
0x6bd1d9b4e817c105b4f6818884c6cb766a2583544a69dd80b17c7d3a065f633e,"Solana Up or Down - June 25, 7:50PM-7:55PM ET",SOL,2026-06-25T23:50:00+00:00,2026-06-25T23:55:00+00:00,55926460370099230820460433645212919767721725140446706821836167378086644009342,25673341061374706299159459950121088810774690130831353899017162778017393256146,2754.9104,15.0,True,False,closed,2026-06-25T23:45:06.810819+00:00,2026-06-25T23:55:00.817793+00:00,132,0,
0xd5a9441e806377e8486d30a1eaa8b2272972aa5db0c6d9444ebc288500f258ca,"Bitcoin Up or Down - June 25, 7:55PM-8:00PM ET",BTC,2026-06-25T23:55:00+00:00,2026-06-26T00:00:00+00:00,115629200837864755461928509932830614796732716474774338080723062472323617699616,34981794830299228634829243823775155709541781950845864046160985125734005392930,12996.9119,5.0,True,False,closed,2026-06-25T23:50:06.806950+00:00,2026-06-26T00:00:00.811372+00:00,149,0,
0x08bedcefe3e27f9cc7b76553bee6418599b3e11d26df00373f6283c9908012f3,"Ethereum Up or Down - June 25, 7:55PM-8:00PM ET",ETH,2026-06-25T23:55:00+00:00,2026-06-26T00:00:00+00:00,34174022806996285174938545719925107620796203220708897986776740417410410710501,2966366699319529319821631675921531323348121900905244273358801099046991300519,5706.4066,5.0,True,False,closed,2026-06-25T23:50:06.806950+00:00,2026-06-26T00:00:00.811372+00:00,149,0,
0x0d4edd29fab2e10d7d2d383abf30617d4d2a0d1bb461a789ddedc225b8a9a275,"Solana Up or Down - June 25, 7:55PM-8:00PM ET",SOL,2026-06-25T23:55:00+00:00,2026-06-26T00:00:00+00:00,39299294254484132992475027678408238920532807796537248001953612207075039935766,19110263485883475865593358431850433483861672071566880164166763663939177730587,2819.0604,10.0,True,False,closed,2026-06-25T23:50:06.806950+00:00,2026-06-26T00:00:00.811372+00:00,149,0,
0xd3806e38bb032bec3cc531f98fcca98e96b166ce6a10300caaa3af6a98f51b1f,"Bitcoin Up or Down - June 25, 8:00PM-8:05PM ET",BTC,2026-06-26T00:00:00+00:00,2026-06-26T00:05:00+00:00,93929806979558835354331253810119979597848249034911342208629214253801798158278,64893528483849792501407680104443122650183763282865318879529350295468628050175,13081.8335,30.0,True,False,closed,2026-06-25T23:55:06.811609+00:00,2026-06-26T00:05:00.808200+00:00,149,0,
0x4e108b6eb7585945d625fef75ad38e93827e068b800f6103c44df0cd31d16aa6,"Ethereum Up or Down - June 25, 8:00PM-8:05PM ET",ETH,2026-06-26T00:00:00+00:00,2026-06-26T00:05:00+00:00,14578068977965056210063649206567830633665097924178310574001372385970411659073,69063550206682518156612598532549123432718796774848355836843007118466108432347,6300.9962,15.0,True,False,closed,2026-06-25T23:55:06.811609+00:00,2026-06-26T00:05:00.808200+00:00,149,0,
0x4569f63cec0adeb79abbab90939b3e16f043b2af95cb8a2e1662200b72fe26ef,"Solana Up or Down - June 25, 8:00PM-8:05PM ET",SOL,2026-06-26T00:00:00+00:00,2026-06-26T00:05:00+00:00,113089491875773131221686225194558366383159052660163262857864982487903856219261,32715465008000346994609822591273173245879493456687698620188400044598315436993,2807.5095,10.0,True,False,closed,2026-06-25T23:55:06.811609+00:00,2026-06-26T00:05:00.808200+00:00,149,0,
0xfae870e881fdfa9ceb2d9bb10530edf77005cf5e84d3f288cb5457da9edde72e,"Bitcoin Up or Down - June 25, 8:05PM-8:10PM ET",BTC,2026-06-26T00:05:00+00:00,2026-06-26T00:10:00+00:00,4037881126374274434899833674030503122492814256087451721136759972101471366370,114813389542806656167324569591682717245856758946091948918401285144794214445915,13231.8135,5.0,True,False,closed,2026-06-26T00:00:06.810893+00:00,2026-06-26T00:10:00.818047+00:00,149,0,
0xcf8849000f7be037564af63e09a464d718a23f9220f2bc9beb459fe5cd991ece,"Ethereum Up or Down - June 25, 8:05PM-8:10PM ET",ETH,2026-06-26T00:05:00+00:00,2026-06-26T00:10:00+00:00,24789734590882445143325699928692095523745303114598763294941371691406578530286,11870732412612463545292958639054392186276165755584637732832180393029878298358,5677.2566,10.0,True,False,closed,2026-06-26T00:00:06.810893+00:00,2026-06-26T00:10:00.818047+00:00,149,0,
0x64efefbd00248bb33f0989118c3c2355e4ce500e2985c54a09102982ff57b6c1,"Solana Up or Down - June 25, 8:05PM-8:10PM ET",SOL,2026-06-26T00:05:00+00:00,2026-06-26T00:10:00+00:00,89483150299819141015848933589765855898105895814010840534777659145187204415433,72778928867341068875454428639712623836681273465614902025840678521974616841506,2790.1503,10.0,True,False,closed,2026-06-26T00:00:06.810893+00:00,2026-06-26T00:10:00.818047+00:00,149,0,
0xe8886d207ed66333cecc751d8071bda8d5052cac4cfb6baee222741563c33447,"Bitcoin Up or Down - June 25, 8:10PM-8:15PM ET",BTC,2026-06-26T00:10:00+00:00,2026-06-26T00:15:00+00:00,25163439575194974477530631871121109995222200941926256452445537237334519507682,88818726719245922836913138261015343589068952400161626329554571880856481736569,13130.9489,5.0,True,False,closed,2026-06-26T00:05:06.816671+00:00,2026-06-26T00:15:00.807297+00:00,149,0,
0xb276a1e7f3b9b08a20f016b6a418d3d850a3b4ca01458fe8101857e5adff68a8,"Ethereum Up or Down - June 25, 8:10PM-8:15PM ET",ETH,2026-06-26T00:10:00+00:00,2026-06-26T00:15:00+00:00,93823905040600922450985115432312392722061449541611887047147180681796868410541,64164304338308530972632131462451087787585424494733565052987854566149881254256,5784.9456,15.0,True,False,closed,2026-06-26T00:05:06.816671+00:00,2026-06-26T00:15:00.807297+00:00,149,0,
0xa9dbde10084ba013293ac99e925031055c8d40ff07ca5a618d8e7863c25dcec2,"Solana Up or Down - June 25, 8:10PM-8:15PM ET",SOL,2026-06-26T00:10:00+00:00,2026-06-26T00:15:00+00:00,18402715511729769684345014796376707107067755987117142317758393639407274638595,32475295768683443316899469000340302101615349354399847788631727450784278057391,2782.3999,10.0,True,False,closed,2026-06-26T00:05:06.816671+00:00,2026-06-26T00:15:00.807297+00:00,149,0,
0x47d226fcde9eddece37761401f3ba4655d3d9078be9019c33ffbf754dd2788a3,"Bitcoin Up or Down - June 25, 8:15PM-8:20PM ET",BTC,2026-06-26T00:15:00+00:00,2026-06-26T00:20:00+00:00,61542295432470948171711694559530365734398922511983533100170340510143896122947,101545239263437599459394320775590091546979275872761902015759948803367245025272,13450.8482,20.0,True,False,closed,2026-06-26T00:10:06.812052+00:00,2026-06-26T00:20:00.809920+00:00,149,0,
0x3c6fe37cc54d17fcdd651bb71a6499d9cb72f6293d084e150fba864d9666a357,"Ethereum Up or Down - June 25, 8:15PM-8:20PM ET",ETH,2026-06-26T00:15:00+00:00,2026-06-26T00:20:00+00:00,22429370990350074510768241443297749243421933255811319585029311345063333125294,31908783006329221537095252558088960641790781477572417891186765784337723222261,6309.0953,15.0,True,False,closed,2026-06-26T00:10:06.812052+00:00,2026-06-26T00:20:00.809920+00:00,149,0,
0xedd7d78b347e42b21c84941d609a8ce3fbc327b2e19e96435b435028c16d86f1,"Solana Up or Down - June 25, 8:15PM-8:20PM ET",SOL,2026-06-26T00:15:00+00:00,2026-06-26T00:20:00+00:00,62787137441404799444200895086472618795881312490807620876055191364475265724732,70395494160244237275675673796499110427249524018765778496533756118155840054559,2833.8499,5.0,True,False,closed,2026-06-26T00:10:06.812052+00:00,2026-06-26T00:20:00.809920+00:00,149,0,
0xa23c4050ef580ff061b54b00310d1b2626412e9257dbfb084e96827a502687b9,"Bitcoin Up or Down - June 25, 8:20PM-8:25PM ET",BTC,2026-06-26T00:20:00+00:00,2026-06-26T00:25:00+00:00,35114259156597773906430911842597104768287487093656160832658288036288756152324,94468922434496546601315302726284501489479684342496258564316556611975440832196,15069.9186,69.0,True,False,closed,2026-06-26T00:15:06.816375+00:00,2026-06-26T00:25:00.812788+00:00,149,0,
0x8c2ed305a3aded9adb3ade1d435eea3ef4baf0230b57e6de20231f96a260668e,"Ethereum Up or Down - June 25, 8:20PM-8:25PM ET",ETH,2026-06-26T00:20:00+00:00,2026-06-26T00:25:00+00:00,109181263302628975912499732178529978247221603990503669731748055445641444889681,53772642531396166474746104044299644642346157104758291073682896332199394079165,6475.2473,15.0,True,False,closed,2026-06-26T00:15:06.816375+00:00,2026-06-26T00:25:00.812788+00:00,149,0,
0x66766d09a59f87806bdfe3a51b52da0cc240bf7689b522a56f227cd7fd28d3ad,"Solana Up or Down - June 25, 8:20PM-8:25PM ET",SOL,2026-06-26T00:20:00+00:00,2026-06-26T00:25:00+00:00,10586007331288695418647643689352009079546888015588327458946329499056591556800,88012050003393395037990769317117861632014406096962994738317053816273969044321,2788.7104,5.0,True,False,closed,2026-06-26T00:15:06.816375+00:00,2026-06-26T00:25:00.812788+00:00,149,0,
0x6de4ad63e01072c86722b3c5e5b253d011a74f0e5a3b8263f0c199c2eeb271d0,"Bitcoin Up or Down - June 25, 8:25PM-8:30PM ET",BTC,2026-06-26T00:25:00+00:00,2026-06-26T00:30:00+00:00,28171420791446196071227640016210088706141620161275091764138619220580872878314,80140685470719023511185054746891785089984844092275649641006556387120537495623,13314.8361,45.0,True,False,closed,2026-06-26T00:20:06.817653+00:00,2026-06-26T00:30:00.816929+00:00,149,0,
0xd227262df0afa2b76cc7abde7bfd2a01518a6879f0863bea4579b94e644a1d9e,"Ethereum Up or Down - June 25, 8:25PM-8:30PM ET",ETH,2026-06-26T00:25:00+00:00,2026-06-26T00:30:00+00:00,37481048315063083005540590707403014703202009932694254991659526969315528888120,110110145051120655253818053150287487821184254458430811324067594803758934797309,6467.4973,15.0,True,False,closed,2026-06-26T00:20:06.817653+00:00,2026-06-26T00:30:00.816929+00:00,149,0,
0x3d5ac00e42ebd51161eb72447c6c440034ab43fcc2d4c4fb618eb623f65c6e62,"Solana Up or Down - June 25, 8:25PM-8:30PM ET",SOL,2026-06-26T00:25:00+00:00,2026-06-26T00:30:00+00:00,67670625850579618798516671599868069782128599310762254169445292846073240237019,102227110354194492520642780361769991154079987696698620046207480049761446391765,2817.6499,5.0,True,False,closed,2026-06-26T00:20:06.817653+00:00,2026-06-26T00:30:00.816929+00:00,149,0,
0xe9e0676a8ec2cbda0756532206b5e5b0180a42c6fd4b89d0fbaa2782b044400c,"Bitcoin Up or Down - June 25, 8:30PM-8:35PM ET",BTC,2026-06-26T00:30:00+00:00,2026-06-26T00:35:00+00:00,100668286011275823134181016942228162890435045049999029279831400529208504390158,58893177500647723413180407513530106895096188455461500398356630984801284574545,15593.169,97.941175,True,False,closed,2026-06-26T00:25:06.806412+00:00,2026-06-26T00:35:00.808248+00:00,149,0,
0x4adc3c02dea0cdfb67760343a9d28bbfa96d4eca50c5677ff8a96e1ea445593c,"Ethereum Up or Down - June 25, 8:30PM-8:35PM ET",ETH,2026-06-26T00:30:00+00:00,2026-06-26T00:35:00+00:00,38486778230723881497558048602999719115872920441199220342283167825658143057057,96109073211684433425060172447050429467665392515288518188497719309707516606012,6183.5961,10.0,True,False,closed,2026-06-26T00:25:06.806412+00:00,2026-06-26T00:35:00.808248+00:00,149,0,
0x8cfb4d72b3f407b6f29b929e871d7cc5be202392ffb0a888a6445b175bd5ff71,"Solana Up or Down - June 25, 8:30PM-8:35PM ET",SOL,2026-06-26T00:30:00+00:00,2026-06-26T00:35:00+00:00,93339748768156447192452118314287893038410785456611355654760784266737591617585,72591490370404291116445746515749320769761511504014642285821893878275288781980,2758.8508,5.0,True,False,closed,2026-06-26T00:25:06.806412+00:00,2026-06-26T00:35:00.808248+00:00,149,0,
0xbb180a93bbb7c26ed54ac20bd01ee85ae49ec368943fad7ecf82faeca4132661,"Bitcoin Up or Down - June 25, 8:35PM-8:40PM ET",BTC,2026-06-26T00:35:00+00:00,2026-06-26T00:40:00+00:00,113742604962775822444328568587405906884328467210133903524259196200679603418168,73473839162483606271625935418783851392980911362094809106143985893679311961402,13365.3483,45.0,True,False,closed,2026-06-26T00:30:06.811274+00:00,2026-06-26T00:40:00.813913+00:00,149,0,
0x39bda46be354d980f23f49931ff09bd98665d7bcb8a3491a684eb5fb7fbe6cf7,"Ethereum Up or Down - June 25, 8:35PM-8:40PM ET",ETH,2026-06-26T00:35:00+00:00,2026-06-26T00:40:00+00:00,49077254534833413964383988540868808936487293525715950516209006730751327288084,55992121538693689027488213720667885456802436918338993341359571411842043614566,6460.2973,15.0,True,False,closed,2026-06-26T00:30:06.811274+00:00,2026-06-26T00:40:00.813913+00:00,149,0,
0xc42435dc32ec00962a8f7d7f3d06841ff1d317bb7387bb78b41cf3af0fecf6d7,"Solana Up or Down - June 25, 8:35PM-8:40PM ET",SOL,2026-06-26T00:35:00+00:00,2026-06-26T00:40:00+00:00,97759719605565241320047204433367278654213463653086331729085732849912931535580,73102778751551208730690354173095095646865032487147312271843818884523784418605,2852.9503,5.0,True,False,closed,2026-06-26T00:30:06.811274+00:00,2026-06-26T00:40:00.813913+00:00,149,0,
0x39c452cca0daa987312cf45c685629a0b3902c372c0e055055968921e3433be3,"Bitcoin Up or Down - June 25, 8:40PM-8:45PM ET",BTC,2026-06-26T00:40:00+00:00,2026-06-26T00:45:00+00:00,17253775502694502221271159626622741067286954896125981783730953377503066899972,97008197912708988615790017651687925178553564294499494072900449809877684614831,11398.1343,62.0,True,False,closed,2026-06-26T00:35:06.803614+00:00,2026-06-26T00:45:00.806960+00:00,149,0,
0x275386cd70e31b9e2e9a1287d9170802c80dfab3135f31cc4e477096615623b7,"Ethereum Up or Down - June 25, 8:40PM-8:45PM ET",ETH,2026-06-26T00:40:00+00:00,2026-06-26T00:45:00+00:00,94404178905457619581960129361157737064043761921209364740317762362580323328870,76502493873484000632239231348749402577363890912273635927497951359193750079184,6481.6482,15.0,True,False,closed,2026-06-26T00:35:06.803614+00:00,2026-06-26T00:45:00.806960+00:00,149,0,
0x83d2f22c3d9e228c24ca47533c8cddd5f0d9d67e0b864f253abfa94fffb80a32,"Solana Up or Down - June 25, 8:40PM-8:45PM ET",SOL,2026-06-26T00:40:00+00:00,2026-06-26T00:45:00+00:00,29507975517412446249164417535214743423792894114615585924500486824306886461555,39918195011172271966472435773225143347547003573889144069820905134385350353648,2830.9003,5.0,True,False,closed,2026-06-26T00:35:06.803614+00:00,2026-06-26T00:45:00.806960+00:00,149,0,
0xe3629ce3fddf57c3525da743502444b94d20fea4c59099fbb8ed350d92e06b00,"Bitcoin Up or Down - June 25, 8:45PM-8:50PM ET",BTC,2026-06-26T00:45:00+00:00,2026-06-26T00:50:00+00:00,92013044569271550240566766041775704917775374036773776875009028822105771960557,89104091884442758831332510972719083950802523679047448915330252946396419023482,13146.1013,79.0,True,False,closed,2026-06-26T00:40:06.807666+00:00,2026-06-26T00:50:00.806266+00:00,149,0,
0xf7587d8f1ed7781c0a517b1e916f94f5a52a1bd407fdc616921d47f28cc5d96e,"Ethereum Up or Down - June 25, 8:45PM-8:50PM ET",ETH,2026-06-26T00:45:00+00:00,2026-06-26T00:50:00+00:00,30869332704890913968499593913454346286066843711402834545099238556487998029140,18034075744798726130389152244202680257679707492880391999007013550751511423235,6238.9376,15.0,True,False,closed,2026-06-26T00:40:06.807666+00:00,2026-06-26T00:50:00.806266+00:00,149,0,
0x16c1a9377ff85958afb9c00ef84060706aa1e4065e55604fe72b8d73851e3a51,"Solana Up or Down - June 25, 8:45PM-8:50PM ET",SOL,2026-06-26T00:45:00+00:00,2026-06-26T00:50:00+00:00,58533254278450845474855514588202987797614116473476876162039025941781979153097,44746857497352839890227993628763810143514955778266336508899442986694305366923,2791.1499,5.0,True,False,closed,2026-06-26T00:40:06.807666+00:00,2026-06-26T00:50:00.806266+00:00,149,0,
0x291915aa4a849ec694fd12c0b55ecda3ba6135c32c97ca74e281e6b0fd0f865f,"Bitcoin Up or Down - June 25, 8:50PM-8:55PM ET",BTC,2026-06-26T00:50:00+00:00,2026-06-26T00:55:00+00:00,69741596945458091728762402047902868414321761080068322036316743179586155170991,2384957921834372022527558251057517579718950626170389870827915847879852695382,14901.7673,70.0,True,False,closed,2026-06-26T00:45:06.816950+00:00,2026-06-26T00:55:00.804320+00:00,149,0,
0xc744982792fae96646d26aa4473aefa1e8c16255d0580ba2cdcfdbf5a3bd994f,"Ethereum Up or Down - June 25, 8:50PM-8:55PM ET",ETH,2026-06-26T00:50:00+00:00,2026-06-26T00:55:00+00:00,50373147535514314105170620290642043322858456038186904736797436924974297537567,72841057133763420196776761009707751033539402750219291343268525447160307708368,6589.018,5.0,True,False,closed,2026-06-26T00:45:06.816950+00:00,2026-06-26T00:55:00.804320+00:00,149,0,
0x6ab8330d9c34f4af6449da41ec8660a674497c155ae6e294ff2d0b42631c16e7,"Solana Up or Down - June 25, 8:50PM-8:55PM ET",SOL,2026-06-26T00:50:00+00:00,2026-06-26T00:55:00+00:00,62462682273308341131870511474896064651685465927048562710735001374596645421209,107197997540778738308618665392311053176836515360560677521712723310771780953603,2758.0499,7.0,True,False,closed,2026-06-26T00:45:06.816950+00:00,2026-06-26T00:55:00.804320+00:00,149,0,
0x1f919766e67fcaf08aae2830520c11bdea95107d8260b1c729b7e5a110a6e2bf,"Bitcoin Up or Down - June 25, 8:55PM-9:00PM ET",BTC,2026-06-26T00:55:00+00:00,2026-06-26T01:00:00+00:00,30879268132279369505139093954321551578984484195836701882497281351321516120353,54051840668843982122520795062112606285831484878214350252541552054522204289895,12840.2509,50.0,True,False,closed,2026-06-26T00:50:06.815900+00:00,2026-06-26T01:00:00.810179+00:00,149,0,
0xa9f2986fe98068ae5a3d98af87630f78a77a6dd0669a6f1fd053fce1bd2fa128,"Ethereum Up or Down - June 25, 8:55PM-9:00PM ET",ETH,2026-06-26T00:55:00+00:00,2026-06-26T01:00:00+00:00,87642890269126242315458749423606656234384615481464334033347720827949513503235,106203291858469061185860601599829627611705444239641851070076992209148973326921,5664.9164,5.0,True,False,closed,2026-06-26T00:50:06.815900+00:00,2026-06-26T01:00:00.810179+00:00,149,0,
0xc78b48caad388947c5a7114b9bd24c1c34bfe8913e0858f3131ffc28a02bf33d,"Solana Up or Down - June 25, 8:55PM-9:00PM ET",SOL,2026-06-26T00:55:00+00:00,2026-06-26T01:00:00+00:00,36047219748806599323850185903991495840452804977381869024019791133063478411141,94183560371448986456602699350794173009090380915359196115561364643307124946387,2827.4485,10.0,True,False,closed,2026-06-26T00:50:06.815900+00:00,2026-06-26T01:00:00.810179+00:00,149,0,
0xe8ad2682eae50aecadb4879a8c9e60b4d724dac188ba49e4226c5c24bfb9a2e4,"Bitcoin Up or Down - June 25, 9:00PM-9:05PM ET",BTC,2026-06-26T01:00:00+00:00,2026-06-26T01:05:00+00:00,36425198417936903966826242712790093343586987744055005820267598770589756569590,72255418415569409937643500792009083098082713182303994779117507052790319719074,15421.5098,47.0,True,False,closed,2026-06-26T00:55:06.812360+00:00,2026-06-26T01:05:00.803683+00:00,149,0,
0x7e33d1ea92a4350d349af3595a55fdbfeccd37f3728c1061bdb90a5f839de8e6,"Ethereum Up or Down - June 25, 9:00PM-9:05PM ET",ETH,2026-06-26T01:00:00+00:00,2026-06-26T01:05:00+00:00,110022171572671939411063539317842738076811492327451572418821078575613643963812,2868341194780936488047763396188729222931001096262980035628199654890350413560,6366.2649,5.0,True,False,closed,2026-06-26T00:55:06.812360+00:00,2026-06-26T01:05:00.803683+00:00,149,0,
0x6dc482c5be57ccbfe076001c496e183b9d50ffe1e545b757e001fbfc30b71e46,"Solana Up or Down - June 25, 9:00PM-9:05PM ET",SOL,2026-06-26T01:00:00+00:00,2026-06-26T01:05:00+00:00,11288053707978143509433603062537071080720106860221078259213656172940975426352,41569605819214515602903680203458953712829648634765020101988853694449029863982,2844.3517,10.0,True,False,closed,2026-06-26T00:55:06.812360+00:00,2026-06-26T01:05:00.803683+00:00,149,0,
0x9dbb7f7b708a872a7bb4c621b0fcb24b398e0c57dc3fd4c062ee621bdca999d7,"Bitcoin Up or Down - June 25, 9:05PM-9:10PM ET",BTC,2026-06-26T01:05:00+00:00,2026-06-26T01:10:00+00:00,6928284468521663314169046173845280809837924375518361158251078637967712427036,82766000747449746929425432268387378653749065825230840427051510924088676935369,13307.58,47.0,True,False,closed,2026-06-26T01:00:06.803224+00:00,2026-06-26T01:10:00.817981+00:00,149,0,
0x02f281b5348459ef02d192a7a30ccc1b9647a1cdb0edf7700079718e055eb115,"Ethereum Up or Down - June 25, 9:05PM-9:10PM ET",ETH,2026-06-26T01:05:00+00:00,2026-06-26T01:10:00+00:00,84730008955159635005340103727305317801815200208728724823836703606547533162208,39220194758341845334330936671569660691073019931330839253106242871115314401282,6555.2173,15.0,True,False,closed,2026-06-26T01:00:06.803224+00:00,2026-06-26T01:10:00.817981+00:00,149,0,
0x94a5f3b181fa6e51038767764270c3afbaae9ef8ca74e986539610c25d3a3cc4,"Solana Up or Down - June 25, 9:05PM-9:10PM ET",SOL,2026-06-26T01:05:00+00:00,2026-06-26T01:10:00+00:00,77004214760405378673407381914306726631080993335371747915709711889116513282311,113299312465069605053974107365137186447567706268516446495830790578532823300494,2850.5517,5.0,True,False,closed,2026-06-26T01:00:06.803224+00:00,2026-06-26T01:10:00.817981+00:00,149,0,
0xbd5dd89b05217fed246aac91df64b659c1decc5ec1d91e4420fdb8f7bbe0fd5b,"Bitcoin Up or Down - June 25, 9:10PM-9:15PM ET",BTC,2026-06-26T01:10:00+00:00,2026-06-26T01:15:00+00:00,16088403184731326318514667701080540766052850969911724105123121566393440848383,86685699264701627211740876471675272099422091432003546465886946090282769947435,14482.2706,75.0,True,False,closed,2026-06-26T01:05:06.811811+00:00,2026-06-26T01:15:00.812884+00:00,149,0,
0xe2d1b4020c011e512a6e47381b00f1ea990d82a97f22759e57e163d9ddf69ea2,"Ethereum Up or Down - June 25, 9:10PM-9:15PM ET",ETH,2026-06-26T01:10:00+00:00,2026-06-26T01:15:00+00:00,99029548495949416509144834389479482116721165388797308260787821013421512781459,89504417152751746614230578454449458365797918665049190231544705251325778846779,5784.4201,5.0,True,False,closed,2026-06-26T01:05:06.811811+00:00,2026-06-26T01:15:00.812884+00:00,149,0,
0x0c57f717926035bc0d2e027557263f7dae55fb00e58dd5573a7bfe0b5f053ae0,"Solana Up or Down - June 25, 9:10PM-9:15PM ET",SOL,2026-06-26T01:10:00+00:00,2026-06-26T01:15:00+00:00,27895964324805556861607857761611020733296234357169183460937349214350545333430,90978262564715000593991598752777915438738915428109066043201117641274887717827,2803.2993,10.0,True,False,closed,2026-06-26T01:05:06.811811+00:00,2026-06-26T01:15:00.812884+00:00,149,0,
0x8eeaf91593ccecf23fff4e2a704c0db668d11ec9e82627ed957c8ac4e171bcff,"Bitcoin Up or Down - June 25, 9:15PM-9:20PM ET",BTC,2026-06-26T01:15:00+00:00,2026-06-26T01:20:00+00:00,49265166215472771141868300556288291709123912009876219529168738741747642916302,69688894346021740467788727138005334053599098987420588018029622964023031367838,13346.91,70.0,True,False,closed,2026-06-26T01:10:06.813111+00:00,2026-06-26T01:20:00.816558+00:00,149,0,
0x2598bce5b187e63488a9e9a0837232caa638b6eed971c59675c9601dc9978f12,"Ethereum Up or Down - June 25, 9:15PM-9:20PM ET",ETH,2026-06-26T01:15:00+00:00,2026-06-26T01:20:00+00:00,40051966361294439528874383490904527603106578179411462603621382206177301853110,75180348052780862503896083586752377800907582449961416152020396898923567143256,6251.9097,5.0,True,False,closed,2026-06-26T01:10:06.813111+00:00,2026-06-26T01:20:00.816558+00:00,149,0,
0xc81fcae523f57b0631fbd456928a04b6ccdcd946562ed6f589debca337bb662e,"Solana Up or Down - June 25, 9:15PM-9:20PM ET",SOL,2026-06-26T01:15:00+00:00,2026-06-26T01:20:00+00:00,76939552669046856135237457043333039144632018538539115855580056673183095805074,42849898461957686072390021456103909615149483647843740018731173359795907920118,2879.6289,5.0,True,False,closed,2026-06-26T01:10:06.813111+00:00,2026-06-26T01:20:00.816558+00:00,149,0,
0x85d719b6844874a116689917d890a2a7c613fd15981cbe061e2efb2637d953f9,"Bitcoin Up or Down - June 25, 9:20PM-9:25PM ET",BTC,2026-06-26T01:20:00+00:00,2026-06-26T01:25:00+00:00,12843895790038767896449343791525979006727427019775183301590942556468149851813,21651397307523693372456676208399418632566113886606315725516536843987311964211,14502.4311,51.960783,True,False,closed,2026-06-26T01:15:06.806092+00:00,2026-06-26T01:25:00.816136+00:00,149,0,
0x04d7e4096d83a68e7ca2f728074fc1ae42c3ec32c013118995b628b8f27b4b16,"Ethereum Up or Down - June 25, 9:20PM-9:25PM ET",ETH,2026-06-26T01:20:00+00:00,2026-06-26T01:25:00+00:00,70619942824915801229171503810498433567519607657761885152923364999521726702617,56185446897383985623663333051536916289154690805859110530856203029548748472746,5749.4725,10.0,True,False,closed,2026-06-26T01:15:06.806092+00:00,2026-06-26T01:25:00.816136+00:00,149,0,
0x064fdfce945d4877b5aec96ce036980048dcb4162cfdc0df6a874463a2ad5dcb,"Solana Up or Down - June 25, 9:20PM-9:25PM ET",SOL,2026-06-26T01:20:00+00:00,2026-06-26T01:25:00+00:00,24403433940041105978242753387596899691079724837723620284354152920595760359619,12500742497325816383069523171055566340519363856922379335684061708573881719804,1855.8442,5.0,True,False,closed,2026-06-26T01:15:06.806092+00:00,2026-06-26T01:25:00.816136+00:00,149,0,
0xb66e0fe2f0bd3324a093d033a81930c0ab10bd82b7ba50be71b2569b9c8c2a68,"Bitcoin Up or Down - June 25, 9:25PM-9:30PM ET",BTC,2026-06-26T01:25:00+00:00,2026-06-26T01:30:00+00:00,53652692938543500715760461729462524968794515765973422070856927045551412083193,93367943365176268893744757115220644582115107326436835412945600470023270053624,13301.9496,56.960783,True,False,closed,2026-06-26T01:20:06.810502+00:00,2026-06-26T01:30:00.808832+00:00,149,0,
0x4dca6292d8fa8219915b8b8c09cf74886398edd35b64a285afc38e0a4aef8c64,"Ethereum Up or Down - June 25, 9:25PM-9:30PM ET",ETH,2026-06-26T01:25:00+00:00,2026-06-26T01:30:00+00:00,53044162770180670864138149828615514326794858796722611439223688819172773129894,16618119867614777141647212774845130460552706364342143434411844713429161657624,6414.0141,5.0,True,False,closed,2026-06-26T01:20:06.810502+00:00,2026-06-26T01:30:00.808832+00:00,149,0,
0x26aac8ca8d0f2c5c90c9b248f45229f3ee4271bfc0380ade3ee93d0d8689e720,"Solana Up or Down - June 25, 9:25PM-9:30PM ET",SOL,2026-06-26T01:25:00+00:00,2026-06-26T01:30:00+00:00,41900332902990573044756854381296757957073584830231447293906569016176204502902,86767045663984951970679878450312069532045180044692090132478997000315781698162,2846.0522,5.0,True,False,closed,2026-06-26T01:20:06.810502+00:00,2026-06-26T01:30:00.808832+00:00,149,0,
0x206a8d2404dbe2c416860ba9b335d6ca2c3302f1c6d9fbf7fa1db4ef245b2248,"Bitcoin Up or Down - June 25, 9:30PM-9:35PM ET",BTC,2026-06-26T01:30:00+00:00,2026-06-26T01:35:00+00:00,89719793045198778120253191920219778129566997035401947371916917065615744023888,61877830984637990131343294408904525772654927634125589780828984176395696276607,15176.8935,62.0,True,False,closed,2026-06-26T01:25:06.811402+00:00,2026-06-26T01:35:00.812399+00:00,149,0,
0xd8e040eba9a4b48ef5710cb00a1c4108bbcc32f4224d90d2aba3894681df8f94,"Ethereum Up or Down - June 25, 9:30PM-9:35PM ET",ETH,2026-06-26T01:30:00+00:00,2026-06-26T01:35:00+00:00,89627348123659657335261980654231932141942948376115650387960130683656908583612,49767678000277473128324655638136995027458572350820245313072611866647887630165,6186.7634,15.0,True,False,closed,2026-06-26T01:25:06.811402+00:00,2026-06-26T01:35:00.812399+00:00,149,0,
0x5213326a14bea78b318a3e04ea602192f110de32a160c433e69d2598871f3e2c,"Solana Up or Down - June 25, 9:30PM-9:35PM ET",SOL,2026-06-26T01:30:00+00:00,2026-06-26T01:35:00+00:00,85061559098133317089198325682563098161640515067978916772117099827265094664892,88194347244311934039214940636614695883204548780651911368599971133129529447395,2827.2021,10.0,True,False,closed,2026-06-26T01:25:06.811402+00:00,2026-06-26T01:35:00.812399+00:00,149,0,
0xa3d6045cd0046998d5f4704eb953b09e5b4be576ab05cf8b1fa715fcd35278ae,"Bitcoin Up or Down - June 25, 9:35PM-9:40PM ET",BTC,2026-06-26T01:35:00+00:00,2026-06-26T01:40:00+00:00,99752561888233951135782062084908417806254836186382637780177446638370663653049,107621031425396944931522029128128718238984373720578001578643000681672248795988,13288.2521,47.0,True,False,closed,2026-06-26T01:30:06.818614+00:00,2026-06-26T01:40:00.806212+00:00,149,0,
0xdccc207fe773c3dd085865d0e341f8224b989623c9d579fc0deeced62f3978db,"Ethereum Up or Down - June 25, 9:35PM-9:40PM ET",ETH,2026-06-26T01:35:00+00:00,2026-06-26T01:40:00+00:00,63186671988675647835299352000490492037984886433237861042138995240841203762150,10626187091309142552186528213257126262111587144844527936197065095583794661334,5792.6501,15.0,True,False,closed,2026-06-26T01:30:06.818614+00:00,2026-06-26T01:40:00.806212+00:00,149,0,
0xf5ef1ed42a31eae4188af2e67838ad497779e14ecd32cdb496159cd48be9ec65,"Solana Up or Down - June 25, 9:35PM-9:40PM ET",SOL,2026-06-26T01:35:00+00:00,2026-06-26T01:40:00+00:00,64154684545314883334520204725980348958039547812816032648447613223866290773628,87974071706069652657631601266710610703046356151972049706970211621386312223259,2942.5317,10.0,True,False,closed,2026-06-26T01:30:06.818614+00:00,2026-06-26T01:40:00.806212+00:00,149,0,
0x7cb02bdc0d6d3683c68b7c1a38817b744001dbfaf97f217ad7daa8fbbd964bce,"Bitcoin Up or Down - June 25, 9:40PM-9:45PM ET",BTC,2026-06-26T01:40:00+00:00,2026-06-26T01:45:00+00:00,27851930230269639429005054638199973305173440090711856654981053050278569998679,74945753373076828834095430260202053328968265309322523473669078636054361432332,14693.7124,71.96078299999999,True,False,closed,2026-06-26T01:35:06.807749+00:00,2026-06-26T01:45:00.812019+00:00,149,0,
0x6ea721e4c35bbfd1499d03a6ab28cc79236d7aacb856d63890ff8b5992deb6b2,"Ethereum Up or Down - June 25, 9:40PM-9:45PM ET",ETH,2026-06-26T01:40:00+00:00,2026-06-26T01:45:00+00:00,35945367488628512194505151142521529937547495288633201940099022792507246314034,28456873140400306392047579185090244234155661678122927299035188245425234657593,5773.3072,6.960783,True,False,closed,2026-06-26T01:35:06.807749+00:00,2026-06-26T01:45:00.812019+00:00,149,0,
0x15c45d40cfb1e12250300695620cb8cd5e007e044fc1171bd6e30009189ee571,"Solana Up or Down - June 25, 9:40PM-9:45PM ET",SOL,2026-06-26T01:40:00+00:00,2026-06-26T01:45:00+00:00,25994358107218456609277277650677590141181777659273624920378882821311974393388,28888918792935874774881070851513361028675221095940300550443427697769368877547,2869.9317,10.0,True,False,closed,2026-06-26T01:35:06.807749+00:00,2026-06-26T01:45:00.812019+00:00,149,0,
0xa1fb9bae6da7d94b918dacbaa098d76a94c77d99c3f4e0468ea8bb827c038056,"Bitcoin Up or Down - June 25, 9:45PM-9:50PM ET",BTC,2026-06-26T01:45:00+00:00,2026-06-26T01:50:00+00:00,87383753747035488883435529201046590439131022881112227427829065089025775010561,6891318436870229016146975091923335901667120918505954515553711755749931883502,13415.653,101.862741,True,False,closed,2026-06-26T01:40:06.816725+00:00,2026-06-26T01:50:00.809176+00:00,149,0,
0x053539c5fc89c39ddc9e27f2a7d9dc07d3d182b22b0880a4e13b7f054fdf8485,"Ethereum Up or Down - June 25, 9:45PM-9:50PM ET",ETH,2026-06-26T01:45:00+00:00,2026-06-26T01:50:00+00:00,112341041249787800132478344588810229476618477027131216091175119030357998784420,85141858010194703171813702627954599637638904795655054716965812528210432173749,5841.9734,10.0,True,False,closed,2026-06-26T01:40:06.816725+00:00,2026-06-26T01:50:00.809176+00:00,149,0,
0xf961e1065c4137afe6a239f162b1547930018c15ba9ca3f50a38339ba0f4cfb4,"Solana Up or Down - June 25, 9:45PM-9:50PM ET",SOL,2026-06-26T01:45:00+00:00,2026-06-26T01:50:00+00:00,115195740165055158256713961399367762250131300725421046588471364457919927305253,55229744461172674002049563669832896361380693772896692239300753206037739133738,2875.8191,10.0,True,False,closed,2026-06-26T01:40:06.816725+00:00,2026-06-26T01:50:00.809176+00:00,149,0,
0x89241ce384da75a38ab4f9d2739c82d4baf54fb13872ed1d5d311515c780c5a6,"Bitcoin Up or Down - June 25, 9:50PM-9:55PM ET",BTC,2026-06-26T01:50:00+00:00,2026-06-26T01:55:00+00:00,23041891246395116422430555537768727281266851870940436543807513376933728549103,25170785172822329011505113018135431770102928547712488697423604475792449613959,15834.4986,47.0,True,False,closed,2026-06-26T01:45:06.805555+00:00,2026-06-26T01:55:00.808629+00:00,149,0,
0x8eb4e3ae0966b925927b60bdeb2ec3879cad1c506d2f999f3e86c848a1c6a572,"Ethereum Up or Down - June 25, 9:50PM-9:55PM ET",ETH,2026-06-26T01:50:00+00:00,2026-06-26T01:55:00+00:00,33575536851500826727242211308118071791374227208363676814652222254426742073013,85318336467972443376205832942168697432253082541613222103111539953978612064414,5747.4225,5.0,True,False,closed,2026-06-26T01:45:06.805555+00:00,2026-06-26T01:55:00.808629+00:00,149,0,
0xf5d1c0c980dc051c0951233a0f6e0aa5a9f16a0ca23dbc7400dd1d2ff7e2f2f1,"Solana Up or Down - June 25, 9:50PM-9:55PM ET",SOL,2026-06-26T01:50:00+00:00,2026-06-26T01:55:00+00:00,105192625443820701314402861361341405609810389711620321130691469136699555415390,100254512161878400929277895886032748560213239950169528976448217961634234547739,2866.0517,5.0,True,False,closed,2026-06-26T01:45:06.805555+00:00,2026-06-26T01:55:00.808629+00:00,149,0,
0x65d02bfe258007388240601924d6c107ed63fe3906e0a7683b0d555dd244bc5a,"Bitcoin Up or Down - June 25, 9:55PM-10:00PM ET",BTC,2026-06-26T01:55:00+00:00,2026-06-26T02:00:00+00:00,95044137348720922885699478667560749908346364797088000380731407118008467323016,49187158445072831540540608727858556606227807879381558770916253484237346061418,13384.6448,101.0,True,False,closed,2026-06-26T01:50:06.818071+00:00,2026-06-26T02:00:00.805294+00:00,149,0,
0xc7c3aac7591a09b3c33a0412f44577be290fc66093d8b137d1385c47c3746ff7,"Ethereum Up or Down - June 25, 9:55PM-10:00PM ET",ETH,2026-06-26T01:55:00+00:00,2026-06-26T02:00:00+00:00,32142287972210320305352844315094775851199010925251418176584443218938369221811,71438821960324597168079439133899168785313230932475292310445156526948421373722,5806.627,15.0,True,False,closed,2026-06-26T01:50:06.818071+00:00,2026-06-26T02:00:00.805294+00:00,149,0,
0x0e60e2faf21b963fd882665ad8b66e252da6eff5a1636a06b9acf99aca7ae553,"Solana Up or Down - June 25, 9:55PM-10:00PM ET",SOL,2026-06-26T01:55:00+00:00,2026-06-26T02:00:00+00:00,86733698295860552712312136184625411883052870307673977845182704697873298786900,45195191664980772959174624389783442853353171525817262388486550786155502728241,2931.4326,10.0,True,False,closed,2026-06-26T01:50:06.818071+00:00,2026-06-26T02:00:00.805294+00:00,149,0,
0xceb70e51a0433b675c953ba1812c4e73c42e4225fcde01e790023b071dabe24b,"Bitcoin Up or Down - June 25, 10:00PM-10:05PM ET",BTC,2026-06-26T02:00:00+00:00,2026-06-26T02:05:00+00:00,90991072100649996507940760533381334873669222110525583540447110366586413846537,36857689760105003805722777111413787902143846679497314281364302819838782410529,15221.2515,27.0,True,False,closed,2026-06-26T01:55:06.808565+00:00,2026-06-26T02:05:00.805087+00:00,149,0,
0x0fa0888742daf6be4db83f67b024de2f1522075cf420a28921bdcf6566852831,"Ethereum Up or Down - June 25, 10:00PM-10:05PM ET",ETH,2026-06-26T02:00:00+00:00,2026-06-26T02:05:00+00:00,110250798686663922227297823336655451525405636551906259071168211260684705238913,67640140784448347271087713485496887774852057577190581229403866388474413082492,5812.4976,5.0,True,False,closed,2026-06-26T01:55:06.808565+00:00,2026-06-26T02:05:00.805087+00:00,149,0,
0x302815533a58c60756f9606392ba8c49d804c90e948efd7e8067a422ef504494,"Solana Up or Down - June 25, 10:00PM-10:05PM ET",SOL,2026-06-26T02:00:00+00:00,2026-06-26T02:05:00+00:00,57606075967202228530322591218971446510240951674281437964031458486907489764246,57937688992142159011266497436237425920444234671757259407804800126040786203269,2897.4342,5.0,True,False,closed,2026-06-26T01:55:06.808565+00:00,2026-06-26T02:05:00.805087+00:00,149,0,
0xbbb212935fe2a45e7cf32345e086b03c266c90f59082ba0c34d1ac39a947f401,"Bitcoin Up or Down - June 25, 10:05PM-10:10PM ET",BTC,2026-06-26T02:05:00+00:00,2026-06-26T02:10:00+00:00,64913166896905014318074104821252541466281234763511415308219387978323922301956,111204817522355699280108947016782108600628129906835773802048330604049488725370,15983.4198,45.68,True,False,closed,2026-06-26T02:00:06.814954+00:00,2026-06-26T02:10:00.810031+00:00,149,0,
0xd1e1b942e68b10efb7035327f771084045690260c54e65ec38592e29f387591a,"Ethereum Up or Down - June 25, 10:05PM-10:10PM ET",ETH,2026-06-26T02:05:00+00:00,2026-06-26T02:10:00+00:00,56895984862524796501867094513168396821319587744411759151159169667570703825397,65971257540450090385564989820995081293691169683966533384486614291951236597679,5836.319,5.0,True,False,closed,2026-06-26T02:00:06.814954+00:00,2026-06-26T02:10:00.810031+00:00,149,0,
0x1cb292f25adf178df048cd0263027c85e5391e6005a6871b3efd84dc8a3a6c2a,"Solana Up or Down - June 25, 10:05PM-10:10PM ET",SOL,2026-06-26T02:05:00+00:00,2026-06-26T02:10:00+00:00,25539677824762564374215685644805897922847463890060370815533564131009800874794,4233949781275913572857141907830952797483153569688533224467890560301817957297,2951.7317,5.0,True,False,closed,2026-06-26T02:00:06.814954+00:00,2026-06-26T02:10:00.810031+00:00,149,0,
0xef5d8edf058f0531f07fbd32ef7d930adeddd54e246768e330973a8ae1a4b31e,"Bitcoin Up or Down - June 25, 10:10PM-10:15PM ET",BTC,2026-06-26T02:10:00+00:00,2026-06-26T02:15:00+00:00,77316284748699677885223485362658450232610061520247161077683726594144709343535,39608330816460169176733224911540260706625404831530472899967297388867317794408,14766.3678,43.68,True,False,closed,2026-06-26T02:05:06.813992+00:00,2026-06-26T02:15:00.814181+00:00,149,0,
0x53f90f2e9b00d941f316c609ec8bb7f88faf55072b5f5646cb4512855925c6b7,"Ethereum Up or Down - June 25, 10:10PM-10:15PM ET",ETH,2026-06-26T02:10:00+00:00,2026-06-26T02:15:00+00:00,80991977543827167238579157776183535985598376641666134023930544233994204111548,103647994017310354063611393274293332438321472527847132824683377077164048497876,5724.3225,5.0,True,False,closed,2026-06-26T02:05:06.813992+00:00,2026-06-26T02:15:00.814181+00:00,149,0,
0x79bf40e60afdf6b3dedd87c30c46bf416658f16a760193b26925dd1cd42400db,"Solana Up or Down - June 25, 10:10PM-10:15PM ET",SOL,2026-06-26T02:10:00+00:00,2026-06-26T02:15:00+00:00,78809122807095937606962757721650415114711841229787711100363456198073174337106,59723509746295676976569327551280032358559574541020363704800848026327437002267,2889.1526,5.0,True,False,closed,2026-06-26T02:05:06.813992+00:00,2026-06-26T02:15:00.814181+00:00,149,0,
0x392873efedad938b3bf3a988e934300fc64aa01269f8c78296e55be55232503b,"Bitcoin Up or Down - June 25, 10:15PM-10:20PM ET",BTC,2026-06-26T02:15:00+00:00,2026-06-26T02:20:00+00:00,74102937196169357980453152597810297405546936357305162060060287840570368800213,45898417203725807209327586550357158017408128986126678869218970732481112501668,15156.584,34.0,True,False,closed,2026-06-26T02:10:06.804351+00:00,2026-06-26T02:20:00.804182+00:00,149,0,
0xfc0c9ee7d8493476ed011e72f529275e9de2ab11a438a261a4ffd34549003163,"Ethereum Up or Down - June 25, 10:15PM-10:20PM ET",ETH,2026-06-26T02:15:00+00:00,2026-06-26T02:20:00+00:00,91821413428457142444044710607132530724781877447431548862165748162427255075996,71451492792628605257265532562097143588870428196816019476826963125606790550569,5835.8713,5.0,True,False,closed,2026-06-26T02:10:06.804351+00:00,2026-06-26T02:20:00.804182+00:00,149,0,
0xb382894a755bfc0060f324643e4182c8d77fd4f4eb5f6897d079d71abad816e2,"Solana Up or Down - June 25, 10:15PM-10:20PM ET",SOL,2026-06-26T02:15:00+00:00,2026-06-26T02:20:00+00:00,42839235768244154549563637432630071366607429825455597581060571230619589302170,19994272643679159358648739768183683581904952242119852897309832515754924523705,2862.8966,10.0,True,False,closed,2026-06-26T02:10:06.804351+00:00,2026-06-26T02:20:00.804182+00:00,149,0,
0x4fc041346787ce94a1c323c136bf3eee659daeda9135e042e3328b620d913ced,"Bitcoin Up or Down - June 25, 10:20PM-10:25PM ET",BTC,2026-06-26T02:20:00+00:00,2026-06-26T02:25:00+00:00,36247321781396158434559788570961709545504842946086242362708870935795623114649,26218854608372403350977075462231983958559170109714055266603198609184536277200,14774.72,39.0,True,False,closed,2026-06-26T02:15:06.807546+00:00,2026-06-26T02:25:00.810095+00:00,149,0,
0xbebb5f760220faf5ee8101a1aa8f1deed4e13125db389dbab487896fb0f25f7e,"Ethereum Up or Down - June 25, 10:20PM-10:25PM ET",ETH,2026-06-26T02:20:00+00:00,2026-06-26T02:25:00+00:00,70596566065553914659088517522483920338653398220400322896854193144946822743843,74895752567152303295518473048889120150255780364701265024090812130540372779458,3173.8451,5.0,True,False,closed,2026-06-26T02:15:06.807546+00:00,2026-06-26T02:25:00.810095+00:00,149,0,
0xe92b6aa7834be28be01989eb9239f7bc730eef595bb9081c81db7640532437a3,"Solana Up or Down - June 25, 10:20PM-10:25PM ET",SOL,2026-06-26T02:20:00+00:00,2026-06-26T02:25:00+00:00,72890019337754650490556340236415353168904752491484208561001968487188436264428,1030624099313891023855750297415760677692731198969925615309482363297120564891,2786.8026,10.0,True,False,closed,2026-06-26T02:15:06.807546+00:00,2026-06-26T02:25:00.810095+00:00,149,0,
0x212681552b94f83e68683c6f9d519e493f9c58cbffdc33e82a513a55e0e22350,"Bitcoin Up or Down - June 25, 10:25PM-10:30PM ET",BTC,2026-06-26T02:25:00+00:00,2026-06-26T02:30:00+00:00,1746087347194467580178214983103836089638857804389057146368794393279573431643,4042181622168303513312585807914615515684894700440113315641396189896946411352,15872.4278,50.0,True,False,closed,2026-06-26T02:20:06.813883+00:00,2026-06-26T02:30:00.808024+00:00,149,0,
0xe57dca9cf02307b4d1be00849ac3bc39e550dbd6ec4550d38a9361db0028cebe,"Ethereum Up or Down - June 25, 10:25PM-10:30PM ET",ETH,2026-06-26T02:25:00+00:00,2026-06-26T02:30:00+00:00,84688186773793087866251461113646326680665356887420745930378902835634123181423,94293080168115448555070956925367992466167923566829049154568634178928257965720,5698.6339,5.0,True,False,closed,2026-06-26T02:20:06.813883+00:00,2026-06-26T02:30:00.808024+00:00,149,0,
0x00dbe253605e0da2bc205ec06ff1bc850fdb68f9e2ea3ff6e3c0b77a3d02aed6,"Solana Up or Down - June 25, 10:25PM-10:30PM ET",SOL,2026-06-26T02:25:00+00:00,2026-06-26T02:30:00+00:00,22181202396668922889796272925527318506697695388624020041437022191335808991656,95784300997569230582665394483117466830710711331862603166416285414860984684347,2861.2599,5.0,True,False,closed,2026-06-26T02:20:06.813883+00:00,2026-06-26T02:30:00.808024+00:00,149,0,
0x5d9ab76d12d6655daeffcccf5307c9609b6a7c333611866c05be725da0e59b04,"Bitcoin Up or Down - June 25, 10:30PM-10:35PM ET",BTC,2026-06-26T02:30:00+00:00,2026-06-26T02:35:00+00:00,102058697886909646869815628266759066619296546236983617689169696371354932226808,88979576499543311514585882923322260006082185083448622228398861264024121002948,15531.9697,45.0,True,False,closed,2026-06-26T02:25:06.806400+00:00,2026-06-26T02:35:00.806230+00:00,149,0,
0x0d8fce3554cb6a7e22dac3a088ee1b258895693bde0bdce58ef37a2d50eb0f3a,"Ethereum Up or Down - June 25, 10:30PM-10:35PM ET",ETH,2026-06-26T02:30:00+00:00,2026-06-26T02:35:00+00:00,74971805906526574932369521380873520637692563437472308504676984317915811404485,29365258241645461301496452968736649162556422504457657358068376891782104585425,6017.8748,6.960783,True,False,closed,2026-06-26T02:25:06.806400+00:00,2026-06-26T02:35:00.806230+00:00,149,0,
0x5e07ea8c5aa4dc2901ef9894e2cd6566e0345e4ae96d9f06574f92bae5eb14b6,"Solana Up or Down - June 25, 10:30PM-10:35PM ET",SOL,2026-06-26T02:30:00+00:00,2026-06-26T02:35:00+00:00,61684477424110445459244124096921695471863515024210647061298981964860765402422,4665592731732390185866794547260109304583817545652120177751200229663519630374,2791.0299,10.0,True,False,closed,2026-06-26T02:25:06.806400+00:00,2026-06-26T02:35:00.806230+00:00,149,0,
0x405e46db675384227a12f01fe24dec9414c5ea370b407efc217401e3f6c4f672,"Bitcoin Up or Down - June 25, 10:35PM-10:40PM ET",BTC,2026-06-26T02:35:00+00:00,2026-06-26T02:40:00+00:00,8521667891565107382634491480039966414942371771629178922155154250992349912556,82766040556422274065947733875778857840308842901426332534241433705551489698378,16102.9316,30.196077000000002,True,False,closed,2026-06-26T02:30:06.805328+00:00,2026-06-26T02:40:00.814455+00:00,149,0,
0x136e15d4a85563899e310f043e14992b3ea9f163c94c722c836f29143ac271f4,"Ethereum Up or Down - June 25, 10:35PM-10:40PM ET",ETH,2026-06-26T02:35:00+00:00,2026-06-26T02:40:00+00:00,95596605950945144262852054601049263944536904897302064249866952919286013772104,28359661912487216970393074373818941089868351320974025814780206020672092091998,5781.275,5.0,True,False,closed,2026-06-26T02:30:06.805328+00:00,2026-06-26T02:40:00.814455+00:00,149,0,
0xdb1abd77485845e55515364cb79f8803192d3597663ca08efa752966040908a6,"Solana Up or Down - June 25, 10:35PM-10:40PM ET",SOL,2026-06-26T02:35:00+00:00,2026-06-26T02:40:00+00:00,11768560119095568693101670359028276091877063289484073939689999440088457463127,5429133010938154371478474726509527309205548306069999968187193714315720302847,2888.1017,5.0,True,False,closed,2026-06-26T02:30:06.805328+00:00,2026-06-26T02:40:00.814455+00:00,149,0,
0xd02c5ffe17416e706578e28f1adebb0266a3d91290eaa3f545d5fd566beb8e92,"Bitcoin Up or Down - June 25, 10:40PM-10:45PM ET",BTC,2026-06-26T02:40:00+00:00,2026-06-26T02:45:00+00:00,101021812102894290774020117546079016505089330150853856112621966395602244834982,5888530944660602641632038060816255265309403477156691415167533452306225955144,14541.7318,20.0,True,False,closed,2026-06-26T02:35:06.815712+00:00,2026-06-26T02:45:00.808794+00:00,149,0,
0xd1b6d69c5f3f7c22a63b00e7ca040d313ab4dc8ad4cae8d5da66a133dfc01b5a,"Ethereum Up or Down - June 25, 10:40PM-10:45PM ET",ETH,2026-06-26T02:40:00+00:00,2026-06-26T02:45:00+00:00,61214826297784147538478196553876314170093998593895485259781785412304734792330,51721000531003171582670354928062136666054617665113863189094400340257201541774,5686.2935,15.0,True,False,closed,2026-06-26T02:35:06.815712+00:00,2026-06-26T02:45:00.808794+00:00,149,0,
0x8e4bcd7de404304d78ffd6801cda6a969cd3550ebe3dbc28e4c0b8ff9938a14a,"Solana Up or Down - June 25, 10:40PM-10:45PM ET",SOL,2026-06-26T02:40:00+00:00,2026-06-26T02:45:00+00:00,106004100537400602009788772632630960734496276451183693077274210076290706956558,46352222566784443738820973083795594320731553643549067813875206453731490106992,2832.9564,10.0,True,False,closed,2026-06-26T02:35:06.815712+00:00,2026-06-26T02:45:00.808794+00:00,149,0,
0x23d96bf93b001db4e513161a510f18d19b14775b6801710079910071da7e8152,"Bitcoin Up or Down - June 25, 10:45PM-10:50PM ET",BTC,2026-06-26T02:45:00+00:00,2026-06-26T02:50:00+00:00,91871091878304691516974049916641857588985998859616807996081712722984547542327,5417678020469038333885691364897391849001185623731101207929265051299375962150,15433.4987,56.34,True,False,closed,2026-06-26T02:40:06.809143+00:00,2026-06-26T02:50:00.812651+00:00,149,0,
0x66a0942a3e0447d0f31d58b089bcfc23ffbeb69ffd90a1ccbad8cb92378020ec,"Ethereum Up or Down - June 25, 10:45PM-10:50PM ET",ETH,2026-06-26T02:45:00+00:00,2026-06-26T02:50:00+00:00,13645485694517074366823116825959135549778295165648190077078758434078481756645,112526381312812919739890100939748462119805988924509471105656387032883705387856,5654.9634,5.0,True,False,closed,2026-06-26T02:40:06.809143+00:00,2026-06-26T02:50:00.812651+00:00,149,0,
0xb8296f72e0bc3c174c8eac1263d3b201c911617b7cc17a33fc5b423f0d74d15d,"Solana Up or Down - June 25, 10:45PM-10:50PM ET",SOL,2026-06-26T02:45:00+00:00,2026-06-26T02:50:00+00:00,105871121874332075771389150802269570653159151709615902959926989061475788896690,32303463098227498024845410728689963725752744455742772832283462697240884906979,2845.7526,5.0,True,False,closed,2026-06-26T02:40:06.809143+00:00,2026-06-26T02:50:00.812651+00:00,149,0,
0xc3f03ff87f66c7f90f0170c31343b35b3d222c9592259bb603fe0832409a0fdf,"Bitcoin Up or Down - June 25, 10:50PM-10:55PM ET",BTC,2026-06-26T02:50:00+00:00,2026-06-26T02:55:00+00:00,102331223540753187216353761008037271453224910307085984345205073879439255215190,44271029837243297331645688266968066730406371142939168004700697495991183519828,14490.0988,37.0,True,False,closed,2026-06-26T02:45:06.804056+00:00,2026-06-26T02:55:00.813742+00:00,149,0,
0xe508261496efeb201653b58e80e7f513fc39987412717485e6b55bb061579c69,"Ethereum Up or Down - June 25, 10:50PM-10:55PM ET",ETH,2026-06-26T02:50:00+00:00,2026-06-26T02:55:00+00:00,38600487951538866107171254202117590917457092403164763056826037132515419519174,3943914637569237629916886849880308456409291330331598198842437547452890093823,5558.2739,20.0,True,False,closed,2026-06-26T02:45:06.804056+00:00,2026-06-26T02:55:00.813742+00:00,149,0,
0xbc80a16a50b5b96ebab7f266d58abb514cb444cd19211f0cae092247a32b58a2,"Solana Up or Down - June 25, 10:50PM-10:55PM ET",SOL,2026-06-26T02:50:00+00:00,2026-06-26T02:55:00+00:00,36215112219790670559149975030998337681172940896584638328884006412861141424031,44615967343134316780517626773655056742665002907824100973746772482936090797948,2775.7303,10.0,True,False,closed,2026-06-26T02:45:06.804056+00:00,2026-06-26T02:55:00.813742+00:00,149,0,
0x6c881ccdb9d724a8c8c91839ea0ad3ed4dde25dbc1859355f9068d18059c40a9,"Bitcoin Up or Down - June 25, 10:55PM-11:00PM ET",BTC,2026-06-26T02:55:00+00:00,2026-06-26T03:00:00+00:00,112451609999119790812413604463503092019980898102452553044308790928060037044899,88620409899160645247935419346570144318603470109904543465203672730115064804113,15959.9447,59.0,True,False,closed,2026-06-26T02:50:06.808051+00:00,2026-06-26T03:00:00.811492+00:00,149,0,
0x26d1ef52a5ebf5babad8932669762730e15bd1a446a00e43d9be96da4efc83c4,"Ethereum Up or Down - June 25, 10:55PM-11:00PM ET",ETH,2026-06-26T02:55:00+00:00,2026-06-26T03:00:00+00:00,14409416315156003816483636669443488895629761169469051136898582568886584393150,69086476983427746156972250043106962394647030539935222688924667837051556176426,6407.1141,5.0,True,False,closed,2026-06-26T02:50:06.808051+00:00,2026-06-26T03:00:00.811492+00:00,149,0,
0x7175aea7e40733c818f0fc8a584416754bd81aa69d53f85eb5dd98ccc2e29b45,"Solana Up or Down - June 25, 10:55PM-11:00PM ET",SOL,2026-06-26T02:55:00+00:00,2026-06-26T03:00:00+00:00,14862489438846128256368495024198205088836650211721048450758557899154387698012,73768491536066929932633459622920571276450108464350324645080060044995332626781,2900.726,10.0,True,False,closed,2026-06-26T02:50:06.808051+00:00,2026-06-26T03:00:00.811492+00:00,149,0,
0x77950744743a327fa528c376fdd37f42dab0140c5b2ed4b1f12fe9d0fb0356ec,"Bitcoin Up or Down - June 25, 11:00PM-11:05PM ET",BTC,2026-06-26T03:00:00+00:00,2026-06-26T03:05:00+00:00,80517528780278027741285698928344988662135758955691321635155112330464441598259,64244309505424582189665150474134018270860562233394473528996178062589036279909,15391.7072,37.0,True,False,closed,2026-06-26T02:55:06.807974+00:00,2026-06-26T03:05:00.811407+00:00,148,0,
0xc358642287952e08f2fbbd5a90f7574d73a87685780ca454b0efda7e9e598cd4,"Ethereum Up or Down - June 25, 11:00PM-11:05PM ET",ETH,2026-06-26T03:00:00+00:00,2026-06-26T03:05:00+00:00,90083366791837894978753308625075456294640810059283861615398445058581723175525,67530971014211471125237647225494738493475813079721002486122836384638918301321,6180.313,0.0,True,False,closed,2026-06-26T02:55:06.807974+00:00,2026-06-26T03:05:00.811407+00:00,148,1,
0x63edaf8ffd40b636dc86e7c49b6296c604d4ea5caa43b031869f3147e21dd62b,"Solana Up or Down - June 25, 11:00PM-11:05PM ET",SOL,2026-06-26T03:00:00+00:00,2026-06-26T03:05:00+00:00,74615898208267780014373839599500509905334003774881678584949935942097037917837,33270191241418017338121300763555620485778720831965592270768237590242927361210,2833.5259,10.0,True,False,closed,2026-06-26T02:55:06.807974+00:00,2026-06-26T03:05:00.811407+00:00,148,0,
0x45454c0281a47979043962ffc486828eaf366f6e60c61c60460810e7425f44a1,"Bitcoin Up or Down - June 25, 11:05PM-11:10PM ET",BTC,2026-06-26T03:05:00+00:00,2026-06-26T03:10:00+00:00,37958568592730194631804359416205313819535873653978907626358859206693514565312,75391209389176105501485666790344307567032175087272696673352581874721296135562,15936.2182,37.0,True,False,closed,2026-06-26T03:00:06.807248+00:00,2026-06-26T03:10:00.810914+00:00,149,0,
0xa16a5cae23414513a2199fe036ffb3c48978064e3c53b7d9b2ae57ee97de8bff,"Ethereum Up or Down - June 25, 11:05PM-11:10PM ET",ETH,2026-06-26T03:05:00+00:00,2026-06-26T03:10:00+00:00,13060628169163395856787273325077368222124685846475533985534887538326792251774,22432163122595522132569545438928306861921906848842704302752458145061152333829,5637.5631,0.0,True,False,closed,2026-06-26T03:00:06.807248+00:00,2026-06-26T03:10:00.810914+00:00,149,0,
0x200710e3e43d33b143ccd80d0a2e3a265017d2dc75281f8951b674131c3f26bb,"Solana Up or Down - June 25, 11:05PM-11:10PM ET",SOL,2026-06-26T03:05:00+00:00,2026-06-26T03:10:00+00:00,116367159856207177264094064041057711676748519733619536051513067708264668203,35428069213997133520462234293030026511004308625168568004286994681520993228031,2799.8026,5.0,True,False,closed,2026-06-26T03:00:06.807248+00:00,2026-06-26T03:10:00.810914+00:00,149,1,
0x5f8f12a4edb916dec1a5e62cd0b965c2d60d3e7efdbf2e72793e6e163c592376,"Bitcoin Up or Down - June 25, 11:10PM-11:15PM ET",BTC,2026-06-26T03:10:00+00:00,2026-06-26T03:15:00+00:00,86473971877694963909376829536501262727056939427486511008949570024610492014127,106563724553298634389534095428487432340758271785753978270031718708616159390121,14789.7104,57.0,True,False,closed,2026-06-26T03:05:06.806852+00:00,2026-06-26T03:15:00.808416+00:00,149,0,
0x4bdbe7f4e90f4c08648f1d77e32add3fba3b839c2d738d65d9bc6cabf97a6fc1,"Ethereum Up or Down - June 25, 11:10PM-11:15PM ET",ETH,2026-06-26T03:10:00+00:00,2026-06-26T03:15:00+00:00,10032700669182750542699472166570375938436941166703660160118373431624574649191,18672434336729119026278145449173604566505153545286811973396858555921350365976,6336.4128,20.980391,True,False,closed,2026-06-26T03:05:06.806852+00:00,2026-06-26T03:15:00.808416+00:00,149,0,
0x59fa40e14a46b341481da6a396753cbc2f9fc2a0d9ac2a2e249da40c22ab8bb6,"Solana Up or Down - June 25, 11:10PM-11:15PM ET",SOL,2026-06-26T03:10:00+00:00,2026-06-26T03:15:00+00:00,16812684512116572705372439969690245394615464376185216932647393744830938661154,65891546967638530361233804964427593262931453617432509475715466961112169595091,2781.3324,5.0,True,False,closed,2026-06-26T03:05:06.806852+00:00,2026-06-26T03:15:00.808416+00:00,149,0,
0xdb2b1c644916042aa9b9f234da0fe1ca49d4744c67cf6727b7a0912f48ccd169,"Bitcoin Up or Down - June 25, 11:15PM-11:20PM ET",BTC,2026-06-26T03:15:00+00:00,2026-06-26T03:20:00+00:00,90148166367439471319313822551811076791940362368212305900486806733263438675101,83496179046306393024626679406238004280068366852679836618059028735255162631074,15512.7029,27.0,True,False,closed,2026-06-26T03:10:06.806548+00:00,2026-06-26T03:20:00.810274+00:00,149,0,
0x3fa0111e36690372aa90e248420ec855bd7c896e4868c9f32998c6f075384169,"Ethereum Up or Down - June 25, 11:15PM-11:20PM ET",ETH,2026-06-26T03:15:00+00:00,2026-06-26T03:20:00+00:00,47465594117468604970600644130422434374192622723112353457409808938244627733760,16966734251393666402975552809600230330798879732510123732966836022215882046828,6156.1552,0.0,True,False,closed,2026-06-26T03:10:06.806548+00:00,2026-06-26T03:20:00.810274+00:00,149,0,
0xec6d8dff365b15e5db80bd432aa2a1a0650fddfb82592674a16e9cc8c1f57a32,"Solana Up or Down - June 25, 11:15PM-11:20PM ET",SOL,2026-06-26T03:15:00+00:00,2026-06-26T03:20:00+00:00,83299693612145220895899672049534554376375238705374380150432820331882374839819,3177763585021112999738321572776199160520101099862994034343610628781898111183,2814.2018,52.665093,True,False,closed,2026-06-26T03:10:06.806548+00:00,2026-06-26T03:20:00.810274+00:00,149,0,
0x303a276e02d961a8f4de7d7f68ce4163c00adc39a954cf2c597e5b1a013730d7,"Bitcoin Up or Down - June 25, 11:20PM-11:25PM ET",BTC,2026-06-26T03:20:00+00:00,2026-06-26T03:25:00+00:00,18491818718301483560936117146255006109640127149992213002979348622366008021441,6074717037733424625687886944388915012771749262879244389222995589081812275436,15922.4602,91.0,True,False,closed,2026-06-26T03:15:06.818017+00:00,2026-06-26T03:25:00.809367+00:00,149,0,
0xfe6ea76ed9e10c0910f190ceb8a835faf3fee2c4d3a366291a030fcfbaee4135,"Ethereum Up or Down - June 25, 11:20PM-11:25PM ET",ETH,2026-06-26T03:20:00+00:00,2026-06-26T03:25:00+00:00,26311168171313861800981339171343206236598179421125142753273190756410070483892,103755784919276237661182303804250135810625875763820604126693640665142140272843,6398.7646,0.0,True,False,closed,2026-06-26T03:15:06.818017+00:00,2026-06-26T03:25:00.809367+00:00,149,0,
0x8b1d148f06d88b3ee80763e8bb81ae2b1d707e5d912dc083144b2856adf05cb5,"Solana Up or Down - June 25, 11:20PM-11:25PM ET",SOL,2026-06-26T03:20:00+00:00,2026-06-26T03:25:00+00:00,17658176908715070235621097913670886812706657402452088223148786357261719311546,64723541777235004448008739881793233849288968992733902182440054817189925320640,2776.1934,5.0,True,False,closed,2026-06-26T03:15:06.818017+00:00,2026-06-26T03:25:00.809367+00:00,149,0,
0x6bc2394d1f1cacc7243a2899d31f0ac531e6e384741fd816e483b00c8c7b29f0,"Bitcoin Up or Down - June 25, 11:25PM-11:30PM ET",BTC,2026-06-26T03:25:00+00:00,2026-06-26T03:30:00+00:00,71919827101980470098183659812706902612954633136643709663441344474488233513453,40591901169778738400980758140291739189165767159707552504486172963695205610140,15844.6777,63.607842000000005,True,False,closed,2026-06-26T03:20:06.804156+00:00,2026-06-26T03:30:00.812198+00:00,149,0,
0xbbd0d546bd8229deac81490089416575d616c352ad2a36bab52ee451f838c564,"Ethereum Up or Down - June 25, 11:25PM-11:30PM ET",ETH,2026-06-26T03:25:00+00:00,2026-06-26T03:30:00+00:00,53699414739863726286989481049953576147825993138458268266849075618637783160098,10958638164036020688627645894219306680901283864494437956108031978324176176213,5397.7459,0.0,True,False,closed,2026-06-26T03:20:06.804156+00:00,2026-06-26T03:30:00.812198+00:00,149,0,
0xe8f6db4240486d4dde7790e0f4bb8780075049bed9ec6d268e20224434c2fb33,"Solana Up or Down - June 25, 11:25PM-11:30PM ET",SOL,2026-06-26T03:25:00+00:00,2026-06-26T03:30:00+00:00,1961011800836414904423062676216806511131083602828347819273745325771361899590,71640691256207409904605274422428598752778940945975570844907861813090697555713,2835.4517,5.0,True,False,closed,2026-06-26T03:20:06.804156+00:00,2026-06-26T03:30:00.812198+00:00,149,0,
0x4f4a017b93dff039d9b035e58fca1264bca5813ccf150682c7ec59309a2b7b81,"Bitcoin Up or Down - June 25, 11:30PM-11:35PM ET",BTC,2026-06-26T03:30:00+00:00,2026-06-26T03:35:00+00:00,37298177586708045832656740714346809182901037694112258478392575045282018431649,47319364793704985799424597408140518501184921176152448810341268109269090373529,15364.1921,115.08000000000001,True,False,closed,2026-06-26T03:25:06.805009+00:00,2026-06-26T03:35:00.809320+00:00,149,0,
0x3226a5270cbb90eb38ec68827125f7968f71f45d3610cb6aea86b255a78d21af,"Ethereum Up or Down - June 25, 11:30PM-11:35PM ET",ETH,2026-06-26T03:30:00+00:00,2026-06-26T03:35:00+00:00,69692337496554109849177425109932426838355071692504458271901604675586035539102,47841227095780209016290020987259337611449864403844628115681425925406150087017,6134.5134,11.960783,True,False,closed,2026-06-26T03:25:06.805009+00:00,2026-06-26T03:35:00.809320+00:00,149,0,
0x0b97e37bec2a876f4ff7b37c51c8895e26ea39d6e3a2d9cb9ddbe6b457ce8860,"Solana Up or Down - June 25, 11:30PM-11:35PM ET",SOL,2026-06-26T03:30:00+00:00,2026-06-26T03:35:00+00:00,33602008929099449566318653077434300998090824058550727164951413638699490006412,95702341235594692830565297949443868543261898633044757102470615674700703512638,2888.3526,5.0,True,False,closed,2026-06-26T03:25:06.805009+00:00,2026-06-26T03:35:00.809320+00:00,149,1,
0x6f0ed9b561d900880e673fe6453019474f3367a5896c94c85a415e4147b035e1,"Bitcoin Up or Down - June 25, 11:35PM-11:40PM ET",BTC,2026-06-26T03:35:00+00:00,2026-06-26T03:40:00+00:00,113105078017322362139701733694941326386282699691953232835319857941365118424661,65861968900021558389177206237368548773567305225864352733947955349488410779812,15815.1217,96.68,True,False,closed,2026-06-26T03:30:06.806800+00:00,2026-06-26T03:40:00.813569+00:00,149,0,
0x62f647ccbe17221a27ed7af42d11fb5d3745e425d910e0be35cc8fbef07a9d01,"Ethereum Up or Down - June 25, 11:35PM-11:40PM ET",ETH,2026-06-26T03:35:00+00:00,2026-06-26T03:40:00+00:00,11572956699208304337449572417907195742383459102574036934017182510680664687644,110510301001915467329381613558950535211683842608554157747370176833461278963115,6417.0268,0.0,True,False,closed,2026-06-26T03:30:06.806800+00:00,2026-06-26T03:40:00.813569+00:00,149,0,
0x0a36e1a32bd062c150d34a76d5762e7572c94fee15085be3ad43f6e3dac6e1be,"Solana Up or Down - June 25, 11:35PM-11:40PM ET",SOL,2026-06-26T03:35:00+00:00,2026-06-26T03:40:00+00:00,78958649413536537875910900472951653907006558238897633729292953494977647900209,68189962404491630896252704515006238706085849283582340237808780097178456355109,2804.9026,5.0,True,False,closed,2026-06-26T03:30:06.806800+00:00,2026-06-26T03:40:00.813569+00:00,149,0,
0xf31a00b1d3aaecd386b55a1e213046ea72bac74a98f43584858b17c89684c510,"Bitcoin Up or Down - June 25, 11:40PM-11:45PM ET",BTC,2026-06-26T03:40:00+00:00,2026-06-26T03:45:00+00:00,115070175246816296468821839795452626936702745566376661044225822738635565951940,70551262316475770303948662452231825476916281214299713606476753276653135918404,15963.8342,81.0,True,False,closed,2026-06-26T03:35:12.809032+00:00,2026-06-26T03:45:00.811595+00:00,149,0,
0x6d573c3362a21b0aded3fc8f87dd47926d3e243458768ff47376bf4e39aa0613,"Ethereum Up or Down - June 25, 11:40PM-11:45PM ET",ETH,2026-06-26T03:40:00+00:00,2026-06-26T03:45:00+00:00,37478089068114272798112549606620329974095475923758566498485895711526318340790,15570692699895520673094005943856686772538172500177010772999940335990201964264,6374.2705,0.0,True,False,closed,2026-06-26T03:35:12.809032+00:00,2026-06-26T03:45:00.811595+00:00,149,0,
0x68ec66d8cbce54d250eaf0d5b839338e323979cc85f501f242217e64e0693655,"Solana Up or Down - June 25, 11:40PM-11:45PM ET",SOL,2026-06-26T03:40:00+00:00,2026-06-26T03:45:00+00:00,109370577399199994611826968296350102402383436812969977758394689981937713117230,115528699504678398892367162673197844234076454560881396126508948150444130831468,2851.4317,0.0,True,False,closed,2026-06-26T03:35:12.809032+00:00,2026-06-26T03:45:00.811595+00:00,149,0,
0x4737e625d4bc5b114e6fbc034e27de6c2bcba4793a0bd4bcc33a821b83671967,"Bitcoin Up or Down - June 25, 11:45PM-11:50PM ET",BTC,2026-06-26T03:45:00+00:00,2026-06-26T03:50:00+00:00,90970339753634304976780349310773258920243833282749540647336491410533094120957,20451786481536705125195499722644895395698264978473951268004133019804521887150,15588.2901,58.0,True,False,closed,2026-06-26T03:40:06.806935+00:00,2026-06-26T03:50:00.804078+00:00,149,0,
0xad8ca09d5f74a230797fd9a493815da00ded70191912bc47b4be051d88799dc1,"Ethereum Up or Down - June 25, 11:45PM-11:50PM ET",ETH,2026-06-26T03:45:00+00:00,2026-06-26T03:50:00+00:00,65429345531300029336479729819552632493072686049050945352234607365835226862123,63387925310652834448044629392101923170814793023059847909918725407930495691347,6132.0628,10.0,True,False,closed,2026-06-26T03:40:06.806935+00:00,2026-06-26T03:50:00.804078+00:00,149,0,
0xfc2aa1915a0fc8f01acee61e4f265a9d46a45bc40f3fe2b8979ec3f8e7f70b0f,"Solana Up or Down - June 25, 11:45PM-11:50PM ET",SOL,2026-06-26T03:45:00+00:00,2026-06-26T03:50:00+00:00,96099216850685586776812899296719231923249476484979779641443680306979812792878,68377615171219022947805566711975149993370917012356647969212617760647196915197,2840.4026,5.0,True,False,closed,2026-06-26T03:40:06.806935+00:00,2026-06-26T03:50:00.804078+00:00,149,0,
0xeab4010c70a706eefbb818160f600d5a4c2d622efb1056dd93f826f35066d6d4,"Bitcoin Up or Down - June 25, 11:50PM-11:55PM ET",BTC,2026-06-26T03:50:00+00:00,2026-06-26T03:55:00+00:00,104718200550858672341972826955219788268134738991256605420362854291474739020374,52878340270980897200694691774385456468272443458433752366420031170852491959737,14814.1495,49.0,True,False,closed,2026-06-26T03:45:06.805859+00:00,2026-06-26T03:55:00.813326+00:00,149,0,
0x5bcf81db5a82ea3b542f2181fc412802060e83c83380eef86f97f64cac6d44ea,"Ethereum Up or Down - June 25, 11:50PM-11:55PM ET",ETH,2026-06-26T03:50:00+00:00,2026-06-26T03:55:00+00:00,56684352684506476594043854884023236543817285041352661017746585362216062084838,95462812108858209213190787149401670665152282127023400467417097530683035810765,6372.3666,5.0,True,False,closed,2026-06-26T03:45:06.805859+00:00,2026-06-26T03:55:00.813326+00:00,149,0,
0x16f1a46212b5a67636e26adba8ffdabbc1c6ff584e160d7f0a68053de8a4dba6,"Solana Up or Down - June 25, 11:50PM-11:55PM ET",SOL,2026-06-26T03:50:00+00:00,2026-06-26T03:55:00+00:00,27667887365004939219710561683500432547155647160626168847496600425017813767938,110276185854291239986857108172341526491077888854491991393623293460042273239973,2807.8542,10.0,True,False,closed,2026-06-26T03:45:06.805859+00:00,2026-06-26T03:55:00.813326+00:00,149,0,
0x0ecf21d0dc7d366fad53f076934b359e869a0fff0ae78b6bedb779f5a01df328,"Bitcoin Up or Down - June 25, 11:55PM-12:00AM ET",BTC,2026-06-26T03:55:00+00:00,2026-06-26T04:00:00+00:00,61072377978705324659595461896139576323837921311739543220302694241877147072563,72169009472804355952018325797106352523541927051262841266650184272878709573592,16342.4023,55.56,True,False,closed,2026-06-26T03:50:06.812627+00:00,2026-06-26T04:00:00.807795+00:00,149,0,
0x2db1dd12144be323daedbd331b2e92aac5fc4e2d82ff379f639ef5ea556bf3fa,"Ethereum Up or Down - June 25, 11:55PM-12:00AM ET",ETH,2026-06-26T03:55:00+00:00,2026-06-26T04:00:00+00:00,31219445596156886979730046707936144011648032253792838871722924557467767358548,59922450052917243782015739321135955569181966265938651790418706611468721201076,6545.9444,10.0,True,False,closed,2026-06-26T03:50:06.812627+00:00,2026-06-26T04:00:00.807795+00:00,149,0,
0x4899182aad7398c555f2a57cd6737598b159c5e6aa63bb73b798e6026f8b0094,"Solana Up or Down - June 25, 11:55PM-12:00AM ET",SOL,2026-06-26T03:55:00+00:00,2026-06-26T04:00:00+00:00,24371048633772559332259632240746800045933379967645937130243569239917990619659,111441189506340622655521882027419954476360461564928936614742610768356936620286,2877.7317,10.0,True,False,closed,2026-06-26T03:50:06.812627+00:00,2026-06-26T04:00:00.807795+00:00,149,3,
0x63cab951a7245a6f73b6e5e26a09e371e2feeeecc1e604537033a6353bf3944e,"Bitcoin Up or Down - June 26, 12:00AM-12:05AM ET",BTC,2026-06-26T04:00:00+00:00,2026-06-26T04:05:00+00:00,19687263540537311883719838438114621486323444505305329599449273132428744925271,55985753307961822939591850655850844628297690235794074982433508553615539763675,15264.7706,192.44,True,False,closed,2026-06-26T03:55:06.808633+00:00,2026-06-26T04:05:00.814738+00:00,149,1,
0x6d3a18d9cf7d251f18e9bc5816a63644796846e83cecd71951580216e059524a,"Ethereum Up or Down - June 26, 12:00AM-12:05AM ET",ETH,2026-06-26T04:00:00+00:00,2026-06-26T04:05:00+00:00,58313477053254928296800261035190865958797048345757631579646598120968438484224,57410013430370831180505687148204361850159242824672147838794826186517368506389,6111.5869,10.0,True,False,closed,2026-06-26T03:55:06.808633+00:00,2026-06-26T04:05:00.814738+00:00,149,0,
0xa931c0e10d5530f989373caa003629057063609e4005786b743bae537c217c34,"Solana Up or Down - June 26, 12:00AM-12:05AM ET",SOL,2026-06-26T04:00:00+00:00,2026-06-26T04:05:00+00:00,14076754978235889688008678386530598908905335532383455011371573631460739430677,20113938309601538948497309192393536842889081917535447020865703912744532818342,2879.7333,5.0,True,False,closed,2026-06-26T03:55:06.808633+00:00,2026-06-26T04:05:00.814738+00:00,149,0,
0xb370b146a744c7e6a44e70e1145ff26650b5f3e4ec44c0515c6efd724bad3d4e,"Bitcoin Up or Down - June 26, 12:05AM-12:10AM ET",BTC,2026-06-26T04:05:00+00:00,2026-06-26T04:10:00+00:00,49197812930593569374591204958149297560379449727372955767210567241577997154806,97110890203598129317156995283521164667748172586247388201148906786821949916288,16706.4524,99.4,True,False,closed,2026-06-26T04:00:06.817578+00:00,2026-06-26T04:10:00.807026+00:00,149,0,
0x5251703a3ea8b2b3581eb7a568663ef5d4220928453efbfae578accb7b115262,"Ethereum Up or Down - June 26, 12:05AM-12:10AM ET",ETH,2026-06-26T04:05:00+00:00,2026-06-26T04:10:00+00:00,53769022511385983598315341748399374071631589513174597836211060279829784617493,15709154792468182138187257258143877932971084436830566300106884539495053692910,7124.9853,10.0,True,False,closed,2026-06-26T04:00:06.817578+00:00,2026-06-26T04:10:00.807026+00:00,149,0,
0x46d9f6c4640b09e44de3d5ba90c581de6c3be0cda56dc9993229af2d6aa79efe,"Solana Up or Down - June 26, 12:05AM-12:10AM ET",SOL,2026-06-26T04:05:00+00:00,2026-06-26T04:10:00+00:00,87580811576764687416227987263955997558128095729915383091389966456231234576910,81228470271586516824460957298457643448502709618010383506866088380096506054357,2890.0362,10.0,True,False,closed,2026-06-26T04:00:06.817578+00:00,2026-06-26T04:10:00.807026+00:00,149,0,
0x8b74e46abd65e083f828402d967875a14245268d967dc6ee22f5a236ca7376ea,"Bitcoin Up or Down - June 26, 12:10AM-12:15AM ET",BTC,2026-06-26T04:10:00+00:00,2026-06-26T04:15:00+00:00,122932179118576771367870364534371003450169361886570860063347482081375444111,51123212249643879176805138369263765969931903025550449335383684192785985767647,16868.4102,86.0,True,False,closed,2026-06-26T04:05:06.810070+00:00,2026-06-26T04:15:00.815230+00:00,149,0,
0x7d499429388f40d345a2c249bac4800d478448a181fcfe455a25829bf6ff0316,"Ethereum Up or Down - June 26, 12:10AM-12:15AM ET",ETH,2026-06-26T04:10:00+00:00,2026-06-26T04:15:00+00:00,64969668525774506197941527282583471565503953825020408892331045828967141429348,54862578643616032050902220311363944063812527181306145667659943905912617305498,5762.8735,0.0,True,False,closed,2026-06-26T04:05:06.810070+00:00,2026-06-26T04:15:00.815230+00:00,149,0,
0x2c4498f6dcb21d599f2261c12b4be9743da9bb9dfb2b3634db6414dd110b00a9,"Solana Up or Down - June 26, 12:10AM-12:15AM ET",SOL,2026-06-26T04:10:00+00:00,2026-06-26T04:15:00+00:00,3820384213893497057458547040119116215981143324324919224222641644182724824216,95084721834304340675542247637000367900151062566654266178567897726126118466627,2840.3036,10.0,True,False,closed,2026-06-26T04:05:06.810070+00:00,2026-06-26T04:15:00.815230+00:00,149,0,
0xb0544f27473b80b8bb66351271f1815710d613054b583d72f89fbc46d88c2b42,"Bitcoin Up or Down - June 26, 12:15AM-12:20AM ET",BTC,2026-06-26T04:15:00+00:00,2026-06-26T04:20:00+00:00,67477131483752575005095835924104962990778005486068868460862602695818430941526,27775088209655238971926172354732331758438436528184786707732458870597203694012,15054.4353,56.0,True,False,closed,2026-06-26T04:10:06.817568+00:00,2026-06-26T04:20:00.805441+00:00,149,0,
0xd1020eaae8ead34842191ba8c21b5f1f6fae8a544467523c96395bb1ea22134a,"Ethereum Up or Down - June 26, 12:15AM-12:20AM ET",ETH,2026-06-26T04:15:00+00:00,2026-06-26T04:20:00+00:00,77375377130682154743459289583846942755197976099018007202340114177816279142318,19850167398070807595901403332069246389804479490326620434388722169835245078579,5800.619,5.0,True,False,closed,2026-06-26T04:10:06.817568+00:00,2026-06-26T04:20:00.805441+00:00,149,0,
0x13bf5d289caaec00ad0fcd28b3c294e4d999b5ef1da9dbcd8064bdec3026d7b0,"Solana Up or Down - June 26, 12:15AM-12:20AM ET",SOL,2026-06-26T04:15:00+00:00,2026-06-26T04:20:00+00:00,27901108326712368328279162127275510827708058806952062940910637968423659385344,47709109584404775407736103817008805721414203586796923891596481983924517513071,2955.7316,7.0,True,False,closed,2026-06-26T04:10:06.817568+00:00,2026-06-26T04:20:00.805441+00:00,149,0,
0x14b0af27ee6bd46f9415f389c3d43f000041dfed116648c6dc43bc1808efa9ba,"Bitcoin Up or Down - June 26, 12:20AM-12:25AM ET",BTC,2026-06-26T04:20:00+00:00,2026-06-26T04:25:00+00:00,102118830657649282182510988356951908222508670569604230965903749720134829891118,74724027195849705352010618002782807791630174171424899639406667989757402700492,16942.7958,129.960783,True,False,closed,2026-06-26T04:15:06.810240+00:00,2026-06-26T04:25:00.809580+00:00,149,0,
0x474f2a8f621657b1a05fc98f8dd9a503742fc971649b4945bdd34ca920b340a3,"Ethereum Up or Down - June 26, 12:20AM-12:25AM ET",ETH,2026-06-26T04:20:00+00:00,2026-06-26T04:25:00+00:00,64214291556241273801535510329055731903328054068487384554095085397036927660440,64873107612426199837929615299928186788591215200484985283899218359434141612037,5703.0625,5.0,True,False,closed,2026-06-26T04:15:06.810240+00:00,2026-06-26T04:25:00.809580+00:00,149,0,
0x0d489aef68004a453da484ad2d4418a4253fc46302ccc87ed8128e9fa88f356b,"Solana Up or Down - June 26, 12:20AM-12:25AM ET",SOL,2026-06-26T04:20:00+00:00,2026-06-26T04:25:00+00:00,47117896174016094070301055451641671482555939802030880856271536049302307492222,62263679033055225793161126890165672284424237129969136502377512807442530196334,2845.3517,5.0,True,False,closed,2026-06-26T04:15:06.810240+00:00,2026-06-26T04:25:00.809580+00:00,149,0,
0x0a8a45196fced3b411f4ed479e0f7b31233c369bad1330347ae740f374c4ed21,"Bitcoin Up or Down - June 26, 12:25AM-12:30AM ET",BTC,2026-06-26T04:25:00+00:00,2026-06-26T04:30:00+00:00,53798353915468488091068996324201912625529073593891418858691182682816163156556,5866863839161129205944438050419045360531595758937079237064082120287056029808,15689.0086,71.0,True,False,closed,2026-06-26T04:20:12.817498+00:00,2026-06-26T04:30:00.803930+00:00,149,0,
0xe8699fab53d1b2d4c1e24e69dadadaee16fa2f0ff367d963e7fb5958ea0c9da0,"Ethereum Up or Down - June 26, 12:25AM-12:30AM ET",ETH,2026-06-26T04:25:00+00:00,2026-06-26T04:30:00+00:00,35235659788225505856489347442386189875349273438912459898091812535760342803420,28038304435791108597288975081910392585145880927327648129148593683701705562692,5855.7234,5.0,True,False,closed,2026-06-26T04:20:12.817498+00:00,2026-06-26T04:30:00.803930+00:00,149,0,
0x9834a545c08d2a8f4f49cb0f92aaeaad29e7e64bb75534e5ecdb09047d4be6ca,"Solana Up or Down - June 26, 12:25AM-12:30AM ET",SOL,2026-06-26T04:25:00+00:00,2026-06-26T04:30:00+00:00,54262264799790852177701146405357386720840792900995696348894168872781607773828,75391367453256807104568736323819194231173381559167628011027458343598726117329,2845.3017,0.0,True,False,closed,2026-06-26T04:20:12.817498+00:00,2026-06-26T04:30:00.803930+00:00,149,0,
0xf0bb6018001107a0efb876cabc2f4d556473f7785bd7f4d8ff2d85481f215c04,"Bitcoin Up or Down - June 26, 12:30AM-12:35AM ET",BTC,2026-06-26T04:30:00+00:00,2026-06-26T04:35:00+00:00,94083002148442128172023939346758221097901886614296301202757814103131194667750,108781306236500764145865109990510119767751427845734803085309536647548060003352,15651.1188,93.0,True,False,closed,2026-06-26T04:25:06.805980+00:00,2026-06-26T04:35:00.817947+00:00,149,0,
0x1be8a97daff34844752b87d6929e73c9fe2089b22a5bde0ba9f7f0b8e7eb2114,"Ethereum Up or Down - June 26, 12:30AM-12:35AM ET",ETH,2026-06-26T04:30:00+00:00,2026-06-26T04:35:00+00:00,10503276933458702877821654845273425201885899061509589534629443445321153442589,61238995226605113631205414553349639330808078665761739796192795406724267760339,6224.9134,15.490195,True,False,closed,2026-06-26T04:25:06.805980+00:00,2026-06-26T04:35:00.817947+00:00,149,0,
0xef1ebeba8950028cdc0311dccb22e3e3f13ed744c9d9bc5c207097189f3a75da,"Solana Up or Down - June 26, 12:30AM-12:35AM ET",SOL,2026-06-26T04:30:00+00:00,2026-06-26T04:35:00+00:00,29615531233578367238180753878775034377645232792549701685218021294422603092438,10976786496398164157500872889204375952401315827606055504132832316781883601851,2838.7517,7.0,True,False,closed,2026-06-26T04:25:06.805980+00:00,2026-06-26T04:35:00.817947+00:00,149,0,
0x85faa1d7ebfc38f05c156aaa99668dc56f7356a5e313f550f347bad9d010c2ab,"Bitcoin Up or Down - June 26, 12:35AM-12:40AM ET",BTC,2026-06-26T04:35:00+00:00,2026-06-26T04:40:00+00:00,113540704518824144086527281436544130494504791975692903852669086599712969643258,23986387921544163462181087233924970855655580992420614133663062305452567604050,16807.2736,96.0,True,False,closed,2026-06-26T04:30:06.812605+00:00,2026-06-26T04:40:00.815552+00:00,149,0,
0x5660fb6cffde43c153b9acef3676b9fc8836074b820e3497e54b0b0a16994c9c,"Ethereum Up or Down - June 26, 12:35AM-12:40AM ET",ETH,2026-06-26T04:35:00+00:00,2026-06-26T04:40:00+00:00,113225397600305566040890786384767386499862836478575309272736109781706240639683,85268730690052920587042510216058754863186638005464359653696646207883565021714,5632.6125,4.0,True,False,closed,2026-06-26T04:30:06.812605+00:00,2026-06-26T04:40:00.815552+00:00,149,0,
0x73b56b6294b2f98b11841eaaf53c9b1fe24818f17921a37803e93c11ce5fa198,"Solana Up or Down - June 26, 12:35AM-12:40AM ET",SOL,2026-06-26T04:35:00+00:00,2026-06-26T04:40:00+00:00,102691106961112785560703668086082139853657630879406931178035263778350537502966,107134772800091071224529596569093748213233664530745841150317215786938499202753,2880.2522,5.0,True,False,closed,2026-06-26T04:30:06.812605+00:00,2026-06-26T04:40:00.815552+00:00,149,0,
0x8798db727e3430ccaa030bbb0623dac19e95f9165c483f79477a0abec431dc8d,"Bitcoin Up or Down - June 26, 12:40AM-12:45AM ET",BTC,2026-06-26T04:40:00+00:00,2026-06-26T04:45:00+00:00,7111206889048165610800938911156448229353630865227005639568287049344702729323,85789758766955597836052060172678163551425743676501686556230933558448061170226,16573.3496,122.0,True,False,closed,2026-06-26T04:35:06.812515+00:00,2026-06-26T04:45:00.808634+00:00,149,0,
0x66b93af12368aab98856ffdecb0a8cdbd28c19cd86a74a683f7b5e759f7c57b1,"Ethereum Up or Down - June 26, 12:40AM-12:45AM ET",ETH,2026-06-26T04:40:00+00:00,2026-06-26T04:45:00+00:00,511020119497430739609477054272624015409467887546744971819644479725706851993,8760267385960057320160589986143986609074276238211527709135404430902677882421,5655.5634,0.0,True,False,closed,2026-06-26T04:35:06.812515+00:00,2026-06-26T04:45:00.808634+00:00,149,0,
0x6a1d035228707d33d60d02b0d8b479d48cceea00536340f8836ef996791f0e14,"Solana Up or Down - June 26, 12:40AM-12:45AM ET",SOL,2026-06-26T04:40:00+00:00,2026-06-26T04:45:00+00:00,49169492497467098626212919569960011127339092198501607474594453530346393232754,56820300237309181104537882891704744347471010881219032772102951568812204816158,2839.0526,5.0,True,False,closed,2026-06-26T04:35:06.812515+00:00,2026-06-26T04:45:00.808634+00:00,149,0,
0x6089a3a884c25a9e1c4de82fb059bd5d0ccdb9f43765f46fc7677fd57a3054dd,"Bitcoin Up or Down - June 26, 12:45AM-12:50AM ET",BTC,2026-06-26T04:45:00+00:00,2026-06-26T04:50:00+00:00,31610961648930307257598514990688719127505065300073696894364713046809019549272,91965230263414796003689025115962033992617011939697076464692288923862126792001,11668.0843,66.0,True,False,closed,2026-06-26T04:40:06.812704+00:00,2026-06-26T04:50:00.810952+00:00,149,0,
0x31d779653ad73b415ed02809323531e8683c5853f603cfe0b2cc1b61ebedb1df,"Ethereum Up or Down - June 26, 12:45AM-12:50AM ET",ETH,2026-06-26T04:45:00+00:00,2026-06-26T04:50:00+00:00,9431818279578264575846320039292298622062427356655481683625069471932986557481,78753430127010811398984942963796940510765165794706368139539824796884711487114,6211.8134,5.0,True,False,closed,2026-06-26T04:40:06.812704+00:00,2026-06-26T04:50:00.810952+00:00,149,0,
0x7a448876927bb080b8a936f09986818eb1ffc24f957cd1ccf183d56ec10b875b,"Solana Up or Down - June 26, 12:45AM-12:50AM ET",SOL,2026-06-26T04:45:00+00:00,2026-06-26T04:50:00+00:00,54264702299967064570513067712307777226099148594705016466184679367917915521086,63768819893053269447539125645487447549780581389850940178974406547374619723467,2887.5521,5.0,True,False,closed,2026-06-26T04:40:06.812704+00:00,2026-06-26T04:50:00.810952+00:00,149,0,
0x38e7b2699c5c8417e7c4464b00c7aacb4e20fc77fdefb4c40923c312f24bda8a,"Bitcoin Up or Down - June 26, 12:50AM-12:55AM ET",BTC,2026-06-26T04:50:00+00:00,2026-06-26T04:55:00+00:00,5483730111644157655526060138224271708684301420661909991154557698981812968715,13525597825255308413777377131364900178976256899709693901368840040409397796065,9742.7959,90.0,True,False,closed,2026-06-26T04:45:06.817980+00:00,2026-06-26T04:55:00.814183+00:00,149,0,
0x4229bf84662b3bf6313bac38bb955cab6011d5e1bde2971ebc2584afa167e1c4,"Ethereum Up or Down - June 26, 12:50AM-12:55AM ET",ETH,2026-06-26T04:50:00+00:00,2026-06-26T04:55:00+00:00,98708227226510782332553240172318552436789286826505785432839866150629027332285,6359264173562621260768902710586819558985029540666453243422828686339529170280,5622.7125,5.0,True,False,closed,2026-06-26T04:45:06.817980+00:00,2026-06-26T04:55:00.814183+00:00,149,0,
0x52de3729bd24d69ce80dbcc2210c04fb85fde5e5afa3e40cf16f61cc43e58ca7,"Solana Up or Down - June 26, 12:50AM-12:55AM ET",SOL,2026-06-26T04:50:00+00:00,2026-06-26T04:55:00+00:00,19320039164518588392706541877200548912324418781881006126434777251454460446508,84400166889248274330055565489476013402021333153619874780442707495401548266183,2839.3017,0.0,True,False,closed,2026-06-26T04:45:06.817980+00:00,2026-06-26T04:55:00.814183+00:00,149,0,
0xd991a893ace2670f2c0720a15d0fe8cdce2328cb720ed5050c2beaf058012bad,"Bitcoin Up or Down - June 26, 12:55AM-1:00AM ET",BTC,2026-06-26T04:55:00+00:00,2026-06-26T05:00:00+00:00,14248900089410765398217406573626819823145270910339081190640700361909171453216,12799769926918096783680167774135689584528345732381438246235527612711129343928,16379.7601,92.716861,True,False,closed,2026-06-26T04:50:06.804361+00:00,2026-06-26T05:00:00.809996+00:00,149,0,
0xd15e5de6688a65316880c0639ce362c775d23c080acca03bf676d5bd25f9999c,"Ethereum Up or Down - June 26, 12:55AM-1:00AM ET",ETH,2026-06-26T04:55:00+00:00,2026-06-26T05:00:00+00:00,24710519064363459546381159331778479610876785516674576735739218617312769066411,72585502973329677110135248252724057132342100208837570974123306696336509450425,5671.6125,0.0,True,False,closed,2026-06-26T04:50:06.804361+00:00,2026-06-26T05:00:00.809996+00:00,149,0,
0x056759b22365811935703fcf7835a43aeb3dfcd8aa75acc6644693636459c5b6,"Solana Up or Down - June 26, 12:55AM-1:00AM ET",SOL,2026-06-26T04:55:00+00:00,2026-06-26T05:00:00+00:00,112838509694791421420191628486331362048732975412915078475338166680175244975357,43365520527553847583843639566952090515781147776873614921867492893039680755587,2891.2517,5.0,True,False,closed,2026-06-26T04:50:06.804361+00:00,2026-06-26T05:00:00.809996+00:00,149,0,
0x4f3619ac66707e4e2bfc8238a6664c3f2b8311fd1b488eaace170ba6ef34fe32,"Bitcoin Up or Down - June 26, 1:00AM-1:05AM ET",BTC,2026-06-26T05:00:00+00:00,2026-06-26T05:05:00+00:00,13278856537305275821840689498358622863915445692802252198015477007771664881467,20446208786460455246456886402256555013706505828159773913602922423366112080954,15099.6274,122.15686099999999,True,False,closed,2026-06-26T04:55:06.807523+00:00,2026-06-26T05:05:00.813190+00:00,149,0,
0x21180df90134b0624556505a56f7d6f9dee579f402520b549d00647bcbd5cd63,"Ethereum Up or Down - June 26, 1:00AM-1:05AM ET",ETH,2026-06-26T05:00:00+00:00,2026-06-26T05:05:00+00:00,53496127992241354256114132077996007179709891309545813442444354387034042404280,80314963021511489387456386771745188395597484574443728726779452924395352761152,6201.0125,0.0,True,False,closed,2026-06-26T04:55:06.807523+00:00,2026-06-26T05:05:00.813190+00:00,149,0,
0xb9a9fc63bb0baebbd21ea2d911ae95444ee795d3ebdee48eb2d3602fcb68de85,"Solana Up or Down - June 26, 1:00AM-1:05AM ET",SOL,2026-06-26T05:00:00+00:00,2026-06-26T05:05:00+00:00,15155319779699519856511673330069205981600471178195598151302540706344395773222,115036693552186379330663682448758127781968205648945134571919553473388374907430,2856.2526,5.0,True,False,closed,2026-06-26T04:55:06.807523+00:00,2026-06-26T05:05:00.813190+00:00,149,0,
0xe6fa5b05b1f93e02a6a59347026ae8646613639bd4d4b9acbaae5884aff2b281,"Bitcoin Up or Down - June 26, 1:05AM-1:10AM ET",BTC,2026-06-26T05:05:00+00:00,2026-06-26T05:10:00+00:00,95944723206714487731120355267065665624254245985011603241253229151964365658101,34706848091560074257586107797153943933590384972301263745515375194218095570842,15163.4724,41.156861,True,False,closed,2026-06-26T05:00:06.803993+00:00,2026-06-26T05:10:00.812333+00:00,149,0,
0x673aeb2db60a07133d489a98a84c16428fccef59a73f157729352ba4aceacc34,"Ethereum Up or Down - June 26, 1:05AM-1:10AM ET",ETH,2026-06-26T05:05:00+00:00,2026-06-26T05:10:00+00:00,73185709073326351888632672434976841656875680125797579526816155348998876596327,38608919801653274959382309964383728304907840209348642163591234916083827846559,5662.7125,0.0,True,False,closed,2026-06-26T05:00:06.803993+00:00,2026-06-26T05:10:00.812333+00:00,149,0,
0x129eec741a670848634ea0ee742b28288b53d5781ec0bc610aeaffec705e3874,"Solana Up or Down - June 26, 1:05AM-1:10AM ET",SOL,2026-06-26T05:05:00+00:00,2026-06-26T05:10:00+00:00,114876895009392253519324486583605897238866279010275538146903143307458638262372,97082131021391817514615307755982636661833981441673872113051944741749612559248,2849.0526,5.0,True,False,closed,2026-06-26T05:00:06.803993+00:00,2026-06-26T05:10:00.812333+00:00,149,0,
0x0f4105699a250b46fea43335bb593353d4a574d22e4ca52f3bd4537ea43582e2,"Bitcoin Up or Down - June 26, 1:10AM-1:15AM ET",BTC,2026-06-26T05:10:00+00:00,2026-06-26T05:15:00+00:00,45314456627109215825288157706661901886357695312934727067560265083296871765880,93214547202351360332585140737871606053234944822607553913613952232389581924561,16426.8643,58.34,True,False,closed,2026-06-26T05:05:06.807774+00:00,2026-06-26T05:15:00.818495+00:00,149,0,
0x4f12dc4cbf01093845a7d2f31daa540745645f04afdfb192b012878c31d27055,"Ethereum Up or Down - June 26, 1:10AM-1:15AM ET",ETH,2026-06-26T05:10:00+00:00,2026-06-26T05:15:00+00:00,60091918168554944424225244344812585403377243384742038310587138095879959541288,26349165260063835762270019249702751678224434120133126006676765494795614553377,6863.4605,0.0,True,False,closed,2026-06-26T05:05:06.807774+00:00,2026-06-26T05:15:00.818495+00:00,149,0,
0xccf7d1cf6321e80421097f6e058c2c3ebbce448ccf292b7bd1ba115c95e0c91c,"Solana Up or Down - June 26, 1:10AM-1:15AM ET",SOL,2026-06-26T05:10:00+00:00,2026-06-26T05:15:00+00:00,3747814901734163184992598540251600672222182140320599635538771514085029271146,62598284341031323377948018370531636834722173255891215583160596655238256723432,2823.8526,5.0,True,False,closed,2026-06-26T05:05:06.807774+00:00,2026-06-26T05:15:00.818495+00:00,149,0,
0x63268a15c198856356f1162f9fa7420202191a372a4ef9c96c20f9ca797499d8,"Bitcoin Up or Down - June 26, 1:15AM-1:20AM ET",BTC,2026-06-26T05:15:00+00:00,2026-06-26T05:20:00+00:00,52379962850708273182490883612889891366757387659283197440404607544040974347707,73632916870854717564537701172377381525901391530988705222419253836618632933879,15359.1933,43.156861,True,False,closed,2026-06-26T05:10:06.808028+00:00,2026-06-26T05:20:00.806935+00:00,148,0,
0xaa5281c26c04d74d191dddcfebf1d58a9e21e8afb0cb588e7989cb6e79a80405,"Ethereum Up or Down - June 26, 1:15AM-1:20AM ET",ETH,2026-06-26T05:15:00+00:00,2026-06-26T05:20:00+00:00,7210901565901057874341420787078653486398315061747856404924743313012264208525,31904769594001420354210418859095767212778009608384880644501599566526268098001,5620.2134,0.0,True,False,closed,2026-06-26T05:10:06.808028+00:00,2026-06-26T05:20:00.806935+00:00,149,0,
0x2201c8a9c44d346f04fc9e4a5b8ffdc68fe9d977577751c1c61dca15c44a249f,"Solana Up or Down - June 26, 1:15AM-1:20AM ET",SOL,2026-06-26T05:15:00+00:00,2026-06-26T05:20:00+00:00,50364190402873361978422512346307190591740401240708429206765098909079862905467,89309837408857987827079772060224702098080783081447801513347744106193905463505,2854.1817,0.0,True,False,closed,2026-06-26T05:10:06.808028+00:00,2026-06-26T05:20:00.806935+00:00,149,0,
0x4ee52e78b13a67b8b9bb84ebabb7ffbc0cfcda80f1c719cb643188de15192e6d,"Bitcoin Up or Down - June 26, 1:20AM-1:25AM ET",BTC,2026-06-26T05:20:00+00:00,2026-06-26T05:25:00+00:00,108749389558194803603275088390723443165203184955919774607369825193853844310506,63383206366754617813309516044999634028399335223462908796888283301966122592731,16430.5907,97.94392,True,False,closed,2026-06-26T05:15:06.811703+00:00,2026-06-26T05:25:00.817464+00:00,149,0,
0x7462f2cdc94dcc2877c0936d768a04961656ab54010b38dee4a2b583755441c2,"Ethereum Up or Down - June 26, 1:20AM-1:25AM ET",ETH,2026-06-26T05:20:00+00:00,2026-06-26T05:25:00+00:00,66458839703506013917821158116017899070944854773266805482042761929493304611008,53096341699425350638308315072185005549354135612742612221132744638141715289381,6879.5109,5.0,True,False,closed,2026-06-26T05:15:06.811703+00:00,2026-06-26T05:25:00.817464+00:00,149,0,
0x7e39ced52433563cb17eaeae0b2813ed9bbb6daf9d0e152f57aad21c854441b2,"Solana Up or Down - June 26, 1:20AM-1:25AM ET",SOL,2026-06-26T05:20:00+00:00,2026-06-26T05:25:00+00:00,3498565810362246057346208502324862305161526979071417800764714397886553437814,40274599298508259091212427161307090590390056498344429123708169888959546154679,2884.1026,0.0,True,False,closed,2026-06-26T05:15:06.811703+00:00,2026-06-26T05:25:00.817464+00:00,149,0,
0xe69f0aca889dee03b1c9441767a802d4cdfc74aa21233b76c3e855b21d5ca8fa,"Bitcoin Up or Down - June 26, 1:25AM-1:30AM ET",BTC,2026-06-26T05:25:00+00:00,2026-06-26T05:30:00+00:00,102710870123121870354852766601487172113920712694746884429382520627277440783468,46250570194425772125189055972266133518385846763568736578876788607588164554452,16481.9205,124.31372400000001,True,False,closed,2026-06-26T05:20:06.815757+00:00,2026-06-26T05:30:00.804330+00:00,149,0,
0x27c4e884db0b649611be75c068a25a506816ac0532c3f435d6ea49f02b867c09,"Ethereum Up or Down - June 26, 1:25AM-1:30AM ET",ETH,2026-06-26T05:25:00+00:00,2026-06-26T05:30:00+00:00,111309709725323312852582871486023173301657651417959978124658458421645936171463,18912195517920726121558217218779755002510856814880152112409193496479574104517,6919.4105,0.0,True,False,closed,2026-06-26T05:20:06.815757+00:00,2026-06-26T05:30:00.804330+00:00,149,0,
0x2b3b75bb6e8d1408895c7a12a9693d4d2058c8ea4cb88537873ade283763803d,"Solana Up or Down - June 26, 1:25AM-1:30AM ET",SOL,2026-06-26T05:25:00+00:00,2026-06-26T05:30:00+00:00,74677069066581926398782787595255556288134543499486748547395648655759726881712,1806282742466735711644667956772775887101371989837498836849632139374070701550,2850.5925,0.0,True,False,closed,2026-06-26T05:20:06.815757+00:00,2026-06-26T05:30:00.804330+00:00,148,0,
0xca10545687f2a05971959239ec3f017439538543152fa2e44356cb6edf41a7d2,"Bitcoin Up or Down - June 26, 1:30AM-1:35AM ET",BTC,2026-06-26T05:30:00+00:00,2026-06-26T05:35:00+00:00,49319648032757217093653850432657738604453702936881189193244174644367714248913,66210765273441065686910629097162686238767661768740959096497716555308860823255,14899.3064,97.15686099999999,True,False,closed,2026-06-26T05:25:06.810457+00:00,2026-06-26T05:35:00.806656+00:00,149,0,
0x031042f359679c41ec9538c44296c69ce6d9e5c1aa2c6befb5c25ff2d7411f10,"Ethereum Up or Down - June 26, 1:30AM-1:35AM ET",ETH,2026-06-26T05:30:00+00:00,2026-06-26T05:35:00+00:00,96050332651709695932246534874034217659687301198342023859135197702527988007101,75192880307042786865044181051702775079190390395163173623602983373581128976602,5623.3625,0.0,True,False,closed,2026-06-26T05:25:06.810457+00:00,2026-06-26T05:35:00.806656+00:00,149,0,
0x54d895ac70fcbab48671d7649bd384890596e4faa2a7c771c9bb2d7c98641a5a,"Solana Up or Down - June 26, 1:30AM-1:35AM ET",SOL,2026-06-26T05:30:00+00:00,2026-06-26T05:35:00+00:00,3656455974068198205419114540016515479159596551257594889941126843452757283605,16547478592269054669426379457479824607985453845876205401669597006747914771862,2838.3017,0.0,True,False,closed,2026-06-26T05:25:06.810457+00:00,2026-06-26T05:35:00.806656+00:00,149,0,
0x1dd136599c2adc8f2583091b29c18db11f8eee39e6771e39560b8b8e74d24a9f,"Bitcoin Up or Down - June 26, 1:35AM-1:40AM ET",BTC,2026-06-26T05:35:00+00:00,2026-06-26T05:40:00+00:00,79872783049778505509999868450528001203411393891082096706765585048089172500336,3506994356064437792614673286866298706860330580614113149490601234514885805307,16429.69,97.15686099999999,True,False,closed,2026-06-26T05:30:06.814608+00:00,2026-06-26T05:40:00.813116+00:00,149,0,
0x928af6ceaf61b18cec801f31e3cf44c401d8070dcf0c3438653f73e108519611,"Ethereum Up or Down - June 26, 1:35AM-1:40AM ET",ETH,2026-06-26T05:35:00+00:00,2026-06-26T05:40:00+00:00,21144234196805282598573596912328987940287288708050765587917801955998201514868,104001791332832203604139478789340124940924342524933224532744436688865134564303,5637.4634,5.0,True,False,closed,2026-06-26T05:30:06.814608+00:00,2026-06-26T05:40:00.813116+00:00,149,0,
0x6f1789ad454163ff63ee718bd95d8bef278b0440a324e9b2b2b700d45be57700,"Solana Up or Down - June 26, 1:35AM-1:40AM ET",SOL,2026-06-26T05:35:00+00:00,2026-06-26T05:40:00+00:00,36040485869718415781099902520567434132500696925687493884383158850041896127986,93541073714053035886818740330723018166892087630352482016676906806178404998684,2910.1082,0.0,True,False,closed,2026-06-26T05:30:06.814608+00:00,2026-06-26T05:40:00.813116+00:00,149,0,
0xd8b339b30a864dae5f3097271ff8bd26ea396b8ebd350922a3fc97d93c7766dd,"Bitcoin Up or Down - June 26, 1:40AM-1:45AM ET",BTC,2026-06-26T05:40:00+00:00,2026-06-26T05:45:00+00:00,95959782360401144944988921077694125421281275564823814868347733429821476435445,58957533191141026650023230140676064971322264784224933129275379228132123463293,14730.9665,115.72999999999999,True,False,closed,2026-06-26T05:35:06.818266+00:00,2026-06-26T05:45:00.811750+00:00,149,0,
0xbbce79a446c411bf7015dacb518ca45549a4f7df1c27d7b309030da8c661c363,"Ethereum Up or Down - June 26, 1:40AM-1:45AM ET",ETH,2026-06-26T05:40:00+00:00,2026-06-26T05:45:00+00:00,66909994172435810838904761254414963202983352021342083030705542507662281977512,299944988686858181493462731904748805338353260461924856982564131452140082739,6857.2109,0.0,True,False,closed,2026-06-26T05:35:06.818266+00:00,2026-06-26T05:45:00.811750+00:00,147,0,
0x6c3ca6dfb4d667b70135ac51308047a38361759d47fb6eb985d03f9d1a7f2bf6,"Solana Up or Down - June 26, 1:40AM-1:45AM ET",SOL,2026-06-26T05:40:00+00:00,2026-06-26T05:45:00+00:00,76482895590651671178597957825021237007519036062460118355060268120556281287478,16863951331105954672548367357241847108692930965161759750847433997331149203126,2886.3317,0.0,True,False,closed,2026-06-26T05:35:06.818266+00:00,2026-06-26T05:45:00.811750+00:00,149,0,
0x32d4099057979dd0956c3b34725e246989ec451febfb82db4aa9230922f86a23,"Bitcoin Up or Down - June 26, 1:45AM-1:50AM ET",BTC,2026-06-26T05:45:00+00:00,2026-06-26T05:50:00+00:00,79790163390422215920048365142529593187221744706482000473526272126807597973120,9579676785932691996848125821551623817740091230738259712373201192833255877345,15512.6821,199.627448,True,False,closed,2026-06-26T05:40:12.809198+00:00,2026-06-26T05:50:00.809486+00:00,149,0,
0x3893aaa0f482388f549f44bbe0dc08758f68f35a58b8e53d51969e9de7eb253a,"Ethereum Up or Down - June 26, 1:45AM-1:50AM ET",ETH,2026-06-26T05:45:00+00:00,2026-06-26T05:50:00+00:00,15842316909165963738097722071268375471234065216874276639145458719291805840821,67790471951405325899850483897418377118271491997374081002927058175554703927489,6177.4478,14.711537,True,False,closed,2026-06-26T05:40:12.809198+00:00,2026-06-26T05:50:00.809486+00:00,149,0,
0xcf7822f03b03b1c5996cb004a9c8e969235d1cd3cac33afdd581b65f4dfb8fc0,"Solana Up or Down - June 26, 1:45AM-1:50AM ET",SOL,2026-06-26T05:45:00+00:00,2026-06-26T05:50:00+00:00,102830555092113630981218978257141538674686735268405312116575519799527102946095,87074753353186615087352857302230634937205150408997300393685473398395022725675,2884.8313,0.0,True,False,closed,2026-06-26T05:40:12.809198+00:00,2026-06-26T05:50:00.809486+00:00,149,0,
0x0645fd82daf719e1099e2167bc513c1cb3afb8ee24a2518c1331ed590b0bfd8f,"Bitcoin Up or Down - June 26, 1:50AM-1:55AM ET",BTC,2026-06-26T05:50:00+00:00,2026-06-26T05:55:00+00:00,110352346925801366169971553055633260447241451672604728597941333207559047334790,33259518530050237864155088987525872718470394542263749082971443308839442028911,16464.9762,95.313724,True,False,closed,2026-06-26T05:45:06.807957+00:00,2026-06-26T05:55:00.807863+00:00,149,0,
0x24e80d79bac3358db35058d41ae6ec874d59f8047fe9aab04bd876eaf17a008f,"Ethereum Up or Down - June 26, 1:50AM-1:55AM ET",ETH,2026-06-26T05:50:00+00:00,2026-06-26T05:55:00+00:00,78737138924876668476359073305633249608558058187497412990592226018945663286040,20725057856751251067664945651684175556468374330751376854431203169465407442881,5736.6289,0.0,True,False,closed,2026-06-26T05:45:06.807957+00:00,2026-06-26T05:55:00.807863+00:00,149,0,
0xa49572c931a9bba6c26b2514374322afd5077cfad94f9d33890cb4567e342c16,"Solana Up or Down - June 26, 1:50AM-1:55AM ET",SOL,2026-06-26T05:50:00+00:00,2026-06-26T05:55:00+00:00,88757970151804531304918243910089560767846687766982518386523114194766582581179,58164149904765685752523559730557184476596460033354690093625972158398491587154,2903.4317,5.0,True,False,closed,2026-06-26T05:45:06.807957+00:00,2026-06-26T05:55:00.807863+00:00,149,0,
0xd12a80d4087e9ef706774e25572dfec8916cf1eca9d48fae8df603fa43ab9caf,"Bitcoin Up or Down - June 26, 1:55AM-2:00AM ET",BTC,2026-06-26T05:55:00+00:00,2026-06-26T06:00:00+00:00,72426483797017616295597905736405728883321409150784942256591859987358325746038,69682976158437241865532326185195257331472988410178450341290807532756745973063,13443.071,85.873724,True,False,closed,2026-06-26T05:50:12.809018+00:00,2026-06-26T06:00:00.807862+00:00,149,0,
0x74439a2f85dc35201d7c0cb42c4898967b1ac74f88d99350959c86da17e5027c,"Ethereum Up or Down - June 26, 1:55AM-2:00AM ET",ETH,2026-06-26T05:55:00+00:00,2026-06-26T06:00:00+00:00,1278295910744302667783922571727358564845484373752658315427005569036092080005,111647210873120351690389590692429936560171948786402627694145108057135473767552,5603.6131,2.0,True,False,closed,2026-06-26T05:50:12.809018+00:00,2026-06-26T06:00:00.807862+00:00,149,0,
0xe14a9c710b216405c475d059719734e3b927750458a86598a4b9ae60872e1734,"Solana Up or Down - June 26, 1:55AM-2:00AM ET",SOL,2026-06-26T05:55:00+00:00,2026-06-26T06:00:00+00:00,89763734880483224941335280498517532557281688653193998202132102994303256296296,1826574921320719423567588428947171873634966778937205267204957917515792272509,2908.1317,0.0,True,False,closed,2026-06-26T05:50:12.809018+00:00,2026-06-26T06:00:00.807862+00:00,149,0,
0x7bfc743b396c41d23f2de48142dbb4b4a5af89e46bf4cc41f28142b7208f5401,"Bitcoin Up or Down - June 26, 2:00AM-2:05AM ET",BTC,2026-06-26T06:00:00+00:00,2026-06-26T06:05:00+00:00,21680039777656157466995685777212924691987234726187305214622635025800006997708,60038165671186007934116339726807970033941943137625753984415308701647198796691,15438.9545,67.68,True,False,closed,2026-06-26T05:55:06.817525+00:00,2026-06-26T06:05:00.817852+00:00,149,0,
0x08d60ae2d84b9d4272cc4cb1392d4c6cc170d6675abdcb5390c40785d6b510d6,"Ethereum Up or Down - June 26, 2:00AM-2:05AM ET",ETH,2026-06-26T06:00:00+00:00,2026-06-26T06:05:00+00:00,20060607785371420873330482361130763891951533095075871452434847135226313964018,105393224704438007682718089715752334127614889229104010940477666829621007018492,6162.5134,5.0,True,False,closed,2026-06-26T05:55:06.817525+00:00,2026-06-26T06:05:00.817852+00:00,149,0,
0x9466a8b7a29e68e9e67ee1bae26b1d3dc8ef0217fddba5e0517bc7fb07c0a78d,"Solana Up or Down - June 26, 2:00AM-2:05AM ET",SOL,2026-06-26T06:00:00+00:00,2026-06-26T06:05:00+00:00,101174006894562170404088645804383761836779875863175232365378244522944072550654,94933429129118091703538908617512787882407410640038735355927468522416608206869,2822.5466,0.0,True,False,closed,2026-06-26T05:55:06.817525+00:00,2026-06-26T06:05:00.817852+00:00,149,0,
0xecf08fcc64769550f1c1fb3020af32d821a1e4b47b04f67d9f9175f758bf7a0d,"Bitcoin Up or Down - June 26, 2:05AM-2:10AM ET",BTC,2026-06-26T06:05:00+00:00,2026-06-26T06:10:00+00:00,107929830201613187570743909504297134394681669769824113482671964208234598081273,49432242332267574043919849752428806836930494938628171195242415157750778222485,16532.5772,120.18392,True,False,closed,2026-06-26T06:00:12.808120+00:00,2026-06-26T06:10:00.818245+00:00,149,0,
0x911f7cf7b2875e30778bf875e21b11cc0760290cab71b4def0a6bbe36ef60fc4,"Ethereum Up or Down - June 26, 2:05AM-2:10AM ET",ETH,2026-06-26T06:05:00+00:00,2026-06-26T06:10:00+00:00,55862393743707149349893492882563448950293497103353065213713650223800611396389,46406397449495126110863145572924212981826993058465679416234714004155416203577,5851.8724,5.0,True,False,closed,2026-06-26T06:00:12.808120+00:00,2026-06-26T06:10:00.818245+00:00,149,0,
0xfc5fc8966ea1ab7e6296afbf5ef97e1d33c83fda58c45bd32d68a1cc70df5a65,"Solana Up or Down - June 26, 2:05AM-2:10AM ET",SOL,2026-06-26T06:05:00+00:00,2026-06-26T06:10:00+00:00,54423548434134691787003741725337007238506851550266754949712056325597110888533,1913253741616756510286428389093751101981795285539965072170822337561771997890,2967.4314,5.0,True,False,closed,2026-06-26T06:00:12.808120+00:00,2026-06-26T06:10:00.818245+00:00,149,0,
0xdc0ed7cb1aff4ab2c5f93ed7bef93dd7b1ff412bc68bbfa938954889d7ad0d50,"Bitcoin Up or Down - June 26, 2:10AM-2:15AM ET",BTC,2026-06-26T06:10:00+00:00,2026-06-26T06:15:00+00:00,93885400537754172377105545152469898099363174358363300732358660931901808772286,72725148354909784675602489335865873235314447793264866969166046539534694997903,16435.6723,62.313724,True,False,closed,2026-06-26T06:05:24.808862+00:00,2026-06-26T06:15:00.817361+00:00,149,0,
0xcddbe696be342c1c15634aa4bd398c141701866b782cf63e851ddcb62c335e6b,"Ethereum Up or Down - June 26, 2:10AM-2:15AM ET",ETH,2026-06-26T06:10:00+00:00,2026-06-26T06:15:00+00:00,38575734007400036998872420818485021689381736306048207463395726715085385116026,62589638930868252936957900125662750036533806177435483788677826341233087712511,5764.0725,0.0,True,False,closed,2026-06-26T06:05:24.808862+00:00,2026-06-26T06:15:00.817361+00:00,148,0,
0xb50386fd955d2556a9584dcf8b662fdd0bb6917bae327288dcb11151d1761eb7,"Solana Up or Down - June 26, 2:10AM-2:15AM ET",SOL,2026-06-26T06:10:00+00:00,2026-06-26T06:15:00+00:00,98037925859138413277594522795729243796781859960159801186637054212581015816991,108513672308083777338376395588721196186647357384844723868691310324017620880784,2909.1617,11.0,True,False,closed,2026-06-26T06:05:24.808862+00:00,2026-06-26T06:15:00.817361+00:00,149,0,
0x3dbb5bea3539eefae4b72de7d426b8c7c895166437cb2672301dc5fd74555429,"Bitcoin Up or Down - June 26, 2:15AM-2:20AM ET",BTC,2026-06-26T06:15:00+00:00,2026-06-26T06:20:00+00:00,67201573390288614763246749776320224190807537737663621505569294930318405094526,19267935641739418177431163435442121136099223710158734530249000657595364156660,13550.7304,29.313724,True,False,closed,2026-06-26T06:10:06.812962+00:00,2026-06-26T06:20:00.813201+00:00,149,0,
0x4c3e83fc7cd3928e987662e99028e24ce6029ee81d01a0d85d495a8790b1f68e,"Ethereum Up or Down - June 26, 2:15AM-2:20AM ET",ETH,2026-06-26T06:15:00+00:00,2026-06-26T06:20:00+00:00,74170553642685272371938082548695289411681718791813994372809219352920942884264,101961308119731486973200770026799184193258961095789462337883569263135356107554,6147.3672,5.0,True,False,closed,2026-06-26T06:10:06.812962+00:00,2026-06-26T06:20:00.813201+00:00,149,0,
0x227006bd8406db6dce8da74613d1bca2211270e1b09af58b23be801db4c3b532,"Solana Up or Down - June 26, 2:15AM-2:20AM ET",SOL,2026-06-26T06:15:00+00:00,2026-06-26T06:20:00+00:00,74652063555664999873130197664975752650533711339082682751838616549180878380498,97209105175447433296914775734383487047746962300598082238749752842189723590153,2918.4326,5.0,True,False,closed,2026-06-26T06:10:06.812962+00:00,2026-06-26T06:20:00.813201+00:00,149,0,
0x20ab848548db268b9c62b405ee6b71b855b56380e0b2493091ef2e95b6fe7d20,"Bitcoin Up or Down - June 26, 2:20AM-2:25AM ET",BTC,2026-06-26T06:20:00+00:00,2026-06-26T06:25:00+00:00,5260298611296030753569974937021237515651253064636503961259013050388972440274,64153770813835001951704274925280539595293917804689465042949044891405051406392,16515.7324,168.99372400000001,True,False,closed,2026-06-26T06:15:06.813062+00:00,2026-06-26T06:25:00.815071+00:00,149,0,
0x4559789ca03f328e579e28d83c1b5755a7d98627dd25b4db88b4612e0f77c04c,"Ethereum Up or Down - June 26, 2:20AM-2:25AM ET",ETH,2026-06-26T06:20:00+00:00,2026-06-26T06:25:00+00:00,23896270299350062488790648188184722142114481158228133935656047491532646479474,72890685578502028574156487883560635017200513465547836229706674340645188205509,6798.8614,0.0,True,False,closed,2026-06-26T06:15:06.813062+00:00,2026-06-26T06:25:00.815071+00:00,149,0,
0xff57f945619605d7d14de76230d8872ba579ee87d44aea2fc1e8f98e622663e2,"Solana Up or Down - June 26, 2:20AM-2:25AM ET",SOL,2026-06-26T06:20:00+00:00,2026-06-26T06:25:00+00:00,218929520134259029786297861074086582790816194719943227271407322005198982912,99083681192102096972181513823331189677734731969873100575157243957363194243183,2812.7552,5.29,True,False,closed,2026-06-26T06:15:06.813062+00:00,2026-06-26T06:25:00.815071+00:00,149,0,
0x4cf8c45ffa20039689db33a877516ca38eab2c3a9a2a1e790b297c526bf8542c,"Bitcoin Up or Down - June 26, 2:25AM-2:30AM ET",BTC,2026-06-26T06:25:00+00:00,2026-06-26T06:30:00+00:00,12370980313304999449314406073594980451703343483062413490118344331718055227546,70703233770747890778707215150543982020512047263195528597728266117124326827280,16414.0654,111.68,True,False,closed,2026-06-26T06:20:12.811538+00:00,2026-06-26T06:30:00.817796+00:00,149,0,
0x4b0b08fa8891cf004527240891b81a46ee6414d06a89ec1a9e2a05892154126b,"Ethereum Up or Down - June 26, 2:25AM-2:30AM ET",ETH,2026-06-26T06:25:00+00:00,2026-06-26T06:30:00+00:00,103282377157676467634753918942549484803315780815662618729365869341314706031892,14494894768817032314736393068408982744978537813470754117240017791267982614950,5837.8225,5.0,True,False,closed,2026-06-26T06:20:12.811538+00:00,2026-06-26T06:30:00.817796+00:00,149,0,
0x7729a4906bd1b1108fedb70e633d122f3602943046a6ff0baeaa255253946199,"Solana Up or Down - June 26, 2:25AM-2:30AM ET",SOL,2026-06-26T06:25:00+00:00,2026-06-26T06:30:00+00:00,61248901835211790278962830367734297049589655504743560005325183959244515150341,102776388219298398098573567655194801425583622727985795666737228896003025340835,2841.6317,10.29,True,False,closed,2026-06-26T06:20:12.811538+00:00,2026-06-26T06:30:00.817796+00:00,149,0,
0xd411e2e0d5d74a60f838a6a2bae143fe0d160f2d4be26541f0ca670f999846d6,"Bitcoin Up or Down - June 26, 2:30AM-2:35AM ET",BTC,2026-06-26T06:30:00+00:00,2026-06-26T06:35:00+00:00,62809288074166038847412359019619409290785093096982143381532707151389283992839,18955231648828888493004448483121609090078059854117186960637847798135612468893,13466.4581,42.0,True,False,closed,2026-06-26T06:25:12.816228+00:00,2026-06-26T06:35:00.805847+00:00,149,0,
0x6065cad278b7bcc075f84c2e859c368686133a0e82f4c2af09941658b99b4262,"Ethereum Up or Down - June 26, 2:30AM-2:35AM ET",ETH,2026-06-26T06:30:00+00:00,2026-06-26T06:35:00+00:00,44852314947165426369699358846008724929576414101581162852389814804256111091305,53387547682299069414815977679794026738850144420271894727274683934980922712442,6218.8625,1.960783,True,False,closed,2026-06-26T06:25:12.816228+00:00,2026-06-26T06:35:00.805847+00:00,149,0,
0xb34dccf19137e2f5ae026c4d45037552dc97400a1b3bc211ed9745dd139260fc,"Solana Up or Down - June 26, 2:30AM-2:35AM ET",SOL,2026-06-26T06:30:00+00:00,2026-06-26T06:35:00+00:00,64025001114298747351831549806167769189114021321500365587763065329858813119496,71243425508979721228135101243203420941759311273782191189735268136574355992626,2850.0276,0.0,True,False,closed,2026-06-26T06:25:12.816228+00:00,2026-06-26T06:35:00.805847+00:00,149,0,
0x2bb2572e0c04d677e7b70be6472d1617b1e137273cb35381be09045c0fd1d78d,"Bitcoin Up or Down - June 26, 2:35AM-2:40AM ET",BTC,2026-06-26T06:35:00+00:00,2026-06-26T06:40:00+00:00,26948623774696010830574254901603334801355126061802744002316150397181417340090,7639635349667681353881675903173000729620213773601903868843257176037116425849,13449.4071,341.52,True,False,closed,2026-06-26T06:30:06.814025+00:00,2026-06-26T06:40:00.804910+00:00,149,0,
0x522cb027922ecfdd2c5c096b97997362e314ed908a69303fda1b8752e3096d98,"Ethereum Up or Down - June 26, 2:35AM-2:40AM ET",ETH,2026-06-26T06:35:00+00:00,2026-06-26T06:40:00+00:00,17641100156393182085987187111353860010905807604417521183623199576848740189777,17239046912301963207681359452993289816563878505478774043192136318020977000352,5822.893,0.0,True,False,closed,2026-06-26T06:30:06.814025+00:00,2026-06-26T06:40:00.804910+00:00,149,0,
0xb5888b861cc2d9d8dcc27f32e197336084365b3d32d7e5a5eb164326ece293ee,"Solana Up or Down - June 26, 2:35AM-2:40AM ET",SOL,2026-06-26T06:35:00+00:00,2026-06-26T06:40:00+00:00,112199075857270204346490795281935983731698069083712864652809620695339809220718,14375649012730870390987569321833607131740694271686749842931049102087767052324,2811.0321,8.0,True,False,closed,2026-06-26T06:30:06.814025+00:00,2026-06-26T06:40:00.804910+00:00,149,0,
0x2bf8f2202b5e0e85531bd57c352bc68412872b92953a207da75778600a51b505,"Bitcoin Up or Down - June 26, 2:40AM-2:45AM ET",BTC,2026-06-26T06:40:00+00:00,2026-06-26T06:45:00+00:00,9120197339519281741623390523106200600088080375607938050933768872100196808867,40420263834265146952230669611767992117045748007813511293862969509753436033640,13451.8917,27.0,True,False,closed,2026-06-26T06:35:12.804421+00:00,2026-06-26T06:45:00.808900+00:00,149,0,
0xd18c3ff3d82882c485a4d536167cc93438f604c66f996e40d940d5087330a423,"Ethereum Up or Down - June 26, 2:40AM-2:45AM ET",ETH,2026-06-26T06:40:00+00:00,2026-06-26T06:45:00+00:00,11396070217717511015042115702978849092123081741985392633784550954279760945642,34834420438211292898546630393025958506277076098250074666721900920464095366098,6890.5114,5.0,True,False,closed,2026-06-26T06:35:12.804421+00:00,2026-06-26T06:45:00.808900+00:00,149,0,
0x7751f00ec06e41c629fac2f121743b2448f6e6ebd695f23bddf6fd43f0a4efe4,"Solana Up or Down - June 26, 2:40AM-2:45AM ET",SOL,2026-06-26T06:40:00+00:00,2026-06-26T06:45:00+00:00,77871854834444755371631913122478343042384130024553757173032287204649786162320,42608464469403993832802653678752907239084158902577580267639123996052320155574,2863.4017,7.941174999999999,True,False,closed,2026-06-26T06:35:12.804421+00:00,2026-06-26T06:45:00.808900+00:00,149,0,
0x6461cb20a000fc158e4d366c7bc9935b7b4774272b389fa2d5dde289d62d042c,"Bitcoin Up or Down - June 26, 2:45AM-2:50AM ET",BTC,2026-06-26T06:45:00+00:00,2026-06-26T06:50:00+00:00,48360447955359838874291003654084993188147842759526837257764013312651207135775,107994254320616803837298579560107796468012297347211100526203577682877424794073,13444.9473,71.0,True,False,closed,2026-06-26T06:40:12.805980+00:00,2026-06-26T06:50:00.809156+00:00,149,0,
0x2fdc55cff85b8696fb56dacbd8c7e5cdb7dd8b6fa97fcdd3d5677d44bfe43616,"Ethereum Up or Down - June 26, 2:45AM-2:50AM ET",ETH,2026-06-26T06:45:00+00:00,2026-06-26T06:50:00+00:00,101906752053699130285434581408775239745428428909099952094704479422204353064222,85890934081100660586604319378904188403513160080504818955128916697225844636778,6251.7134,10.0,True,False,closed,2026-06-26T06:40:12.805980+00:00,2026-06-26T06:50:00.809156+00:00,149,0,
0xd109a44828e0e0adb3698f807126eb4d7ff234ec688ba10c41507a8e7369ce26,"Solana Up or Down - June 26, 2:45AM-2:50AM ET",SOL,2026-06-26T06:45:00+00:00,2026-06-26T06:50:00+00:00,65331226464893288609007892779366315036083155521538497940425843888013473133250,72475181496861864820429116323234684198234755574898745792904979283505953236074,2750.1721,5.0,True,False,closed,2026-06-26T06:40:12.805980+00:00,2026-06-26T06:50:00.809156+00:00,149,0,
0xac9670b5aed455bf6c290719ba8fa968ee91533d333d56e33347f681eb19bdfe,"Bitcoin Up or Down - June 26, 2:50AM-2:55AM ET",BTC,2026-06-26T06:50:00+00:00,2026-06-26T06:55:00+00:00,45586603714492088178096161020636966349411397692019590496476601531720292512419,6799591499660620646034967758662901017634385668021590430928586917916146795339,14585.7628,18.960783,True,False,closed,2026-06-26T06:45:06.803583+00:00,2026-06-26T06:55:00.807290+00:00,149,0,
0xbd0ce46f242d340b573c82b6fad048677f397cf0fdf2d2d06cfd64afc1557149,"Ethereum Up or Down - June 26, 2:50AM-2:55AM ET",ETH,2026-06-26T06:50:00+00:00,2026-06-26T06:55:00+00:00,6375674813129350591057802355445209733491775578765264671075758674034727279585,53944692552714180343531554135803575642016021067959585875661168424633620668883,5844.8725,10.0,True,False,closed,2026-06-26T06:45:06.803583+00:00,2026-06-26T06:55:00.807290+00:00,149,0,
0x4ff498fe655344b90bf7a5b904a79a24821ad4553fd49596772479324346a029,"Solana Up or Down - June 26, 2:50AM-2:55AM ET",SOL,2026-06-26T06:50:00+00:00,2026-06-26T06:55:00+00:00,45452611850838932546465641145471262714496571846161061134923019047669044943964,34801517054801004504586389831991950906596653520240450307739828462460136450718,2839.9021,6.960783,True,False,closed,2026-06-26T06:45:06.803583+00:00,2026-06-26T06:55:00.807290+00:00,149,2,
0x546d5caac52c29015e9495b4d69d548acd98a54e56a6d9795d10ad0f6e7f6fc8,"Bitcoin Up or Down - June 26, 2:55AM-3:00AM ET",BTC,2026-06-26T06:55:00+00:00,2026-06-26T07:00:00+00:00,4616701784028552374613127611133132506409883140069851816019804618707176440890,82700384216645419697781545884441318874226326089727124842686898231213550254215,16333.6533,78.56,True,False,closed,2026-06-26T06:50:06.804415+00:00,2026-06-26T07:00:00.804845+00:00,149,0,
0x94983d6fe8d5584854120fe42bae2f3343caf99176e299690570e02497f462af,"Ethereum Up or Down - June 26, 2:55AM-3:00AM ET",ETH,2026-06-26T06:55:00+00:00,2026-06-26T07:00:00+00:00,64137848189611467083025545458126042974004753290385084493792038575567965424374,76904413935998419300612905923646365351074139510791172459821197783601509452970,5916.1734,10.0,True,False,closed,2026-06-26T06:50:06.804415+00:00,2026-06-26T07:00:00.804845+00:00,149,0,
0xfd6fc353aac568a11fc3f3b371dd34edbceac3e55169f1795d8c10f839678011,"Solana Up or Down - June 26, 2:55AM-3:00AM ET",SOL,2026-06-26T06:55:00+00:00,2026-06-26T07:00:00+00:00,84317321485018852323642400181006031690829314931402028918929238802864931043434,89741880572885700420089034236958039249012554682671556035718434393047135927555,2902.9522,0.0,True,False,closed,2026-06-26T06:50:06.804415+00:00,2026-06-26T07:00:00.804845+00:00,149,0,
0xbb48bbae4f34e6ba5e2e0aef902f584541b3d7332a668900231f166b2884eb27,"Bitcoin Up or Down - June 26, 3:00AM-3:05AM ET",BTC,2026-06-26T07:00:00+00:00,2026-06-26T07:05:00+00:00,27559936258588694251871146169741136840747315293416085592325607707173173948257,11790719378446780676300216950080540847734474998423882780201034331425665489092,15384.2346,81.313724,True,False,closed,2026-06-26T06:55:12.807641+00:00,2026-06-26T07:05:00.814837+00:00,149,0,
0xd75ca7129e148361b4e4b5565d279dc9b452ff707a41fb731b5678128b7b20d9,"Ethereum Up or Down - June 26, 3:00AM-3:05AM ET",ETH,2026-06-26T07:00:00+00:00,2026-06-26T07:05:00+00:00,90270717515641709666173786907819654968421243855441072498313439975031069258307,62251631597109504781718635075063820683867312493835239723571783351553411083695,6289.5624,10.0,True,False,closed,2026-06-26T06:55:12.807641+00:00,2026-06-26T07:05:00.814837+00:00,149,0,
0xc353779c383f9ec336dad4d1a33f06b43bba7990a50c4caefdeacd703e198466,"Solana Up or Down - June 26, 3:00AM-3:05AM ET",SOL,2026-06-26T07:00:00+00:00,2026-06-26T07:05:00+00:00,66101317466961313637235911804545938417358253195733894718295214730010088102489,50262505071470008161294239184552499516465956690158991189118011380000975422359,2803.8526,0.0,True,False,closed,2026-06-26T06:55:12.807641+00:00,2026-06-26T07:05:00.814837+00:00,149,0,
0xada22785da44c0d57a0a3a3f36cd46674414f5603be4e8793cf3755d35a22614,"Bitcoin Up or Down - June 26, 3:05AM-3:10AM ET",BTC,2026-06-26T07:05:00+00:00,2026-06-26T07:10:00+00:00,93323923854855574237753586987592415867973978854744056913699606187905050123143,85234430369956533280916209795893322423014087755842081229328519347645787330767,13456.5192,56.607842000000005,True,False,closed,2026-06-26T07:00:12.806388+00:00,2026-06-26T07:10:00.813108+00:00,149,0,
0xa584528a3eacad1ee3979105eb3ae2740cef0b8eb3d3e33418de5f4865ed7968,"Ethereum Up or Down - June 26, 3:05AM-3:10AM ET",ETH,2026-06-26T07:05:00+00:00,2026-06-26T07:10:00+00:00,6243493532458874009764272454858813493532318431146646546165612939436491295618,43917338309228462248852515327579900713252572341785681101849226833596187889239,5765.463,5.0,True,False,closed,2026-06-26T07:00:12.806388+00:00,2026-06-26T07:10:00.813108+00:00,148,0,
0x43005d0675491621f54ab6875a6c632e3ee1d0ec2022689ceef619343b23aa90,"Solana Up or Down - June 26, 3:05AM-3:10AM ET",SOL,2026-06-26T07:05:00+00:00,2026-06-26T07:10:00+00:00,3889741481223161626975784037672518496002907966705656478118812987806592265722,87211516266300368303113400250304326788680439448473005503149390221703031449860,2875.9517,0.0,True,False,closed,2026-06-26T07:00:12.806388+00:00,2026-06-26T07:10:00.813108+00:00,149,0,
0x2028ad4cf665c208206ec8bada589195244225603693aaa839a8c5895a6a0a5f,"Bitcoin Up or Down - June 26, 3:10AM-3:15AM ET",BTC,2026-06-26T07:10:00+00:00,2026-06-26T07:15:00+00:00,24994437515950283589431172758175441360903116927284433627178022484439374076591,11743037048727839533261059183863639755891011821351397345618148349967945681141,13385.8198,27.0,True,False,closed,2026-06-26T07:05:06.810709+00:00,2026-06-26T07:15:00.803215+00:00,149,0,
0x9f4aa846eb30ae4ace9afed25359f25ef46e2169a9df281e9ee61baa0be9512f,"Ethereum Up or Down - June 26, 3:10AM-3:15AM ET",ETH,2026-06-26T07:10:00+00:00,2026-06-26T07:15:00+00:00,8151950053218868821936616588045620123982407180965577247687884340401864693189,33404491827547507109139706209638480107304194184368078990459210219402510406649,5738.6824,10.0,True,False,closed,2026-06-26T07:05:06.810709+00:00,2026-06-26T07:15:00.803215+00:00,149,0,
0xc714dd568b5bb36c35863fe6bca84021f42db2eed5c796741452dadb4f0a0539,"Solana Up or Down - June 26, 3:10AM-3:15AM ET",SOL,2026-06-26T07:10:00+00:00,2026-06-26T07:15:00+00:00,42447897446872952295208248707197597975604922162073629190287356603710413869202,24819553796547834563473726881136708360970379738771972366766635262440125879485,2820.1517,0.0,True,False,closed,2026-06-26T07:05:06.810709+00:00,2026-06-26T07:15:00.803215+00:00,149,0,
0x89fe694868f3a7787893b20295ace4b97ec883a188e163d81f316a398efa3348,"Bitcoin Up or Down - June 26, 3:15AM-3:20AM ET",BTC,2026-06-26T07:15:00+00:00,2026-06-26T07:20:00+00:00,28804081275487037774364984418226220558793873699519065536876145352770722468368,41731236566234273851734753043604485222687000108082903605296285411694747212122,13447.3708,34.0,True,False,closed,2026-06-26T07:10:12.813279+00:00,2026-06-26T07:20:00.816119+00:00,149,0,
0xa66ce6032625c166b4dc2adccad7e31e35e5d846d58948072b89e07725ce5386,"Ethereum Up or Down - June 26, 3:15AM-3:20AM ET",ETH,2026-06-26T07:15:00+00:00,2026-06-26T07:20:00+00:00,53816317198238401497643322698019863959771891128201364731185589881774349237366,409005453330150653769192235273800535508923589659559309779534937004972231270,6232.5407,0.0,True,False,closed,2026-06-26T07:10:12.813279+00:00,2026-06-26T07:20:00.816119+00:00,149,0,
0x2ea4b937681f0bd853142c56a2529733d328dfdcba88c15275825d5546084286,"Solana Up or Down - June 26, 3:15AM-3:20AM ET",SOL,2026-06-26T07:15:00+00:00,2026-06-26T07:20:00+00:00,39158298986510037206637706395564120264720694265866932453787519391726987227656,91612667357409247536257305830802246741875072099514498330130784606402118256168,2838.9026,0.0,True,False,closed,2026-06-26T07:10:12.813279+00:00,2026-06-26T07:20:00.816119+00:00,149,0,
0xdc4e157587265ea31d3ba6c8d77f68d338a33cdbd4ca0cd1b0fe7618126ebd62,"Bitcoin Up or Down - June 26, 3:20AM-3:25AM ET",BTC,2026-06-26T07:20:00+00:00,2026-06-26T07:25:00+00:00,37444665865806126630237351686741439256391000580984950610643520162838639527729,104123470604258866851969906278709512575977755395479331624165536080686869094750,13446.2244,83.0,True,False,closed,2026-06-26T07:15:18.810588+00:00,2026-06-26T07:25:00.815042+00:00,149,0,
0x06c1eb0e3c9840d66dc1191bb43658571d402ee7ba2ce6c6dad1cdb7e5dcf43e,"Ethereum Up or Down - June 26, 3:20AM-3:25AM ET",ETH,2026-06-26T07:20:00+00:00,2026-06-26T07:25:00+00:00,59941182380017706925115955582814447804461910991515286987207711305726517185170,60253417431068462310750685837075991767171484222210061221576386057253726323185,5823.6021,5.0,True,False,closed,2026-06-26T07:15:18.810588+00:00,2026-06-26T07:25:00.815042+00:00,149,0,
0xbea23612aacf91d652c7c1ca6c09f0c12cea06eb0c036f1112afa8048593580b,"Solana Up or Down - June 26, 3:20AM-3:25AM ET",SOL,2026-06-26T07:20:00+00:00,2026-06-26T07:25:00+00:00,74955175289944203773221947198376013369324846477235088486281716408109034551237,26092863469644176631904354196921959391549812082039617835182123975325693965675,2828.3291,0.0,True,False,closed,2026-06-26T07:15:18.810588+00:00,2026-06-26T07:25:00.815042+00:00,149,0,
0x14dbfefc9c5624f48ff00ac62a0ec53c5dbd7d3355e6967fef6222be824180d1,"Bitcoin Up or Down - June 26, 3:25AM-3:30AM ET",BTC,2026-06-26T07:25:00+00:00,2026-06-26T07:30:00+00:00,62697403067555932788074723860500212473324736442316124345927227402942102743621,109345804618250624929376031720231631387935741605204053111713536890736635177663,13485.82,83.0,True,False,closed,2026-06-26T07:20:12.812441+00:00,2026-06-26T07:30:00.808377+00:00,149,0,
0x5bd1b142abf9a1d5b03bc7ebb8cdd48004b09092b27f0c481ebb19e6565ad7d5,"Ethereum Up or Down - June 26, 3:25AM-3:30AM ET",ETH,2026-06-26T07:25:00+00:00,2026-06-26T07:30:00+00:00,64703227150292654196999546037288330399789874182815074702160146063235938711881,19253987269457028542646854452254710017722819067721515752425545705713678024748,5946.588,0.0,True,False,closed,2026-06-26T07:20:12.812441+00:00,2026-06-26T07:30:00.808377+00:00,149,0,
0xc5b50869a924a438d1bc9659ef8bed39a9f899dc9f8161ee7d5d78df7629f31c,"Solana Up or Down - June 26, 3:25AM-3:30AM ET",SOL,2026-06-26T07:25:00+00:00,2026-06-26T07:30:00+00:00,40540670262190766285758863443261934707110042685032869075141313769308355026561,3861713146095286096239287918894519982302546983769607445847369547558834022542,2811.2526,0.0,True,False,closed,2026-06-26T07:20:12.812441+00:00,2026-06-26T07:30:00.808377+00:00,149,0,
0xc03b129b5c683dceab461a6a686db6ff8ad8ecfba362d827e98e999c5dcfe4c9,"Bitcoin Up or Down - June 26, 3:30AM-3:35AM ET",BTC,2026-06-26T07:30:00+00:00,2026-06-26T07:35:00+00:00,36294160108575806135058583340792130391229930576235935374272100912925302445090,11853012215726959177804669425907786636722673868701719956018152331400580428393,15672.9841,59.0,True,False,closed,2026-06-26T07:25:12.813742+00:00,2026-06-26T07:35:00.811197+00:00,149,0,
0x5e24e39a6fb09eb5f855d695fd1a275ea1d7f231ebd3a5fa966f275c09bfc769,"Ethereum Up or Down - June 26, 3:30AM-3:35AM ET",ETH,2026-06-26T07:30:00+00:00,2026-06-26T07:35:00+00:00,96653091066171488472788392077155141007767444581003253418805765403198819779759,23919483182896455397575448411155818295576144326691032272677574001408157825435,6267.1523,5.0,True,False,closed,2026-06-26T07:25:12.813742+00:00,2026-06-26T07:35:00.811197+00:00,149,0,
0x0e25915c5f0d805f6580cc3eb4a99e7a51866030adae0f031b21cef218afe7eb,"Solana Up or Down - June 26, 3:30AM-3:35AM ET",SOL,2026-06-26T07:30:00+00:00,2026-06-26T07:35:00+00:00,100211865954493511910138426216827070720671271654061702790076296961986431410128,46902022517264629283858534617398513227487120610457580317592602332835491837986,2820.2522,5.0,True,False,closed,2026-06-26T07:25:12.813742+00:00,2026-06-26T07:35:00.811197+00:00,149,0,
0xe704c8bfb4ed629892dc69aa629f13389e399c8cf9995092afffac7035b2b183,"Bitcoin Up or Down - June 26, 3:35AM-3:40AM ET",BTC,2026-06-26T07:35:00+00:00,2026-06-26T07:40:00+00:00,10967146804377214946620648702629271755249010658596618322436116872784464258321,102503915691730542021909566154516000950694618307234129431941758837537423635541,13723.5109,225.9,True,False,closed,2026-06-26T07:30:30.806691+00:00,2026-06-26T07:40:00.815328+00:00,149,0,
0x3541464f3c2d13a22b57f8e9627d1e18865d8b08ebc71f092a7266a9dfac4134,"Ethereum Up or Down - June 26, 3:35AM-3:40AM ET",ETH,2026-06-26T07:35:00+00:00,2026-06-26T07:40:00+00:00,42800186916061570906578593372136688691925888737716946689365615855627649702390,23096023479556383133212170398028971144911150810438973507083357581642054147768,5924.6202,0.0,True,False,closed,2026-06-26T07:30:30.806691+00:00,2026-06-26T07:40:00.815328+00:00,149,0,
0x21391753b96b2db0de47515a0ba0bdb6c42c7d5c46f55bbe7d59d88a1904c0ce,"Solana Up or Down - June 26, 3:35AM-3:40AM ET",SOL,2026-06-26T07:35:00+00:00,2026-06-26T07:40:00+00:00,17777528483887283434548096207316463122808034353876489705662074933816033264987,96721525794521933972417500222086614251441142035053147898178181694289184697083,2880.4322,5.0,True,False,closed,2026-06-26T07:30:30.806691+00:00,2026-06-26T07:40:00.815328+00:00,149,0,
0xd26cee061a5b0d0f82fcb2457d5de1bb3334659b47dff621b8d511e56e10a868,"Bitcoin Up or Down - June 26, 3:40AM-3:45AM ET",BTC,2026-06-26T07:40:00+00:00,2026-06-26T07:45:00+00:00,8286774044259133021392530104386560042894824339481770081521534091763085354776,4551610544877838915453575775666350360682610836404084790619525849969991402497,13733.7531,230.9,True,False,closed,2026-06-26T07:35:12.810922+00:00,2026-06-26T07:45:00.818066+00:00,149,0,
0xc84d4d834953770775dc2fef52283e2d3ae621102db7672f438730406001fa49,"Ethereum Up or Down - June 26, 3:40AM-3:45AM ET",ETH,2026-06-26T07:40:00+00:00,2026-06-26T07:45:00+00:00,4890647416865094062956361477824913629218885635314549453631586504777788726677,8980261373698516280507168509743745418835796726379965120107694403840394142057,5829.821,0.0,True,False,closed,2026-06-26T07:35:12.810922+00:00,2026-06-26T07:45:00.818066+00:00,149,0,
0xd992a0a1c5cab4fef89d544b0bacf491f77a3643a201797fbd72c6c593a7efee,"Solana Up or Down - June 26, 3:40AM-3:45AM ET",SOL,2026-06-26T07:40:00+00:00,2026-06-26T07:45:00+00:00,44264998135721862724642569558617620867244669538991426420847186821526619046358,46512290727999796141161608186950672537417358850660310017506743418356485855043,2817.2517,0.0,True,False,closed,2026-06-26T07:35:12.810922+00:00,2026-06-26T07:45:00.818066+00:00,149,0,
0x12fcabe9d92d04e356b895185ee65626e55d30b756d05283673b97952ac8e031,"Bitcoin Up or Down - June 26, 3:45AM-3:50AM ET",BTC,2026-06-26T07:45:00+00:00,2026-06-26T07:50:00+00:00,93057737215500870791426477875734571683652851752758945841526442876168770387366,71034680481833490778460826160825440907645247297048314771685176541510224425403,14041.2685,269.58,True,False,closed,2026-06-26T07:40:18.807257+00:00,2026-06-26T07:50:00.810336+00:00,149,0,
0x7f26a6a9237c0ddf229911a7c90349ed1f8b495468cbf2c8182a92f7cfc7a0e8,"Ethereum Up or Down - June 26, 3:45AM-3:50AM ET",ETH,2026-06-26T07:45:00+00:00,2026-06-26T07:50:00+00:00,82088798466814688264544830578831899082788871850656036829094919806356566604530,38287067121252203664003299846686294668146321177213957654410344194733071824051,5949.0217,0.0,True,False,closed,2026-06-26T07:40:18.807257+00:00,2026-06-26T07:50:00.810336+00:00,149,0,
0xde64f530279483f05f02c5cf1ac0b642cfe221ff6c7c0b54a249e6bf4a0a2603,"Solana Up or Down - June 26, 3:45AM-3:50AM ET",SOL,2026-06-26T07:45:00+00:00,2026-06-26T07:50:00+00:00,95796894144375782947947675785132096258437617344813580120502405386346358849193,99764839238810271019084530231047541901230211141015151214868847299832363054562,2953.2819,5.0,True,False,closed,2026-06-26T07:40:18.807257+00:00,2026-06-26T07:50:00.810336+00:00,149,0,
0xa186a495539f303a1dc1f3b1591277b8ae2ef5626c80c7e8e70830731227fe55,"Bitcoin Up or Down - June 26, 3:50AM-3:55AM ET",BTC,2026-06-26T07:50:00+00:00,2026-06-26T07:55:00+00:00,49877928781822898315912686283553389486431066753617786481694569071235287532640,84595990768237536259932189207056199586302227058093045595194538332398228975594,13888.6538,284.9,True,False,closed,2026-06-26T07:45:18.810333+00:00,2026-06-26T07:55:00.807963+00:00,149,0,
0x5cc2f53e4bb422e078ed51c6b6153aedeb611a356b6c5f268cb0213da46507f2,"Ethereum Up or Down - June 26, 3:50AM-3:55AM ET",ETH,2026-06-26T07:50:00+00:00,2026-06-26T07:55:00+00:00,794852683712332090488477654759933990588304937976982856776467968496716370589,63141900590108938361760680736346770546303560073552845789388067242685338352088,5953.2717,6.960783,True,False,closed,2026-06-26T07:45:18.810333+00:00,2026-06-26T07:55:00.807963+00:00,149,0,
0x6df4740a167e4f66d631ab15872329baa3cb177f6fb4997253686a797389df9b,"Solana Up or Down - June 26, 3:50AM-3:55AM ET",SOL,2026-06-26T07:50:00+00:00,2026-06-26T07:55:00+00:00,33514975888909562087779128091906590311472728218846928480203082365375469178981,115666279799561885374826511921834409207235612370242289997460140303566738211494,2890.0322,0.0,True,False,closed,2026-06-26T07:45:18.810333+00:00,2026-06-26T07:55:00.807963+00:00,149,0,
0xa4661606be319d9faebc4be22d1a357cfe2cf3f77b2ef602cbf677e61ee606c5,"Bitcoin Up or Down - June 26, 3:55AM-4:00AM ET",BTC,2026-06-26T07:55:00+00:00,2026-06-26T08:00:00+00:00,57559994425818119571361985501270160933554845313839309946262410828171277172539,112957644731744032542761365168425284654178437129432773712170012722529794777711,13848.9024,125.61,True,False,closed,2026-06-26T07:50:06.813464+00:00,2026-06-26T08:00:00.816426+00:00,149,0,
0x443e7e35ca788230cb02fcbb34b0cf3fa84536f56c25207bc8e3b1b7428e9882,"Ethereum Up or Down - June 26, 3:55AM-4:00AM ET",ETH,2026-06-26T07:55:00+00:00,2026-06-26T08:00:00+00:00,63372124779084568876982360914477165655814110172990525297866162487615978456682,33312588154723481165918287305888098555142600465017147766215878762603076140421,3468.3948,1.960783,True,False,closed,2026-06-26T07:50:06.813464+00:00,2026-06-26T08:00:00.816426+00:00,149,0,
0x4c25a5a0f49cdc9db7c90797163b0f62d4e252018648c5df36cda51e3faccc51,"Solana Up or Down - June 26, 3:55AM-4:00AM ET",SOL,2026-06-26T07:55:00+00:00,2026-06-26T08:00:00+00:00,42611436408481497330213795982704150395205971187073688152024225182609731383622,45025968343092286495097577049161965744692170987692149931342001547643925322862,2963.2326,5.0,True,False,closed,2026-06-26T07:50:06.813464+00:00,2026-06-26T08:00:00.816426+00:00,149,0,
0x83e791ab08fba27cd098b580026a9f51ad50827f4acd1f06df4f647142d70260,"Bitcoin Up or Down - June 26, 4:00AM-4:05AM ET",BTC,2026-06-26T08:00:00+00:00,2026-06-26T08:05:00+00:00,104071082946263965085624114318061965348013332443044090558317328623834683461931,54009846274384738624949547726940950378148691942801774198915795365189034153872,13818.0432,77.72,True,False,closed,2026-06-26T07:55:12.807976+00:00,2026-06-26T08:05:00.806646+00:00,149,0,
0x2b76c13309ceb8cc4255ac32e345358d8cde55a306cc4253efa3539507669bce,"Ethereum Up or Down - June 26, 4:00AM-4:05AM ET",ETH,2026-06-26T08:00:00+00:00,2026-06-26T08:05:00+00:00,107031152416348650246525351248865800559062804673437849797640070943099800906609,4998883868938377994148206195621682145362601470607017194463711333142497158759,6348.6553,6.960783,True,False,closed,2026-06-26T07:55:12.807976+00:00,2026-06-26T08:05:00.806646+00:00,149,0,
0xe6a382ea25b9a95e964f4832e995c5e02cc31115908a9ef32975a67d8f3ede20,"Solana Up or Down - June 26, 4:00AM-4:05AM ET",SOL,2026-06-26T08:00:00+00:00,2026-06-26T08:05:00+00:00,75293152984548684226943607614855521973762998832218664240070587670364624915716,37891901913927393909565006386582505552656775416106455219738492801688696259828,2815.9017,0.0,True,False,closed,2026-06-26T07:55:12.807976+00:00,2026-06-26T08:05:00.806646+00:00,149,1,
0x44df7592ed8501259c787a8f94a8996204ada4b1dfb3afd8c473eac8cf8e67b4,"Bitcoin Up or Down - June 26, 4:05AM-4:10AM ET",BTC,2026-06-26T08:05:00+00:00,2026-06-26T08:10:00+00:00,72005966398851887062446126173943663136040117631500787000964505497163516314678,70992583447497606989473619425184748985746426346779676200741386607963915418361,13799.1827,215.22,True,False,active,2026-06-26T08:00:12.805983+00:00,2026-06-26T08:05:00.806646+00:00,71,0,
0x935d3f027b2623a9d8d60821e65632f7bbe843787e65472a28efe76e4d31cbf2,"Ethereum Up or Down - June 26, 4:05AM-4:10AM ET",ETH,2026-06-26T08:05:00+00:00,2026-06-26T08:10:00+00:00,38263683328187514087290714528403159598188132996588865253233524770571257376629,104689534410697610802690587551931428903052308316454515199105608387823343771106,6056.6325,6.960783,True,False,active,2026-06-26T08:00:12.805983+00:00,2026-06-26T08:05:00.806646+00:00,71,0,
0xe04e4a552fada89531230bf566a21db236987d6a3de56f0e23df137109e2479c,"Solana Up or Down - June 26, 4:05AM-4:10AM ET",SOL,2026-06-26T08:05:00+00:00,2026-06-26T08:10:00+00:00,104414672165399306289324118148841773470276534635166903954153818862626152729246,11659703065182902432446397282142953841152536881851327911254465569110147909423,2913.177,0.0,True,False,active,2026-06-26T08:00:12.805983+00:00,2026-06-26T08:05:00.806646+00:00,71,0,
0x873c0a08b1b405adfed757177b76223c11b39617c2c937288321527bb30c23fb,"Bitcoin Up or Down - June 26, 4:10AM-4:15AM ET",BTC,2026-06-26T08:10:00+00:00,2026-06-26T08:15:00+00:00,40457060999388461392866571963081617864816997429729111373045838722050089836983,109961815040107316027525154359710652904844452373673717624187207980352143661138,15067.714,74.96078,True,False,discovered,2026-06-26T08:05:12.813404+00:00,2026-06-26T08:05:12.813404+00:00,0,0,
0xc8d89e30e396a511c01731bd6e398fd7b234db3c7b850c4e3454801c89ae96b3,"Ethereum Up or Down - June 26, 4:10AM-4:15AM ET",ETH,2026-06-26T08:10:00+00:00,2026-06-26T08:15:00+00:00,12991175092078968265853384197686759877905399583381069190747480354331489483388,113275956199345096592658104069507909463092112349453569545218729410339602663456,5922.8818,6.960783,True,False,discovered,2026-06-26T08:05:12.813404+00:00,2026-06-26T08:05:12.813404+00:00,0,0,
0x57f5586d8c8d65ccc25890eb1dfdbed738cd4301b33a073ae77db205cbd83731,"Solana Up or Down - June 26, 4:10AM-4:15AM ET",SOL,2026-06-26T08:10:00+00:00,2026-06-26T08:15:00+00:00,112287487315472751680008574064656725249527956279801405910875038109417770879333,53362706396363584560163911377797478270009026084497364547590814579498515861298,2879.3817,0.0,True,False,discovered,2026-06-26T08:05:12.813404+00:00,2026-06-26T08:05:12.813404+00:00,0,0,
