wallet_id,profile_url,condition_id,token_id,outcome,lifecycle_group_key,market_slug,event_slug,market_title,market_type,asset_class,up_down_market,first_activity_timestamp,first_activity_datetime_utc,last_activity_timestamp,last_activity_datetime_utc,buy_trade_count,sell_trade_count,total_bought_size,total_sold_size,remaining_size,oversold_size,weighted_average_entry_price,weighted_average_exit_price,status,negative_position_detected,negative_position_reason,position_size_conserved,transaction_hashes,data_quality_flags
0x1f0ebc543b2d411f66947041625c0aa1ce61cf86,https://polymarket.com/0x1f0ebc543b2d411f66947041625c0aa1ce61cf86,0x6c13248425c7f5f9a527da1f2ca0524b982dede8d0118291491205877bbb0965,110149152872065717396833727502509557448427278670048810846518524434717338696140,Down,0x1f0ebc543b2d411f66947041625c0aa1ce61cf86|0x6c13248425c7f5f9a527da1f2ca0524b982dede8d0118291491205877bbb0965|110149152872065717396833727502509557448427278670048810846518524434717338696140|Down,bitcoin-up-or-down-march-24-2026-2pm-et,bitcoin-up-or-down-march-24-2026-2pm-et,"Bitcoin Up or Down - March 24, 2PM ET",fast_crypto_up_down,BTC,true,1774377137,2026-03-24T18:32:17+00:00,1774377345,2026-03-24T18:35:45+00:00,47,0,2407.518836,0,2407.518836,0,0.08066705402092231026102243962,,still_open,false,,true,0x00bcac310d39bbf61e9e4fefde2aec64802adb2a5f345d9eccd1ec788f99e9df;0x03b1c481b7726cdccd8f0e3d00a6c8909d96a30f2b9f846314bb059f41b97388;0x0f8731dd4cd916e6a20c081e2604270ccab1642950524627cf68357779a02a53;0x10f993941f20acabd55662167582a7ec4b46c0f5bfa4f32a0849c0e7739f7fbf;0x16871f1c3d86263bf5a184cdc06d7526387a61f383c7e9e3c0339115aeb5e24a;0x195d85564e006194e16ee74e5fc17858568919e02f257e47c509721c1111f3ce;0x1cf7daf4cd39f55e8d3a55cecccd52aab179b40e7d75f608fb49dfb8824f4fb5;0x1f77313cfbe9a93a3eb770d343b463b0a3afdebf04d7f1adbdee383790436a87;0x2da758645c7fa700a3d009c643a1bf289066ac314c70efa4e3bd6753f4562f66;0x363bceb1e961ca25c727023adffa800ae62c17f20911b3ed9b5f43d80da3f7c7;0x37686af8f799f14a92689c9ee4b04947dec0813afd915af4ba8b6c377220a069;0x3f10b0157750950bd181a9a130e9989a4140c9c9cded8b49c9fb6f87ec41d0c6;0x434978ef4b6a9150444994784814942ed58781231e1f983b410e9c8825045157;0x4ad0c2b04cab218a3f08362c6a749ec79c61e40ffdf86200057d4929e1225158;0x503e8fe9c38556076ddbecf27e5424327952774372e18fb6044cfe5dd245991c;0x50bbafead3eed0461f58136002966bc9644818734b20d472f00b58b8651b4015;0x538ddfbcf030dffd97cb47b329e8262d4f6f93eaed96bb088062f2049ab1a522;0x596831cc29a074f47e9174d10033cfc5621261d3a34faecd05ac66d323dfc70c;0x597e26fdb52e995e8b982ac1bc81a6f7e9d3d0c3bfc5e3ad3cec67da564df74f;0x5fab718eb26ce7327f84f09f35a7e1f47a7d4b6d3ab2b91a69e35e874567d5f0;0x600cccc54c3a626dc76a81a9add8cda1eb1a3d914f3c61120c3865dcf1e5cd46;0x62ed4131610a97742fe81eb7fbc5ebbfe18d98d6832241c6857f37b5b8fe727f;0x62f746113099f3e1c5b5c3632282d80df0837aeea7ca743e74bba9b74d61bb6e;0x6a0dc1d87e347329bdd9ed5b8f257105e5691d82136cc69bb3e16e02374213f0;0x6e805120656b85028b47c19784beda7db50fe6fe7b94705fe395822b93a2d67b;0x74d19fecda2a40a836998f8efeb19145d53e4e6e042d8d468577a2b8ee408232;0x81fbb6bb8290cf30d5770eeb52738121a774397e768cc4779fa049586aae5120;0x84ba00450ec156bbdf9d705724f61ec8d255b2f04eaeefbf8d218b083959c49e;0x854912bf1d50bbf8fd8187c3c6505212805e5b500f34d8a76b8d4179229ff739;0x891899ef73ef599bc0974bbf7dfec86776ca2190d069783bf85b524d0c41667b;0x8e80dd0466253f97860c502c5e530c48a5a2328096a72426651149dc239481f0;0x926930758239e1e834b72fd3ae9a21692c23f26e45323ffa311b07270c9a594c;0x943413ac3db7c91bc6d23d5c001a9c1e88621291875c0d294ad194768d1d15e2;0x99e6ef8dcb63fa3ad2586b1578ffbffff324c63c045b9c473d24bfacad7f3c27;0xad14064b843412624d1c9b7d0b3513f2939725d7ca42fa03de2e6dc3926f1b2a;0xb260d679285c729d5a513bbdab3eeb14164e213ae5b639ebfbf6ac584c2f6e9e;0xb5e6f54e12bd10e99691824c04250ce6152dd930321bd4191a5ed08efe9c415a;0xc1672eece1eb9f76b79be37bbd66dd5a42d721dedcfcc73971794ed396b256d3;0xc75a503e6fa8b247a4727feadf924971a19815fc16c0fcfdd9e637515141a369;0xc82de4661c06fbe7a5d66eed4dda896a53a95d319fdfde8f95f3741804c8aa2c;0xc8e0b704537e1ca2f2e8e5c243db0bcc920b9c333c49d279b14386399065eb40;0xcaff535bf9e1aa9e659a524ee70a6ff48bc042c5b497c19d3fecf28559350dfe;0xcd6b0770ec11539d1b38ad70ec412dbd869b0f67ced0028678242bbac2cf3962;0xce282c884ab18a9dba91ea5875d2647eba92789a67775b6110c4023c8e62e9bb;0xe17ef1f78218c4546fa8f026f5288117fdd956591ad48ba2c03bdfc1a091fd90;0xe8b18c100dd69ad0ab0a18d5eeeae4d37d175801231e99c84407765bd588b91f;0xfbc8976580e793e9fe3346dc5e79335b27ab655d1d4025bad629bd2775daf11e,none
0x1f0ebc543b2d411f66947041625c0aa1ce61cf86,https://polymarket.com/0x1f0ebc543b2d411f66947041625c0aa1ce61cf86,0x6c13248425c7f5f9a527da1f2ca0524b982dede8d0118291491205877bbb0965,2234561175646023811959671001477924963695928604621768960063986790345769535149,Up,0x1f0ebc543b2d411f66947041625c0aa1ce61cf86|0x6c13248425c7f5f9a527da1f2ca0524b982dede8d0118291491205877bbb0965|2234561175646023811959671001477924963695928604621768960063986790345769535149|Up,bitcoin-up-or-down-march-24-2026-2pm-et,bitcoin-up-or-down-march-24-2026-2pm-et,"Bitcoin Up or Down - March 24, 2PM ET",fast_crypto_up_down,BTC,true,1774377191,2026-03-24T18:33:11+00:00,1774377307,2026-03-24T18:35:07+00:00,4,0,841.690908,0,841.690908,0,0.898169270708101791512440574,,still_open,false,,true,0x25f09acbc7723d6db34f8c276afc17fe169e709e58622d8cf2b116e17ea546f8;0x36d9b2aaed568135ca1e8ed5267f2ab24f6c1382b29f55eb6aea730333fb6c76;0xae72ff1c7a19de0b7623048840bafdcc86af1223360c7156a6e9e9e9bc72a67c;0xd24466c3fb02cf0135ba08970f65a4197fb9cca194708943c1175d8043c93528,none
0x1f0ebc543b2d411f66947041625c0aa1ce61cf86,https://polymarket.com/0x1f0ebc543b2d411f66947041625c0aa1ce61cf86,0xce7ce28c2bc063f7bc326d165e320fff802c9f5543634b20398cf07a781f7a3d,20881779262064316543440862647577579327424219439536468411528238160809874822443,Up,0x1f0ebc543b2d411f66947041625c0aa1ce61cf86|0xce7ce28c2bc063f7bc326d165e320fff802c9f5543634b20398cf07a781f7a3d|20881779262064316543440862647577579327424219439536468411528238160809874822443|Up,solana-up-or-down-march-24-2026-2pm-et,solana-up-or-down-march-24-2026-2pm-et,"Solana Up or Down - March 24, 2PM ET",fast_crypto_up_down,SOL,true,1774377195,2026-03-24T18:33:15+00:00,1774377295,2026-03-24T18:34:55+00:00,4,0,346,0,346,0,0.6170520231213872832369942197,,still_open,false,,true,0x0c82942b432566262121ebf4169a4ea223a757ed0228bb0bbedc3421388b8eec;0x4f0217c7baa63105d4689923ddfd26445b1229732689ad1c4e853ad7601a239d;0x5bddd85b4ebbc592787533f35e04c3bc5311271cb33750287f7333cd37150f3a;0x766d791c90d8417a5311b31f9ced605b8728345581230456549b1ad2a3773226,none
0x1f0ebc543b2d411f66947041625c0aa1ce61cf86,https://polymarket.com/0x1f0ebc543b2d411f66947041625c0aa1ce61cf86,0xce7ce28c2bc063f7bc326d165e320fff802c9f5543634b20398cf07a781f7a3d,37991023055813221626257004391277697884585468218774831207491616820794622902233,Down,0x1f0ebc543b2d411f66947041625c0aa1ce61cf86|0xce7ce28c2bc063f7bc326d165e320fff802c9f5543634b20398cf07a781f7a3d|37991023055813221626257004391277697884585468218774831207491616820794622902233|Down,solana-up-or-down-march-24-2026-2pm-et,solana-up-or-down-march-24-2026-2pm-et,"Solana Up or Down - March 24, 2PM ET",fast_crypto_up_down,SOL,true,1774377227,2026-03-24T18:33:47+00:00,1774377345,2026-03-24T18:35:45+00:00,7,0,342.135134,0,342.135134,0,0.3516154497012282862540500152,,still_open,false,,true,0x2e32c82c9e166c7ffc25b95578e08dae90305df12ba284cfa0c30943bf2a71a9;0x525bb7ee1624ec55bda378c4139024219e6d1ec2926c7808cf3fa60dd5748078;0x5661565cb02aebd79bb520ba5fb82b98dbf53a83a7c070b5a583be592e57c97f;0x85254a3ecec7d7a6eb155e5779c7b79ed29e5616298e408d729441ded874b727;0xaa7787fef08e7ad5b4472fd9f8da5a3d78666535317fcec62574c8f37450dae4;0xcfb2ed84c6a36c707fa50b9bc644020d4f4ba8f4119f4742eeecbe5f5200c316;0xd095e4af9e133842fb2dc029ce6dca4bf9824e6b5590fa0a53caf47ff0b51790,none
0x1f0ebc543b2d411f66947041625c0aa1ce61cf86,https://polymarket.com/0x1f0ebc543b2d411f66947041625c0aa1ce61cf86,0xfd1352cae1ee4f2d3a18e19cc290bb7ab7298067855093acfd60ff71b76e492b,115169437589995816901586861523947955406998522856051033989976606187488636875596,Down,0x1f0ebc543b2d411f66947041625c0aa1ce61cf86|0xfd1352cae1ee4f2d3a18e19cc290bb7ab7298067855093acfd60ff71b76e492b|115169437589995816901586861523947955406998522856051033989976606187488636875596|Down,ethereum-up-or-down-march-24-2026-2pm-et,ethereum-up-or-down-march-24-2026-2pm-et,"Ethereum Up or Down - March 24, 2PM ET",fast_crypto_up_down,ETH,true,1774377137,2026-03-24T18:32:17+00:00,1774377349,2026-03-24T18:35:49+00:00,35,0,976.906944,0,976.906944,0,0.06696624832262426818365027202,,still_open,false,,true,0x03fb27a95dece1bdd5853159ce53a7da730aea853d0ed3e8cc1bfa6a8472eed9;0x06686f93337cf1c91816c01beaea92ce335836a341443a4a58ccf76956948109;0x06f8c73c5a22a3bae338ebe9b8077c24093fea4e9a31d141cbc352323da99924;0x2a894a50682941e2ff514881cc2592b52200570f0c5205386c322aea22646659;0x2f61d28e530860562b049860300279b307b68a59797e336b67c3a9592cb368bc;0x4043cb58b57ba94105c2c8d95996bb66101c1420130d65d4857d592361bf6a22;0x44a39bb76cb580bae11d887e52a9861ce1bb0e2edbd45f8835d89382c2f6d796;0x494d55d6e9ed42d416c21da67ad1356569a66006472213dd978fdd5c2e99adb4;0x556c88f65b39dffac23bd30d8fd4d914baecfe0e18e66ac4d9e6c369492cb8b5;0x6bbe0ab207d0a11077694e7f0b64f062443a5578bdc7ae4998cdca9fe0bb86bc;0x6e6de18240b0561764149ca2467b96860ef6dcc4cf1bda1b872549c6b0001ea6;0x78bc339b9a15116ef3015e2177b09f177982be896ae39c68ebc7a075c9f23910;0x799334128c49e359f9e7e46c32baa86ee7862b4e7d1e3e2e3fc2473b9634a57b;0x7a1b84aaef11341510baea944705183f13c437d09d78fae5a0d6c44a6e603f7f;0x7fb3cade33d5fc108d4ff8e7650cd37b9b84642ecc09ae710428b4cf88013c02;0x86e402a021097bf8dda6a3d5b284b2b31d07d80159a79c55fe7dbf85d6631065;0x9e7f874b3ea15bdff189f503c78fffee737f678c854936bb2fa5ca768e0c71f8;0xa057cccad7e5747ba3666ac5fe96da3de67768d727dd5cf7b8cfde2b6c1f3445;0xa287fcf4a24fff1e51db65fcadbe7fab9355668caa6738bda1b12c2ce704ecfc;0xa3d819f951739a19a4107b5a3b6b74f854924cd57db5de88aaaa004977632607;0xb93ee934f894e59f56d2ae8fcc3e29383912ca9387a6553721730038e25663af;0xba3b9f3950fad506ff14659e98e8c474c4fba7e79f0f318429aeb470857e629c;0xc18a7cdf02294dba4c9b937cfe4dd85e8f1bfa977f576d03308878983e74a7be;0xc609cfd10b82e52875be47e51b0169a177d7e80ac541e2107fa21375154a3c3f;0xc8c8d6d1610c5d5747676d53afe5b8664c9ef5cf5651e0378dad71e204752a1c;0xccf344fe03955b6e53db8b990634df0266ed57602d059ea68d4d8c1ad8491da9;0xcd0ba152633c85c411a7685e868a484e4928d43b883f9a2a1f30f4c8a18e2033;0xcf0eb10ff1951e0789dac878787dcee5fffd0ec7e600fa530e44aade259b28e0;0xe13c9bdc1d96a7386ef6b98a22899d409e9f026e43c5aa505b61f61618f36424;0xe464db5fba42745581b428c19b4c3ebbb9d279e5381affcac78026ea134296ae;0xe7b2e3927cc63f059d59261da675f0506a62b5ad4401f82796db1f5494740dd5;0xe90d541e36327c7b6c94c117f473af09457e51cacb65d3e93d0acb57166e724f;0xf6fe2dcaae6bf5b2c43298d9500867bfccb0c23c63982d21886e2328845275a8;0xf89b1371c74eae487404158f5eec35e0b523d2758ca46a17c8731528f95056e9;0xff863741bf4b265197511e167b709b118fe6a9cdc00e3effa36fad60c203cf59,none
0x1f0ebc543b2d411f66947041625c0aa1ce61cf86,https://polymarket.com/0x1f0ebc543b2d411f66947041625c0aa1ce61cf86,0xfd1352cae1ee4f2d3a18e19cc290bb7ab7298067855093acfd60ff71b76e492b,8921099597592663234025646762245308546585208537920818862238543308542884929056,Up,0x1f0ebc543b2d411f66947041625c0aa1ce61cf86|0xfd1352cae1ee4f2d3a18e19cc290bb7ab7298067855093acfd60ff71b76e492b|8921099597592663234025646762245308546585208537920818862238543308542884929056|Up,ethereum-up-or-down-march-24-2026-2pm-et,ethereum-up-or-down-march-24-2026-2pm-et,"Ethereum Up or Down - March 24, 2PM ET",fast_crypto_up_down,ETH,true,1774377241,2026-03-24T18:34:01+00:00,1774377261,2026-03-24T18:34:21+00:00,3,0,624,0,624,0,0.92,,still_open,false,,true,0x02120e2a9cd1bca2197bb8ed9110a78ba813410120be64d57ca62a2343b9d0cd;0x3d16c80074d63afaa793c90e51ac83bb0a521d8435b3725b8b234ed477929d61;0x978daacf6678b383bfa7b6fd61b2afe7766e7d3c8635d2fd933221d035156eec,none
0x594edb9112f526fa6a80b8f858a6379c8a2c1c11,https://polymarket.com/@0x594edB9112f526Fa6A80b8F858A6379C8A2c1C11,0x212c7e843acc6916130033679a5a24ef20986c3f7c64a53bc9c4fa670709dd7e,37039479971942063042260964360953762192077779614012811481606086499313952798578,Yes,0x594edb9112f526fa6a80b8f858a6379c8a2c1c11|0x212c7e843acc6916130033679a5a24ef20986c3f7c64a53bc9c4fa670709dd7e|37039479971942063042260964360953762192077779614012811481606086499313952798578|Yes,lowest-temperature-in-nyc-on-june-20-2026-62-63f,lowest-temperature-in-nyc-on-june-20-2026,Will the lowest temperature in New York City be between 62-63°F on June 20?,weather,other,false,1781989714,2026-06-20T21:08:34+00:00,1781989714,2026-06-20T21:08:34+00:00,4,0,217.996428,0,217.996428,0,0.003746735703394185815904125732,,still_open,false,,true,0x09fd2e7a5d659c7cce0fd65de2207ec2b30c1e680e2b1147f5c651028f4867bb;0x2f78a9633b83c77a5276d02a2cc637964155723e22605ffa9916b10fb1f36dec;0x802e635e2455203f2561facebb8d800c02a1d045d218b419c2138f1cc591af51;0xa2ec01c4e7787824da80dd7620d2e54cc7c7b99b657aecf15cc4349fefe20c40,none
0x594edb9112f526fa6a80b8f858a6379c8a2c1c11,https://polymarket.com/@0x594edB9112f526Fa6A80b8F858A6379C8A2c1C11,0x212c7e843acc6916130033679a5a24ef20986c3f7c64a53bc9c4fa670709dd7e,99769633863000789645692491702656211888914849289352307244203372310499778055456,No,0x594edb9112f526fa6a80b8f858a6379c8a2c1c11|0x212c7e843acc6916130033679a5a24ef20986c3f7c64a53bc9c4fa670709dd7e|99769633863000789645692491702656211888914849289352307244203372310499778055456|No,lowest-temperature-in-nyc-on-june-20-2026-62-63f,lowest-temperature-in-nyc-on-june-20-2026,Will the lowest temperature in New York City be between 62-63°F on June 20?,weather,other,false,1781989714,2026-06-20T21:08:34+00:00,1781989888,2026-06-20T21:11:28+00:00,2,0,405.8325,0,405.8325,0,0.992,,still_open,false,,true,0x0c3f2bd8102b04840d2ef54bc1a862f50eed3aea2c29bdc8abb9d1ccf44fe3c6;0xf6a815a2df54215a09e4760811ebd88188a272668c66a319a2509967a3729bee,none
0x594edb9112f526fa6a80b8f858a6379c8a2c1c11,https://polymarket.com/@0x594edB9112f526Fa6A80b8F858A6379C8A2c1C11,0x24f3ed19366f1c7c52cc19506e21ffe17a4a3f1080d0c127d3ea63451d401715,18461606518175740499810338649775757036755546525746499573273632990435469227329,Yes,0x594edb9112f526fa6a80b8f858a6379c8a2c1c11|0x24f3ed19366f1c7c52cc19506e21ffe17a4a3f1080d0c127d3ea63451d401715|18461606518175740499810338649775757036755546525746499573273632990435469227329|Yes,lowest-temperature-in-nyc-on-june-21-2026-72-73f,lowest-temperature-in-nyc-on-june-21-2026,Will the lowest temperature in New York City be between 72-73°F on June 21?,weather,other,false,1782044020,2026-06-21T12:13:40+00:00,1782044023,2026-06-21T12:13:43+00:00,12,0,450.884426,0,450.884426,0,0.004221749278162027116977112002,,still_open,false,,true,0x089a1c7ec5145c798590b9cac6a2ec2401679ff4dc1f1e1d014b658f59792c7e;0x0e3e3dff48070d8d61a7c7d9e79f2d5e3f378f7b528689c34e08d98cf7c69ead;0x1131b06148daf1c01008a40087513fdad4ea674c176ebe33f579596117e75790;0x39b48d643b00cac95bf0506ef85659ab9367453b7f99bca28c5c21cf0e2a80fe;0x7871d2bcaa6162ff60fc4a9b82d261695e5f74b87bddd156e542c3eb804fd5b0;0x923227caa0ad78f5873ded3a172dad6501c5ce6d8c32d7dbfebbb446c5152b85;0xb4673864c8a5b4f1afbdd4887615b0280e7021f46b4bede95199fdce47565571;0xb6d0516295f544306c3b542f3e70b1bd8433a1027cd86b431313344496193658;0xb9157ea9fade0cfbe3c6aaf8568c865dd7e1620ca5917e49e4fde1be41d26059;0xc82b7736c761c201a22aaeaaefae030c5bc0a6bd651170bccd67e2122de6f36f;0xd53325dcd0b5ccfc681eb52e3a63978479334f29d99a81382e8db36bbf0140e3;0xfaa8d6e1fdf19a71017047939f6f2c63dbd075332dc81d940d15cc4567ac6055,none
0x594edb9112f526fa6a80b8f858a6379c8a2c1c11,https://polymarket.com/@0x594edB9112f526Fa6A80b8F858A6379C8A2c1C11,0x24f3ed19366f1c7c52cc19506e21ffe17a4a3f1080d0c127d3ea63451d401715,31430364850864908418200780039082891631196867086863095952432440360738147303870,No,0x594edb9112f526fa6a80b8f858a6379c8a2c1c11|0x24f3ed19366f1c7c52cc19506e21ffe17a4a3f1080d0c127d3ea63451d401715|31430364850864908418200780039082891631196867086863095952432440360738147303870|No,lowest-temperature-in-nyc-on-june-21-2026-72-73f,lowest-temperature-in-nyc-on-june-21-2026,Will the lowest temperature in New York City be between 72-73°F on June 21?,weather,other,false,1782044020,2026-06-21T12:13:40+00:00,1782044312,2026-06-21T12:18:32+00:00,3,0,406.0675,0,406.0675,0,0.992,,still_open,false,,true,0x3e26838e844facb6e3d5fa47f2b5521de507a7bf73ed159ca88e6b5c6adb3509;0x701f7ffbe969d56fb0936f4c68d1011cfc2bcd08c00b98d2d499e0c93fd06452;0x76e10f033c076a035fe9bf583747baa06ff471c3d810464a01148ad6ed6194c4,none
0x594edb9112f526fa6a80b8f858a6379c8a2c1c11,https://polymarket.com/@0x594edB9112f526Fa6A80b8F858A6379C8A2c1C11,0x3c68a96e13e76554c58dff71df15805926acdceea41757bef1a9c1ceaf0d6783,15059905967714190593668832939995386451988887496067462931012613204011997922681,No,0x594edb9112f526fa6a80b8f858a6379c8a2c1c11|0x3c68a96e13e76554c58dff71df15805926acdceea41757bef1a9c1ceaf0d6783|15059905967714190593668832939995386451988887496067462931012613204011997922681|No,highest-temperature-in-wuhan-on-june-20-2026-33c,highest-temperature-in-wuhan-on-june-20-2026,Will the highest temperature in Wuhan be 33°C on June 20?,weather,other,false,1781944265,2026-06-20T08:31:05+00:00,1781944265,2026-06-20T08:31:05+00:00,1,0,426.26,0,426.26,0,0.9876936611457796,,still_open,false,,true,0x51055879f484f90eae9f5ea03658153f407641abf03d936b16372932a39150ab,none
0x594edb9112f526fa6a80b8f858a6379c8a2c1c11,https://polymarket.com/@0x594edB9112f526Fa6A80b8F858A6379C8A2c1C11,0x44e25f753ae47dbdf2705d35e0a45db24d3a1b2996b82a1350ade2c7e92c4f93,135792657791879031181866023056748029392055768984822794561479819351684481583,No,0x594edb9112f526fa6a80b8f858a6379c8a2c1c11|0x44e25f753ae47dbdf2705d35e0a45db24d3a1b2996b82a1350ade2c7e92c4f93|135792657791879031181866023056748029392055768984822794561479819351684481583|No,fifwc-ecu-ger-2026-06-25-ecu,fifwc-ecu-ger-2026-06-25,Will Ecuador win on 2026-06-25?,other,other,false,1782044548,2026-06-21T12:22:28+00:00,1782044548,2026-06-21T12:22:28+00:00,1,0,5,0,5,0,0.73,,still_open,false,,true,0x8c9ff64eb18dbe7b0a8e76ae4ea92f6e9d5f3c0fdb8d445ce6fe7686d76b8594,non_crypto_or_unclassified_market
0x594edb9112f526fa6a80b8f858a6379c8a2c1c11,https://polymarket.com/@0x594edB9112f526Fa6A80b8F858A6379C8A2c1C11,0x44e25f753ae47dbdf2705d35e0a45db24d3a1b2996b82a1350ade2c7e92c4f93,14621976022388339155866443939403907158807725281606484508612016632018100973573,Yes,0x594edb9112f526fa6a80b8f858a6379c8a2c1c11|0x44e25f753ae47dbdf2705d35e0a45db24d3a1b2996b82a1350ade2c7e92c4f93|14621976022388339155866443939403907158807725281606484508612016632018100973573|Yes,fifwc-ecu-ger-2026-06-25-ecu,fifwc-ecu-ger-2026-06-25,Will Ecuador win on 2026-06-25?,other,other,false,1782044341,2026-06-21T12:19:01+00:00,1782045278,2026-06-21T12:34:38+00:00,2,0,16847.78,0,16847.78,0,0.2759355001074325519445291902,,still_open,false,,true,0x15728ba1df9f1cf14746259fea5abfe7b73aefd4b9cccf41b53f259ce1da0f11;0xcc8a0ae948d5fd19acfd1d189b4cd98660793c136542ff132bea3a6803ef4399,non_crypto_or_unclassified_market
0x594edb9112f526fa6a80b8f858a6379c8a2c1c11,https://polymarket.com/@0x594edB9112f526Fa6A80b8F858A6379C8A2c1C11,0x44f3d9c9aee644f9b34013c9c973998796b6af0fa3d67f5e1a5efe8a2481eda0,31568045861545531920199171194043987688073495511478161058900770925741290259704,No,0x594edb9112f526fa6a80b8f858a6379c8a2c1c11|0x44f3d9c9aee644f9b34013c9c973998796b6af0fa3d67f5e1a5efe8a2481eda0|31568045861545531920199171194043987688073495511478161058900770925741290259704|No,lowest-temperature-in-nyc-on-june-20-2026-57forbelow,lowest-temperature-in-nyc-on-june-20-2026,Will the lowest temperature in New York City be 57°F or below on June 20?,weather,other,false,1781943532,2026-06-20T08:18:52+00:00,1781943560,2026-06-20T08:19:20+00:00,2,0,378,0,378,0,0.992,,still_open,false,,true,0x001d59ad59e043855d2ed7f5b2c521c1dba27cf2f99d8c2d61cd8510541ae16b;0xda285ae39d3f0c69e17f4dedf43ac252f0c1eea0cb30ebc69520b73c55c34dc4,none
0x594edb9112f526fa6a80b8f858a6379c8a2c1c11,https://polymarket.com/@0x594edB9112f526Fa6A80b8F858A6379C8A2c1C11,0x44f3d9c9aee644f9b34013c9c973998796b6af0fa3d67f5e1a5efe8a2481eda0,36255663122300922446827895188196106105402047261505221207536072485792491869397,Yes,0x594edb9112f526fa6a80b8f858a6379c8a2c1c11|0x44f3d9c9aee644f9b34013c9c973998796b6af0fa3d67f5e1a5efe8a2481eda0|36255663122300922446827895188196106105402047261505221207536072485792491869397|Yes,lowest-temperature-in-nyc-on-june-20-2026-57forbelow,lowest-temperature-in-nyc-on-june-20-2026,Will the lowest temperature in New York City be 57°F or below on June 20?,weather,other,false,1781943515,2026-06-20T08:18:35+00:00,1781943560,2026-06-20T08:19:20+00:00,5,0,149.986713,0,149.986713,0,0.005733221182065640980830408624,,still_open,false,,true,0x24566b05dd885b293cc5134ec8e03b48b70deb922184bdcc2161e2be3e3ef2d5;0x3ae5796b999a52fa6302f42dd096651481ee8d166d5364858506232f45afb86d;0x454b426d8d7144d9c0c12a3f94d20158529a6bb5c1b5ff0fc91764bca470ac2d;0x723ecf4b3813bcc71fcb1d42b3b53597bc4fe44536f14e3f464289a07498dffd;0xe97eb9734e7a0e1aaa2504195df2d2631f57808caa6bcc1af0bcb713b280ab30,none
0x594edb9112f526fa6a80b8f858a6379c8a2c1c11,https://polymarket.com/@0x594edB9112f526Fa6A80b8F858A6379C8A2c1C11,0x4df51028f392ee57706ab9d747089b703b4005d16c5a79316e17098d2a601b0e,93315483698985941423674013231794044924896193274177915156131297297869712263011,Yes,0x594edb9112f526fa6a80b8f858a6379c8a2c1c11|0x4df51028f392ee57706ab9d747089b703b4005d16c5a79316e17098d2a601b0e|93315483698985941423674013231794044924896193274177915156131297297869712263011|Yes,lowest-temperature-in-london-on-june-20-2026-16c,lowest-temperature-in-london-on-june-20-2026,Will the lowest temperature in London be 16°C on June 20?,weather,other,false,1781943626,2026-06-20T08:20:26+00:00,1781943704,2026-06-20T08:21:44+00:00,3,0,19.997,0,19.997,0,0.007,,still_open,false,,true,0x2c9b0194f205749ec183aa0bf691a433296695495345ee75aad73e96083ce8b3;0x74b255d4d1f795d6a7491cf8a8bd4878c007291d657e3d64da43a021870333ce;0xa3d5e40ff62dcce1f023a054afc68f19fa0c2d1123bdc488035fba3f555e8d1b,none
0x594edb9112f526fa6a80b8f858a6379c8a2c1c11,https://polymarket.com/@0x594edB9112f526Fa6A80b8F858A6379C8A2c1C11,0x79c2cbcddf68f447406dcfda4f41e310c51a8942a98f4ad4db72d36a47332ac8,100022173967792159685845415143209525395531895392071645851308091192446060283505,No,0x594edb9112f526fa6a80b8f858a6379c8a2c1c11|0x79c2cbcddf68f447406dcfda4f41e310c51a8942a98f4ad4db72d36a47332ac8|100022173967792159685845415143209525395531895392071645851308091192446060283505|No,lowest-temperature-in-nyc-on-june-22-2026-68-69f,lowest-temperature-in-nyc-on-june-22-2026,Will the lowest temperature in New York City be between 68-69°F on June 22?,weather,other,false,1782125684,2026-06-22T10:54:44+00:00,1782125801,2026-06-22T10:56:41+00:00,6,0,202.732856,0,202.732856,0,0.9933748824610846184121078036,,still_open,false,,true,0x370bd2188b6eda0ef6078dd07e1227f35a76690b6e0332909a132eae90b30b67;0x417e835533f091240d4a6e1ff9482acea12ec7f0ce4bdf2e29704f72a626d0e7;0x91c33092dc2b48e1237f65a9d257d65273c701c7e6f76498f2e1480c89622d78;0xa98a6070bdaf15af0dc65984a57f8719eb9324db820d7139881f6b79fb7e6f47;0xb1f60ebe4eabb4b491e357d72fad679056721acadc6a6f76f3cc05247bfb7f11;0xf26aa3004aecead63dd845a329a59ff0184274054a043f52301cc43f43219a2f,none
0x594edb9112f526fa6a80b8f858a6379c8a2c1c11,https://polymarket.com/@0x594edB9112f526Fa6A80b8F858A6379C8A2c1C11,0x79c2cbcddf68f447406dcfda4f41e310c51a8942a98f4ad4db72d36a47332ac8,73504811964506341687667150854560609135973368582311552317078464726313097733877,Yes,0x594edb9112f526fa6a80b8f858a6379c8a2c1c11|0x79c2cbcddf68f447406dcfda4f41e310c51a8942a98f4ad4db72d36a47332ac8|73504811964506341687667150854560609135973368582311552317078464726313097733877|Yes,lowest-temperature-in-nyc-on-june-22-2026-68-69f,lowest-temperature-in-nyc-on-june-22-2026,Will the lowest temperature in New York City be between 68-69°F on June 22?,weather,other,false,1782125684,2026-06-22T10:54:44+00:00,1782125725,2026-06-22T10:55:25+00:00,15,0,199.966498,0,199.966498,0,0.006000000060010052236214898358,,still_open,false,,true,0x1a47ecf5c5170a2c9985fd9955850ef3dcc8b343519b8196c88359db0dd5cce2;0x36598e969174d16a7a6733ad7156895aa0c1f8b6769d78b771c7712238b1c297;0x3740d3c5ef6a9070143f04be4841e3feb335d1ffe5df88e64b4b4eec1bd0652a;0x608baf65145f1eba73dc08b5baeef44604dcda7a8de3ed86d9859cebbb0565c1;0x65c6552ac202655cb4d4fbdce5daa27058fe9ef42296bd8c51788b98731b17a6;0x85604dd09ff44be5d00b144cdf805fb7af7dcf1233dfacb4f251826727fa0f0a;0x85fd29e061a625f39e62a3a21f261bf2d5350ec40777f9c9fdfe10da62aeeac4;0x879c8ea07c0ff899800839c501bc4f4cb3c3ff50f9c4a8c9ecdf966d2689435b;0x8bb5ebcfee188ac1ae06b04b256a64aefe2376e1a05287b4fbc0a0efa7d440e2;0x961e607032e584056b1378f3189dabdb17f0edd9395c0ef138855ed51ddc2e4b;0x9bfc18b0236b020ee58e484a5bfafa56dc9ec4f8dee8821fdd3b4a34dc712910;0xabd3e8d93029e69f8a30cfe283af72d0acd5809e853abebd367e78ec27f84fe3;0xbddc4bf42764b39e3b91e311f9e41a38f919aefe1ea57f7695b0f08c96bce472;0xe2b717620c0dd7ae94f71317dd44a6fce2d3275b5608ad42cc0509f66ad94edd;0xf9b2a3bbd58acb67b0063d944fd6a900e397c34d0f99c80eb5a53b23595a69fa,none
0x594edb9112f526fa6a80b8f858a6379c8a2c1c11,https://polymarket.com/@0x594edB9112f526Fa6A80b8F858A6379C8A2c1C11,0x821bc8c2f4aafde29d3c949a223bad2d8348e1d280597e52575e78a5a2367d20,19676761885837643254143961349212177204688254535805995626688623154747890231312,Yes,0x594edb9112f526fa6a80b8f858a6379c8a2c1c11|0x821bc8c2f4aafde29d3c949a223bad2d8348e1d280597e52575e78a5a2367d20|19676761885837643254143961349212177204688254535805995626688623154747890231312|Yes,lowest-temperature-in-nyc-on-june-20-2026-72-73f,lowest-temperature-in-nyc-on-june-20-2026,Will the lowest temperature in New York City be between 72-73°F on June 20?,weather,other,false,1781943451,2026-06-20T08:17:31+00:00,1781943452,2026-06-20T08:17:32+00:00,2,0,83,0,83,0,0.002722891566265060240963855422,,still_open,false,,true,0x238aee55b99802087d5ab82251346edf81efee6e4904da2e85fcdef93df6c070;0xe08199a79f92e7f222677095013f30a7889a1e545b9597d6a320c7cfc902b179,none
0x594edb9112f526fa6a80b8f858a6379c8a2c1c11,https://polymarket.com/@0x594edB9112f526Fa6A80b8F858A6379C8A2c1C11,0x877f25a0cc94732b73ba2ea42a10476d8269ea3cc83f57386080a52e86e600fc,126422315861222131738266380579489202312987866556913008224529491279926045686,Yes,0x594edb9112f526fa6a80b8f858a6379c8a2c1c11|0x877f25a0cc94732b73ba2ea42a10476d8269ea3cc83f57386080a52e86e600fc|126422315861222131738266380579489202312987866556913008224529491279926045686|Yes,lowest-temperature-in-nyc-on-june-21-2026-70-71f,lowest-temperature-in-nyc-on-june-21-2026,Will the lowest temperature in New York City be between 70-71°F on June 21?,weather,other,false,1782043970,2026-06-21T12:12:50+00:00,1782043973,2026-06-21T12:12:53+00:00,7,0,60.2582,0,60.2582,0,0.00304109648147472045298399222,,still_open,false,,true,0x3d1bf1cf97f7949de7f5629857ea1f51cf2ca8ed6acf425c9f01c565b3466aeb;0x6e62569031e8f84671ea0c8aaf70f5c04c27f65ba89b04aae6b9d82630fb6ede;0x88c7e7d2c48f60c9e00b88d1592f523983c97e088aaa2d22524df3292dc54c51;0xa3a60382a87f0cbb04a5dbd5ea9c2691d5e0057f0ff6368fd47bdafb14f1f4ed;0xac3cdd2416f13974d2e7b73c45a3e22c8cb34b00428143bc5d919f7224627a16;0xaf79c2e1472058f16b4ba90cb0f467c7f3e9d0af6922fef21f3ec87da3128cac;0xbd8a41557777e913621b7bacd1e1c83b2ea0134c17c8f86a95c96110f46e2bfc,none
0x594edb9112f526fa6a80b8f858a6379c8a2c1c11,https://polymarket.com/@0x594edB9112f526Fa6A80b8F858A6379C8A2c1C11,0x877f25a0cc94732b73ba2ea42a10476d8269ea3cc83f57386080a52e86e600fc,7477547147414505500735006809199373092375578129892354771252461613711053065614,No,0x594edb9112f526fa6a80b8f858a6379c8a2c1c11|0x877f25a0cc94732b73ba2ea42a10476d8269ea3cc83f57386080a52e86e600fc|7477547147414505500735006809199373092375578129892354771252461613711053065614|No,lowest-temperature-in-nyc-on-june-21-2026-70-71f,lowest-temperature-in-nyc-on-june-21-2026,Will the lowest temperature in New York City be between 70-71°F on June 21?,weather,other,false,1782043972,2026-06-21T12:12:52+00:00,1782043972,2026-06-21T12:12:52+00:00,1,0,183.333332,0,183.333332,0,0.9940000054109092,,still_open,false,,true,0x7a74c426ca90976cad399c5d7032e59b943238bc910a563b99452c651304eb5b,none
0x594edb9112f526fa6a80b8f858a6379c8a2c1c11,https://polymarket.com/@0x594edB9112f526Fa6A80b8F858A6379C8A2c1C11,0x96cd04e206ca3028e6237edb86d0bdaf38a68c5789c79281e0afaec9af9fb6b0,102660313272218957409800442946985135922472415062507147028925917603118469436849,Yes,0x594edb9112f526fa6a80b8f858a6379c8a2c1c11|0x96cd04e206ca3028e6237edb86d0bdaf38a68c5789c79281e0afaec9af9fb6b0|102660313272218957409800442946985135922472415062507147028925917603118469436849|Yes,lowest-temperature-in-nyc-on-june-23-2026-70-71f,lowest-temperature-in-nyc-on-june-23-2026,Will the lowest temperature in New York City be between 70-71°F on June 23?,weather,other,false,1782221158,2026-06-23T13:25:58+00:00,1782221161,2026-06-23T13:26:01+00:00,5,0,231.990571,0,231.990571,0,0.005428168888812295150227816802,,still_open,false,,true,0x0d4dc760a3591b477e63d938a3b468e55c31eed980efa8ddd6d1d5cc0827dfc2;0x3dc560fe6b0eeeec85883b020484f6f53b3fc29b7ccbb477f2eeb16e347dfadb;0x4d2c8394172664bc4d41e781a18edfd692784e3745a9e8110378b9dee4f95b04;0x4fa3a74a6af14443bcd1c65a61f30ac9a660b6f96f9087c5a6159a6ed10a5824;0xcef3bb06fcfeed622d86822c401eee9c46f8bbe0eba4454ff613b00697f6a583,none
0x594edb9112f526fa6a80b8f858a6379c8a2c1c11,https://polymarket.com/@0x594edB9112f526Fa6A80b8F858A6379C8A2c1C11,0x96cd04e206ca3028e6237edb86d0bdaf38a68c5789c79281e0afaec9af9fb6b0,85842881957182701164454341981469531681668829991257755022194381353975916846096,No,0x594edb9112f526fa6a80b8f858a6379c8a2c1c11|0x96cd04e206ca3028e6237edb86d0bdaf38a68c5789c79281e0afaec9af9fb6b0|85842881957182701164454341981469531681668829991257755022194381353975916846096|No,lowest-temperature-in-nyc-on-june-23-2026-70-71f,lowest-temperature-in-nyc-on-june-23-2026,Will the lowest temperature in New York City be between 70-71°F on June 23?,weather,other,false,1782221159,2026-06-23T13:25:59+00:00,1782221159,2026-06-23T13:25:59+00:00,1,0,137.5,0,137.5,0,0.992,,still_open,false,,true,0x3b83ee56478532cea65805730591d9f1a4144613410fb077cd820ec203fb7da7,none
0x594edb9112f526fa6a80b8f858a6379c8a2c1c11,https://polymarket.com/@0x594edB9112f526Fa6A80b8F858A6379C8A2c1C11,0xbdc218319424944adbeecf9b2f9e41c388e9cd52eefae9e59530eb494f6847fd,22666965840197437617507758696118759486605695799276784584202895721760123676191,No,0x594edb9112f526fa6a80b8f858a6379c8a2c1c11|0xbdc218319424944adbeecf9b2f9e41c388e9cd52eefae9e59530eb494f6847fd|22666965840197437617507758696118759486605695799276784584202895721760123676191|No,lowest-temperature-in-nyc-on-june-21-2026-60-61f,lowest-temperature-in-nyc-on-june-21-2026,Will the lowest temperature in New York City be between 60-61°F on June 21?,weather,other,false,1782044126,2026-06-21T12:15:26+00:00,1782044293,2026-06-21T12:18:13+00:00,4,0,122.792221,0,122.792221,0,0.9910000080542561285008836187,,still_open,false,,true,0x43a85f2e082e1ee293977885dea6f105d4212dcceb080127069a8e5d47108113;0x44101c9278be65f665ad026f3fe0f2f03f69371f2893a98a2f67710dd013a91c;0x5261478d0f477fb414cb9bf780aec41ea11f88c8e3e408f253e95ede0c40a94a;0xceb1aa33c2dc27d7dbdd34c4749cf6fae0285ed644d9f70340ee0fc6a9f7a880,none
0x594edb9112f526fa6a80b8f858a6379c8a2c1c11,https://polymarket.com/@0x594edB9112f526Fa6A80b8F858A6379C8A2c1C11,0xbdc218319424944adbeecf9b2f9e41c388e9cd52eefae9e59530eb494f6847fd,24370412636953818631489003868213243104831822119863995605409685322905694997541,Yes,0x594edb9112f526fa6a80b8f858a6379c8a2c1c11|0xbdc218319424944adbeecf9b2f9e41c388e9cd52eefae9e59530eb494f6847fd|24370412636953818631489003868213243104831822119863995605409685322905694997541|Yes,lowest-temperature-in-nyc-on-june-21-2026-60-61f,lowest-temperature-in-nyc-on-june-21-2026,Will the lowest temperature in New York City be between 60-61°F on June 21?,weather,other,false,1782044125,2026-06-21T12:15:25+00:00,1782044297,2026-06-21T12:18:17+00:00,12,0,71.804625,0,71.804625,0,0.008,,still_open,false,,true,0x189a0b11d5ada4773daea22b68a85742b3373444e94bf52841935551fda87fe6;0x209f67cec865aee020936c8156594071fd4f9d33ca746ed4baa29d00431661c3;0x4224ca32bcd43f125d3fe4dd2b185170a51e92d03320ae783e9e8dddbd807404;0x4c75ab09f7e7aa1ffdd93c1930529b7e489b6cc250b84717b24661f72ad81b43;0x58a75321604d16ba725d5f8daab8b6941047e3f16b607fc61f13f7ba81ecd196;0x6fa00078239ef0659b0913adbd65cbe471ca1768824c67065124ae9d4520fb7b;0x825a7886e6fc8a363405d5d565b45b2c6d1d359a8d87cf739f729c011bb1445c;0x9cc65baf638406d31c212028e42023b229e540e28cf71ae8faad2b1d425660a6;0x9ee5750476301b644c9340fd3cefbc34a1a738cd122daffcd30e29a673660658;0xc851f67c5bbc10b4cd1172c5ec39506182f231fb11f15ba94031dd840a4537a5;0xd3adba5a6391f179c9294dd589502b284b1ebf40ac573287aadc2ba94667d280;0xf631dcf3886b3cf5a68502e378c2c06fa696c6794b11a4607522608bf0224a7e,none
0x594edb9112f526fa6a80b8f858a6379c8a2c1c11,https://polymarket.com/@0x594edB9112f526Fa6A80b8F858A6379C8A2c1C11,0xca1c28663ba0918b7d4989b6a9950d21477fe13e14a7e72ea69f05483064e737,32049798925999586761657402586441204940804637908399488926798508419605204933530,Yes,0x594edb9112f526fa6a80b8f858a6379c8a2c1c11|0xca1c28663ba0918b7d4989b6a9950d21477fe13e14a7e72ea69f05483064e737|32049798925999586761657402586441204940804637908399488926798508419605204933530|Yes,lowest-temperature-in-nyc-on-june-22-2026-70-71f,lowest-temperature-in-nyc-on-june-22-2026,Will the lowest temperature in New York City be between 70-71°F on June 22?,weather,other,false,1782125654,2026-06-22T10:54:14+00:00,1782125656,2026-06-22T10:54:16+00:00,6,0,192.996571,0,192.996571,0,0.002533806675767311868374500809,,still_open,false,,true,0x1c0a8288356ea1e6eae270684539d7ce905bcee6ef01f4f75ca9c51f9f210160;0x5e2d33637bee30a67a3e8dcb76da63af0d9ee5f78fdd5068eb22d9cea0973608;0x62fe4c9c50d5054d8f3c7b0322ccb173d61cf0a54bec88fd5ede73030812140d;0x99647fcf29e96da4e7d68153a34466d67e3dd45d1350d1328628a8a01bf7ab37;0xe15a59d62e03e716365a7428f931274e546e07357585fa7873871af0d38c3984;0xe9fb9d1bdc03d43ed6ad036399bf4dba8780b8006eb20cc4df16d13f57bdd36b,none
0x594edb9112f526fa6a80b8f858a6379c8a2c1c11,https://polymarket.com/@0x594edB9112f526Fa6A80b8F858A6379C8A2c1C11,0xca1c28663ba0918b7d4989b6a9950d21477fe13e14a7e72ea69f05483064e737,58941793963660636013897047880237603461728823846394529518840025751400296930645,No,0x594edb9112f526fa6a80b8f858a6379c8a2c1c11|0xca1c28663ba0918b7d4989b6a9950d21477fe13e14a7e72ea69f05483064e737|58941793963660636013897047880237603461728823846394529518840025751400296930645|No,lowest-temperature-in-nyc-on-june-22-2026-70-71f,lowest-temperature-in-nyc-on-june-22-2026,Will the lowest temperature in New York City be between 70-71°F on June 22?,weather,other,false,1782125656,2026-06-22T10:54:16+00:00,1782125803,2026-06-22T10:56:43+00:00,2,0,304.166665,0,304.166665,0,0.9930958936607993847715034782,,still_open,false,,true,0xb9f3325bee95c1e806d8c5d8e136e2a52364ec73d83339d0abbec1bcaae04bef;0xc7731cfe472f6072d600ed480e7363edced379b2489447063856ac0fa2bdb5a3,none
0x594edb9112f526fa6a80b8f858a6379c8a2c1c11,https://polymarket.com/@0x594edB9112f526Fa6A80b8F858A6379C8A2c1C11,0xe690620297dfea974d20df84b4cf90460e46a26ec864353482717b90509a3c0b,12895713634933367223676558147527749758143822673340639855731583908529004951892,No,0x594edb9112f526fa6a80b8f858a6379c8a2c1c11|0xe690620297dfea974d20df84b4cf90460e46a26ec864353482717b90509a3c0b|12895713634933367223676558147527749758143822673340639855731583908529004951892|No,fifwc-ecu-ger-2026-06-25-ger,fifwc-ecu-ger-2026-06-25,Will Germany win on 2026-06-25?,other,other,false,1782044884,2026-06-21T12:28:04+00:00,1782044996,2026-06-21T12:29:56+00:00,3,0,26179.07,0,26179.07,0,0.5,,still_open,false,,true,0x09a1afb1f5d5698a972d46a0a69ab8c16f3d65e1b3b58800ff21bc1fe6897efc;0x22e37b3fe225c5ec1675864604a49c85a9d66a4008cb145301f21c7228bb2dd2;0xe5e35ce961ad5d29f1e449a1f03b7aa39a3a19464100f4549a14d13eb10de523,non_crypto_or_unclassified_market
0x594edb9112f526fa6a80b8f858a6379c8a2c1c11,https://polymarket.com/@0x594edB9112f526Fa6A80b8F858A6379C8A2c1C11,0xe978bfab09c729a7fb5945bd28c00bfe379f4211e0230544d1ad3a8a268cf280,78993937814505522252929515263122146934627212210859904818605168080992715609494,Yes,0x594edb9112f526fa6a80b8f858a6379c8a2c1c11|0xe978bfab09c729a7fb5945bd28c00bfe379f4211e0230544d1ad3a8a268cf280|78993937814505522252929515263122146934627212210859904818605168080992715609494|Yes,highest-temperature-in-wuhan-on-june-20-2026-32c,highest-temperature-in-wuhan-on-june-20-2026,Will the highest temperature in Wuhan be 32°C on June 20?,weather,other,false,1781944258,2026-06-20T08:30:58+00:00,1781944258,2026-06-20T08:30:58+00:00,1,0,167,0,167,0,0.991,,still_open,false,,true,0x2e9539d4e207ac9728f09181f99f2ce565837a7cbe60c70e1d8c02baa359f2cc,none
0x63ce342161250d705dc0b16df89036c8e5f9ba9a,https://polymarket.com/0x63ce342161250d705dc0b16df89036c8e5f9ba9a,0x7a51e92035ee43ac4b219a070a4c119edb64f7baf3f6f848fa7c4e1724f9ee3a,111554948592937711965684438489606482718323834335706560182258685663865206527877,Down,0x63ce342161250d705dc0b16df89036c8e5f9ba9a|0x7a51e92035ee43ac4b219a070a4c119edb64f7baf3f6f848fa7c4e1724f9ee3a|111554948592937711965684438489606482718323834335706560182258685663865206527877|Down,eth-updown-5m-1774353300,eth-updown-5m-1774353300,"Ethereum Up or Down - March 24, 7:55AM-8:00AM ET",fast_crypto_up_down,ETH,true,1774353391,2026-03-24T11:56:31+00:00,1774353491,2026-03-24T11:58:11+00:00,13,0,222.18,0,222.18,0,0.2432460167431812044288414799,,still_open,false,,true,0x15afe43e8be5451bbc849a870ae6e967ba4ad474a185e45e5d319b26651aa2c7;0x2befa467d632169ab1e44fd2fe1bfae8f3ee96f68181a571e2575cae546d2816;0x37a3c86d2e804bb1005702c67f9902e7fd7998af07989dc740e71b30c233f827;0x423d35c051e9e02d51009655e2b648b4930e0b8fe75642d7e734175fcb97e6b1;0x443c343bdfd8686141d2df348c76473acdc9554da4fe2d1bf7a926e6a49474bd;0x7615abaa74428d4f585d4736032897f07329864173191cb2d55734168e846827;0x86bf253a2a6f1f7ef5a737592e6ac7a2a37478c29c967bc1d6f9c53e0782d16d;0xa219e3268f3fb9f8d62d4368308dc491f2646daf015a57e11ac75636fdd2b761;0xbc321844543540dabd8b337b1c3446fcfa4989664f0a0c7d63141b581261d47b;0xca5733eb5f5d76d7a68e5b8b503086e17b8c226cac779aa9a3229652affe7064;0xd251daf816972919f0ab08896eb2352107892007a9708978a011242ea401f94d;0xf2fa81fb9560f3275cbbdff3be6c57ae4817bf5180292433028280dd700b7b8c,none
0x63ce342161250d705dc0b16df89036c8e5f9ba9a,https://polymarket.com/0x63ce342161250d705dc0b16df89036c8e5f9ba9a,0x7a51e92035ee43ac4b219a070a4c119edb64f7baf3f6f848fa7c4e1724f9ee3a,36322138105365329201748814961958106850770107827585998449658283917972188204995,Up,0x63ce342161250d705dc0b16df89036c8e5f9ba9a|0x7a51e92035ee43ac4b219a070a4c119edb64f7baf3f6f848fa7c4e1724f9ee3a|36322138105365329201748814961958106850770107827585998449658283917972188204995|Up,eth-updown-5m-1774353300,eth-updown-5m-1774353300,"Ethereum Up or Down - March 24, 7:55AM-8:00AM ET",fast_crypto_up_down,ETH,true,1774353425,2026-03-24T11:57:05+00:00,1774353427,2026-03-24T11:57:07+00:00,11,0,101.978909,0,101.978909,0,0.7349991849785331553468276465,,still_open,false,,true,0x01e9a7d651eafeca413ffde06d0b38c9d5ea6235d2e2fda9390147dee71eb2c3;0x0d39689411951488fcc72aa28021311f000995326b0427103fc42ee3bad391ab;0x4b12054c4abbaf1459d0644e041e614c6ee777a11a0162c1092c99d2246d6177;0x58eb64f4907f440b05ec8deab9399d970ee02920e604ac60df38a4df45b67dcc;0xa43c396834f09a3bd0c8114052ccce1c5306bb626f45d1a1aed07a84d742037e;0xa4c700d98f00d5428c81cc738654ad7b5a98a4e800064d7a6355d1cceb04e253;0xb340c7d6beeea8d6993b3500f58b406640a77583e2bf27d7c49087553215e22f;0xb6580fa1f7161062ac3d62f7d64bb7ff74d0730229de61bf9f1c3abe272e54d1;0xcb8159ade6dc70ab47df6d54d94cd3d78ad8c98f4268dfbdf42dbc5b27873d52;0xe283769275b4aa7aca575433b77708f2e6f9a96a641fd09de96eb3127a49bed9;0xfd9e2331c775ada616d09728f73646e38513e6b1b80cf33542b12efcd4de35cd,none
0x63ce342161250d705dc0b16df89036c8e5f9ba9a,https://polymarket.com/0x63ce342161250d705dc0b16df89036c8e5f9ba9a,0xa69a692679cafb7711b9b2bb433390fe730afd0096bdb2154ba021ee966aef58,111525358697492594502306702334020671276814428238593076910377300927401669422810,Up,0x63ce342161250d705dc0b16df89036c8e5f9ba9a|0xa69a692679cafb7711b9b2bb433390fe730afd0096bdb2154ba021ee966aef58|111525358697492594502306702334020671276814428238593076910377300927401669422810|Up,btc-updown-15m-1774352700,btc-updown-15m-1774352700,"Bitcoin Up or Down - March 24, 7:45AM-8:00AM ET",fast_crypto_up_down,BTC,true,1774353433,2026-03-24T11:57:13+00:00,1774353441,2026-03-24T11:57:21+00:00,4,0,650,0,650,0,0.01998432307692307772138461538,,still_open,false,,true,0x38ee14c66f76265d7eeb8a26aa96f855a322402c3ca5e1b9330c812b04b1880a;0x80472a4c53e38886fff912b8c2c18598f64a57b2a2441aade51904c705a50ce7;0x9b8c8820356f57d5c49204b592e692deb7dfef6f2b53431ec5dc0f59dcbd2d5b;0xe08629ce7160f9f65eab1ed3db9d2e2aab3ed069c1a8b5ec8582e6a540c42691,none
0x63ce342161250d705dc0b16df89036c8e5f9ba9a,https://polymarket.com/0x63ce342161250d705dc0b16df89036c8e5f9ba9a,0xd8cc0f453ad702ae6308bb73156e4cb15044c99b68d1b6d6ab1cc24e777b38e6,113001084211600622380708988958779700145942034299762324605164975053895158773013,Down,0x63ce342161250d705dc0b16df89036c8e5f9ba9a|0xd8cc0f453ad702ae6308bb73156e4cb15044c99b68d1b6d6ab1cc24e777b38e6|113001084211600622380708988958779700145942034299762324605164975053895158773013|Down,ethereum-up-or-down-march-24-2026-7am-et,ethereum-up-or-down-march-24-2026-7am-et,"Ethereum Up or Down - March 24, 7AM ET",fast_crypto_up_down,ETH,true,1774353433,2026-03-24T11:57:13+00:00,1774353465,2026-03-24T11:57:45+00:00,11,0,871.99788,0,871.99788,0,0.05230521202643290799858366628,,still_open,false,,true,0x0280554c7d0901c70468f162fc453f6bdbe158c259a3ef048f6c6f01727f31a3;0x230beaed64e5cfcc558f965d8e0556c8c95bc28d414dc9173c2b55d2a9ab256c;0x386af493ac8aa596b0dbde45f41a141394f0c22f8a24e9843b1ed38fc7775bd1;0x92147c3896640ac85c2c6e76da46508010030355600d9f239807150e33d3bbbe;0x9721cfa84efeab03833372de133bebde6efc035caac470f073f81dc42651bc1b;0xb0234e6d406e6328a562f0c7c401d2147feb8ab4911ed7fe2c2c2c43c8238500;0xc17df2134552c7e296d8a903485a71b6dc71289960c9eddb74b894fc755ffee7;0xcf13731df0bba1e40c19eceea18069a9019e8fdfa5c1931b0364a43a2ffaac62;0xd2100ca8fe2213a3a212cae20ccdb0d88cd120fb845f549c8cbfaca63f6576ca;0xe146073898622a66a16d96a6654759a78f9f8b445e4c728656622eb86c8c035b;0xee9bb50bbe4d083906d23b226db7d86ab235fefff2a1f152f23b2092c73572ec,none
0x63ce342161250d705dc0b16df89036c8e5f9ba9a,https://polymarket.com/0x63ce342161250d705dc0b16df89036c8e5f9ba9a,0xd9fb1184af0064e5e34b129f5b79afa5a17b7e32f2953ab05efed82315fee6d4,94559586571241563470235664821564670251180951772614764383113614156422396181162,Yes,0x63ce342161250d705dc0b16df89036c8e5f9ba9a|0xd9fb1184af0064e5e34b129f5b79afa5a17b7e32f2953ab05efed82315fee6d4|94559586571241563470235664821564670251180951772614764383113614156422396181162|Yes,will-china-invade-taiwan-before-2027,will-china-invade-taiwan-before-2027,Will China invade Taiwan by end of 2026?,other,other,false,1777407682,2026-04-28T20:21:22+00:00,1778595374,2026-05-12T14:16:14+00:00,28,3,175204.817091,175204.8,0.017091,0,0.06500000000048514647823315183,0.0660058445887327287836862917,partial_exit,false,,true,0x04d5c0a8c62565f03f4f0dcd1c8fa9efb3a892c18e529886ad95eb830cc81681;0x0aefaa7c7ffb6d9a98f3a2e41782a3d062eabf24cd91d7e7b30feb6a127040ad;0x1da66541fcc8da27a86410bc294f5a7bf1f3daf5cd76004704f69de070d88fe9;0x2442e91731a80f2a003c2a6650bfda96b5491f37bb46943607122f03c51ff419;0x2469d58e37254682a8d49897a59896b6eada66c9ad10c63323f2a37b7324ebe4;0x27e3c9a3aa27dab0c6c56ee2098d0c8fe54a5135ece71f14a8c9f84c7949e64f;0x2949280375b79200e25f9bb25aedccea0690a555a5ca34b860d0c2a0c9773f09;0x3769c007e443ddf083731a8d12889c5ed34ca7f7bd4efd2c5062979806e4f3b3;0x3a93723175dc587091ad081dd8b0d0e79e0d92fc668517cc1a5531cf7daa4b21;0x3cbf6223f237a2fc4f40cbaaed9635fe1fb90cc4af83cc05c9737afdfad07b20;0x3e4b85a03d4adad0d17302ac90ec74e7b542ced52dcad6a6ed1eb76a45827334;0x4c5a2b7be12bddd56968e9ad3842f7516517cf8e24bc4037552738e7b5bce735;0x4c74e3654fcc55944dd9a60ab91ac73b332b29b816c518afbb5613f7602d3459;0x4f6f60fe50160d6255acecf4d5df6861798af67b31cdb624fb51b95ec350e963;0x5022bedf446e4ef9bff547de0b9190cc8cc06203a5960d02bf5846c76c6456db;0x596adfb497e1081ff3a93fe4919b28a164a79e009d71cc7e0a5038d46dff72c2;0x65272f556c6d6e1f1513c80481a2874839a81d29fcc67a74bac003a56068ca4b;0x71321327966cf3c087ec4d334cce8d3e1745aa1a998a4c86d6e6ac7bfdcdcb73;0x8d979867551db718c47cea40a6c3ab83a391b728aab2e47e41f5e866e12a190e;0x91ffccce386d57e0f51311fbfead2fda55e56985c4e03482e2fe6edbb2eebf9e;0x92e09884f7c9919a5420bda5a8cc30d81ea3a25829b7c2ce502b87bbf24592c6;0x945aabd272a2ec019f0bfc69a3f3c958bfd81207c7366fe3ecd1194dc8df4611;0xa292256a4938ad12da38ceb30062c115c8d5cdcadcd48f277a75cd0ae17fd7f9;0xa637b5c67e47fb5d393dc3fa57f36354102178a3a50b7f1e0a68693c324fd8cd;0xab576370a42df5054a9146c110bcde242a51f4fa8842f79bcb63103ab9d3bf66;0xabb1ded8ee7bedaaf46c3107259bda6849f38e49fbc16184e74a6cc8d93614c3;0xc70e16fcdf401a0ed4409447158e254be536434af5f12b1f64d7955ec95e5091;0xd04bdd66f4fa36a4d0818995b81ada53742e50f7be413e4f8ff26a46ba7723a2;0xdf80b473cacb224da581ca2c60c4e7801daf40b23922e2c8c8040155723c0087;0xe2b0ac6a072df02f9add20222c171ce1f4d411778e7dc0265428f7c100d74fc5;0xef1bb7082e9ddc60f4c610c65c9c4526ee12e062af15a8a728422e5e5ad04ccc,non_crypto_or_unclassified_market
0x63ce342161250d705dc0b16df89036c8e5f9ba9a,https://polymarket.com/0x63ce342161250d705dc0b16df89036c8e5f9ba9a,0xe7f83f4fd9e2c1b8c5752d514e5c5761d953417037de06e6856ef066adcdf3e4,33772256513953729867305428364575471811054395663634834290762938224302400571258,Down,0x63ce342161250d705dc0b16df89036c8e5f9ba9a|0xe7f83f4fd9e2c1b8c5752d514e5c5761d953417037de06e6856ef066adcdf3e4|33772256513953729867305428364575471811054395663634834290762938224302400571258|Down,btc-updown-5m-1774353300,btc-updown-5m-1774353300,"Bitcoin Up or Down - March 24, 7:55AM-8:00AM ET",fast_crypto_up_down,BTC,true,1774353387,2026-03-24T11:56:27+00:00,1774353541,2026-03-24T11:59:01+00:00,15,1,466.160614,52.34,413.820614,0,0.2142695392965996046478028279,0.32,partial_exit,false,,true,0x009575236c7b77f875420a9b6de9d0948350d37e60270656a44202c726333ab6;0x1c1fec096181587f532e5cdd9e6dd0dce7f707ce08e11cbedc85b9109997d982;0x212a897f884f7c3030c0d882d2422290150c6f72598c3c7bc374a756d67ec6a5;0x21766242dfde453b23975961d19be851244d73ffe30ffbd2ab7ee6dfa63dce68;0x2cca3ab09353ba82e05a53a251f9e7ddb1133b7d585e7fc880a65405a89f66ac;0x516fd77df5929e2af8ee7c2712076a793a2718c4b0032cd889bd088e4c69488a;0x5474602dd3273177585fe2978c4303c605aa5e61c9e2cf479fb9d81180068426;0x562bca6b7418935b214af646735fa2c81a1b5466389e26f5cf1edf6651929445;0x6d248e43f41bc7f03d6304badf34ade3d52bdf2bd6c81d7305c519b183ecb2a7;0x75f7e1174c5229b2c96542ee1a8c10e367a1c0f4d28ecc2c99b2f36ebfaf5397;0x7ecaceebde34538b1bf0bee001c613340459b14e79ff53e0da2e3406f7cdc595;0x8d03c9a1dbe82010ea55651cb36a642bb0576ecd007361315879d36bdda98835;0xac3c7541b56444efe637e4d87401bc91a2caf52e5918a2580a24b98fe41fbb94;0xc02a0bb7d320f0951f1936c38ee79e2129299c1b7399ef63ecec359e15f69baa;0xe89ceb4c5fe2bb753c59573143f8d772386e009b5d8c72c3e92744dde28d3851;0xed7475dc258ad4d6b63648bb69f7fb31d02adba37666e120189f28c739655b6a,none
0x63ce342161250d705dc0b16df89036c8e5f9ba9a,https://polymarket.com/0x63ce342161250d705dc0b16df89036c8e5f9ba9a,0xe7f83f4fd9e2c1b8c5752d514e5c5761d953417037de06e6856ef066adcdf3e4,49305227855558776716240706262225949654994545340007720470381021112450777127619,Up,0x63ce342161250d705dc0b16df89036c8e5f9ba9a|0xe7f83f4fd9e2c1b8c5752d514e5c5761d953417037de06e6856ef066adcdf3e4|49305227855558776716240706262225949654994545340007720470381021112450777127619|Up,btc-updown-5m-1774353300,btc-updown-5m-1774353300,"Bitcoin Up or Down - March 24, 7:55AM-8:00AM ET",fast_crypto_up_down,BTC,true,1774353425,2026-03-24T11:57:05+00:00,1774353503,2026-03-24T11:58:23+00:00,14,0,491.55517,0,491.55517,0,0.7635644886005369431473626857,,still_open,false,,true,0x008a2817982ffe52f7db946985fa9bbe932d339c126e4e46e6579e22be59a0fb;0x0ddf17d8a64cf8b3820af37ade3817331d198b9059d54f3ec4100236e17fbcd6;0x10fa17c37a6026cce679275da33de9c3e42f2c2e7b104d640c078ac337d6f26a;0x3d7d4ab1053280a7b673e24e6b66fdaca312f06f4e14715a3cfefbca03b2d44d;0x500c91e8d01203e85351eb81af1c2eef42da15ac0a8e42fc5dcecf9b6d128a25;0x564a1ac7491ed8180d7f27a1d81e66c90d0b5f56a0e4de8857475801875ef4ae;0x6038b811a311e69685f58479571374b342e4e62e95bd7074cb718c43800d9db6;0x792361f4ceb56ede125e20c4d7407c93d561c7a24ee1c9f5f0e78179be578dec;0x793ba871b294844e4d7016f109b04d7e4c63a1960e3b1fba24544b108c41f68f;0x99c799b2f9ec70b8cd3330265df79570559901b1a3d00e9e8e2a0da295811271;0xa44f30eb8c779ee979a2d8e64eed07102b7767ee6d4847d7f90f832521e65f2c;0xafcde32d3485dba9a0f64406f4a9e11dce23223fc71cbd382959f9104f9a1bef;0xdec15377078af5a9d99f1765cc83749b1f57e9d07da703586b8877edab8ba2f1;0xfb6f8ecfaaad4724c4a6ad75bc3387962243f6b89e840bdcf56fab3dada56968,none
0xd0d6053c3c37e727402d84c14069780d360993aa,https://polymarket.com/@k9Q2mX4L8A7ZP3R,0x1f92e3544ed41cd369a5f42fb581fe411022a196b97590709b3e52b8f849ad0a,18125977540959621330469258877926842156733473654330308716310760170896087567874,Up,0xd0d6053c3c37e727402d84c14069780d360993aa|0x1f92e3544ed41cd369a5f42fb581fe411022a196b97590709b3e52b8f849ad0a|18125977540959621330469258877926842156733473654330308716310760170896087567874|Up,btc-updown-5m-1774353900,btc-updown-5m-1774353900,"Bitcoin Up or Down - March 24, 8:05AM-8:10AM ET",fast_crypto_up_down,BTC,true,1774354113,2026-03-24T12:08:33+00:00,1774354159,2026-03-24T12:09:19+00:00,10,0,193.914383,0,193.914383,0,0.5928275315194128701399163362,,still_open,false,,true,0x0be9f12ff00b7733cf4d0dddfe0fc2ff0df2a0e37a7b628294b4b40c5515e2d3;0x0bf8e5fb9e23daea2d1f590fdb22b58d7177b3d7f3a8d20a0df254861f501e6c;0x0e99d895974ca1d3b63bde9a871bb329b709c489cbd9a19822abd3400ec54408;0x5c0b9379d829d83c4f5390dfc4c1ef0a00a23a2c56454f26c6ab42744f647daf;0x695460f4d8fcc54d3f3964aed58bd3147bba714432000fb3824a58b2c47c1880;0x73e2d945145382e1ee784d73359e6db198389ce8bc59ce5c6a86a6d6bcaa5180;0x9c6f4231a293de5afba28bd1e5a073900bf5badf0f9f3a5e4f457353a99f893f;0xadb72eb6125062abbe2485762bc48db2214886f4a48cbcf89e7697caf16ef779;0xeaa61eece00af646f58e1c9b42eefda00489ed446056a1dc2a8b8c4f0ca2bbd3;0xf1ae00b6821c950e2f19d81ae4c724aa625487d49d9076661ba235bc1d780047,none
0xd0d6053c3c37e727402d84c14069780d360993aa,https://polymarket.com/@k9Q2mX4L8A7ZP3R,0x1f92e3544ed41cd369a5f42fb581fe411022a196b97590709b3e52b8f849ad0a,8244077164856926411261303233955005884093998385465040993262466644766374364805,Down,0xd0d6053c3c37e727402d84c14069780d360993aa|0x1f92e3544ed41cd369a5f42fb581fe411022a196b97590709b3e52b8f849ad0a|8244077164856926411261303233955005884093998385465040993262466644766374364805|Down,btc-updown-5m-1774353900,btc-updown-5m-1774353900,"Bitcoin Up or Down - March 24, 8:05AM-8:10AM ET",fast_crypto_up_down,BTC,true,1774354111,2026-03-24T12:08:31+00:00,1774354179,2026-03-24T12:09:39+00:00,24,17,363.533218,290.857141,72.676077,0,0.3455027650320527230769614016,0.308433200888817098259163594,partial_exit,false,,true,0x03878e4306ccb98608af87c48faf87ebb93105c7a1f388a09f25160d8bce3eb7;0x0bf43c35ce0d53f562b8c1bdeca314fb20ee8dd82bf3757007dc32106303fbc1;0x0d4ebd2483e15d9313c206c0f91e077417eddff31aec93eb533cb421673bbc28;0x159c3f670193aebf2b6fd19061e86bb48fce703e922d9e0f773f8dbac7cd142e;0x19c43d85633b134da06a8867dcb9b0058726f36df61a1bc915a8b2dea48a9575;0x202e0de288f73094f343fd60a79454442a88b120ef744ff79d06ffde4e994750;0x224de3cecd39ed06f9f7137f19a0f7401433d14b7cd5ecdb199301b5a5dfe138;0x22599e8d08aa1fcbc723bcb2c64891e14c8fc8ba344d81904becb34b52ac2ddc;0x37e72a072d4da81de99a1d0e64bb672d5f8a3dc4e46eac7a39814f73d7739c8b;0x3a3fa9189de12bf0e7d274a7fc4ce70ee4c423bb9f760c529fb2257fe602c2bd;0x3ca4dc1979017f87ca0dabd607fddaeb13f67b6e976a9c477ce957034c1d1903;0x4373f952b3acbc2fac49adcf73a5304aa5099cba3bb3021e1d8fff7c96de4390;0x443fd7aff610b410289c95345b219888df85774a9ba1ad77640800d17c58ea09;0x47683d53a8dda74ad72f79547c47b77c594ea5933637a3b6a5d1762a5fd1061a;0x4851e5f21813208afe5ee12ad36f8f6bf8661a87badf423dedbdda2b5b4afbb6;0x4efa05706419ae76f1bfaf6b683d1d3ce0d6f73d55d2e3a3735522f63075a196;0x4f11749988435cff879a4e4b1b2435eb00e7df96da5243ea2a6967e903dffbce;0x4f8aa3b97e55bbe3b8d4a99432a57ad0da3308271ffd1a3459fdc4cb655a8a88;0x4ffb841eeab3f467c28f51f5a0bc9208eb019c8f33ecf7d58252358e35f92668;0x517412b29fe81609c51037f5f08023b93d471d5f808977e19d5c89e60924d857;0x588b2532275da31d6fae40209bea5fa89e480aa6b2d6f5faf99a1e959b9bfafc;0x597b2cbc659402dfaba88226c43092d4d8475bf041fb5f33732cd92ff4b947be;0x6483298f359b697d512a1dcc9a2293e40f771d85101f7a9efba0f04378884edc;0x79ec4a911f247ce83140a15cc3917c5d634bd36c1c3711df5dd83d4784ef5223;0x7e3327142aa0579d78ea32397d0bc004cdca06c267c5d486fa47b14536d03500;0x9462b689154e18df1335d20a695f6c5471697912917a8119c5e55ea3b38b9ced;0x99ff9fe34c90b12a78651100102370281d18a6dc351e6f945fa3f7dfa49e0e3b;0x9b26e4a3029b89960613200940c874f50c5ba5c1f2cbe09a7a24ffaabd3e686a;0xab866549e9a12d347ee114ba70a69d5efb6c08cbe18478a4a70eae073e72a2d0;0xb652ac40f3c1aefc4ac329272367fc18823a4a8b69f48003ebdcd5dbbf88b3df;0xc0fabcd8636bf3ec8a5404b6c975231c89a825aa89996047df9aa56beded99bf;0xc3d3de4ec43bbafe3470d4e9dccec25ba62244a259eb0b0e612816b8109d378b;0xd4317a83a99dd1b357d11e712791f125c7659f7e3f421078033ef3bd871b83f9;0xd59ff857f230157f661ae92bfc2a983dda47a9c5599cb8bc3f191eb8fed75d41;0xd9a71f244f053183e909686e45dbef86c1bab533232e52c95151270b060e5cb3;0xd9f8e1df0f3223495fd07187aff4c9e7f81bd1feeb90439a1511a920186e98ad;0xda3b3ac6c885e3dffc4ff882f65c2458521d76bbf0768d5f60360b3e4b9ecdab;0xdcc0caa676be6b24e3980cbc8cac4295336c2a4cd68e5830db94578f5d5d6b9f;0xfb1b0fab9c7117c0b9ccc94f4f3367e7a3ad3ab4bbff751b09bedd17a48dec20,none
0xd0d6053c3c37e727402d84c14069780d360993aa,https://polymarket.com/@k9Q2mX4L8A7ZP3R,0x1ffe6eb7a9160a4db01ff7595e7762cf5c035a47822e31da6b575395c33c5219,106171518487354950961295162719317549533165780042017933081078468626111989784899,Up,0xd0d6053c3c37e727402d84c14069780d360993aa|0x1ffe6eb7a9160a4db01ff7595e7762cf5c035a47822e31da6b575395c33c5219|106171518487354950961295162719317549533165780042017933081078468626111989784899|Up,bitcoin-up-or-down-march-24-2026-8am-et,bitcoin-up-or-down-march-24-2026-8am-et,"Bitcoin Up or Down - March 24, 8AM ET",fast_crypto_up_down,BTC,true,1774354119,2026-03-24T12:08:39+00:00,1774354119,2026-03-24T12:08:39+00:00,2,0,105,0,105,0,0.32,,still_open,false,,true,0x0e8ede1081f049d4135b1c988fde6397e8e9d9d1d997c42f4ea29486d92dbb4f;0x5f8bc96428cd4ac80a2531b92d453e6bfc7c63fff34dcd465b07d7a7f82f81bc,none
0xd0d6053c3c37e727402d84c14069780d360993aa,https://polymarket.com/@k9Q2mX4L8A7ZP3R,0x8fe2ec3961b5151878793f5ee9f3386462ab2cffa341f521ea4af3c943f4f1e1,106321015771996003843951031116798387360396092381038356576150508114564342386617,Up,0xd0d6053c3c37e727402d84c14069780d360993aa|0x8fe2ec3961b5151878793f5ee9f3386462ab2cffa341f521ea4af3c943f4f1e1|106321015771996003843951031116798387360396092381038356576150508114564342386617|Up,xrp-updown-5m-1771916400,xrp-updown-5m-1771916400,"XRP Up or Down - February 24, 2:00AM-2:05AM ET",other,other,false,1775479047,2026-04-06T12:37:27+00:00,1775479047,2026-04-06T12:37:27+00:00,0,1,0,194.59,0,194.59,,0.002,oversold_bounded_history,true,bounded_history_missing_prior_buy,true,0xf59d993dacfaf8544ae92772a6774ec0f7c672bcf794de2d787c5316e199858f,bounded_history_missing_prior_buy;non_crypto_or_unclassified_market
0xd0d6053c3c37e727402d84c14069780d360993aa,https://polymarket.com/@k9Q2mX4L8A7ZP3R,0x8fe2ec3961b5151878793f5ee9f3386462ab2cffa341f521ea4af3c943f4f1e1,63871622315168997250449926595191905329567685141975937804940439076331565817724,Down,0xd0d6053c3c37e727402d84c14069780d360993aa|0x8fe2ec3961b5151878793f5ee9f3386462ab2cffa341f521ea4af3c943f4f1e1|63871622315168997250449926595191905329567685141975937804940439076331565817724|Down,xrp-updown-5m-1771916400,xrp-updown-5m-1771916400,"XRP Up or Down - February 24, 2:00AM-2:05AM ET",other,other,false,1775478999,2026-04-06T12:36:39+00:00,1775478999,2026-04-06T12:36:39+00:00,0,1,0,215.54,0,215.54,,0.991,oversold_bounded_history,true,bounded_history_missing_prior_buy,true,0x77ed729c58be5ef39f039355379e90d0e5d9b0f0e61bc1f54e093bcccf8c82ec,bounded_history_missing_prior_buy;non_crypto_or_unclassified_market
0xd0d6053c3c37e727402d84c14069780d360993aa,https://polymarket.com/@k9Q2mX4L8A7ZP3R,0xa2fda9f86408298bdc36dd3d1bef7957f6cb4ef114fa5e6871f944eb169da774,3001122599774871719771217659422417276145740147746151603625973587736643850787,Down,0xd0d6053c3c37e727402d84c14069780d360993aa|0xa2fda9f86408298bdc36dd3d1bef7957f6cb4ef114fa5e6871f944eb169da774|3001122599774871719771217659422417276145740147746151603625973587736643850787|Down,btc-updown-5m-1774354200,btc-updown-5m-1774354200,"Bitcoin Up or Down - March 24, 8:10AM-8:15AM ET",fast_crypto_up_down,BTC,true,1774354207,2026-03-24T12:10:07+00:00,1774354377,2026-03-24T12:12:57+00:00,17,0,267.842414,0,267.842414,0,0.4789876931142055774499911728,,still_open,false,,true,0x39143c04d24e03b4559df5221498c46913ef339f77487d5239458d73ba17d5e3;0x52002d15b43614f0588090764daf5f70993f54c908fabefa370c46ab558f89c3;0x57bcd2582face5f867cba5e06093b2a702a9443ea9e988f91809f6d18b6e6f7e;0x5b9ef6064940d801198107eb336600d18b63b84eea60d72bb6682beba36a5e4e;0x5f37679dcfe31e09e5ab5cd6129aa085d723d088ed61617909cd70e31aacd0b4;0x949c652709af7c0b44ba388b68ea4eb2355b7c7de0f2bd977efa8a7be94fd966;0x9b5bae41f2e3f754cea415318f418a407ddd78cea7ef6107bab2b7030cd25053;0xafcdb3ff87fca08d2282740904057385154d6f1f019c83305e4748695e0e1a81;0xb4b4a61fbc164d760820bbd46410986a01eaa22a527886ef1dc543482e682f2f;0xbea9c5de83cb8e69f85245a7e2cb69f82f3cc71a36416d0ada2058f9acf903e1;0xc9768cfd66d22f5539778ba02e32f36bf7f4364b47c10fe33c658e0dea3d8334;0xcffa1ef47d0a63e71ca72d2d6c008a8d12cccd4633a68bc19058d0dad2e00454;0xd3cdf3a29584f49b6fe1c4e76104046e9f30cd350a89f6b2ba9e91983b0133ca;0xd6725aac291ede5ffbf744413bd1e5697221c9ed38863db33cae98cd3800e95b;0xd8340d14da0f98075ab0a5da4707ab06268a3275daf943b744bd179092f2ca5d;0xf0357cb43f7702c9789a886c1cd49361a255f0e4e24e7235a92776fd3f9f33f2;0xf4d987bba28441dc9baffbd3b141e3a57809160825d29c285ab2ed5019be9e39,none
0xd0d6053c3c37e727402d84c14069780d360993aa,https://polymarket.com/@k9Q2mX4L8A7ZP3R,0xa2fda9f86408298bdc36dd3d1bef7957f6cb4ef114fa5e6871f944eb169da774,57757711353948206496308974720653041281531664620819592620274509612885753631860,Up,0xd0d6053c3c37e727402d84c14069780d360993aa|0xa2fda9f86408298bdc36dd3d1bef7957f6cb4ef114fa5e6871f944eb169da774|57757711353948206496308974720653041281531664620819592620274509612885753631860|Up,btc-updown-5m-1774354200,btc-updown-5m-1774354200,"Bitcoin Up or Down - March 24, 8:10AM-8:15AM ET",fast_crypto_up_down,BTC,true,1774354205,2026-03-24T12:10:05+00:00,1774354209,2026-03-24T12:10:09+00:00,4,0,40.994,0,40.994,0,0.5524393813728838366590232717,,still_open,false,,true,0x7c61a6e8a1a0402afab29e7fac51f89c17b2e71fac4516ac4fff4d1192653fa6;0xa8e99e3ee2936ca22c32b932d7f8c954e4c19d5bfb22aaa52c3ef9f1b3e9455e;0xdd45474efb9c223a5a98482697572bbe7f83327c4c38722b669946cdb495d799;0xfae875a6f1fdc8a42c89dd4b1452af21c25b647237aead8b3601ed41df61b61a,none
0xd0d6053c3c37e727402d84c14069780d360993aa,https://polymarket.com/@k9Q2mX4L8A7ZP3R,0xf52eaf6a03a696f23bbd67e9ec475c5951b7d22d698250aa0fc2fd110e5eb95e,16820025249999639209657705542686085972345460376714202302628130376987697590719,Up,0xd0d6053c3c37e727402d84c14069780d360993aa|0xf52eaf6a03a696f23bbd67e9ec475c5951b7d22d698250aa0fc2fd110e5eb95e|16820025249999639209657705542686085972345460376714202302628130376987697590719|Up,eth-updown-15m-1774353600,eth-updown-15m-1774353600,"Ethereum Up or Down - March 24, 8:00AM-8:15AM ET",fast_crypto_up_down,ETH,true,1774354109,2026-03-24T12:08:29+00:00,1774354119,2026-03-24T12:08:39+00:00,24,0,261.795396,0,261.795396,0,0.2158124392684124976757073681,,still_open,false,,true,0x032a6ef797b58c979445c099ce49b0864dbb75d90a0d80b3ed48a13d54eb6abe;0x0ec257163fb87875f8690da7a6d12f1a0b82762000b4a97ac5b47ea2aa053dba;0x3c850abf0591882a3f7c3f7e1e25554d007009eca29c9399179b98c426670d44;0x4929e7501587913b5d5633d25ab304d436bfb106b0780d025656408681888a2e;0x4b5abcd2c12171fd2002ce11cb787cf4de629bb1b2b881e46abd8220ef7a01c6;0x4d3c715aaf8bc38c09f02095f911b28144b912b279769265a38b5440f30d8c90;0x61b4d44b9f7230890015b2660501ba98fc0a85ecf7a1a5bf7513c4c9c076098f;0x62f7befc90f724105fddaab6133e36359cae4f8353b0b4ef054b9e6d0b0031b2;0x6615162de34e3b33d95c8dcf8b54fd4229fd9fd9197f582be6160620e29fe28d;0x85085ed46526ef5e6fbe110249a68a30961ad90d7e7fc431faa104c2630427e3;0x8cd26954918bf1e382ac4f015d34d446074d746336dbcc89125d5e2b78c9e744;0x956db385a13760ece3fdb8b75ad305ee5f0e6fa33c6958f8852625dc49533469;0x983856c23909f5a1d0b255b22bd6cc9fd499dd6b08fdf7511b295bb852766eec;0x990546fa0aea8dc8bf141303a0e864cfeda81cc408198b1d91d99890c724df61;0xa73de14f52217d81f30c0a527a1a1574a28573a3a2466e1fd96042479a9fa93d;0xb740f914355741cc335d7e3ff467a494dc5bc2dece871e78a022cc34c4df8991;0xc96354d444109a3917004ba023686450a631e69dfddba6c764b3fe2c2953749a;0xce30dcc7192c8ceb4ded0ae10765c5047a3a802be0266a66d27f3c528fbb9fca;0xd0183b259243e10479b20a103ba70bc0f98e16d14ceef08b1804e1022efdce42;0xd167ff5f630fa4256a79a36ec4d99538f67c67f285c1104c90e5edc56828e099;0xdbade5d1944bf9b29e11888704297e761c09e9b4d44e0b66a5a2bad5a0e94bb3;0xe7745572a3d7ad02277c74dd68a67a76624330073cd1c8f2b08b0c3f533c871c;0xf6fe0891e162d898cc897b946cd7918551e3b3fbb299e382933c4a812c9d848c,none
0xde17f7144fbd0eddb2679132c10ff5e74b120988,https://polymarket.com/0xde17f7144fbd0eddb2679132c10ff5e74b120988,0x10c47078ee39182ef8fa46e46518fea03629d43d89ebed1d254850c4e1d3eac6,115594395390257667206669305842231397979898472782212163474420911483931192872203,No,0xde17f7144fbd0eddb2679132c10ff5e74b120988|0x10c47078ee39182ef8fa46e46518fea03629d43d89ebed1d254850c4e1d3eac6|115594395390257667206669305842231397979898472782212163474420911483931192872203|No,will-bitcoin-reach-78k-march-30-april-5,what-price-will-bitcoin-hit-march-30-april-5,"Will Bitcoin reach $78,000 March 30-April 5?",crypto_other,BTC,false,1774872568,2026-03-30T12:09:28+00:00,1774872568,2026-03-30T12:09:28+00:00,3,0,1571.764027,0,1571.764027,0,0.9637627289964691187601728971,,still_open,false,,true,0x96a8ef7817fb88ce77620ed5af4bd8ca31fa0f2c6c4dac56957bc630f3e6b8b8;0xaba8ce48f4d52917096d3c4d24a9d0654d67d7aee64fac35d53a49d094e99abb;0xfb444b4d2ec140eb549f145e347efc1b0c87fa45b73e65d3d196a48431fb4343,none
0xde17f7144fbd0eddb2679132c10ff5e74b120988,https://polymarket.com/0xde17f7144fbd0eddb2679132c10ff5e74b120988,0x151743a4a172b4863886a1dcf8de1300bf2fc2a15dddf01548a0af38f1ace249,12159981682734035292228400515678335125209513111615656849077647936891768046612,Yes,0xde17f7144fbd0eddb2679132c10ff5e74b120988|0x151743a4a172b4863886a1dcf8de1300bf2fc2a15dddf01548a0af38f1ace249|12159981682734035292228400515678335125209513111615656849077647936891768046612|Yes,bitcoin-above-70k-on-april-1,bitcoin-above-on-april-1,"Will the price of Bitcoin be above $70,000 on April 1?",crypto_other,BTC,false,1774872612,2026-03-30T12:10:12+00:00,1774872614,2026-03-30T12:10:14+00:00,5,0,14.524377,0,14.524377,0,0.1800000096389676485935823616,,still_open,false,,true,0x09650a9280f7f45444addb9939a8506ff3bc4abc850bef7c0a2d83a095b876ed;0x0e89c9fee0da905378912760e317b8e4b33387a5b5eb723c8389e29d8a9a75c7;0x139231c8fbdfbc5a975ccfd2756e24840785ca5742bccac76b7b037e230b66a7;0x6ce418f34efbbe62c6c6d23e52a8b779d7da3d5d3dd0be134b03349377ee760c;0xb05eeb8b08cfed16c1c1e413be0c62aae81bf59e35d4008bc830c9217b388ef4,none
0xde17f7144fbd0eddb2679132c10ff5e74b120988,https://polymarket.com/0xde17f7144fbd0eddb2679132c10ff5e74b120988,0x151743a4a172b4863886a1dcf8de1300bf2fc2a15dddf01548a0af38f1ace249,29492375366003893575636411996114134538976944705361005568024679794642677460964,No,0xde17f7144fbd0eddb2679132c10ff5e74b120988|0x151743a4a172b4863886a1dcf8de1300bf2fc2a15dddf01548a0af38f1ace249|29492375366003893575636411996114134538976944705361005568024679794642677460964|No,bitcoin-above-70k-on-april-1,bitcoin-above-on-april-1,"Will the price of Bitcoin be above $70,000 on April 1?",crypto_other,BTC,false,1774872612,2026-03-30T12:10:12+00:00,1774872612,2026-03-30T12:10:12+00:00,1,0,9.63,0,9.63,0,0.78,,still_open,false,,true,0xa44bf51b54220daa8e737d53285b947dbf55c2b3a12a79bed35db861162659b8,none
0xde17f7144fbd0eddb2679132c10ff5e74b120988,https://polymarket.com/0xde17f7144fbd0eddb2679132c10ff5e74b120988,0x5af5548a14f286fbaf3a2367e0b2dfca4895d758dea3947991fd61a749b86b69,95146943191725381886186934408306479309543888941737367840894417030874360689078,No,0xde17f7144fbd0eddb2679132c10ff5e74b120988|0x5af5548a14f286fbaf3a2367e0b2dfca4895d758dea3947991fd61a749b86b69|95146943191725381886186934408306479309543888941737367840894417030874360689078|No,will-bitcoin-reach-72k-march-30-april-5,what-price-will-bitcoin-hit-march-30-april-5,"Will Bitcoin reach $72,000 March 30-April 5?",crypto_other,BTC,false,1774872614,2026-03-30T12:10:14+00:00,1774872614,2026-03-30T12:10:14+00:00,1,0,51.51,0,51.51,0,0.66,,still_open,false,,true,0xf79bf195cff99bd59f13c0fcda9cd0dbdaad20dbd4ed8d61f2ad9c5ec9b1abd7,none
0xde17f7144fbd0eddb2679132c10ff5e74b120988,https://polymarket.com/0xde17f7144fbd0eddb2679132c10ff5e74b120988,0x5e5792a6dd302b9373fd9ae03fcb9e2e6d10351a915f965b0801cfa76327b55c,27183417644827075643642536789551861201778737736576606622132865010843003606814,Yes,0xde17f7144fbd0eddb2679132c10ff5e74b120988|0x5e5792a6dd302b9373fd9ae03fcb9e2e6d10351a915f965b0801cfa76327b55c|27183417644827075643642536789551861201778737736576606622132865010843003606814|Yes,bitcoin-above-64k-on-april-1,bitcoin-above-on-april-1,"Will the price of Bitcoin be above $64,000 on April 1?",crypto_other,BTC,false,1774872610,2026-03-30T12:10:10+00:00,1774872610,2026-03-30T12:10:10+00:00,1,0,0.17,0,0.17,0,0.91,,still_open,false,,true,0x657fbe294be8077c2e2024c7534f707526ed3f0aa8c1e9e3c6b9e74ccb2351e4,none
0xde17f7144fbd0eddb2679132c10ff5e74b120988,https://polymarket.com/0xde17f7144fbd0eddb2679132c10ff5e74b120988,0x727545eb5f3f04f010d0024a4fef241c867f7d9c1b98ced2330df3bc26098a5c,33040702189964814137958959876518421702823561686782940172093773693372020731432,No,0xde17f7144fbd0eddb2679132c10ff5e74b120988|0x727545eb5f3f04f010d0024a4fef241c867f7d9c1b98ced2330df3bc26098a5c|33040702189964814137958959876518421702823561686782940172093773693372020731432|No,will-bitcoin-reach-76k-march-30-april-5,what-price-will-bitcoin-hit-march-30-april-5,"Will Bitcoin reach $76,000 March 30-April 5?",crypto_other,BTC,false,1774872566,2026-03-30T12:09:26+00:00,1774872574,2026-03-30T12:09:34+00:00,6,0,3318.42436,0,3318.42436,0,0.9320270162794971797171271971,,still_open,false,,true,0x218f3c7cce6bb5649492e4f804b902cfebf6a3f15e999a4749e37d519e446d48;0x34f2d3834f2c87abbe95f92a4b27f1300741683152626aef2cb5c848cb4fe061;0x52ba3d8b60f62d99f6da808d91f8cdd946f588de45fd92d1868a0d2ff390285a;0x5caeadd81e53fcf4ad7151c270892facf9a6c71037567c1060aace191e81460e;0x682ab163cff4d10c9cf7d2af05ee21bd275e577688b6eb9824452170ec3ef030;0x82986a2402bcb2777fb626a3e07ba440a4204439fdb37aff90fcdf242b1590cf,none
0xde17f7144fbd0eddb2679132c10ff5e74b120988,https://polymarket.com/0xde17f7144fbd0eddb2679132c10ff5e74b120988,0x779d73c9a68fd8939171969daaa1f6a9c797dd4f951471177887649d14546f69,74999877940357931409206557647852734140654034894672727412201456522041102015430,No,0xde17f7144fbd0eddb2679132c10ff5e74b120988|0x779d73c9a68fd8939171969daaa1f6a9c797dd4f951471177887649d14546f69|74999877940357931409206557647852734140654034894672727412201456522041102015430|No,bitcoin-above-70k-on-april-5,bitcoin-above-on-april-5,"Will the price of Bitcoin be above $70,000 on April 5?",crypto_other,BTC,false,1774872564,2026-03-30T12:09:24+00:00,1774872630,2026-03-30T12:10:30+00:00,65,0,287.77,0,287.77,0,0.68,,still_open,false,,true,0x0337d7a0f89f96a399524aed5a09dd54706c87def4c55b1f60d6c5c36a882209;0x0bb063847116262836e607c2652737af29128f3f5ce2176b301d0f569129b440;0x0f2a22556a1a85577b08d9509d627468b4bd8269e6577e2cef6caf1a85186b0d;0x14f511dd8bb6bb071df96fa837b722bba7633f8148f53e6fc8072b6a037beae7;0x1506a5a07a8651b272c542f6f432300c58bf30d17e6e85e0a31ac11cfbb2610b;0x201a596b98faea3c2d6fcbd87faae02bc29eb2d82a57d06e0865cae87d8993a5;0x2907de4b52b60d5ad2bd22067c71f5885a9209d8ae0b87946fd8330a0a6ada97;0x2a356b55edf5498a65c25888f8a9753674f8ea73424fef6763ac430d75444026;0x35673f1b72f4ff4155dedf0aa8caa020c0cc889e744c07644584cb3a6853c668;0x356c8bc8abfa0ef06fcb3ab64e2079d5ef2fe6dca134260dab81a04c57787bb3;0x3a528b8e815b45222394a9bda805cd77b489e4b4aa22ba8b8655e7254cab6de8;0x4148de086a31fe94d2ae43bda30e8e7fbb5514b9cab6a354af682ae9537de739;0x43ae7eeb0ef5fc6c1e36273b7eb7a266312225d02d10162531f83659266510e3;0x4717619fd666de10a6b2414a129fc1eefb20569a0118caef202b2bab1ed7526d;0x4e8416d46eb813c95e86fce5a6c28b7e013d379b6b155fd71c1c3c7054c852f3;0x4eab92d63e7ca0abb6eef1524ce279c1f614789bb0714e2183fb547418d2d100;0x54999c718c1b056077f5259506d7e4b66e2c1f9bd83e9afa1727db3e9fe01791;0x61f4f02897e8186b6801af4c878f5cedc1a5a24e92addc934192268ec3430884;0x65494dc6e3ffaeb2ade57aa8247505801f5dc3e868bb97cc1bcc973e4b52f163;0x6753a14c735778ed09fe89393cfebc733bdfb8d806892aefff3ceefb11742ba9;0x6d9de03d591019e95836c16902e7a050bec129a8c4779a1aa958f96722e1a1ad;0x6edf06035f9ba579e291b00e91d3dd194ead86acbc2f47214ae00da2df0c006b;0x7752e682e565660a6fa2a79b21d43509a78eef8b9f3cc5ffc9a41b856c87aa9b;0x7a1ca1e24664a98d271804f1c0e7085379fca90a6df9b474806773c0abfd247a;0x7a5e43ea6295df78c397139dd187e847da48f090a0e54f941be6bff19ec91e64;0x7aed520b74494ed997fa0a616e0a3bddb6c0965ecdc84ec7bcff3b8e175343bc;0x7fb420437355c9ae4b8737a31701d749c817972d1d8a06ecbbb540a998aa951f;0x814e4806fd0d813cbf17940f4e15ba418186a5bfd77d5f39de8470ac7a7abba9;0x83e6657c1fdd6e7b4d528cded8d57a0b933f7df7d1f4fbd065dbe308f4e4c4c0;0x8419be007ca880e5d425f678a086cea876da536cc4a90b7000c79b17b70f6b4b;0x858c23acaa31c7af33193087a4e4499f542aa31205c21b251ba99d0e5ae045bd;0x8829fd550b0a06784f5834a618e2bf18553454be08e83031441aa7f9449c459c;0x8d7362bac36627a48a44315fe4a44bfc90412a91dea558428158c27edb784f33;0x8e96ce59c33deb96998831b05a57697d8e3234b3b40bc4460af20eb237e2ce69;0x8f169344b42736c8d91244dbb130f83e078f9d2476f6e003bd88beaf68e9cc4a;0x9311e64fe66f1c3507c520fff1a08bb06a9112ed4c06547651eff9d7282d92cc;0x941519f3e83f3370184dbdf9d256680e17328f0321ccb5e4f3a79d89a659daa8;0x99092b652178ead8d8ebbcbc5bb8dae284daf2261e6bb34f5ed9404358105d39;0x9a83a224edda31c8720bfd1016f2665e4c8c6eb4c77c57a3ca80cecc8b2f71ad;0x9c957d6c4de3316009fe398952c759d60ee760c2c9644e42a466a8573c85a995;0xa42eed3dee97b9d9929666e6f3c807a02f9d553f625311a5e6c90fa622db822a;0xa70bbb0dc426208e9bd76dd16281a8c266ccab74d10f099c0000a63911d3fba1;0xa84dcee6abba33a407ddbb8fd1af1e52fa216f222f1a6dd5c233c447f3e9d527;0xadf7826c3f71d46a748b229ef918af79cbbcab5b43f57ebf756c855468a47207;0xb014998a644e84db8a5d240938d49f9cfbc1ef11e4202b84bfc0fdeca658c49e;0xb10225b6268d0e72fcf401c8fbb5e57bc911fc5771bc0d6210bb94dea7ee32fc;0xb13308eb11120f02bf764544b5737a6aa103ec637ddd8ee430987e085d4cbbb5;0xb7dc51df02cd55cd31ddddded5aaba7dca29c56af26442e3d2db741ead2698eb;0xba0346ea074746923d5d765ca5f8c01e5f4c7a5d99e1069f73e779fe39284d62;0xbcb751cfaabc8a01921c40dcb9efc547158df9a622e20c50a3be6534a3117850;0xbe05615f694c096be6b3ccbaefadc2219b51d0737f2f4d94752eaf29989c85e5;0xbf24ef94a11ffdceac6feb6f720493180aefd46de6aa85b89060799a372a58a7;0xc131b8dd22671a5d59eef614888d5cde5335c35f113e1637305ee30cb1d3b273;0xc70487c52d4e7a04623537448b06f558a796568834c7faecad1a49e4e0f54996;0xcac734cf72786e8ad5dd1f648aba7dbba78da34cb838de97206706a6b119418a;0xd539647a34b5b75d40f37f13b6dab3ad66ffdcaea469983355473183562d6486;0xd84a0f20e35a7b093351bdaee733ab643f16d4db9348bd5ef506c18188d35e8f;0xd8ebb431e900034954812ba2318411cac1a440045dcbfcf7d476ccb5a1e213a9;0xda0a0f9eeec258fa5cee42f9e608276409d5f2038dffc36b0458052a0e2c0056;0xda48141fad2ce539523015c536604aeab7bd5f1731834dcb165978c6e33a681c;0xdf39adc6435167f7fb0f840cc3ed86756a2e51d4e9f9a3581ab78c0aff8366fe;0xe4ffb29aa58a7a7fbf753afecbdf77db514b4b506449d28af31c2401e0ca89e9;0xe53fa402b40bdebcd6e90c882be9acf982fd921e7494431115d93d21475a068b;0xea07bb651592e30b546c9fd83c36fae54edf63f70acfb15c199f2d7cd2762010;0xf1f7a0d37faad6379131d849cebb008d5055ac1035797cd228967074979e5d08,none
0xde17f7144fbd0eddb2679132c10ff5e74b120988,https://polymarket.com/0xde17f7144fbd0eddb2679132c10ff5e74b120988,0x78f71396f0541f5cf4ff16d43e7aed6c3b921af1608773f3f65a199848d2b600,30109820557127204435800436020357779234564600945480086272535942750961708261591,Yes,0xde17f7144fbd0eddb2679132c10ff5e74b120988|0x78f71396f0541f5cf4ff16d43e7aed6c3b921af1608773f3f65a199848d2b600|30109820557127204435800436020357779234564600945480086272535942750961708261591|Yes,bitcoin-above-72k-on-april-5,bitcoin-above-on-april-5,"Will the price of Bitcoin be above $72,000 on April 5?",crypto_other,BTC,false,1774872590,2026-03-30T12:09:50+00:00,1774872612,2026-03-30T12:10:12+00:00,6,0,19.653011,0,19.653011,0,0.1400000234060826617989966016,,still_open,false,,true,0x6f0c16e482c483f0e4e038da39adeb9f6c77d5a7cb75f14763b14c216c4f0183;0x7d048cb582b54cbde82fc7d147671fc0539549006107e629db0f3754c336cd41;0x87b7e35eb2e02fc83a7ad50ffc9b1805bf04ba695334d44bca2138b1349fd026;0xae2403d02bbbd2f715c4f513ffeb30e38bdd9b9ae255883c4557e8bb97bebaa9;0xc38e046c7961c377f16382acbd320256902eff9f80e5fda874e2cb08c4ddaa74;0xd0c7746fc47b3019255922396e8bb8d858bd2cd127ec0b54ea79adce7f832d3c,none
0xde17f7144fbd0eddb2679132c10ff5e74b120988,https://polymarket.com/0xde17f7144fbd0eddb2679132c10ff5e74b120988,0x78f71396f0541f5cf4ff16d43e7aed6c3b921af1608773f3f65a199848d2b600,56116058767978877924339750752741326905296469409304209197841962933167951699732,No,0xde17f7144fbd0eddb2679132c10ff5e74b120988|0x78f71396f0541f5cf4ff16d43e7aed6c3b921af1608773f3f65a199848d2b600|56116058767978877924339750752741326905296469409304209197841962933167951699732|No,bitcoin-above-72k-on-april-5,bitcoin-above-on-april-5,"Will the price of Bitcoin be above $72,000 on April 5?",crypto_other,BTC,false,1774872590,2026-03-30T12:09:50+00:00,1774872616,2026-03-30T12:10:16+00:00,4,0,451.167773,0,451.167773,0,0.8200000069597169417572668693,,still_open,false,,true,0x2977be475ed086ae3bff91cddc2ba93ec0461564ae3a951823e7e94eb50dd749;0x42ec58358680ebd87c3db9d4c9a44f09946d999eb05dee6d9763ef347629faf6;0xac7cd46e886a8d2ffd4a4fe60c5004b9b38339d6cbe52ac033128392829b6463;0xbe5e4b5dbb96a8bd8a0d1d531eef6061f694bfd90ec2b954c47666f0bd0d26b9,none
0xde17f7144fbd0eddb2679132c10ff5e74b120988,https://polymarket.com/0xde17f7144fbd0eddb2679132c10ff5e74b120988,0x8d9251e98cf93f48f9693116b2ccb671087d01a2466ce74cbc19c895d64f1054,10917992154717520654758560147111583337519657090378759304341708852309902554156,No,0xde17f7144fbd0eddb2679132c10ff5e74b120988|0x8d9251e98cf93f48f9693116b2ccb671087d01a2466ce74cbc19c895d64f1054|10917992154717520654758560147111583337519657090378759304341708852309902554156|No,will-bitcoin-dip-to-60k-march-30-april-5,what-price-will-bitcoin-hit-march-30-april-5,"Will Bitcoin dip to $60,000 March 30-April 5?",crypto_other,BTC,false,1774872614,2026-03-30T12:10:14+00:00,1774872614,2026-03-30T12:10:14+00:00,1,0,0.94,0,0.94,0,0.88,,still_open,false,,true,0xa1028af89662ef2005f94690fd8365244edb1693bc7482c954fd0a7bfc5793f6,none
0xde17f7144fbd0eddb2679132c10ff5e74b120988,https://polymarket.com/0xde17f7144fbd0eddb2679132c10ff5e74b120988,0xc5b98c248c0fce5702f4f8b8a5e26a37d6bb981cd134804e07d1a7b11ce8908a,10029497826145049423300389806580233060414772967059176641260102583167829906565,No,0xde17f7144fbd0eddb2679132c10ff5e74b120988|0xc5b98c248c0fce5702f4f8b8a5e26a37d6bb981cd134804e07d1a7b11ce8908a|10029497826145049423300389806580233060414772967059176641260102583167829906565|No,will-bitcoin-reach-74k-march-30-april-5,what-price-will-bitcoin-hit-march-30-april-5,"Will Bitcoin reach $74,000 March 30-April 5?",crypto_other,BTC,false,1774872566,2026-03-30T12:09:26+00:00,1774872626,2026-03-30T12:10:26+00:00,7,0,3934.956507,0,3934.956507,0,0.8498780075588774037801962165,,still_open,false,,true,0x0c1eb79ce4a0bd412f47f49c5623ec967effdb05ab420b3dea5d44ba584cfa0c;0x0c24368ee16db9a0cc9513a841564b52bc4a3924bff9ca17e6451e47efc8fefe;0x31904a01eb97207b9b5f678a76939f665864e81db5ca88cba3ecd2ed88074811;0x6cce8c7ad89e0acda504c382add574cfb7b7d1b3620c40abe8033c1c496aede2;0x84bb4fc3ef1397a681e079c98a7555ed82f47f8ddeebc9bee9066273118ceacf;0x8df85b8c14ff86d04b1da17478f6dc9cec594c01bd7abcb4f54415b4427812c6;0xf62c079c2929e9f3c109a283181103981a8fa65ef40215e0c79301cd4768fb2e,none
0xde79cc7660d5c05b4cd2f4e72cae30cde2583d9a,https://polymarket.com/0xde79cc7660d5c05b4cd2f4e72cae30cde2583d9a,0x014d772d72f9fb6fe8322e237b7316cc3a94da59106afd5200aca974da5bb246,22746638373726296409807898808757890817235990282731073683419477891580498901019,Up,0xde79cc7660d5c05b4cd2f4e72cae30cde2583d9a|0x014d772d72f9fb6fe8322e237b7316cc3a94da59106afd5200aca974da5bb246|22746638373726296409807898808757890817235990282731073683419477891580498901019|Up,btc-updown-5m-1771273500,btc-updown-5m-1771273500,"Bitcoin Up or Down - February 16, 3:25PM-3:30PM ET",fast_crypto_up_down,BTC,true,1771273685,2026-02-16T20:28:05+00:00,1771273685,2026-02-16T20:28:05+00:00,1,0,323.327966,0,323.327966,0,0.9357371456077511,,still_open,false,,true,0xf2db16dd995b2653fe78c1123bef3a8f6c5cce7e2de2ceed8717225583d10fcc,none
0xde79cc7660d5c05b4cd2f4e72cae30cde2583d9a,https://polymarket.com/0xde79cc7660d5c05b4cd2f4e72cae30cde2583d9a,0x06dd1b616803bab24ff7b640dfd2c1ef15f07aa57424214496cb587950c979e8,55648064559060824625092770575020159635730869561247365209150047148659062670156,Down,0xde79cc7660d5c05b4cd2f4e72cae30cde2583d9a|0x06dd1b616803bab24ff7b640dfd2c1ef15f07aa57424214496cb587950c979e8|55648064559060824625092770575020159635730869561247365209150047148659062670156|Down,btc-updown-15m-1771326900,btc-updown-15m-1771326900,"Bitcoin Up or Down - February 17, 6:15AM-6:30AM ET",fast_crypto_up_down,BTC,true,1771327653,2026-02-17T11:27:33+00:00,1771327799,2026-02-17T11:29:59+00:00,1,1,102.13265,2.76,99.37265,0,0.98,0.28,partial_exit,false,,true,0x6d6b9ccd6b41c6664fef1af0a473610fa3a7ea164e5560e1b49aaf92ce5290e9;0x74f2662398d61e910d4be6384428ddc94180dedba929727e5ccd1202c2f93ccc,none
0xde79cc7660d5c05b4cd2f4e72cae30cde2583d9a,https://polymarket.com/0xde79cc7660d5c05b4cd2f4e72cae30cde2583d9a,0x080ac9ec85a8ec23cfeacced59dd88680bf964af07d80d2e2f2d6cbf953665f4,3732732560340064546733385922962917690102703962128566869528624270788891317615,Up,0xde79cc7660d5c05b4cd2f4e72cae30cde2583d9a|0x080ac9ec85a8ec23cfeacced59dd88680bf964af07d80d2e2f2d6cbf953665f4|3732732560340064546733385922962917690102703962128566869528624270788891317615|Up,btc-updown-15m-1771262100,btc-updown-15m-1771262100,"Bitcoin Up or Down - February 16, 12:15PM-12:30PM ET",fast_crypto_up_down,BTC,true,1771262863,2026-02-16T17:27:43+00:00,1771263119,2026-02-16T17:31:59+00:00,1,1,203.5656,203.56,0.0056,0,0.99,0.999,partial_exit,false,,true,0xb3227d4bbc389410f01de81058ced3721b080e44a4c80fce3915a8d12f7474f1;0xcf354e6874c1a46c5d01e4218131c565944a0b5629d12a0e95895b8c51f252c2,none
0xde79cc7660d5c05b4cd2f4e72cae30cde2583d9a,https://polymarket.com/0xde79cc7660d5c05b4cd2f4e72cae30cde2583d9a,0x0fb2ceba05d2dae4139f3daf1f5edd70254c664ecac1cfe69d18460326e8fe76,104061064247386173772545788287993890111136470160307905128698268433378957395936,Down,0xde79cc7660d5c05b4cd2f4e72cae30cde2583d9a|0x0fb2ceba05d2dae4139f3daf1f5edd70254c664ecac1cfe69d18460326e8fe76|104061064247386173772545788287993890111136470160307905128698268433378957395936|Down,btc-updown-5m-1771271100,btc-updown-5m-1771271100,"Bitcoin Up or Down - February 16, 2:45PM-2:50PM ET",fast_crypto_up_down,BTC,true,1771271253,2026-02-16T19:47:33+00:00,1771271253,2026-02-16T19:47:33+00:00,1,0,346.746963,0,346.746963,0,0.8844489778559358,,still_open,false,,true,0x64b2e5bcac79996dd12d698379f425d58b4b5d8c0d89879917079dfd1c44facf,none
0xde79cc7660d5c05b4cd2f4e72cae30cde2583d9a,https://polymarket.com/0xde79cc7660d5c05b4cd2f4e72cae30cde2583d9a,0x19e77bc46e80a0fa9a59140785f05645a94d936d27cd39d51f4dffff5dcd0c32,94045889077382798226797945340822934699792963694350439856987804666751828433019,Up,0xde79cc7660d5c05b4cd2f4e72cae30cde2583d9a|0x19e77bc46e80a0fa9a59140785f05645a94d936d27cd39d51f4dffff5dcd0c32|94045889077382798226797945340822934699792963694350439856987804666751828433019|Up,btc-updown-5m-1771278000,btc-updown-5m-1771278000,"Bitcoin Up or Down - February 16, 4:40PM-4:45PM ET",fast_crypto_up_down,BTC,true,1771278283,2026-02-16T21:44:43+00:00,1771278325,2026-02-16T21:45:25+00:00,1,1,34.883714,34.75,0.133714,0,0.8599999988533331,0.99,partial_exit,false,,true,0xb87b2d9ccd090feed9dc022eecc9f78d4fb4bb90ccd37764466cc59bbefeb38a;0xd6306e1b6be966d2aa52a79987f86ac6d493642f7fb47557af37e34cf22f5c33,none
0xde79cc7660d5c05b4cd2f4e72cae30cde2583d9a,https://polymarket.com/0xde79cc7660d5c05b4cd2f4e72cae30cde2583d9a,0x1a94df20a03d555a390dd3fec53cc31b6ec05a845884d2df2529eeecb4978cfe,81616209433112313551321023328144067314163335314125896838550650867066789733117,Down,0xde79cc7660d5c05b4cd2f4e72cae30cde2583d9a|0x1a94df20a03d555a390dd3fec53cc31b6ec05a845884d2df2529eeecb4978cfe|81616209433112313551321023328144067314163335314125896838550650867066789733117|Down,btc-updown-15m-1771235100,btc-updown-15m-1771235100,"Bitcoin Up or Down - February 16, 4:45AM-5:00AM ET",fast_crypto_up_down,BTC,true,1771235991,2026-02-16T09:59:51+00:00,1771235991,2026-02-16T09:59:51+00:00,1,0,70.7959,0,70.7959,0,0.98,,still_open,false,,true,0xaa358709f35b721790f2c31f184fed8473bf75eaaadbfc6dd01216aac12e015c,none
0xde79cc7660d5c05b4cd2f4e72cae30cde2583d9a,https://polymarket.com/0xde79cc7660d5c05b4cd2f4e72cae30cde2583d9a,0x1e946cd8e5627303b5d6244831dae73bee2d7e72e83164312ff2d95e89116bd5,23183029198438796838763268887136305485866656141117934527295977555329105022147,Up,0xde79cc7660d5c05b4cd2f4e72cae30cde2583d9a|0x1e946cd8e5627303b5d6244831dae73bee2d7e72e83164312ff2d95e89116bd5|23183029198438796838763268887136305485866656141117934527295977555329105022147|Up,btc-updown-5m-1771270500,btc-updown-5m-1771270500,"Bitcoin Up or Down - February 16, 2:35PM-2:40PM ET",fast_crypto_up_down,BTC,true,1771270725,2026-02-16T19:38:45+00:00,1771270763,2026-02-16T19:39:23+00:00,1,1,325.668966,325.58,0.088966,0,0.9663493604115782,0.8857534246575343,partial_exit,false,,true,0x03d17c8802cf5d70d0cfef1f8feca818240b94f8fb4c2a763061a0911ec85dbe;0x9477ead6681db3069a9ca3b85536f083538a710dab9b95a46ca39adb739e3463,none
0xde79cc7660d5c05b4cd2f4e72cae30cde2583d9a,https://polymarket.com/0xde79cc7660d5c05b4cd2f4e72cae30cde2583d9a,0x23ba9568dea52f9568e411c902fee0d4cca10bb37bda07c088d04a0f7590cc0c,44823544487228093036750103471403718337666294152715461275786181226903452412659,Down,0xde79cc7660d5c05b4cd2f4e72cae30cde2583d9a|0x23ba9568dea52f9568e411c902fee0d4cca10bb37bda07c088d04a0f7590cc0c|44823544487228093036750103471403718337666294152715461275786181226903452412659|Down,btc-updown-5m-1771245300,btc-updown-5m-1771245300,"Bitcoin Up or Down - February 16, 7:35AM-7:40AM ET",fast_crypto_up_down,BTC,true,1771245545,2026-02-16T12:39:05+00:00,1771245555,2026-02-16T12:39:15+00:00,2,0,62.01736,0,62.01736,0,0.9331255151783307125617730261,,still_open,false,,true,0x4c462621ad8e657ff03063810e94a541995e98ef219b9f3fd798b75b3b3c884f;0x59d4a5aa811317a049540f7738c17752fd13ea90c814539ab8ae1ee1bd7c6910,none
0xde79cc7660d5c05b4cd2f4e72cae30cde2583d9a,https://polymarket.com/0xde79cc7660d5c05b4cd2f4e72cae30cde2583d9a,0x2b450bcc83edbeb9535637c0a7297cc3d879d19c833d0b689509e48d7c286258,83903844925943482149246592001153703688440556741429351793898444449998286250349,Up,0xde79cc7660d5c05b4cd2f4e72cae30cde2583d9a|0x2b450bcc83edbeb9535637c0a7297cc3d879d19c833d0b689509e48d7c286258|83903844925943482149246592001153703688440556741429351793898444449998286250349|Up,btc-updown-15m-1771264800,btc-updown-15m-1771264800,"Bitcoin Up or Down - February 16, 1:00PM-1:15PM ET",fast_crypto_up_down,BTC,true,1771265329,2026-02-16T18:08:49+00:00,1771265729,2026-02-16T18:15:29+00:00,2,2,479.934414,479.67,0.264414,0,0.9594850787257777412875080886,0.9781623824712823274209352263,partial_exit,false,,true,0x0a1d21fad62e58e9f229ab9bfe19477c0ecc72497bc7f3247b2ed2b5f45c79d3;0x6b711ad1ed08e3685e34087301a9541661870eae5d3a05faebe1132b813bbb4d;0x72f6e1cd33b4e2b70bdadee97bd330340336387fcea5e8a0d6a2c8bccf936e56;0xa7a19a2ca20f4e38eeb4af2b7bcc24319b7754350635b00abed9deb8ae30f22a,none
0xde79cc7660d5c05b4cd2f4e72cae30cde2583d9a,https://polymarket.com/0xde79cc7660d5c05b4cd2f4e72cae30cde2583d9a,0x416f5ac8b55799610964327e14c0f215e5bd9345045be8f69b55ac2795ab2987,114330972001947446373267624812733762852793861814978582285805523179420636679816,Down,0xde79cc7660d5c05b4cd2f4e72cae30cde2583d9a|0x416f5ac8b55799610964327e14c0f215e5bd9345045be8f69b55ac2795ab2987|114330972001947446373267624812733762852793861814978582285805523179420636679816|Down,btc-updown-5m-1771266900,btc-updown-5m-1771266900,"Bitcoin Up or Down - February 16, 1:35PM-1:40PM ET",fast_crypto_up_down,BTC,true,1771267039,2026-02-16T18:37:19+00:00,1771267281,2026-02-16T18:41:21+00:00,1,1,255.744666,255.54,0.204666,0,0.939999999843594,0.999,partial_exit,false,,true,0x13ac78a6e4865fca75068bba300be420a11bd378f21b296185ee2e40925dd8ac;0x9ef11f1f3797196d8971bc3576eb644d7f74980d8a9c5f498d129bdaeea0f444,none
0xde79cc7660d5c05b4cd2f4e72cae30cde2583d9a,https://polymarket.com/0xde79cc7660d5c05b4cd2f4e72cae30cde2583d9a,0x47df549a34923c8a71b143756bb8a139855a509b7de6dd6701ba333fe179a722,42045196942851189099495476013580188725113997948888346476316172741479588272452,Up,0xde79cc7660d5c05b4cd2f4e72cae30cde2583d9a|0x47df549a34923c8a71b143756bb8a139855a509b7de6dd6701ba333fe179a722|42045196942851189099495476013580188725113997948888346476316172741479588272452|Up,btc-updown-5m-1771278300,btc-updown-5m-1771278300,"Bitcoin Up or Down - February 16, 4:45PM-4:50PM ET",fast_crypto_up_down,BTC,true,1771278525,2026-02-16T21:48:45+00:00,1771278563,2026-02-16T21:49:23+00:00,1,1,87.521378,40.14994,47.371438,0,0.5712889826757527,0.79260641485392,partial_exit,false,,true,0x05d37198b6f3f25aeda551ca19ed71e12c2524fa9e377c5f7fc033f10c72f065;0x46b45860969a204bbc4ee3f53177df3aa77ec1f795d30d4dc0a8fd2395af94e1,none
0xde79cc7660d5c05b4cd2f4e72cae30cde2583d9a,https://polymarket.com/0xde79cc7660d5c05b4cd2f4e72cae30cde2583d9a,0x4e9d346b1ad89559c9d0e4b732fdc9b718150334f141f16456eb89199dbb2e29,10975309344063693011622163825036825737184315063482713476156950222478604269218,Down,0xde79cc7660d5c05b4cd2f4e72cae30cde2583d9a|0x4e9d346b1ad89559c9d0e4b732fdc9b718150334f141f16456eb89199dbb2e29|10975309344063693011622163825036825737184315063482713476156950222478604269218|Down,btc-updown-5m-1771238100,btc-updown-5m-1771238100,"Bitcoin Up or Down - February 16, 5:35AM-5:40AM ET",fast_crypto_up_down,BTC,true,1771238385,2026-02-16T10:39:45+00:00,1771238385,2026-02-16T10:39:45+00:00,1,0,73.909,0,73.909,0,0.99,,still_open,false,,true,0xa08702b2b4fcd50df2a6af64b3d0a8020aaf1599ec9f87edd5f194aeca0c3d7f,none
0xde79cc7660d5c05b4cd2f4e72cae30cde2583d9a,https://polymarket.com/0xde79cc7660d5c05b4cd2f4e72cae30cde2583d9a,0x5285379beb1a5637ff4d1a33f49ce07e62e9247115f85ccee99516ad98167c17,62922206268673932069584517583171119840340241116716892977729491249445845991568,Up,0xde79cc7660d5c05b4cd2f4e72cae30cde2583d9a|0x5285379beb1a5637ff4d1a33f49ce07e62e9247115f85ccee99516ad98167c17|62922206268673932069584517583171119840340241116716892977729491249445845991568|Up,btc-updown-15m-1771270200,btc-updown-15m-1771270200,"Bitcoin Up or Down - February 16, 2:30PM-2:45PM ET",fast_crypto_up_down,BTC,true,1771270903,2026-02-16T19:41:43+00:00,1771271157,2026-02-16T19:45:57+00:00,1,1,307.27425,306.99,0.28425,0,0.9361018536372637,0.999,partial_exit,false,,true,0xbdf22529d692ad26a50034c64d8784233b2155109ddd7be7ba991f40338d650e;0xc3693c22e6b5708e344e0d40d1d015bbee8b3e712bfb4582930b3fbbb7829014,none
0xde79cc7660d5c05b4cd2f4e72cae30cde2583d9a,https://polymarket.com/0xde79cc7660d5c05b4cd2f4e72cae30cde2583d9a,0x5347c8ca47a3144f5fdaf7709f7fcfc2f85623fed6ba57e1d9dc384d1bb6321d,69637911578793052368008211676271961739584786184960498765872150690899251079037,Down,0xde79cc7660d5c05b4cd2f4e72cae30cde2583d9a|0x5347c8ca47a3144f5fdaf7709f7fcfc2f85623fed6ba57e1d9dc384d1bb6321d|69637911578793052368008211676271961739584786184960498765872150690899251079037|Down,btc-updown-15m-1771271100,btc-updown-15m-1771271100,"Bitcoin Up or Down - February 16, 2:45PM-3:00PM ET",fast_crypto_up_down,BTC,true,1771271623,2026-02-16T19:53:43+00:00,1771272089,2026-02-16T20:01:29+00:00,1,1,370.931166,370.56,0.371166,0,0.9323832228214547,0.999,partial_exit,false,,true,0x19c1172a4e643f96a989aad60d8ac84c80aa45d9101f308aaf023d8552f5bf73;0x7cd16e7a002c863347ce343da4c405eefbb6a956bb39fad73a06f28586b1806f,none
0xde79cc7660d5c05b4cd2f4e72cae30cde2583d9a,https://polymarket.com/0xde79cc7660d5c05b4cd2f4e72cae30cde2583d9a,0x59e9af0092b48f6dc87fd817957b5cb58588e4159b633c002002c2bb04e051ea,16453558317275321655400376147068921681305890100072149537140031670835236583270,Up,0xde79cc7660d5c05b4cd2f4e72cae30cde2583d9a|0x59e9af0092b48f6dc87fd817957b5cb58588e4159b633c002002c2bb04e051ea|16453558317275321655400376147068921681305890100072149537140031670835236583270|Up,btc-updown-15m-1771263000,btc-updown-15m-1771263000,"Bitcoin Up or Down - February 16, 12:30PM-12:45PM ET",fast_crypto_up_down,BTC,true,1771263775,2026-02-16T17:42:55+00:00,1771263933,2026-02-16T17:45:33+00:00,1,1,213.65305,213.63,0.02305,0,0.98,0.999,partial_exit,false,,true,0xa0a3e820cc08fb0a898a4f9b342c0fcd46c62bb9414059ae2fda013addcb01b0;0xe404d6ecd84797228a8ca5dabc196622f5e41605d7639274b77a6b16f4cd6e0f,none
0xde79cc7660d5c05b4cd2f4e72cae30cde2583d9a,https://polymarket.com/0xde79cc7660d5c05b4cd2f4e72cae30cde2583d9a,0x5e0458cdece6709fa56779c846e67b7bd4b4cea7741b77146d4b0aca711107dc,35441344274099810393490507311360612768143473068230484234960392087767184495778,Up,0xde79cc7660d5c05b4cd2f4e72cae30cde2583d9a|0x5e0458cdece6709fa56779c846e67b7bd4b4cea7741b77146d4b0aca711107dc|35441344274099810393490507311360612768143473068230484234960392087767184495778|Up,btc-updown-5m-1771263000,btc-updown-5m-1771263000,"Bitcoin Up or Down - February 16, 12:30PM-12:35PM ET",fast_crypto_up_down,BTC,true,1771263225,2026-02-16T17:33:45+00:00,1771263323,2026-02-16T17:35:23+00:00,1,1,209.639166,209.59,0.049166,0,0.969999999904598,0.999,partial_exit,false,,true,0xe7407f5f2a6703467119cbb47646c1cdd2783136d86882962ad9631c2a117b89;0xed0ee6d2218f85441c6b2e5ec787a93f1116ce9abf15f372921d37199880388f,none
0xde79cc7660d5c05b4cd2f4e72cae30cde2583d9a,https://polymarket.com/0xde79cc7660d5c05b4cd2f4e72cae30cde2583d9a,0x5ff746c1d31f12286aa625db85e355d2d988e0073bec198e0c2857214abdf8b9,115480262796006240218429441737423217780462618680474307990506602882620905842920,Down,0xde79cc7660d5c05b4cd2f4e72cae30cde2583d9a|0x5ff746c1d31f12286aa625db85e355d2d988e0073bec198e0c2857214abdf8b9|115480262796006240218429441737423217780462618680474307990506602882620905842920|Down,btc-updown-15m-1771266600,btc-updown-15m-1771266600,"Bitcoin Up or Down - February 16, 1:30PM-1:45PM ET",fast_crypto_up_down,BTC,true,1771267375,2026-02-16T18:42:55+00:00,1771267599,2026-02-16T18:46:39+00:00,1,1,263.2444,263.18,0.0644,0,0.9697830913022272,0.999,partial_exit,false,,true,0x61c1cff76c4555e555445cbf9b092c409cacf5e08552fd5c9ffecd4e728249c2;0xb9ccdaa5aaaeba8410de3fb776ff29ff0cf940dbbeca5f259ed4137855a05208,none
0xde79cc7660d5c05b4cd2f4e72cae30cde2583d9a,https://polymarket.com/0xde79cc7660d5c05b4cd2f4e72cae30cde2583d9a,0x6170f17fee8f1ad791f30e245771374abd9a0f527312720a03055c83b25e23de,866618764004672938401506932445494621631763177504393811253855425274531075192,Down,0xde79cc7660d5c05b4cd2f4e72cae30cde2583d9a|0x6170f17fee8f1ad791f30e245771374abd9a0f527312720a03055c83b25e23de|866618764004672938401506932445494621631763177504393811253855425274531075192|Down,btc-updown-5m-1771279500,btc-updown-5m-1771279500,"Bitcoin Up or Down - February 16, 5:05PM-5:10PM ET",fast_crypto_up_down,BTC,true,1771279665,2026-02-16T22:07:45+00:00,1771279717,2026-02-16T22:08:37+00:00,1,1,470.921425,468.07,2.851425,0,0.8072047199806209,0.5950265985856816,partial_exit,false,,true,0x01150c97a2f8736700e93ef1f4e6fcc83b0b26417365cb4b38da95774cd025c5;0x5eabbb001800147e992817fef30b6a2205fce1640e1781204f6511277e2bd3e3,none
0xde79cc7660d5c05b4cd2f4e72cae30cde2583d9a,https://polymarket.com/0xde79cc7660d5c05b4cd2f4e72cae30cde2583d9a,0x654f8d472d23c05f7646660a112bef3d14ab8c4dc7e39bc0d21d85d9a8c13764,69206862295163078061519395247442270894268204874829590922532212336725566636116,Down,0xde79cc7660d5c05b4cd2f4e72cae30cde2583d9a|0x654f8d472d23c05f7646660a112bef3d14ab8c4dc7e39bc0d21d85d9a8c13764|69206862295163078061519395247442270894268204874829590922532212336725566636116|Down,btc-updown-5m-1771266300,btc-updown-5m-1771266300,"Bitcoin Up or Down - February 16, 1:25PM-1:30PM ET",fast_crypto_up_down,BTC,true,1771266561,2026-02-16T18:29:21+00:00,1771266561,2026-02-16T18:29:21+00:00,1,0,240.42855,0,240.42855,0,0.98,,still_open,false,,true,0x32eae79d9e0c9a55aafa5c970570b975bd04967bd26d0e0ffc4494fce2ea188c,none
0xde79cc7660d5c05b4cd2f4e72cae30cde2583d9a,https://polymarket.com/0xde79cc7660d5c05b4cd2f4e72cae30cde2583d9a,0x6bc5db5dd63ae81c1fb74e0f1168d42b2c09f80efed885c61643172a1090d485,46962087069571492782435623495398541574727652643525800344175584502556144045648,Up,0xde79cc7660d5c05b4cd2f4e72cae30cde2583d9a|0x6bc5db5dd63ae81c1fb74e0f1168d42b2c09f80efed885c61643172a1090d485|46962087069571492782435623495398541574727652643525800344175584502556144045648|Up,btc-updown-5m-1771274400,btc-updown-5m-1771274400,"Bitcoin Up or Down - February 16, 3:40PM-3:45PM ET",fast_crypto_up_down,BTC,true,1771274573,2026-02-16T20:42:53+00:00,1771274573,2026-02-16T20:42:53+00:00,1,0,350.5567,0,350.5567,0,0.968431066928688,,still_open,false,,true,0xd2c7b9c9a765c15b2be69731ec7cdbf90e56985ca9fc3a721b4d953e2ab76516,none
0xde79cc7660d5c05b4cd2f4e72cae30cde2583d9a,https://polymarket.com/0xde79cc7660d5c05b4cd2f4e72cae30cde2583d9a,0x6c401b0ad12e904b262b018053421b5e56af358aee6d9fe19f53bc803cad8cf3,107857063702825562167024295095717810440600193110836258575798743061756928819202,Up,0xde79cc7660d5c05b4cd2f4e72cae30cde2583d9a|0x6c401b0ad12e904b262b018053421b5e56af358aee6d9fe19f53bc803cad8cf3|107857063702825562167024295095717810440600193110836258575798743061756928819202|Up,btc-updown-5m-1771243200,btc-updown-5m-1771243200,"Bitcoin Up or Down - February 16, 7:00AM-7:05AM ET",fast_crypto_up_down,BTC,true,1771243263,2026-02-16T12:01:03+00:00,1771243441,2026-02-16T12:04:01+00:00,3,0,93.197969,0,93.197969,0,0.9307069234523769553378765153,,still_open,false,,true,0x11905cd4ffe0940370f846c4101ed44a997dad4c997aef5acf747441c9b9c9af;0x59b8a91764530b56491270bdf1997465eed68d1088c4c94fbabf9ef6f90adcca;0x68fd473b388a14e50a5b17fa4853089a42f9e312f8d08e1925f03e9c707d0c35,none
0xde79cc7660d5c05b4cd2f4e72cae30cde2583d9a,https://polymarket.com/0xde79cc7660d5c05b4cd2f4e72cae30cde2583d9a,0x6f53b2b45ddaa64f959d71136e16ef2993a1e19242291c45d2c70d9fcc4031fa,68006001811534563959271838417573543168489727307731776830463708648017371923516,Down,0xde79cc7660d5c05b4cd2f4e72cae30cde2583d9a|0x6f53b2b45ddaa64f959d71136e16ef2993a1e19242291c45d2c70d9fcc4031fa|68006001811534563959271838417573543168489727307731776830463708648017371923516|Down,btc-updown-5m-1771245000,btc-updown-5m-1771245000,"Bitcoin Up or Down - February 16, 7:30AM-7:35AM ET",fast_crypto_up_down,BTC,true,1771245081,2026-02-16T12:31:21+00:00,1771245081,2026-02-16T12:31:21+00:00,1,0,57.98888,0,57.98888,0,0.8979306377360625,,still_open,false,,true,0x81f451f56164afc0b827bb22856ada1e0c762567524ea81057d76f8f403bfe67,none
0xde79cc7660d5c05b4cd2f4e72cae30cde2583d9a,https://polymarket.com/0xde79cc7660d5c05b4cd2f4e72cae30cde2583d9a,0x708fabadc1990fd2ff131ffc8e0b17ac1f015aecfc3acc03d4fc8361ab71061c,81273356517762487146958974805519619949641660317502392493400157921279866792998,Down,0xde79cc7660d5c05b4cd2f4e72cae30cde2583d9a|0x708fabadc1990fd2ff131ffc8e0b17ac1f015aecfc3acc03d4fc8361ab71061c|81273356517762487146958974805519619949641660317502392493400157921279866792998|Down,btc-updown-15m-1771267500,btc-updown-15m-1771267500,"Bitcoin Up or Down - February 16, 1:45PM-2:00PM ET",fast_crypto_up_down,BTC,true,1771268235,2026-02-16T18:57:15+00:00,1771268235,2026-02-16T18:57:15+00:00,1,0,303.440314,0,303.440314,0,0.921993483041281,,still_open,false,,true,0xccd8445fadb2b78c31fb842ddce566fc456a5f9ad07ee2c14d5afb948be205dc,none
0xde79cc7660d5c05b4cd2f4e72cae30cde2583d9a,https://polymarket.com/0xde79cc7660d5c05b4cd2f4e72cae30cde2583d9a,0x752ae08d059598eb1ca8483a4225e7af27dcfb63e394d0c1640ddd122cf2b989,44194815726062936172744349182805860888200887063648054747113350123226607416774,Down,0xde79cc7660d5c05b4cd2f4e72cae30cde2583d9a|0x752ae08d059598eb1ca8483a4225e7af27dcfb63e394d0c1640ddd122cf2b989|44194815726062936172744349182805860888200887063648054747113350123226607416774|Down,btc-updown-15m-1771261200,btc-updown-15m-1771261200,"Bitcoin Up or Down - February 16, 12:00PM-12:15PM ET",fast_crypto_up_down,BTC,true,1771261857,2026-02-16T17:10:57+00:00,1771262101,2026-02-16T17:15:01+00:00,1,1,179.619562,179.37,0.249562,0,0.9199999997773071,0.999,partial_exit,false,,true,0x04ffaeffe46b6aeb96dc314f6b7d4fc8097c3f55da663d307ea2fac5f108d65c;0x4720584c539b7b04e045e3f466ede1b4f1050aa38cf2c47bb947bec2233c32f2,none
0xde79cc7660d5c05b4cd2f4e72cae30cde2583d9a,https://polymarket.com/0xde79cc7660d5c05b4cd2f4e72cae30cde2583d9a,0x77cbfa13a63e6a90f097087c7730d2b0348cecd749f1bcb9ecfc475ce65d5469,71181147860562048180834851861529845675396112006771217257727615301916266325262,Up,0xde79cc7660d5c05b4cd2f4e72cae30cde2583d9a|0x77cbfa13a63e6a90f097087c7730d2b0348cecd749f1bcb9ecfc475ce65d5469|71181147860562048180834851861529845675396112006771217257727615301916266325262|Up,btc-updown-15m-1771268400,btc-updown-15m-1771268400,"Bitcoin Up or Down - February 16, 2:00PM-2:15PM ET",fast_crypto_up_down,BTC,true,1771269157,2026-02-16T19:12:37+00:00,1771269157,2026-02-16T19:12:37+00:00,1,0,311.61905,0,311.61905,0,0.9724693307421353,,still_open,false,,true,0xf6cb18b52744bc3a8c7debdf0ec863f9ade3352273d30bda990d6ec1beb3e84e,none
0xde79cc7660d5c05b4cd2f4e72cae30cde2583d9a,https://polymarket.com/0xde79cc7660d5c05b4cd2f4e72cae30cde2583d9a,0x8ad986c2cbee07c6b3556aee11fa0eff88a37da9f6bee0bc08b86d0035e54a76,260127016427671013418306537834113480030919661721355058066168560717244623351,Up,0xde79cc7660d5c05b4cd2f4e72cae30cde2583d9a|0x8ad986c2cbee07c6b3556aee11fa0eff88a37da9f6bee0bc08b86d0035e54a76|260127016427671013418306537834113480030919661721355058066168560717244623351|Up,btc-updown-5m-1771262400,btc-updown-5m-1771262400,"Bitcoin Up or Down - February 16, 12:20PM-12:25PM ET",fast_crypto_up_down,BTC,true,1771262581,2026-02-16T17:23:01+00:00,1771262787,2026-02-16T17:26:27+00:00,1,1,201.85263,201.73,0.12263,0,0.9499999975229453,0.999,partial_exit,false,,true,0x32e31be51e0a1eb443d2b3ae906de7a07c5366b22cad979e886ed21351144a7c;0x77c75b2ba3b850b690127c0e27ac3da66384a28822af3d2593eff639ff9e294a,none
0xde79cc7660d5c05b4cd2f4e72cae30cde2583d9a,https://polymarket.com/0xde79cc7660d5c05b4cd2f4e72cae30cde2583d9a,0x8cce941688472ffe9fbce87b19b9a58f9ef0e3185ec90bee0c7267574c20332d,57767615204855338129703521715957876480297838436398594308760106435972285806800,Down,0xde79cc7660d5c05b4cd2f4e72cae30cde2583d9a|0x8cce941688472ffe9fbce87b19b9a58f9ef0e3185ec90bee0c7267574c20332d|57767615204855338129703521715957876480297838436398594308760106435972285806800|Down,btc-updown-5m-1771240800,btc-updown-5m-1771240800,"Bitcoin Up or Down - February 16, 6:20AM-6:25AM ET",fast_crypto_up_down,BTC,true,1771240897,2026-02-16T11:21:37+00:00,1771240923,2026-02-16T11:22:03+00:00,2,0,86.88255,0,86.88255,0,0.9122659843662507817107693087,,still_open,false,,true,0x2886d062de53b2c6775af849b1432fca2727c881c559f7091b2a68d12c39b704;0x5795ff8c10d3fda68ad27602c3da3f70d7441307c569d3784eb1db555b1c1db0,none
0xde79cc7660d5c05b4cd2f4e72cae30cde2583d9a,https://polymarket.com/0xde79cc7660d5c05b4cd2f4e72cae30cde2583d9a,0x8ced0e4d2900af69ac5c6c3ecef53a4482f8218434e433594302db734af86938,113479280045891239200991823895759301920013756994755608189069230801587414128425,Up,0xde79cc7660d5c05b4cd2f4e72cae30cde2583d9a|0x8ced0e4d2900af69ac5c6c3ecef53a4482f8218434e433594302db734af86938|113479280045891239200991823895759301920013756994755608189069230801587414128425|Up,btc-updown-5m-1771276800,btc-updown-5m-1771276800,"Bitcoin Up or Down - February 16, 4:20PM-4:25PM ET",fast_crypto_up_down,BTC,true,1771276999,2026-02-16T21:23:19+00:00,1771277053,2026-02-16T21:24:13+00:00,1,1,437.95388,437.67,0.28388,0,0.9466978258075942,0.8891242260150342,partial_exit,false,,true,0xacc7107ae53c5b035ac78bd4b8f11b95ddddc0d76ec870525bc125368bcfcda3;0xf9e8af22f0b597730eb70ef09b9c7285fdec9f2cb06c5ddc8c7fe71dc2b48a8f,none
0xde79cc7660d5c05b4cd2f4e72cae30cde2583d9a,https://polymarket.com/0xde79cc7660d5c05b4cd2f4e72cae30cde2583d9a,0x8ced0e4d2900af69ac5c6c3ecef53a4482f8218434e433594302db734af86938,5213490661297316071692634491837821149835210454614811172124639536329599779615,Down,0xde79cc7660d5c05b4cd2f4e72cae30cde2583d9a|0x8ced0e4d2900af69ac5c6c3ecef53a4482f8218434e433594302db734af86938|5213490661297316071692634491837821149835210454614811172124639536329599779615|Down,btc-updown-5m-1771276800,btc-updown-5m-1771276800,"Bitcoin Up or Down - February 16, 4:20PM-4:25PM ET",fast_crypto_up_down,BTC,true,1771277077,2026-02-16T21:24:37+00:00,1771277077,2026-02-16T21:24:37+00:00,1,0,52.77425,0,52.77425,0,0.37897269975414144,,still_open,false,,true,0xa2019dd463215a12b68d86de26ba2c1d313678a6b4f31d72c070fbda6746eded,none
0xde79cc7660d5c05b4cd2f4e72cae30cde2583d9a,https://polymarket.com/0xde79cc7660d5c05b4cd2f4e72cae30cde2583d9a,0x93588b5ea0a09101bfe29296c926c7370786c90765388ff4a08b0c4bc9cd90ac,17944200751466517208015636353327867435472750391074869945116249375875489474678,Down,0xde79cc7660d5c05b4cd2f4e72cae30cde2583d9a|0x93588b5ea0a09101bfe29296c926c7370786c90765388ff4a08b0c4bc9cd90ac|17944200751466517208015636353327867435472750391074869945116249375875489474678|Down,btc-updown-5m-1771280400,btc-updown-5m-1771280400,"Bitcoin Up or Down - February 16, 5:20PM-5:25PM ET",fast_crypto_up_down,BTC,true,1771280677,2026-02-16T22:24:37+00:00,1771280819,2026-02-16T22:26:59+00:00,1,1,222.4848,222.47,0.0148,0,0.99,0.999,partial_exit,false,,true,0x44292d16b04d46277cb73133378b628f413f0fd5b9535f0ee6ed960a45df5a7d;0xd242c912b4fac796494c139d38529fa62b7e9eeb694689da2d1fe6a4c4daaeaf,none
0xde79cc7660d5c05b4cd2f4e72cae30cde2583d9a,https://polymarket.com/0xde79cc7660d5c05b4cd2f4e72cae30cde2583d9a,0x97e08b3f412b93e56521616643fb9d6bae0714396f2de9f9c782e9420abe353b,124155584934381387493315157328451783728016576555400405581401299428588985697,Down,0xde79cc7660d5c05b4cd2f4e72cae30cde2583d9a|0x97e08b3f412b93e56521616643fb9d6bae0714396f2de9f9c782e9420abe353b|124155584934381387493315157328451783728016576555400405581401299428588985697|Down,btc-updown-5m-1771261500,btc-updown-5m-1771261500,"Bitcoin Up or Down - February 16, 12:05PM-12:10PM ET",fast_crypto_up_down,BTC,true,1771261751,2026-02-16T17:09:11+00:00,1771261841,2026-02-16T17:10:41+00:00,1,1,167.388981,166.93,0.458981,0,0.8826148060486729,0.99,partial_exit,false,,true,0x11cabe277a380bf48d7130ea539859d43e9c08fa39e1afd5b3d9ee0b7480ee11;0xc6aabb43085d4e3596158a2cb639ce6e07470f7daeb64311ccd43f05764e502e,none
0xde79cc7660d5c05b4cd2f4e72cae30cde2583d9a,https://polymarket.com/0xde79cc7660d5c05b4cd2f4e72cae30cde2583d9a,0x99602c170d19db5a543c8f6088a87c7d9d4d7a9a775438920034837f49c4064e,63631808186054856475182296880724840304334582067146217227800203876735418792089,Down,0xde79cc7660d5c05b4cd2f4e72cae30cde2583d9a|0x99602c170d19db5a543c8f6088a87c7d9d4d7a9a775438920034837f49c4064e|63631808186054856475182296880724840304334582067146217227800203876735418792089|Down,btc-updown-5m-1771269300,btc-updown-5m-1771269300,"Bitcoin Up or Down - February 16, 2:15PM-2:20PM ET",fast_crypto_up_down,BTC,true,1771269577,2026-02-16T19:19:37+00:00,1771269577,2026-02-16T19:19:37+00:00,1,0,314.7171,0,314.7171,0,0.99,,still_open,false,,true,0x0fcc058a457a7ca1f51944a1aee77bcb82892d1d4546376c9de58ea2dc44d5ca,none
0xde79cc7660d5c05b4cd2f4e72cae30cde2583d9a,https://polymarket.com/0xde79cc7660d5c05b4cd2f4e72cae30cde2583d9a,0x9b9d6055850bcf6b9b0a34d7c1a77604a9cacc5657913bd34759958057e78da0,57382135162319986287004092026273109462553688522454777479501243620022814963556,Down,0xde79cc7660d5c05b4cd2f4e72cae30cde2583d9a|0x9b9d6055850bcf6b9b0a34d7c1a77604a9cacc5657913bd34759958057e78da0|57382135162319986287004092026273109462553688522454777479501243620022814963556|Down,btc-updown-5m-1771263900,btc-updown-5m-1771263900,"Bitcoin Up or Down - February 16, 12:45PM-12:50PM ET",fast_crypto_up_down,BTC,true,1771264067,2026-02-16T17:47:47+00:00,1771264183,2026-02-16T17:49:43+00:00,1,1,231.97825,231.66,0.31825,0,0.92,0.98,partial_exit,false,,true,0xd6b04831a38df6bda860c1f699d75d1a942a54a0b56e24538d22314fc2a023bd;0xe934dc3d604c1c9e743a9c913335cf1ce07145f758e6e2b860d3d151f8dec932,none
0xde79cc7660d5c05b4cd2f4e72cae30cde2583d9a,https://polymarket.com/0xde79cc7660d5c05b4cd2f4e72cae30cde2583d9a,0x9d97674a9a089a5017b8a7c80fdd98178c4db0ea5c1b49402c978926fb9bc107,72472227687694361872779774149292011150048561575082991830520398016358615952969,Down,0xde79cc7660d5c05b4cd2f4e72cae30cde2583d9a|0x9d97674a9a089a5017b8a7c80fdd98178c4db0ea5c1b49402c978926fb9bc107|72472227687694361872779774149292011150048561575082991830520398016358615952969|Down,btc-updown-5m-1771240200,btc-updown-5m-1771240200,"Bitcoin Up or Down - February 16, 6:10AM-6:15AM ET",fast_crypto_up_down,BTC,true,1771240275,2026-02-16T11:11:15+00:00,1771240291,2026-02-16T11:11:31+00:00,2,0,79.342485,0,79.342485,0,0.9314049087320620646010078963,,still_open,false,,true,0x8eafa2dc3ff43c2dcb559b4d4288ed4e193a06df99f2b1b39f8e57025eeff668;0xa040ee14e5fcf7a3942ddea6b2fc23752c92b8f555d87c519db81bccb90ff0fb,none
0xde79cc7660d5c05b4cd2f4e72cae30cde2583d9a,https://polymarket.com/0xde79cc7660d5c05b4cd2f4e72cae30cde2583d9a,0x9ff912f9a78b17ebf7b39fa00e1aa732f0871a611b3349728e9dab45a56e0e0c,6606385024474879371520514013925326270155710322314391181655404617277436314025,Up,0xde79cc7660d5c05b4cd2f4e72cae30cde2583d9a|0x9ff912f9a78b17ebf7b39fa00e1aa732f0871a611b3349728e9dab45a56e0e0c|6606385024474879371520514013925326270155710322314391181655404617277436314025|Up,btc-updown-5m-1771278900,btc-updown-5m-1771278900,"Bitcoin Up or Down - February 16, 4:55PM-5:00PM ET",fast_crypto_up_down,BTC,true,1771279073,2026-02-16T21:57:53+00:00,1771279333,2026-02-16T22:02:13+00:00,1,1,380.7263,380.51,0.2163,0,0.95,0.999,partial_exit,false,,true,0x77afc469ebf5a1949abc81a8a792c1c00fa9ef6ef7bf95d54fea5ea11cb4e45e;0xed727062db5fc4809b65d4323896c8c980cafbbf130a55a256f3942d6a9cd4aa,none
0xde79cc7660d5c05b4cd2f4e72cae30cde2583d9a,https://polymarket.com/0xde79cc7660d5c05b4cd2f4e72cae30cde2583d9a,0xa0d8cf278a3dbc193f6341bfd34febf730c33d26b9f0849a3f31a9dcb2c8ba7c,70752050551455090662791650789488074239711496503593022052944752022385005309174,Down,0xde79cc7660d5c05b4cd2f4e72cae30cde2583d9a|0xa0d8cf278a3dbc193f6341bfd34febf730c33d26b9f0849a3f31a9dcb2c8ba7c|70752050551455090662791650789488074239711496503593022052944752022385005309174|Down,btc-updown-5m-1771237200,btc-updown-5m-1771237200,"Bitcoin Up or Down - February 16, 5:20AM-5:25AM ET",fast_crypto_up_down,BTC,true,1771237359,2026-02-16T10:22:39+00:00,1771237359,2026-02-16T10:22:39+00:00,1,0,73.185566,0,73.185566,0,0.9672672204243116,,still_open,false,,true,0x4996d9ac2353211dc0847e1abf16ea0f1f03cc787fcd23f8136dc022bfe8e478,none
0xde79cc7660d5c05b4cd2f4e72cae30cde2583d9a,https://polymarket.com/0xde79cc7660d5c05b4cd2f4e72cae30cde2583d9a,0xa18225b7b4d58006efa92cea79afa8b291c2d54c8408db3bb4ce6451c485f390,10906957689825578248095717120710111004991497566423815155656124539196077930870,Down,0xde79cc7660d5c05b4cd2f4e72cae30cde2583d9a|0xa18225b7b4d58006efa92cea79afa8b291c2d54c8408db3bb4ce6451c485f390|10906957689825578248095717120710111004991497566423815155656124539196077930870|Down,btc-updown-15m-1771276500,btc-updown-15m-1771276500,"Bitcoin Up or Down - February 16, 4:15PM-4:30PM ET",fast_crypto_up_down,BTC,true,1771277355,2026-02-16T21:29:15+00:00,1771277355,2026-02-16T21:29:15+00:00,1,0,375.71425,0,375.71425,0,0.98,,still_open,false,,true,0x478683a3c44e95ae080d3fb16eb1f01a908888de0c296ff2687192588a07e545,none
0xde79cc7660d5c05b4cd2f4e72cae30cde2583d9a,https://polymarket.com/0xde79cc7660d5c05b4cd2f4e72cae30cde2583d9a,0xa6fff465e2ab6340e80ecc871b7008cd7c575ccb5bbc22461ff77ffd2935a123,44436746328484984469490752918502108640768301581973396360758223280479557935949,Up,0xde79cc7660d5c05b4cd2f4e72cae30cde2583d9a|0xa6fff465e2ab6340e80ecc871b7008cd7c575ccb5bbc22461ff77ffd2935a123|44436746328484984469490752918502108640768301581973396360758223280479557935949|Up,btc-updown-5m-1771275000,btc-updown-5m-1771275000,"Bitcoin Up or Down - February 16, 3:50PM-3:55PM ET",fast_crypto_up_down,BTC,true,1771275171,2026-02-16T20:52:51+00:00,1771275259,2026-02-16T20:54:19+00:00,1,1,368.9263,368.71,0.2163,0,0.95,0.99,partial_exit,false,,true,0x25dd45730aa2401b11df4e8031e92127ac79c87cbffeab34081ffd7197b4bb4d;0xb0121d0d8d3f1092fcd5aed82f8cc3c7437d957bb2e59924b0d0127243179690,none
0xde79cc7660d5c05b4cd2f4e72cae30cde2583d9a,https://polymarket.com/0xde79cc7660d5c05b4cd2f4e72cae30cde2583d9a,0xabaa7ec522b8a84ca0c5c1ab3a7a4530f78c26fd6d4be9b23aaf8ce2932cfe67,10095620726424702722283864933313057337217664126660941979921878304498754548787,Down,0xde79cc7660d5c05b4cd2f4e72cae30cde2583d9a|0xabaa7ec522b8a84ca0c5c1ab3a7a4530f78c26fd6d4be9b23aaf8ce2932cfe67|10095620726424702722283864933313057337217664126660941979921878304498754548787|Down,btc-updown-5m-1771274100,btc-updown-5m-1771274100,"Bitcoin Up or Down - February 16, 3:35PM-3:40PM ET",fast_crypto_up_down,BTC,true,1771274325,2026-02-16T20:38:45+00:00,1771274483,2026-02-16T20:41:23+00:00,1,1,340.03156,339.83,0.20156,0,0.95,0.999,partial_exit,false,,true,0x14867506036e5fb32f1a73a8ab6a7ef4d17682c4f0d03ca9901064cf25fed327;0xbf3f9081b3c96151b6670cee60e5071e0b5caee8e7be902caf816b8d968623f8,none
0xde79cc7660d5c05b4cd2f4e72cae30cde2583d9a,https://polymarket.com/0xde79cc7660d5c05b4cd2f4e72cae30cde2583d9a,0xaf988ba63b3e1788f5c304de411d3ec24d80869dc5456d3a5c0813c64d6f03c6,103094332073715085825902168086964973957740353697131506775679911279457878735521,Up,0xde79cc7660d5c05b4cd2f4e72cae30cde2583d9a|0xaf988ba63b3e1788f5c304de411d3ec24d80869dc5456d3a5c0813c64d6f03c6|103094332073715085825902168086964973957740353697131506775679911279457878735521|Up,btc-updown-5m-1771244400,btc-updown-5m-1771244400,"Bitcoin Up or Down - February 16, 7:20AM-7:25AM ET",fast_crypto_up_down,BTC,true,1771244585,2026-02-16T12:23:05+00:00,1771244661,2026-02-16T12:24:21+00:00,4,0,102.121412,0,102.121412,0,0.966985552452016624289621064,,still_open,false,,true,0x06519f7e395ba4807ba05605881be446ba03c86388b9ee2a401f719329eba8c7;0x1162e1fbbf9c453655ce1547ea481f781c92e730a66eb9dd7811dce90022e53b;0x98760288523b9ba5680553cc020d3147f7f905a5f465979d83471df7d74b3b75;0xd5a58984aea2b02d78030fd5c8a38307dbf4e507ad3f3ff6ccc342f6f53e8096,none
0xde79cc7660d5c05b4cd2f4e72cae30cde2583d9a,https://polymarket.com/0xde79cc7660d5c05b4cd2f4e72cae30cde2583d9a,0xb335c938da2d5023712becc181b0227fe1ef3faa7a2d5b2a617c6fd23ba6f828,53124106059550407960381205576740689381901151692657971706318077070204873361578,Down,0xde79cc7660d5c05b4cd2f4e72cae30cde2583d9a|0xb335c938da2d5023712becc181b0227fe1ef3faa7a2d5b2a617c6fd23ba6f828|53124106059550407960381205576740689381901151692657971706318077070204873361578|Down,btc-updown-5m-1771243800,btc-updown-5m-1771243800,"Bitcoin Up or Down - February 16, 7:10AM-7:15AM ET",fast_crypto_up_down,BTC,true,1771244027,2026-02-16T12:13:47+00:00,1771244027,2026-02-16T12:13:47+00:00,1,0,98.82442,0,98.82442,0,0.9415688855042104,,still_open,false,,true,0x5628cdf5e8b8e4a6e053ddf9332e7a70dcf04eda332eca457bf8b53c2298d196,none
0xde79cc7660d5c05b4cd2f4e72cae30cde2583d9a,https://polymarket.com/0xde79cc7660d5c05b4cd2f4e72cae30cde2583d9a,0xbc5b3456f58b9d50591593c1855b36990be36e986523f3c936d7eece1ac6aa75,60372480659066749659245261515726029271626208338423506511721323939353936635772,Down,0xde79cc7660d5c05b4cd2f4e72cae30cde2583d9a|0xbc5b3456f58b9d50591593c1855b36990be36e986523f3c936d7eece1ac6aa75|60372480659066749659245261515726029271626208338423506511721323939353936635772|Down,btc-updown-5m-1771282200,btc-updown-5m-1771282200,"Bitcoin Up or Down - February 16, 5:50PM-5:55PM ET",fast_crypto_up_down,BTC,true,1771282381,2026-02-16T22:53:01+00:00,1771282381,2026-02-16T22:53:01+00:00,1,0,259.4787,0,259.4787,0,0.9229273578139554,,still_open,false,,true,0xbdf6b1640d603547af52829308bdc892ca4b28aad2167b9f75153d7b29aeab94,none
0xde79cc7660d5c05b4cd2f4e72cae30cde2583d9a,https://polymarket.com/0xde79cc7660d5c05b4cd2f4e72cae30cde2583d9a,0xc10bcbf65b84d311cfd2a249dd321b03106ae2c2aa2746c829babf979aebf372,56786514857032019101074734002165588949835999213983845374984169374202673110696,Down,0xde79cc7660d5c05b4cd2f4e72cae30cde2583d9a|0xc10bcbf65b84d311cfd2a249dd321b03106ae2c2aa2746c829babf979aebf372|56786514857032019101074734002165588949835999213983845374984169374202673110696|Down,btc-updown-15m-1771279200,btc-updown-15m-1771279200,"Bitcoin Up or Down - February 16, 5:00PM-5:15PM ET",fast_crypto_up_down,BTC,true,1771280011,2026-02-16T22:13:31+00:00,1771280011,2026-02-16T22:13:31+00:00,1,0,202.37755,0,202.37755,0,0.98,,still_open,false,,true,0x6a3c76c17879e7c24860c44c559d0095e080dd01f13cd847dbf2ada9106a7675,none
0xde79cc7660d5c05b4cd2f4e72cae30cde2583d9a,https://polymarket.com/0xde79cc7660d5c05b4cd2f4e72cae30cde2583d9a,0xc7af825c5745cac5c1e6670d854bc77656ca03da9c4c8ac4bf2a2ba81ad0a1b5,84247069850592364727366838969780080901628433006217408981327913765280727350970,Down,0xde79cc7660d5c05b4cd2f4e72cae30cde2583d9a|0xc7af825c5745cac5c1e6670d854bc77656ca03da9c4c8ac4bf2a2ba81ad0a1b5|84247069850592364727366838969780080901628433006217408981327913765280727350970|Down,btc-updown-5m-1771262100,btc-updown-5m-1771262100,"Bitcoin Up or Down - February 16, 12:15PM-12:20PM ET",fast_crypto_up_down,BTC,true,1771262267,2026-02-16T17:17:47+00:00,1771262387,2026-02-16T17:19:47+00:00,1,1,197.824166,197.46,0.364166,0,0.9058043545599985,0.9712969715385394,partial_exit,false,,true,0xe16b3a3d5a7c599df4616e42080ef5d349b6add041ccfbd54435bfacf536a5c0;0xf92418e4b68487bfaf61a2105273ca7c80e218fbef7e6884da605dd256c05ff5,none
0xde79cc7660d5c05b4cd2f4e72cae30cde2583d9a,https://polymarket.com/0xde79cc7660d5c05b4cd2f4e72cae30cde2583d9a,0xc99e4cf77c61b329f6e996693726cda90abc578e0d22f588f62b78d76185645b,115122762883553093991228315491545172369724679350097496427535717136355209576798,Down,0xde79cc7660d5c05b4cd2f4e72cae30cde2583d9a|0xc99e4cf77c61b329f6e996693726cda90abc578e0d22f588f62b78d76185645b|115122762883553093991228315491545172369724679350097496427535717136355209576798|Down,btc-updown-15m-1771280100,btc-updown-15m-1771280100,"Bitcoin Up or Down - February 16, 5:15PM-5:30PM ET",fast_crypto_up_down,BTC,true,1771280845,2026-02-16T22:27:25+00:00,1771281151,2026-02-16T22:32:31+00:00,1,1,233.94736,233.81,0.13736,0,0.95,0.999,partial_exit,false,,true,0x4f8b98ea239c0666d6a8c6487b8bde64a4e7d052d74d455878eb44c7e6bea948;0xe68e171f747d2ed6d647fd9bcacb9330c552a9402bad1d2f16c3985a0bb6d101,none
0xde79cc7660d5c05b4cd2f4e72cae30cde2583d9a,https://polymarket.com/0xde79cc7660d5c05b4cd2f4e72cae30cde2583d9a,0xd17e2e81c2e8f526ad1152d171be78352284824f84e8e1b42fe69c97272eb481,114020280452071777084023062623741247341034443897425248630000621577531069118965,Up,0xde79cc7660d5c05b4cd2f4e72cae30cde2583d9a|0xd17e2e81c2e8f526ad1152d171be78352284824f84e8e1b42fe69c97272eb481|114020280452071777084023062623741247341034443897425248630000621577531069118965|Up,btc-updown-5m-1771279800,btc-updown-5m-1771279800,"Bitcoin Up or Down - February 16, 5:10PM-5:15PM ET",fast_crypto_up_down,BTC,true,1771279933,2026-02-16T22:12:13+00:00,1771279997,2026-02-16T22:13:17+00:00,1,1,350.483832,347.95,2.533832,0,0.7831174306494115,0.63,partial_exit,false,,true,0x1a349ff7ec4564195e1cac03b0aa59eabd838eb3eff2747ed578e4d683271311;0x7d73d2a283b943a45c18a95d05a3afb003f4fc7a7ae1da2d5acff6efcbcb6229,none
0xde79cc7660d5c05b4cd2f4e72cae30cde2583d9a,https://polymarket.com/0xde79cc7660d5c05b4cd2f4e72cae30cde2583d9a,0xd271dec2c36f3f4596d3ccec5a97fa288886ff67a456a74c80af29a4efe50f0e,66232177729087725563513157602537363907148875330337597264239684497710813625692,Down,0xde79cc7660d5c05b4cd2f4e72cae30cde2583d9a|0xd271dec2c36f3f4596d3ccec5a97fa288886ff67a456a74c80af29a4efe50f0e|66232177729087725563513157602537363907148875330337597264239684497710813625692|Down,btc-updown-5m-1771267500,btc-updown-5m-1771267500,"Bitcoin Up or Down - February 16, 1:45PM-1:50PM ET",fast_crypto_up_down,BTC,true,1771267715,2026-02-16T18:48:35+00:00,1771267715,2026-02-16T18:48:35+00:00,1,0,279.993083,0,279.993083,0,0.9389874749155857,,still_open,false,,true,0x213ffa53390561b484c792a71d125fd02280b21c3d4da1e4ca0571bfed057194,none
0xde79cc7660d5c05b4cd2f4e72cae30cde2583d9a,https://polymarket.com/0xde79cc7660d5c05b4cd2f4e72cae30cde2583d9a,0xd6e743655f74c8e3c67527de54aecaf70642cbc68579d46112adadb788f9e5a9,84123857543977526234600150595912372209973460701684676831569529221079135611195,Up,0xde79cc7660d5c05b4cd2f4e72cae30cde2583d9a|0xd6e743655f74c8e3c67527de54aecaf70642cbc68579d46112adadb788f9e5a9|84123857543977526234600150595912372209973460701684676831569529221079135611195|Up,btc-updown-15m-1771272900,btc-updown-15m-1771272900,"Bitcoin Up or Down - February 16, 3:15PM-3:30PM ET",fast_crypto_up_down,BTC,true,1771273609,2026-02-16T20:26:49+00:00,1771273669,2026-02-16T20:27:49+00:00,1,1,308.7857,308.75,0.0357,0,0.98,0.98,partial_exit,false,,true,0x6ee7e692c45b5239cb5a9eeb895e8954cc056e8a2707d74ea13e7ea1d329d257;0xf716bc13a890f93e19adc77d42e3c4f17b17149983f4feae48f4a6a14ae59027,none
0xde79cc7660d5c05b4cd2f4e72cae30cde2583d9a,https://polymarket.com/0xde79cc7660d5c05b4cd2f4e72cae30cde2583d9a,0xd7ab328735923b293a244b6966d57a0e1362f7d81ffa0008e0c40e2f670d635e,108527551578113685821848196631559975620480584721305267560519961645860771758147,Up,0xde79cc7660d5c05b4cd2f4e72cae30cde2583d9a|0xd7ab328735923b293a244b6966d57a0e1362f7d81ffa0008e0c40e2f670d635e|108527551578113685821848196631559975620480584721305267560519961645860771758147|Up,btc-updown-15m-1771274700,btc-updown-15m-1771274700,"Bitcoin Up or Down - February 16, 3:45PM-4:00PM ET",fast_crypto_up_down,BTC,true,1771275283,2026-02-16T20:54:43+00:00,1771275745,2026-02-16T21:02:25+00:00,1,1,403.410766,402.66,0.750766,0,0.9048097566141802,0.999,partial_exit,false,,true,0x1c3eb170a6fab455129f64b863a8e18500d8319832317b41ddad69b1751e2568;0xfdd956f5d4f9942bc84d012d5e1e9ff92dbe50b1293c56d31b064636fe597ee1,none
0xde79cc7660d5c05b4cd2f4e72cae30cde2583d9a,https://polymarket.com/0xde79cc7660d5c05b4cd2f4e72cae30cde2583d9a,0xdd7a489c86322fba4e4a8a20638f98c378cc076eef493d08fd6af1d2b73edb3c,103927816016202751061724512752989082199956598040964653826191736903517318487556,Down,0xde79cc7660d5c05b4cd2f4e72cae30cde2583d9a|0xdd7a489c86322fba4e4a8a20638f98c378cc076eef493d08fd6af1d2b73edb3c|103927816016202751061724512752989082199956598040964653826191736903517318487556|Down,btc-updown-15m-1771324200,btc-updown-15m-1771324200,"Bitcoin Up or Down - February 17, 5:30AM-5:45AM ET",fast_crypto_up_down,BTC,true,1771324971,2026-02-17T10:42:51+00:00,1771324971,2026-02-17T10:42:51+00:00,1,0,100.0918,0,100.0918,0,0.9796003668632196,,still_open,false,,true,0x75214b2188ee4a2f195409dcd2dacd7f0c9c0cd690c89d7e1c3a417b2f93c75a,none
0xde79cc7660d5c05b4cd2f4e72cae30cde2583d9a,https://polymarket.com/0xde79cc7660d5c05b4cd2f4e72cae30cde2583d9a,0xdf9a79ef3faf407febdb179da21ab93423ab420021b70170b508af14b95eefa6,35657530019220905780436760381506499019343558108763721414474519073851519052687,Up,0xde79cc7660d5c05b4cd2f4e72cae30cde2583d9a|0xdf9a79ef3faf407febdb179da21ab93423ab420021b70170b508af14b95eefa6|35657530019220905780436760381506499019343558108763721414474519073851519052687|Up,btc-updown-5m-1771275900,btc-updown-5m-1771275900,"Bitcoin Up or Down - February 16, 4:05PM-4:10PM ET",fast_crypto_up_down,BTC,true,1771276157,2026-02-16T21:09:17+00:00,1771276157,2026-02-16T21:09:17+00:00,1,0,414.701029,0,414.701029,0,0.9699999996865212,,still_open,false,,true,0x61f3fc4a8de3aad75bac9a163d793bb85fd8b3aac1dab9335dbd3657da1db65f,none
0xde79cc7660d5c05b4cd2f4e72cae30cde2583d9a,https://polymarket.com/0xde79cc7660d5c05b4cd2f4e72cae30cde2583d9a,0xf09cbb02a77963866fc39fbf3785ef6d4664b0737bed4513c33d60d6fc4c0c32,111220752415266568315044210759061945840571789611044601803375625216801382173396,Up,0xde79cc7660d5c05b4cd2f4e72cae30cde2583d9a|0xf09cbb02a77963866fc39fbf3785ef6d4664b0737bed4513c33d60d6fc4c0c32|111220752415266568315044210759061945840571789611044601803375625216801382173396|Up,btc-updown-5m-1771281000,btc-updown-5m-1771281000,"Bitcoin Up or Down - February 16, 5:30PM-5:35PM ET",fast_crypto_up_down,BTC,true,1771281253,2026-02-16T22:34:13+00:00,1771281421,2026-02-16T22:37:01+00:00,1,1,239.76265,239.72,0.04265,0,0.9741717360898372,0.999,partial_exit,false,,true,0x74c24427510253ca8ed3814cfa879d5335b8824d0765daca39b3bf77ce410baa;0xc0866a03c3ca6b1de61cdead512e17f855a65c413034288d1638e926dae386c5,none
0xde79cc7660d5c05b4cd2f4e72cae30cde2583d9a,https://polymarket.com/0xde79cc7660d5c05b4cd2f4e72cae30cde2583d9a,0xf16102dfb2f1f52820379f41ca1e9f080f52a3c77d07e35b36d530886570ab70,110412322559634297179390871586061836199823585395911718369401115060791720876342,Up,0xde79cc7660d5c05b4cd2f4e72cae30cde2583d9a|0xf16102dfb2f1f52820379f41ca1e9f080f52a3c77d07e35b36d530886570ab70|110412322559634297179390871586061836199823585395911718369401115060791720876342|Up,btc-updown-5m-1771273200,btc-updown-5m-1771273200,"Bitcoin Up or Down - February 16, 3:20PM-3:25PM ET",fast_crypto_up_down,BTC,true,1771273449,2026-02-16T20:24:09+00:00,1771273595,2026-02-16T20:26:35+00:00,1,1,303.525333,303.45,0.075333,0,0.9695400713060086,0.99,partial_exit,false,,true,0xe00c447096b37abf8279afeb8bed91b097b1086d4d2c6abf18d3c7edc24482de;0xfb396e086a1405095bfef70dc599da31ed51c526b7cee267860d9c88ed6a8907,none
0xde79cc7660d5c05b4cd2f4e72cae30cde2583d9a,https://polymarket.com/0xde79cc7660d5c05b4cd2f4e72cae30cde2583d9a,0xf16102dfb2f1f52820379f41ca1e9f080f52a3c77d07e35b36d530886570ab70,25055498435800800252876333907251267767119488125976788948432409978919647209726,Down,0xde79cc7660d5c05b4cd2f4e72cae30cde2583d9a|0xf16102dfb2f1f52820379f41ca1e9f080f52a3c77d07e35b36d530886570ab70|25055498435800800252876333907251267767119488125976788948432409978919647209726|Down,btc-updown-5m-1771273200,btc-updown-5m-1771273200,"Bitcoin Up or Down - February 16, 3:20PM-3:25PM ET",fast_crypto_up_down,BTC,true,1771273401,2026-02-16T20:23:21+00:00,1771273461,2026-02-16T20:24:21+00:00,1,1,55.531577,55.22,0.311577,0,0.18007770605902296,0.04,partial_exit,false,,true,0x4982468ebb621a41d88feaa25ea3014a70e24af1f3b8a787ae7c3b7276152788;0x9cfcf4a2f6a6dc3c0b1947662af44b4be0227cf4ffc6b8ad30ad4dc445456781,none
0xde79cc7660d5c05b4cd2f4e72cae30cde2583d9a,https://polymarket.com/0xde79cc7660d5c05b4cd2f4e72cae30cde2583d9a,0xf6575864037284884a429b895a41f5bca8ecba5a29832746954144acd766c97b,37130010088332442648744861772391477522187945138945162874088816234183570825771,Up,0xde79cc7660d5c05b4cd2f4e72cae30cde2583d9a|0xf6575864037284884a429b895a41f5bca8ecba5a29832746954144acd766c97b|37130010088332442648744861772391477522187945138945162874088816234183570825771|Up,btc-updown-5m-1771272600,btc-updown-5m-1771272600,"Bitcoin Up or Down - February 16, 3:10PM-3:15PM ET",fast_crypto_up_down,BTC,true,1771272849,2026-02-16T20:14:09+00:00,1771272949,2026-02-16T20:15:49+00:00,1,1,44.92111,44.23,0.69111,0,0.4452249510308183,0.92,partial_exit,false,,true,0x35dd7fd0eaef9fae4c510d09c1e7d6107137f2cb9918ac7d89a1d18b1322a09f;0x908ccd188afde7cc8288c73e8a2d94e81e6046725e87f5af76683aa47a1e16e0,none
0xde79cc7660d5c05b4cd2f4e72cae30cde2583d9a,https://polymarket.com/0xde79cc7660d5c05b4cd2f4e72cae30cde2583d9a,0xf6a628bf4b0aa4b1ad98151a26d50591ed8644c69c15a8d123ee0eaccef91b82,24858849614183142479964066150980801656466116672945242948492693250520073404090,Up,0xde79cc7660d5c05b4cd2f4e72cae30cde2583d9a|0xf6a628bf4b0aa4b1ad98151a26d50591ed8644c69c15a8d123ee0eaccef91b82|24858849614183142479964066150980801656466116672945242948492693250520073404090|Up,btc-updown-5m-1771272300,btc-updown-5m-1771272300,"Bitcoin Up or Down - February 16, 3:05PM-3:10PM ET",fast_crypto_up_down,BTC,true,1771272587,2026-02-16T20:09:47+00:00,1771272627,2026-02-16T20:10:27+00:00,1,1,20.833332,20.5,0.333332,0,0.4799999827199989,0.99,partial_exit,false,,true,0x47a7d590bff24d61dc4d1f1293cec84eb4bbdc86a9e041fe7a99e46d9a3c4f2f;0xd9983aee32f666df103ceee063d019f783277e2ea53a24571fc9283266946233,none
0xde79cc7660d5c05b4cd2f4e72cae30cde2583d9a,https://polymarket.com/0xde79cc7660d5c05b4cd2f4e72cae30cde2583d9a,0xf6a628bf4b0aa4b1ad98151a26d50591ed8644c69c15a8d123ee0eaccef91b82,68190867518223789074472591711104344287481977052831963904935184472968831390555,Down,0xde79cc7660d5c05b4cd2f4e72cae30cde2583d9a|0xf6a628bf4b0aa4b1ad98151a26d50591ed8644c69c15a8d123ee0eaccef91b82|68190867518223789074472591711104344287481977052831963904935184472968831390555|Down,btc-updown-5m-1771272300,btc-updown-5m-1771272300,"Bitcoin Up or Down - February 16, 3:05PM-3:10PM ET",fast_crypto_up_down,BTC,true,1771272413,2026-02-16T20:06:53+00:00,1771272487,2026-02-16T20:08:07+00:00,1,1,422.214541,420.98,1.234541,0,0.8767817307362704,0.6576488194213502,partial_exit,false,,true,0x990ab2954a7a09068fb1669c0df41543f65d45a35beafee8221665f3ddc18af7;0xc1553decb6a2ccb6a4b138dd872d93e5eb3e57ca2b1b2a6b048076b53570527a,none
