scenario,session_number,entry_timestamp,market_id,asset,side,external_move_regime,spread_regime,quote_age_regime,base_pnl,spread_cost,delay_cost,quote_age_cost,transaction_cost,missed_fill,fill_ratio,stressed_pnl
executable_quote_0s,1,2026-06-24T15:43:06.758948+00:00,0x80658216d4530ee5d8f87f3a84d6788c0505a016f5d1a52bfb8fc3c1afc1f1c2,ETH,YES,low,low,medium,-0.05,0.0,0.0,0.0,0.0,False,1.0,-0.03
executable_quote_0s,1,2026-06-24T15:48:20.766212+00:00,0x8e22e9bf1a5c5cf1e5a91126865227cf0b75a5ec64611f0e0b23348e2b8eebc6,SOL,YES,medium,low,medium,-0.05,0.0,0.0,0.0,0.0,False,1.0,-0.03
executable_quote_0s,1,2026-06-24T15:48:30.765676+00:00,0x8e22e9bf1a5c5cf1e5a91126865227cf0b75a5ec64611f0e0b23348e2b8eebc6,SOL,YES,medium,low,medium,-0.04,0.0,0.0,0.0,0.0,False,1.0,-0.028999999999999998
executable_quote_0s,1,2026-06-24T16:03:06.764139+00:00,0x898e75f4a2714851629ab01153214fbf585c570d631964d411eb3f85d6f77427,ETH,NO,low,medium,high,0.07000000000000002,0.0,0.0,0.0,0.0,False,1.0,0.07999999999999996
executable_quote_0s,1,2026-06-24T16:03:34.761565+00:00,0x898e75f4a2714851629ab01153214fbf585c570d631964d411eb3f85d6f77427,ETH,NO,low,medium,medium,0.01999999999999998,0.0,0.0,0.0,0.0,False,1.0,0.030000000000000027
executable_quote_0s,1,2026-06-24T16:03:36.766733+00:00,0x898e75f4a2714851629ab01153214fbf585c570d631964d411eb3f85d6f77427,ETH,NO,low,medium,medium,0.020000000000000035,0.0,0.0,0.0,0.0,False,1.0,0.030000000000000027
executable_quote_0s,1,2026-06-24T16:03:56.765843+00:00,0x898e75f4a2714851629ab01153214fbf585c570d631964d411eb3f85d6f77427,ETH,NO,medium,medium,medium,-0.07000000000000002,0.0,0.0,0.0,0.0,False,1.0,-0.06999999999999995
executable_quote_0s,1,2026-06-24T16:17:42.762123+00:00,0x16d9a49118c42f6c43e48602f4356b563fe7d62f03eace901d12f3671b7534cd,SOL,NO,low,medium,high,0.18000000000000002,0.0,0.0,0.0,0.0,False,1.0,0.19000000000000006
executable_quote_0s,1,2026-06-24T16:22:52.762411+00:00,0x76ee4df37777787c309b30aa15d0861f505cc65be0cea6ab16949e8fba9fa172,SOL,NO,medium,medium,medium,-0.11999999999999998,0.0,0.0,0.0,0.0,False,1.0,-0.12
executable_quote_0s,1,2026-06-24T16:22:54.752727+00:00,0x76ee4df37777787c309b30aa15d0861f505cc65be0cea6ab16949e8fba9fa172,SOL,NO,medium,medium,medium,-0.06500000000000002,0.0,0.0,0.0,0.0,False,1.0,-0.050000000000000044
executable_quote_0s,1,2026-06-24T16:41:48.765478+00:00,0x54faa3af7fa6193533f340c3ceb42d2a8d405f5e3b23e2178d2a0212ac8cd968,ETH,YES,low,low,medium,-0.09500000000000001,0.0,0.0,0.0,0.0,False,1.0,-0.08999999999999997
executable_quote_0s,1,2026-06-24T16:41:50.756781+00:00,0x54faa3af7fa6193533f340c3ceb42d2a8d405f5e3b23e2178d2a0212ac8cd968,ETH,YES,low,medium,low,-0.055000000000000035,0.0,0.0,0.0,0.0,False,1.0,-0.050000000000000044
executable_quote_0s,1,2026-06-24T16:48:48.757094+00:00,0x6a9cd2dd7bc9c9807d3452c9f1a97c34ac7aedbc934b79054d8b3a0bfdcd4e42,BTC,YES,low,low,high,-0.0325,0.0,0.0,0.0,0.0,False,1.0,-0.018000000000000002
executable_quote_0s,1,2026-06-24T16:51:06.758502+00:00,0xabff544d3602969cb25677257451bdb7c6ad59b48e75d1d633afb248b012b06c,ETH,NO,low,medium,medium,0.30000000000000004,0.0,0.0,0.0,0.0,False,1.0,0.31000000000000005
executable_quote_0s,1,2026-06-24T16:52:04.761668+00:00,0x7d0f63daa0e0bd4993d80fa4bcb62fd622043fb264ec4a7aa7b875871c6a353a,SOL,YES,medium,medium,medium,0.030000000000000002,0.0,0.0,0.0,0.0,False,1.0,0.039999999999999994
executable_quote_0s,1,2026-06-24T16:52:06.767562+00:00,0x7d0f63daa0e0bd4993d80fa4bcb62fd622043fb264ec4a7aa7b875871c6a353a,SOL,YES,high,medium,medium,0.05,0.0,0.0,0.0,0.0,False,1.0,0.06
executable_quote_0s,1,2026-06-24T16:53:18.759891+00:00,0x11be248eacf03fecfc51007bb9833cc1452e33e48c5226ab9c30e91656ca4fed,BTC,YES,low,medium,medium,-0.05,0.0,0.0,0.0,0.0,False,1.0,-0.030000000000000006
executable_quote_0s,1,2026-06-24T16:53:52.752947+00:00,0x7d0f63daa0e0bd4993d80fa4bcb62fd622043fb264ec4a7aa7b875871c6a353a,SOL,YES,high,low,medium,-0.05,0.0,0.0,0.0,0.0,False,1.0,-0.04
executable_quote_0s,1,2026-06-24T16:53:54.758545+00:00,0xabff544d3602969cb25677257451bdb7c6ad59b48e75d1d633afb248b012b06c,ETH,NO,high,low,medium,-0.02,0.0,0.0,0.0,0.0,False,1.0,-0.008000000000000007
executable_quote_0s,1,2026-06-24T16:55:32.763105+00:00,0xdc4693598a20d019c083949d35703b04d5de73552f4d0fb762787cbe10eef7af,ETH,YES,low,medium,medium,0.035000000000000045,0.0,0.0,0.0,0.0,False,1.0,0.040000000000000036
executable_quote_0s,1,2026-06-24T17:10:44.757531+00:00,0x6bcbfb85688c3516d74eda21ae1058775c9dbb0c3c2ed80679bea5efa4224f1f,SOL,YES,low,medium,medium,-0.09000000000000001,0.0,0.0,0.0,0.0,False,1.0,-0.08000000000000002
executable_quote_0s,1,2026-06-24T17:10:48.752203+00:00,0x6bcbfb85688c3516d74eda21ae1058775c9dbb0c3c2ed80679bea5efa4224f1f,SOL,YES,low,medium,medium,0.07000000000000002,0.0,0.0,0.0,0.0,False,1.0,0.08000000000000002
executable_quote_0s,1,2026-06-24T17:15:08.754027+00:00,0x2a87ba5465e5a39b23f5c245ce8daf4e9166a6b5d3a01f97e3c5cebe5f542667,ETH,YES,low,medium,medium,0.08999999999999998,0.0,0.0,0.0,0.0,False,1.0,0.09999999999999998
executable_quote_0s,1,2026-06-24T17:15:32.759728+00:00,0xc6ddbe45253f77b8dbd808a9153ec3477a66b95ce3dcd40edbdbf5e69a9fad74,BTC,YES,low,medium,medium,-0.059999999999999984,0.0,0.0,0.0,0.0,False,1.0,-0.030000000000000027
executable_quote_0s,1,2026-06-24T17:17:04.766209+00:00,0xc6ddbe45253f77b8dbd808a9153ec3477a66b95ce3dcd40edbdbf5e69a9fad74,BTC,YES,low,medium,medium,0.01999999999999998,0.0,0.0,0.0,0.0,False,1.0,0.03
executable_quote_0s,1,2026-06-24T17:20:12.764868+00:00,0xd8e21b0124221e5a6948b65f0b5c1b7c563a3c7e6ea11a1e7d760638a2e885ba,SOL,NO,medium,medium,high,0.15500000000000005,0.0,0.0,0.0,0.0,False,1.0,-0.030000000000000027
executable_quote_0s,1,2026-06-24T17:25:44.756279+00:00,0x0a15e96a2f8db3533603fd8a311915394fd8b8b6cbc3c3b90e5225964660bd94,ETH,YES,low,medium,high,0.030000000000000044,0.0,0.0,0.0,0.0,False,1.0,0.040000000000000036
executable_quote_0s,1,2026-06-24T17:26:36.761972+00:00,0x0a15e96a2f8db3533603fd8a311915394fd8b8b6cbc3c3b90e5225964660bd94,ETH,YES,low,medium,high,0.11,0.0,0.0,0.0,0.0,False,1.0,0.12
executable_quote_0s,1,2026-06-24T17:28:30.758436+00:00,0x8b89ebef2e337682d0c761c2d9ea76b14916b0fbaa6b07ab496782aa61d08092,SOL,NO,low,medium,medium,-0.03,0.0,0.0,0.0,0.0,False,1.0,-0.019000000000000017
executable_quote_0s,1,2026-06-24T17:32:12.757879+00:00,0xc53755a72a77c13680d29f80e88a1ffcdaeda374fb64389c3801a5660e24deb8,SOL,NO,low,medium,medium,0.030000000000000044,0.0,0.0,0.0,0.0,False,1.0,0.039999999999999925
executable_quote_0s,1,2026-06-24T17:40:50.764310+00:00,0xe162acce182a1c54de6efd4a047bee1957d9d0ce3a96723f622886a34ce9ef56,BTC,NO,low,medium,medium,-0.05000000000000003,0.0,0.0,0.0,0.0,False,1.0,-0.040000000000000036
executable_quote_0s,1,2026-06-24T17:46:02.756352+00:00,0x931296be6d3fc5e74df946ebeb47595bd30d0b51c747520c22454b54dbde783c,ETH,NO,medium,medium,high,0.16,0.0,0.0,0.0,0.0,False,1.0,0.17000000000000004
executable_quote_0s,1,2026-06-24T17:50:26.761135+00:00,0xe0261c3af71ec76885a6befe78536d37f4f39622a19d0102257561caaca61811,SOL,NO,low,medium,medium,0.06000000000000001,0.0,0.0,0.0,0.0,False,1.0,0.07000000000000006
executable_quote_0s,1,2026-06-24T18:00:58.760168+00:00,0x5a189bc1b252af1469e531eb62cee5995fe46dd01bcaff6b137a7bc3109e2e43,SOL,NO,medium,low,medium,-0.05000000000000003,0.0,0.0,0.0,0.0,False,1.0,-0.039999999999999925
executable_quote_0s,1,2026-06-24T18:01:08.757617+00:00,0x5a189bc1b252af1469e531eb62cee5995fe46dd01bcaff6b137a7bc3109e2e43,SOL,NO,medium,medium,medium,0.010000000000000026,0.0,0.0,0.0,0.0,False,1.0,0.04999999999999993
executable_quote_0s,1,2026-06-24T18:01:10.762661+00:00,0x5a189bc1b252af1469e531eb62cee5995fe46dd01bcaff6b137a7bc3109e2e43,SOL,NO,medium,medium,medium,-0.06999999999999999,0.0,0.0,0.0,0.0,False,1.0,-0.039999999999999925
executable_quote_0s,1,2026-06-24T18:01:28.765791+00:00,0x5a189bc1b252af1469e531eb62cee5995fe46dd01bcaff6b137a7bc3109e2e43,SOL,NO,medium,medium,medium,-0.05000000000000003,0.0,0.0,0.0,0.0,False,1.0,-0.040000000000000036
executable_quote_0s,1,2026-06-24T18:01:32.763050+00:00,0x5a189bc1b252af1469e531eb62cee5995fe46dd01bcaff6b137a7bc3109e2e43,SOL,NO,medium,medium,medium,0.07000000000000002,0.0,0.0,0.0,0.0,False,1.0,-0.030000000000000027
executable_quote_0s,1,2026-06-24T18:01:48.762400+00:00,0x5a189bc1b252af1469e531eb62cee5995fe46dd01bcaff6b137a7bc3109e2e43,SOL,NO,medium,medium,medium,0.059999999999999956,0.0,0.0,0.0,0.0,False,1.0,0.06999999999999995
executable_quote_0s,1,2026-06-24T18:05:24.753766+00:00,0x17dc5c06a8038c8b9fe98dc10caabed5e643e594aa096dfa257871e4e6fc79db,BTC,NO,medium,medium,high,0.05000000000000006,0.0,0.0,0.0,0.0,False,1.0,0.06000000000000005
executable_quote_0s,1,2026-06-24T18:05:28.765310+00:00,0x17dc5c06a8038c8b9fe98dc10caabed5e643e594aa096dfa257871e4e6fc79db,BTC,NO,medium,medium,high,0.06999999999999997,0.0,0.0,0.0,0.0,False,1.0,0.07999999999999996
executable_quote_0s,1,2026-06-24T18:05:36.760226+00:00,0x3d07d4fd8f80b13ff82b8a59ac4e27ef61cee1ca5f5e8b639dd421a3a7bc2fcb,SOL,NO,low,high,medium,0.04999999999999995,0.0,0.0,0.0,0.0,False,1.0,0.040000000000000036
executable_quote_0s,1,2026-06-24T18:06:36.754811+00:00,0x3d07d4fd8f80b13ff82b8a59ac4e27ef61cee1ca5f5e8b639dd421a3a7bc2fcb,SOL,YES,low,medium,medium,0.039999999999999994,0.0,0.0,0.0,0.0,False,1.0,0.04999999999999999
executable_quote_0s,1,2026-06-24T18:06:38.762149+00:00,0x3d07d4fd8f80b13ff82b8a59ac4e27ef61cee1ca5f5e8b639dd421a3a7bc2fcb,SOL,YES,low,medium,medium,0.09999999999999999,0.0,0.0,0.0,0.0,False,1.0,0.10999999999999999
executable_quote_0s,1,2026-06-24T18:10:32.759091+00:00,0xe3120089fce1f1a743fc240f0033561fca78ae3088352a0f3f52413a0a0b39cb,BTC,YES,low,medium,high,0.04999999999999995,0.0,0.0,0.0,0.0,False,1.0,0.05999999999999994
executable_quote_0s,1,2026-06-24T18:10:48.754900+00:00,0x2a8f1b4db2834d8f740fa140f88d4c2cd7464241d37403fce3ab3bc53ee78792,ETH,NO,low,medium,high,0.06999999999999997,0.0,0.0,0.0,0.0,False,1.0,0.08000000000000007
executable_quote_0s,1,2026-06-24T18:11:20.766968+00:00,0x2a8f1b4db2834d8f740fa140f88d4c2cd7464241d37403fce3ab3bc53ee78792,ETH,YES,low,medium,medium,-0.059999999999999984,0.0,0.0,0.0,0.0,False,1.0,-0.04999999999999999
executable_quote_0s,1,2026-06-24T18:20:04.756204+00:00,0x3d34074cabf8c0c7082b719f8b1d246fbf3344709e9dceb7baf2a9e21d9dcd71,BTC,YES,low,medium,medium,-0.13000000000000003,0.0,0.0,0.0,0.0,False,1.0,-0.050000000000000044
executable_quote_0s,1,2026-06-24T18:20:30.755092+00:00,0x3d34074cabf8c0c7082b719f8b1d246fbf3344709e9dceb7baf2a9e21d9dcd71,BTC,YES,low,medium,medium,-0.05499999999999998,0.0,0.0,0.0,0.0,False,1.0,-0.04999999999999999
executable_quote_0s,1,2026-06-24T18:20:36.756990+00:00,0x063b6476f22b96ffa4e2b1b40b6be64b68228f02258cf4f2cb5ae83ecbf708fd,ETH,YES,medium,medium,medium,0.04999999999999995,0.0,0.0,0.0,0.0,False,1.0,0.06000000000000005
executable_quote_0s,1,2026-06-24T18:20:40.753306+00:00,0x3d34074cabf8c0c7082b719f8b1d246fbf3344709e9dceb7baf2a9e21d9dcd71,BTC,YES,low,medium,medium,-0.059999999999999984,0.0,0.0,0.0,0.0,False,1.0,-0.03999999999999998
executable_quote_0s,1,2026-06-24T18:20:52.756246+00:00,0x3d34074cabf8c0c7082b719f8b1d246fbf3344709e9dceb7baf2a9e21d9dcd71,BTC,YES,low,medium,medium,0.039999999999999994,0.0,0.0,0.0,0.0,False,1.0,0.04999999999999999
executable_quote_0s,1,2026-06-24T18:20:54.762187+00:00,0x3d34074cabf8c0c7082b719f8b1d246fbf3344709e9dceb7baf2a9e21d9dcd71,BTC,YES,low,medium,medium,0.010000000000000026,0.0,0.0,0.0,0.0,False,1.0,-0.030000000000000027
executable_quote_0s,1,2026-06-24T18:21:06.764841+00:00,0x3d34074cabf8c0c7082b719f8b1d246fbf3344709e9dceb7baf2a9e21d9dcd71,BTC,YES,low,medium,medium,-0.05000000000000003,0.0,0.0,0.0,0.0,False,1.0,-0.030000000000000027
executable_quote_0s,1,2026-06-24T18:21:10.764191+00:00,0x3d34074cabf8c0c7082b719f8b1d246fbf3344709e9dceb7baf2a9e21d9dcd71,BTC,YES,low,medium,medium,0.020000000000000035,0.0,0.0,0.0,0.0,False,1.0,0.030000000000000027
executable_quote_0s,1,2026-06-24T18:21:12.754338+00:00,0x3d34074cabf8c0c7082b719f8b1d246fbf3344709e9dceb7baf2a9e21d9dcd71,BTC,YES,low,medium,medium,-0.06000000000000004,0.0,0.0,0.0,0.0,False,1.0,-0.06000000000000005
executable_quote_0s,1,2026-06-24T18:21:14.759655+00:00,0x3d34074cabf8c0c7082b719f8b1d246fbf3344709e9dceb7baf2a9e21d9dcd71,BTC,YES,low,high,medium,0.19499999999999998,0.0,0.0,0.0,0.0,False,1.0,0.16000000000000003
executable_quote_0s,1,2026-06-24T18:23:18.758759+00:00,0x3d34074cabf8c0c7082b719f8b1d246fbf3344709e9dceb7baf2a9e21d9dcd71,BTC,YES,low,medium,medium,0.01500000000000003,0.0,0.0,0.0,0.0,False,1.0,0.04999999999999993
executable_quote_0s,1,2026-06-24T18:26:40.754541+00:00,0x0f58baf57772722db394290841df2a23b89d3ef388a740790fe4356e58669164,ETH,NO,low,medium,medium,-0.38,0.0,0.0,0.0,0.0,False,1.0,-0.39
executable_quote_0s,1,2026-06-24T18:32:18.765892+00:00,0xbde68413691d686e0741615c9dad23d2669c8cfcdd14efb81d2fd53260602d61,SOL,NO,low,medium,medium,0.05,0.0,0.0,0.0,0.0,False,1.0,0.05999999999999994
executable_quote_0s,1,2026-06-24T18:32:28.765868+00:00,0xbde68413691d686e0741615c9dad23d2669c8cfcdd14efb81d2fd53260602d61,SOL,NO,low,medium,medium,-0.10000000000000002,0.0,0.0,0.0,0.0,False,1.0,-0.030000000000000027
executable_quote_0s,1,2026-06-24T18:32:34.767339+00:00,0xbde68413691d686e0741615c9dad23d2669c8cfcdd14efb81d2fd53260602d61,SOL,NO,low,medium,medium,-0.09999999999999999,0.0,0.0,0.0,0.0,False,1.0,-0.09000000000000008
executable_quote_0s,1,2026-06-24T18:32:36.756754+00:00,0xbde68413691d686e0741615c9dad23d2669c8cfcdd14efb81d2fd53260602d61,SOL,NO,low,medium,medium,0.025000000000000012,0.0,0.0,0.0,0.0,False,1.0,0.030000000000000027
executable_quote_0s,1,2026-06-24T18:32:38.763486+00:00,0xbde68413691d686e0741615c9dad23d2669c8cfcdd14efb81d2fd53260602d61,SOL,NO,low,high,medium,-0.07500000000000002,0.0,0.0,0.0,0.0,False,1.0,-0.09000000000000008
executable_quote_0s,1,2026-06-24T18:32:40.753774+00:00,0xbde68413691d686e0741615c9dad23d2669c8cfcdd14efb81d2fd53260602d61,SOL,NO,low,medium,medium,0.030000000000000016,0.0,0.0,0.0,0.0,False,1.0,0.040000000000000036
executable_quote_0s,1,2026-06-24T18:32:58.758626+00:00,0xbde68413691d686e0741615c9dad23d2669c8cfcdd14efb81d2fd53260602d61,SOL,NO,low,high,medium,-0.05000000000000003,0.0,0.0,0.0,0.0,False,1.0,-0.06999999999999995
executable_quote_0s,1,2026-06-24T18:33:00.765000+00:00,0xbde68413691d686e0741615c9dad23d2669c8cfcdd14efb81d2fd53260602d61,SOL,NO,low,medium,medium,0.014999999999999975,0.0,0.0,0.0,0.0,False,1.0,-0.04999999999999993
executable_quote_0s,1,2026-06-24T18:51:52.760600+00:00,0x76ceb5966715afdbb09250dea84bccfc837e72c59d375b0ca15e03fcc417fb4e,SOL,YES,low,medium,medium,-0.06999999999999999,0.0,0.0,0.0,0.0,False,1.0,-0.06
executable_quote_0s,1,2026-06-24T18:51:54.765991+00:00,0x76ceb5966715afdbb09250dea84bccfc837e72c59d375b0ca15e03fcc417fb4e,SOL,YES,low,medium,medium,0.039999999999999994,0.0,0.0,0.0,0.0,False,1.0,0.03999999999999998
executable_quote_0s,1,2026-06-24T18:51:56.756813+00:00,0x76ceb5966715afdbb09250dea84bccfc837e72c59d375b0ca15e03fcc417fb4e,SOL,YES,low,high,medium,0.01500000000000003,0.0,0.0,0.0,0.0,False,1.0,0.039999999999999925
executable_quote_0s,1,2026-06-24T18:52:10.764773+00:00,0x768552d5316e123aaa73080f47f5e8f4e0ba7553daff6a1d32fa8d9ed5552775,ETH,YES,low,medium,medium,0.059999999999999956,0.0,0.0,0.0,0.0,False,1.0,0.06999999999999995
executable_quote_0s,1,2026-06-24T18:52:48.766058+00:00,0x768552d5316e123aaa73080f47f5e8f4e0ba7553daff6a1d32fa8d9ed5552775,ETH,YES,low,low,medium,0.014999999999999975,0.0,0.0,0.0,0.0,False,1.0,0.07000000000000006
executable_quote_0s,1,2026-06-24T18:52:48.766058+00:00,0x76ceb5966715afdbb09250dea84bccfc837e72c59d375b0ca15e03fcc417fb4e,SOL,YES,low,low,medium,-0.07000000000000005,0.0,0.0,0.0,0.0,False,1.0,-0.06
executable_quote_0s,1,2026-06-24T18:52:52.763973+00:00,0x76ceb5966715afdbb09250dea84bccfc837e72c59d375b0ca15e03fcc417fb4e,SOL,YES,low,medium,medium,0.020000000000000035,0.0,0.0,0.0,0.0,False,1.0,0.030000000000000027
executable_quote_0s,1,2026-06-24T18:53:46.759987+00:00,0x76ceb5966715afdbb09250dea84bccfc837e72c59d375b0ca15e03fcc417fb4e,SOL,YES,medium,low,medium,0.09999999999999999,0.0,0.0,0.0,0.0,False,1.0,0.11000000000000004
executable_quote_0s,1,2026-06-24T19:00:16.766958+00:00,0x6f14d199dafd35a5f545aad500e9cd65eaf22a2bf1a522817da62c57245246f4,SOL,NO,low,medium,medium,0.020000000000000035,0.0,0.0,0.0,0.0,False,1.0,0.030000000000000027
executable_quote_0s,1,2026-06-24T19:00:20.764327+00:00,0x6f14d199dafd35a5f545aad500e9cd65eaf22a2bf1a522817da62c57245246f4,SOL,NO,low,high,medium,-0.06499999999999999,0.0,0.0,0.0,0.0,False,1.0,-0.06000000000000005
executable_quote_0s,1,2026-06-24T19:00:26.766094+00:00,0x6f14d199dafd35a5f545aad500e9cd65eaf22a2bf1a522817da62c57245246f4,SOL,NO,low,medium,medium,0.014999999999999975,0.0,0.0,0.0,0.0,False,1.0,-0.039999999999999925
executable_quote_0s,1,2026-06-24T19:00:34.758570+00:00,0x6f14d199dafd35a5f545aad500e9cd65eaf22a2bf1a522817da62c57245246f4,SOL,NO,low,medium,medium,-0.06999999999999999,0.0,0.0,0.0,0.0,False,1.0,-0.030000000000000027
executable_quote_0s,1,2026-06-24T19:00:46.763874+00:00,0x6f14d199dafd35a5f545aad500e9cd65eaf22a2bf1a522817da62c57245246f4,SOL,NO,low,low,medium,0.010000000000000026,0.0,0.0,0.0,0.0,False,1.0,-0.04999999999999993
executable_quote_0s,1,2026-06-24T19:01:30.763622+00:00,0x6f14d199dafd35a5f545aad500e9cd65eaf22a2bf1a522817da62c57245246f4,SOL,NO,low,medium,medium,-0.05000000000000003,0.0,0.0,0.0,0.0,False,1.0,-0.040000000000000036
executable_quote_0s,1,2026-06-24T19:02:02.766777+00:00,0x9828065f135b73cbb04da613189035c96beca24508e8d4b15f9a9b670b7519eb,ETH,NO,low,medium,medium,0.01999999999999998,0.0,0.0,0.0,0.0,False,1.0,0.030000000000000027
executable_quote_0s,1,2026-06-24T19:02:02.766777+00:00,0x6f14d199dafd35a5f545aad500e9cd65eaf22a2bf1a522817da62c57245246f4,SOL,NO,low,medium,high,0.06000000000000001,0.0,0.0,0.0,0.0,False,1.0,0.06000000000000005
executable_quote_0s,1,2026-06-24T19:02:04.757011+00:00,0x6f14d199dafd35a5f545aad500e9cd65eaf22a2bf1a522817da62c57245246f4,SOL,NO,low,medium,medium,-0.11499999999999998,0.0,0.0,0.0,0.0,False,1.0,-0.10999999999999999
executable_quote_0s,1,2026-06-24T19:02:06.762138+00:00,0x6f14d199dafd35a5f545aad500e9cd65eaf22a2bf1a522817da62c57245246f4,SOL,NO,low,medium,medium,0.02999999999999999,0.0,0.0,0.0,0.0,False,1.0,0.030000000000000027
executable_quote_0s,1,2026-06-24T19:02:08.753956+00:00,0x6f14d199dafd35a5f545aad500e9cd65eaf22a2bf1a522817da62c57245246f4,SOL,NO,low,high,medium,-0.06999999999999999,0.0,0.0,0.0,0.0,False,1.0,-0.030000000000000027
executable_quote_0s,1,2026-06-24T19:02:34.760304+00:00,0x6f14d199dafd35a5f545aad500e9cd65eaf22a2bf1a522817da62c57245246f4,SOL,NO,low,medium,medium,0.010000000000000026,0.0,0.0,0.0,0.0,False,1.0,-0.05999999999999994
executable_quote_0s,1,2026-06-24T19:12:34.759652+00:00,0x1aee94333f9f59a16641bfb6bb79781128bfc7c762e6ec35a3e28ae595c8f710,ETH,YES,low,low,medium,-0.03,0.0,0.0,0.0,0.0,False,1.0,-0.019
executable_quote_0s,1,2026-06-24T19:15:48.754190+00:00,0x4982ded7e4b9233220595f26cc997fa151f1902c8893a0a78a52d656b5fdb3d4,ETH,NO,medium,medium,medium,-0.08,0.0,0.0,0.0,0.0,False,1.0,-0.06999999999999995
executable_quote_0s,1,2026-06-24T19:15:50.760306+00:00,0xb802375b899f20776320f8a3ad101bd8c4a32ff81a436fcc308a140cc33d96bf,BTC,NO,low,medium,medium,0.010000000000000026,0.0,0.0,0.0,0.0,False,1.0,0.040000000000000036
executable_quote_0s,1,2026-06-24T19:15:50.760306+00:00,0x4982ded7e4b9233220595f26cc997fa151f1902c8893a0a78a52d656b5fdb3d4,ETH,NO,medium,medium,medium,0.03499999999999999,0.0,0.0,0.0,0.0,False,1.0,0.039999999999999925
executable_quote_0s,1,2026-06-24T19:25:34.759452+00:00,0x6e39d066f4cd8679f901216c55834139a9ad2240af38a11b09b63b0473e2b84b,SOL,YES,low,medium,medium,0.010000000000000026,0.0,0.0,0.0,0.0,False,1.0,0.06999999999999995
executable_quote_0s,1,2026-06-24T19:26:04.757062+00:00,0x6e39d066f4cd8679f901216c55834139a9ad2240af38a11b09b63b0473e2b84b,SOL,YES,low,medium,medium,0.07500000000000002,0.0,0.0,0.0,0.0,False,1.0,0.07
executable_quote_0s,1,2026-06-24T19:37:46.757371+00:00,0xfedc3df4cb1db1fc866524795ac2fcdf9941f43010b9c15e487a333e6f266394,SOL,YES,low,medium,high,0.010000000000000026,0.0,0.0,0.0,0.0,False,1.0,-0.08999999999999997
executable_quote_0s,1,2026-06-24T19:37:50.757198+00:00,0xfedc3df4cb1db1fc866524795ac2fcdf9941f43010b9c15e487a333e6f266394,SOL,YES,low,medium,medium,-0.09999999999999996,0.0,0.0,0.0,0.0,False,1.0,-0.08999999999999997
executable_quote_0s,1,2026-06-24T19:41:20.756922+00:00,0x7001dd0099cdee5fbb1efe846336e41812c524e7585b6f7c9a0a5c9882f114b9,SOL,NO,low,medium,medium,0.03999999999999994,0.0,0.0,0.0,0.0,False,1.0,0.050000000000000044
executable_quote_0s,1,2026-06-24T19:48:44.761661+00:00,0x4f55d140209fd0d5a7745de8f8a0f150f3b6097aedbaeee7d1a0618c0c3d7bb8,ETH,NO,low,medium,medium,0.06999999999999997,0.0,0.0,0.0,0.0,False,1.0,0.08000000000000007
executable_quote_0s,1,2026-06-24T19:53:26.758012+00:00,0x3ba3b3f951b2628ef716722de268dd5e244f8d45fd355168fab2e3b85af75128,SOL,NO,low,medium,high,-0.0315,0.0,0.0,0.0,0.0,False,1.0,-0.017000000000000015
executable_quote_0s,1,2026-06-24T20:01:06.759646+00:00,0x88fd0bf02fe557e16419750274baafa5fd89a12437e7d4215161d95a77cc069e,SOL,NO,low,medium,medium,-0.05,0.0,0.0,0.0,0.0,False,1.0,-0.040000000000000036
executable_quote_0s,1,2026-06-24T20:01:08.765938+00:00,0x99160df581693bc7fa4ad76b5fe823f5346ef5cb655f1e8650a60c30a642c0ac,BTC,YES,low,high,medium,0.29,0.0,0.0,0.0,0.0,False,1.0,0.27999999999999997
executable_quote_0s,1,2026-06-24T20:08:34.761066+00:00,0xd14dfda063d0d2dafe354fe938c73ea7643db9f344cf11598794d252f8d453a1,BTC,NO,low,low,medium,-0.018,0.0,0.0,0.0,0.0,False,1.0,-0.0010000000000000009
executable_quote_0s,1,2026-06-24T20:13:52.754397+00:00,0xf8776b5271ce59d683b9da736a42f8139c58e4093ad342ae1288f9addc1b3cfe,BTC,NO,low,medium,medium,-0.06499999999999999,0.0,0.0,0.0,0.0,False,1.0,-0.040000000000000036
executable_quote_0s,1,2026-06-24T20:13:56.764659+00:00,0xf8776b5271ce59d683b9da736a42f8139c58e4093ad342ae1288f9addc1b3cfe,BTC,NO,low,high,medium,-0.12999999999999998,0.0,0.0,0.0,0.0,False,1.0,-0.14
executable_quote_0s,1,2026-06-24T20:17:30.756983+00:00,0x9c3ac652cc797ed5fdf7c5717c58c9ce007e9fabecc76e1454bf2d8db03c7150,BTC,YES,low,medium,medium,-0.06000000000000004,0.0,0.0,0.0,0.0,False,1.0,-0.050000000000000044
executable_quote_0s,1,2026-06-24T20:17:34.755355+00:00,0x9c3ac652cc797ed5fdf7c5717c58c9ce007e9fabecc76e1454bf2d8db03c7150,BTC,YES,low,medium,medium,0.020000000000000035,0.0,0.0,0.0,0.0,False,1.0,0.030000000000000027
executable_quote_0s,1,2026-06-24T20:17:38.755356+00:00,0x9c3ac652cc797ed5fdf7c5717c58c9ce007e9fabecc76e1454bf2d8db03c7150,BTC,YES,low,medium,medium,0.010000000000000026,0.0,0.0,0.0,0.0,False,1.0,0.08999999999999997
executable_quote_0s,1,2026-06-24T20:17:48.756472+00:00,0x9c3ac652cc797ed5fdf7c5717c58c9ce007e9fabecc76e1454bf2d8db03c7150,BTC,YES,low,low,medium,0.04999999999999995,0.0,0.0,0.0,0.0,False,1.0,0.06000000000000005
executable_quote_0s,1,2026-06-24T20:18:06.756462+00:00,0x9c3ac652cc797ed5fdf7c5717c58c9ce007e9fabecc76e1454bf2d8db03c7150,BTC,YES,medium,medium,medium,-0.055000000000000035,0.0,0.0,0.0,0.0,False,1.0,-0.04999999999999993
executable_quote_0s,1,2026-06-24T20:18:34.759712+00:00,0x9c3ac652cc797ed5fdf7c5717c58c9ce007e9fabecc76e1454bf2d8db03c7150,BTC,YES,low,medium,medium,0.029999999999999933,0.0,0.0,0.0,0.0,False,1.0,0.039999999999999925
executable_quote_0s,1,2026-06-24T20:18:42.754973+00:00,0x9c3ac652cc797ed5fdf7c5717c58c9ce007e9fabecc76e1454bf2d8db03c7150,BTC,YES,low,high,medium,0.01500000000000003,0.0,0.0,0.0,0.0,False,1.0,-0.06999999999999995
executable_quote_0s,1,2026-06-24T20:23:28.766404+00:00,0x664abf9e27ed69e80bbe4cc0517b8a125ca044c42ad3357a7c7af2ed9436c74e,SOL,NO,low,medium,medium,0.09999999999999999,0.0,0.0,0.0,0.0,False,1.0,0.10999999999999999
executable_quote_0s,1,2026-06-24T20:31:42.764262+00:00,0x4dd3a21158dc2341d429921b0f01d6ef1d5b1b88544a4e1166825c85360a31f3,SOL,YES,low,medium,medium,0.05000000000000006,0.0,0.0,0.0,0.0,False,1.0,0.06000000000000005
executable_quote_0s,1,2026-06-24T20:50:08.762751+00:00,0x8faf001f0cb0420fe9216e45664d43db363e1235986c35e425847671efe887b9,SOL,NO,low,medium,high,0.35,0.0,0.0,0.0,0.0,False,1.0,0.36
executable_quote_0s,1,2026-06-24T20:50:34.755582+00:00,0xb5b2cc6f7e364320387000357dcec77c8e290b19a91515fda9f1eba110a7206b,ETH,YES,low,medium,medium,-0.02,0.0,0.0,0.0,0.0,False,1.0,-0.010000000000000009
executable_quote_0s,1,2026-06-24T20:50:58.754381+00:00,0x8faf001f0cb0420fe9216e45664d43db363e1235986c35e425847671efe887b9,SOL,YES,medium,medium,high,-0.39,0.0,0.0,0.0,0.0,False,1.0,-0.38
executable_quote_0s,1,2026-06-24T20:51:14.759775+00:00,0xa18f20c9d7af10ea829ba2117f462eed5781ccb83a3b11964e8464ea1bee0872,BTC,NO,medium,medium,high,0.010000000000000026,0.0,0.0,0.0,0.0,False,1.0,0.08999999999999997
executable_quote_0s,1,2026-06-24T20:51:18.756585+00:00,0xb5b2cc6f7e364320387000357dcec77c8e290b19a91515fda9f1eba110a7206b,ETH,NO,medium,medium,high,-0.02,0.0,0.0,0.0,0.0,False,1.0,-0.010000000000000009
executable_quote_0s,1,2026-06-24T20:52:00.752541+00:00,0xa18f20c9d7af10ea829ba2117f462eed5781ccb83a3b11964e8464ea1bee0872,BTC,NO,medium,medium,medium,0.07499999999999997,0.0,0.0,0.0,0.0,False,1.0,0.07999999999999996
executable_quote_0s,1,2026-06-24T21:05:24.762965+00:00,0xaa2029eae1454eff4dd2950180ce1a61bf2cc891c5bac51d9e0a15f22cddbee9,BTC,NO,low,medium,medium,-0.06000000000000004,0.0,0.0,0.0,0.0,False,1.0,-0.050000000000000044
executable_quote_0s,1,2026-06-24T21:06:00.760134+00:00,0xaa2029eae1454eff4dd2950180ce1a61bf2cc891c5bac51d9e0a15f22cddbee9,BTC,NO,low,medium,medium,-0.08500000000000006,0.0,0.0,0.0,0.0,False,1.0,-0.08000000000000007
executable_quote_0s,1,2026-06-24T21:06:02.752654+00:00,0xaa2029eae1454eff4dd2950180ce1a61bf2cc891c5bac51d9e0a15f22cddbee9,BTC,NO,low,medium,medium,-0.09000000000000001,0.0,0.0,0.0,0.0,False,1.0,-0.030000000000000027
executable_quote_0s,1,2026-06-24T21:17:38.763105+00:00,0x937f6ce7ec05a5cf598e814d8b21ca1b03831a607d67f7a737b4b455195b6347,ETH,YES,low,medium,medium,0.02999999999999999,0.0,0.0,0.0,0.0,False,1.0,0.03999999999999998
executable_quote_0s,1,2026-06-24T21:22:02.765156+00:00,0xc6ef5efefe52337535ef640dc5214f2cfca21f24db5da5f6461bb61b04d1757b,SOL,NO,medium,medium,medium,0.09999999999999994,0.0,0.0,0.0,0.0,False,1.0,0.1100000000000001
executable_quote_0s,1,2026-06-24T21:22:20.752241+00:00,0xc6ef5efefe52337535ef640dc5214f2cfca21f24db5da5f6461bb61b04d1757b,SOL,NO,low,medium,medium,-0.12000000000000004,0.0,0.0,0.0,0.0,False,1.0,-0.10999999999999999
executable_quote_0s,1,2026-06-24T21:23:58.762346+00:00,0xc6ef5efefe52337535ef640dc5214f2cfca21f24db5da5f6461bb61b04d1757b,SOL,NO,medium,medium,medium,0.2849999999999999,0.0,0.0,0.0,0.0,False,1.0,0.2899999999999999
executable_quote_0s,1,2026-06-24T22:03:08.763973+00:00,0x8d3e7e3c36b3e5d1112c98d87518a00383581755190d5a55edc69c26749c1f59,ETH,NO,low,medium,medium,0.05,0.0,0.0,0.0,0.0,False,1.0,0.05999999999999994
executable_quote_0s,1,2026-06-25T00:06:46.764238+00:00,0xd65cb4f9d9b3cd9e0726c6723aaedeea6270e2b27f07e8d8d75fb866fc66efda,SOL,YES,medium,high,medium,0.365,0.0,0.0,0.0,0.0,False,1.0,-0.050000000000000044
executable_quote_0s,1,2026-06-25T02:56:12.762022+00:00,0xdc50528ddd95715389bece5e22c3924ab255ac03cc50a796d14fc1536f99e645,BTC,NO,low,medium,medium,0.14000000000000004,0.0,0.0,0.0,0.0,False,1.0,0.14
executable_quote_0s,1,2026-06-25T03:15:10.763656+00:00,0xd64b2ce5267698719de20d05b135368962c8a4f1835384f18f0605ccaac199d5,BTC,NO,medium,medium,medium,0.31999999999999995,0.0,0.0,0.0,0.0,False,1.0,0.32999999999999996
executable_quote_0s,1,2026-06-25T03:15:10.763656+00:00,0xe9b43bb6aa0a0aa923a5b7ea6e70758b5f517507971004160627be84bdb0dbe3,SOL,NO,medium,medium,medium,0.32999999999999996,0.0,0.0,0.0,0.0,False,1.0,0.33999999999999997
executable_quote_0s,2,2026-06-25T20:08:34.804565+00:00,0xee90821efc94653c995d4583794da5c87e3c033a1e0a24f1f4ee824d2357c750,BTC,NO,low,medium,medium,-0.06000000000000004,0.0,0.0,0.0,0.0,False,1.0,-0.050000000000000044
executable_quote_0s,2,2026-06-25T22:25:40.815254+00:00,0x42561c5c6f58ab741b19c250935435977309241d54a0c21753c74a382c8bf1ec,SOL,NO,low,high,medium,0.05500000000000001,0.0,0.0,0.0,0.0,False,1.0,-0.040000000000000036
executable_quote_0s,2,2026-06-25T23:30:14.811724+00:00,0x78e6a3146dd778fc3150db6ba5f2fe3b701ff446bbaff21453236e84bee5434d,SOL,NO,medium,high,medium,0.039999999999999994,0.0,0.0,0.0,0.0,False,1.0,0.030000000000000027
executable_quote_0s,2,2026-06-25T23:37:52.815776+00:00,0x953e34839580df1f86da756ce29e11f3a83588f2d7c5a8b5146bbe13c3ad7f35,BTC,NO,low,medium,medium,0.38,0.0,0.0,0.0,0.0,False,1.0,0.38
executable_quote_0s,2,2026-06-26T02:21:20.818691+00:00,0xe92b6aa7834be28be01989eb9239f7bc730eef595bb9081c81db7640532437a3,SOL,NO,low,medium,medium,0.020000000000000035,0.0,0.0,0.0,0.0,False,1.0,0.030000000000000027
executable_quote_0s,2,2026-06-26T02:31:04.812637+00:00,0x0d8fce3554cb6a7e22dac3a088ee1b258895693bde0bdce58ef37a2d50eb0f3a,ETH,YES,low,medium,medium,0.035000000000000045,0.0,0.0,0.0,0.0,False,1.0,0.040000000000000036
executable_quote_0s,2,2026-06-26T02:35:42.806769+00:00,0x136e15d4a85563899e310f043e14992b3ea9f163c94c722c836f29143ac271f4,ETH,NO,low,medium,medium,0.04000000000000005,0.0,0.0,0.0,0.0,False,1.0,0.050000000000000044
executable_quote_0s,2,2026-06-26T02:40:48.805212+00:00,0x8e4bcd7de404304d78ffd6801cda6a969cd3550ebe3dbc28e4c0b8ff9938a14a,SOL,YES,low,medium,medium,0.13999999999999999,0.0,0.0,0.0,0.0,False,1.0,0.14999999999999997
executable_quote_0s,2,2026-06-26T02:51:38.817347+00:00,0xe508261496efeb201653b58e80e7f513fc39987412717485e6b55bb061579c69,ETH,NO,low,medium,medium,0.039999999999999994,0.0,0.0,0.0,0.0,False,1.0,-0.030000000000000027
executable_quote_0s,2,2026-06-26T02:51:56.806004+00:00,0xe508261496efeb201653b58e80e7f513fc39987412717485e6b55bb061579c69,ETH,NO,low,medium,medium,0.030000000000000044,0.0,0.0,0.0,0.0,False,1.0,0.040000000000000036
executable_quote_0s,2,2026-06-26T02:52:32.804179+00:00,0xc3f03ff87f66c7f90f0170c31343b35b3d222c9592259bb603fe0832409a0fdf,BTC,NO,low,medium,medium,0.02999999999999999,0.0,0.0,0.0,0.0,False,1.0,0.040000000000000036
executable_quote_0s,2,2026-06-26T02:52:32.804179+00:00,0xe508261496efeb201653b58e80e7f513fc39987412717485e6b55bb061579c69,ETH,NO,low,medium,medium,0.06999999999999997,0.0,0.0,0.0,0.0,False,1.0,0.08000000000000007
executable_quote_0s,2,2026-06-26T02:57:22.804967+00:00,0x26d1ef52a5ebf5babad8932669762730e15bd1a446a00e43d9be96da4efc83c4,ETH,NO,low,medium,medium,0.115,0.0,0.0,0.0,0.0,False,1.0,0.12
executable_quote_0s,2,2026-06-26T03:00:38.803974+00:00,0x63edaf8ffd40b636dc86e7c49b6296c604d4ea5caa43b031869f3147e21dd62b,SOL,YES,low,high,medium,-0.085,0.0,0.0,0.0,0.0,False,1.0,-0.12
executable_quote_0s,2,2026-06-26T03:01:24.814231+00:00,0xc358642287952e08f2fbbd5a90f7574d73a87685780ca454b0efda7e9e598cd4,ETH,NO,high,medium,medium,0.20500000000000004,0.0,0.0,0.0,0.0,False,1.0,0.20999999999999996
executable_quote_0s,2,2026-06-26T03:03:32.816621+00:00,0x63edaf8ffd40b636dc86e7c49b6296c604d4ea5caa43b031869f3147e21dd62b,SOL,YES,low,medium,medium,0.19000000000000009,0.0,0.0,0.0,0.0,False,1.0,0.20000000000000007
executable_quote_0s,2,2026-06-26T03:05:08.804343+00:00,0x45454c0281a47979043962ffc486828eaf366f6e60c61c60460810e7425f44a1,BTC,NO,low,medium,medium,0.059999999999999956,0.0,0.0,0.0,0.0,False,1.0,0.07000000000000006
executable_quote_0s,2,2026-06-26T03:06:02.818025+00:00,0xa16a5cae23414513a2199fe036ffb3c48978064e3c53b7d9b2ae57ee97de8bff,ETH,NO,low,medium,medium,0.045,0.0,0.0,0.0,0.0,False,1.0,0.050000000000000044
executable_quote_0s,2,2026-06-26T03:06:28.814788+00:00,0x200710e3e43d33b143ccd80d0a2e3a265017d2dc75281f8951b674131c3f26bb,SOL,NO,medium,high,medium,0.08499999999999998,0.0,0.0,0.0,0.0,False,1.0,0.08000000000000007
executable_quote_0s,2,2026-06-26T03:16:38.807970+00:00,0x3fa0111e36690372aa90e248420ec855bd7c896e4868c9f32998c6f075384169,ETH,YES,low,medium,medium,0.11,0.0,0.0,0.0,0.0,False,1.0,0.12
executable_quote_0s,2,2026-06-26T03:32:26.818047+00:00,0x0b97e37bec2a876f4ff7b37c51c8895e26ea39d6e3a2d9cb9ddbe6b457ce8860,SOL,YES,high,high,medium,0.21000000000000005,0.0,0.0,0.0,0.0,False,1.0,0.20000000000000007
executable_quote_0s,2,2026-06-26T03:55:08.803525+00:00,0x4899182aad7398c555f2a57cd6737598b159c5e6aa63bb73b798e6026f8b0094,SOL,NO,medium,low,medium,0.07999999999999997,0.0,0.0,0.0,0.0,False,1.0,0.08999999999999997
executable_quote_0s,2,2026-06-26T03:55:16.816237+00:00,0x4899182aad7398c555f2a57cd6737598b159c5e6aa63bb73b798e6026f8b0094,SOL,NO,low,low,medium,-0.08000000000000006,0.0,0.0,0.0,0.0,False,1.0,-0.030000000000000027
executable_quote_0s,2,2026-06-26T03:57:48.804438+00:00,0x4899182aad7398c555f2a57cd6737598b159c5e6aa63bb73b798e6026f8b0094,SOL,NO,medium,high,medium,-0.055000000000000035,0.0,0.0,0.0,0.0,False,1.0,-0.050000000000000044
executable_quote_0s,2,2026-06-26T03:57:58.809960+00:00,0x4899182aad7398c555f2a57cd6737598b159c5e6aa63bb73b798e6026f8b0094,SOL,NO,low,high,medium,0.035000000000000045,0.0,0.0,0.0,0.0,False,1.0,0.030000000000000027
executable_quote_0s,2,2026-06-26T03:58:02.810248+00:00,0x4899182aad7398c555f2a57cd6737598b159c5e6aa63bb73b798e6026f8b0094,SOL,NO,medium,medium,medium,0.08999999999999998,0.0,0.0,0.0,0.0,False,1.0,0.09999999999999998
executable_quote_0s,2,2026-06-26T03:58:28.812680+00:00,0x4899182aad7398c555f2a57cd6737598b159c5e6aa63bb73b798e6026f8b0094,SOL,NO,medium,medium,medium,0.059999999999999956,0.0,0.0,0.0,0.0,False,1.0,0.06999999999999995
executable_quote_0s,2,2026-06-26T04:00:06.817578+00:00,0xa931c0e10d5530f989373caa003629057063609e4005786b743bae537c217c34,SOL,NO,low,medium,medium,0.05499999999999995,0.0,0.0,0.0,0.0,False,1.0,0.06000000000000005
executable_quote_0s,2,2026-06-26T04:00:20.812413+00:00,0x63cab951a7245a6f73b6e5e26a09e371e2feeeecc1e604537033a6353bf3944e,BTC,NO,medium,medium,medium,0.06500000000000002,0.0,0.0,0.0,0.0,False,1.0,0.07000000000000006
executable_quote_0s,2,2026-06-26T04:00:22.803330+00:00,0x63cab951a7245a6f73b6e5e26a09e371e2feeeecc1e604537033a6353bf3944e,BTC,NO,medium,medium,medium,0.14499999999999993,0.0,0.0,0.0,0.0,False,1.0,0.1499999999999999
executable_quote_0s,2,2026-06-26T06:53:30.812574+00:00,0x4ff498fe655344b90bf7a5b904a79a24821ad4553fd49596772479324346a029,SOL,NO,medium,high,medium,0.024999999999999984,0.0,0.0,0.0,0.0,False,1.0,-0.030000000000000027
executable_quote_0s,2,2026-06-26T06:53:32.804327+00:00,0x4ff498fe655344b90bf7a5b904a79a24821ad4553fd49596772479324346a029,SOL,NO,medium,medium,medium,-0.06999999999999999,0.0,0.0,0.0,0.0,False,1.0,-0.040000000000000036
executable_quote_0s,2,2026-06-26T07:05:48.811781+00:00,0x43005d0675491621f54ab6875a6c632e3ee1d0ec2022689ceef619343b23aa90,SOL,NO,low,medium,medium,0.029999999999999933,0.0,0.0,0.0,0.0,False,1.0,0.040000000000000036
executable_quote_0s,2,2026-06-26T07:06:38.804569+00:00,0x43005d0675491621f54ab6875a6c632e3ee1d0ec2022689ceef619343b23aa90,SOL,NO,low,medium,medium,-0.11000000000000003,0.0,0.0,0.0,0.0,False,1.0,-0.09999999999999998
executable_quote_0s,2,2026-06-26T07:06:40.809802+00:00,0x43005d0675491621f54ab6875a6c632e3ee1d0ec2022689ceef619343b23aa90,SOL,NO,low,medium,medium,-0.059999999999999984,0.0,0.0,0.0,0.0,False,1.0,-0.04999999999999993
executable_quote_0s,2,2026-06-26T07:08:32.818104+00:00,0x43005d0675491621f54ab6875a6c632e3ee1d0ec2022689ceef619343b23aa90,SOL,NO,low,medium,medium,-0.07000000000000005,0.0,0.0,0.0,0.0,False,1.0,-0.05999999999999994
executable_quote_0s,2,2026-06-26T07:40:34.806231+00:00,0xd26cee061a5b0d0f82fcb2457d5de1bb3334659b47dff621b8d511e56e10a868,BTC,NO,low,medium,medium,0.020000000000000035,0.0,0.0,0.0,0.0,False,1.0,0.030000000000000027
executable_quote_0s,2,2026-06-26T07:40:34.806231+00:00,0xc84d4d834953770775dc2fef52283e2d3ae621102db7672f438730406001fa49,ETH,NO,low,medium,medium,0.11,0.0,0.0,0.0,0.0,False,1.0,0.10999999999999988
executable_quote_0s,2,2026-06-26T07:40:36.812020+00:00,0xd26cee061a5b0d0f82fcb2457d5de1bb3334659b47dff621b8d511e56e10a868,BTC,NO,low,medium,medium,0.019999999999999924,0.0,0.0,0.0,0.0,False,1.0,0.030000000000000027
executable_quote_0s,2,2026-06-26T07:45:32.818637+00:00,0x7f26a6a9237c0ddf229911a7c90349ed1f8b495468cbf2c8182a92f7cfc7a0e8,ETH,YES,low,medium,medium,0.06000000000000001,0.0,0.0,0.0,0.0,False,1.0,0.07
executable_quote_0s,2,2026-06-26T07:45:38.808508+00:00,0x7f26a6a9237c0ddf229911a7c90349ed1f8b495468cbf2c8182a92f7cfc7a0e8,ETH,YES,low,medium,medium,0.039999999999999994,0.0,0.0,0.0,0.0,False,1.0,0.04999999999999999
executable_quote_0s,2,2026-06-26T08:00:30.814345+00:00,0xe6a382ea25b9a95e964f4832e995c5e02cc31115908a9ef32975a67d8f3ede20,SOL,NO,low,medium,medium,0.10499999999999994,0.0,0.0,0.0,0.0,False,1.0,0.1100000000000001
executable_quote_0s,3,2026-07-01T21:38:34.364551+00:00,0xccddd1603d20c4477f2ac4e9f226747d540c9f0fe9ebc85b76cbdd992afa90a5,SOL,YES,low,medium,low,0.18999999999999997,0.0,0.0,0.0,0.0,False,1.0,0.19999999999999996
executable_quote_0s,3,2026-07-01T21:40:16.374459+00:00,0x1e62581fd9a1f2400a72b0ace91b1149d1dd03a3202a315563efea9499e0e23b,BTC,YES,low,medium,low,0.05000000000000006,0.0,0.0,0.0,0.0,False,1.0,0.06000000000000005
executable_quote_0s,3,2026-07-01T21:40:22.365273+00:00,0x4c09abece310efe0c502e2b081a875d0020f5b30af3c45f19145efd6b791df0b,ETH,YES,medium,medium,low,0.06500000000000002,0.0,0.0,0.0,0.0,False,1.0,0.06
executable_quote_0s,3,2026-07-01T21:40:22.365273+00:00,0x2729a97dbed765fa7f38618dc0399548892a2600fac0138be2d913602762d5e7,SOL,YES,low,medium,low,0.039999999999999994,0.0,0.0,0.0,0.0,False,1.0,0.04999999999999999
executable_quote_0s,3,2026-07-01T21:40:24.371334+00:00,0x2729a97dbed765fa7f38618dc0399548892a2600fac0138be2d913602762d5e7,SOL,YES,low,medium,low,0.08999999999999998,0.0,0.0,0.0,0.0,False,1.0,0.09999999999999998
executable_quote_0s,3,2026-07-01T21:41:12.371170+00:00,0x2729a97dbed765fa7f38618dc0399548892a2600fac0138be2d913602762d5e7,SOL,YES,low,medium,low,0.04000000000000005,0.0,0.0,0.0,0.0,False,1.0,0.050000000000000044
executable_quote_0s,3,2026-07-01T21:41:40.369327+00:00,0x2729a97dbed765fa7f38618dc0399548892a2600fac0138be2d913602762d5e7,SOL,YES,low,medium,low,-0.059999999999999984,0.0,0.0,0.0,0.0,False,1.0,-0.04999999999999999
executable_quote_0s,3,2026-07-01T21:41:46.372488+00:00,0x2729a97dbed765fa7f38618dc0399548892a2600fac0138be2d913602762d5e7,SOL,YES,low,medium,low,0.039999999999999994,0.0,0.0,0.0,0.0,False,1.0,0.04999999999999999
executable_quote_0s,3,2026-07-01T21:42:04.370096+00:00,0x2729a97dbed765fa7f38618dc0399548892a2600fac0138be2d913602762d5e7,SOL,YES,low,low,low,-0.07500000000000005,0.0,0.0,0.0,0.0,False,1.0,-0.07999999999999996
executable_quote_0s,3,2026-07-01T21:43:34.364596+00:00,0x4c09abece310efe0c502e2b081a875d0020f5b30af3c45f19145efd6b791df0b,ETH,YES,low,medium,low,0.010000000000000026,0.0,0.0,0.0,0.0,False,1.0,0.06
executable_quote_0s,3,2026-07-01T21:43:36.369953+00:00,0x4c09abece310efe0c502e2b081a875d0020f5b30af3c45f19145efd6b791df0b,ETH,YES,low,medium,low,0.01999999999999998,0.0,0.0,0.0,0.0,False,1.0,0.03999999999999998
executable_quote_0s,3,2026-07-01T21:43:40.367946+00:00,0x4c09abece310efe0c502e2b081a875d0020f5b30af3c45f19145efd6b791df0b,ETH,YES,low,medium,low,0.039999999999999994,0.0,0.0,0.0,0.0,False,1.0,0.04999999999999999
executable_quote_0s,3,2026-07-01T21:52:36.373289+00:00,0x0dcd227003d8b96eb66b8db71c3ef9f315a3aae8716e4d49d11b359a8b6c27fa,ETH,YES,low,low,low,0.3499999999999999,0.0,0.0,0.0,0.0,False,1.0,0.36
executable_quote_0s,3,2026-07-01T22:25:06.371629+00:00,0x3eadf4ee01511b615676265099963fabcf242d0d9e7b7e4b982686e0262ce98b,ETH,YES,low,medium,medium,0.020000000000000035,0.0,0.0,0.0,0.0,False,1.0,0.030000000000000027
executable_quote_0s,3,2026-07-01T22:25:44.366323+00:00,0x2b139d670d2706c6264dad011bc4e96df04633695a4fc75b669830f39f6693ce,BTC,NO,low,medium,medium,0.020000000000000035,0.0,0.0,0.0,0.0,False,1.0,0.06999999999999995
executable_quote_0s,3,2026-07-01T22:25:46.373589+00:00,0x2b139d670d2706c6264dad011bc4e96df04633695a4fc75b669830f39f6693ce,BTC,NO,low,medium,low,0.020000000000000035,0.0,0.0,0.0,0.0,False,1.0,0.030000000000000027
executable_quote_0s,3,2026-07-01T22:25:48.363737+00:00,0x2b139d670d2706c6264dad011bc4e96df04633695a4fc75b669830f39f6693ce,BTC,NO,low,low,low,0.03999999999999994,0.0,0.0,0.0,0.0,False,1.0,0.050000000000000044
executable_quote_0s,3,2026-07-01T22:25:50.368975+00:00,0x2b139d670d2706c6264dad011bc4e96df04633695a4fc75b669830f39f6693ce,BTC,NO,medium,low,medium,-0.05999999999999993,0.0,0.0,0.0,0.0,False,1.0,-0.030000000000000027
executable_quote_0s,3,2026-07-01T22:25:56.371175+00:00,0x2b139d670d2706c6264dad011bc4e96df04633695a4fc75b669830f39f6693ce,BTC,NO,medium,medium,medium,0.019999999999999924,0.0,0.0,0.0,0.0,False,1.0,0.030000000000000027
executable_quote_0s,3,2026-07-01T22:25:58.364472+00:00,0x071de439b9cfba5f3b67356a7c3b0685206f6f943a789b6467311d34691aa135,SOL,NO,low,medium,low,0.010000000000000026,0.0,0.0,0.0,0.0,False,1.0,0.040000000000000036
executable_quote_0s,3,2026-07-01T22:26:00.369709+00:00,0x2b139d670d2706c6264dad011bc4e96df04633695a4fc75b669830f39f6693ce,BTC,NO,medium,low,medium,0.02500000000000004,0.0,0.0,0.0,0.0,False,1.0,0.030000000000000027
executable_quote_0s,3,2026-07-01T22:31:02.362104+00:00,0x5330f3288d309b2bb246086f6cf4d139e782acd5b44784839259604ae5e9f369,BTC,NO,low,low,low,0.05500000000000001,0.0,0.0,0.0,0.0,False,1.0,0.06000000000000005
executable_quote_0s,3,2026-07-01T22:31:16.364882+00:00,0x5330f3288d309b2bb246086f6cf4d139e782acd5b44784839259604ae5e9f369,BTC,NO,low,medium,low,0.03499999999999999,0.0,0.0,0.0,0.0,False,1.0,0.040000000000000036
executable_quote_0s,3,2026-07-01T22:31:16.364882+00:00,0x8145a3bfddc61cdf01d45026aed596f0878c260884e8315caa000f5e42143a61,ETH,NO,low,medium,low,0.039999999999999994,0.0,0.0,0.0,0.0,False,1.0,0.040000000000000036
executable_quote_0s,3,2026-07-01T22:31:18.370517+00:00,0x5330f3288d309b2bb246086f6cf4d139e782acd5b44784839259604ae5e9f369,BTC,NO,low,medium,medium,0.010000000000000026,0.0,0.0,0.0,0.0,False,1.0,-0.040000000000000036
executable_quote_0s,3,2026-07-01T22:31:20.361313+00:00,0x8145a3bfddc61cdf01d45026aed596f0878c260884e8315caa000f5e42143a61,ETH,NO,low,medium,low,-0.05000000000000003,0.0,0.0,0.0,0.0,False,1.0,-0.040000000000000036
executable_quote_0s,3,2026-07-01T22:31:22.369278+00:00,0x8145a3bfddc61cdf01d45026aed596f0878c260884e8315caa000f5e42143a61,ETH,NO,low,medium,low,-0.08999999999999996,0.0,0.0,0.0,0.0,False,1.0,-0.07999999999999996
executable_quote_0s,3,2026-07-01T22:31:34.363478+00:00,0x5330f3288d309b2bb246086f6cf4d139e782acd5b44784839259604ae5e9f369,BTC,NO,low,medium,low,0.030000000000000044,0.0,0.0,0.0,0.0,False,1.0,-0.030000000000000027
executable_quote_0s,3,2026-07-01T22:32:00.371088+00:00,0x26690f30c8250f214c3c585bafacecfe21ca18c719caac4709c063c6d47267b4,SOL,NO,low,medium,medium,0.045,0.0,0.0,0.0,0.0,False,1.0,0.04999999999999993
executable_quote_0s,3,2026-07-01T22:32:02.361988+00:00,0x26690f30c8250f214c3c585bafacecfe21ca18c719caac4709c063c6d47267b4,SOL,NO,low,medium,medium,0.020000000000000035,0.0,0.0,0.0,0.0,False,1.0,0.050000000000000044
executable_quote_0s,3,2026-07-01T22:32:06.360504+00:00,0x26690f30c8250f214c3c585bafacecfe21ca18c719caac4709c063c6d47267b4,SOL,NO,low,high,medium,-0.05000000000000003,0.0,0.0,0.0,0.0,False,1.0,-0.050000000000000044
executable_quote_0s,3,2026-07-01T22:32:10.374054+00:00,0x26690f30c8250f214c3c585bafacecfe21ca18c719caac4709c063c6d47267b4,SOL,NO,low,medium,low,-0.13999999999999999,0.0,0.0,0.0,0.0,False,1.0,-0.13
executable_quote_0s,3,2026-07-01T22:32:18.369405+00:00,0x8145a3bfddc61cdf01d45026aed596f0878c260884e8315caa000f5e42143a61,ETH,NO,low,medium,medium,0.059999999999999956,0.0,0.0,0.0,0.0,False,1.0,0.07000000000000006
executable_quote_0s,3,2026-07-01T22:32:22.368939+00:00,0x5330f3288d309b2bb246086f6cf4d139e782acd5b44784839259604ae5e9f369,BTC,NO,low,medium,medium,0.010000000000000026,0.0,0.0,0.0,0.0,False,1.0,-0.05999999999999994
executable_quote_0s,3,2026-07-01T22:32:28.372665+00:00,0x8145a3bfddc61cdf01d45026aed596f0878c260884e8315caa000f5e42143a61,ETH,NO,low,medium,low,-0.09500000000000001,0.0,0.0,0.0,0.0,False,1.0,-0.09999999999999998
executable_quote_0s,3,2026-07-01T22:32:54.365688+00:00,0x8145a3bfddc61cdf01d45026aed596f0878c260884e8315caa000f5e42143a61,ETH,NO,low,medium,low,0.05,0.0,0.0,0.0,0.0,False,1.0,0.06000000000000005
executable_quote_0s,3,2026-07-01T22:33:02.361345+00:00,0x5330f3288d309b2bb246086f6cf4d139e782acd5b44784839259604ae5e9f369,BTC,NO,medium,medium,medium,0.13000000000000003,0.0,0.0,0.0,0.0,False,1.0,0.14
executable_quote_0s,3,2026-07-01T22:33:02.361345+00:00,0x8145a3bfddc61cdf01d45026aed596f0878c260884e8315caa000f5e42143a61,ETH,NO,low,medium,low,0.09999999999999999,0.0,0.0,0.0,0.0,False,1.0,0.10999999999999999
executable_quote_0s,3,2026-07-01T22:33:02.361345+00:00,0x26690f30c8250f214c3c585bafacecfe21ca18c719caac4709c063c6d47267b4,SOL,NO,low,medium,low,0.07500000000000002,0.0,0.0,0.0,0.0,False,1.0,0.07999999999999996
executable_quote_0s,3,2026-07-01T22:33:04.368866+00:00,0x26690f30c8250f214c3c585bafacecfe21ca18c719caac4709c063c6d47267b4,SOL,NO,low,medium,low,0.05,0.0,0.0,0.0,0.0,False,1.0,0.06000000000000005
executable_quote_0s,3,2026-07-01T22:33:20.375116+00:00,0x5330f3288d309b2bb246086f6cf4d139e782acd5b44784839259604ae5e9f369,BTC,NO,low,medium,low,0.03999999999999994,0.0,0.0,0.0,0.0,False,1.0,0.10999999999999999
executable_quote_0s,3,2026-07-01T22:33:22.368132+00:00,0x26690f30c8250f214c3c585bafacecfe21ca18c719caac4709c063c6d47267b4,SOL,NO,medium,medium,low,0.22000000000000006,0.0,0.0,0.0,0.0,False,1.0,0.18000000000000005
executable_quote_0s,3,2026-07-01T22:33:58.367410+00:00,0x26690f30c8250f214c3c585bafacecfe21ca18c719caac4709c063c6d47267b4,SOL,NO,low,medium,low,-0.12999999999999998,0.0,0.0,0.0,0.0,False,1.0,-0.040000000000000036
executable_quote_0s,3,2026-07-01T22:36:04.365503+00:00,0x06bf7937a18769d86039ea4ed35e5e8edd2a5c73d2ee04faffe90363450f8e3c,SOL,YES,low,medium,low,0.12499999999999996,0.0,0.0,0.0,0.0,False,1.0,0.12999999999999995
executable_quote_0s,3,2026-07-01T23:41:58.370401+00:00,0x8d22580ded9a1c9bb43a9581787566efeccc0dff2ba6843eef73d5789b5ad805,SOL,NO,low,low,medium,0.29,0.0,0.0,0.0,0.0,False,1.0,0.2500000000000001
executable_quote_0s,3,2026-07-02T00:15:04.370549+00:00,0xa961035fe332ff6a397489f4b23cb720ae57b84d866a526858b47a7300270c12,SOL,YES,low,medium,medium,0.06999999999999997,0.0,0.0,0.0,0.0,False,1.0,0.07999999999999996
executable_quote_0s,3,2026-07-02T00:36:00.373439+00:00,0x0b7afa9b0852f4da0eb237bf817bcb7f8aef5e68dd95d52baba20abc06c16376,SOL,YES,low,medium,medium,0.010000000000000026,0.0,0.0,0.0,0.0,False,1.0,0.039999999999999925
executable_quote_0s,3,2026-07-02T02:22:40.364603+00:00,0x8388cdf918fa7cb09ae4a5325b4c5f307e17be11af5350e73ae08cf56bb4fece,ETH,NO,low,medium,medium,0.059999999999999956,0.0,0.0,0.0,0.0,False,1.0,-0.030000000000000027
executable_quote_0s,3,2026-07-02T02:30:34.366427+00:00,0xb3e27db391946f1a5ab1d3c3b4a5b8c59d663d3684d960d98f37b7def0df3075,ETH,NO,low,low,medium,0.039999999999999994,0.0,0.0,0.0,0.0,False,1.0,0.050000000000000044
executable_quote_0s,3,2026-07-02T02:30:38.363447+00:00,0xb3e27db391946f1a5ab1d3c3b4a5b8c59d663d3684d960d98f37b7def0df3075,ETH,NO,low,medium,medium,0.030000000000000044,0.0,0.0,0.0,0.0,False,1.0,0.040000000000000036
executable_quote_0s,3,2026-07-02T03:06:42.363431+00:00,0xd97c09881b1dc40d77cafc681e2b0b8577f654e19c6a1a83914d678d7f9bdf2c,SOL,YES,low,medium,medium,0.059999999999999956,0.0,0.0,0.0,0.0,False,1.0,0.06999999999999995
executable_quote_0s,3,2026-07-02T03:38:34.375507+00:00,0xd69c5b7ce1b66fe7745e070b544d04de2517e4b2093ff8309c5573bb8b38ce57,SOL,YES,low,medium,medium,0.13999999999999999,0.0,0.0,0.0,0.0,False,1.0,0.14999999999999997
executable_quote_0s,3,2026-07-02T03:50:04.372378+00:00,0xcd593facad3a6092d5974b7ee969c8f3ff778c58031a7baac893ebf627d14b9d,ETH,YES,high,medium,medium,0.24000000000000002,0.0,0.0,0.0,0.0,False,1.0,0.25
executable_quote_0s,3,2026-07-02T03:58:18.368322+00:00,0x947e5ddb9a353ecb65bc2faa7bce21ded36808053545239573a7c43756401557,SOL,NO,low,medium,medium,0.059999999999999956,0.0,0.0,0.0,0.0,False,1.0,0.06999999999999995
executable_quote_0s,3,2026-07-02T04:22:28.365589+00:00,0x8552d47c45da4f6202022c51d4d7ff51b0064f2cd42e482f6fc524d37f7ed891,SOL,NO,low,medium,medium,0.08999999999999998,0.0,0.0,0.0,0.0,False,1.0,0.09999999999999987
executable_quote_0s,3,2026-07-02T06:11:32.366824+00:00,0xbd4e2fd8dfbdf679456a5c936fa4db4595434055fa7990b727e863efdb73d6fe,SOL,YES,low,medium,medium,0.09999999999999999,0.0,0.0,0.0,0.0,False,1.0,0.09999999999999998
executable_quote_0s,3,2026-07-02T07:55:46.373480+00:00,0x80bb349ee2b85081e290db4561ebb007ca2a8b5721eec05ce98488d10dbdc84f,ETH,NO,low,medium,medium,-0.07000000000000005,0.0,0.0,0.0,0.0,False,1.0,-0.05999999999999994
executable_quote_0s,3,2026-07-02T07:57:42.360831+00:00,0xf9f5ce604030e965827e405652c34595fca9803264f266f106ead15d7fbb64ac,BTC,YES,low,medium,medium,-0.17,0.0,0.0,0.0,0.0,False,1.0,-0.18000000000000002
executable_quote_0s,3,2026-07-02T07:57:44.366499+00:00,0xf9f5ce604030e965827e405652c34595fca9803264f266f106ead15d7fbb64ac,BTC,YES,low,high,medium,0.08499999999999998,0.0,0.0,0.0,0.0,False,1.0,-0.04000000000000001
executable_quote_0s,3,2026-07-02T08:08:54.370330+00:00,0x217a508e23290f5918a6837d836f77a3f88255f2e4fe43a9a2cce242409a7db6,ETH,YES,low,medium,high,-0.02,0.0,0.0,0.0,0.0,False,1.0,-0.010000000000000009
executable_quote_0s,3,2026-07-02T08:31:14.363819+00:00,0x5d2ccbd18015d1eb9a97902f684b591555d9a4ff0610ff201c2f1f8538a929b1,SOL,YES,low,medium,medium,0.01999999999999998,0.0,0.0,0.0,0.0,False,1.0,0.12
executable_quote_0s,3,2026-07-02T08:31:18.364598+00:00,0x5d2ccbd18015d1eb9a97902f684b591555d9a4ff0610ff201c2f1f8538a929b1,SOL,YES,low,medium,medium,0.09500000000000004,0.0,0.0,0.0,0.0,False,1.0,0.08000000000000002
executable_quote_0s,3,2026-07-02T09:00:24.371490+00:00,0x96ddd482cd2ee1a173dbde4538ed2007620845c0e462dbfcc969d36209beb1ce,SOL,NO,low,medium,medium,-0.059999999999999984,0.0,0.0,0.0,0.0,False,1.0,-0.040000000000000036
executable_quote_0s,3,2026-07-02T09:00:34.362867+00:00,0x96ddd482cd2ee1a173dbde4538ed2007620845c0e462dbfcc969d36209beb1ce,SOL,NO,low,medium,medium,0.09999999999999994,0.0,0.0,0.0,0.0,False,1.0,0.1100000000000001
executable_quote_0s,3,2026-07-02T09:00:48.368690+00:00,0x96ddd482cd2ee1a173dbde4538ed2007620845c0e462dbfcc969d36209beb1ce,SOL,NO,low,high,medium,0.04499999999999994,0.0,0.0,0.0,0.0,False,1.0,0.040000000000000036
executable_quote_0s,3,2026-07-02T09:00:52.369633+00:00,0x96ddd482cd2ee1a173dbde4538ed2007620845c0e462dbfcc969d36209beb1ce,SOL,NO,low,medium,medium,0.04999999999999995,0.0,0.0,0.0,0.0,False,1.0,0.06000000000000005
executable_quote_0s,3,2026-07-02T09:01:04.370531+00:00,0x96ddd482cd2ee1a173dbde4538ed2007620845c0e462dbfcc969d36209beb1ce,SOL,NO,low,medium,medium,0.010000000000000026,0.0,0.0,0.0,0.0,False,1.0,0.030000000000000027
executable_quote_0s,3,2026-07-02T09:01:06.361857+00:00,0x96ddd482cd2ee1a173dbde4538ed2007620845c0e462dbfcc969d36209beb1ce,SOL,NO,low,medium,medium,0.010000000000000026,0.0,0.0,0.0,0.0,False,1.0,0.040000000000000036
executable_quote_0s,3,2026-07-02T09:10:36.374495+00:00,0xbe2fec169e982831aa0a3f5a98442f7e0793c4af803bb920266ae6a7d43b3101,SOL,YES,low,medium,medium,-0.06999999999999999,0.0,0.0,0.0,0.0,False,1.0,-0.03999999999999998
executable_quote_0s,3,2026-07-02T09:11:08.370966+00:00,0xbe2fec169e982831aa0a3f5a98442f7e0793c4af803bb920266ae6a7d43b3101,SOL,YES,low,medium,medium,0.010000000000000026,0.0,0.0,0.0,0.0,False,1.0,0.030000000000000027
executable_quote_0s,3,2026-07-02T09:26:52.371394+00:00,0xe41189d0cceabac9697f126f3ff12806192b7fb894edecb0106a0cc6738db731,ETH,YES,low,medium,medium,0.30999999999999994,0.0,0.0,0.0,0.0,False,1.0,0.31999999999999995
executable_quote_0s,3,2026-07-02T09:35:10.366702+00:00,0x22928e0772859e6323b5722fc85857ebc2843ce5f3002b574d2bfdaa76aefda9,SOL,YES,low,medium,medium,0.02999999999999999,0.0,0.0,0.0,0.0,False,1.0,0.03999999999999998
executable_quote_0s,3,2026-07-02T09:55:44.372085+00:00,0x76314474e6d37d9996d64a209cef82a7d8ccbce36c7c87add2f24e7497a7816c,BTC,NO,low,high,medium,0.09999999999999999,0.0,0.0,0.0,0.0,False,1.0,0.07999999999999996
executable_quote_0s,3,2026-07-02T09:55:54.363634+00:00,0x1f1dd57c6e8f84731f3eca11a122596fc016822900b9a36563483ec6f84c36d4,SOL,NO,low,medium,medium,-0.08,0.0,0.0,0.0,0.0,False,1.0,-0.030000000000000027
executable_quote_0s,3,2026-07-02T09:56:18.361978+00:00,0x1f1dd57c6e8f84731f3eca11a122596fc016822900b9a36563483ec6f84c36d4,SOL,NO,low,medium,medium,0.035000000000000045,0.0,0.0,0.0,0.0,False,1.0,0.040000000000000036
executable_quote_0s,3,2026-07-02T09:56:24.369489+00:00,0x1f1dd57c6e8f84731f3eca11a122596fc016822900b9a36563483ec6f84c36d4,SOL,NO,low,medium,medium,0.059999999999999956,0.0,0.0,0.0,0.0,False,1.0,0.06999999999999995
executable_quote_0s,3,2026-07-02T09:56:42.365883+00:00,0x76314474e6d37d9996d64a209cef82a7d8ccbce36c7c87add2f24e7497a7816c,BTC,NO,low,medium,medium,0.03999999999999994,0.0,0.0,0.0,0.0,False,1.0,0.050000000000000044
executable_quote_0s,3,2026-07-02T09:56:46.366917+00:00,0x76314474e6d37d9996d64a209cef82a7d8ccbce36c7c87add2f24e7497a7816c,BTC,NO,low,medium,medium,0.010000000000000026,0.0,0.0,0.0,0.0,False,1.0,0.04999999999999993
executable_quote_0s,3,2026-07-02T09:58:16.363073+00:00,0x1f1dd57c6e8f84731f3eca11a122596fc016822900b9a36563483ec6f84c36d4,SOL,NO,low,medium,medium,0.03999999999999994,0.0,0.0,0.0,0.0,False,1.0,0.050000000000000044
executable_quote_0s,3,2026-07-02T10:28:54.362470+00:00,0x5b8a5202ab816574a4572fb9d28ff7ada354d9668318b56a3644f04c39738f84,SOL,NO,low,medium,medium,0.04000000000000005,0.0,0.0,0.0,0.0,False,1.0,0.050000000000000044
executable_quote_0s,3,2026-07-02T10:28:56.368829+00:00,0x5b8a5202ab816574a4572fb9d28ff7ada354d9668318b56a3644f04c39738f84,SOL,NO,low,medium,medium,0.01999999999999998,0.0,0.0,0.0,0.0,False,1.0,0.06999999999999995
executable_quote_0s,3,2026-07-02T10:33:10.363766+00:00,0x6700add2442ac52e76696ea3dd458416e2e1d5ab9e770499a85347b7e866d616,SOL,YES,low,medium,medium,0.25,0.0,0.0,0.0,0.0,False,1.0,0.26
executable_quote_0s,3,2026-07-02T10:37:00.364893+00:00,0x465c10bb8102a8ec311965c7f7b77727b332f80e8cd87847b212b6350accd796,SOL,YES,medium,medium,medium,0.06500000000000002,0.0,0.0,0.0,0.0,False,1.0,0.040000000000000036
executable_quote_0s,3,2026-07-02T10:40:18.374682+00:00,0xb6fcc6f9d2dd9571635233fc09a863999351b0fdcf8df2b3a54b65954c4156d0,SOL,NO,medium,medium,medium,0.06999999999999997,0.0,0.0,0.0,0.0,False,1.0,0.07999999999999996
executable_quote_0s,3,2026-07-02T10:55:06.372034+00:00,0x88416fcd563a9ffe6e611423ab3340c17488dc22b7d96f92571269bffc042195,SOL,NO,low,medium,medium,0.01499999999999992,0.0,0.0,0.0,0.0,False,1.0,0.039999999999999925
executable_quote_0s,3,2026-07-02T11:00:12.369501+00:00,0x7a3fd80678cd42bf2a8b58076455dbb4318bf9108db524760e8b4127b426fa76,SOL,NO,low,medium,medium,0.03999999999999994,0.0,0.0,0.0,0.0,False,1.0,0.04999999999999993
executable_quote_0s,3,2026-07-02T11:10:20.365901+00:00,0xae1161ad8055f5b09cd7c8038ea97feb7f79f231202f647ce33f68cdce265897,SOL,YES,high,high,medium,0.215,0.0,0.0,0.0,0.0,False,1.0,0.20999999999999996
executable_quote_0s,3,2026-07-02T12:10:22.361984+00:00,0x8362eee619c3c068724b9acc69306f29dd57c5fb122ca23de731c60f166d74d8,SOL,NO,low,medium,medium,0.010000000000000026,0.0,0.0,0.0,0.0,False,1.0,-0.050000000000000044
executable_quote_0s,3,2026-07-02T12:10:26.361078+00:00,0x8362eee619c3c068724b9acc69306f29dd57c5fb122ca23de731c60f166d74d8,SOL,NO,low,medium,medium,-0.059999999999999984,0.0,0.0,0.0,0.0,False,1.0,-0.050000000000000044
executable_quote_0s,3,2026-07-02T12:11:18.362800+00:00,0x8362eee619c3c068724b9acc69306f29dd57c5fb122ca23de731c60f166d74d8,SOL,NO,low,medium,medium,0.05,0.0,0.0,0.0,0.0,False,1.0,0.06000000000000005
executable_quote_0s,3,2026-07-02T12:12:22.363070+00:00,0x8362eee619c3c068724b9acc69306f29dd57c5fb122ca23de731c60f166d74d8,SOL,NO,low,medium,medium,0.030000000000000044,0.0,0.0,0.0,0.0,False,1.0,0.040000000000000036
executable_quote_0s,3,2026-07-02T12:13:38.365899+00:00,0x8362eee619c3c068724b9acc69306f29dd57c5fb122ca23de731c60f166d74d8,SOL,NO,medium,high,medium,0.23500000000000001,0.0,0.0,0.0,0.0,False,1.0,0.17999999999999994
executable_quote_0s,3,2026-07-02T12:20:04.364161+00:00,0x94bb631dd01221e07f00ab03feccab66c46ce389a1e7d203fe282aa6d209c589,SOL,YES,low,medium,medium,0.029999999999999933,0.0,0.0,0.0,0.0,False,1.0,0.039999999999999925
executable_quote_0s,3,2026-07-02T12:30:04.364786+00:00,0x9215a5c313d78c2a336728a748b73687bc826021a656e9a0d76746f2f5023043,BTC,YES,high,medium,medium,0.265,0.0,0.0,0.0,0.0,False,1.0,0.25
executable_quote_0s,3,2026-07-02T12:30:16.366322+00:00,0xfdd4d7f9eadc398c0df23a59aadb9ee61a56855c54b6ac9520602a5973e42087,SOL,YES,low,high,medium,-0.13999999999999999,0.0,0.0,0.0,0.0,False,1.0,-0.07
executable_quote_0s,3,2026-07-02T12:30:20.366935+00:00,0xfdd4d7f9eadc398c0df23a59aadb9ee61a56855c54b6ac9520602a5973e42087,SOL,YES,low,high,medium,0.02999999999999999,0.0,0.0,0.0,0.0,False,1.0,-0.10999999999999999
executable_quote_0s,3,2026-07-02T12:30:22.364919+00:00,0xfdd4d7f9eadc398c0df23a59aadb9ee61a56855c54b6ac9520602a5973e42087,SOL,YES,low,medium,medium,-0.13999999999999999,0.0,0.0,0.0,0.0,False,1.0,-0.03999999999999998
executable_quote_0s,3,2026-07-02T12:30:36.362455+00:00,0xfdd4d7f9eadc398c0df23a59aadb9ee61a56855c54b6ac9520602a5973e42087,SOL,YES,low,medium,medium,0.12999999999999998,0.0,0.0,0.0,0.0,False,1.0,0.13999999999999996
executable_quote_0s,3,2026-07-02T12:31:22.373383+00:00,0x988287eee8e697b0d1d2625d38528f0175f8d3b585148a236428390c8e5bd7a0,ETH,NO,low,medium,medium,0.034999999999999934,0.0,0.0,0.0,0.0,False,1.0,0.1499999999999999
executable_quote_0s,3,2026-07-02T12:31:28.373272+00:00,0x9215a5c313d78c2a336728a748b73687bc826021a656e9a0d76746f2f5023043,BTC,NO,low,high,medium,0.05500000000000001,0.0,0.0,0.0,0.0,False,1.0,-0.06999999999999995
executable_quote_0s,3,2026-07-02T12:33:18.366598+00:00,0x9215a5c313d78c2a336728a748b73687bc826021a656e9a0d76746f2f5023043,BTC,NO,low,medium,medium,0.08999999999999998,0.0,0.0,0.0,0.0,False,1.0,0.09000000000000008
executable_quote_0s,3,2026-07-02T12:40:48.374599+00:00,0xb38f8c90a79ba7fb9e3926511611e2a97e69f95d8567e5459f176624c5d78e7e,SOL,YES,low,medium,medium,0.04999999999999995,0.0,0.0,0.0,0.0,False,1.0,0.05999999999999994
executable_quote_0s,3,2026-07-02T13:01:06.370199+00:00,0xfdc8ee5a5355786246c8c350b1b6d392d7b0b20b2f4112d995400e6d41587033,BTC,NO,low,medium,medium,0.08499999999999998,0.0,0.0,0.0,0.0,False,1.0,0.08000000000000007
executable_quote_0s,3,2026-07-02T13:01:06.370199+00:00,0x7da2825f125571140c598bebdc47a2efcc90d5bbe3f36da9ed64a66a0758a57e,ETH,NO,low,low,medium,0.06499999999999996,0.0,0.0,0.0,0.0,False,1.0,0.06999999999999995
executable_quote_0s,3,2026-07-02T13:05:14.362350+00:00,0x7b81aecfe918b4400a38bb7e82faf16214e86526a59365a1a1f57891d5e02184,SOL,YES,low,medium,medium,0.12000000000000001,0.0,0.0,0.0,0.0,False,1.0,0.13
executable_quote_0s,3,2026-07-02T13:10:08.372139+00:00,0x0b7e0ca6f5af7203bbc20de90e6a874b459992dfe7ec7d26ca84605690a8971f,SOL,NO,low,medium,medium,0.05499999999999995,0.0,0.0,0.0,0.0,False,1.0,0.040000000000000036
executable_quote_0s,3,2026-07-02T13:26:26.363015+00:00,0xabaf563b7f6a9dc2645946d31ce8af8645de6d2409cef51803fb0999c9061f3e,ETH,NO,low,medium,medium,-0.08,0.0,0.0,0.0,0.0,False,1.0,-0.07000000000000006
executable_quote_0s,3,2026-07-02T13:26:28.373900+00:00,0xabaf563b7f6a9dc2645946d31ce8af8645de6d2409cef51803fb0999c9061f3e,ETH,NO,low,medium,medium,0.11999999999999995,0.0,0.0,0.0,0.0,False,1.0,0.13000000000000012
executable_quote_0s,3,2026-07-02T13:32:06.370617+00:00,0xbfdaa1afb46e82ff47ba344bc098d1ae028cd939a030c6672402ca1475988d70,ETH,NO,low,medium,medium,0.02,0.0,0.0,0.0,0.0,False,1.0,0.030000000000000027
executable_quote_0s,3,2026-07-02T13:32:14.374959+00:00,0xbfdaa1afb46e82ff47ba344bc098d1ae028cd939a030c6672402ca1475988d70,ETH,NO,high,medium,medium,-0.04000000000000001,0.0,0.0,0.0,0.0,False,1.0,-0.030000000000000027
executable_quote_0s,3,2026-07-02T13:33:40.375151+00:00,0xbfdaa1afb46e82ff47ba344bc098d1ae028cd939a030c6672402ca1475988d70,ETH,YES,low,medium,high,-0.02,0.0,0.0,0.0,0.0,False,1.0,-0.010000000000000009
executable_quote_0s,3,2026-07-02T13:35:10.368025+00:00,0x7798cca819d8b656cf9130a5ea5d871975f4227bea6b3d22ec3b1b6de4584fc0,BTC,NO,medium,medium,medium,0.14499999999999993,0.0,0.0,0.0,0.0,False,1.0,0.1499999999999999
executable_quote_0s,3,2026-07-02T13:37:02.366507+00:00,0xcd4afc8eb6c83c8d8dada852de775b7cc1e7cfaf722f03972c1d93abc1d9cf09,ETH,YES,low,medium,medium,-0.05499999999999998,0.0,0.0,0.0,0.0,False,1.0,-0.06
executable_quote_0s,3,2026-07-02T13:37:06.370427+00:00,0x7798cca819d8b656cf9130a5ea5d871975f4227bea6b3d22ec3b1b6de4584fc0,BTC,NO,low,medium,medium,0.06499999999999996,0.0,0.0,0.0,0.0,False,1.0,0.09999999999999998
executable_quote_0s,3,2026-07-02T13:37:14.375069+00:00,0x7798cca819d8b656cf9130a5ea5d871975f4227bea6b3d22ec3b1b6de4584fc0,BTC,NO,low,medium,medium,0.07499999999999997,0.0,0.0,0.0,0.0,False,1.0,0.07999999999999996
executable_quote_0s,3,2026-07-02T13:45:04.364924+00:00,0x6b9167a59028831cc69fc27a631ba5f99da00742fcac16501ddd54b155929c85,ETH,YES,medium,medium,medium,0.014999999999999975,0.0,0.0,0.0,0.0,False,1.0,-0.06
executable_quote_0s,3,2026-07-02T13:45:08.364326+00:00,0x6b9167a59028831cc69fc27a631ba5f99da00742fcac16501ddd54b155929c85,ETH,YES,low,medium,medium,0.02999999999999999,0.0,0.0,0.0,0.0,False,1.0,0.03999999999999998
executable_quote_0s,3,2026-07-02T13:45:12.367704+00:00,0x6b9167a59028831cc69fc27a631ba5f99da00742fcac16501ddd54b155929c85,ETH,YES,low,medium,medium,-0.055000000000000035,0.0,0.0,0.0,0.0,False,1.0,-0.04999999999999999
executable_quote_0s,3,2026-07-02T13:46:08.369291+00:00,0x6b9167a59028831cc69fc27a631ba5f99da00742fcac16501ddd54b155929c85,ETH,YES,low,medium,medium,0.02999999999999999,0.0,0.0,0.0,0.0,False,1.0,0.03999999999999998
executable_quote_0s,3,2026-07-02T13:46:10.366715+00:00,0x165f83111bc6b855ddff03cee955479de1945e82de0c22a4af0e20b7a4611166,SOL,YES,low,medium,medium,0.010000000000000026,0.0,0.0,0.0,0.0,False,1.0,-0.04999999999999999
executable_quote_0s,3,2026-07-02T13:46:12.374640+00:00,0x6b9167a59028831cc69fc27a631ba5f99da00742fcac16501ddd54b155929c85,ETH,YES,medium,medium,medium,0.01999999999999998,0.0,0.0,0.0,0.0,False,1.0,-0.030000000000000027
executable_quote_0s,3,2026-07-02T13:46:20.368608+00:00,0x6b9167a59028831cc69fc27a631ba5f99da00742fcac16501ddd54b155929c85,ETH,YES,medium,medium,medium,0.02999999999999999,0.0,0.0,0.0,0.0,False,1.0,0.03999999999999998
executable_quote_0s,3,2026-07-02T13:46:22.365708+00:00,0x165f83111bc6b855ddff03cee955479de1945e82de0c22a4af0e20b7a4611166,SOL,YES,low,medium,medium,-0.06999999999999999,0.0,0.0,0.0,0.0,False,1.0,-0.06
executable_quote_0s,3,2026-07-02T13:46:28.366021+00:00,0x6b9167a59028831cc69fc27a631ba5f99da00742fcac16501ddd54b155929c85,ETH,YES,low,medium,medium,-0.09000000000000001,0.0,0.0,0.0,0.0,False,1.0,-0.03999999999999998
executable_quote_0s,3,2026-07-02T13:46:34.364544+00:00,0x6b9167a59028831cc69fc27a631ba5f99da00742fcac16501ddd54b155929c85,ETH,YES,low,medium,medium,0.030000000000000044,0.0,0.0,0.0,0.0,False,1.0,0.040000000000000036
executable_quote_0s,3,2026-07-02T13:46:36.372134+00:00,0x6b9167a59028831cc69fc27a631ba5f99da00742fcac16501ddd54b155929c85,ETH,YES,low,low,medium,-0.07000000000000005,0.0,0.0,0.0,0.0,False,1.0,-0.06
executable_quote_0s,3,2026-07-02T13:47:28.363479+00:00,0xdf1c68feb520af13e0b1073b5e17ac465273234950edc85062d074363f2f7ea0,BTC,YES,medium,medium,high,0.27499999999999997,0.0,0.0,0.0,0.0,False,1.0,0.28
executable_quote_0s,3,2026-07-02T13:47:30.370941+00:00,0x165f83111bc6b855ddff03cee955479de1945e82de0c22a4af0e20b7a4611166,SOL,YES,low,medium,high,0.19999999999999998,0.0,0.0,0.0,0.0,False,1.0,0.20999999999999996
executable_quote_0s,3,2026-07-02T14:00:06.363105+00:00,0x100389b157cf172fa16809d99306f23ca1974adf6fbe025dc09758ed45771b51,BTC,NO,low,medium,medium,0.05500000000000006,0.0,0.0,0.0,0.0,False,1.0,0.050000000000000044
executable_quote_0s,3,2026-07-02T14:03:02.371420+00:00,0xba6acf8da6d345173ee24e2b41e7d98ae87fb2f39f6c0d1839c33229ec4b802b,SOL,NO,low,medium,medium,0.030000000000000044,0.0,0.0,0.0,0.0,False,1.0,0.040000000000000036
executable_quote_0s,3,2026-07-02T14:16:42.366798+00:00,0x99bee988b471ce9b6fe317dc281d4f4c4f89040c4dcacef8d455c241ee2e99f8,ETH,NO,low,medium,high,0.3,0.0,0.0,0.0,0.0,False,1.0,0.30999999999999994
executable_quote_0s,3,2026-07-02T15:05:38.363627+00:00,0x647b9c08af3b94902afa9b362889527316a7fdbb46e4a6738ad42d290ca82805,BTC,NO,medium,medium,medium,0.035000000000000045,0.0,0.0,0.0,0.0,False,1.0,0.040000000000000036
executable_quote_0s,3,2026-07-02T15:10:28.366751+00:00,0xcae0c95e9c034ca588baca33e8147b8845b1f312ff09b0d52f4d6e150cddad15,SOL,NO,low,medium,medium,0.04999999999999995,0.0,0.0,0.0,0.0,False,1.0,0.06000000000000005
executable_quote_0s,3,2026-07-02T15:36:32.363170+00:00,0x0a5061025dfe612b3722293195f769f012f8980bd848a20493e2c600f70d09dd,BTC,NO,low,medium,medium,0.28500000000000003,0.0,0.0,0.0,0.0,False,1.0,0.29000000000000004
executable_quote_0s,3,2026-07-02T16:01:28.361478+00:00,0x59496dfc9f417c17975e237fbb7ecfe259156cc15a360f25910162556810c516,SOL,NO,low,medium,medium,0.010000000000000026,0.0,0.0,0.0,0.0,False,1.0,0.07000000000000006
executable_quote_0s,3,2026-07-02T17:00:24.370409+00:00,0x1be94953b760d89a9523766bd1abb42f2e881ac06074bf93aa46ad1a415fc189,SOL,NO,low,medium,medium,0.010000000000000026,0.0,0.0,0.0,0.0,False,1.0,-0.040000000000000036
executable_quote_0s,3,2026-07-02T17:13:30.362110+00:00,0x909723d937a75ac2c9c89d73711867c15953dd27d72b7a6933948473e399451d,ETH,YES,low,medium,medium,0.06000000000000001,0.0,0.0,0.0,0.0,False,1.0,0.06
executable_quote_0s,3,2026-07-02T17:23:18.371612+00:00,0x1f5ef0a23c68190a8a6d515b6c8e8b048078a8afa92d25abb3d94fb87f1f7027,BTC,YES,low,medium,medium,0.255,0.0,0.0,0.0,0.0,False,1.0,0.26
executable_quote_0s,3,2026-07-02T17:23:20.364343+00:00,0x60608598239fe90ee375e38281310554148d5d349aca1ac07aa04e1ce390e6ad,SOL,YES,low,medium,high,0.11,0.0,0.0,0.0,0.0,False,1.0,0.12
executable_quote_0s,3,2026-07-02T17:50:28.360872+00:00,0x0aff58c34608210967c4413fb4b4a6c7fa904dc09de162ecc564806689facc64,SOL,NO,low,medium,high,0.19000000000000003,0.0,0.0,0.0,0.0,False,1.0,0.19999999999999996
executable_quote_0s,3,2026-07-02T18:35:46.363950+00:00,0x0fb6a0c7bcde0b6dd2c22b766ae91ab671463f01b2f4ec31f09491aa9dd4af91,SOL,NO,low,medium,medium,-0.07500000000000005,0.0,0.0,0.0,0.0,False,1.0,-0.09999999999999998
executable_quote_0s,3,2026-07-02T18:35:48.373272+00:00,0x0fb6a0c7bcde0b6dd2c22b766ae91ab671463f01b2f4ec31f09491aa9dd4af91,SOL,NO,low,high,medium,-0.09999999999999996,0.0,0.0,0.0,0.0,False,1.0,-0.12
executable_quote_0s,3,2026-07-02T18:35:56.374508+00:00,0x0fb6a0c7bcde0b6dd2c22b766ae91ab671463f01b2f4ec31f09491aa9dd4af91,SOL,NO,low,medium,medium,0.05500000000000001,0.0,0.0,0.0,0.0,False,1.0,0.05999999999999994
executable_quote_0s,3,2026-07-02T18:35:58.369803+00:00,0x0fb6a0c7bcde0b6dd2c22b766ae91ab671463f01b2f4ec31f09491aa9dd4af91,SOL,NO,low,medium,medium,-0.06999999999999999,0.0,0.0,0.0,0.0,False,1.0,-0.06000000000000005
executable_quote_0s,3,2026-07-02T18:51:30.371222+00:00,0x12f1ba09bc9913623cab1e5f36dab49519aed574c20e74febe167f480cf82772,SOL,NO,low,medium,medium,0.059999999999999956,0.0,0.0,0.0,0.0,False,1.0,0.07000000000000006
executable_quote_0s,3,2026-07-02T19:01:18.365784+00:00,0x639421d64a6433150033c4d335d66cbee7357cad9e8b10bc943f74caf5d0d308,SOL,NO,low,medium,medium,-0.09499999999999996,0.0,0.0,0.0,0.0,False,1.0,-0.030000000000000027
executable_quote_0s,3,2026-07-02T19:03:24.368460+00:00,0x639421d64a6433150033c4d335d66cbee7357cad9e8b10bc943f74caf5d0d308,SOL,YES,low,medium,medium,0.11,0.0,0.0,0.0,0.0,False,1.0,0.12
executable_quote_0s,3,2026-07-02T19:03:44.373982+00:00,0x639421d64a6433150033c4d335d66cbee7357cad9e8b10bc943f74caf5d0d308,SOL,YES,low,medium,medium,0.06000000000000001,0.0,0.0,0.0,0.0,False,1.0,0.07
executable_quote_0s,3,2026-07-02T19:05:14.369431+00:00,0xa1701695adebeed5da4000373df6e9883c29449ade56b49eb6379ee63ba7259b,SOL,NO,low,medium,high,0.07499999999999997,0.0,0.0,0.0,0.0,False,1.0,0.08000000000000007
executable_quote_0s,3,2026-07-02T19:06:40.373607+00:00,0xa1701695adebeed5da4000373df6e9883c29449ade56b49eb6379ee63ba7259b,SOL,NO,low,high,medium,-0.06499999999999999,0.0,0.0,0.0,0.0,False,1.0,-0.040000000000000036
executable_quote_0s,3,2026-07-02T19:31:18.372640+00:00,0x606a340a3aad1b6f683e99c5d598836d6731c972d5ddeb2642c52813a27308af,SOL,NO,low,medium,medium,0.05,0.0,0.0,0.0,0.0,False,1.0,0.05999999999999994
executable_quote_0s,3,2026-07-02T19:31:32.362271+00:00,0x606a340a3aad1b6f683e99c5d598836d6731c972d5ddeb2642c52813a27308af,SOL,NO,low,medium,medium,0.05000000000000006,0.0,0.0,0.0,0.0,False,1.0,0.06000000000000005
executable_quote_0s,3,2026-07-02T19:31:40.366839+00:00,0x606a340a3aad1b6f683e99c5d598836d6731c972d5ddeb2642c52813a27308af,SOL,NO,low,medium,medium,0.05500000000000006,0.0,0.0,0.0,0.0,False,1.0,0.050000000000000044
executable_quote_0s,3,2026-07-02T19:31:58.371790+00:00,0x606a340a3aad1b6f683e99c5d598836d6731c972d5ddeb2642c52813a27308af,SOL,NO,low,medium,medium,-0.09000000000000001,0.0,0.0,0.0,0.0,False,1.0,-0.08999999999999997
executable_quote_0s,3,2026-07-02T19:51:32.364894+00:00,0x2cfc3ef023f8f6ebad847ce57292f2a190fd727fc452a4c2a7cc845fd16b56aa,SOL,NO,low,medium,medium,0.020000000000000007,0.0,0.0,0.0,0.0,False,1.0,0.030000000000000027
executable_quote_0s,3,2026-07-02T19:51:34.373824+00:00,0x2cfc3ef023f8f6ebad847ce57292f2a190fd727fc452a4c2a7cc845fd16b56aa,SOL,NO,low,medium,medium,-0.06000000000000001,0.0,0.0,0.0,0.0,False,1.0,-0.050000000000000044
executable_quote_0s,3,2026-07-02T19:51:58.365557+00:00,0x2cfc3ef023f8f6ebad847ce57292f2a190fd727fc452a4c2a7cc845fd16b56aa,SOL,NO,low,medium,medium,-0.06,0.0,0.0,0.0,0.0,False,1.0,-0.030000000000000027
executable_quote_0s,3,2026-07-02T19:52:06.372072+00:00,0x2cfc3ef023f8f6ebad847ce57292f2a190fd727fc452a4c2a7cc845fd16b56aa,SOL,NO,low,medium,medium,0.03999999999999998,0.0,0.0,0.0,0.0,False,1.0,0.050000000000000044
executable_quote_0s,3,2026-07-02T19:52:12.366157+00:00,0x2cfc3ef023f8f6ebad847ce57292f2a190fd727fc452a4c2a7cc845fd16b56aa,SOL,NO,low,medium,medium,0.015000000000000003,0.0,0.0,0.0,0.0,False,1.0,-0.030000000000000027
executable_quote_0s,3,2026-07-02T19:52:24.373550+00:00,0x2cfc3ef023f8f6ebad847ce57292f2a190fd727fc452a4c2a7cc845fd16b56aa,SOL,NO,medium,medium,medium,0.009999999999999998,0.0,0.0,0.0,0.0,False,1.0,0.040000000000000036
executable_quote_0s,3,2026-07-02T19:52:30.368984+00:00,0x2cfc3ef023f8f6ebad847ce57292f2a190fd727fc452a4c2a7cc845fd16b56aa,SOL,NO,medium,medium,medium,0.11,0.0,0.0,0.0,0.0,False,1.0,-0.030000000000000027
executable_quote_0s,3,2026-07-02T19:52:48.372495+00:00,0x2cfc3ef023f8f6ebad847ce57292f2a190fd727fc452a4c2a7cc845fd16b56aa,SOL,NO,medium,medium,medium,0.01500000000000003,0.0,0.0,0.0,0.0,False,1.0,0.06999999999999995
executable_quote_0s,3,2026-07-02T19:53:00.364200+00:00,0x2cfc3ef023f8f6ebad847ce57292f2a190fd727fc452a4c2a7cc845fd16b56aa,SOL,NO,medium,high,medium,0.02999999999999999,0.0,0.0,0.0,0.0,False,1.0,-0.040000000000000036
executable_quote_0s,3,2026-07-02T19:53:04.368103+00:00,0x2cfc3ef023f8f6ebad847ce57292f2a190fd727fc452a4c2a7cc845fd16b56aa,SOL,NO,high,medium,medium,-0.06999999999999999,0.0,0.0,0.0,0.0,False,1.0,-0.05999999999999994
executable_quote_0s,3,2026-07-02T19:53:10.364232+00:00,0x2cfc3ef023f8f6ebad847ce57292f2a190fd727fc452a4c2a7cc845fd16b56aa,SOL,NO,high,medium,medium,0.12000000000000001,0.0,0.0,0.0,0.0,False,1.0,0.13
executable_quote_0s,3,2026-07-02T19:53:42.364449+00:00,0x2cfc3ef023f8f6ebad847ce57292f2a190fd727fc452a4c2a7cc845fd16b56aa,SOL,NO,high,medium,medium,0.020000000000000035,0.0,0.0,0.0,0.0,False,1.0,0.030000000000000027
executable_quote_2s,1,2026-06-24T15:43:06.758948+00:00,0x80658216d4530ee5d8f87f3a84d6788c0505a016f5d1a52bfb8fc3c1afc1f1c2,ETH,YES,low,low,medium,-0.05,0.0,0.0,0.0,0.005,False,1.0,-0.035
executable_quote_2s,1,2026-06-24T15:48:20.766212+00:00,0x8e22e9bf1a5c5cf1e5a91126865227cf0b75a5ec64611f0e0b23348e2b8eebc6,SOL,YES,medium,low,medium,-0.05,0.0,0.0,0.0,0.005,False,1.0,-0.034999999999999996
executable_quote_2s,1,2026-06-24T15:48:30.765676+00:00,0x8e22e9bf1a5c5cf1e5a91126865227cf0b75a5ec64611f0e0b23348e2b8eebc6,SOL,YES,medium,low,medium,-0.04,0.0,0.0,0.0,0.005,False,1.0,-0.044
executable_quote_2s,1,2026-06-24T16:03:06.764139+00:00,0x898e75f4a2714851629ab01153214fbf585c570d631964d411eb3f85d6f77427,ETH,NO,low,medium,high,0.07000000000000002,0.0,0.0,0.0,0.005,False,1.0,0.07499999999999996
executable_quote_2s,1,2026-06-24T16:03:34.761565+00:00,0x898e75f4a2714851629ab01153214fbf585c570d631964d411eb3f85d6f77427,ETH,NO,low,medium,medium,0.01999999999999998,0.0,0.0,0.0,0.005,False,1.0,0.025000000000000026
executable_quote_2s,1,2026-06-24T16:03:36.766733+00:00,0x898e75f4a2714851629ab01153214fbf585c570d631964d411eb3f85d6f77427,ETH,NO,low,medium,medium,0.020000000000000035,0.0,0.0,0.0,0.005,False,1.0,0.025000000000000026
executable_quote_2s,1,2026-06-24T16:03:56.765843+00:00,0x898e75f4a2714851629ab01153214fbf585c570d631964d411eb3f85d6f77427,ETH,NO,medium,medium,medium,-0.07000000000000002,0.0,0.0,0.0,0.005,False,1.0,-0.08499999999999996
executable_quote_2s,1,2026-06-24T16:17:42.762123+00:00,0x16d9a49118c42f6c43e48602f4356b563fe7d62f03eace901d12f3671b7534cd,SOL,NO,low,medium,high,0.18000000000000002,0.0,0.0,0.0,0.005,False,1.0,0.09499999999999997
executable_quote_2s,1,2026-06-24T16:22:52.762411+00:00,0x76ee4df37777787c309b30aa15d0861f505cc65be0cea6ab16949e8fba9fa172,SOL,NO,medium,medium,medium,-0.11999999999999998,0.0,0.0,0.0,0.005,False,1.0,-0.08500000000000008
executable_quote_2s,1,2026-06-24T16:22:54.752727+00:00,0x76ee4df37777787c309b30aa15d0861f505cc65be0cea6ab16949e8fba9fa172,SOL,NO,medium,medium,medium,-0.06500000000000002,0.0,0.0,0.0,0.005,False,1.0,-0.08500000000000008
executable_quote_2s,1,2026-06-24T16:41:48.765478+00:00,0x54faa3af7fa6193533f340c3ceb42d2a8d405f5e3b23e2178d2a0212ac8cd968,ETH,YES,low,low,medium,-0.09500000000000001,0.0,0.0,0.0,0.005,False,1.0,-0.095
executable_quote_2s,1,2026-06-24T16:41:50.756781+00:00,0x54faa3af7fa6193533f340c3ceb42d2a8d405f5e3b23e2178d2a0212ac8cd968,ETH,YES,low,medium,low,-0.055000000000000035,0.0,0.0,0.0,0.005,False,1.0,-0.095
executable_quote_2s,1,2026-06-24T16:48:48.757094+00:00,0x6a9cd2dd7bc9c9807d3452c9f1a97c34ac7aedbc934b79054d8b3a0bfdcd4e42,BTC,YES,low,low,high,-0.0325,0.0,0.0,0.0,0.005,False,1.0,-0.023000000000000003
executable_quote_2s,1,2026-06-24T16:51:06.758502+00:00,0xabff544d3602969cb25677257451bdb7c6ad59b48e75d1d633afb248b012b06c,ETH,NO,low,medium,medium,0.30000000000000004,0.0,0.0,0.0,0.005,False,1.0,0.03499999999999993
executable_quote_2s,1,2026-06-24T16:52:04.761668+00:00,0x7d0f63daa0e0bd4993d80fa4bcb62fd622043fb264ec4a7aa7b875871c6a353a,SOL,YES,medium,medium,medium,0.030000000000000002,0.0,0.0,0.0,0.005,False,1.0,0.055
executable_quote_2s,1,2026-06-24T16:52:06.767562+00:00,0x7d0f63daa0e0bd4993d80fa4bcb62fd622043fb264ec4a7aa7b875871c6a353a,SOL,YES,high,medium,medium,0.05,0.0,0.0,0.0,0.005,False,1.0,-0.034999999999999996
executable_quote_2s,1,2026-06-24T16:53:18.759891+00:00,0x11be248eacf03fecfc51007bb9833cc1452e33e48c5226ab9c30e91656ca4fed,BTC,YES,low,medium,medium,-0.05,0.0,0.0,0.0,0.005,False,1.0,-0.035
executable_quote_2s,1,2026-06-24T16:53:52.752947+00:00,0x7d0f63daa0e0bd4993d80fa4bcb62fd622043fb264ec4a7aa7b875871c6a353a,SOL,YES,high,low,medium,-0.05,0.0,0.0,0.0,0.005,False,1.0,-0.045
executable_quote_2s,1,2026-06-24T16:53:54.758545+00:00,0xabff544d3602969cb25677257451bdb7c6ad59b48e75d1d633afb248b012b06c,ETH,NO,high,low,medium,-0.02,0.0,0.0,0.0,0.005,False,1.0,-0.013000000000000008
executable_quote_2s,1,2026-06-24T16:55:32.763105+00:00,0xdc4693598a20d019c083949d35703b04d5de73552f4d0fb762787cbe10eef7af,ETH,YES,low,medium,medium,0.035000000000000045,0.0,0.0,0.0,0.005,False,1.0,0.04500000000000005
executable_quote_2s,1,2026-06-24T17:10:44.757531+00:00,0x6bcbfb85688c3516d74eda21ae1058775c9dbb0c3c2ed80679bea5efa4224f1f,SOL,YES,low,medium,medium,-0.09000000000000001,0.0,0.0,0.0,0.005,False,1.0,-0.09500000000000003
executable_quote_2s,1,2026-06-24T17:10:48.752203+00:00,0x6bcbfb85688c3516d74eda21ae1058775c9dbb0c3c2ed80679bea5efa4224f1f,SOL,YES,low,medium,medium,0.07000000000000002,0.0,0.0,0.0,0.005,False,1.0,-0.06500000000000006
executable_quote_2s,1,2026-06-24T17:15:08.754027+00:00,0x2a87ba5465e5a39b23f5c245ce8daf4e9166a6b5d3a01f97e3c5cebe5f542667,ETH,YES,low,medium,medium,0.08999999999999998,0.0,0.0,0.0,0.005,False,1.0,-0.035000000000000024
executable_quote_2s,1,2026-06-24T17:15:32.759728+00:00,0xc6ddbe45253f77b8dbd808a9153ec3477a66b95ce3dcd40edbdbf5e69a9fad74,BTC,YES,low,medium,medium,-0.059999999999999984,0.0,0.0,0.0,0.005,False,1.0,-0.054999999999999986
executable_quote_2s,1,2026-06-24T17:17:04.766209+00:00,0xc6ddbe45253f77b8dbd808a9153ec3477a66b95ce3dcd40edbdbf5e69a9fad74,BTC,YES,low,medium,medium,0.01999999999999998,0.0,0.0,0.0,0.005,False,1.0,-0.07500000000000001
executable_quote_2s,1,2026-06-24T17:20:12.764868+00:00,0xd8e21b0124221e5a6948b65f0b5c1b7c563a3c7e6ea11a1e7d760638a2e885ba,SOL,NO,medium,medium,high,0.15500000000000005,0.0,0.0,0.0,0.005,False,1.0,0.03499999999999993
executable_quote_2s,1,2026-06-24T17:25:44.756279+00:00,0x0a15e96a2f8db3533603fd8a311915394fd8b8b6cbc3c3b90e5225964660bd94,ETH,YES,low,medium,high,0.030000000000000044,0.0,0.0,0.0,0.005,False,1.0,0.03499999999999993
executable_quote_2s,1,2026-06-24T17:26:36.761972+00:00,0x0a15e96a2f8db3533603fd8a311915394fd8b8b6cbc3c3b90e5225964660bd94,ETH,YES,low,medium,high,0.11,0.0,0.0,0.0,0.005,False,1.0,0.025000000000000026
executable_quote_2s,1,2026-06-24T17:28:30.758436+00:00,0x8b89ebef2e337682d0c761c2d9ea76b14916b0fbaa6b07ab496782aa61d08092,SOL,NO,low,medium,medium,-0.03,0.0,0.0,0.0,0.005,False,1.0,-0.024000000000000018
executable_quote_2s,1,2026-06-24T17:32:12.757879+00:00,0xc53755a72a77c13680d29f80e88a1ffcdaeda374fb64389c3801a5660e24deb8,SOL,NO,low,medium,medium,0.030000000000000044,0.0,0.0,0.0,0.005,False,1.0,0.03500000000000004
executable_quote_2s,1,2026-06-24T17:40:50.764310+00:00,0xe162acce182a1c54de6efd4a047bee1957d9d0ce3a96723f622886a34ce9ef56,BTC,NO,low,medium,medium,-0.05000000000000003,0.0,0.0,0.0,0.005,False,1.0,-0.035000000000000024
executable_quote_2s,1,2026-06-24T17:46:02.756352+00:00,0x931296be6d3fc5e74df946ebeb47595bd30d0b51c747520c22454b54dbde783c,ETH,NO,medium,medium,high,0.16,0.0,0.0,0.0,0.005,False,1.0,0.08499999999999996
executable_quote_2s,1,2026-06-24T17:50:26.761135+00:00,0xe0261c3af71ec76885a6befe78536d37f4f39622a19d0102257561caaca61811,SOL,NO,low,medium,medium,0.06000000000000001,0.0,0.0,0.0,0.005,False,1.0,0.025000000000000026
executable_quote_2s,1,2026-06-24T18:00:58.760168+00:00,0x5a189bc1b252af1469e531eb62cee5995fe46dd01bcaff6b137a7bc3109e2e43,SOL,NO,medium,low,medium,-0.05000000000000003,0.0,0.0,0.0,0.005,False,1.0,-0.04499999999999992
executable_quote_2s,1,2026-06-24T18:01:08.757617+00:00,0x5a189bc1b252af1469e531eb62cee5995fe46dd01bcaff6b137a7bc3109e2e43,SOL,NO,medium,medium,medium,0.010000000000000026,0.0,0.0,0.0,0.005,False,1.0,-0.04499999999999992
executable_quote_2s,1,2026-06-24T18:01:10.762661+00:00,0x5a189bc1b252af1469e531eb62cee5995fe46dd01bcaff6b137a7bc3109e2e43,SOL,NO,medium,medium,medium,-0.06999999999999999,0.0,0.0,0.0,0.005,False,1.0,-0.05499999999999993
executable_quote_2s,1,2026-06-24T18:01:28.765791+00:00,0x5a189bc1b252af1469e531eb62cee5995fe46dd01bcaff6b137a7bc3109e2e43,SOL,NO,medium,medium,medium,-0.05000000000000003,0.0,0.0,0.0,0.005,False,1.0,-0.035000000000000024
executable_quote_2s,1,2026-06-24T18:01:32.763050+00:00,0x5a189bc1b252af1469e531eb62cee5995fe46dd01bcaff6b137a7bc3109e2e43,SOL,NO,medium,medium,medium,0.07000000000000002,0.0,0.0,0.0,0.005,False,1.0,-0.035000000000000024
executable_quote_2s,1,2026-06-24T18:01:48.762400+00:00,0x5a189bc1b252af1469e531eb62cee5995fe46dd01bcaff6b137a7bc3109e2e43,SOL,NO,medium,medium,medium,0.059999999999999956,0.0,0.0,0.0,0.005,False,1.0,0.025000000000000026
executable_quote_2s,1,2026-06-24T18:05:24.753766+00:00,0x17dc5c06a8038c8b9fe98dc10caabed5e643e594aa096dfa257871e4e6fc79db,BTC,NO,medium,medium,high,0.05000000000000006,0.0,0.0,0.0,0.005,False,1.0,0.055000000000000056
executable_quote_2s,1,2026-06-24T18:05:28.765310+00:00,0x17dc5c06a8038c8b9fe98dc10caabed5e643e594aa096dfa257871e4e6fc79db,BTC,NO,medium,medium,high,0.06999999999999997,0.0,0.0,0.0,0.005,False,1.0,-0.04499999999999992
executable_quote_2s,1,2026-06-24T18:05:36.760226+00:00,0x3d07d4fd8f80b13ff82b8a59ac4e27ef61cee1ca5f5e8b639dd421a3a7bc2fcb,SOL,NO,low,high,medium,0.04999999999999995,0.0,0.0,0.0,0.005,False,1.0,-0.035000000000000024
executable_quote_2s,1,2026-06-24T18:06:36.754811+00:00,0x3d07d4fd8f80b13ff82b8a59ac4e27ef61cee1ca5f5e8b639dd421a3a7bc2fcb,SOL,YES,low,medium,medium,0.039999999999999994,0.0,0.0,0.0,0.005,False,1.0,0.10499999999999998
executable_quote_2s,1,2026-06-24T18:06:38.762149+00:00,0x3d07d4fd8f80b13ff82b8a59ac4e27ef61cee1ca5f5e8b639dd421a3a7bc2fcb,SOL,YES,low,medium,medium,0.09999999999999999,0.0,0.0,0.0,0.005,False,1.0,0.025000000000000026
executable_quote_2s,1,2026-06-24T18:10:32.759091+00:00,0xe3120089fce1f1a743fc240f0033561fca78ae3088352a0f3f52413a0a0b39cb,BTC,YES,low,medium,high,0.04999999999999995,0.0,0.0,0.0,0.005,False,1.0,0.054999999999999945
executable_quote_2s,1,2026-06-24T18:10:48.754900+00:00,0x2a8f1b4db2834d8f740fa140f88d4c2cd7464241d37403fce3ab3bc53ee78792,ETH,NO,low,medium,high,0.06999999999999997,0.0,0.0,0.0,0.005,False,1.0,0.07500000000000007
executable_quote_2s,1,2026-06-24T18:11:20.766968+00:00,0x2a8f1b4db2834d8f740fa140f88d4c2cd7464241d37403fce3ab3bc53ee78792,ETH,YES,low,medium,medium,-0.059999999999999984,0.0,0.0,0.0,0.005,False,1.0,0.07500000000000001
executable_quote_2s,1,2026-06-24T18:20:04.756204+00:00,0x3d34074cabf8c0c7082b719f8b1d246fbf3344709e9dceb7baf2a9e21d9dcd71,BTC,YES,low,medium,medium,-0.13000000000000003,0.0,0.0,0.0,0.005,False,1.0,-0.06500000000000006
executable_quote_2s,1,2026-06-24T18:20:30.755092+00:00,0x3d34074cabf8c0c7082b719f8b1d246fbf3344709e9dceb7baf2a9e21d9dcd71,BTC,YES,low,medium,medium,-0.05499999999999998,0.0,0.0,0.0,0.005,False,1.0,-0.054999999999999986
executable_quote_2s,1,2026-06-24T18:20:36.756990+00:00,0x063b6476f22b96ffa4e2b1b40b6be64b68228f02258cf4f2cb5ae83ecbf708fd,ETH,YES,medium,medium,medium,0.04999999999999995,0.0,0.0,0.0,0.005,False,1.0,0.025000000000000026
executable_quote_2s,1,2026-06-24T18:20:40.753306+00:00,0x3d34074cabf8c0c7082b719f8b1d246fbf3344709e9dceb7baf2a9e21d9dcd71,BTC,YES,low,medium,medium,-0.059999999999999984,0.0,0.0,0.0,0.005,False,1.0,-0.04499999999999998
executable_quote_2s,1,2026-06-24T18:20:52.756246+00:00,0x3d34074cabf8c0c7082b719f8b1d246fbf3344709e9dceb7baf2a9e21d9dcd71,BTC,YES,low,medium,medium,0.039999999999999994,0.0,0.0,0.0,0.005,False,1.0,-0.035000000000000024
executable_quote_2s,1,2026-06-24T18:20:54.762187+00:00,0x3d34074cabf8c0c7082b719f8b1d246fbf3344709e9dceb7baf2a9e21d9dcd71,BTC,YES,low,medium,medium,0.010000000000000026,0.0,0.0,0.0,0.005,False,1.0,-0.035000000000000024
executable_quote_2s,1,2026-06-24T18:21:06.764841+00:00,0x3d34074cabf8c0c7082b719f8b1d246fbf3344709e9dceb7baf2a9e21d9dcd71,BTC,YES,low,medium,medium,-0.05000000000000003,0.0,0.0,0.0,0.005,False,1.0,0.025000000000000026
executable_quote_2s,1,2026-06-24T18:21:10.764191+00:00,0x3d34074cabf8c0c7082b719f8b1d246fbf3344709e9dceb7baf2a9e21d9dcd71,BTC,YES,low,medium,medium,0.020000000000000035,0.0,0.0,0.0,0.005,False,1.0,0.15500000000000003
executable_quote_2s,1,2026-06-24T18:21:12.754338+00:00,0x3d34074cabf8c0c7082b719f8b1d246fbf3344709e9dceb7baf2a9e21d9dcd71,BTC,YES,low,medium,medium,-0.06000000000000004,0.0,0.0,0.0,0.005,False,1.0,0.15500000000000003
executable_quote_2s,1,2026-06-24T18:21:14.759655+00:00,0x3d34074cabf8c0c7082b719f8b1d246fbf3344709e9dceb7baf2a9e21d9dcd71,BTC,YES,low,high,medium,0.19499999999999998,0.0,0.0,0.0,0.005,False,1.0,0.14500000000000002
executable_quote_2s,1,2026-06-24T18:23:18.758759+00:00,0x3d34074cabf8c0c7082b719f8b1d246fbf3344709e9dceb7baf2a9e21d9dcd71,BTC,YES,low,medium,medium,0.01500000000000003,0.0,0.0,0.0,0.005,False,1.0,0.025000000000000026
executable_quote_2s,1,2026-06-24T18:26:40.754541+00:00,0x0f58baf57772722db394290841df2a23b89d3ef388a740790fe4356e58669164,ETH,NO,low,medium,medium,-0.38,0.0,0.0,0.0,0.005,False,1.0,-0.395
executable_quote_2s,1,2026-06-24T18:32:18.765892+00:00,0xbde68413691d686e0741615c9dad23d2669c8cfcdd14efb81d2fd53260602d61,SOL,NO,low,medium,medium,0.05,0.0,0.0,0.0,0.005,False,1.0,0.054999999999999945
executable_quote_2s,1,2026-06-24T18:32:28.765868+00:00,0xbde68413691d686e0741615c9dad23d2669c8cfcdd14efb81d2fd53260602d61,SOL,NO,low,medium,medium,-0.10000000000000002,0.0,0.0,0.0,0.005,False,1.0,-0.07499999999999996
executable_quote_2s,1,2026-06-24T18:32:34.767339+00:00,0xbde68413691d686e0741615c9dad23d2669c8cfcdd14efb81d2fd53260602d61,SOL,NO,low,medium,medium,-0.09999999999999999,0.0,0.0,0.0,0.005,False,1.0,-0.09500000000000008
executable_quote_2s,1,2026-06-24T18:32:36.756754+00:00,0xbde68413691d686e0741615c9dad23d2669c8cfcdd14efb81d2fd53260602d61,SOL,NO,low,medium,medium,0.025000000000000012,0.0,0.0,0.0,0.005,False,1.0,-0.09500000000000008
executable_quote_2s,1,2026-06-24T18:32:38.763486+00:00,0xbde68413691d686e0741615c9dad23d2669c8cfcdd14efb81d2fd53260602d61,SOL,NO,low,high,medium,-0.07500000000000002,0.0,0.0,0.0,0.005,False,1.0,0.025000000000000026
executable_quote_2s,1,2026-06-24T18:32:40.753774+00:00,0xbde68413691d686e0741615c9dad23d2669c8cfcdd14efb81d2fd53260602d61,SOL,NO,low,medium,medium,0.030000000000000016,0.0,0.0,0.0,0.005,False,1.0,0.025000000000000026
executable_quote_2s,1,2026-06-24T18:32:58.758626+00:00,0xbde68413691d686e0741615c9dad23d2669c8cfcdd14efb81d2fd53260602d61,SOL,NO,low,high,medium,-0.05000000000000003,0.0,0.0,0.0,0.005,False,1.0,-0.05499999999999993
executable_quote_2s,1,2026-06-24T18:33:00.765000+00:00,0xbde68413691d686e0741615c9dad23d2669c8cfcdd14efb81d2fd53260602d61,SOL,NO,low,medium,medium,0.014999999999999975,0.0,0.0,0.0,0.005,False,1.0,0.07500000000000007
executable_quote_2s,1,2026-06-24T18:51:52.760600+00:00,0x76ceb5966715afdbb09250dea84bccfc837e72c59d375b0ca15e03fcc417fb4e,SOL,YES,low,medium,medium,-0.06999999999999999,0.0,0.0,0.0,0.005,False,1.0,0.03499999999999998
executable_quote_2s,1,2026-06-24T18:51:54.765991+00:00,0x76ceb5966715afdbb09250dea84bccfc837e72c59d375b0ca15e03fcc417fb4e,SOL,YES,low,medium,medium,0.039999999999999994,0.0,0.0,0.0,0.005,False,1.0,-0.13499999999999995
executable_quote_2s,1,2026-06-24T18:51:56.756813+00:00,0x76ceb5966715afdbb09250dea84bccfc837e72c59d375b0ca15e03fcc417fb4e,SOL,YES,low,high,medium,0.01500000000000003,0.0,0.0,0.0,0.005,False,1.0,-0.13499999999999995
executable_quote_2s,1,2026-06-24T18:52:10.764773+00:00,0x768552d5316e123aaa73080f47f5e8f4e0ba7553daff6a1d32fa8d9ed5552775,ETH,YES,low,medium,medium,0.059999999999999956,0.0,0.0,0.0,0.005,False,1.0,-0.06499999999999995
executable_quote_2s,1,2026-06-24T18:52:48.766058+00:00,0x768552d5316e123aaa73080f47f5e8f4e0ba7553daff6a1d32fa8d9ed5552775,ETH,YES,low,low,medium,0.014999999999999975,0.0,0.0,0.0,0.005,False,1.0,0.03499999999999998
executable_quote_2s,1,2026-06-24T18:52:48.766058+00:00,0x76ceb5966715afdbb09250dea84bccfc837e72c59d375b0ca15e03fcc417fb4e,SOL,YES,low,low,medium,-0.07000000000000005,0.0,0.0,0.0,0.005,False,1.0,0.025000000000000026
executable_quote_2s,1,2026-06-24T18:52:52.763973+00:00,0x76ceb5966715afdbb09250dea84bccfc837e72c59d375b0ca15e03fcc417fb4e,SOL,YES,low,medium,medium,0.020000000000000035,0.0,0.0,0.0,0.005,False,1.0,0.03500000000000004
executable_quote_2s,1,2026-06-24T18:53:46.759987+00:00,0x76ceb5966715afdbb09250dea84bccfc837e72c59d375b0ca15e03fcc417fb4e,SOL,YES,medium,low,medium,0.09999999999999999,0.0,0.0,0.0,0.005,False,1.0,0.025000000000000026
executable_quote_2s,1,2026-06-24T19:00:16.766958+00:00,0x6f14d199dafd35a5f545aad500e9cd65eaf22a2bf1a522817da62c57245246f4,SOL,NO,low,medium,medium,0.020000000000000035,0.0,0.0,0.0,0.005,False,1.0,-0.06500000000000006
executable_quote_2s,1,2026-06-24T19:00:20.764327+00:00,0x6f14d199dafd35a5f545aad500e9cd65eaf22a2bf1a522817da62c57245246f4,SOL,NO,low,high,medium,-0.06499999999999999,0.0,0.0,0.0,0.005,False,1.0,-0.04499999999999992
executable_quote_2s,1,2026-06-24T19:00:26.766094+00:00,0x6f14d199dafd35a5f545aad500e9cd65eaf22a2bf1a522817da62c57245246f4,SOL,NO,low,medium,medium,0.014999999999999975,0.0,0.0,0.0,0.005,False,1.0,-0.035000000000000024
executable_quote_2s,1,2026-06-24T19:00:34.758570+00:00,0x6f14d199dafd35a5f545aad500e9cd65eaf22a2bf1a522817da62c57245246f4,SOL,NO,low,medium,medium,-0.06999999999999999,0.0,0.0,0.0,0.005,False,1.0,-0.035000000000000024
executable_quote_2s,1,2026-06-24T19:00:46.763874+00:00,0x6f14d199dafd35a5f545aad500e9cd65eaf22a2bf1a522817da62c57245246f4,SOL,NO,low,low,medium,0.010000000000000026,0.0,0.0,0.0,0.005,False,1.0,-0.10499999999999998
executable_quote_2s,1,2026-06-24T19:01:30.763622+00:00,0x6f14d199dafd35a5f545aad500e9cd65eaf22a2bf1a522817da62c57245246f4,SOL,NO,low,medium,medium,-0.05000000000000003,0.0,0.0,0.0,0.005,False,1.0,-0.07500000000000007
executable_quote_2s,1,2026-06-24T19:02:02.766777+00:00,0x9828065f135b73cbb04da613189035c96beca24508e8d4b15f9a9b670b7519eb,ETH,NO,low,medium,medium,0.01999999999999998,0.0,0.0,0.0,0.005,False,1.0,0.025000000000000026
executable_quote_2s,1,2026-06-24T19:02:02.766777+00:00,0x6f14d199dafd35a5f545aad500e9cd65eaf22a2bf1a522817da62c57245246f4,SOL,NO,low,medium,high,0.06000000000000001,0.0,0.0,0.0,0.005,False,1.0,0.025000000000000026
executable_quote_2s,1,2026-06-24T19:02:04.757011+00:00,0x6f14d199dafd35a5f545aad500e9cd65eaf22a2bf1a522817da62c57245246f4,SOL,NO,low,medium,medium,-0.11499999999999998,0.0,0.0,0.0,0.005,False,1.0,0.025000000000000026
executable_quote_2s,1,2026-06-24T19:02:06.762138+00:00,0x6f14d199dafd35a5f545aad500e9cd65eaf22a2bf1a522817da62c57245246f4,SOL,NO,low,medium,medium,0.02999999999999999,0.0,0.0,0.0,0.005,False,1.0,-0.06500000000000006
executable_quote_2s,1,2026-06-24T19:02:08.753956+00:00,0x6f14d199dafd35a5f545aad500e9cd65eaf22a2bf1a522817da62c57245246f4,SOL,NO,low,high,medium,-0.06999999999999999,0.0,0.0,0.0,0.005,False,1.0,-0.06500000000000006
executable_quote_2s,1,2026-06-24T19:02:34.760304+00:00,0x6f14d199dafd35a5f545aad500e9cd65eaf22a2bf1a522817da62c57245246f4,SOL,NO,low,medium,medium,0.010000000000000026,0.0,0.0,0.0,0.005,False,1.0,-0.04500000000000003
executable_quote_2s,1,2026-06-24T19:12:34.759652+00:00,0x1aee94333f9f59a16641bfb6bb79781128bfc7c762e6ec35a3e28ae595c8f710,ETH,YES,low,low,medium,-0.03,0.0,0.0,0.0,0.005,False,1.0,-0.033999999999999996
executable_quote_2s,1,2026-06-24T19:15:48.754190+00:00,0x4982ded7e4b9233220595f26cc997fa151f1902c8893a0a78a52d656b5fdb3d4,ETH,NO,medium,medium,medium,-0.08,0.0,0.0,0.0,0.005,False,1.0,0.03499999999999993
executable_quote_2s,1,2026-06-24T19:15:50.760306+00:00,0xb802375b899f20776320f8a3ad101bd8c4a32ff81a436fcc308a140cc33d96bf,BTC,NO,low,medium,medium,0.010000000000000026,0.0,0.0,0.0,0.005,False,1.0,0.025000000000000026
executable_quote_2s,1,2026-06-24T19:15:50.760306+00:00,0x4982ded7e4b9233220595f26cc997fa151f1902c8893a0a78a52d656b5fdb3d4,ETH,NO,medium,medium,medium,0.03499999999999999,0.0,0.0,0.0,0.005,False,1.0,0.04500000000000005
executable_quote_2s,1,2026-06-24T19:25:34.759452+00:00,0x6e39d066f4cd8679f901216c55834139a9ad2240af38a11b09b63b0473e2b84b,SOL,YES,low,medium,medium,0.010000000000000026,0.0,0.0,0.0,0.005,False,1.0,0.03499999999999993
executable_quote_2s,1,2026-06-24T19:26:04.757062+00:00,0x6e39d066f4cd8679f901216c55834139a9ad2240af38a11b09b63b0473e2b84b,SOL,YES,low,medium,medium,0.07500000000000002,0.0,0.0,0.0,0.005,False,1.0,0.04500000000000005
executable_quote_2s,1,2026-06-24T19:37:46.757371+00:00,0xfedc3df4cb1db1fc866524795ac2fcdf9941f43010b9c15e487a333e6f266394,SOL,YES,low,medium,high,0.010000000000000026,0.0,0.0,0.0,0.005,False,1.0,-0.04500000000000003
executable_quote_2s,1,2026-06-24T19:37:50.757198+00:00,0xfedc3df4cb1db1fc866524795ac2fcdf9941f43010b9c15e487a333e6f266394,SOL,YES,low,medium,medium,-0.09999999999999996,0.0,0.0,0.0,0.005,False,1.0,-0.09499999999999997
executable_quote_2s,1,2026-06-24T19:41:20.756922+00:00,0x7001dd0099cdee5fbb1efe846336e41812c524e7585b6f7c9a0a5c9882f114b9,SOL,NO,low,medium,medium,0.03999999999999994,0.0,0.0,0.0,0.005,False,1.0,0.04500000000000005
executable_quote_2s,1,2026-06-24T19:48:44.761661+00:00,0x4f55d140209fd0d5a7745de8f8a0f150f3b6097aedbaeee7d1a0618c0c3d7bb8,ETH,NO,low,medium,medium,0.06999999999999997,0.0,0.0,0.0,0.005,False,1.0,0.07500000000000007
executable_quote_2s,1,2026-06-24T19:53:26.758012+00:00,0x3ba3b3f951b2628ef716722de268dd5e244f8d45fd355168fab2e3b85af75128,SOL,NO,low,medium,high,-0.0315,0.0,0.0,0.0,0.005,False,1.0,-0.022000000000000016
executable_quote_2s,1,2026-06-24T20:01:06.759646+00:00,0x88fd0bf02fe557e16419750274baafa5fd89a12437e7d4215161d95a77cc069e,SOL,NO,low,medium,medium,-0.05,0.0,0.0,0.0,0.005,False,1.0,-0.04500000000000003
executable_quote_2s,1,2026-06-24T20:01:08.765938+00:00,0x99160df581693bc7fa4ad76b5fe823f5346ef5cb655f1e8650a60c30a642c0ac,BTC,YES,low,high,medium,0.29,0.0,0.0,0.0,0.005,False,1.0,-0.06499999999999995
executable_quote_2s,1,2026-06-24T20:08:34.761066+00:00,0xd14dfda063d0d2dafe354fe938c73ea7643db9f344cf11598794d252f8d453a1,BTC,NO,low,low,medium,-0.018,0.0,0.0,0.0,0.005,False,1.0,-0.006000000000000001
executable_quote_2s,1,2026-06-24T20:13:52.754397+00:00,0xf8776b5271ce59d683b9da736a42f8139c58e4093ad342ae1288f9addc1b3cfe,BTC,NO,low,medium,medium,-0.06499999999999999,0.0,0.0,0.0,0.005,False,1.0,-0.04500000000000003
executable_quote_2s,1,2026-06-24T20:13:56.764659+00:00,0xf8776b5271ce59d683b9da736a42f8139c58e4093ad342ae1288f9addc1b3cfe,BTC,NO,low,high,medium,-0.12999999999999998,0.0,0.0,0.0,0.005,False,1.0,0.04500000000000005
executable_quote_2s,1,2026-06-24T20:17:30.756983+00:00,0x9c3ac652cc797ed5fdf7c5717c58c9ce007e9fabecc76e1454bf2d8db03c7150,BTC,YES,low,medium,medium,-0.06000000000000004,0.0,0.0,0.0,0.005,False,1.0,-0.06500000000000006
executable_quote_2s,1,2026-06-24T20:17:34.755355+00:00,0x9c3ac652cc797ed5fdf7c5717c58c9ce007e9fabecc76e1454bf2d8db03c7150,BTC,YES,low,medium,medium,0.020000000000000035,0.0,0.0,0.0,0.005,False,1.0,0.025000000000000026
executable_quote_2s,1,2026-06-24T20:17:38.755356+00:00,0x9c3ac652cc797ed5fdf7c5717c58c9ce007e9fabecc76e1454bf2d8db03c7150,BTC,YES,low,medium,medium,0.010000000000000026,0.0,0.0,0.0,0.005,False,1.0,0.07499999999999996
executable_quote_2s,1,2026-06-24T20:17:48.756472+00:00,0x9c3ac652cc797ed5fdf7c5717c58c9ce007e9fabecc76e1454bf2d8db03c7150,BTC,YES,low,low,medium,0.04999999999999995,0.0,0.0,0.0,0.005,False,1.0,0.025000000000000026
executable_quote_2s,1,2026-06-24T20:18:06.756462+00:00,0x9c3ac652cc797ed5fdf7c5717c58c9ce007e9fabecc76e1454bf2d8db03c7150,BTC,YES,medium,medium,medium,-0.055000000000000035,0.0,0.0,0.0,0.005,False,1.0,-0.05499999999999993
executable_quote_2s,1,2026-06-24T20:18:34.759712+00:00,0x9c3ac652cc797ed5fdf7c5717c58c9ce007e9fabecc76e1454bf2d8db03c7150,BTC,YES,low,medium,medium,0.029999999999999933,0.0,0.0,0.0,0.005,False,1.0,-0.06499999999999995
executable_quote_2s,1,2026-06-24T20:18:42.754973+00:00,0x9c3ac652cc797ed5fdf7c5717c58c9ce007e9fabecc76e1454bf2d8db03c7150,BTC,YES,low,high,medium,0.01500000000000003,0.0,0.0,0.0,0.005,False,1.0,-0.09499999999999997
executable_quote_2s,1,2026-06-24T20:23:28.766404+00:00,0x664abf9e27ed69e80bbe4cc0517b8a125ca044c42ad3357a7c7af2ed9436c74e,SOL,NO,low,medium,medium,0.09999999999999999,0.0,0.0,0.0,0.005,False,1.0,0.03499999999999993
executable_quote_2s,1,2026-06-24T20:31:42.764262+00:00,0x4dd3a21158dc2341d429921b0f01d6ef1d5b1b88544a4e1166825c85360a31f3,SOL,YES,low,medium,medium,0.05000000000000006,0.0,0.0,0.0,0.005,False,1.0,0.054999999999999945
executable_quote_2s,1,2026-06-24T20:50:08.762751+00:00,0x8faf001f0cb0420fe9216e45664d43db363e1235986c35e425847671efe887b9,SOL,NO,low,medium,high,0.35,0.0,0.0,0.0,0.005,False,1.0,0.355
executable_quote_2s,1,2026-06-24T20:50:34.755582+00:00,0xb5b2cc6f7e364320387000357dcec77c8e290b19a91515fda9f1eba110a7206b,ETH,YES,low,medium,medium,-0.02,0.0,0.0,0.0,0.005,False,1.0,-0.01500000000000001
executable_quote_2s,1,2026-06-24T20:50:58.754381+00:00,0x8faf001f0cb0420fe9216e45664d43db363e1235986c35e425847671efe887b9,SOL,YES,medium,medium,high,-0.39,0.0,0.0,0.0,0.005,False,1.0,-0.385
executable_quote_2s,1,2026-06-24T20:51:14.759775+00:00,0xa18f20c9d7af10ea829ba2117f462eed5781ccb83a3b11964e8464ea1bee0872,BTC,NO,medium,medium,high,0.010000000000000026,0.0,0.0,0.0,0.005,False,1.0,0.08499999999999996
executable_quote_2s,1,2026-06-24T20:51:18.756585+00:00,0xb5b2cc6f7e364320387000357dcec77c8e290b19a91515fda9f1eba110a7206b,ETH,NO,medium,medium,high,-0.02,0.0,0.0,0.0,0.005,False,1.0,-0.01500000000000001
executable_quote_2s,1,2026-06-24T20:52:00.752541+00:00,0xa18f20c9d7af10ea829ba2117f462eed5781ccb83a3b11964e8464ea1bee0872,BTC,NO,medium,medium,medium,0.07499999999999997,0.0,0.0,0.0,0.005,False,1.0,0.08499999999999996
executable_quote_2s,1,2026-06-24T21:05:24.762965+00:00,0xaa2029eae1454eff4dd2950180ce1a61bf2cc891c5bac51d9e0a15f22cddbee9,BTC,NO,low,medium,medium,-0.06000000000000004,0.0,0.0,0.0,0.005,False,1.0,-0.04500000000000003
executable_quote_2s,1,2026-06-24T21:06:00.760134+00:00,0xaa2029eae1454eff4dd2950180ce1a61bf2cc891c5bac51d9e0a15f22cddbee9,BTC,NO,low,medium,medium,-0.08500000000000006,0.0,0.0,0.0,0.005,False,1.0,-0.06499999999999995
executable_quote_2s,1,2026-06-24T21:06:02.752654+00:00,0xaa2029eae1454eff4dd2950180ce1a61bf2cc891c5bac51d9e0a15f22cddbee9,BTC,NO,low,medium,medium,-0.09000000000000001,0.0,0.0,0.0,0.005,False,1.0,-0.06499999999999995
executable_quote_2s,1,2026-06-24T21:17:38.763105+00:00,0x937f6ce7ec05a5cf598e814d8b21ca1b03831a607d67f7a737b4b455195b6347,ETH,YES,low,medium,medium,0.02999999999999999,0.0,0.0,0.0,0.005,False,1.0,0.03499999999999998
executable_quote_2s,1,2026-06-24T21:22:02.765156+00:00,0xc6ef5efefe52337535ef640dc5214f2cfca21f24db5da5f6461bb61b04d1757b,SOL,NO,medium,medium,medium,0.09999999999999994,0.0,0.0,0.0,0.005,False,1.0,-0.1250000000000001
executable_quote_2s,1,2026-06-24T21:22:20.752241+00:00,0xc6ef5efefe52337535ef640dc5214f2cfca21f24db5da5f6461bb61b04d1757b,SOL,NO,low,medium,medium,-0.12000000000000004,0.0,0.0,0.0,0.005,False,1.0,-0.10499999999999998
executable_quote_2s,1,2026-06-24T21:23:58.762346+00:00,0xc6ef5efefe52337535ef640dc5214f2cfca21f24db5da5f6461bb61b04d1757b,SOL,NO,medium,medium,medium,0.2849999999999999,0.0,0.0,0.0,0.005,False,1.0,0.025000000000000026
executable_quote_2s,1,2026-06-24T22:03:08.763973+00:00,0x8d3e7e3c36b3e5d1112c98d87518a00383581755190d5a55edc69c26749c1f59,ETH,NO,low,medium,medium,0.05,0.0,0.0,0.0,0.005,False,1.0,0.025000000000000026
executable_quote_2s,1,2026-06-25T00:06:46.764238+00:00,0xd65cb4f9d9b3cd9e0726c6723aaedeea6270e2b27f07e8d8d75fb866fc66efda,SOL,YES,medium,high,medium,0.365,0.0,0.0,0.0,0.005,False,1.0,-0.04500000000000003
executable_quote_2s,1,2026-06-25T02:56:12.762022+00:00,0xdc50528ddd95715389bece5e22c3924ab255ac03cc50a796d14fc1536f99e645,BTC,NO,low,medium,medium,0.14000000000000004,0.0,0.0,0.0,0.005,False,1.0,-0.07499999999999996
executable_quote_2s,1,2026-06-25T03:15:10.763656+00:00,0xd64b2ce5267698719de20d05b135368962c8a4f1835384f18f0605ccaac199d5,BTC,NO,medium,medium,medium,0.31999999999999995,0.0,0.0,0.0,0.005,False,1.0,-0.05499999999999993
executable_quote_2s,1,2026-06-25T03:15:10.763656+00:00,0xe9b43bb6aa0a0aa923a5b7ea6e70758b5f517507971004160627be84bdb0dbe3,SOL,NO,medium,medium,medium,0.32999999999999996,0.0,0.0,0.0,0.005,False,1.0,-0.1050000000000001
executable_quote_2s,2,2026-06-25T20:08:34.804565+00:00,0xee90821efc94653c995d4583794da5c87e3c033a1e0a24f1f4ee824d2357c750,BTC,NO,low,medium,medium,-0.06000000000000004,0.0,0.0,0.0,0.005,False,1.0,-0.05500000000000004
executable_quote_2s,2,2026-06-25T22:25:40.815254+00:00,0x42561c5c6f58ab741b19c250935435977309241d54a0c21753c74a382c8bf1ec,SOL,NO,low,high,medium,0.05500000000000001,0.0,0.0,0.0,0.005,False,1.0,0.06500000000000006
executable_quote_2s,2,2026-06-25T23:30:14.811724+00:00,0x78e6a3146dd778fc3150db6ba5f2fe3b701ff446bbaff21453236e84bee5434d,SOL,NO,medium,high,medium,0.039999999999999994,0.0,0.0,0.0,0.005,False,1.0,0.044999999999999936
executable_quote_2s,2,2026-06-25T23:37:52.815776+00:00,0x953e34839580df1f86da756ce29e11f3a83588f2d7c5a8b5146bbe13c3ad7f35,BTC,NO,low,medium,medium,0.38,0.0,0.0,0.0,0.005,False,1.0,-0.035000000000000024
executable_quote_2s,2,2026-06-26T02:21:20.818691+00:00,0xe92b6aa7834be28be01989eb9239f7bc730eef595bb9081c81db7640532437a3,SOL,NO,low,medium,medium,0.020000000000000035,0.0,0.0,0.0,0.005,False,1.0,0.06499999999999984
executable_quote_2s,2,2026-06-26T02:31:04.812637+00:00,0x0d8fce3554cb6a7e22dac3a088ee1b258895693bde0bdce58ef37a2d50eb0f3a,ETH,YES,low,medium,medium,0.035000000000000045,0.0,0.0,0.0,0.005,False,1.0,-0.04499999999999992
executable_quote_2s,2,2026-06-26T02:35:42.806769+00:00,0x136e15d4a85563899e310f043e14992b3ea9f163c94c722c836f29143ac271f4,ETH,NO,low,medium,medium,0.04000000000000005,0.0,0.0,0.0,0.005,False,1.0,0.025000000000000026
executable_quote_2s,2,2026-06-26T02:40:48.805212+00:00,0x8e4bcd7de404304d78ffd6801cda6a969cd3550ebe3dbc28e4c0b8ff9938a14a,SOL,YES,low,medium,medium,0.13999999999999999,0.0,0.0,0.0,0.005,False,1.0,0.025000000000000026
executable_quote_2s,2,2026-06-26T02:51:38.817347+00:00,0xe508261496efeb201653b58e80e7f513fc39987412717485e6b55bb061579c69,ETH,NO,low,medium,medium,0.039999999999999994,0.0,0.0,0.0,0.005,False,1.0,-0.06500000000000006
executable_quote_2s,2,2026-06-26T02:51:56.806004+00:00,0xe508261496efeb201653b58e80e7f513fc39987412717485e6b55bb061579c69,ETH,NO,low,medium,medium,0.030000000000000044,0.0,0.0,0.0,0.005,False,1.0,0.025000000000000026
executable_quote_2s,2,2026-06-26T02:52:32.804179+00:00,0xc3f03ff87f66c7f90f0170c31343b35b3d222c9592259bb603fe0832409a0fdf,BTC,NO,low,medium,medium,0.02999999999999999,0.0,0.0,0.0,0.005,False,1.0,0.025000000000000026
executable_quote_2s,2,2026-06-26T02:52:32.804179+00:00,0xe508261496efeb201653b58e80e7f513fc39987412717485e6b55bb061579c69,ETH,NO,low,medium,medium,0.06999999999999997,0.0,0.0,0.0,0.005,False,1.0,0.07500000000000007
executable_quote_2s,2,2026-06-26T02:57:22.804967+00:00,0x26d1ef52a5ebf5babad8932669762730e15bd1a446a00e43d9be96da4efc83c4,ETH,NO,low,medium,medium,0.115,0.0,0.0,0.0,0.005,False,1.0,-0.04499999999999992
executable_quote_2s,2,2026-06-26T03:00:38.803974+00:00,0x63edaf8ffd40b636dc86e7c49b6296c604d4ea5caa43b031869f3147e21dd62b,SOL,YES,low,high,medium,-0.085,0.0,0.0,0.0,0.005,False,1.0,0.07500000000000001
executable_quote_2s,2,2026-06-26T03:01:24.814231+00:00,0xc358642287952e08f2fbbd5a90f7574d73a87685780ca454b0efda7e9e598cd4,ETH,NO,high,medium,medium,0.20500000000000004,0.0,0.0,0.0,0.005,False,1.0,0.04500000000000005
executable_quote_2s,2,2026-06-26T03:03:32.816621+00:00,0x63edaf8ffd40b636dc86e7c49b6296c604d4ea5caa43b031869f3147e21dd62b,SOL,YES,low,medium,medium,0.19000000000000009,0.0,0.0,0.0,0.005,False,1.0,-0.09499999999999997
executable_quote_2s,2,2026-06-26T03:05:08.804343+00:00,0x45454c0281a47979043962ffc486828eaf366f6e60c61c60460810e7425f44a1,BTC,NO,low,medium,medium,0.059999999999999956,0.0,0.0,0.0,0.005,False,1.0,-0.035000000000000024
executable_quote_2s,2,2026-06-26T03:06:02.818025+00:00,0xa16a5cae23414513a2199fe036ffb3c48978064e3c53b7d9b2ae57ee97de8bff,ETH,NO,low,medium,medium,0.045,0.0,0.0,0.0,0.005,False,1.0,-0.035000000000000024
executable_quote_2s,2,2026-06-26T03:06:28.814788+00:00,0x200710e3e43d33b143ccd80d0a2e3a265017d2dc75281f8951b674131c3f26bb,SOL,NO,medium,high,medium,0.08499999999999998,0.0,0.0,0.0,0.005,False,1.0,-0.035000000000000024
executable_quote_2s,2,2026-06-26T03:16:38.807970+00:00,0x3fa0111e36690372aa90e248420ec855bd7c896e4868c9f32998c6f075384169,ETH,YES,low,medium,medium,0.11,0.0,0.0,0.0,0.005,False,1.0,0.025000000000000026
executable_quote_2s,2,2026-06-26T03:32:26.818047+00:00,0x0b97e37bec2a876f4ff7b37c51c8895e26ea39d6e3a2d9cb9ddbe6b457ce8860,SOL,YES,high,high,medium,0.21000000000000005,0.0,0.0,0.0,0.005,False,1.0,-0.04500000000000003
executable_quote_2s,2,2026-06-26T03:55:08.803525+00:00,0x4899182aad7398c555f2a57cd6737598b159c5e6aa63bb73b798e6026f8b0094,SOL,NO,medium,low,medium,0.07999999999999997,0.0,0.0,0.0,0.005,False,1.0,-0.05499999999999993
executable_quote_2s,2,2026-06-26T03:55:16.816237+00:00,0x4899182aad7398c555f2a57cd6737598b159c5e6aa63bb73b798e6026f8b0094,SOL,NO,low,low,medium,-0.08000000000000006,0.0,0.0,0.0,0.005,False,1.0,-0.06500000000000006
executable_quote_2s,2,2026-06-26T03:57:48.804438+00:00,0x4899182aad7398c555f2a57cd6737598b159c5e6aa63bb73b798e6026f8b0094,SOL,NO,medium,high,medium,-0.055000000000000035,0.0,0.0,0.0,0.005,False,1.0,-0.035000000000000024
executable_quote_2s,2,2026-06-26T03:57:58.809960+00:00,0x4899182aad7398c555f2a57cd6737598b159c5e6aa63bb73b798e6026f8b0094,SOL,NO,low,high,medium,0.035000000000000045,0.0,0.0,0.0,0.005,False,1.0,-0.04500000000000003
executable_quote_2s,2,2026-06-26T03:58:02.810248+00:00,0x4899182aad7398c555f2a57cd6737598b159c5e6aa63bb73b798e6026f8b0094,SOL,NO,medium,medium,medium,0.08999999999999998,0.0,0.0,0.0,0.005,False,1.0,-0.05499999999999993
executable_quote_2s,2,2026-06-26T03:58:28.812680+00:00,0x4899182aad7398c555f2a57cd6737598b159c5e6aa63bb73b798e6026f8b0094,SOL,NO,medium,medium,medium,0.059999999999999956,0.0,0.0,0.0,0.005,False,1.0,0.07499999999999996
executable_quote_2s,2,2026-06-26T04:00:06.817578+00:00,0xa931c0e10d5530f989373caa003629057063609e4005786b743bae537c217c34,SOL,NO,low,medium,medium,0.05499999999999995,0.0,0.0,0.0,0.005,False,1.0,-0.035000000000000024
executable_quote_2s,2,2026-06-26T04:00:20.812413+00:00,0x63cab951a7245a6f73b6e5e26a09e371e2feeeecc1e604537033a6353bf3944e,BTC,NO,medium,medium,medium,0.06500000000000002,0.0,0.0,0.0,0.005,False,1.0,0.12499999999999989
executable_quote_2s,2,2026-06-26T04:00:22.803330+00:00,0x63cab951a7245a6f73b6e5e26a09e371e2feeeecc1e604537033a6353bf3944e,BTC,NO,medium,medium,medium,0.14499999999999993,0.0,0.0,0.0,0.005,False,1.0,0.12499999999999989
executable_quote_2s,2,2026-06-26T06:53:30.812574+00:00,0x4ff498fe655344b90bf7a5b904a79a24821ad4553fd49596772479324346a029,SOL,NO,medium,high,medium,0.024999999999999984,0.0,0.0,0.0,0.005,False,1.0,-0.04500000000000003
executable_quote_2s,2,2026-06-26T06:53:32.804327+00:00,0x4ff498fe655344b90bf7a5b904a79a24821ad4553fd49596772479324346a029,SOL,NO,medium,medium,medium,-0.06999999999999999,0.0,0.0,0.0,0.005,False,1.0,-0.04500000000000003
executable_quote_2s,2,2026-06-26T07:05:48.811781+00:00,0x43005d0675491621f54ab6875a6c632e3ee1d0ec2022689ceef619343b23aa90,SOL,NO,low,medium,medium,0.029999999999999933,0.0,0.0,0.0,0.005,False,0.12,-0.007800000000000007
executable_quote_2s,2,2026-06-26T07:06:38.804569+00:00,0x43005d0675491621f54ab6875a6c632e3ee1d0ec2022689ceef619343b23aa90,SOL,NO,low,medium,medium,-0.11000000000000003,0.0,0.0,0.0,0.005,False,1.0,-0.05499999999999993
executable_quote_2s,2,2026-06-26T07:06:40.809802+00:00,0x43005d0675491621f54ab6875a6c632e3ee1d0ec2022689ceef619343b23aa90,SOL,NO,low,medium,medium,-0.059999999999999984,0.0,0.0,0.0,0.005,False,1.0,-0.16499999999999992
executable_quote_2s,2,2026-06-26T07:08:32.818104+00:00,0x43005d0675491621f54ab6875a6c632e3ee1d0ec2022689ceef619343b23aa90,SOL,NO,low,medium,medium,-0.07000000000000005,0.0,0.0,0.0,0.005,False,1.0,-0.08499999999999996
executable_quote_2s,2,2026-06-26T07:40:34.806231+00:00,0xd26cee061a5b0d0f82fcb2457d5de1bb3334659b47dff621b8d511e56e10a868,BTC,NO,low,medium,medium,0.020000000000000035,0.0,0.0,0.0,0.005,False,1.0,0.025000000000000026
executable_quote_2s,2,2026-06-26T07:40:34.806231+00:00,0xc84d4d834953770775dc2fef52283e2d3ae621102db7672f438730406001fa49,ETH,NO,low,medium,medium,0.11,0.0,0.0,0.0,0.005,False,1.0,0.09499999999999986
executable_quote_2s,2,2026-06-26T07:40:36.812020+00:00,0xd26cee061a5b0d0f82fcb2457d5de1bb3334659b47dff621b8d511e56e10a868,BTC,NO,low,medium,medium,0.019999999999999924,0.0,0.0,0.0,0.005,False,1.0,0.03500000000000004
executable_quote_2s,2,2026-06-26T07:45:32.818637+00:00,0x7f26a6a9237c0ddf229911a7c90349ed1f8b495468cbf2c8182a92f7cfc7a0e8,ETH,YES,low,medium,medium,0.06000000000000001,0.0,0.0,0.0,0.005,False,1.0,-0.11500000000000005
executable_quote_2s,2,2026-06-26T07:45:38.808508+00:00,0x7f26a6a9237c0ddf229911a7c90349ed1f8b495468cbf2c8182a92f7cfc7a0e8,ETH,YES,low,medium,medium,0.039999999999999994,0.0,0.0,0.0,0.005,False,1.0,0.025000000000000026
executable_quote_2s,2,2026-06-26T08:00:30.814345+00:00,0xe6a382ea25b9a95e964f4832e995c5e02cc31115908a9ef32975a67d8f3ede20,SOL,NO,low,medium,medium,0.10499999999999994,0.0,0.0,0.0,0.005,False,1.0,-0.08499999999999996
executable_quote_2s,3,2026-07-01T21:38:34.364551+00:00,0xccddd1603d20c4477f2ac4e9f226747d540c9f0fe9ebc85b76cbdd992afa90a5,SOL,YES,low,medium,low,0.18999999999999997,0.0,0.0,0.0,0.005,False,1.0,-0.07499999999999996
executable_quote_2s,3,2026-07-01T21:40:16.374459+00:00,0x1e62581fd9a1f2400a72b0ace91b1149d1dd03a3202a315563efea9499e0e23b,BTC,YES,low,medium,low,0.05000000000000006,0.0,0.0,0.0,0.005,False,1.0,0.06500000000000006
executable_quote_2s,3,2026-07-01T21:40:22.365273+00:00,0x4c09abece310efe0c502e2b081a875d0020f5b30af3c45f19145efd6b791df0b,ETH,YES,medium,medium,low,0.06500000000000002,0.0,0.0,0.0,0.005,False,1.0,-0.05500000000000004
executable_quote_2s,3,2026-07-01T21:40:22.365273+00:00,0x2729a97dbed765fa7f38618dc0399548892a2600fac0138be2d913602762d5e7,SOL,YES,low,medium,low,0.039999999999999994,0.0,0.0,0.0,0.005,False,1.0,0.09499999999999997
executable_quote_2s,3,2026-07-01T21:40:24.371334+00:00,0x2729a97dbed765fa7f38618dc0399548892a2600fac0138be2d913602762d5e7,SOL,YES,low,medium,low,0.08999999999999998,0.0,0.0,0.0,0.005,False,1.0,-0.035000000000000024
executable_quote_2s,3,2026-07-01T21:41:12.371170+00:00,0x2729a97dbed765fa7f38618dc0399548892a2600fac0138be2d913602762d5e7,SOL,YES,low,medium,low,0.04000000000000005,0.0,0.0,0.0,0.005,False,1.0,0.04500000000000005
executable_quote_2s,3,2026-07-01T21:41:40.369327+00:00,0x2729a97dbed765fa7f38618dc0399548892a2600fac0138be2d913602762d5e7,SOL,YES,low,medium,low,-0.059999999999999984,0.0,0.0,0.0,0.005,False,1.0,-0.054999999999999986
executable_quote_2s,3,2026-07-01T21:41:46.372488+00:00,0x2729a97dbed765fa7f38618dc0399548892a2600fac0138be2d913602762d5e7,SOL,YES,low,medium,low,0.039999999999999994,0.0,0.0,0.0,0.005,False,1.0,-0.035000000000000024
executable_quote_2s,3,2026-07-01T21:42:04.370096+00:00,0x2729a97dbed765fa7f38618dc0399548892a2600fac0138be2d913602762d5e7,SOL,YES,low,low,low,-0.07500000000000005,0.0,0.0,0.0,0.005,False,1.0,-0.065
executable_quote_2s,3,2026-07-01T21:43:34.364596+00:00,0x4c09abece310efe0c502e2b081a875d0020f5b30af3c45f19145efd6b791df0b,ETH,YES,low,medium,low,0.010000000000000026,0.0,0.0,0.0,0.005,False,1.0,0.03499999999999998
executable_quote_2s,3,2026-07-01T21:43:36.369953+00:00,0x4c09abece310efe0c502e2b081a875d0020f5b30af3c45f19145efd6b791df0b,ETH,YES,low,medium,low,0.01999999999999998,0.0,0.0,0.0,0.005,False,1.0,0.03499999999999998
executable_quote_2s,3,2026-07-01T21:43:40.367946+00:00,0x4c09abece310efe0c502e2b081a875d0020f5b30af3c45f19145efd6b791df0b,ETH,YES,low,medium,low,0.039999999999999994,0.0,0.0,0.0,0.005,False,1.0,0.03499999999999998
executable_quote_2s,3,2026-07-01T21:52:36.373289+00:00,0x0dcd227003d8b96eb66b8db71c3ef9f315a3aae8716e4d49d11b359a8b6c27fa,ETH,YES,low,low,low,0.3499999999999999,0.0,0.0,0.0,0.005,False,1.0,0.03499999999999993
executable_quote_2s,3,2026-07-01T22:25:06.371629+00:00,0x3eadf4ee01511b615676265099963fabcf242d0d9e7b7e4b982686e0262ce98b,ETH,YES,low,medium,medium,0.020000000000000035,0.0,0.0,0.0,0.005,False,1.0,0.044999999999999936
executable_quote_2s,3,2026-07-01T22:25:44.366323+00:00,0x2b139d670d2706c6264dad011bc4e96df04633695a4fc75b669830f39f6693ce,BTC,NO,low,medium,medium,0.020000000000000035,0.0,0.0,0.0,0.005,False,1.0,0.025000000000000026
executable_quote_2s,3,2026-07-01T22:25:46.373589+00:00,0x2b139d670d2706c6264dad011bc4e96df04633695a4fc75b669830f39f6693ce,BTC,NO,low,medium,low,0.020000000000000035,0.0,0.0,0.0,0.005,False,1.0,-0.035000000000000024
executable_quote_2s,3,2026-07-01T22:25:48.363737+00:00,0x2b139d670d2706c6264dad011bc4e96df04633695a4fc75b669830f39f6693ce,BTC,NO,low,low,low,0.03999999999999994,0.0,0.0,0.0,0.005,False,1.0,-0.035000000000000024
executable_quote_2s,3,2026-07-01T22:25:50.368975+00:00,0x2b139d670d2706c6264dad011bc4e96df04633695a4fc75b669830f39f6693ce,BTC,NO,medium,low,medium,-0.05999999999999993,0.0,0.0,0.0,0.005,False,1.0,0.055000000000000056
executable_quote_2s,3,2026-07-01T22:25:56.371175+00:00,0x2b139d670d2706c6264dad011bc4e96df04633695a4fc75b669830f39f6693ce,BTC,NO,medium,medium,medium,0.019999999999999924,0.0,0.0,0.0,0.005,False,1.0,0.025000000000000026
executable_quote_2s,3,2026-07-01T22:25:58.364472+00:00,0x071de439b9cfba5f3b67356a7c3b0685206f6f943a789b6467311d34691aa135,SOL,NO,low,medium,low,0.010000000000000026,0.0,0.0,0.0,0.005,False,1.0,0.025000000000000026
executable_quote_2s,3,2026-07-01T22:26:00.369709+00:00,0x2b139d670d2706c6264dad011bc4e96df04633695a4fc75b669830f39f6693ce,BTC,NO,medium,low,medium,0.02500000000000004,0.0,0.0,0.0,0.005,False,1.0,0.025000000000000026
executable_quote_2s,3,2026-07-01T22:31:02.362104+00:00,0x5330f3288d309b2bb246086f6cf4d139e782acd5b44784839259604ae5e9f369,BTC,NO,low,low,low,0.05500000000000001,0.0,0.0,0.0,0.005,False,1.0,-0.135
executable_quote_2s,3,2026-07-01T22:31:16.364882+00:00,0x5330f3288d309b2bb246086f6cf4d139e782acd5b44784839259604ae5e9f369,BTC,NO,low,medium,low,0.03499999999999999,0.0,0.0,0.0,0.005,False,1.0,-0.04500000000000003
executable_quote_2s,3,2026-07-01T22:31:16.364882+00:00,0x8145a3bfddc61cdf01d45026aed596f0878c260884e8315caa000f5e42143a61,ETH,NO,low,medium,low,0.039999999999999994,0.0,0.0,0.0,0.005,False,1.0,0.025000000000000026
executable_quote_2s,3,2026-07-01T22:31:18.370517+00:00,0x5330f3288d309b2bb246086f6cf4d139e782acd5b44784839259604ae5e9f369,BTC,NO,low,medium,medium,0.010000000000000026,0.0,0.0,0.0,0.005,False,1.0,-0.07500000000000007
executable_quote_2s,3,2026-07-01T22:31:20.361313+00:00,0x8145a3bfddc61cdf01d45026aed596f0878c260884e8315caa000f5e42143a61,ETH,NO,low,medium,low,-0.05000000000000003,0.0,0.0,0.0,0.005,False,1.0,-0.08499999999999996
executable_quote_2s,3,2026-07-01T22:31:22.369278+00:00,0x8145a3bfddc61cdf01d45026aed596f0878c260884e8315caa000f5e42143a61,ETH,NO,low,medium,low,-0.08999999999999996,0.0,0.0,0.0,0.005,False,1.0,0.07499999999999996
executable_quote_2s,3,2026-07-01T22:31:34.363478+00:00,0x5330f3288d309b2bb246086f6cf4d139e782acd5b44784839259604ae5e9f369,BTC,NO,low,medium,low,0.030000000000000044,0.0,0.0,0.0,0.005,False,1.0,0.055000000000000056
executable_quote_2s,3,2026-07-01T22:32:00.371088+00:00,0x26690f30c8250f214c3c585bafacecfe21ca18c719caac4709c063c6d47267b4,SOL,NO,low,medium,medium,0.045,0.0,0.0,0.0,0.005,False,1.0,0.03500000000000004
executable_quote_2s,3,2026-07-01T22:32:02.361988+00:00,0x26690f30c8250f214c3c585bafacecfe21ca18c719caac4709c063c6d47267b4,SOL,NO,low,medium,medium,0.020000000000000035,0.0,0.0,0.0,0.005,False,1.0,0.03500000000000004
executable_quote_2s,3,2026-07-01T22:32:06.360504+00:00,0x26690f30c8250f214c3c585bafacecfe21ca18c719caac4709c063c6d47267b4,SOL,NO,low,high,medium,-0.05000000000000003,0.0,0.0,0.0,0.005,False,1.0,-0.06500000000000006
executable_quote_2s,3,2026-07-01T22:32:10.374054+00:00,0x26690f30c8250f214c3c585bafacecfe21ca18c719caac4709c063c6d47267b4,SOL,NO,low,medium,low,-0.13999999999999999,0.0,0.0,0.0,0.005,False,1.0,-0.135
executable_quote_2s,3,2026-07-01T22:32:18.369405+00:00,0x8145a3bfddc61cdf01d45026aed596f0878c260884e8315caa000f5e42143a61,ETH,NO,low,medium,medium,0.059999999999999956,0.0,0.0,0.0,0.005,False,1.0,0.03500000000000004
executable_quote_2s,3,2026-07-01T22:32:22.368939+00:00,0x5330f3288d309b2bb246086f6cf4d139e782acd5b44784839259604ae5e9f369,BTC,NO,low,medium,medium,0.010000000000000026,0.0,0.0,0.0,0.005,False,1.0,-0.05500000000000004
executable_quote_2s,3,2026-07-01T22:32:28.372665+00:00,0x8145a3bfddc61cdf01d45026aed596f0878c260884e8315caa000f5e42143a61,ETH,NO,low,medium,low,-0.09500000000000001,0.0,0.0,0.0,0.005,False,1.0,-0.09499999999999997
executable_quote_2s,3,2026-07-01T22:32:54.365688+00:00,0x8145a3bfddc61cdf01d45026aed596f0878c260884e8315caa000f5e42143a61,ETH,NO,low,medium,low,0.05,0.0,0.0,0.0,0.005,False,1.0,-0.04500000000000003
executable_quote_2s,3,2026-07-01T22:33:02.361345+00:00,0x5330f3288d309b2bb246086f6cf4d139e782acd5b44784839259604ae5e9f369,BTC,NO,medium,medium,medium,0.13000000000000003,0.0,0.0,0.0,0.005,False,1.0,-0.035000000000000024
executable_quote_2s,3,2026-07-01T22:33:02.361345+00:00,0x8145a3bfddc61cdf01d45026aed596f0878c260884e8315caa000f5e42143a61,ETH,NO,low,medium,low,0.09999999999999999,0.0,0.0,0.0,0.005,False,1.0,-0.04499999999999992
executable_quote_2s,3,2026-07-01T22:33:02.361345+00:00,0x26690f30c8250f214c3c585bafacecfe21ca18c719caac4709c063c6d47267b4,SOL,NO,low,medium,low,0.07500000000000002,0.0,0.0,0.0,0.005,False,1.0,0.055000000000000056
executable_quote_2s,3,2026-07-01T22:33:04.368866+00:00,0x26690f30c8250f214c3c585bafacecfe21ca18c719caac4709c063c6d47267b4,SOL,NO,low,medium,low,0.05,0.0,0.0,0.0,0.005,False,1.0,0.055000000000000056
executable_quote_2s,3,2026-07-01T22:33:20.375116+00:00,0x5330f3288d309b2bb246086f6cf4d139e782acd5b44784839259604ae5e9f369,BTC,NO,low,medium,low,0.03999999999999994,0.0,0.0,0.0,0.005,False,1.0,0.17500000000000004
executable_quote_2s,3,2026-07-01T22:33:22.368132+00:00,0x26690f30c8250f214c3c585bafacecfe21ca18c719caac4709c063c6d47267b4,SOL,NO,medium,medium,low,0.22000000000000006,0.0,0.0,0.0,0.005,False,1.0,-0.10499999999999998
executable_quote_2s,3,2026-07-01T22:33:58.367410+00:00,0x26690f30c8250f214c3c585bafacecfe21ca18c719caac4709c063c6d47267b4,SOL,NO,low,medium,low,-0.12999999999999998,0.0,0.0,0.0,0.005,False,1.0,-0.09499999999999997
executable_quote_2s,3,2026-07-01T22:36:04.365503+00:00,0x06bf7937a18769d86039ea4ed35e5e8edd2a5c73d2ee04faffe90363450f8e3c,SOL,YES,low,medium,low,0.12499999999999996,0.0,0.0,0.0,0.005,False,1.0,0.03500000000000004
executable_quote_2s,3,2026-07-01T23:41:58.370401+00:00,0x8d22580ded9a1c9bb43a9581787566efeccc0dff2ba6843eef73d5789b5ad805,SOL,NO,low,low,medium,0.29,0.0,0.0,0.0,0.005,False,1.0,-0.06499999999999995
executable_quote_2s,3,2026-07-02T00:15:04.370549+00:00,0xa961035fe332ff6a397489f4b23cb720ae57b84d866a526858b47a7300270c12,SOL,YES,low,medium,medium,0.06999999999999997,0.0,0.0,0.0,0.005,False,1.0,-0.06500000000000006
executable_quote_2s,3,2026-07-02T00:36:00.373439+00:00,0x0b7afa9b0852f4da0eb237bf817bcb7f8aef5e68dd95d52baba20abc06c16376,SOL,YES,low,medium,medium,0.010000000000000026,0.0,0.0,0.0,0.005,False,1.0,-0.035000000000000024
executable_quote_2s,3,2026-07-02T02:22:40.364603+00:00,0x8388cdf918fa7cb09ae4a5325b4c5f307e17be11af5350e73ae08cf56bb4fece,ETH,NO,low,medium,medium,0.059999999999999956,0.0,0.0,0.0,0.005,False,1.0,-0.04500000000000003
executable_quote_2s,3,2026-07-02T02:30:34.366427+00:00,0xb3e27db391946f1a5ab1d3c3b4a5b8c59d663d3684d960d98f37b7def0df3075,ETH,NO,low,low,medium,0.039999999999999994,0.0,0.0,0.0,0.005,False,1.0,0.03500000000000004
executable_quote_2s,3,2026-07-02T02:30:38.363447+00:00,0xb3e27db391946f1a5ab1d3c3b4a5b8c59d663d3684d960d98f37b7def0df3075,ETH,NO,low,medium,medium,0.030000000000000044,0.0,0.0,0.0,0.005,False,1.0,0.025000000000000026
executable_quote_2s,3,2026-07-02T03:06:42.363431+00:00,0xd97c09881b1dc40d77cafc681e2b0b8577f654e19c6a1a83914d678d7f9bdf2c,SOL,YES,low,medium,medium,0.059999999999999956,0.0,0.0,0.0,0.005,False,1.0,0.055000000000000056
executable_quote_2s,3,2026-07-02T03:38:34.375507+00:00,0xd69c5b7ce1b66fe7745e070b544d04de2517e4b2093ff8309c5573bb8b38ce57,SOL,YES,low,medium,medium,0.13999999999999999,0.0,0.0,0.0,0.005,False,1.0,0.044999999999999936
executable_quote_2s,3,2026-07-02T03:50:04.372378+00:00,0xcd593facad3a6092d5974b7ee969c8f3ff778c58031a7baac893ebf627d14b9d,ETH,YES,high,medium,medium,0.24000000000000002,0.0,0.0,0.0,0.005,False,1.0,-0.05500000000000004
executable_quote_2s,3,2026-07-02T03:58:18.368322+00:00,0x947e5ddb9a353ecb65bc2faa7bce21ded36808053545239573a7c43756401557,SOL,NO,low,medium,medium,0.059999999999999956,0.0,0.0,0.0,0.005,False,1.0,0.06499999999999995
executable_quote_2s,3,2026-07-02T04:22:28.365589+00:00,0x8552d47c45da4f6202022c51d4d7ff51b0064f2cd42e482f6fc524d37f7ed891,SOL,NO,low,medium,medium,0.08999999999999998,0.0,0.0,0.0,0.005,False,1.0,0.04500000000000005
executable_quote_2s,3,2026-07-02T06:11:32.366824+00:00,0xbd4e2fd8dfbdf679456a5c936fa4db4595434055fa7990b727e863efdb73d6fe,SOL,YES,low,medium,medium,0.09999999999999999,0.0,0.0,0.0,0.005,False,1.0,-0.06499999999999995
executable_quote_2s,3,2026-07-02T07:55:46.373480+00:00,0x80bb349ee2b85081e290db4561ebb007ca2a8b5721eec05ce98488d10dbdc84f,ETH,NO,low,medium,medium,-0.07000000000000005,0.0,0.0,0.0,0.005,False,1.0,-0.08499999999999996
executable_quote_2s,3,2026-07-02T07:57:42.360831+00:00,0xf9f5ce604030e965827e405652c34595fca9803264f266f106ead15d7fbb64ac,BTC,YES,low,medium,medium,-0.17,0.0,0.0,0.0,0.005,False,1.0,-0.045000000000000005
executable_quote_2s,3,2026-07-02T07:57:44.366499+00:00,0xf9f5ce604030e965827e405652c34595fca9803264f266f106ead15d7fbb64ac,BTC,YES,low,high,medium,0.08499999999999998,0.0,0.0,0.0,0.005,False,1.0,0.06500000000000003
executable_quote_2s,3,2026-07-02T08:08:54.370330+00:00,0x217a508e23290f5918a6837d836f77a3f88255f2e4fe43a9a2cce242409a7db6,ETH,YES,low,medium,high,-0.02,0.0,0.0,0.0,0.005,False,1.0,-0.01500000000000001
executable_quote_2s,3,2026-07-02T08:31:14.363819+00:00,0x5d2ccbd18015d1eb9a97902f684b591555d9a4ff0610ff201c2f1f8538a929b1,SOL,YES,low,medium,medium,0.01999999999999998,0.0,0.0,0.0,0.005,False,1.0,0.09500000000000003
executable_quote_2s,3,2026-07-02T08:31:18.364598+00:00,0x5d2ccbd18015d1eb9a97902f684b591555d9a4ff0610ff201c2f1f8538a929b1,SOL,YES,low,medium,medium,0.09500000000000004,0.0,0.0,0.0,0.005,False,1.0,0.07500000000000001
executable_quote_2s,3,2026-07-02T09:00:24.371490+00:00,0x96ddd482cd2ee1a173dbde4538ed2007620845c0e462dbfcc969d36209beb1ce,SOL,NO,low,medium,medium,-0.059999999999999984,0.0,0.0,0.0,0.005,False,1.0,0.09500000000000008
executable_quote_2s,3,2026-07-02T09:00:34.362867+00:00,0x96ddd482cd2ee1a173dbde4538ed2007620845c0e462dbfcc969d36209beb1ce,SOL,NO,low,medium,medium,0.09999999999999994,0.0,0.0,0.0,0.005,False,1.0,-0.035000000000000024
executable_quote_2s,3,2026-07-02T09:00:48.368690+00:00,0x96ddd482cd2ee1a173dbde4538ed2007620845c0e462dbfcc969d36209beb1ce,SOL,NO,low,high,medium,0.04499999999999994,0.0,0.0,0.0,0.005,False,1.0,0.055000000000000056
executable_quote_2s,3,2026-07-02T09:00:52.369633+00:00,0x96ddd482cd2ee1a173dbde4538ed2007620845c0e462dbfcc969d36209beb1ce,SOL,NO,low,medium,medium,0.04999999999999995,0.0,0.0,0.0,0.005,False,1.0,-0.09500000000000008
executable_quote_2s,3,2026-07-02T09:01:04.370531+00:00,0x96ddd482cd2ee1a173dbde4538ed2007620845c0e462dbfcc969d36209beb1ce,SOL,NO,low,medium,medium,0.010000000000000026,0.0,0.0,0.0,0.005,False,1.0,0.025000000000000026
executable_quote_2s,3,2026-07-02T09:01:06.361857+00:00,0x96ddd482cd2ee1a173dbde4538ed2007620845c0e462dbfcc969d36209beb1ce,SOL,NO,low,medium,medium,0.010000000000000026,0.0,0.0,0.0,0.005,False,1.0,0.025000000000000026
executable_quote_2s,3,2026-07-02T09:10:36.374495+00:00,0xbe2fec169e982831aa0a3f5a98442f7e0793c4af803bb920266ae6a7d43b3101,SOL,YES,low,medium,medium,-0.06999999999999999,0.0,0.0,0.0,0.005,False,1.0,-0.04500000000000003
executable_quote_2s,3,2026-07-02T09:11:08.370966+00:00,0xbe2fec169e982831aa0a3f5a98442f7e0793c4af803bb920266ae6a7d43b3101,SOL,YES,low,medium,medium,0.010000000000000026,0.0,0.0,0.0,0.005,False,1.0,0.03499999999999993
executable_quote_2s,3,2026-07-02T09:26:52.371394+00:00,0xe41189d0cceabac9697f126f3ff12806192b7fb894edecb0106a0cc6738db731,ETH,YES,low,medium,medium,0.30999999999999994,0.0,0.0,0.0,0.005,False,1.0,-0.05499999999999993
executable_quote_2s,3,2026-07-02T09:35:10.366702+00:00,0x22928e0772859e6323b5722fc85857ebc2843ce5f3002b574d2bfdaa76aefda9,SOL,YES,low,medium,medium,0.02999999999999999,0.0,0.0,0.0,0.005,False,1.0,0.03500000000000004
executable_quote_2s,3,2026-07-02T09:55:44.372085+00:00,0x76314474e6d37d9996d64a209cef82a7d8ccbce36c7c87add2f24e7497a7816c,BTC,NO,low,high,medium,0.09999999999999999,0.0,0.0,0.0,0.005,False,1.0,-0.18500000000000005
executable_quote_2s,3,2026-07-02T09:55:54.363634+00:00,0x1f1dd57c6e8f84731f3eca11a122596fc016822900b9a36563483ec6f84c36d4,SOL,NO,low,medium,medium,-0.08,0.0,0.0,0.0,0.005,False,1.0,-0.05499999999999993
executable_quote_2s,3,2026-07-02T09:56:18.361978+00:00,0x1f1dd57c6e8f84731f3eca11a122596fc016822900b9a36563483ec6f84c36d4,SOL,NO,low,medium,medium,0.035000000000000045,0.0,0.0,0.0,0.005,False,1.0,-0.035000000000000024
executable_quote_2s,3,2026-07-02T09:56:24.369489+00:00,0x1f1dd57c6e8f84731f3eca11a122596fc016822900b9a36563483ec6f84c36d4,SOL,NO,low,medium,medium,0.059999999999999956,0.0,0.0,0.0,0.005,False,1.0,-0.09499999999999997
executable_quote_2s,3,2026-07-02T09:56:42.365883+00:00,0x76314474e6d37d9996d64a209cef82a7d8ccbce36c7c87add2f24e7497a7816c,BTC,NO,low,medium,medium,0.03999999999999994,0.0,0.0,0.0,0.005,False,1.0,0.025000000000000026
executable_quote_2s,3,2026-07-02T09:56:46.366917+00:00,0x76314474e6d37d9996d64a209cef82a7d8ccbce36c7c87add2f24e7497a7816c,BTC,NO,low,medium,medium,0.010000000000000026,0.0,0.0,0.0,0.005,False,1.0,-0.04499999999999992
executable_quote_2s,3,2026-07-02T09:58:16.363073+00:00,0x1f1dd57c6e8f84731f3eca11a122596fc016822900b9a36563483ec6f84c36d4,SOL,NO,low,medium,medium,0.03999999999999994,0.0,0.0,0.0,0.005,False,1.0,0.1449999999999999
executable_quote_2s,3,2026-07-02T10:28:54.362470+00:00,0x5b8a5202ab816574a4572fb9d28ff7ada354d9668318b56a3644f04c39738f84,SOL,NO,low,medium,medium,0.04000000000000005,0.0,0.0,0.0,0.005,False,1.0,0.06499999999999995
executable_quote_2s,3,2026-07-02T10:28:56.368829+00:00,0x5b8a5202ab816574a4572fb9d28ff7ada354d9668318b56a3644f04c39738f84,SOL,NO,low,medium,medium,0.01999999999999998,0.0,0.0,0.0,0.005,False,1.0,-0.04500000000000003
executable_quote_2s,3,2026-07-02T10:33:10.363766+00:00,0x6700add2442ac52e76696ea3dd458416e2e1d5ab9e770499a85347b7e866d616,SOL,YES,low,medium,medium,0.25,0.0,0.0,0.0,0.005,False,1.0,0.03499999999999993
executable_quote_2s,3,2026-07-02T10:37:00.364893+00:00,0x465c10bb8102a8ec311965c7f7b77727b332f80e8cd87847b212b6350accd796,SOL,YES,medium,medium,medium,0.06500000000000002,0.0,0.0,0.0,0.005,False,1.0,0.025000000000000026
executable_quote_2s,3,2026-07-02T10:40:18.374682+00:00,0xb6fcc6f9d2dd9571635233fc09a863999351b0fdcf8df2b3a54b65954c4156d0,SOL,NO,medium,medium,medium,0.06999999999999997,0.0,0.0,0.0,0.005,False,1.0,-0.05499999999999993
executable_quote_2s,3,2026-07-02T10:55:06.372034+00:00,0x88416fcd563a9ffe6e611423ab3340c17488dc22b7d96f92571269bffc042195,SOL,NO,low,medium,medium,0.01499999999999992,0.0,0.0,0.0,0.005,False,1.0,0.06499999999999995
executable_quote_2s,3,2026-07-02T11:00:12.369501+00:00,0x7a3fd80678cd42bf2a8b58076455dbb4318bf9108db524760e8b4127b426fa76,SOL,NO,low,medium,medium,0.03999999999999994,0.0,0.0,0.0,0.005,False,1.0,-0.035000000000000024
executable_quote_2s,3,2026-07-02T11:10:20.365901+00:00,0xae1161ad8055f5b09cd7c8038ea97feb7f79f231202f647ce33f68cdce265897,SOL,YES,high,high,medium,0.215,0.0,0.0,0.0,0.005,False,1.0,-0.07499999999999996
executable_quote_2s,3,2026-07-02T12:10:22.361984+00:00,0x8362eee619c3c068724b9acc69306f29dd57c5fb122ca23de731c60f166d74d8,SOL,NO,low,medium,medium,0.010000000000000026,0.0,0.0,0.0,0.005,False,1.0,-0.04500000000000003
executable_quote_2s,3,2026-07-02T12:10:26.361078+00:00,0x8362eee619c3c068724b9acc69306f29dd57c5fb122ca23de731c60f166d74d8,SOL,NO,low,medium,medium,-0.059999999999999984,0.0,0.0,0.0,0.005,False,1.0,-0.04500000000000003
executable_quote_2s,3,2026-07-02T12:11:18.362800+00:00,0x8362eee619c3c068724b9acc69306f29dd57c5fb122ca23de731c60f166d74d8,SOL,NO,low,medium,medium,0.05,0.0,0.0,0.0,0.005,False,1.0,0.07499999999999996
executable_quote_2s,3,2026-07-02T12:12:22.363070+00:00,0x8362eee619c3c068724b9acc69306f29dd57c5fb122ca23de731c60f166d74d8,SOL,NO,low,medium,medium,0.030000000000000044,0.0,0.0,0.0,0.005,False,1.0,-0.035000000000000024
executable_quote_2s,3,2026-07-02T12:13:38.365899+00:00,0x8362eee619c3c068724b9acc69306f29dd57c5fb122ca23de731c60f166d74d8,SOL,NO,medium,high,medium,0.23500000000000001,0.0,0.0,0.0,0.005,False,1.0,-0.1150000000000001
executable_quote_2s,3,2026-07-02T12:20:04.364161+00:00,0x94bb631dd01221e07f00ab03feccab66c46ce389a1e7d203fe282aa6d209c589,SOL,YES,low,medium,medium,0.029999999999999933,0.0,0.0,0.0,0.005,False,1.0,0.03499999999999993
executable_quote_2s,3,2026-07-02T12:30:04.364786+00:00,0x9215a5c313d78c2a336728a748b73687bc826021a656e9a0d76746f2f5023043,BTC,YES,high,medium,medium,0.265,0.0,0.0,0.0,0.005,False,1.0,0.245
executable_quote_2s,3,2026-07-02T12:30:16.366322+00:00,0xfdd4d7f9eadc398c0df23a59aadb9ee61a56855c54b6ac9520602a5973e42087,SOL,YES,low,high,medium,-0.13999999999999999,0.0,0.0,0.0,0.005,False,1.0,-0.17500000000000004
executable_quote_2s,3,2026-07-02T12:30:20.366935+00:00,0xfdd4d7f9eadc398c0df23a59aadb9ee61a56855c54b6ac9520602a5973e42087,SOL,YES,low,high,medium,0.02999999999999999,0.0,0.0,0.0,0.005,False,1.0,-0.04499999999999998
executable_quote_2s,3,2026-07-02T12:30:22.364919+00:00,0xfdd4d7f9eadc398c0df23a59aadb9ee61a56855c54b6ac9520602a5973e42087,SOL,YES,low,medium,medium,-0.13999999999999999,0.0,0.0,0.0,0.005,False,1.0,-0.04499999999999998
executable_quote_2s,3,2026-07-02T12:30:36.362455+00:00,0xfdd4d7f9eadc398c0df23a59aadb9ee61a56855c54b6ac9520602a5973e42087,SOL,YES,low,medium,medium,0.12999999999999998,0.0,0.0,0.0,0.005,False,1.0,-0.14500000000000002
executable_quote_2s,3,2026-07-02T12:31:22.373383+00:00,0x988287eee8e697b0d1d2625d38528f0175f8d3b585148a236428390c8e5bd7a0,ETH,NO,low,medium,medium,0.034999999999999934,0.0,0.0,0.0,0.005,False,1.0,0.1050000000000001
executable_quote_2s,3,2026-07-02T12:31:28.373272+00:00,0x9215a5c313d78c2a336728a748b73687bc826021a656e9a0d76746f2f5023043,BTC,NO,low,high,medium,0.05500000000000001,0.0,0.0,0.0,0.005,False,1.0,0.08499999999999996
executable_quote_2s,3,2026-07-02T12:33:18.366598+00:00,0x9215a5c313d78c2a336728a748b73687bc826021a656e9a0d76746f2f5023043,BTC,NO,low,medium,medium,0.08999999999999998,0.0,0.0,0.0,0.005,False,1.0,-0.05499999999999993
executable_quote_2s,3,2026-07-02T12:40:48.374599+00:00,0xb38f8c90a79ba7fb9e3926511611e2a97e69f95d8567e5459f176624c5d78e7e,SOL,YES,low,medium,medium,0.04999999999999995,0.0,0.0,0.0,0.005,False,1.0,0.055000000000000056
executable_quote_2s,3,2026-07-02T13:01:06.370199+00:00,0xfdc8ee5a5355786246c8c350b1b6d392d7b0b20b2f4112d995400e6d41587033,BTC,NO,low,medium,medium,0.08499999999999998,0.0,0.0,0.0,0.005,False,1.0,-0.07499999999999996
executable_quote_2s,3,2026-07-02T13:01:06.370199+00:00,0x7da2825f125571140c598bebdc47a2efcc90d5bbe3f36da9ed64a66a0758a57e,ETH,NO,low,low,medium,0.06499999999999996,0.0,0.0,0.0,0.005,False,1.0,-0.04500000000000003
executable_quote_2s,3,2026-07-02T13:05:14.362350+00:00,0x7b81aecfe918b4400a38bb7e82faf16214e86526a59365a1a1f57891d5e02184,SOL,YES,low,medium,medium,0.12000000000000001,0.0,0.0,0.0,0.005,False,1.0,0.03499999999999993
executable_quote_2s,3,2026-07-02T13:10:08.372139+00:00,0x0b7e0ca6f5af7203bbc20de90e6a874b459992dfe7ec7d26ca84605690a8971f,SOL,NO,low,medium,medium,0.05499999999999995,0.0,0.0,0.0,0.005,False,1.0,-0.04499999999999992
executable_quote_2s,3,2026-07-02T13:26:26.363015+00:00,0xabaf563b7f6a9dc2645946d31ce8af8645de6d2409cef51803fb0999c9061f3e,ETH,NO,low,medium,medium,-0.08,0.0,0.0,0.0,0.005,False,1.0,0.1250000000000001
executable_quote_2s,3,2026-07-02T13:26:28.373900+00:00,0xabaf563b7f6a9dc2645946d31ce8af8645de6d2409cef51803fb0999c9061f3e,ETH,NO,low,medium,medium,0.11999999999999995,0.0,0.0,0.0,0.005,False,1.0,-0.20500000000000007
executable_quote_2s,3,2026-07-02T13:32:06.370617+00:00,0xbfdaa1afb46e82ff47ba344bc098d1ae028cd939a030c6672402ca1475988d70,ETH,NO,low,medium,medium,0.02,0.0,0.0,0.0,0.005,False,1.0,-0.02500000000000002
executable_quote_2s,3,2026-07-02T13:32:14.374959+00:00,0xbfdaa1afb46e82ff47ba344bc098d1ae028cd939a030c6672402ca1475988d70,ETH,NO,high,medium,medium,-0.04000000000000001,0.0,0.0,0.0,0.005,False,1.0,-0.04500000000000003
executable_quote_2s,3,2026-07-02T13:33:40.375151+00:00,0xbfdaa1afb46e82ff47ba344bc098d1ae028cd939a030c6672402ca1475988d70,ETH,YES,low,medium,high,-0.02,0.0,0.0,0.0,0.005,False,1.0,-0.01500000000000001
executable_quote_2s,3,2026-07-02T13:35:10.368025+00:00,0x7798cca819d8b656cf9130a5ea5d871975f4227bea6b3d22ec3b1b6de4584fc0,BTC,NO,medium,medium,medium,0.14499999999999993,0.0,0.0,0.0,0.005,False,1.0,-0.07499999999999996
executable_quote_2s,3,2026-07-02T13:37:02.366507+00:00,0xcd4afc8eb6c83c8d8dada852de775b7cc1e7cfaf722f03972c1d93abc1d9cf09,ETH,YES,low,medium,medium,-0.05499999999999998,0.0,0.0,0.0,0.005,False,1.0,-0.13499999999999995
executable_quote_2s,3,2026-07-02T13:37:06.370427+00:00,0x7798cca819d8b656cf9130a5ea5d871975f4227bea6b3d22ec3b1b6de4584fc0,BTC,NO,low,medium,medium,0.06499999999999996,0.0,0.0,0.0,0.005,False,1.0,-0.15499999999999992
executable_quote_2s,3,2026-07-02T13:37:14.375069+00:00,0x7798cca819d8b656cf9130a5ea5d871975f4227bea6b3d22ec3b1b6de4584fc0,BTC,NO,low,medium,medium,0.07499999999999997,0.0,0.0,0.0,0.005,False,1.0,0.06500000000000006
executable_quote_2s,3,2026-07-02T13:45:04.364924+00:00,0x6b9167a59028831cc69fc27a631ba5f99da00742fcac16501ddd54b155929c85,ETH,YES,medium,medium,medium,0.014999999999999975,0.0,0.0,0.0,0.005,False,1.0,-0.09499999999999997
executable_quote_2s,3,2026-07-02T13:45:08.364326+00:00,0x6b9167a59028831cc69fc27a631ba5f99da00742fcac16501ddd54b155929c85,ETH,YES,low,medium,medium,0.02999999999999999,0.0,0.0,0.0,0.005,False,1.0,-0.054999999999999986
executable_quote_2s,3,2026-07-02T13:45:12.367704+00:00,0x6b9167a59028831cc69fc27a631ba5f99da00742fcac16501ddd54b155929c85,ETH,YES,low,medium,medium,-0.055000000000000035,0.0,0.0,0.0,0.005,False,1.0,-0.065
executable_quote_2s,3,2026-07-02T13:46:08.369291+00:00,0x6b9167a59028831cc69fc27a631ba5f99da00742fcac16501ddd54b155929c85,ETH,YES,low,medium,medium,0.02999999999999999,0.0,0.0,0.0,0.005,False,1.0,-0.035000000000000024
executable_quote_2s,3,2026-07-02T13:46:10.366715+00:00,0x165f83111bc6b855ddff03cee955479de1945e82de0c22a4af0e20b7a4611166,SOL,YES,low,medium,medium,0.010000000000000026,0.0,0.0,0.0,0.005,False,1.0,-0.05500000000000004
executable_quote_2s,3,2026-07-02T13:46:12.374640+00:00,0x6b9167a59028831cc69fc27a631ba5f99da00742fcac16501ddd54b155929c85,ETH,YES,medium,medium,medium,0.01999999999999998,0.0,0.0,0.0,0.005,False,1.0,0.025000000000000026
executable_quote_2s,3,2026-07-02T13:46:20.368608+00:00,0x6b9167a59028831cc69fc27a631ba5f99da00742fcac16501ddd54b155929c85,ETH,YES,medium,medium,medium,0.02999999999999999,0.0,0.0,0.0,0.005,False,1.0,-0.035000000000000024
executable_quote_2s,3,2026-07-02T13:46:22.365708+00:00,0x165f83111bc6b855ddff03cee955479de1945e82de0c22a4af0e20b7a4611166,SOL,YES,low,medium,medium,-0.06999999999999999,0.0,0.0,0.0,0.005,False,1.0,-0.07500000000000001
executable_quote_2s,3,2026-07-02T13:46:28.366021+00:00,0x6b9167a59028831cc69fc27a631ba5f99da00742fcac16501ddd54b155929c85,ETH,YES,low,medium,medium,-0.09000000000000001,0.0,0.0,0.0,0.005,False,1.0,-0.05500000000000004
executable_quote_2s,3,2026-07-02T13:46:34.364544+00:00,0x6b9167a59028831cc69fc27a631ba5f99da00742fcac16501ddd54b155929c85,ETH,YES,low,medium,medium,0.030000000000000044,0.0,0.0,0.0,0.005,False,1.0,-0.065
executable_quote_2s,3,2026-07-02T13:46:36.372134+00:00,0x6b9167a59028831cc69fc27a631ba5f99da00742fcac16501ddd54b155929c85,ETH,YES,low,low,medium,-0.07000000000000005,0.0,0.0,0.0,0.005,False,1.0,-0.04500000000000003
executable_quote_2s,3,2026-07-02T13:47:28.363479+00:00,0xdf1c68feb520af13e0b1073b5e17ac465273234950edc85062d074363f2f7ea0,BTC,YES,medium,medium,high,0.27499999999999997,0.0,0.0,0.0,0.005,False,1.0,0.275
executable_quote_2s,3,2026-07-02T13:47:30.370941+00:00,0x165f83111bc6b855ddff03cee955479de1945e82de0c22a4af0e20b7a4611166,SOL,YES,low,medium,high,0.19999999999999998,0.0,0.0,0.0,0.005,False,1.0,0.20499999999999996
executable_quote_2s,3,2026-07-02T14:00:06.363105+00:00,0x100389b157cf172fa16809d99306f23ca1974adf6fbe025dc09758ed45771b51,BTC,NO,low,medium,medium,0.05500000000000006,0.0,0.0,0.0,0.005,False,1.0,0.044999999999999936
executable_quote_2s,3,2026-07-02T14:03:02.371420+00:00,0xba6acf8da6d345173ee24e2b41e7d98ae87fb2f39f6c0d1839c33229ec4b802b,SOL,NO,low,medium,medium,0.030000000000000044,0.0,0.0,0.0,0.005,False,1.0,-0.035000000000000024
executable_quote_2s,3,2026-07-02T14:16:42.366798+00:00,0x99bee988b471ce9b6fe317dc281d4f4c4f89040c4dcacef8d455c241ee2e99f8,ETH,NO,low,medium,high,0.3,0.0,0.0,0.0,0.005,False,1.0,0.30499999999999994
executable_quote_2s,3,2026-07-02T15:05:38.363627+00:00,0x647b9c08af3b94902afa9b362889527316a7fdbb46e4a6738ad42d290ca82805,BTC,NO,medium,medium,medium,0.035000000000000045,0.0,0.0,0.0,0.005,False,1.0,0.08499999999999996
executable_quote_2s,3,2026-07-02T15:10:28.366751+00:00,0xcae0c95e9c034ca588baca33e8147b8845b1f312ff09b0d52f4d6e150cddad15,SOL,NO,low,medium,medium,0.04999999999999995,0.0,0.0,0.0,0.005,False,1.0,-0.04500000000000003
executable_quote_2s,3,2026-07-02T15:36:32.363170+00:00,0x0a5061025dfe612b3722293195f769f012f8980bd848a20493e2c600f70d09dd,BTC,NO,low,medium,medium,0.28500000000000003,0.0,0.0,0.0,0.005,False,1.0,-0.04499999999999992
executable_quote_2s,3,2026-07-02T16:01:28.361478+00:00,0x59496dfc9f417c17975e237fbb7ecfe259156cc15a360f25910162556810c516,SOL,NO,low,medium,medium,0.010000000000000026,0.0,0.0,0.0,0.005,False,1.0,0.03500000000000004
executable_quote_2s,3,2026-07-02T17:00:24.370409+00:00,0x1be94953b760d89a9523766bd1abb42f2e881ac06074bf93aa46ad1a415fc189,SOL,NO,low,medium,medium,0.010000000000000026,0.0,0.0,0.0,0.005,False,1.0,-0.07500000000000007
executable_quote_2s,3,2026-07-02T17:13:30.362110+00:00,0x909723d937a75ac2c9c89d73711867c15953dd27d72b7a6933948473e399451d,ETH,YES,low,medium,medium,0.06000000000000001,0.0,0.0,0.0,0.005,False,1.0,-0.12499999999999997
executable_quote_2s,3,2026-07-02T17:23:18.371612+00:00,0x1f5ef0a23c68190a8a6d515b6c8e8b048078a8afa92d25abb3d94fb87f1f7027,BTC,YES,low,medium,medium,0.255,0.0,0.0,0.0,0.005,False,1.0,0.03499999999999993
executable_quote_2s,3,2026-07-02T17:23:20.364343+00:00,0x60608598239fe90ee375e38281310554148d5d349aca1ac07aa04e1ce390e6ad,SOL,YES,low,medium,high,0.11,0.0,0.0,0.0,0.005,False,1.0,0.11499999999999999
executable_quote_2s,3,2026-07-02T17:50:28.360872+00:00,0x0aff58c34608210967c4413fb4b4a6c7fa904dc09de162ecc564806689facc64,SOL,NO,low,medium,high,0.19000000000000003,0.0,0.0,0.0,0.005,False,1.0,0.19499999999999995
executable_quote_2s,3,2026-07-02T18:35:46.363950+00:00,0x0fb6a0c7bcde0b6dd2c22b766ae91ab671463f01b2f4ec31f09491aa9dd4af91,SOL,NO,low,medium,medium,-0.07500000000000005,0.0,0.0,0.0,0.005,False,1.0,-0.125
executable_quote_2s,3,2026-07-02T18:35:48.373272+00:00,0x0fb6a0c7bcde0b6dd2c22b766ae91ab671463f01b2f4ec31f09491aa9dd4af91,SOL,NO,low,high,medium,-0.09999999999999996,0.0,0.0,0.0,0.005,False,1.0,-0.125
executable_quote_2s,3,2026-07-02T18:35:56.374508+00:00,0x0fb6a0c7bcde0b6dd2c22b766ae91ab671463f01b2f4ec31f09491aa9dd4af91,SOL,NO,low,medium,medium,0.05500000000000001,0.0,0.0,0.0,0.005,False,1.0,-0.07500000000000007
executable_quote_2s,3,2026-07-02T18:35:58.369803+00:00,0x0fb6a0c7bcde0b6dd2c22b766ae91ab671463f01b2f4ec31f09491aa9dd4af91,SOL,NO,low,medium,medium,-0.06999999999999999,0.0,0.0,0.0,0.005,False,1.0,-0.06500000000000006
executable_quote_2s,3,2026-07-02T18:51:30.371222+00:00,0x12f1ba09bc9913623cab1e5f36dab49519aed574c20e74febe167f480cf82772,SOL,NO,low,medium,medium,0.059999999999999956,0.0,0.0,0.0,0.005,False,0.66,0.023099999999999954
executable_quote_2s,3,2026-07-02T19:01:18.365784+00:00,0x639421d64a6433150033c4d335d66cbee7357cad9e8b10bc943f74caf5d0d308,SOL,NO,low,medium,medium,-0.09499999999999996,0.0,0.0,0.0,0.005,False,1.0,-0.035000000000000024
executable_quote_2s,3,2026-07-02T19:03:24.368460+00:00,0x639421d64a6433150033c4d335d66cbee7357cad9e8b10bc943f74caf5d0d308,SOL,YES,low,medium,medium,0.11,0.0,0.0,0.0,0.005,False,1.0,-0.054999999999999986
executable_quote_2s,3,2026-07-02T19:03:44.373982+00:00,0x639421d64a6433150033c4d335d66cbee7357cad9e8b10bc943f74caf5d0d308,SOL,YES,low,medium,medium,0.06000000000000001,0.0,0.0,0.0,0.005,False,1.0,-0.065
executable_quote_2s,3,2026-07-02T19:05:14.369431+00:00,0xa1701695adebeed5da4000373df6e9883c29449ade56b49eb6379ee63ba7259b,SOL,NO,low,medium,high,0.07499999999999997,0.0,0.0,0.0,0.005,False,1.0,0.07500000000000007
executable_quote_2s,3,2026-07-02T19:06:40.373607+00:00,0xa1701695adebeed5da4000373df6e9883c29449ade56b49eb6379ee63ba7259b,SOL,NO,low,high,medium,-0.06499999999999999,0.0,0.0,0.0,0.005,False,1.0,-0.05499999999999993
executable_quote_2s,3,2026-07-02T19:31:18.372640+00:00,0x606a340a3aad1b6f683e99c5d598836d6731c972d5ddeb2642c52813a27308af,SOL,NO,low,medium,medium,0.05,0.0,0.0,0.0,0.005,False,1.0,-0.07500000000000007
executable_quote_2s,3,2026-07-02T19:31:32.362271+00:00,0x606a340a3aad1b6f683e99c5d598836d6731c972d5ddeb2642c52813a27308af,SOL,NO,low,medium,medium,0.05000000000000006,0.0,0.0,0.0,0.005,False,1.0,-0.05500000000000004
executable_quote_2s,3,2026-07-02T19:31:40.366839+00:00,0x606a340a3aad1b6f683e99c5d598836d6731c972d5ddeb2642c52813a27308af,SOL,NO,low,medium,medium,0.05500000000000006,0.0,0.0,0.0,0.005,False,1.0,-0.035000000000000024
executable_quote_2s,3,2026-07-02T19:31:58.371790+00:00,0x606a340a3aad1b6f683e99c5d598836d6731c972d5ddeb2642c52813a27308af,SOL,NO,low,medium,medium,-0.09000000000000001,0.0,0.0,0.0,0.005,False,1.0,0.09499999999999997
executable_quote_2s,3,2026-07-02T19:51:32.364894+00:00,0x2cfc3ef023f8f6ebad847ce57292f2a190fd727fc452a4c2a7cc845fd16b56aa,SOL,NO,low,medium,medium,0.020000000000000007,0.0,0.0,0.0,0.005,False,1.0,-0.05500000000000004
executable_quote_2s,3,2026-07-02T19:51:34.373824+00:00,0x2cfc3ef023f8f6ebad847ce57292f2a190fd727fc452a4c2a7cc845fd16b56aa,SOL,NO,low,medium,medium,-0.06000000000000001,0.0,0.0,0.0,0.005,False,1.0,-0.05500000000000004
executable_quote_2s,3,2026-07-02T19:51:58.365557+00:00,0x2cfc3ef023f8f6ebad847ce57292f2a190fd727fc452a4c2a7cc845fd16b56aa,SOL,NO,low,medium,medium,-0.06,0.0,0.0,0.0,0.005,False,1.0,-0.04500000000000003
executable_quote_2s,3,2026-07-02T19:52:06.372072+00:00,0x2cfc3ef023f8f6ebad847ce57292f2a190fd727fc452a4c2a7cc845fd16b56aa,SOL,NO,low,medium,medium,0.03999999999999998,0.0,0.0,0.0,0.005,False,1.0,0.03499999999999993
executable_quote_2s,3,2026-07-02T19:52:12.366157+00:00,0x2cfc3ef023f8f6ebad847ce57292f2a190fd727fc452a4c2a7cc845fd16b56aa,SOL,NO,low,medium,medium,0.015000000000000003,0.0,0.0,0.0,0.005,False,1.0,0.03499999999999993
executable_quote_2s,3,2026-07-02T19:52:24.373550+00:00,0x2cfc3ef023f8f6ebad847ce57292f2a190fd727fc452a4c2a7cc845fd16b56aa,SOL,NO,medium,medium,medium,0.009999999999999998,0.0,0.0,0.0,0.005,False,1.0,0.11499999999999999
executable_quote_2s,3,2026-07-02T19:52:30.368984+00:00,0x2cfc3ef023f8f6ebad847ce57292f2a190fd727fc452a4c2a7cc845fd16b56aa,SOL,NO,medium,medium,medium,0.11,0.0,0.0,0.0,0.005,False,1.0,0.025000000000000026
executable_quote_2s,3,2026-07-02T19:52:48.372495+00:00,0x2cfc3ef023f8f6ebad847ce57292f2a190fd727fc452a4c2a7cc845fd16b56aa,SOL,NO,medium,medium,medium,0.01500000000000003,0.0,0.0,0.0,0.005,False,1.0,0.06499999999999995
executable_quote_2s,3,2026-07-02T19:53:00.364200+00:00,0x2cfc3ef023f8f6ebad847ce57292f2a190fd727fc452a4c2a7cc845fd16b56aa,SOL,NO,medium,high,medium,0.02999999999999999,0.0,0.0,0.0,0.005,False,1.0,0.054999999999999945
executable_quote_2s,3,2026-07-02T19:53:04.368103+00:00,0x2cfc3ef023f8f6ebad847ce57292f2a190fd727fc452a4c2a7cc845fd16b56aa,SOL,NO,high,medium,medium,-0.06999999999999999,0.0,0.0,0.0,0.005,False,1.0,-0.07499999999999996
executable_quote_2s,3,2026-07-02T19:53:10.364232+00:00,0x2cfc3ef023f8f6ebad847ce57292f2a190fd727fc452a4c2a7cc845fd16b56aa,SOL,NO,high,medium,medium,0.12000000000000001,0.0,0.0,0.0,0.005,False,1.0,0.09499999999999997
executable_quote_2s,3,2026-07-02T19:53:42.364449+00:00,0x2cfc3ef023f8f6ebad847ce57292f2a190fd727fc452a4c2a7cc845fd16b56aa,SOL,NO,high,medium,medium,0.020000000000000035,0.0,0.0,0.0,0.005,False,1.0,0.025000000000000026
executable_quote_5s_100_shares,1,2026-06-24T15:43:06.758948+00:00,0x80658216d4530ee5d8f87f3a84d6788c0505a016f5d1a52bfb8fc3c1afc1f1c2,ETH,YES,low,low,medium,-0.05,0.0,0.0,0.0,0.005,False,0.1,-0.0035000000000000005
executable_quote_5s_100_shares,1,2026-06-24T15:48:20.766212+00:00,0x8e22e9bf1a5c5cf1e5a91126865227cf0b75a5ec64611f0e0b23348e2b8eebc6,SOL,YES,medium,low,medium,-0.05,0.0,0.0,0.0,0.005,False,0.15,-0.006599999999999999
executable_quote_5s_100_shares,1,2026-06-24T15:48:30.765676+00:00,0x8e22e9bf1a5c5cf1e5a91126865227cf0b75a5ec64611f0e0b23348e2b8eebc6,SOL,YES,medium,low,medium,-0.04,0.0,0.0,0.0,0.005,False,0.15,-0.006599999999999999
executable_quote_5s_100_shares,1,2026-06-24T16:03:06.764139+00:00,0x898e75f4a2714851629ab01153214fbf585c570d631964d411eb3f85d6f77427,ETH,NO,low,medium,high,0.07000000000000002,0.0,0.0,0.0,0.005,False,0.062,0.004649999999999997
executable_quote_5s_100_shares,1,2026-06-24T16:03:34.761565+00:00,0x898e75f4a2714851629ab01153214fbf585c570d631964d411eb3f85d6f77427,ETH,NO,low,medium,medium,0.01999999999999998,0.0,0.0,0.0,0.005,False,0.473,0.01182500000000001
executable_quote_5s_100_shares,1,2026-06-24T16:03:36.766733+00:00,0x898e75f4a2714851629ab01153214fbf585c570d631964d411eb3f85d6f77427,ETH,NO,low,medium,medium,0.020000000000000035,0.0,0.0,0.0,0.005,False,0.473,0.01182500000000001
executable_quote_5s_100_shares,1,2026-06-24T16:03:56.765843+00:00,0x898e75f4a2714851629ab01153214fbf585c570d631964d411eb3f85d6f77427,ETH,NO,medium,medium,medium,-0.07000000000000002,0.0,0.0,0.0,0.005,False,0.25,-0.016249999999999987
executable_quote_5s_100_shares,1,2026-06-24T16:17:42.762123+00:00,0x16d9a49118c42f6c43e48602f4356b563fe7d62f03eace901d12f3671b7534cd,SOL,NO,low,medium,high,0.18000000000000002,0.0,0.0,0.0,0.005,False,0.1,0.007499999999999996
executable_quote_5s_100_shares,1,2026-06-24T16:22:52.762411+00:00,0x76ee4df37777787c309b30aa15d0861f505cc65be0cea6ab16949e8fba9fa172,SOL,NO,medium,medium,medium,-0.11999999999999998,0.0,0.0,0.0,0.005,False,0.1,-0.008500000000000008
executable_quote_5s_100_shares,1,2026-06-24T16:22:54.752727+00:00,0x76ee4df37777787c309b30aa15d0861f505cc65be0cea6ab16949e8fba9fa172,SOL,NO,medium,medium,medium,-0.06500000000000002,0.0,0.0,0.0,0.005,False,0.05,-0.0022500000000000016
executable_quote_5s_100_shares,1,2026-06-24T16:41:48.765478+00:00,0x54faa3af7fa6193533f340c3ceb42d2a8d405f5e3b23e2178d2a0212ac8cd968,ETH,YES,low,low,medium,-0.09500000000000001,0.0,0.0,0.0,0.005,False,0.1673,0.012547499999999998
executable_quote_5s_100_shares,1,2026-06-24T16:41:50.756781+00:00,0x54faa3af7fa6193533f340c3ceb42d2a8d405f5e3b23e2178d2a0212ac8cd968,ETH,YES,low,medium,low,-0.055000000000000035,0.0,0.0,0.0,0.005,False,0.1673,0.012547499999999998
executable_quote_5s_100_shares,1,2026-06-24T16:48:48.757094+00:00,0x6a9cd2dd7bc9c9807d3452c9f1a97c34ac7aedbc934b79054d8b3a0bfdcd4e42,BTC,YES,low,low,high,-0.0325,0.0,0.0,0.0,0.005,False,0.45270000000000005,-0.014939099999999999
executable_quote_5s_100_shares,1,2026-06-24T16:51:06.758502+00:00,0xabff544d3602969cb25677257451bdb7c6ad59b48e75d1d633afb248b012b06c,ETH,NO,low,medium,medium,0.30000000000000004,0.0,0.0,0.0,0.005,False,0.9322,0.15381299999999992
executable_quote_5s_100_shares,1,2026-06-24T16:52:04.761668+00:00,0x7d0f63daa0e0bd4993d80fa4bcb62fd622043fb264ec4a7aa7b875871c6a353a,SOL,YES,medium,medium,medium,0.030000000000000002,0.0,0.0,0.0,0.005,False,0.406,-0.014209999999999999
executable_quote_5s_100_shares,1,2026-06-24T16:52:06.767562+00:00,0x7d0f63daa0e0bd4993d80fa4bcb62fd622043fb264ec4a7aa7b875871c6a353a,SOL,YES,high,medium,medium,0.05,0.0,0.0,0.0,0.005,False,0.15,0.00825
executable_quote_5s_100_shares,1,2026-06-24T16:53:18.759891+00:00,0x11be248eacf03fecfc51007bb9833cc1452e33e48c5226ab9c30e91656ca4fed,BTC,YES,low,medium,medium,-0.05,0.0,0.0,0.0,0.005,False,1.0,-0.034999999999999996
executable_quote_5s_100_shares,1,2026-06-24T16:53:52.752947+00:00,0x7d0f63daa0e0bd4993d80fa4bcb62fd622043fb264ec4a7aa7b875871c6a353a,SOL,YES,high,low,medium,-0.05,0.0,0.0,0.0,0.005,False,0.8048000000000001,-0.028168000000000006
executable_quote_5s_100_shares,1,2026-06-24T16:53:54.758545+00:00,0xabff544d3602969cb25677257451bdb7c6ad59b48e75d1d633afb248b012b06c,ETH,NO,high,low,medium,-0.02,0.0,0.0,0.0,0.005,False,0.7431,-0.009660300000000005
executable_quote_5s_100_shares,1,2026-06-24T16:55:32.763105+00:00,0xdc4693598a20d019c083949d35703b04d5de73552f4d0fb762787cbe10eef7af,ETH,YES,low,medium,medium,0.035000000000000045,0.0,0.0,0.0,0.005,False,0.78,0.02730000000000003
executable_quote_5s_100_shares,1,2026-06-24T17:10:44.757531+00:00,0x6bcbfb85688c3516d74eda21ae1058775c9dbb0c3c2ed80679bea5efa4224f1f,SOL,YES,low,medium,medium,-0.09000000000000001,0.0,0.0,0.0,0.005,False,0.168,-0.01092000000000001
executable_quote_5s_100_shares,1,2026-06-24T17:10:48.752203+00:00,0x6bcbfb85688c3516d74eda21ae1058775c9dbb0c3c2ed80679bea5efa4224f1f,SOL,YES,low,medium,medium,0.07000000000000002,0.0,0.0,0.0,0.005,False,0.06,0.003300000000000003
executable_quote_5s_100_shares,1,2026-06-24T17:15:08.754027+00:00,0x2a87ba5465e5a39b23f5c245ce8daf4e9166a6b5d3a01f97e3c5cebe5f542667,ETH,YES,low,medium,medium,0.08999999999999998,0.0,0.0,0.0,0.005,False,0.05,-0.0017500000000000013
executable_quote_5s_100_shares,1,2026-06-24T17:15:32.759728+00:00,0xc6ddbe45253f77b8dbd808a9153ec3477a66b95ce3dcd40edbdbf5e69a9fad74,BTC,YES,low,medium,medium,-0.059999999999999984,0.0,0.0,0.0,0.005,False,0.03,-0.0013499999999999992
executable_quote_5s_100_shares,1,2026-06-24T17:17:04.766209+00:00,0xc6ddbe45253f77b8dbd808a9153ec3477a66b95ce3dcd40edbdbf5e69a9fad74,BTC,YES,low,medium,medium,0.01999999999999998,0.0,0.0,0.0,0.005,False,1.0,-0.07500000000000001
executable_quote_5s_100_shares,1,2026-06-24T17:20:12.764868+00:00,0xd8e21b0124221e5a6948b65f0b5c1b7c563a3c7e6ea11a1e7d760638a2e885ba,SOL,NO,medium,medium,high,0.15500000000000005,0.0,0.0,0.0,0.005,False,0.1,0.004500000000000005
executable_quote_5s_100_shares,1,2026-06-24T17:25:44.756279+00:00,0x0a15e96a2f8db3533603fd8a311915394fd8b8b6cbc3c3b90e5225964660bd94,ETH,YES,low,medium,high,0.030000000000000044,0.0,0.0,0.0,0.005,False,0.23399999999999999,-0.012869999999999984
executable_quote_5s_100_shares,1,2026-06-24T17:26:36.761972+00:00,0x0a15e96a2f8db3533603fd8a311915394fd8b8b6cbc3c3b90e5225964660bd94,ETH,YES,low,medium,high,0.11,0.0,0.0,0.0,0.005,False,0.15,0.0037500000000000038
executable_quote_5s_100_shares,1,2026-06-24T17:28:30.758436+00:00,0x8b89ebef2e337682d0c761c2d9ea76b14916b0fbaa6b07ab496782aa61d08092,SOL,NO,low,medium,medium,-0.03,0.0,0.0,0.0,0.005,False,0.0907,-0.0021768000000000017
executable_quote_5s_100_shares,1,2026-06-24T17:32:12.757879+00:00,0xc53755a72a77c13680d29f80e88a1ffcdaeda374fb64389c3801a5660e24deb8,SOL,NO,low,medium,medium,0.030000000000000044,0.0,0.0,0.0,0.005,False,0.2912,-0.018928000000000018
executable_quote_5s_100_shares,1,2026-06-24T17:40:50.764310+00:00,0xe162acce182a1c54de6efd4a047bee1957d9d0ce3a96723f622886a34ce9ef56,BTC,NO,low,medium,medium,-0.05000000000000003,0.0,0.0,0.0,0.005,False,0.19,-0.006650000000000005
executable_quote_5s_100_shares,1,2026-06-24T17:46:02.756352+00:00,0x931296be6d3fc5e74df946ebeb47595bd30d0b51c747520c22454b54dbde783c,ETH,NO,medium,medium,high,0.16,0.0,0.0,0.0,0.005,False,0.1,-0.0035000000000000027
executable_quote_5s_100_shares,1,2026-06-24T17:50:26.761135+00:00,0xe0261c3af71ec76885a6befe78536d37f4f39622a19d0102257561caaca61811,SOL,NO,low,medium,medium,0.06000000000000001,0.0,0.0,0.0,0.005,False,0.368,0.012880000000000013
executable_quote_5s_100_shares,1,2026-06-24T18:00:58.760168+00:00,0x5a189bc1b252af1469e531eb62cee5995fe46dd01bcaff6b137a7bc3109e2e43,SOL,NO,medium,low,medium,-0.05000000000000003,0.0,0.0,0.0,0.005,False,0.1,-0.005499999999999994
executable_quote_5s_100_shares,1,2026-06-24T18:01:08.757617+00:00,0x5a189bc1b252af1469e531eb62cee5995fe46dd01bcaff6b137a7bc3109e2e43,SOL,NO,medium,medium,medium,0.010000000000000026,0.0,0.0,0.0,0.005,False,0.05,-0.002749999999999997
executable_quote_5s_100_shares,1,2026-06-24T18:01:10.762661+00:00,0x5a189bc1b252af1469e531eb62cee5995fe46dd01bcaff6b137a7bc3109e2e43,SOL,NO,medium,medium,medium,-0.06999999999999999,0.0,0.0,0.0,0.005,False,0.218,-0.011989999999999985
executable_quote_5s_100_shares,1,2026-06-24T18:01:28.765791+00:00,0x5a189bc1b252af1469e531eb62cee5995fe46dd01bcaff6b137a7bc3109e2e43,SOL,NO,medium,medium,medium,-0.05000000000000003,0.0,0.0,0.0,0.005,False,0.36200000000000004,-0.012670000000000011
executable_quote_5s_100_shares,1,2026-06-24T18:01:32.763050+00:00,0x5a189bc1b252af1469e531eb62cee5995fe46dd01bcaff6b137a7bc3109e2e43,SOL,NO,medium,medium,medium,0.07000000000000002,0.0,0.0,0.0,0.005,False,0.36200000000000004,-0.012670000000000011
executable_quote_5s_100_shares,1,2026-06-24T18:01:48.762400+00:00,0x5a189bc1b252af1469e531eb62cee5995fe46dd01bcaff6b137a7bc3109e2e43,SOL,NO,medium,medium,medium,0.059999999999999956,0.0,0.0,0.0,0.005,False,0.11199999999999999,0.0050400000000000045
executable_quote_5s_100_shares,1,2026-06-24T18:05:24.753766+00:00,0x17dc5c06a8038c8b9fe98dc10caabed5e643e594aa096dfa257871e4e6fc79db,BTC,NO,medium,medium,high,0.05000000000000006,0.0,0.0,0.0,0.005,False,0.5849,-0.032169499999999955
executable_quote_5s_100_shares,1,2026-06-24T18:05:28.765310+00:00,0x17dc5c06a8038c8b9fe98dc10caabed5e643e594aa096dfa257871e4e6fc79db,BTC,NO,medium,medium,high,0.06999999999999997,0.0,0.0,0.0,0.005,False,0.9145,-0.041152499999999925
executable_quote_5s_100_shares,1,2026-06-24T18:05:36.760226+00:00,0x3d07d4fd8f80b13ff82b8a59ac4e27ef61cee1ca5f5e8b639dd421a3a7bc2fcb,SOL,NO,low,high,medium,0.04999999999999995,0.0,0.0,0.0,0.005,False,0.25,0.008749999999999982
executable_quote_5s_100_shares,1,2026-06-24T18:06:36.754811+00:00,0x3d07d4fd8f80b13ff82b8a59ac4e27ef61cee1ca5f5e8b639dd421a3a7bc2fcb,SOL,YES,low,medium,medium,0.039999999999999994,0.0,0.0,0.0,0.005,False,0.11199999999999999,0.0028000000000000026
executable_quote_5s_100_shares,1,2026-06-24T18:06:38.762149+00:00,0x3d07d4fd8f80b13ff82b8a59ac4e27ef61cee1ca5f5e8b639dd421a3a7bc2fcb,SOL,YES,low,medium,medium,0.09999999999999999,0.0,0.0,0.0,0.005,False,0.055999999999999994,0.0014000000000000013
executable_quote_5s_100_shares,1,2026-06-24T18:10:32.759091+00:00,0xe3120089fce1f1a743fc240f0033561fca78ae3088352a0f3f52413a0a0b39cb,BTC,YES,low,medium,high,0.04999999999999995,0.0,0.0,0.0,0.005,False,0.6884999999999999,-0.030982500000000017
executable_quote_5s_100_shares,1,2026-06-24T18:10:48.754900+00:00,0x2a8f1b4db2834d8f740fa140f88d4c2cd7464241d37403fce3ab3bc53ee78792,ETH,NO,low,medium,high,0.06999999999999997,0.0,0.0,0.0,0.005,False,0.534,-0.02403000000000002
executable_quote_5s_100_shares,1,2026-06-24T18:11:20.766968+00:00,0x2a8f1b4db2834d8f740fa140f88d4c2cd7464241d37403fce3ab3bc53ee78792,ETH,YES,low,medium,medium,-0.059999999999999984,0.0,0.0,0.0,0.005,False,0.2,0.013000000000000001
executable_quote_5s_100_shares,1,2026-06-24T18:20:04.756204+00:00,0x3d34074cabf8c0c7082b719f8b1d246fbf3344709e9dceb7baf2a9e21d9dcd71,BTC,YES,low,medium,medium,-0.13000000000000003,0.0,0.0,0.0,0.005,False,1.0,-0.06500000000000006
executable_quote_5s_100_shares,1,2026-06-24T18:20:30.755092+00:00,0x3d34074cabf8c0c7082b719f8b1d246fbf3344709e9dceb7baf2a9e21d9dcd71,BTC,YES,low,medium,medium,-0.05499999999999998,0.0,0.0,0.0,0.005,False,0.585,0.014625000000000015
executable_quote_5s_100_shares,1,2026-06-24T18:20:36.756990+00:00,0x063b6476f22b96ffa4e2b1b40b6be64b68228f02258cf4f2cb5ae83ecbf708fd,ETH,YES,medium,medium,medium,0.04999999999999995,0.0,0.0,0.0,0.005,False,1.0,0.03499999999999993
executable_quote_5s_100_shares,1,2026-06-24T18:20:40.753306+00:00,0x3d34074cabf8c0c7082b719f8b1d246fbf3344709e9dceb7baf2a9e21d9dcd71,BTC,YES,low,medium,medium,-0.059999999999999984,0.0,0.0,0.0,0.005,False,1.0,0.025000000000000026
executable_quote_5s_100_shares,1,2026-06-24T18:20:52.756246+00:00,0x3d34074cabf8c0c7082b719f8b1d246fbf3344709e9dceb7baf2a9e21d9dcd71,BTC,YES,low,medium,medium,0.039999999999999994,0.0,0.0,0.0,0.005,False,0.43,-0.01505000000000001
executable_quote_5s_100_shares,1,2026-06-24T18:20:54.762187+00:00,0x3d34074cabf8c0c7082b719f8b1d246fbf3344709e9dceb7baf2a9e21d9dcd71,BTC,YES,low,medium,medium,0.010000000000000026,0.0,0.0,0.0,0.005,False,0.43,-0.01505000000000001
executable_quote_5s_100_shares,1,2026-06-24T18:21:06.764841+00:00,0x3d34074cabf8c0c7082b719f8b1d246fbf3344709e9dceb7baf2a9e21d9dcd71,BTC,YES,low,medium,medium,-0.05000000000000003,0.0,0.0,0.0,0.005,False,0.20579999999999998,-0.01337700000000001
executable_quote_5s_100_shares,1,2026-06-24T18:21:10.764191+00:00,0x3d34074cabf8c0c7082b719f8b1d246fbf3344709e9dceb7baf2a9e21d9dcd71,BTC,YES,low,medium,medium,0.020000000000000035,0.0,0.0,0.0,0.005,False,1.0,0.14500000000000002
executable_quote_5s_100_shares,1,2026-06-24T18:21:12.754338+00:00,0x3d34074cabf8c0c7082b719f8b1d246fbf3344709e9dceb7baf2a9e21d9dcd71,BTC,YES,low,medium,medium,-0.06000000000000004,0.0,0.0,0.0,0.005,False,1.0,0.14500000000000002
executable_quote_5s_100_shares,1,2026-06-24T18:21:14.759655+00:00,0x3d34074cabf8c0c7082b719f8b1d246fbf3344709e9dceb7baf2a9e21d9dcd71,BTC,YES,low,high,medium,0.19499999999999998,0.0,0.0,0.0,0.005,False,0.23370000000000002,-0.010516500000000008
executable_quote_5s_100_shares,1,2026-06-24T18:23:18.758759+00:00,0x3d34074cabf8c0c7082b719f8b1d246fbf3344709e9dceb7baf2a9e21d9dcd71,BTC,YES,low,medium,medium,0.01500000000000003,0.0,0.0,0.0,0.005,False,1.0,0.07500000000000007
executable_quote_5s_100_shares,1,2026-06-24T18:26:40.754541+00:00,0x0f58baf57772722db394290841df2a23b89d3ef388a740790fe4356e58669164,ETH,NO,low,medium,medium,-0.38,0.0,0.0,0.0,0.005,False,0.1,-0.03950000000000001
executable_quote_5s_100_shares,1,2026-06-24T18:32:18.765892+00:00,0xbde68413691d686e0741615c9dad23d2669c8cfcdd14efb81d2fd53260602d61,SOL,NO,low,medium,medium,0.05,0.0,0.0,0.0,0.005,False,0.07,-0.004549999999999997
executable_quote_5s_100_shares,1,2026-06-24T18:32:28.765868+00:00,0xbde68413691d686e0741615c9dad23d2669c8cfcdd14efb81d2fd53260602d61,SOL,NO,low,medium,medium,-0.10000000000000002,0.0,0.0,0.0,0.005,False,0.21789999999999998,-0.020700500000000017
executable_quote_5s_100_shares,1,2026-06-24T18:32:34.767339+00:00,0xbde68413691d686e0741615c9dad23d2669c8cfcdd14efb81d2fd53260602d61,SOL,NO,low,medium,medium,-0.09999999999999999,0.0,0.0,0.0,0.005,False,0.606,0.021210000000000024
executable_quote_5s_100_shares,1,2026-06-24T18:32:36.756754+00:00,0xbde68413691d686e0741615c9dad23d2669c8cfcdd14efb81d2fd53260602d61,SOL,NO,low,medium,medium,0.025000000000000012,0.0,0.0,0.0,0.005,False,0.2,0.005000000000000005
executable_quote_5s_100_shares,1,2026-06-24T18:32:38.763486+00:00,0xbde68413691d686e0741615c9dad23d2669c8cfcdd14efb81d2fd53260602d61,SOL,NO,low,high,medium,-0.07500000000000002,0.0,0.0,0.0,0.005,False,0.19,0.0066500000000000075
executable_quote_5s_100_shares,1,2026-06-24T18:32:40.753774+00:00,0xbde68413691d686e0741615c9dad23d2669c8cfcdd14efb81d2fd53260602d61,SOL,NO,low,medium,medium,0.030000000000000016,0.0,0.0,0.0,0.005,False,0.0672,-0.0023520000000000017
executable_quote_5s_100_shares,1,2026-06-24T18:32:58.758626+00:00,0xbde68413691d686e0741615c9dad23d2669c8cfcdd14efb81d2fd53260602d61,SOL,NO,low,high,medium,-0.05000000000000003,0.0,0.0,0.0,0.005,False,0.0548,0.004110000000000003
executable_quote_5s_100_shares,1,2026-06-24T18:33:00.765000+00:00,0xbde68413691d686e0741615c9dad23d2669c8cfcdd14efb81d2fd53260602d61,SOL,NO,low,medium,medium,0.014999999999999975,0.0,0.0,0.0,0.005,False,0.162,0.01053000000000001
executable_quote_5s_100_shares,1,2026-06-24T18:51:52.760600+00:00,0x76ceb5966715afdbb09250dea84bccfc837e72c59d375b0ca15e03fcc417fb4e,SOL,YES,low,medium,medium,-0.06999999999999999,0.0,0.0,0.0,0.005,False,0.055999999999999994,-0.007559999999999996
executable_quote_5s_100_shares,1,2026-06-24T18:51:54.765991+00:00,0x76ceb5966715afdbb09250dea84bccfc837e72c59d375b0ca15e03fcc417fb4e,SOL,YES,low,medium,medium,0.039999999999999994,0.0,0.0,0.0,0.005,False,0.2,-0.008999999999999985
executable_quote_5s_100_shares,1,2026-06-24T18:51:56.756813+00:00,0x76ceb5966715afdbb09250dea84bccfc837e72c59d375b0ca15e03fcc417fb4e,SOL,YES,low,high,medium,0.01500000000000003,0.0,0.0,0.0,0.005,False,0.055999999999999994,-0.006440000000000002
executable_quote_5s_100_shares,1,2026-06-24T18:52:10.764773+00:00,0x768552d5316e123aaa73080f47f5e8f4e0ba7553daff6a1d32fa8d9ed5552775,ETH,YES,low,medium,medium,0.059999999999999956,0.0,0.0,0.0,0.005,False,0.05,-0.0032499999999999977
executable_quote_5s_100_shares,1,2026-06-24T18:52:48.766058+00:00,0x768552d5316e123aaa73080f47f5e8f4e0ba7553daff6a1d32fa8d9ed5552775,ETH,YES,low,low,medium,0.014999999999999975,0.0,0.0,0.0,0.005,False,0.3917,0.013709499999999993
executable_quote_5s_100_shares,1,2026-06-24T18:52:48.766058+00:00,0x76ceb5966715afdbb09250dea84bccfc837e72c59d375b0ca15e03fcc417fb4e,SOL,YES,low,low,medium,-0.07000000000000005,0.0,0.0,0.0,0.005,False,0.33,0.008250000000000009
executable_quote_5s_100_shares,1,2026-06-24T18:52:52.763973+00:00,0x76ceb5966715afdbb09250dea84bccfc837e72c59d375b0ca15e03fcc417fb4e,SOL,YES,low,medium,medium,0.020000000000000035,0.0,0.0,0.0,0.005,False,0.28,0.009799999999999996
executable_quote_5s_100_shares,1,2026-06-24T18:53:46.759987+00:00,0x76ceb5966715afdbb09250dea84bccfc837e72c59d375b0ca15e03fcc417fb4e,SOL,YES,medium,low,medium,0.09999999999999999,0.0,0.0,0.0,0.005,False,0.05,0.0037500000000000033
executable_quote_5s_100_shares,1,2026-06-24T19:00:16.766958+00:00,0x6f14d199dafd35a5f545aad500e9cd65eaf22a2bf1a522817da62c57245246f4,SOL,NO,low,medium,medium,0.020000000000000035,0.0,0.0,0.0,0.005,False,0.06,-0.002700000000000002
executable_quote_5s_100_shares,1,2026-06-24T19:00:20.764327+00:00,0x6f14d199dafd35a5f545aad500e9cd65eaf22a2bf1a522817da62c57245246f4,SOL,NO,low,high,medium,-0.06499999999999999,0.0,0.0,0.0,0.005,False,0.05,-0.0022499999999999964
executable_quote_5s_100_shares,1,2026-06-24T19:00:26.766094+00:00,0x6f14d199dafd35a5f545aad500e9cd65eaf22a2bf1a522817da62c57245246f4,SOL,NO,low,medium,medium,0.014999999999999975,0.0,0.0,0.0,0.005,False,0.13,-0.007149999999999991
executable_quote_5s_100_shares,1,2026-06-24T19:00:34.758570+00:00,0x6f14d199dafd35a5f545aad500e9cd65eaf22a2bf1a522817da62c57245246f4,SOL,NO,low,medium,medium,-0.06999999999999999,0.0,0.0,0.0,0.005,False,0.05,0.0027499999999999972
executable_quote_5s_100_shares,1,2026-06-24T19:00:46.763874+00:00,0x6f14d199dafd35a5f545aad500e9cd65eaf22a2bf1a522817da62c57245246f4,SOL,NO,low,low,medium,0.010000000000000026,0.0,0.0,0.0,0.005,False,0.31,-0.02944999999999999
executable_quote_5s_100_shares,1,2026-06-24T19:01:30.763622+00:00,0x6f14d199dafd35a5f545aad500e9cd65eaf22a2bf1a522817da62c57245246f4,SOL,NO,low,medium,medium,-0.05000000000000003,0.0,0.0,0.0,0.005,False,0.168,-0.005880000000000004
executable_quote_5s_100_shares,1,2026-06-24T19:02:02.766777+00:00,0x9828065f135b73cbb04da613189035c96beca24508e8d4b15f9a9b670b7519eb,ETH,NO,low,medium,medium,0.01999999999999998,0.0,0.0,0.0,0.005,False,0.8140000000000001,-0.03662999999999994
executable_quote_5s_100_shares,1,2026-06-24T19:02:02.766777+00:00,0x6f14d199dafd35a5f545aad500e9cd65eaf22a2bf1a522817da62c57245246f4,SOL,NO,low,medium,high,0.06000000000000001,0.0,0.0,0.0,0.005,False,0.05,-0.0017500000000000013
executable_quote_5s_100_shares,1,2026-06-24T19:02:04.757011+00:00,0x6f14d199dafd35a5f545aad500e9cd65eaf22a2bf1a522817da62c57245246f4,SOL,NO,low,medium,medium,-0.11499999999999998,0.0,0.0,0.0,0.005,False,0.07,-0.0045500000000000046
executable_quote_5s_100_shares,1,2026-06-24T19:02:06.762138+00:00,0x6f14d199dafd35a5f545aad500e9cd65eaf22a2bf1a522817da62c57245246f4,SOL,NO,low,medium,medium,0.02999999999999999,0.0,0.0,0.0,0.005,False,0.2,-0.007000000000000005
executable_quote_5s_100_shares,1,2026-06-24T19:02:08.753956+00:00,0x6f14d199dafd35a5f545aad500e9cd65eaf22a2bf1a522817da62c57245246f4,SOL,NO,low,high,medium,-0.06999999999999999,0.0,0.0,0.0,0.005,False,0.5452,-0.03543800000000003
executable_quote_5s_100_shares,1,2026-06-24T19:02:34.760304+00:00,0x6f14d199dafd35a5f545aad500e9cd65eaf22a2bf1a522817da62c57245246f4,SOL,NO,low,medium,medium,0.010000000000000026,0.0,0.0,0.0,0.005,False,0.05,-0.0037500000000000033
executable_quote_5s_100_shares,1,2026-06-24T19:12:34.759652+00:00,0x1aee94333f9f59a16641bfb6bb79781128bfc7c762e6ec35a3e28ae595c8f710,ETH,YES,low,low,medium,-0.03,0.0,0.0,0.0,0.005,False,1.0,-0.033999999999999996
executable_quote_5s_100_shares,1,2026-06-24T19:15:48.754190+00:00,0x4982ded7e4b9233220595f26cc997fa151f1902c8893a0a78a52d656b5fdb3d4,ETH,NO,medium,medium,medium,-0.08,0.0,0.0,0.0,0.005,False,0.4863,0.026746500000000027
executable_quote_5s_100_shares,1,2026-06-24T19:15:50.760306+00:00,0xb802375b899f20776320f8a3ad101bd8c4a32ff81a436fcc308a140cc33d96bf,BTC,NO,low,medium,medium,0.010000000000000026,0.0,0.0,0.0,0.005,False,1.0,0.054999999999999945
executable_quote_5s_100_shares,1,2026-06-24T19:15:50.760306+00:00,0x4982ded7e4b9233220595f26cc997fa151f1902c8893a0a78a52d656b5fdb3d4,ETH,NO,medium,medium,medium,0.03499999999999999,0.0,0.0,0.0,0.005,False,0.34,0.01870000000000002
executable_quote_5s_100_shares,1,2026-06-24T19:25:34.759452+00:00,0x6e39d066f4cd8679f901216c55834139a9ad2240af38a11b09b63b0473e2b84b,SOL,YES,low,medium,medium,0.010000000000000026,0.0,0.0,0.0,0.005,False,0.05,0.001750000000000002
executable_quote_5s_100_shares,1,2026-06-24T19:26:04.757062+00:00,0x6e39d066f4cd8679f901216c55834139a9ad2240af38a11b09b63b0473e2b84b,SOL,YES,low,medium,medium,0.07500000000000002,0.0,0.0,0.0,0.005,False,0.1348,-0.008762000000000008
executable_quote_5s_100_shares,1,2026-06-24T19:37:46.757371+00:00,0xfedc3df4cb1db1fc866524795ac2fcdf9941f43010b9c15e487a333e6f266394,SOL,YES,low,medium,high,0.010000000000000026,0.0,0.0,0.0,0.005,False,0.218,-0.020709999999999996
executable_quote_5s_100_shares,1,2026-06-24T19:37:50.757198+00:00,0xfedc3df4cb1db1fc866524795ac2fcdf9941f43010b9c15e487a333e6f266394,SOL,YES,low,medium,medium,-0.09999999999999996,0.0,0.0,0.0,0.005,False,0.11199999999999999,-0.007280000000000006
executable_quote_5s_100_shares,1,2026-06-24T19:41:20.756922+00:00,0x7001dd0099cdee5fbb1efe846336e41812c524e7585b6f7c9a0a5c9882f114b9,SOL,NO,low,medium,medium,0.03999999999999994,0.0,0.0,0.0,0.005,False,0.162,0.004050000000000004
executable_quote_5s_100_shares,1,2026-06-24T19:48:44.761661+00:00,0x4f55d140209fd0d5a7745de8f8a0f150f3b6097aedbaeee7d1a0618c0c3d7bb8,ETH,NO,low,medium,medium,0.06999999999999997,0.0,0.0,0.0,0.005,False,0.4509,-0.01578150000000001
executable_quote_5s_100_shares,1,2026-06-24T19:53:26.758012+00:00,0x3ba3b3f951b2628ef716722de268dd5e244f8d45fd355168fab2e3b85af75128,SOL,NO,low,medium,high,-0.0315,0.0,0.0,0.0,0.005,False,0.05,-0.0010500000000000008
executable_quote_5s_100_shares,1,2026-06-24T20:01:06.759646+00:00,0x88fd0bf02fe557e16419750274baafa5fd89a12437e7d4215161d95a77cc069e,SOL,NO,low,medium,medium,-0.05,0.0,0.0,0.0,0.005,False,0.11199999999999999,-0.007280000000000006
executable_quote_5s_100_shares,1,2026-06-24T20:01:08.765938+00:00,0x99160df581693bc7fa4ad76b5fe823f5346ef5cb655f1e8650a60c30a642c0ac,BTC,YES,low,high,medium,0.29,0.0,0.0,0.0,0.005,False,0.6242,-0.04057300000000003
executable_quote_5s_100_shares,1,2026-06-24T20:08:34.761066+00:00,0xd14dfda063d0d2dafe354fe938c73ea7643db9f344cf11598794d252f8d453a1,BTC,NO,low,low,medium,-0.018,0.0,0.0,0.0,0.005,False,0.36920000000000003,-0.002584400000000001
executable_quote_5s_100_shares,1,2026-06-24T20:13:52.754397+00:00,0xf8776b5271ce59d683b9da736a42f8139c58e4093ad342ae1288f9addc1b3cfe,BTC,NO,low,medium,medium,-0.06499999999999999,0.0,0.0,0.0,0.005,False,1.0,-0.06500000000000006
executable_quote_5s_100_shares,1,2026-06-24T20:13:56.764659+00:00,0xf8776b5271ce59d683b9da736a42f8139c58e4093ad342ae1288f9addc1b3cfe,BTC,NO,low,high,medium,-0.12999999999999998,0.0,0.0,0.0,0.005,False,0.23190000000000002,-0.008116500000000006
executable_quote_5s_100_shares,1,2026-06-24T20:17:30.756983+00:00,0x9c3ac652cc797ed5fdf7c5717c58c9ce007e9fabecc76e1454bf2d8db03c7150,BTC,YES,low,medium,medium,-0.06000000000000004,0.0,0.0,0.0,0.005,False,0.1177,0.002942500000000003
executable_quote_5s_100_shares,1,2026-06-24T20:17:34.755355+00:00,0x9c3ac652cc797ed5fdf7c5717c58c9ce007e9fabecc76e1454bf2d8db03c7150,BTC,YES,low,medium,medium,0.020000000000000035,0.0,0.0,0.0,0.005,False,0.1894,0.014204999999999992
executable_quote_5s_100_shares,1,2026-06-24T20:17:38.755356+00:00,0x9c3ac652cc797ed5fdf7c5717c58c9ce007e9fabecc76e1454bf2d8db03c7150,BTC,YES,low,medium,medium,0.010000000000000026,0.0,0.0,0.0,0.005,False,0.1894,0.014204999999999992
executable_quote_5s_100_shares,1,2026-06-24T20:17:48.756472+00:00,0x9c3ac652cc797ed5fdf7c5717c58c9ce007e9fabecc76e1454bf2d8db03c7150,BTC,YES,low,low,medium,0.04999999999999995,0.0,0.0,0.0,0.005,False,0.1219,-0.014018500000000012
executable_quote_5s_100_shares,1,2026-06-24T20:18:06.756462+00:00,0x9c3ac652cc797ed5fdf7c5717c58c9ce007e9fabecc76e1454bf2d8db03c7150,BTC,YES,medium,medium,medium,-0.055000000000000035,0.0,0.0,0.0,0.005,False,0.525,-0.023625000000000018
executable_quote_5s_100_shares,1,2026-06-24T20:18:34.759712+00:00,0x9c3ac652cc797ed5fdf7c5717c58c9ce007e9fabecc76e1454bf2d8db03c7150,BTC,YES,low,medium,medium,0.029999999999999933,0.0,0.0,0.0,0.005,False,0.6384000000000001,-0.067032
executable_quote_5s_100_shares,1,2026-06-24T20:18:42.754973+00:00,0x9c3ac652cc797ed5fdf7c5717c58c9ce007e9fabecc76e1454bf2d8db03c7150,BTC,YES,low,high,medium,0.01500000000000003,0.0,0.0,0.0,0.005,False,1.0,0.054999999999999945
executable_quote_5s_100_shares,1,2026-06-24T20:23:28.766404+00:00,0x664abf9e27ed69e80bbe4cc0517b8a125ca044c42ad3357a7c7af2ed9436c74e,SOL,NO,low,medium,medium,0.09999999999999999,0.0,0.0,0.0,0.005,False,0.2335,-0.03152249999999998
executable_quote_5s_100_shares,1,2026-06-24T20:31:42.764262+00:00,0x4dd3a21158dc2341d429921b0f01d6ef1d5b1b88544a4e1166825c85360a31f3,SOL,YES,low,medium,medium,0.05000000000000006,0.0,0.0,0.0,0.005,False,0.0873,0.004801499999999995
executable_quote_5s_100_shares,1,2026-06-24T20:50:08.762751+00:00,0x8faf001f0cb0420fe9216e45664d43db363e1235986c35e425847671efe887b9,SOL,NO,low,medium,high,0.35,0.0,0.0,0.0,0.005,False,0.0558,0.019809
executable_quote_5s_100_shares,1,2026-06-24T20:50:34.755582+00:00,0xb5b2cc6f7e364320387000357dcec77c8e290b19a91515fda9f1eba110a7206b,ETH,YES,low,medium,medium,-0.02,0.0,0.0,0.0,0.005,False,0.2,-0.0030000000000000022
executable_quote_5s_100_shares,1,2026-06-24T20:50:58.754381+00:00,0x8faf001f0cb0420fe9216e45664d43db363e1235986c35e425847671efe887b9,SOL,YES,medium,medium,high,-0.39,0.0,0.0,0.0,0.005,False,0.25,-0.09625
executable_quote_5s_100_shares,1,2026-06-24T20:51:14.759775+00:00,0xa18f20c9d7af10ea829ba2117f462eed5781ccb83a3b11964e8464ea1bee0872,BTC,NO,medium,medium,high,0.010000000000000026,0.0,0.0,0.0,0.005,False,0.9506999999999999,0.08080949999999995
executable_quote_5s_100_shares,1,2026-06-24T20:51:18.756585+00:00,0xb5b2cc6f7e364320387000357dcec77c8e290b19a91515fda9f1eba110a7206b,ETH,NO,medium,medium,high,-0.02,0.0,0.0,0.0,0.005,False,0.2,-0.0030000000000000022
executable_quote_5s_100_shares,1,2026-06-24T20:52:00.752541+00:00,0xa18f20c9d7af10ea829ba2117f462eed5781ccb83a3b11964e8464ea1bee0872,BTC,NO,medium,medium,medium,0.07499999999999997,0.0,0.0,0.0,0.005,False,0.35,-0.019250000000000014
executable_quote_5s_100_shares,1,2026-06-24T21:05:24.762965+00:00,0xaa2029eae1454eff4dd2950180ce1a61bf2cc891c5bac51d9e0a15f22cddbee9,BTC,NO,low,medium,medium,-0.06000000000000004,0.0,0.0,0.0,0.005,False,0.2509,-0.008781500000000006
executable_quote_5s_100_shares,1,2026-06-24T21:06:00.760134+00:00,0xaa2029eae1454eff4dd2950180ce1a61bf2cc891c5bac51d9e0a15f22cddbee9,BTC,NO,low,medium,medium,-0.08500000000000006,0.0,0.0,0.0,0.005,False,0.779,0.027264999999999946
executable_quote_5s_100_shares,1,2026-06-24T21:06:02.752654+00:00,0xaa2029eae1454eff4dd2950180ce1a61bf2cc891c5bac51d9e0a15f22cddbee9,BTC,NO,low,medium,medium,-0.09000000000000001,0.0,0.0,0.0,0.005,False,0.1,-0.0035000000000000027
executable_quote_5s_100_shares,1,2026-06-24T21:17:38.763105+00:00,0x937f6ce7ec05a5cf598e814d8b21ca1b03831a607d67f7a737b4b455195b6347,ETH,YES,low,medium,medium,0.02999999999999999,0.0,0.0,0.0,0.005,False,0.2735,0.009572499999999996
executable_quote_5s_100_shares,1,2026-06-24T21:22:02.765156+00:00,0xc6ef5efefe52337535ef640dc5214f2cfca21f24db5da5f6461bb61b04d1757b,SOL,NO,medium,medium,medium,0.09999999999999994,0.0,0.0,0.0,0.005,False,0.05,-0.0062500000000000056
executable_quote_5s_100_shares,1,2026-06-24T21:22:20.752241+00:00,0xc6ef5efefe52337535ef640dc5214f2cfca21f24db5da5f6461bb61b04d1757b,SOL,NO,low,medium,medium,-0.12000000000000004,0.0,0.0,0.0,0.005,False,0.2352,-0.01293600000000001
executable_quote_5s_100_shares,1,2026-06-24T21:23:58.762346+00:00,0xc6ef5efefe52337535ef640dc5214f2cfca21f24db5da5f6461bb61b04d1757b,SOL,NO,medium,medium,medium,0.2849999999999999,0.0,0.0,0.0,0.005,False,0.17920000000000003,0.00806399999999999
executable_quote_5s_100_shares,1,2026-06-24T22:03:08.763973+00:00,0x8d3e7e3c36b3e5d1112c98d87518a00383581755190d5a55edc69c26749c1f59,ETH,NO,low,medium,medium,0.05,0.0,0.0,0.0,0.005,False,0.6185,0.034017500000000034
executable_quote_5s_100_shares,1,2026-06-25T00:06:46.764238+00:00,0xd65cb4f9d9b3cd9e0726c6723aaedeea6270e2b27f07e8d8d75fb866fc66efda,SOL,YES,medium,high,medium,0.365,0.0,0.0,0.0,0.005,False,0.04,-0.0018000000000000013
executable_quote_5s_100_shares,1,2026-06-25T02:56:12.762022+00:00,0xdc50528ddd95715389bece5e22c3924ab255ac03cc50a796d14fc1536f99e645,BTC,NO,low,medium,medium,0.14000000000000004,0.0,0.0,0.0,0.005,False,0.07,-0.002450000000000002
executable_quote_5s_100_shares,1,2026-06-25T03:15:10.763656+00:00,0xd64b2ce5267698719de20d05b135368962c8a4f1835384f18f0605ccaac199d5,BTC,NO,medium,medium,medium,0.31999999999999995,0.0,0.0,0.0,0.005,False,1.0,-0.035000000000000024
executable_quote_5s_100_shares,1,2026-06-25T03:15:10.763656+00:00,0xe9b43bb6aa0a0aa923a5b7ea6e70758b5f517507971004160627be84bdb0dbe3,SOL,NO,medium,medium,medium,0.32999999999999996,0.0,0.0,0.0,0.005,False,0.15,0.0052500000000000055
executable_quote_5s_100_shares,2,2026-06-25T20:08:34.804565+00:00,0xee90821efc94653c995d4583794da5c87e3c033a1e0a24f1f4ee824d2357c750,BTC,NO,low,medium,medium,-0.06000000000000004,0.0,0.0,0.0,0.005,False,1.0,-0.035000000000000024
executable_quote_5s_100_shares,2,2026-06-25T22:25:40.815254+00:00,0x42561c5c6f58ab741b19c250935435977309241d54a0c21753c74a382c8bf1ec,SOL,NO,low,high,medium,0.05500000000000001,0.0,0.0,0.0,0.005,False,0.05,0.0022500000000000024
executable_quote_5s_100_shares,2,2026-06-25T23:30:14.811724+00:00,0x78e6a3146dd778fc3150db6ba5f2fe3b701ff446bbaff21453236e84bee5434d,SOL,NO,medium,high,medium,0.039999999999999994,0.0,0.0,0.0,0.005,False,0.0508,-0.012445999999999999
executable_quote_5s_100_shares,2,2026-06-25T23:37:52.815776+00:00,0x953e34839580df1f86da756ce29e11f3a83588f2d7c5a8b5146bbe13c3ad7f35,BTC,NO,low,medium,medium,0.38,0.0,0.0,0.0,0.005,False,0.223,-0.012264999999999984
executable_quote_5s_100_shares,2,2026-06-26T02:21:20.818691+00:00,0xe92b6aa7834be28be01989eb9239f7bc730eef595bb9081c81db7640532437a3,SOL,NO,low,medium,medium,0.020000000000000035,0.0,0.0,0.0,0.005,False,0.32,0.011199999999999977
executable_quote_5s_100_shares,2,2026-06-26T02:31:04.812637+00:00,0x0d8fce3554cb6a7e22dac3a088ee1b258895693bde0bdce58ef37a2d50eb0f3a,ETH,YES,low,medium,medium,0.035000000000000045,0.0,0.0,0.0,0.005,False,0.2,-0.008999999999999985
executable_quote_5s_100_shares,2,2026-06-26T02:35:42.806769+00:00,0x136e15d4a85563899e310f043e14992b3ea9f163c94c722c836f29143ac271f4,ETH,NO,low,medium,medium,0.04000000000000005,0.0,0.0,0.0,0.005,False,1.0,0.03499999999999993
executable_quote_5s_100_shares,2,2026-06-26T02:40:48.805212+00:00,0x8e4bcd7de404304d78ffd6801cda6a969cd3550ebe3dbc28e4c0b8ff9938a14a,SOL,YES,low,medium,medium,0.13999999999999999,0.0,0.0,0.0,0.005,False,0.228,0.005700000000000006
executable_quote_5s_100_shares,2,2026-06-26T02:51:38.817347+00:00,0xe508261496efeb201653b58e80e7f513fc39987412717485e6b55bb061579c69,ETH,NO,low,medium,medium,0.039999999999999994,0.0,0.0,0.0,0.005,False,0.6383,-0.03510650000000003
executable_quote_5s_100_shares,2,2026-06-26T02:51:56.806004+00:00,0xe508261496efeb201653b58e80e7f513fc39987412717485e6b55bb061579c69,ETH,NO,low,medium,medium,0.030000000000000044,0.0,0.0,0.0,0.005,False,0.3289,0.021378499999999984
executable_quote_5s_100_shares,2,2026-06-26T02:52:32.804179+00:00,0xc3f03ff87f66c7f90f0170c31343b35b3d222c9592259bb603fe0832409a0fdf,BTC,NO,low,medium,medium,0.02999999999999999,0.0,0.0,0.0,0.005,False,1.0,0.054999999999999945
executable_quote_5s_100_shares,2,2026-06-26T02:52:32.804179+00:00,0xe508261496efeb201653b58e80e7f513fc39987412717485e6b55bb061579c69,ETH,NO,low,medium,medium,0.06999999999999997,0.0,0.0,0.0,0.005,False,0.13,0.008449999999999994
executable_quote_5s_100_shares,2,2026-06-26T02:57:22.804967+00:00,0x26d1ef52a5ebf5babad8932669762730e15bd1a446a00e43d9be96da4efc83c4,ETH,NO,low,medium,medium,0.115,0.0,0.0,0.0,0.005,False,0.05,0.003749999999999998
executable_quote_5s_100_shares,2,2026-06-26T03:00:38.803974+00:00,0x63edaf8ffd40b636dc86e7c49b6296c604d4ea5caa43b031869f3147e21dd62b,SOL,YES,low,high,medium,-0.085,0.0,0.0,0.0,0.005,False,0.018799999999999997,-0.0010339999999999995
executable_quote_5s_100_shares,2,2026-06-26T03:01:24.814231+00:00,0xc358642287952e08f2fbbd5a90f7574d73a87685780ca454b0efda7e9e598cd4,ETH,NO,high,medium,medium,0.20500000000000004,0.0,0.0,0.0,0.005,False,0.3447,-0.01206450000000001
executable_quote_5s_100_shares,2,2026-06-26T03:03:32.816621+00:00,0x63edaf8ffd40b636dc86e7c49b6296c604d4ea5caa43b031869f3147e21dd62b,SOL,YES,low,medium,medium,0.19000000000000009,0.0,0.0,0.0,0.005,False,0.05,-0.007750000000000002
executable_quote_5s_100_shares,2,2026-06-26T03:05:08.804343+00:00,0x45454c0281a47979043962ffc486828eaf366f6e60c61c60460810e7425f44a1,BTC,NO,low,medium,medium,0.059999999999999956,0.0,0.0,0.0,0.005,False,1.0,-0.04500000000000003
executable_quote_5s_100_shares,2,2026-06-26T03:06:02.818025+00:00,0xa16a5cae23414513a2199fe036ffb3c48978064e3c53b7d9b2ae57ee97de8bff,ETH,NO,low,medium,medium,0.045,0.0,0.0,0.0,0.005,False,0.05,-0.0017500000000000013
executable_quote_5s_100_shares,2,2026-06-26T03:06:28.814788+00:00,0x200710e3e43d33b143ccd80d0a2e3a265017d2dc75281f8951b674131c3f26bb,SOL,NO,medium,high,medium,0.08499999999999998,0.0,0.0,0.0,0.005,False,0.11199999999999999,-0.006159999999999992
executable_quote_5s_100_shares,2,2026-06-26T03:16:38.807970+00:00,0x3fa0111e36690372aa90e248420ec855bd7c896e4868c9f32998c6f075384169,ETH,YES,low,medium,medium,0.11,0.0,0.0,0.0,0.005,False,0.19,-0.03135000000000001
executable_quote_5s_100_shares,2,2026-06-26T03:32:26.818047+00:00,0x0b97e37bec2a876f4ff7b37c51c8895e26ea39d6e3a2d9cb9ddbe6b457ce8860,SOL,YES,high,high,medium,0.21000000000000005,0.0,0.0,0.0,0.005,False,0.1,-0.004500000000000003
executable_quote_5s_100_shares,2,2026-06-26T03:55:08.803525+00:00,0x4899182aad7398c555f2a57cd6737598b159c5e6aa63bb73b798e6026f8b0094,SOL,NO,medium,low,medium,0.07999999999999997,0.0,0.0,0.0,0.005,False,0.1,-0.006500000000000006
executable_quote_5s_100_shares,2,2026-06-26T03:55:16.816237+00:00,0x4899182aad7398c555f2a57cd6737598b159c5e6aa63bb73b798e6026f8b0094,SOL,NO,low,low,medium,-0.08000000000000006,0.0,0.0,0.0,0.005,False,0.172,-0.009460000000000007
executable_quote_5s_100_shares,2,2026-06-26T03:57:48.804438+00:00,0x4899182aad7398c555f2a57cd6737598b159c5e6aa63bb73b798e6026f8b0094,SOL,NO,medium,high,medium,-0.055000000000000035,0.0,0.0,0.0,0.005,False,0.1,-0.005500000000000005
executable_quote_5s_100_shares,2,2026-06-26T03:57:58.809960+00:00,0x4899182aad7398c555f2a57cd6737598b159c5e6aa63bb73b798e6026f8b0094,SOL,NO,low,high,medium,0.035000000000000045,0.0,0.0,0.0,0.005,False,0.1,-0.005499999999999994
executable_quote_5s_100_shares,2,2026-06-26T03:58:02.810248+00:00,0x4899182aad7398c555f2a57cd6737598b159c5e6aa63bb73b798e6026f8b0094,SOL,NO,medium,medium,medium,0.08999999999999998,0.0,0.0,0.0,0.005,False,0.05,0.0012500000000000013
executable_quote_5s_100_shares,2,2026-06-26T03:58:28.812680+00:00,0x4899182aad7398c555f2a57cd6737598b159c5e6aa63bb73b798e6026f8b0094,SOL,NO,medium,medium,medium,0.059999999999999956,0.0,0.0,0.0,0.005,False,0.2,0.008999999999999987
executable_quote_5s_100_shares,2,2026-06-26T04:00:06.817578+00:00,0xa931c0e10d5530f989373caa003629057063609e4005786b743bae537c217c34,SOL,NO,low,medium,medium,0.05499999999999995,0.0,0.0,0.0,0.005,False,0.1452,0.006534000000000007
executable_quote_5s_100_shares,2,2026-06-26T04:00:20.812413+00:00,0x63cab951a7245a6f73b6e5e26a09e371e2feeeecc1e604537033a6353bf3944e,BTC,NO,medium,medium,medium,0.06500000000000002,0.0,0.0,0.0,0.005,False,1.0,0.055000000000000056
executable_quote_5s_100_shares,2,2026-06-26T04:00:22.803330+00:00,0x63cab951a7245a6f73b6e5e26a09e371e2feeeecc1e604537033a6353bf3944e,BTC,NO,medium,medium,medium,0.14499999999999993,0.0,0.0,0.0,0.005,False,0.7578,0.04167900000000004
executable_quote_5s_100_shares,2,2026-06-26T06:53:30.812574+00:00,0x4ff498fe655344b90bf7a5b904a79a24821ad4553fd49596772479324346a029,SOL,NO,medium,high,medium,0.024999999999999984,0.0,0.0,0.0,0.005,False,0.030600000000000002,-0.002294999999999999
executable_quote_5s_100_shares,2,2026-06-26T06:53:32.804327+00:00,0x4ff498fe655344b90bf7a5b904a79a24821ad4553fd49596772479324346a029,SOL,NO,medium,medium,medium,-0.06999999999999999,0.0,0.0,0.0,0.005,False,0.030600000000000002,-0.0016830000000000013
executable_quote_5s_100_shares,2,2026-06-26T07:05:48.811781+00:00,0x43005d0675491621f54ab6875a6c632e3ee1d0ec2022689ceef619343b23aa90,SOL,NO,low,medium,medium,0.029999999999999933,0.0,0.0,0.0,0.005,False,0.0012,-8.999999999999994e-05
executable_quote_5s_100_shares,2,2026-06-26T07:06:38.804569+00:00,0x43005d0675491621f54ab6875a6c632e3ee1d0ec2022689ceef619343b23aa90,SOL,NO,low,medium,medium,-0.11000000000000003,0.0,0.0,0.0,0.005,False,0.10310000000000001,-0.017011499999999995
executable_quote_5s_100_shares,2,2026-06-26T07:06:40.809802+00:00,0x43005d0675491621f54ab6875a6c632e3ee1d0ec2022689ceef619343b23aa90,SOL,NO,low,medium,medium,-0.059999999999999984,0.0,0.0,0.0,0.005,False,0.1,-0.005500000000000005
executable_quote_5s_100_shares,2,2026-06-26T07:08:32.818104+00:00,0x43005d0675491621f54ab6875a6c632e3ee1d0ec2022689ceef619343b23aa90,SOL,NO,low,medium,medium,-0.07000000000000005,0.0,0.0,0.0,0.005,False,1.0,-0.08499999999999996
executable_quote_5s_100_shares,2,2026-06-26T07:40:34.806231+00:00,0xd26cee061a5b0d0f82fcb2457d5de1bb3334659b47dff621b8d511e56e10a868,BTC,NO,low,medium,medium,0.020000000000000035,0.0,0.0,0.0,0.005,False,0.18510000000000001,0.006478499999999987
executable_quote_5s_100_shares,2,2026-06-26T07:40:34.806231+00:00,0xc84d4d834953770775dc2fef52283e2d3ae621102db7672f438730406001fa49,ETH,NO,low,medium,medium,0.11,0.0,0.0,0.0,0.005,False,0.084,-0.002940000000000002
executable_quote_5s_100_shares,2,2026-06-26T07:40:36.812020+00:00,0xd26cee061a5b0d0f82fcb2457d5de1bb3334659b47dff621b8d511e56e10a868,BTC,NO,low,medium,medium,0.019999999999999924,0.0,0.0,0.0,0.005,False,0.1,0.0034999999999999927
executable_quote_5s_100_shares,2,2026-06-26T07:45:32.818637+00:00,0x7f26a6a9237c0ddf229911a7c90349ed1f8b495468cbf2c8182a92f7cfc7a0e8,ETH,YES,low,medium,medium,0.06000000000000001,0.0,0.0,0.0,0.005,False,0.5065999999999999,0.022796999999999994
executable_quote_5s_100_shares,2,2026-06-26T07:45:38.808508+00:00,0x7f26a6a9237c0ddf229911a7c90349ed1f8b495468cbf2c8182a92f7cfc7a0e8,ETH,YES,low,medium,medium,0.039999999999999994,0.0,0.0,0.0,0.005,False,0.273,-0.009555000000000008
executable_quote_5s_100_shares,2,2026-06-26T08:00:30.814345+00:00,0xe6a382ea25b9a95e964f4832e995c5e02cc31115908a9ef32975a67d8f3ede20,SOL,NO,low,medium,medium,0.10499999999999994,0.0,0.0,0.0,0.005,False,0.14,-0.007699999999999991
executable_quote_5s_100_shares,3,2026-07-01T21:38:34.364551+00:00,0xccddd1603d20c4477f2ac4e9f226747d540c9f0fe9ebc85b76cbdd992afa90a5,SOL,YES,low,medium,low,0.18999999999999997,0.0,0.0,0.0,0.005,False,0.05,0.01075
executable_quote_5s_100_shares,3,2026-07-01T21:40:16.374459+00:00,0x1e62581fd9a1f2400a72b0ace91b1149d1dd03a3202a315563efea9499e0e23b,BTC,YES,low,medium,low,0.05000000000000006,0.0,0.0,0.0,0.005,False,0.42869999999999997,0.03215250000000003
executable_quote_5s_100_shares,3,2026-07-01T21:40:22.365273+00:00,0x4c09abece310efe0c502e2b081a875d0020f5b30af3c45f19145efd6b791df0b,ETH,YES,medium,medium,low,0.06500000000000002,0.0,0.0,0.0,0.005,False,0.2622,0.006555000000000006
executable_quote_5s_100_shares,3,2026-07-01T21:40:22.365273+00:00,0x2729a97dbed765fa7f38618dc0399548892a2600fac0138be2d913602762d5e7,SOL,YES,low,medium,low,0.039999999999999994,0.0,0.0,0.0,0.005,False,0.13,-0.004550000000000004
executable_quote_5s_100_shares,3,2026-07-01T21:40:24.371334+00:00,0x2729a97dbed765fa7f38618dc0399548892a2600fac0138be2d913602762d5e7,SOL,YES,low,medium,low,0.08999999999999998,0.0,0.0,0.0,0.005,False,0.05,0.004749999999999999
executable_quote_5s_100_shares,3,2026-07-01T21:41:12.371170+00:00,0x2729a97dbed765fa7f38618dc0399548892a2600fac0138be2d913602762d5e7,SOL,YES,low,medium,low,0.04000000000000005,0.0,0.0,0.0,0.005,False,0.396,0.01782000000000002
executable_quote_5s_100_shares,3,2026-07-01T21:41:40.369327+00:00,0x2729a97dbed765fa7f38618dc0399548892a2600fac0138be2d913602762d5e7,SOL,YES,low,medium,low,-0.059999999999999984,0.0,0.0,0.0,0.005,False,0.05,0.00225
executable_quote_5s_100_shares,3,2026-07-01T21:41:46.372488+00:00,0x2729a97dbed765fa7f38618dc0399548892a2600fac0138be2d913602762d5e7,SOL,YES,low,medium,low,0.039999999999999994,0.0,0.0,0.0,0.005,False,0.05,-0.0017500000000000013
executable_quote_5s_100_shares,3,2026-07-01T21:42:04.370096+00:00,0x2729a97dbed765fa7f38618dc0399548892a2600fac0138be2d913602762d5e7,SOL,YES,low,low,low,-0.07500000000000005,0.0,0.0,0.0,0.005,False,0.10779999999999999,-0.0059289999999999985
executable_quote_5s_100_shares,3,2026-07-01T21:43:34.364596+00:00,0x4c09abece310efe0c502e2b081a875d0020f5b30af3c45f19145efd6b791df0b,ETH,YES,low,medium,low,0.010000000000000026,0.0,0.0,0.0,0.005,False,0.252,0.011339999999999998
executable_quote_5s_100_shares,3,2026-07-01T21:43:36.369953+00:00,0x4c09abece310efe0c502e2b081a875d0020f5b30af3c45f19145efd6b791df0b,ETH,YES,low,medium,low,0.01999999999999998,0.0,0.0,0.0,0.005,False,0.18899999999999997,0.006614999999999996
executable_quote_5s_100_shares,3,2026-07-01T21:43:40.367946+00:00,0x4c09abece310efe0c502e2b081a875d0020f5b30af3c45f19145efd6b791df0b,ETH,YES,low,medium,low,0.039999999999999994,0.0,0.0,0.0,0.005,False,0.6141,0.033775499999999965
executable_quote_5s_100_shares,3,2026-07-01T21:52:36.373289+00:00,0x0dcd227003d8b96eb66b8db71c3ef9f315a3aae8716e4d49d11b359a8b6c27fa,ETH,YES,low,low,low,0.3499999999999999,0.0,0.0,0.0,0.005,False,0.1,0.0025000000000000027
executable_quote_5s_100_shares,3,2026-07-01T22:25:06.371629+00:00,0x3eadf4ee01511b615676265099963fabcf242d0d9e7b7e4b982686e0262ce98b,ETH,YES,low,medium,medium,0.020000000000000035,0.0,0.0,0.0,0.005,False,0.15289999999999998,0.006880499999999989
executable_quote_5s_100_shares,3,2026-07-01T22:25:44.366323+00:00,0x2b139d670d2706c6264dad011bc4e96df04633695a4fc75b669830f39f6693ce,BTC,NO,low,medium,medium,0.020000000000000035,0.0,0.0,0.0,0.005,False,0.4511,-0.01578850000000001
executable_quote_5s_100_shares,3,2026-07-01T22:25:46.373589+00:00,0x2b139d670d2706c6264dad011bc4e96df04633695a4fc75b669830f39f6693ce,BTC,NO,low,medium,low,0.020000000000000035,0.0,0.0,0.0,0.005,False,1.0,-0.035000000000000024
executable_quote_5s_100_shares,3,2026-07-01T22:25:48.363737+00:00,0x2b139d670d2706c6264dad011bc4e96df04633695a4fc75b669830f39f6693ce,BTC,NO,low,low,low,0.03999999999999994,0.0,0.0,0.0,0.005,False,0.0771,0.004240500000000005
executable_quote_5s_100_shares,3,2026-07-01T22:25:50.368975+00:00,0x2b139d670d2706c6264dad011bc4e96df04633695a4fc75b669830f39f6693ce,BTC,NO,medium,low,medium,-0.05999999999999993,0.0,0.0,0.0,0.005,False,0.2775,0.006937500000000008
executable_quote_5s_100_shares,3,2026-07-01T22:25:56.371175+00:00,0x2b139d670d2706c6264dad011bc4e96df04633695a4fc75b669830f39f6693ce,BTC,NO,medium,medium,medium,0.019999999999999924,0.0,0.0,0.0,0.005,False,0.12,0.003000000000000003
executable_quote_5s_100_shares,3,2026-07-01T22:25:58.364472+00:00,0x071de439b9cfba5f3b67356a7c3b0685206f6f943a789b6467311d34691aa135,SOL,NO,low,medium,low,0.010000000000000026,0.0,0.0,0.0,0.005,False,0.1,0.0025000000000000027
executable_quote_5s_100_shares,3,2026-07-01T22:26:00.369709+00:00,0x2b139d670d2706c6264dad011bc4e96df04633695a4fc75b669830f39f6693ce,BTC,NO,medium,low,medium,0.02500000000000004,0.0,0.0,0.0,0.005,False,0.1,0.0025000000000000027
executable_quote_5s_100_shares,3,2026-07-01T22:31:02.362104+00:00,0x5330f3288d309b2bb246086f6cf4d139e782acd5b44784839259604ae5e9f369,BTC,NO,low,low,low,0.05500000000000001,0.0,0.0,0.0,0.005,False,0.07,-0.003149999999999995
executable_quote_5s_100_shares,3,2026-07-01T22:31:16.364882+00:00,0x5330f3288d309b2bb246086f6cf4d139e782acd5b44784839259604ae5e9f369,BTC,NO,low,medium,low,0.03499999999999999,0.0,0.0,0.0,0.005,False,1.0,-0.07500000000000007
executable_quote_5s_100_shares,3,2026-07-01T22:31:16.364882+00:00,0x8145a3bfddc61cdf01d45026aed596f0878c260884e8315caa000f5e42143a61,ETH,NO,low,medium,low,0.039999999999999994,0.0,0.0,0.0,0.005,False,0.3031,-0.025763499999999988
executable_quote_5s_100_shares,3,2026-07-01T22:31:18.370517+00:00,0x5330f3288d309b2bb246086f6cf4d139e782acd5b44784839259604ae5e9f369,BTC,NO,low,medium,medium,0.010000000000000026,0.0,0.0,0.0,0.005,False,1.0,-0.07500000000000007
executable_quote_5s_100_shares,3,2026-07-01T22:31:20.361313+00:00,0x8145a3bfddc61cdf01d45026aed596f0878c260884e8315caa000f5e42143a61,ETH,NO,low,medium,low,-0.05000000000000003,0.0,0.0,0.0,0.005,False,0.3099,0.023242499999999985
executable_quote_5s_100_shares,3,2026-07-01T22:31:22.369278+00:00,0x8145a3bfddc61cdf01d45026aed596f0878c260884e8315caa000f5e42143a61,ETH,NO,low,medium,low,-0.08999999999999996,0.0,0.0,0.0,0.005,False,0.2275,0.01706249999999999
executable_quote_5s_100_shares,3,2026-07-01T22:31:34.363478+00:00,0x5330f3288d309b2bb246086f6cf4d139e782acd5b44784839259604ae5e9f369,BTC,NO,low,medium,low,0.030000000000000044,0.0,0.0,0.0,0.005,False,1.0,0.03500000000000004
executable_quote_5s_100_shares,3,2026-07-01T22:32:00.371088+00:00,0x26690f30c8250f214c3c585bafacecfe21ca18c719caac4709c063c6d47267b4,SOL,NO,low,medium,medium,0.045,0.0,0.0,0.0,0.005,False,0.07,-0.003850000000000003
executable_quote_5s_100_shares,3,2026-07-01T22:32:02.361988+00:00,0x26690f30c8250f214c3c585bafacecfe21ca18c719caac4709c063c6d47267b4,SOL,NO,low,medium,medium,0.020000000000000035,0.0,0.0,0.0,0.005,False,0.38799999999999996,-0.02522000000000002
executable_quote_5s_100_shares,3,2026-07-01T22:32:06.360504+00:00,0x26690f30c8250f214c3c585bafacecfe21ca18c719caac4709c063c6d47267b4,SOL,NO,low,high,medium,-0.05000000000000003,0.0,0.0,0.0,0.005,False,0.026699999999999998,-0.0036045
executable_quote_5s_100_shares,3,2026-07-01T22:32:10.374054+00:00,0x26690f30c8250f214c3c585bafacecfe21ca18c719caac4709c063c6d47267b4,SOL,NO,low,medium,low,-0.13999999999999999,0.0,0.0,0.0,0.005,False,0.055999999999999994,-0.005879999999999998
executable_quote_5s_100_shares,3,2026-07-01T22:32:18.369405+00:00,0x8145a3bfddc61cdf01d45026aed596f0878c260884e8315caa000f5e42143a61,ETH,NO,low,medium,medium,0.059999999999999956,0.0,0.0,0.0,0.005,False,0.16149999999999998,-0.007267500000000004
executable_quote_5s_100_shares,3,2026-07-01T22:32:22.368939+00:00,0x5330f3288d309b2bb246086f6cf4d139e782acd5b44784839259604ae5e9f369,BTC,NO,low,medium,medium,0.010000000000000026,0.0,0.0,0.0,0.005,False,1.0,-0.035000000000000024
executable_quote_5s_100_shares,3,2026-07-01T22:32:28.372665+00:00,0x8145a3bfddc61cdf01d45026aed596f0878c260884e8315caa000f5e42143a61,ETH,NO,low,medium,low,-0.09500000000000001,0.0,0.0,0.0,0.005,False,0.13,-0.00584999999999999
executable_quote_5s_100_shares,3,2026-07-01T22:32:54.365688+00:00,0x8145a3bfddc61cdf01d45026aed596f0878c260884e8315caa000f5e42143a61,ETH,NO,low,medium,low,0.05,0.0,0.0,0.0,0.005,False,0.03,-0.001350000000000001
executable_quote_5s_100_shares,3,2026-07-01T22:33:02.361345+00:00,0x5330f3288d309b2bb246086f6cf4d139e782acd5b44784839259604ae5e9f369,BTC,NO,medium,medium,medium,0.13000000000000003,0.0,0.0,0.0,0.005,False,0.46159999999999995,-0.057699999999999994
executable_quote_5s_100_shares,3,2026-07-01T22:33:02.361345+00:00,0x8145a3bfddc61cdf01d45026aed596f0878c260884e8315caa000f5e42143a61,ETH,NO,low,medium,low,0.09999999999999999,0.0,0.0,0.0,0.005,False,0.25,0.021249999999999963
executable_quote_5s_100_shares,3,2026-07-01T22:33:02.361345+00:00,0x26690f30c8250f214c3c585bafacecfe21ca18c719caac4709c063c6d47267b4,SOL,NO,low,medium,low,0.07500000000000002,0.0,0.0,0.0,0.005,False,0.05,0.002750000000000003
executable_quote_5s_100_shares,3,2026-07-01T22:33:04.368866+00:00,0x26690f30c8250f214c3c585bafacecfe21ca18c719caac4709c063c6d47267b4,SOL,NO,low,medium,low,0.05,0.0,0.0,0.0,0.005,False,0.05,0.001750000000000002
executable_quote_5s_100_shares,3,2026-07-01T22:33:20.375116+00:00,0x5330f3288d309b2bb246086f6cf4d139e782acd5b44784839259604ae5e9f369,BTC,NO,low,medium,low,0.03999999999999994,0.0,0.0,0.0,0.005,False,1.0,0.07500000000000007
executable_quote_5s_100_shares,3,2026-07-01T22:33:22.368132+00:00,0x26690f30c8250f214c3c585bafacecfe21ca18c719caac4709c063c6d47267b4,SOL,NO,medium,medium,low,0.22000000000000006,0.0,0.0,0.0,0.005,False,0.8752,-0.03063200000000002
executable_quote_5s_100_shares,3,2026-07-01T22:33:58.367410+00:00,0x26690f30c8250f214c3c585bafacecfe21ca18c719caac4709c063c6d47267b4,SOL,NO,low,medium,low,-0.12999999999999998,0.0,0.0,0.0,0.005,False,0.17920000000000003,0.018816
executable_quote_5s_100_shares,3,2026-07-01T22:36:04.365503+00:00,0x06bf7937a18769d86039ea4ed35e5e8edd2a5c73d2ee04faffe90363450f8e3c,SOL,YES,low,medium,low,0.12499999999999996,0.0,0.0,0.0,0.005,False,0.34119999999999995,0.011942000000000012
executable_quote_5s_100_shares,3,2026-07-01T23:41:58.370401+00:00,0x8d22580ded9a1c9bb43a9581787566efeccc0dff2ba6843eef73d5789b5ad805,SOL,NO,low,low,medium,0.29,0.0,0.0,0.0,0.005,False,0.2877,-0.018700499999999984
executable_quote_5s_100_shares,3,2026-07-02T00:15:04.370549+00:00,0xa961035fe332ff6a397489f4b23cb720ae57b84d866a526858b47a7300270c12,SOL,YES,low,medium,medium,0.06999999999999997,0.0,0.0,0.0,0.005,False,0.45,0.024750000000000025
executable_quote_5s_100_shares,3,2026-07-02T00:36:00.373439+00:00,0x0b7afa9b0852f4da0eb237bf817bcb7f8aef5e68dd95d52baba20abc06c16376,SOL,YES,low,medium,medium,0.010000000000000026,0.0,0.0,0.0,0.005,False,0.2852,0.015685999999999985
executable_quote_5s_100_shares,3,2026-07-02T02:22:40.364603+00:00,0x8388cdf918fa7cb09ae4a5325b4c5f307e17be11af5350e73ae08cf56bb4fece,ETH,NO,low,medium,medium,0.059999999999999956,0.0,0.0,0.0,0.005,False,0.042,0.0010500000000000012
executable_quote_5s_100_shares,3,2026-07-02T02:30:34.366427+00:00,0xb3e27db391946f1a5ab1d3c3b4a5b8c59d663d3684d960d98f37b7def0df3075,ETH,NO,low,low,medium,0.039999999999999994,0.0,0.0,0.0,0.005,False,0.0273,0.0006825000000000007
executable_quote_5s_100_shares,3,2026-07-02T02:30:38.363447+00:00,0xb3e27db391946f1a5ab1d3c3b4a5b8c59d663d3684d960d98f37b7def0df3075,ETH,NO,low,medium,medium,0.030000000000000044,0.0,0.0,0.0,0.005,False,0.05,-0.011750000000000005
executable_quote_5s_100_shares,3,2026-07-02T03:06:42.363431+00:00,0xd97c09881b1dc40d77cafc681e2b0b8577f654e19c6a1a83914d678d7f9bdf2c,SOL,YES,low,medium,medium,0.059999999999999956,0.0,0.0,0.0,0.005,False,0.16,-0.007200000000000005
executable_quote_5s_100_shares,3,2026-07-02T03:38:34.375507+00:00,0xd69c5b7ce1b66fe7745e070b544d04de2517e4b2093ff8309c5573bb8b38ce57,SOL,YES,low,medium,medium,0.13999999999999999,0.0,0.0,0.0,0.005,False,0.22,0.020899999999999995
executable_quote_5s_100_shares,3,2026-07-02T03:50:04.372378+00:00,0xcd593facad3a6092d5974b7ee969c8f3ff778c58031a7baac893ebf627d14b9d,ETH,YES,high,medium,medium,0.24000000000000002,0.0,0.0,0.0,0.005,False,0.10640000000000001,-0.003724000000000003
executable_quote_5s_100_shares,3,2026-07-02T03:58:18.368322+00:00,0x947e5ddb9a353ecb65bc2faa7bce21ded36808053545239573a7c43756401557,SOL,NO,low,medium,medium,0.059999999999999956,0.0,0.0,0.0,0.005,False,0.07769999999999999,0.005050499999999995
executable_quote_5s_100_shares,3,2026-07-02T04:22:28.365589+00:00,0x8552d47c45da4f6202022c51d4d7ff51b0064f2cd42e482f6fc524d37f7ed891,SOL,NO,low,medium,medium,0.08999999999999998,0.0,0.0,0.0,0.005,False,0.0478,0.0016729999999999965
executable_quote_5s_100_shares,3,2026-07-02T06:11:32.366824+00:00,0xbd4e2fd8dfbdf679456a5c936fa4db4595434055fa7990b727e863efdb73d6fe,SOL,YES,low,medium,medium,0.09999999999999999,0.0,0.0,0.0,0.005,False,0.06,0.003300000000000003
executable_quote_5s_100_shares,3,2026-07-02T07:55:46.373480+00:00,0x80bb349ee2b85081e290db4561ebb007ca2a8b5721eec05ce98488d10dbdc84f,ETH,NO,low,medium,medium,-0.07000000000000005,0.0,0.0,0.0,0.005,False,0.25,-0.023749999999999993
executable_quote_5s_100_shares,3,2026-07-02T07:57:42.360831+00:00,0xf9f5ce604030e965827e405652c34595fca9803264f266f106ead15d7fbb64ac,BTC,YES,low,medium,medium,-0.17,0.0,0.0,0.0,0.005,False,1.0,0.06500000000000003
executable_quote_5s_100_shares,3,2026-07-02T07:57:44.366499+00:00,0xf9f5ce604030e965827e405652c34595fca9803264f266f106ead15d7fbb64ac,BTC,YES,low,high,medium,0.08499999999999998,0.0,0.0,0.0,0.005,False,1.0,-0.07499999999999998
executable_quote_5s_100_shares,3,2026-07-02T08:08:54.370330+00:00,0x217a508e23290f5918a6837d836f77a3f88255f2e4fe43a9a2cce242409a7db6,ETH,YES,low,medium,high,-0.02,0.0,0.0,0.0,0.005,False,0.64,-0.009600000000000006
executable_quote_5s_100_shares,3,2026-07-02T08:31:14.363819+00:00,0x5d2ccbd18015d1eb9a97902f684b591555d9a4ff0610ff201c2f1f8538a929b1,SOL,YES,low,medium,medium,0.01999999999999998,0.0,0.0,0.0,0.005,False,0.5,0.037500000000000006
executable_quote_5s_100_shares,3,2026-07-02T08:31:18.364598+00:00,0x5d2ccbd18015d1eb9a97902f684b591555d9a4ff0610ff201c2f1f8538a929b1,SOL,YES,low,medium,medium,0.09500000000000004,0.0,0.0,0.0,0.005,False,0.4412,0.03309
executable_quote_5s_100_shares,3,2026-07-02T09:00:24.371490+00:00,0x96ddd482cd2ee1a173dbde4538ed2007620845c0e462dbfcc969d36209beb1ce,SOL,NO,low,medium,medium,-0.059999999999999984,0.0,0.0,0.0,0.005,False,0.05,0.004750000000000004
executable_quote_5s_100_shares,3,2026-07-02T09:00:34.362867+00:00,0x96ddd482cd2ee1a173dbde4538ed2007620845c0e462dbfcc969d36209beb1ce,SOL,NO,low,medium,medium,0.09999999999999994,0.0,0.0,0.0,0.005,False,0.05,-0.004250000000000004
executable_quote_5s_100_shares,3,2026-07-02T09:00:48.368690+00:00,0x96ddd482cd2ee1a173dbde4538ed2007620845c0e462dbfcc969d36209beb1ce,SOL,NO,low,high,medium,0.04499999999999994,0.0,0.0,0.0,0.005,False,0.05,-0.004250000000000004
executable_quote_5s_100_shares,3,2026-07-02T09:00:52.369633+00:00,0x96ddd482cd2ee1a173dbde4538ed2007620845c0e462dbfcc969d36209beb1ce,SOL,NO,low,medium,medium,0.04999999999999995,0.0,0.0,0.0,0.005,False,0.0444,-0.004218000000000004
executable_quote_5s_100_shares,3,2026-07-02T09:01:04.370531+00:00,0x96ddd482cd2ee1a173dbde4538ed2007620845c0e462dbfcc969d36209beb1ce,SOL,NO,low,medium,medium,0.010000000000000026,0.0,0.0,0.0,0.005,False,0.0031,-0.00017050000000000013
executable_quote_5s_100_shares,3,2026-07-02T09:01:06.361857+00:00,0x96ddd482cd2ee1a173dbde4538ed2007620845c0e462dbfcc969d36209beb1ce,SOL,NO,low,medium,medium,0.010000000000000026,0.0,0.0,0.0,0.005,False,0.0031,-0.00017050000000000013
executable_quote_5s_100_shares,3,2026-07-02T09:10:36.374495+00:00,0xbe2fec169e982831aa0a3f5a98442f7e0793c4af803bb920266ae6a7d43b3101,SOL,YES,low,medium,medium,-0.06999999999999999,0.0,0.0,0.0,0.005,False,0.061399999999999996,-0.002763000000000002
executable_quote_5s_100_shares,3,2026-07-02T09:11:08.370966+00:00,0xbe2fec169e982831aa0a3f5a98442f7e0793c4af803bb920266ae6a7d43b3101,SOL,YES,low,medium,medium,0.010000000000000026,0.0,0.0,0.0,0.005,False,0.16,0.005599999999999989
executable_quote_5s_100_shares,3,2026-07-02T09:26:52.371394+00:00,0xe41189d0cceabac9697f126f3ff12806192b7fb894edecb0106a0cc6738db731,ETH,YES,low,medium,medium,0.30999999999999994,0.0,0.0,0.0,0.005,False,0.5891,-0.03240049999999996
executable_quote_5s_100_shares,3,2026-07-02T09:35:10.366702+00:00,0x22928e0772859e6323b5722fc85857ebc2843ce5f3002b574d2bfdaa76aefda9,SOL,YES,low,medium,medium,0.02999999999999999,0.0,0.0,0.0,0.005,False,0.8242,0.028847000000000032
executable_quote_5s_100_shares,3,2026-07-02T09:55:44.372085+00:00,0x76314474e6d37d9996d64a209cef82a7d8ccbce36c7c87add2f24e7497a7816c,BTC,NO,low,high,medium,0.09999999999999999,0.0,0.0,0.0,0.005,False,0.0316,-0.005846000000000002
executable_quote_5s_100_shares,3,2026-07-02T09:55:54.363634+00:00,0x1f1dd57c6e8f84731f3eca11a122596fc016822900b9a36563483ec6f84c36d4,SOL,NO,low,medium,medium,-0.08,0.0,0.0,0.0,0.005,False,0.05,-0.0027500000000000024
executable_quote_5s_100_shares,3,2026-07-02T09:56:18.361978+00:00,0x1f1dd57c6e8f84731f3eca11a122596fc016822900b9a36563483ec6f84c36d4,SOL,NO,low,medium,medium,0.035000000000000045,0.0,0.0,0.0,0.005,False,1.0,0.06499999999999995
executable_quote_5s_100_shares,3,2026-07-02T09:56:24.369489+00:00,0x1f1dd57c6e8f84731f3eca11a122596fc016822900b9a36563483ec6f84c36d4,SOL,NO,low,medium,medium,0.059999999999999956,0.0,0.0,0.0,0.005,False,0.18,0.004500000000000005
executable_quote_5s_100_shares,3,2026-07-02T09:56:42.365883+00:00,0x76314474e6d37d9996d64a209cef82a7d8ccbce36c7c87add2f24e7497a7816c,BTC,NO,low,medium,medium,0.03999999999999994,0.0,0.0,0.0,0.005,False,1.0,-0.04499999999999992
executable_quote_5s_100_shares,3,2026-07-02T09:56:46.366917+00:00,0x76314474e6d37d9996d64a209cef82a7d8ccbce36c7c87add2f24e7497a7816c,BTC,NO,low,medium,medium,0.010000000000000026,0.0,0.0,0.0,0.005,False,0.10769999999999999,0.0026925000000000026
executable_quote_5s_100_shares,3,2026-07-02T09:58:16.363073+00:00,0x1f1dd57c6e8f84731f3eca11a122596fc016822900b9a36563483ec6f84c36d4,SOL,NO,low,medium,medium,0.03999999999999994,0.0,0.0,0.0,0.005,False,0.16690000000000002,0.004172500000000005
executable_quote_5s_100_shares,3,2026-07-02T10:28:54.362470+00:00,0x5b8a5202ab816574a4572fb9d28ff7ada354d9668318b56a3644f04c39738f84,SOL,NO,low,medium,medium,0.04000000000000005,0.0,0.0,0.0,0.005,False,0.05,-0.0022500000000000016
executable_quote_5s_100_shares,3,2026-07-02T10:28:56.368829+00:00,0x5b8a5202ab816574a4572fb9d28ff7ada354d9668318b56a3644f04c39738f84,SOL,NO,low,medium,medium,0.01999999999999998,0.0,0.0,0.0,0.005,False,0.05,-0.0027500000000000024
executable_quote_5s_100_shares,3,2026-07-02T10:33:10.363766+00:00,0x6700add2442ac52e76696ea3dd458416e2e1d5ab9e770499a85347b7e866d616,SOL,YES,low,medium,medium,0.25,0.0,0.0,0.0,0.005,False,0.0046,0.00016100000000000017
executable_quote_5s_100_shares,3,2026-07-02T10:37:00.364893+00:00,0x465c10bb8102a8ec311965c7f7b77727b332f80e8cd87847b212b6350accd796,SOL,YES,medium,medium,medium,0.06500000000000002,0.0,0.0,0.0,0.005,False,0.1,-0.005499999999999999
executable_quote_5s_100_shares,3,2026-07-02T10:40:18.374682+00:00,0xb6fcc6f9d2dd9571635233fc09a863999351b0fdcf8df2b3a54b65954c4156d0,SOL,NO,medium,medium,medium,0.06999999999999997,0.0,0.0,0.0,0.005,False,0.0455,-0.001592500000000001
executable_quote_5s_100_shares,3,2026-07-02T10:55:06.372034+00:00,0x88416fcd563a9ffe6e611423ab3340c17488dc22b7d96f92571269bffc042195,SOL,NO,low,medium,medium,0.01499999999999992,0.0,0.0,0.0,0.005,False,0.22039999999999998,0.007714000000000008
executable_quote_5s_100_shares,3,2026-07-02T11:00:12.369501+00:00,0x7a3fd80678cd42bf2a8b58076455dbb4318bf9108db524760e8b4127b426fa76,SOL,NO,low,medium,medium,0.03999999999999994,0.0,0.0,0.0,0.005,False,0.0672,-0.0023520000000000017
executable_quote_5s_100_shares,3,2026-07-02T11:10:20.365901+00:00,0xae1161ad8055f5b09cd7c8038ea97feb7f79f231202f647ce33f68cdce265897,SOL,YES,high,high,medium,0.215,0.0,0.0,0.0,0.005,False,0.1454,0.010904999999999993
executable_quote_5s_100_shares,3,2026-07-02T12:10:22.361984+00:00,0x8362eee619c3c068724b9acc69306f29dd57c5fb122ca23de731c60f166d74d8,SOL,NO,low,medium,medium,0.010000000000000026,0.0,0.0,0.0,0.005,False,0.21600000000000003,-0.009720000000000008
executable_quote_5s_100_shares,3,2026-07-02T12:10:26.361078+00:00,0x8362eee619c3c068724b9acc69306f29dd57c5fb122ca23de731c60f166d74d8,SOL,NO,low,medium,medium,-0.059999999999999984,0.0,0.0,0.0,0.005,False,0.055999999999999994,-0.0025199999999999953
executable_quote_5s_100_shares,3,2026-07-02T12:11:18.362800+00:00,0x8362eee619c3c068724b9acc69306f29dd57c5fb122ca23de731c60f166d74d8,SOL,NO,low,medium,medium,0.05,0.0,0.0,0.0,0.005,False,0.1,-0.0035000000000000027
executable_quote_5s_100_shares,3,2026-07-02T12:12:22.363070+00:00,0x8362eee619c3c068724b9acc69306f29dd57c5fb122ca23de731c60f166d74d8,SOL,NO,low,medium,medium,0.030000000000000044,0.0,0.0,0.0,0.005,False,0.05,-0.0027500000000000024
executable_quote_5s_100_shares,3,2026-07-02T12:13:38.365899+00:00,0x8362eee619c3c068724b9acc69306f29dd57c5fb122ca23de731c60f166d74d8,SOL,NO,medium,high,medium,0.23500000000000001,0.0,0.0,0.0,0.005,False,0.172,-0.006020000000000004
executable_quote_5s_100_shares,3,2026-07-02T12:20:04.364161+00:00,0x94bb631dd01221e07f00ab03feccab66c46ce389a1e7d203fe282aa6d209c589,SOL,YES,low,medium,medium,0.029999999999999933,0.0,0.0,0.0,0.005,False,0.05,0.0032499999999999977
executable_quote_5s_100_shares,3,2026-07-02T12:30:04.364786+00:00,0x9215a5c313d78c2a336728a748b73687bc826021a656e9a0d76746f2f5023043,BTC,YES,high,medium,medium,0.265,0.0,0.0,0.0,0.005,False,0.061200000000000004,0.014994
executable_quote_5s_100_shares,3,2026-07-02T12:30:16.366322+00:00,0xfdd4d7f9eadc398c0df23a59aadb9ee61a56855c54b6ac9520602a5973e42087,SOL,YES,low,high,medium,-0.13999999999999999,0.0,0.0,0.0,0.005,False,0.2,-0.008999999999999996
executable_quote_5s_100_shares,3,2026-07-02T12:30:20.366935+00:00,0xfdd4d7f9eadc398c0df23a59aadb9ee61a56855c54b6ac9520602a5973e42087,SOL,YES,low,high,medium,0.02999999999999999,0.0,0.0,0.0,0.005,False,0.0791,-0.010678499999999997
executable_quote_5s_100_shares,3,2026-07-02T12:30:22.364919+00:00,0xfdd4d7f9eadc398c0df23a59aadb9ee61a56855c54b6ac9520602a5973e42087,SOL,YES,low,medium,medium,-0.13999999999999999,0.0,0.0,0.0,0.005,False,0.342,0.03248999999999999
executable_quote_5s_100_shares,3,2026-07-02T12:30:36.362455+00:00,0xfdd4d7f9eadc398c0df23a59aadb9ee61a56855c54b6ac9520602a5973e42087,SOL,YES,low,medium,medium,0.12999999999999998,0.0,0.0,0.0,0.005,False,0.003,-0.000675
executable_quote_5s_100_shares,3,2026-07-02T12:31:22.373383+00:00,0x988287eee8e697b0d1d2625d38528f0175f8d3b585148a236428390c8e5bd7a0,ETH,NO,low,medium,medium,0.034999999999999934,0.0,0.0,0.0,0.005,False,0.31,0.010849999999999978
executable_quote_5s_100_shares,3,2026-07-02T12:31:28.373272+00:00,0x9215a5c313d78c2a336728a748b73687bc826021a656e9a0d76746f2f5023043,BTC,NO,low,high,medium,0.05500000000000001,0.0,0.0,0.0,0.005,False,0.2,0.006999999999999985
executable_quote_5s_100_shares,3,2026-07-02T12:33:18.366598+00:00,0x9215a5c313d78c2a336728a748b73687bc826021a656e9a0d76746f2f5023043,BTC,NO,low,medium,medium,0.08999999999999998,0.0,0.0,0.0,0.005,False,0.3072,-0.016895999999999977
executable_quote_5s_100_shares,3,2026-07-02T12:40:48.374599+00:00,0xb38f8c90a79ba7fb9e3926511611e2a97e69f95d8567e5459f176624c5d78e7e,SOL,YES,low,medium,medium,0.04999999999999995,0.0,0.0,0.0,0.005,False,0.6598,0.029691000000000033
executable_quote_5s_100_shares,3,2026-07-02T13:01:06.370199+00:00,0xfdc8ee5a5355786246c8c350b1b6d392d7b0b20b2f4112d995400e6d41587033,BTC,NO,low,medium,medium,0.08499999999999998,0.0,0.0,0.0,0.005,False,0.05,-0.0027500000000000024
executable_quote_5s_100_shares,3,2026-07-02T13:01:06.370199+00:00,0x7da2825f125571140c598bebdc47a2efcc90d5bbe3f36da9ed64a66a0758a57e,ETH,NO,low,low,medium,0.06499999999999996,0.0,0.0,0.0,0.005,False,0.1575,0.003937500000000004
executable_quote_5s_100_shares,3,2026-07-02T13:05:14.362350+00:00,0x7b81aecfe918b4400a38bb7e82faf16214e86526a59365a1a1f57891d5e02184,SOL,YES,low,medium,medium,0.12000000000000001,0.0,0.0,0.0,0.005,False,0.08,0.002800000000000003
executable_quote_5s_100_shares,3,2026-07-02T13:10:08.372139+00:00,0x0b7e0ca6f5af7203bbc20de90e6a874b459992dfe7ec7d26ca84605690a8971f,SOL,NO,low,medium,medium,0.05499999999999995,0.0,0.0,0.0,0.005,False,0.0687,-0.0030914999999999944
executable_quote_5s_100_shares,3,2026-07-02T13:26:26.363015+00:00,0xabaf563b7f6a9dc2645946d31ce8af8645de6d2409cef51803fb0999c9061f3e,ETH,NO,low,medium,medium,-0.08,0.0,0.0,0.0,0.005,False,0.3,-0.06150000000000002
executable_quote_5s_100_shares,3,2026-07-02T13:26:28.373900+00:00,0xabaf563b7f6a9dc2645946d31ce8af8645de6d2409cef51803fb0999c9061f3e,ETH,NO,low,medium,medium,0.11999999999999995,0.0,0.0,0.0,0.005,False,0.06,-0.005099999999999998
executable_quote_5s_100_shares,3,2026-07-02T13:32:06.370617+00:00,0xbfdaa1afb46e82ff47ba344bc098d1ae028cd939a030c6672402ca1475988d70,ETH,NO,low,medium,medium,0.02,0.0,0.0,0.0,0.005,False,0.19079999999999997,-0.006678000000000003
executable_quote_5s_100_shares,3,2026-07-02T13:32:14.374959+00:00,0xbfdaa1afb46e82ff47ba344bc098d1ae028cd939a030c6672402ca1475988d70,ETH,NO,high,medium,medium,-0.04000000000000001,0.0,0.0,0.0,0.005,False,0.12,-0.005400000000000004
executable_quote_5s_100_shares,3,2026-07-02T13:33:40.375151+00:00,0xbfdaa1afb46e82ff47ba344bc098d1ae028cd939a030c6672402ca1475988d70,ETH,YES,low,medium,high,-0.02,0.0,0.0,0.0,0.005,False,0.12,-0.001800000000000001
executable_quote_5s_100_shares,3,2026-07-02T13:35:10.368025+00:00,0x7798cca819d8b656cf9130a5ea5d871975f4227bea6b3d22ec3b1b6de4584fc0,BTC,NO,medium,medium,medium,0.14499999999999993,0.0,0.0,0.0,0.005,False,0.5232,-0.02354399999999996
executable_quote_5s_100_shares,3,2026-07-02T13:37:02.366507+00:00,0xcd4afc8eb6c83c8d8dada852de775b7cc1e7cfaf722f03972c1d93abc1d9cf09,ETH,YES,low,medium,medium,-0.05499999999999998,0.0,0.0,0.0,0.005,False,0.4288,0.027872
executable_quote_5s_100_shares,3,2026-07-02T13:37:06.370427+00:00,0x7798cca819d8b656cf9130a5ea5d871975f4227bea6b3d22ec3b1b6de4584fc0,BTC,NO,low,medium,medium,0.06499999999999996,0.0,0.0,0.0,0.005,False,0.1016,-0.01473199999999999
executable_quote_5s_100_shares,3,2026-07-02T13:37:14.375069+00:00,0x7798cca819d8b656cf9130a5ea5d871975f4227bea6b3d22ec3b1b6de4584fc0,BTC,NO,low,medium,medium,0.07499999999999997,0.0,0.0,0.0,0.005,False,0.21960000000000002,-0.009882000000000009
executable_quote_5s_100_shares,3,2026-07-02T13:45:04.364924+00:00,0x6b9167a59028831cc69fc27a631ba5f99da00742fcac16501ddd54b155929c85,ETH,YES,medium,medium,medium,0.014999999999999975,0.0,0.0,0.0,0.005,False,0.2186,-0.014209
executable_quote_5s_100_shares,3,2026-07-02T13:45:08.364326+00:00,0x6b9167a59028831cc69fc27a631ba5f99da00742fcac16501ddd54b155929c85,ETH,YES,low,medium,medium,0.02999999999999999,0.0,0.0,0.0,0.005,False,0.2186,-0.014209
executable_quote_5s_100_shares,3,2026-07-02T13:45:12.367704+00:00,0x6b9167a59028831cc69fc27a631ba5f99da00742fcac16501ddd54b155929c85,ETH,YES,low,medium,medium,-0.055000000000000035,0.0,0.0,0.0,0.005,False,0.39380000000000004,-0.029535000000000006
executable_quote_5s_100_shares,3,2026-07-02T13:46:08.369291+00:00,0x6b9167a59028831cc69fc27a631ba5f99da00742fcac16501ddd54b155929c85,ETH,YES,low,medium,medium,0.02999999999999999,0.0,0.0,0.0,0.005,False,0.062,0.0015500000000000017
executable_quote_5s_100_shares,3,2026-07-02T13:46:10.366715+00:00,0x165f83111bc6b855ddff03cee955479de1945e82de0c22a4af0e20b7a4611166,SOL,YES,low,medium,medium,0.010000000000000026,0.0,0.0,0.0,0.005,False,0.17170000000000002,0.0060094999999999975
executable_quote_5s_100_shares,3,2026-07-02T13:46:12.374640+00:00,0x6b9167a59028831cc69fc27a631ba5f99da00742fcac16501ddd54b155929c85,ETH,YES,medium,medium,medium,0.01999999999999998,0.0,0.0,0.0,0.005,False,0.42100000000000004,-0.018944999999999993
executable_quote_5s_100_shares,3,2026-07-02T13:46:20.368608+00:00,0x6b9167a59028831cc69fc27a631ba5f99da00742fcac16501ddd54b155929c85,ETH,YES,medium,medium,medium,0.02999999999999999,0.0,0.0,0.0,0.005,False,0.29,-0.021750000000000002
executable_quote_5s_100_shares,3,2026-07-02T13:46:22.365708+00:00,0x165f83111bc6b855ddff03cee955479de1945e82de0c22a4af0e20b7a4611166,SOL,YES,low,medium,medium,-0.06999999999999999,0.0,0.0,0.0,0.005,False,0.1,-0.0035000000000000027
executable_quote_5s_100_shares,3,2026-07-02T13:46:28.366021+00:00,0x6b9167a59028831cc69fc27a631ba5f99da00742fcac16501ddd54b155929c85,ETH,YES,low,medium,medium,-0.09000000000000001,0.0,0.0,0.0,0.005,False,0.17,0.0059500000000000065
executable_quote_5s_100_shares,3,2026-07-02T13:46:34.364544+00:00,0x6b9167a59028831cc69fc27a631ba5f99da00742fcac16501ddd54b155929c85,ETH,YES,low,medium,medium,0.030000000000000044,0.0,0.0,0.0,0.005,False,1.0,-0.04500000000000003
executable_quote_5s_100_shares,3,2026-07-02T13:46:36.372134+00:00,0x6b9167a59028831cc69fc27a631ba5f99da00742fcac16501ddd54b155929c85,ETH,YES,low,low,medium,-0.07000000000000005,0.0,0.0,0.0,0.005,False,0.0029,-0.00015949999999999995
executable_quote_5s_100_shares,3,2026-07-02T13:47:28.363479+00:00,0xdf1c68feb520af13e0b1073b5e17ac465273234950edc85062d074363f2f7ea0,BTC,YES,medium,medium,high,0.27499999999999997,0.0,0.0,0.0,0.005,False,0.4481,0.1232275
executable_quote_5s_100_shares,3,2026-07-02T13:47:30.370941+00:00,0x165f83111bc6b855ddff03cee955479de1945e82de0c22a4af0e20b7a4611166,SOL,YES,low,medium,high,0.19999999999999998,0.0,0.0,0.0,0.005,False,0.01,0.0020499999999999997
executable_quote_5s_100_shares,3,2026-07-02T14:00:06.363105+00:00,0x100389b157cf172fa16809d99306f23ca1974adf6fbe025dc09758ed45771b51,BTC,NO,low,medium,medium,0.05500000000000006,0.0,0.0,0.0,0.005,False,1.0,0.03500000000000004
executable_quote_5s_100_shares,3,2026-07-02T14:03:02.371420+00:00,0xba6acf8da6d345173ee24e2b41e7d98ae87fb2f39f6c0d1839c33229ec4b802b,SOL,NO,low,medium,medium,0.030000000000000044,0.0,0.0,0.0,0.005,False,0.05,0.0012500000000000013
executable_quote_5s_100_shares,3,2026-07-02T14:16:42.366798+00:00,0x99bee988b471ce9b6fe317dc281d4f4c4f89040c4dcacef8d455c241ee2e99f8,ETH,NO,low,medium,high,0.3,0.0,0.0,0.0,0.005,False,0.05,0.015249999999999998
executable_quote_5s_100_shares,3,2026-07-02T15:05:38.363627+00:00,0x647b9c08af3b94902afa9b362889527316a7fdbb46e4a6738ad42d290ca82805,BTC,NO,medium,medium,medium,0.035000000000000045,0.0,0.0,0.0,0.005,False,1.0,0.03499999999999993
executable_quote_5s_100_shares,3,2026-07-02T15:10:28.366751+00:00,0xcae0c95e9c034ca588baca33e8147b8845b1f312ff09b0d52f4d6e150cddad15,SOL,NO,low,medium,medium,0.04999999999999995,0.0,0.0,0.0,0.005,False,0.1,-0.005500000000000005
executable_quote_5s_100_shares,3,2026-07-02T15:36:32.363170+00:00,0x0a5061025dfe612b3722293195f769f012f8980bd848a20493e2c600f70d09dd,BTC,NO,low,medium,medium,0.28500000000000003,0.0,0.0,0.0,0.005,False,0.3,-0.013499999999999976
executable_quote_5s_100_shares,3,2026-07-02T16:01:28.361478+00:00,0x59496dfc9f417c17975e237fbb7ecfe259156cc15a360f25910162556810c516,SOL,NO,low,medium,medium,0.010000000000000026,0.0,0.0,0.0,0.005,False,0.05,0.004249999999999999
executable_quote_5s_100_shares,3,2026-07-02T17:00:24.370409+00:00,0x1be94953b760d89a9523766bd1abb42f2e881ac06074bf93aa46ad1a415fc189,SOL,NO,low,medium,medium,0.010000000000000026,0.0,0.0,0.0,0.005,False,0.2606,0.016939000000000017
executable_quote_5s_100_shares,3,2026-07-02T17:13:30.362110+00:00,0x909723d937a75ac2c9c89d73711867c15953dd27d72b7a6933948473e399451d,ETH,YES,low,medium,medium,0.06000000000000001,0.0,0.0,0.0,0.005,False,0.05,-0.0027499999999999994
executable_quote_5s_100_shares,3,2026-07-02T17:23:18.371612+00:00,0x1f5ef0a23c68190a8a6d515b6c8e8b048078a8afa92d25abb3d94fb87f1f7027,BTC,YES,low,medium,medium,0.255,0.0,0.0,0.0,0.005,False,0.8432999999999999,0.029515499999999938
executable_quote_5s_100_shares,3,2026-07-02T17:23:20.364343+00:00,0x60608598239fe90ee375e38281310554148d5d349aca1ac07aa04e1ce390e6ad,SOL,YES,low,medium,high,0.11,0.0,0.0,0.0,0.005,False,0.182,0.020929999999999997
executable_quote_5s_100_shares,3,2026-07-02T17:50:28.360872+00:00,0x0aff58c34608210967c4413fb4b4a6c7fa904dc09de162ecc564806689facc64,SOL,NO,low,medium,high,0.19000000000000003,0.0,0.0,0.0,0.005,False,0.05,0.0017499999999999964
executable_quote_5s_100_shares,3,2026-07-02T18:35:46.363950+00:00,0x0fb6a0c7bcde0b6dd2c22b766ae91ab671463f01b2f4ec31f09491aa9dd4af91,SOL,NO,low,medium,medium,-0.07500000000000005,0.0,0.0,0.0,0.005,False,0.0233,0.001980499999999999
executable_quote_5s_100_shares,3,2026-07-02T18:35:48.373272+00:00,0x0fb6a0c7bcde0b6dd2c22b766ae91ab671463f01b2f4ec31f09491aa9dd4af91,SOL,NO,low,high,medium,-0.09999999999999996,0.0,0.0,0.0,0.005,False,0.0233,0.001514499999999999
executable_quote_5s_100_shares,3,2026-07-02T18:35:56.374508+00:00,0x0fb6a0c7bcde0b6dd2c22b766ae91ab671463f01b2f4ec31f09491aa9dd4af91,SOL,NO,low,medium,medium,0.05500000000000001,0.0,0.0,0.0,0.005,False,0.05,-0.003250000000000003
executable_quote_5s_100_shares,3,2026-07-02T18:35:58.369803+00:00,0x0fb6a0c7bcde0b6dd2c22b766ae91ab671463f01b2f4ec31f09491aa9dd4af91,SOL,NO,low,medium,medium,-0.06999999999999999,0.0,0.0,0.0,0.005,False,0.2577,-0.027058499999999992
executable_quote_5s_100_shares,3,2026-07-02T18:51:30.371222+00:00,0x12f1ba09bc9913623cab1e5f36dab49519aed574c20e74febe167f480cf82772,SOL,NO,low,medium,medium,0.059999999999999956,0.0,0.0,0.0,0.005,False,0.05,0.002249999999999997
executable_quote_5s_100_shares,3,2026-07-02T19:01:18.365784+00:00,0x639421d64a6433150033c4d335d66cbee7357cad9e8b10bc943f74caf5d0d308,SOL,NO,low,medium,medium,-0.09499999999999996,0.0,0.0,0.0,0.005,False,0.6179,-0.07105850000000007
executable_quote_5s_100_shares,3,2026-07-02T19:03:24.368460+00:00,0x639421d64a6433150033c4d335d66cbee7357cad9e8b10bc943f74caf5d0d308,SOL,YES,low,medium,medium,0.11,0.0,0.0,0.0,0.005,False,0.8251999999999999,-0.06189000000000001
executable_quote_5s_100_shares,3,2026-07-02T19:03:44.373982+00:00,0x639421d64a6433150033c4d335d66cbee7357cad9e8b10bc943f74caf5d0d308,SOL,YES,low,medium,medium,0.06000000000000001,0.0,0.0,0.0,0.005,False,0.06,-0.002100000000000001
executable_quote_5s_100_shares,3,2026-07-02T19:05:14.369431+00:00,0xa1701695adebeed5da4000373df6e9883c29449ade56b49eb6379ee63ba7259b,SOL,NO,low,medium,high,0.07499999999999997,0.0,0.0,0.0,0.005,False,0.156,0.01170000000000001
executable_quote_5s_100_shares,3,2026-07-02T19:06:40.373607+00:00,0xa1701695adebeed5da4000373df6e9883c29449ade56b49eb6379ee63ba7259b,SOL,NO,low,high,medium,-0.06499999999999999,0.0,0.0,0.0,0.005,False,0.1,0.009500000000000008
executable_quote_5s_100_shares,3,2026-07-02T19:31:18.372640+00:00,0x606a340a3aad1b6f683e99c5d598836d6731c972d5ddeb2642c52813a27308af,SOL,NO,low,medium,medium,0.05,0.0,0.0,0.0,0.005,False,0.05,-0.0037500000000000033
executable_quote_5s_100_shares,3,2026-07-02T19:31:32.362271+00:00,0x606a340a3aad1b6f683e99c5d598836d6731c972d5ddeb2642c52813a27308af,SOL,NO,low,medium,medium,0.05000000000000006,0.0,0.0,0.0,0.005,False,0.2318,-0.01274900000000001
executable_quote_5s_100_shares,3,2026-07-02T19:31:40.366839+00:00,0x606a340a3aad1b6f683e99c5d598836d6731c972d5ddeb2642c52813a27308af,SOL,NO,low,medium,medium,0.05500000000000006,0.0,0.0,0.0,0.005,False,0.05,-0.0017500000000000013
executable_quote_5s_100_shares,3,2026-07-02T19:31:58.371790+00:00,0x606a340a3aad1b6f683e99c5d598836d6731c972d5ddeb2642c52813a27308af,SOL,NO,low,medium,medium,-0.09000000000000001,0.0,0.0,0.0,0.005,False,0.05,-0.0022500000000000016
executable_quote_5s_100_shares,3,2026-07-02T19:51:32.364894+00:00,0x2cfc3ef023f8f6ebad847ce57292f2a190fd727fc452a4c2a7cc845fd16b56aa,SOL,NO,low,medium,medium,0.020000000000000007,0.0,0.0,0.0,0.005,False,1.0,-0.05500000000000004
executable_quote_5s_100_shares,3,2026-07-02T19:51:34.373824+00:00,0x2cfc3ef023f8f6ebad847ce57292f2a190fd727fc452a4c2a7cc845fd16b56aa,SOL,NO,low,medium,medium,-0.06000000000000001,0.0,0.0,0.0,0.005,False,0.17,-0.011050000000000011
executable_quote_5s_100_shares,3,2026-07-02T19:51:58.365557+00:00,0x2cfc3ef023f8f6ebad847ce57292f2a190fd727fc452a4c2a7cc845fd16b56aa,SOL,NO,low,medium,medium,-0.06,0.0,0.0,0.0,0.005,False,0.05,-0.0022500000000000016
executable_quote_5s_100_shares,3,2026-07-02T19:52:06.372072+00:00,0x2cfc3ef023f8f6ebad847ce57292f2a190fd727fc452a4c2a7cc845fd16b56aa,SOL,NO,low,medium,medium,0.03999999999999998,0.0,0.0,0.0,0.005,False,0.22920000000000001,-0.008022000000000007
executable_quote_5s_100_shares,3,2026-07-02T19:52:12.366157+00:00,0x2cfc3ef023f8f6ebad847ce57292f2a190fd727fc452a4c2a7cc845fd16b56aa,SOL,NO,low,medium,medium,0.015000000000000003,0.0,0.0,0.0,0.005,False,0.05,0.001750000000000002
executable_quote_5s_100_shares,3,2026-07-02T19:52:24.373550+00:00,0x2cfc3ef023f8f6ebad847ce57292f2a190fd727fc452a4c2a7cc845fd16b56aa,SOL,NO,medium,medium,medium,0.009999999999999998,0.0,0.0,0.0,0.005,False,0.3912,-0.01369200000000001
executable_quote_5s_100_shares,3,2026-07-02T19:52:30.368984+00:00,0x2cfc3ef023f8f6ebad847ce57292f2a190fd727fc452a4c2a7cc845fd16b56aa,SOL,NO,medium,medium,medium,0.11,0.0,0.0,0.0,0.005,False,0.05,-0.0022500000000000016
executable_quote_5s_100_shares,3,2026-07-02T19:52:48.372495+00:00,0x2cfc3ef023f8f6ebad847ce57292f2a190fd727fc452a4c2a7cc845fd16b56aa,SOL,NO,medium,medium,medium,0.01500000000000003,0.0,0.0,0.0,0.005,False,0.1843,-0.006450500000000004
executable_quote_5s_100_shares,3,2026-07-02T19:53:00.364200+00:00,0x2cfc3ef023f8f6ebad847ce57292f2a190fd727fc452a4c2a7cc845fd16b56aa,SOL,NO,medium,high,medium,0.02999999999999999,0.0,0.0,0.0,0.005,False,0.37329999999999997,-0.02799749999999998
executable_quote_5s_100_shares,3,2026-07-02T19:53:04.368103+00:00,0x2cfc3ef023f8f6ebad847ce57292f2a190fd727fc452a4c2a7cc845fd16b56aa,SOL,NO,high,medium,medium,-0.06999999999999999,0.0,0.0,0.0,0.005,False,0.030600000000000002,0.0038250000000000003
executable_quote_5s_100_shares,3,2026-07-02T19:53:10.364232+00:00,0x2cfc3ef023f8f6ebad847ce57292f2a190fd727fc452a4c2a7cc845fd16b56aa,SOL,NO,high,medium,medium,0.12000000000000001,0.0,0.0,0.0,0.005,False,0.15,0.009749999999999991
executable_quote_5s_100_shares,3,2026-07-02T19:53:42.364449+00:00,0x2cfc3ef023f8f6ebad847ce57292f2a190fd727fc452a4c2a7cc845fd16b56aa,SOL,NO,high,medium,medium,0.020000000000000035,0.0,0.0,0.0,0.005,False,0.05,0.004249999999999999
executable_quote_5s_250_shares,1,2026-06-24T15:43:06.758948+00:00,0x80658216d4530ee5d8f87f3a84d6788c0505a016f5d1a52bfb8fc3c1afc1f1c2,ETH,YES,low,low,medium,-0.05,0.0,0.0,0.0,0.01,False,0.04,-0.0016
executable_quote_5s_250_shares,1,2026-06-24T15:48:20.766212+00:00,0x8e22e9bf1a5c5cf1e5a91126865227cf0b75a5ec64611f0e0b23348e2b8eebc6,SOL,YES,medium,low,medium,-0.05,0.0,0.0,0.0,0.01,False,0.06,-0.00294
executable_quote_5s_250_shares,1,2026-06-24T15:48:30.765676+00:00,0x8e22e9bf1a5c5cf1e5a91126865227cf0b75a5ec64611f0e0b23348e2b8eebc6,SOL,YES,medium,low,medium,-0.04,0.0,0.0,0.0,0.01,False,0.06,-0.00294
executable_quote_5s_250_shares,1,2026-06-24T16:03:06.764139+00:00,0x898e75f4a2714851629ab01153214fbf585c570d631964d411eb3f85d6f77427,ETH,NO,low,medium,high,0.07000000000000002,0.0,0.0,0.0,0.01,False,0.0248,0.001735999999999999
executable_quote_5s_250_shares,1,2026-06-24T16:03:34.761565+00:00,0x898e75f4a2714851629ab01153214fbf585c570d631964d411eb3f85d6f77427,ETH,NO,low,medium,medium,0.01999999999999998,0.0,0.0,0.0,0.01,False,0.18919999999999998,0.0037840000000000044
executable_quote_5s_250_shares,1,2026-06-24T16:03:36.766733+00:00,0x898e75f4a2714851629ab01153214fbf585c570d631964d411eb3f85d6f77427,ETH,NO,low,medium,medium,0.020000000000000035,0.0,0.0,0.0,0.01,False,0.18919999999999998,0.0037840000000000044
executable_quote_5s_250_shares,1,2026-06-24T16:03:56.765843+00:00,0x898e75f4a2714851629ab01153214fbf585c570d631964d411eb3f85d6f77427,ETH,NO,medium,medium,medium,-0.07000000000000002,0.0,0.0,0.0,0.01,False,0.1,-0.006999999999999994
executable_quote_5s_250_shares,1,2026-06-24T16:17:42.762123+00:00,0x16d9a49118c42f6c43e48602f4356b563fe7d62f03eace901d12f3671b7534cd,SOL,NO,low,medium,high,0.18000000000000002,0.0,0.0,0.0,0.01,False,0.04,0.0027999999999999987
executable_quote_5s_250_shares,1,2026-06-24T16:22:52.762411+00:00,0x76ee4df37777787c309b30aa15d0861f505cc65be0cea6ab16949e8fba9fa172,SOL,NO,medium,medium,medium,-0.11999999999999998,0.0,0.0,0.0,0.01,False,0.04,-0.0036000000000000025
executable_quote_5s_250_shares,1,2026-06-24T16:22:54.752727+00:00,0x76ee4df37777787c309b30aa15d0861f505cc65be0cea6ab16949e8fba9fa172,SOL,NO,medium,medium,medium,-0.06500000000000002,0.0,0.0,0.0,0.01,False,0.02,-0.0010000000000000007
executable_quote_5s_250_shares,1,2026-06-24T16:41:48.765478+00:00,0x54faa3af7fa6193533f340c3ceb42d2a8d405f5e3b23e2178d2a0212ac8cd968,ETH,YES,low,low,medium,-0.09500000000000001,0.0,0.0,0.0,0.01,False,0.06692000000000001,0.0046844
executable_quote_5s_250_shares,1,2026-06-24T16:41:50.756781+00:00,0x54faa3af7fa6193533f340c3ceb42d2a8d405f5e3b23e2178d2a0212ac8cd968,ETH,YES,low,medium,low,-0.055000000000000035,0.0,0.0,0.0,0.01,False,0.06692000000000001,0.0046844
executable_quote_5s_250_shares,1,2026-06-24T16:48:48.757094+00:00,0x6a9cd2dd7bc9c9807d3452c9f1a97c34ac7aedbc934b79054d8b3a0bfdcd4e42,BTC,YES,low,low,high,-0.0325,0.0,0.0,0.0,0.01,False,0.18108000000000002,-0.006881040000000001
executable_quote_5s_250_shares,1,2026-06-24T16:51:06.758502+00:00,0xabff544d3602969cb25677257451bdb7c6ad59b48e75d1d633afb248b012b06c,ETH,NO,low,medium,medium,0.30000000000000004,0.0,0.0,0.0,0.01,False,0.37288,0.059660799999999965
executable_quote_5s_250_shares,1,2026-06-24T16:52:04.761668+00:00,0x7d0f63daa0e0bd4993d80fa4bcb62fd622043fb264ec4a7aa7b875871c6a353a,SOL,YES,medium,medium,medium,0.030000000000000002,0.0,0.0,0.0,0.01,False,0.16240000000000002,-0.006496000000000001
executable_quote_5s_250_shares,1,2026-06-24T16:52:06.767562+00:00,0x7d0f63daa0e0bd4993d80fa4bcb62fd622043fb264ec4a7aa7b875871c6a353a,SOL,YES,high,medium,medium,0.05,0.0,0.0,0.0,0.01,False,0.06,0.0029999999999999996
executable_quote_5s_250_shares,1,2026-06-24T16:53:18.759891+00:00,0x11be248eacf03fecfc51007bb9833cc1452e33e48c5226ab9c30e91656ca4fed,BTC,YES,low,medium,medium,-0.05,0.0,0.0,0.0,0.01,False,0.94512,-0.0378048
executable_quote_5s_250_shares,1,2026-06-24T16:53:52.752947+00:00,0x7d0f63daa0e0bd4993d80fa4bcb62fd622043fb264ec4a7aa7b875871c6a353a,SOL,YES,high,low,medium,-0.05,0.0,0.0,0.0,0.01,False,0.32192000000000004,-0.012876800000000004
executable_quote_5s_250_shares,1,2026-06-24T16:53:54.758545+00:00,0xabff544d3602969cb25677257451bdb7c6ad59b48e75d1d633afb248b012b06c,ETH,NO,high,low,medium,-0.02,0.0,0.0,0.0,0.01,False,0.29724,-0.005350320000000003
executable_quote_5s_250_shares,1,2026-06-24T16:55:32.763105+00:00,0xdc4693598a20d019c083949d35703b04d5de73552f4d0fb762787cbe10eef7af,ETH,YES,low,medium,medium,0.035000000000000045,0.0,0.0,0.0,0.01,False,0.312,0.00936000000000001
executable_quote_5s_250_shares,1,2026-06-24T17:10:44.757531+00:00,0x6bcbfb85688c3516d74eda21ae1058775c9dbb0c3c2ed80679bea5efa4224f1f,SOL,YES,low,medium,medium,-0.09000000000000001,0.0,0.0,0.0,0.01,False,0.06720000000000001,-0.004704000000000004
executable_quote_5s_250_shares,1,2026-06-24T17:10:48.752203+00:00,0x6bcbfb85688c3516d74eda21ae1058775c9dbb0c3c2ed80679bea5efa4224f1f,SOL,YES,low,medium,medium,0.07000000000000002,0.0,0.0,0.0,0.01,False,0.024,0.0012000000000000012
executable_quote_5s_250_shares,1,2026-06-24T17:15:08.754027+00:00,0x2a87ba5465e5a39b23f5c245ce8daf4e9166a6b5d3a01f97e3c5cebe5f542667,ETH,YES,low,medium,medium,0.08999999999999998,0.0,0.0,0.0,0.01,False,0.02,-0.0008000000000000006
executable_quote_5s_250_shares,1,2026-06-24T17:15:32.759728+00:00,0xc6ddbe45253f77b8dbd808a9153ec3477a66b95ce3dcd40edbdbf5e69a9fad74,BTC,YES,low,medium,medium,-0.059999999999999984,0.0,0.0,0.0,0.01,False,0.012,-0.0005999999999999998
executable_quote_5s_250_shares,1,2026-06-24T17:17:04.766209+00:00,0xc6ddbe45253f77b8dbd808a9153ec3477a66b95ce3dcd40edbdbf5e69a9fad74,BTC,YES,low,medium,medium,0.01999999999999998,0.0,0.0,0.0,0.01,False,0.99688,-0.0797504
executable_quote_5s_250_shares,1,2026-06-24T17:20:12.764868+00:00,0xd8e21b0124221e5a6948b65f0b5c1b7c563a3c7e6ea11a1e7d760638a2e885ba,SOL,NO,medium,medium,high,0.15500000000000005,0.0,0.0,0.0,0.01,False,0.04,0.0016000000000000018
executable_quote_5s_250_shares,1,2026-06-24T17:25:44.756279+00:00,0x0a15e96a2f8db3533603fd8a311915394fd8b8b6cbc3c3b90e5225964660bd94,ETH,YES,low,medium,high,0.030000000000000044,0.0,0.0,0.0,0.01,False,0.09359999999999999,-0.005615999999999993
executable_quote_5s_250_shares,1,2026-06-24T17:26:36.761972+00:00,0x0a15e96a2f8db3533603fd8a311915394fd8b8b6cbc3c3b90e5225964660bd94,ETH,YES,low,medium,high,0.11,0.0,0.0,0.0,0.01,False,0.06,0.0012000000000000014
executable_quote_5s_250_shares,1,2026-06-24T17:28:30.758436+00:00,0x8b89ebef2e337682d0c761c2d9ea76b14916b0fbaa6b07ab496782aa61d08092,SOL,NO,low,medium,medium,-0.03,0.0,0.0,0.0,0.01,False,0.03628,-0.0010521200000000006
executable_quote_5s_250_shares,1,2026-06-24T17:32:12.757879+00:00,0xc53755a72a77c13680d29f80e88a1ffcdaeda374fb64389c3801a5660e24deb8,SOL,NO,low,medium,medium,0.030000000000000044,0.0,0.0,0.0,0.01,False,0.11648,-0.008153600000000006
executable_quote_5s_250_shares,1,2026-06-24T17:40:50.764310+00:00,0xe162acce182a1c54de6efd4a047bee1957d9d0ce3a96723f622886a34ce9ef56,BTC,NO,low,medium,medium,-0.05000000000000003,0.0,0.0,0.0,0.01,False,0.076,-0.003040000000000002
executable_quote_5s_250_shares,1,2026-06-24T17:46:02.756352+00:00,0x931296be6d3fc5e74df946ebeb47595bd30d0b51c747520c22454b54dbde783c,ETH,NO,medium,medium,high,0.16,0.0,0.0,0.0,0.01,False,0.04,-0.0016000000000000012
executable_quote_5s_250_shares,1,2026-06-24T17:50:26.761135+00:00,0xe0261c3af71ec76885a6befe78536d37f4f39622a19d0102257561caaca61811,SOL,NO,low,medium,medium,0.06000000000000001,0.0,0.0,0.0,0.01,False,0.1472,0.004416000000000005
executable_quote_5s_250_shares,1,2026-06-24T18:00:58.760168+00:00,0x5a189bc1b252af1469e531eb62cee5995fe46dd01bcaff6b137a7bc3109e2e43,SOL,NO,medium,low,medium,-0.05000000000000003,0.0,0.0,0.0,0.01,False,0.04,-0.0023999999999999976
executable_quote_5s_250_shares,1,2026-06-24T18:01:08.757617+00:00,0x5a189bc1b252af1469e531eb62cee5995fe46dd01bcaff6b137a7bc3109e2e43,SOL,NO,medium,medium,medium,0.010000000000000026,0.0,0.0,0.0,0.01,False,0.02,-0.0011999999999999988
executable_quote_5s_250_shares,1,2026-06-24T18:01:10.762661+00:00,0x5a189bc1b252af1469e531eb62cee5995fe46dd01bcaff6b137a7bc3109e2e43,SOL,NO,medium,medium,medium,-0.06999999999999999,0.0,0.0,0.0,0.01,False,0.0872,-0.0052319999999999945
executable_quote_5s_250_shares,1,2026-06-24T18:01:28.765791+00:00,0x5a189bc1b252af1469e531eb62cee5995fe46dd01bcaff6b137a7bc3109e2e43,SOL,NO,medium,medium,medium,-0.05000000000000003,0.0,0.0,0.0,0.01,False,0.1448,-0.005792000000000005
executable_quote_5s_250_shares,1,2026-06-24T18:01:32.763050+00:00,0x5a189bc1b252af1469e531eb62cee5995fe46dd01bcaff6b137a7bc3109e2e43,SOL,NO,medium,medium,medium,0.07000000000000002,0.0,0.0,0.0,0.01,False,0.1448,-0.005792000000000005
executable_quote_5s_250_shares,1,2026-06-24T18:01:48.762400+00:00,0x5a189bc1b252af1469e531eb62cee5995fe46dd01bcaff6b137a7bc3109e2e43,SOL,NO,medium,medium,medium,0.059999999999999956,0.0,0.0,0.0,0.01,False,0.0448,0.001792000000000002
executable_quote_5s_250_shares,1,2026-06-24T18:05:24.753766+00:00,0x17dc5c06a8038c8b9fe98dc10caabed5e643e594aa096dfa257871e4e6fc79db,BTC,NO,medium,medium,high,0.05000000000000006,0.0,0.0,0.0,0.01,False,0.23396,-0.014037599999999985
executable_quote_5s_250_shares,1,2026-06-24T18:05:28.765310+00:00,0x17dc5c06a8038c8b9fe98dc10caabed5e643e594aa096dfa257871e4e6fc79db,BTC,NO,medium,medium,high,0.06999999999999997,0.0,0.0,0.0,0.01,False,0.3658,-0.018289999999999973
executable_quote_5s_250_shares,1,2026-06-24T18:05:36.760226+00:00,0x3d07d4fd8f80b13ff82b8a59ac4e27ef61cee1ca5f5e8b639dd421a3a7bc2fcb,SOL,NO,low,high,medium,0.04999999999999995,0.0,0.0,0.0,0.01,False,0.1,0.0029999999999999923
executable_quote_5s_250_shares,1,2026-06-24T18:06:36.754811+00:00,0x3d07d4fd8f80b13ff82b8a59ac4e27ef61cee1ca5f5e8b639dd421a3a7bc2fcb,SOL,YES,low,medium,medium,0.039999999999999994,0.0,0.0,0.0,0.01,False,0.0448,0.0008960000000000011
executable_quote_5s_250_shares,1,2026-06-24T18:06:38.762149+00:00,0x3d07d4fd8f80b13ff82b8a59ac4e27ef61cee1ca5f5e8b639dd421a3a7bc2fcb,SOL,YES,low,medium,medium,0.09999999999999999,0.0,0.0,0.0,0.01,False,0.0224,0.00044800000000000054
executable_quote_5s_250_shares,1,2026-06-24T18:10:32.759091+00:00,0xe3120089fce1f1a743fc240f0033561fca78ae3088352a0f3f52413a0a0b39cb,BTC,YES,low,medium,high,0.04999999999999995,0.0,0.0,0.0,0.01,False,0.2754,-0.01377000000000001
executable_quote_5s_250_shares,1,2026-06-24T18:10:48.754900+00:00,0x2a8f1b4db2834d8f740fa140f88d4c2cd7464241d37403fce3ab3bc53ee78792,ETH,NO,low,medium,high,0.06999999999999997,0.0,0.0,0.0,0.01,False,0.21359999999999998,-0.010680000000000007
executable_quote_5s_250_shares,1,2026-06-24T18:11:20.766968+00:00,0x2a8f1b4db2834d8f740fa140f88d4c2cd7464241d37403fce3ab3bc53ee78792,ETH,YES,low,medium,medium,-0.059999999999999984,0.0,0.0,0.0,0.01,False,0.08,0.0048000000000000004
executable_quote_5s_250_shares,1,2026-06-24T18:20:04.756204+00:00,0x3d34074cabf8c0c7082b719f8b1d246fbf3344709e9dceb7baf2a9e21d9dcd71,BTC,YES,low,medium,medium,-0.13000000000000003,0.0,0.0,0.0,0.01,False,0.5064,-0.03544800000000002
executable_quote_5s_250_shares,1,2026-06-24T18:20:30.755092+00:00,0x3d34074cabf8c0c7082b719f8b1d246fbf3344709e9dceb7baf2a9e21d9dcd71,BTC,YES,low,medium,medium,-0.05499999999999998,0.0,0.0,0.0,0.01,False,0.234,0.004680000000000006
executable_quote_5s_250_shares,1,2026-06-24T18:20:36.756990+00:00,0x063b6476f22b96ffa4e2b1b40b6be64b68228f02258cf4f2cb5ae83ecbf708fd,ETH,YES,medium,medium,medium,0.04999999999999995,0.0,0.0,0.0,0.01,False,0.55044,0.016513199999999957
executable_quote_5s_250_shares,1,2026-06-24T18:20:40.753306+00:00,0x3d34074cabf8c0c7082b719f8b1d246fbf3344709e9dceb7baf2a9e21d9dcd71,BTC,YES,low,medium,medium,-0.059999999999999984,0.0,0.0,0.0,0.01,False,1.0,0.020000000000000025
executable_quote_5s_250_shares,1,2026-06-24T18:20:52.756246+00:00,0x3d34074cabf8c0c7082b719f8b1d246fbf3344709e9dceb7baf2a9e21d9dcd71,BTC,YES,low,medium,medium,0.039999999999999994,0.0,0.0,0.0,0.01,False,0.172,-0.006880000000000004
executable_quote_5s_250_shares,1,2026-06-24T18:20:54.762187+00:00,0x3d34074cabf8c0c7082b719f8b1d246fbf3344709e9dceb7baf2a9e21d9dcd71,BTC,YES,low,medium,medium,0.010000000000000026,0.0,0.0,0.0,0.01,False,0.172,-0.006880000000000004
executable_quote_5s_250_shares,1,2026-06-24T18:21:06.764841+00:00,0x3d34074cabf8c0c7082b719f8b1d246fbf3344709e9dceb7baf2a9e21d9dcd71,BTC,YES,low,medium,medium,-0.05000000000000003,0.0,0.0,0.0,0.01,False,0.08231999999999999,-0.0057624000000000035
executable_quote_5s_250_shares,1,2026-06-24T18:21:10.764191+00:00,0x3d34074cabf8c0c7082b719f8b1d246fbf3344709e9dceb7baf2a9e21d9dcd71,BTC,YES,low,medium,medium,0.020000000000000035,0.0,0.0,0.0,0.01,False,0.5514,0.077196
executable_quote_5s_250_shares,1,2026-06-24T18:21:12.754338+00:00,0x3d34074cabf8c0c7082b719f8b1d246fbf3344709e9dceb7baf2a9e21d9dcd71,BTC,YES,low,medium,medium,-0.06000000000000004,0.0,0.0,0.0,0.01,False,0.5514,0.077196
executable_quote_5s_250_shares,1,2026-06-24T18:21:14.759655+00:00,0x3d34074cabf8c0c7082b719f8b1d246fbf3344709e9dceb7baf2a9e21d9dcd71,BTC,YES,low,high,medium,0.19499999999999998,0.0,0.0,0.0,0.01,False,0.09348000000000001,-0.004674000000000004
executable_quote_5s_250_shares,1,2026-06-24T18:23:18.758759+00:00,0x3d34074cabf8c0c7082b719f8b1d246fbf3344709e9dceb7baf2a9e21d9dcd71,BTC,YES,low,medium,medium,0.01500000000000003,0.0,0.0,0.0,0.01,False,0.94268,0.06598760000000006
executable_quote_5s_250_shares,1,2026-06-24T18:26:40.754541+00:00,0x0f58baf57772722db394290841df2a23b89d3ef388a740790fe4356e58669164,ETH,NO,low,medium,medium,-0.38,0.0,0.0,0.0,0.01,False,0.04,-0.016
executable_quote_5s_250_shares,1,2026-06-24T18:32:18.765892+00:00,0xbde68413691d686e0741615c9dad23d2669c8cfcdd14efb81d2fd53260602d61,SOL,NO,low,medium,medium,0.05,0.0,0.0,0.0,0.01,False,0.028,-0.001959999999999998
executable_quote_5s_250_shares,1,2026-06-24T18:32:28.765868+00:00,0xbde68413691d686e0741615c9dad23d2669c8cfcdd14efb81d2fd53260602d61,SOL,NO,low,medium,medium,-0.10000000000000002,0.0,0.0,0.0,0.01,False,0.08716,-0.008716000000000007
executable_quote_5s_250_shares,1,2026-06-24T18:32:34.767339+00:00,0xbde68413691d686e0741615c9dad23d2669c8cfcdd14efb81d2fd53260602d61,SOL,NO,low,medium,medium,-0.09999999999999999,0.0,0.0,0.0,0.01,False,0.2424,0.0072720000000000085
executable_quote_5s_250_shares,1,2026-06-24T18:32:36.756754+00:00,0xbde68413691d686e0741615c9dad23d2669c8cfcdd14efb81d2fd53260602d61,SOL,NO,low,medium,medium,0.025000000000000012,0.0,0.0,0.0,0.01,False,0.08,0.001600000000000002
executable_quote_5s_250_shares,1,2026-06-24T18:32:38.763486+00:00,0xbde68413691d686e0741615c9dad23d2669c8cfcdd14efb81d2fd53260602d61,SOL,NO,low,high,medium,-0.07500000000000002,0.0,0.0,0.0,0.01,False,0.076,0.0022800000000000025
executable_quote_5s_250_shares,1,2026-06-24T18:32:40.753774+00:00,0xbde68413691d686e0741615c9dad23d2669c8cfcdd14efb81d2fd53260602d61,SOL,NO,low,medium,medium,0.030000000000000016,0.0,0.0,0.0,0.01,False,0.026879999999999998,-0.0010752000000000008
executable_quote_5s_250_shares,1,2026-06-24T18:32:58.758626+00:00,0xbde68413691d686e0741615c9dad23d2669c8cfcdd14efb81d2fd53260602d61,SOL,NO,low,high,medium,-0.05000000000000003,0.0,0.0,0.0,0.01,False,0.021920000000000002,0.0015344000000000017
executable_quote_5s_250_shares,1,2026-06-24T18:33:00.765000+00:00,0xbde68413691d686e0741615c9dad23d2669c8cfcdd14efb81d2fd53260602d61,SOL,NO,low,medium,medium,0.014999999999999975,0.0,0.0,0.0,0.01,False,0.0648,0.003888000000000004
executable_quote_5s_250_shares,1,2026-06-24T18:51:52.760600+00:00,0x76ceb5966715afdbb09250dea84bccfc837e72c59d375b0ca15e03fcc417fb4e,SOL,YES,low,medium,medium,-0.06999999999999999,0.0,0.0,0.0,0.01,False,0.0224,-0.003135999999999999
executable_quote_5s_250_shares,1,2026-06-24T18:51:54.765991+00:00,0x76ceb5966715afdbb09250dea84bccfc837e72c59d375b0ca15e03fcc417fb4e,SOL,YES,low,medium,medium,0.039999999999999994,0.0,0.0,0.0,0.01,False,0.08,-0.003999999999999994
executable_quote_5s_250_shares,1,2026-06-24T18:51:56.756813+00:00,0x76ceb5966715afdbb09250dea84bccfc837e72c59d375b0ca15e03fcc417fb4e,SOL,YES,low,high,medium,0.01500000000000003,0.0,0.0,0.0,0.01,False,0.0224,-0.0026880000000000007
executable_quote_5s_250_shares,1,2026-06-24T18:52:10.764773+00:00,0x768552d5316e123aaa73080f47f5e8f4e0ba7553daff6a1d32fa8d9ed5552775,ETH,YES,low,medium,medium,0.059999999999999956,0.0,0.0,0.0,0.01,False,0.02,-0.0013999999999999987
executable_quote_5s_250_shares,1,2026-06-24T18:52:48.766058+00:00,0x768552d5316e123aaa73080f47f5e8f4e0ba7553daff6a1d32fa8d9ed5552775,ETH,YES,low,low,medium,0.014999999999999975,0.0,0.0,0.0,0.01,False,0.15668,0.004700399999999997
executable_quote_5s_250_shares,1,2026-06-24T18:52:48.766058+00:00,0x76ceb5966715afdbb09250dea84bccfc837e72c59d375b0ca15e03fcc417fb4e,SOL,YES,low,low,medium,-0.07000000000000005,0.0,0.0,0.0,0.01,False,0.132,0.0026400000000000035
executable_quote_5s_250_shares,1,2026-06-24T18:52:52.763973+00:00,0x76ceb5966715afdbb09250dea84bccfc837e72c59d375b0ca15e03fcc417fb4e,SOL,YES,low,medium,medium,0.020000000000000035,0.0,0.0,0.0,0.01,False,0.112,0.0033599999999999975
executable_quote_5s_250_shares,1,2026-06-24T18:53:46.759987+00:00,0x76ceb5966715afdbb09250dea84bccfc837e72c59d375b0ca15e03fcc417fb4e,SOL,YES,medium,low,medium,0.09999999999999999,0.0,0.0,0.0,0.01,False,0.02,0.0014000000000000015
executable_quote_5s_250_shares,1,2026-06-24T19:00:16.766958+00:00,0x6f14d199dafd35a5f545aad500e9cd65eaf22a2bf1a522817da62c57245246f4,SOL,NO,low,medium,medium,0.020000000000000035,0.0,0.0,0.0,0.01,False,0.024,-0.001200000000000001
executable_quote_5s_250_shares,1,2026-06-24T19:00:20.764327+00:00,0x6f14d199dafd35a5f545aad500e9cd65eaf22a2bf1a522817da62c57245246f4,SOL,NO,low,high,medium,-0.06499999999999999,0.0,0.0,0.0,0.01,False,0.02,-0.0009999999999999985
executable_quote_5s_250_shares,1,2026-06-24T19:00:26.766094+00:00,0x6f14d199dafd35a5f545aad500e9cd65eaf22a2bf1a522817da62c57245246f4,SOL,NO,low,medium,medium,0.014999999999999975,0.0,0.0,0.0,0.01,False,0.052,-0.0031199999999999965
executable_quote_5s_250_shares,1,2026-06-24T19:00:34.758570+00:00,0x6f14d199dafd35a5f545aad500e9cd65eaf22a2bf1a522817da62c57245246f4,SOL,NO,low,medium,medium,-0.06999999999999999,0.0,0.0,0.0,0.01,False,0.02,0.0009999999999999987
executable_quote_5s_250_shares,1,2026-06-24T19:00:46.763874+00:00,0x6f14d199dafd35a5f545aad500e9cd65eaf22a2bf1a522817da62c57245246f4,SOL,NO,low,low,medium,0.010000000000000026,0.0,0.0,0.0,0.01,False,0.124,-0.012399999999999996
executable_quote_5s_250_shares,1,2026-06-24T19:01:30.763622+00:00,0x6f14d199dafd35a5f545aad500e9cd65eaf22a2bf1a522817da62c57245246f4,SOL,NO,low,medium,medium,-0.05000000000000003,0.0,0.0,0.0,0.01,False,0.06720000000000001,-0.0026880000000000025
executable_quote_5s_250_shares,1,2026-06-24T19:02:02.766777+00:00,0x9828065f135b73cbb04da613189035c96beca24508e8d4b15f9a9b670b7519eb,ETH,NO,low,medium,medium,0.01999999999999998,0.0,0.0,0.0,0.01,False,0.3256,-0.016279999999999975
executable_quote_5s_250_shares,1,2026-06-24T19:02:02.766777+00:00,0x6f14d199dafd35a5f545aad500e9cd65eaf22a2bf1a522817da62c57245246f4,SOL,NO,low,medium,high,0.06000000000000001,0.0,0.0,0.0,0.01,False,0.02,-0.0008000000000000006
executable_quote_5s_250_shares,1,2026-06-24T19:02:04.757011+00:00,0x6f14d199dafd35a5f545aad500e9cd65eaf22a2bf1a522817da62c57245246f4,SOL,NO,low,medium,medium,-0.11499999999999998,0.0,0.0,0.0,0.01,False,0.028,-0.0019600000000000012
executable_quote_5s_250_shares,1,2026-06-24T19:02:06.762138+00:00,0x6f14d199dafd35a5f545aad500e9cd65eaf22a2bf1a522817da62c57245246f4,SOL,NO,low,medium,medium,0.02999999999999999,0.0,0.0,0.0,0.01,False,0.08,-0.0032000000000000023
executable_quote_5s_250_shares,1,2026-06-24T19:02:08.753956+00:00,0x6f14d199dafd35a5f545aad500e9cd65eaf22a2bf1a522817da62c57245246f4,SOL,NO,low,high,medium,-0.06999999999999999,0.0,0.0,0.0,0.01,False,0.21808000000000002,-0.015265600000000013
executable_quote_5s_250_shares,1,2026-06-24T19:02:34.760304+00:00,0x6f14d199dafd35a5f545aad500e9cd65eaf22a2bf1a522817da62c57245246f4,SOL,NO,low,medium,medium,0.010000000000000026,0.0,0.0,0.0,0.01,False,0.02,-0.0016000000000000012
executable_quote_5s_250_shares,1,2026-06-24T19:12:34.759652+00:00,0x1aee94333f9f59a16641bfb6bb79781128bfc7c762e6ec35a3e28ae595c8f710,ETH,YES,low,low,medium,-0.03,0.0,0.0,0.0,0.01,False,0.84376,-0.03290664
executable_quote_5s_250_shares,1,2026-06-24T19:15:48.754190+00:00,0x4982ded7e4b9233220595f26cc997fa151f1902c8893a0a78a52d656b5fdb3d4,ETH,NO,medium,medium,medium,-0.08,0.0,0.0,0.0,0.01,False,0.19452,0.00972600000000001
executable_quote_5s_250_shares,1,2026-06-24T19:15:50.760306+00:00,0xb802375b899f20776320f8a3ad101bd8c4a32ff81a436fcc308a140cc33d96bf,BTC,NO,low,medium,medium,0.010000000000000026,0.0,0.0,0.0,0.01,False,1.0,0.04999999999999994
executable_quote_5s_250_shares,1,2026-06-24T19:15:50.760306+00:00,0x4982ded7e4b9233220595f26cc997fa151f1902c8893a0a78a52d656b5fdb3d4,ETH,NO,medium,medium,medium,0.03499999999999999,0.0,0.0,0.0,0.01,False,0.136,0.006800000000000007
executable_quote_5s_250_shares,1,2026-06-24T19:25:34.759452+00:00,0x6e39d066f4cd8679f901216c55834139a9ad2240af38a11b09b63b0473e2b84b,SOL,YES,low,medium,medium,0.010000000000000026,0.0,0.0,0.0,0.01,False,0.02,0.0006000000000000007
executable_quote_5s_250_shares,1,2026-06-24T19:26:04.757062+00:00,0x6e39d066f4cd8679f901216c55834139a9ad2240af38a11b09b63b0473e2b84b,SOL,YES,low,medium,medium,0.07500000000000002,0.0,0.0,0.0,0.01,False,0.05392,-0.003774400000000003
executable_quote_5s_250_shares,1,2026-06-24T19:37:46.757371+00:00,0xfedc3df4cb1db1fc866524795ac2fcdf9941f43010b9c15e487a333e6f266394,SOL,YES,low,medium,high,0.010000000000000026,0.0,0.0,0.0,0.01,False,0.0872,-0.008719999999999997
executable_quote_5s_250_shares,1,2026-06-24T19:37:50.757198+00:00,0xfedc3df4cb1db1fc866524795ac2fcdf9941f43010b9c15e487a333e6f266394,SOL,YES,low,medium,medium,-0.09999999999999996,0.0,0.0,0.0,0.01,False,0.0448,-0.003136000000000002
executable_quote_5s_250_shares,1,2026-06-24T19:41:20.756922+00:00,0x7001dd0099cdee5fbb1efe846336e41812c524e7585b6f7c9a0a5c9882f114b9,SOL,NO,low,medium,medium,0.03999999999999994,0.0,0.0,0.0,0.01,False,0.0648,0.0012960000000000016
executable_quote_5s_250_shares,1,2026-06-24T19:48:44.761661+00:00,0x4f55d140209fd0d5a7745de8f8a0f150f3b6097aedbaeee7d1a0618c0c3d7bb8,ETH,NO,low,medium,medium,0.06999999999999997,0.0,0.0,0.0,0.01,False,0.18036000000000002,-0.007214400000000006
executable_quote_5s_250_shares,1,2026-06-24T19:53:26.758012+00:00,0x3ba3b3f951b2628ef716722de268dd5e244f8d45fd355168fab2e3b85af75128,SOL,NO,low,medium,high,-0.0315,0.0,0.0,0.0,0.01,False,0.02,-0.0005200000000000003
executable_quote_5s_250_shares,1,2026-06-24T20:01:06.759646+00:00,0x88fd0bf02fe557e16419750274baafa5fd89a12437e7d4215161d95a77cc069e,SOL,NO,low,medium,medium,-0.05,0.0,0.0,0.0,0.01,False,0.0448,-0.003136000000000002
executable_quote_5s_250_shares,1,2026-06-24T20:01:08.765938+00:00,0x99160df581693bc7fa4ad76b5fe823f5346ef5cb655f1e8650a60c30a642c0ac,BTC,YES,low,high,medium,0.29,0.0,0.0,0.0,0.01,False,0.24968,-0.017477600000000013
executable_quote_5s_250_shares,1,2026-06-24T20:08:34.761066+00:00,0xd14dfda063d0d2dafe354fe938c73ea7643db9f344cf11598794d252f8d453a1,BTC,NO,low,low,medium,-0.018,0.0,0.0,0.0,0.01,False,0.14768,-0.0017721600000000003
executable_quote_5s_250_shares,1,2026-06-24T20:13:52.754397+00:00,0xf8776b5271ce59d683b9da736a42f8139c58e4093ad342ae1288f9addc1b3cfe,BTC,NO,low,medium,medium,-0.06499999999999999,0.0,0.0,0.0,0.01,False,0.44,-0.030800000000000022
executable_quote_5s_250_shares,1,2026-06-24T20:13:56.764659+00:00,0xf8776b5271ce59d683b9da736a42f8139c58e4093ad342ae1288f9addc1b3cfe,BTC,NO,low,high,medium,-0.12999999999999998,0.0,0.0,0.0,0.01,False,0.09276000000000001,-0.003710400000000003
executable_quote_5s_250_shares,1,2026-06-24T20:17:30.756983+00:00,0x9c3ac652cc797ed5fdf7c5717c58c9ce007e9fabecc76e1454bf2d8db03c7150,BTC,YES,low,medium,medium,-0.06000000000000004,0.0,0.0,0.0,0.01,False,0.04708,0.0009416000000000011
executable_quote_5s_250_shares,1,2026-06-24T20:17:34.755355+00:00,0x9c3ac652cc797ed5fdf7c5717c58c9ce007e9fabecc76e1454bf2d8db03c7150,BTC,YES,low,medium,medium,0.020000000000000035,0.0,0.0,0.0,0.01,False,0.07576000000000001,0.0053031999999999975
executable_quote_5s_250_shares,1,2026-06-24T20:17:38.755356+00:00,0x9c3ac652cc797ed5fdf7c5717c58c9ce007e9fabecc76e1454bf2d8db03c7150,BTC,YES,low,medium,medium,0.010000000000000026,0.0,0.0,0.0,0.01,False,0.07576000000000001,0.0053031999999999975
executable_quote_5s_250_shares,1,2026-06-24T20:17:48.756472+00:00,0x9c3ac652cc797ed5fdf7c5717c58c9ce007e9fabecc76e1454bf2d8db03c7150,BTC,YES,low,low,medium,0.04999999999999995,0.0,0.0,0.0,0.01,False,0.04876,-0.005851200000000004
executable_quote_5s_250_shares,1,2026-06-24T20:18:06.756462+00:00,0x9c3ac652cc797ed5fdf7c5717c58c9ce007e9fabecc76e1454bf2d8db03c7150,BTC,YES,medium,medium,medium,-0.055000000000000035,0.0,0.0,0.0,0.01,False,0.21,-0.010500000000000008
executable_quote_5s_250_shares,1,2026-06-24T20:18:34.759712+00:00,0x9c3ac652cc797ed5fdf7c5717c58c9ce007e9fabecc76e1454bf2d8db03c7150,BTC,YES,low,medium,medium,0.029999999999999933,0.0,0.0,0.0,0.01,False,0.25536000000000003,-0.028089599999999996
executable_quote_5s_250_shares,1,2026-06-24T20:18:42.754973+00:00,0x9c3ac652cc797ed5fdf7c5717c58c9ce007e9fabecc76e1454bf2d8db03c7150,BTC,YES,low,high,medium,0.01500000000000003,0.0,0.0,0.0,0.01,False,0.6663600000000001,0.033317999999999966
executable_quote_5s_250_shares,1,2026-06-24T20:23:28.766404+00:00,0x664abf9e27ed69e80bbe4cc0517b8a125ca044c42ad3357a7c7af2ed9436c74e,SOL,NO,low,medium,medium,0.09999999999999999,0.0,0.0,0.0,0.01,False,0.09340000000000001,-0.013075999999999992
executable_quote_5s_250_shares,1,2026-06-24T20:31:42.764262+00:00,0x4dd3a21158dc2341d429921b0f01d6ef1d5b1b88544a4e1166825c85360a31f3,SOL,YES,low,medium,medium,0.05000000000000006,0.0,0.0,0.0,0.01,False,0.03492,0.001745999999999998
executable_quote_5s_250_shares,1,2026-06-24T20:50:08.762751+00:00,0x8faf001f0cb0420fe9216e45664d43db363e1235986c35e425847671efe887b9,SOL,NO,low,medium,high,0.35,0.0,0.0,0.0,0.01,False,0.02232,0.0078119999999999995
executable_quote_5s_250_shares,1,2026-06-24T20:50:34.755582+00:00,0xb5b2cc6f7e364320387000357dcec77c8e290b19a91515fda9f1eba110a7206b,ETH,YES,low,medium,medium,-0.02,0.0,0.0,0.0,0.01,False,0.08,-0.001600000000000001
executable_quote_5s_250_shares,1,2026-06-24T20:50:58.754381+00:00,0x8faf001f0cb0420fe9216e45664d43db363e1235986c35e425847671efe887b9,SOL,YES,medium,medium,high,-0.39,0.0,0.0,0.0,0.01,False,0.1,-0.03900000000000001
executable_quote_5s_250_shares,1,2026-06-24T20:51:14.759775+00:00,0xa18f20c9d7af10ea829ba2117f462eed5781ccb83a3b11964e8464ea1bee0872,BTC,NO,medium,medium,high,0.010000000000000026,0.0,0.0,0.0,0.01,False,0.38027999999999995,0.030422399999999985
executable_quote_5s_250_shares,1,2026-06-24T20:51:18.756585+00:00,0xb5b2cc6f7e364320387000357dcec77c8e290b19a91515fda9f1eba110a7206b,ETH,NO,medium,medium,high,-0.02,0.0,0.0,0.0,0.01,False,0.08,-0.001600000000000001
executable_quote_5s_250_shares,1,2026-06-24T20:52:00.752541+00:00,0xa18f20c9d7af10ea829ba2117f462eed5781ccb83a3b11964e8464ea1bee0872,BTC,NO,medium,medium,medium,0.07499999999999997,0.0,0.0,0.0,0.01,False,0.14,-0.008400000000000008
executable_quote_5s_250_shares,1,2026-06-24T21:05:24.762965+00:00,0xaa2029eae1454eff4dd2950180ce1a61bf2cc891c5bac51d9e0a15f22cddbee9,BTC,NO,low,medium,medium,-0.06000000000000004,0.0,0.0,0.0,0.01,False,0.10036,-0.004014400000000003
executable_quote_5s_250_shares,1,2026-06-24T21:06:00.760134+00:00,0xaa2029eae1454eff4dd2950180ce1a61bf2cc891c5bac51d9e0a15f22cddbee9,BTC,NO,low,medium,medium,-0.08500000000000006,0.0,0.0,0.0,0.01,False,0.31160000000000004,0.009347999999999978
executable_quote_5s_250_shares,1,2026-06-24T21:06:02.752654+00:00,0xaa2029eae1454eff4dd2950180ce1a61bf2cc891c5bac51d9e0a15f22cddbee9,BTC,NO,low,medium,medium,-0.09000000000000001,0.0,0.0,0.0,0.01,False,0.04,-0.0016000000000000012
executable_quote_5s_250_shares,1,2026-06-24T21:17:38.763105+00:00,0x937f6ce7ec05a5cf598e814d8b21ca1b03831a607d67f7a737b4b455195b6347,ETH,YES,low,medium,medium,0.02999999999999999,0.0,0.0,0.0,0.01,False,0.10940000000000001,0.003281999999999998
executable_quote_5s_250_shares,1,2026-06-24T21:22:02.765156+00:00,0xc6ef5efefe52337535ef640dc5214f2cfca21f24db5da5f6461bb61b04d1757b,SOL,NO,medium,medium,medium,0.09999999999999994,0.0,0.0,0.0,0.01,False,0.02,-0.0026000000000000025
executable_quote_5s_250_shares,1,2026-06-24T21:22:20.752241+00:00,0xc6ef5efefe52337535ef640dc5214f2cfca21f24db5da5f6461bb61b04d1757b,SOL,NO,low,medium,medium,-0.12000000000000004,0.0,0.0,0.0,0.01,False,0.09408,-0.0056448000000000045
executable_quote_5s_250_shares,1,2026-06-24T21:23:58.762346+00:00,0xc6ef5efefe52337535ef640dc5214f2cfca21f24db5da5f6461bb61b04d1757b,SOL,NO,medium,medium,medium,0.2849999999999999,0.0,0.0,0.0,0.01,False,0.07168000000000001,0.0028671999999999955
executable_quote_5s_250_shares,1,2026-06-24T22:03:08.763973+00:00,0x8d3e7e3c36b3e5d1112c98d87518a00383581755190d5a55edc69c26749c1f59,ETH,NO,low,medium,medium,0.05,0.0,0.0,0.0,0.01,False,0.2474,0.012370000000000013
executable_quote_5s_250_shares,1,2026-06-25T00:06:46.764238+00:00,0xd65cb4f9d9b3cd9e0726c6723aaedeea6270e2b27f07e8d8d75fb866fc66efda,SOL,YES,medium,high,medium,0.365,0.0,0.0,0.0,0.01,False,0.016,-0.0008000000000000006
executable_quote_5s_250_shares,1,2026-06-25T02:56:12.762022+00:00,0xdc50528ddd95715389bece5e22c3924ab255ac03cc50a796d14fc1536f99e645,BTC,NO,low,medium,medium,0.14000000000000004,0.0,0.0,0.0,0.01,False,0.028,-0.0011200000000000008
executable_quote_5s_250_shares,1,2026-06-25T03:15:10.763656+00:00,0xd64b2ce5267698719de20d05b135368962c8a4f1835384f18f0605ccaac199d5,BTC,NO,medium,medium,medium,0.31999999999999995,0.0,0.0,0.0,0.01,False,0.8694400000000001,-0.03477760000000003
executable_quote_5s_250_shares,1,2026-06-25T03:15:10.763656+00:00,0xe9b43bb6aa0a0aa923a5b7ea6e70758b5f517507971004160627be84bdb0dbe3,SOL,NO,medium,medium,medium,0.32999999999999996,0.0,0.0,0.0,0.01,False,0.06,0.001800000000000002
executable_quote_5s_250_shares,2,2026-06-25T20:08:34.804565+00:00,0xee90821efc94653c995d4583794da5c87e3c033a1e0a24f1f4ee824d2357c750,BTC,NO,low,medium,medium,-0.06000000000000004,0.0,0.0,0.0,0.01,False,1.0,-0.04000000000000003
executable_quote_5s_250_shares,2,2026-06-25T22:25:40.815254+00:00,0x42561c5c6f58ab741b19c250935435977309241d54a0c21753c74a382c8bf1ec,SOL,NO,low,high,medium,0.05500000000000001,0.0,0.0,0.0,0.01,False,0.02,0.0008000000000000009
executable_quote_5s_250_shares,2,2026-06-25T23:30:14.811724+00:00,0x78e6a3146dd778fc3150db6ba5f2fe3b701ff446bbaff21453236e84bee5434d,SOL,NO,medium,high,medium,0.039999999999999994,0.0,0.0,0.0,0.01,False,0.02032,-0.00508
executable_quote_5s_250_shares,2,2026-06-25T23:37:52.815776+00:00,0x953e34839580df1f86da756ce29e11f3a83588f2d7c5a8b5146bbe13c3ad7f35,BTC,NO,low,medium,medium,0.38,0.0,0.0,0.0,0.01,False,0.0892,-0.005351999999999994
executable_quote_5s_250_shares,2,2026-06-26T02:21:20.818691+00:00,0xe92b6aa7834be28be01989eb9239f7bc730eef595bb9081c81db7640532437a3,SOL,NO,low,medium,medium,0.020000000000000035,0.0,0.0,0.0,0.01,False,0.128,0.00383999999999999
executable_quote_5s_250_shares,2,2026-06-26T02:31:04.812637+00:00,0x0d8fce3554cb6a7e22dac3a088ee1b258895693bde0bdce58ef37a2d50eb0f3a,ETH,YES,low,medium,medium,0.035000000000000045,0.0,0.0,0.0,0.01,False,0.08,-0.003999999999999994
executable_quote_5s_250_shares,2,2026-06-26T02:35:42.806769+00:00,0x136e15d4a85563899e310f043e14992b3ea9f163c94c722c836f29143ac271f4,ETH,NO,low,medium,medium,0.04000000000000005,0.0,0.0,0.0,0.01,False,0.43624,0.013087199999999967
executable_quote_5s_250_shares,2,2026-06-26T02:40:48.805212+00:00,0x8e4bcd7de404304d78ffd6801cda6a969cd3550ebe3dbc28e4c0b8ff9938a14a,SOL,YES,low,medium,medium,0.13999999999999999,0.0,0.0,0.0,0.01,False,0.0912,0.0018240000000000023
executable_quote_5s_250_shares,2,2026-06-26T02:51:38.817347+00:00,0xe508261496efeb201653b58e80e7f513fc39987412717485e6b55bb061579c69,ETH,NO,low,medium,medium,0.039999999999999994,0.0,0.0,0.0,0.01,False,0.25532,-0.015319200000000012
executable_quote_5s_250_shares,2,2026-06-26T02:51:56.806004+00:00,0xe508261496efeb201653b58e80e7f513fc39987412717485e6b55bb061579c69,ETH,NO,low,medium,medium,0.030000000000000044,0.0,0.0,0.0,0.01,False,0.13156,0.007893599999999994
executable_quote_5s_250_shares,2,2026-06-26T02:52:32.804179+00:00,0xc3f03ff87f66c7f90f0170c31343b35b3d222c9592259bb603fe0832409a0fdf,BTC,NO,low,medium,medium,0.02999999999999999,0.0,0.0,0.0,0.01,False,1.0,0.04999999999999994
executable_quote_5s_250_shares,2,2026-06-26T02:52:32.804179+00:00,0xe508261496efeb201653b58e80e7f513fc39987412717485e6b55bb061579c69,ETH,NO,low,medium,medium,0.06999999999999997,0.0,0.0,0.0,0.01,False,0.052,0.0031199999999999973
executable_quote_5s_250_shares,2,2026-06-26T02:57:22.804967+00:00,0x26d1ef52a5ebf5babad8932669762730e15bd1a446a00e43d9be96da4efc83c4,ETH,NO,low,medium,medium,0.115,0.0,0.0,0.0,0.01,False,0.02,0.0013999999999999993
executable_quote_5s_250_shares,2,2026-06-26T03:00:38.803974+00:00,0x63edaf8ffd40b636dc86e7c49b6296c604d4ea5caa43b031869f3147e21dd62b,SOL,YES,low,high,medium,-0.085,0.0,0.0,0.0,0.01,False,0.00752,-0.0004511999999999999
executable_quote_5s_250_shares,2,2026-06-26T03:01:24.814231+00:00,0xc358642287952e08f2fbbd5a90f7574d73a87685780ca454b0efda7e9e598cd4,ETH,NO,high,medium,medium,0.20500000000000004,0.0,0.0,0.0,0.01,False,0.13788,-0.005515200000000004
executable_quote_5s_250_shares,2,2026-06-26T03:03:32.816621+00:00,0x63edaf8ffd40b636dc86e7c49b6296c604d4ea5caa43b031869f3147e21dd62b,SOL,YES,low,medium,medium,0.19000000000000009,0.0,0.0,0.0,0.01,False,0.02,-0.0032000000000000006
executable_quote_5s_250_shares,2,2026-06-26T03:05:08.804343+00:00,0x45454c0281a47979043962ffc486828eaf366f6e60c61c60460810e7425f44a1,BTC,NO,low,medium,medium,0.059999999999999956,0.0,0.0,0.0,0.01,False,0.896,-0.044800000000000034
executable_quote_5s_250_shares,2,2026-06-26T03:06:02.818025+00:00,0xa16a5cae23414513a2199fe036ffb3c48978064e3c53b7d9b2ae57ee97de8bff,ETH,NO,low,medium,medium,0.045,0.0,0.0,0.0,0.01,False,0.02,-0.0008000000000000006
executable_quote_5s_250_shares,2,2026-06-26T03:06:28.814788+00:00,0x200710e3e43d33b143ccd80d0a2e3a265017d2dc75281f8951b674131c3f26bb,SOL,NO,medium,high,medium,0.08499999999999998,0.0,0.0,0.0,0.01,False,0.0448,-0.0026879999999999972
executable_quote_5s_250_shares,2,2026-06-26T03:16:38.807970+00:00,0x3fa0111e36690372aa90e248420ec855bd7c896e4868c9f32998c6f075384169,ETH,YES,low,medium,medium,0.11,0.0,0.0,0.0,0.01,False,0.076,-0.012920000000000003
executable_quote_5s_250_shares,2,2026-06-26T03:32:26.818047+00:00,0x0b97e37bec2a876f4ff7b37c51c8895e26ea39d6e3a2d9cb9ddbe6b457ce8860,SOL,YES,high,high,medium,0.21000000000000005,0.0,0.0,0.0,0.01,False,0.04,-0.0020000000000000013
executable_quote_5s_250_shares,2,2026-06-26T03:55:08.803525+00:00,0x4899182aad7398c555f2a57cd6737598b159c5e6aa63bb73b798e6026f8b0094,SOL,NO,medium,low,medium,0.07999999999999997,0.0,0.0,0.0,0.01,False,0.04,-0.002800000000000002
executable_quote_5s_250_shares,2,2026-06-26T03:55:16.816237+00:00,0x4899182aad7398c555f2a57cd6737598b159c5e6aa63bb73b798e6026f8b0094,SOL,NO,low,low,medium,-0.08000000000000006,0.0,0.0,0.0,0.01,False,0.0688,-0.004128000000000003
executable_quote_5s_250_shares,2,2026-06-26T03:57:48.804438+00:00,0x4899182aad7398c555f2a57cd6737598b159c5e6aa63bb73b798e6026f8b0094,SOL,NO,medium,high,medium,-0.055000000000000035,0.0,0.0,0.0,0.01,False,0.04,-0.002400000000000002
executable_quote_5s_250_shares,2,2026-06-26T03:57:58.809960+00:00,0x4899182aad7398c555f2a57cd6737598b159c5e6aa63bb73b798e6026f8b0094,SOL,NO,low,high,medium,0.035000000000000045,0.0,0.0,0.0,0.01,False,0.04,-0.0023999999999999976
executable_quote_5s_250_shares,2,2026-06-26T03:58:02.810248+00:00,0x4899182aad7398c555f2a57cd6737598b159c5e6aa63bb73b798e6026f8b0094,SOL,NO,medium,medium,medium,0.08999999999999998,0.0,0.0,0.0,0.01,False,0.02,0.0004000000000000005
executable_quote_5s_250_shares,2,2026-06-26T03:58:28.812680+00:00,0x4899182aad7398c555f2a57cd6737598b159c5e6aa63bb73b798e6026f8b0094,SOL,NO,medium,medium,medium,0.059999999999999956,0.0,0.0,0.0,0.01,False,0.08,0.0031999999999999945
executable_quote_5s_250_shares,2,2026-06-26T04:00:06.817578+00:00,0xa931c0e10d5530f989373caa003629057063609e4005786b743bae537c217c34,SOL,NO,low,medium,medium,0.05499999999999995,0.0,0.0,0.0,0.01,False,0.05808,0.0023232000000000023
executable_quote_5s_250_shares,2,2026-06-26T04:00:20.812413+00:00,0x63cab951a7245a6f73b6e5e26a09e371e2feeeecc1e604537033a6353bf3944e,BTC,NO,medium,medium,medium,0.06500000000000002,0.0,0.0,0.0,0.01,False,0.54,0.02700000000000003
executable_quote_5s_250_shares,2,2026-06-26T04:00:22.803330+00:00,0x63cab951a7245a6f73b6e5e26a09e371e2feeeecc1e604537033a6353bf3944e,BTC,NO,medium,medium,medium,0.14499999999999993,0.0,0.0,0.0,0.01,False,0.30312,0.015156000000000015
executable_quote_5s_250_shares,2,2026-06-26T06:53:30.812574+00:00,0x4ff498fe655344b90bf7a5b904a79a24821ad4553fd49596772479324346a029,SOL,NO,medium,high,medium,0.024999999999999984,0.0,0.0,0.0,0.01,False,0.012240000000000001,-0.0009791999999999995
executable_quote_5s_250_shares,2,2026-06-26T06:53:32.804327+00:00,0x4ff498fe655344b90bf7a5b904a79a24821ad4553fd49596772479324346a029,SOL,NO,medium,medium,medium,-0.06999999999999999,0.0,0.0,0.0,0.01,False,0.012240000000000001,-0.0007344000000000006
executable_quote_5s_250_shares,2,2026-06-26T07:05:48.811781+00:00,0x43005d0675491621f54ab6875a6c632e3ee1d0ec2022689ceef619343b23aa90,SOL,NO,low,medium,medium,0.029999999999999933,0.0,0.0,0.0,0.01,False,0.00047999999999999996,-3.839999999999997e-05
executable_quote_5s_250_shares,2,2026-06-26T07:06:38.804569+00:00,0x43005d0675491621f54ab6875a6c632e3ee1d0ec2022689ceef619343b23aa90,SOL,NO,low,medium,medium,-0.11000000000000003,0.0,0.0,0.0,0.01,False,0.04124,-0.007010799999999997
executable_quote_5s_250_shares,2,2026-06-26T07:06:40.809802+00:00,0x43005d0675491621f54ab6875a6c632e3ee1d0ec2022689ceef619343b23aa90,SOL,NO,low,medium,medium,-0.059999999999999984,0.0,0.0,0.0,0.01,False,0.04,-0.002400000000000002
executable_quote_5s_250_shares,2,2026-06-26T07:08:32.818104+00:00,0x43005d0675491621f54ab6875a6c632e3ee1d0ec2022689ceef619343b23aa90,SOL,NO,low,medium,medium,-0.07000000000000005,0.0,0.0,0.0,0.01,False,0.464,-0.041759999999999985
executable_quote_5s_250_shares,2,2026-06-26T07:40:34.806231+00:00,0xd26cee061a5b0d0f82fcb2457d5de1bb3334659b47dff621b8d511e56e10a868,BTC,NO,low,medium,medium,0.020000000000000035,0.0,0.0,0.0,0.01,False,0.07404000000000001,0.0022211999999999944
executable_quote_5s_250_shares,2,2026-06-26T07:40:34.806231+00:00,0xc84d4d834953770775dc2fef52283e2d3ae621102db7672f438730406001fa49,ETH,NO,low,medium,medium,0.11,0.0,0.0,0.0,0.01,False,0.033600000000000005,-0.0013440000000000012
executable_quote_5s_250_shares,2,2026-06-26T07:40:36.812020+00:00,0xd26cee061a5b0d0f82fcb2457d5de1bb3334659b47dff621b8d511e56e10a868,BTC,NO,low,medium,medium,0.019999999999999924,0.0,0.0,0.0,0.01,False,0.04,0.0011999999999999969
executable_quote_5s_250_shares,2,2026-06-26T07:45:32.818637+00:00,0x7f26a6a9237c0ddf229911a7c90349ed1f8b495468cbf2c8182a92f7cfc7a0e8,ETH,YES,low,medium,medium,0.06000000000000001,0.0,0.0,0.0,0.01,False,0.20264,0.008105599999999998
executable_quote_5s_250_shares,2,2026-06-26T07:45:38.808508+00:00,0x7f26a6a9237c0ddf229911a7c90349ed1f8b495468cbf2c8182a92f7cfc7a0e8,ETH,YES,low,medium,medium,0.039999999999999994,0.0,0.0,0.0,0.01,False,0.1092,-0.004368000000000003
executable_quote_5s_250_shares,2,2026-06-26T08:00:30.814345+00:00,0xe6a382ea25b9a95e964f4832e995c5e02cc31115908a9ef32975a67d8f3ede20,SOL,NO,low,medium,medium,0.10499999999999994,0.0,0.0,0.0,0.01,False,0.056,-0.0033599999999999962
executable_quote_5s_250_shares,3,2026-07-01T21:38:34.364551+00:00,0xccddd1603d20c4477f2ac4e9f226747d540c9f0fe9ebc85b76cbdd992afa90a5,SOL,YES,low,medium,low,0.18999999999999997,0.0,0.0,0.0,0.01,False,0.02,0.0042
executable_quote_5s_250_shares,3,2026-07-01T21:40:16.374459+00:00,0x1e62581fd9a1f2400a72b0ace91b1149d1dd03a3202a315563efea9499e0e23b,BTC,YES,low,medium,low,0.05000000000000006,0.0,0.0,0.0,0.01,False,0.17148,0.012003600000000012
executable_quote_5s_250_shares,3,2026-07-01T21:40:22.365273+00:00,0x4c09abece310efe0c502e2b081a875d0020f5b30af3c45f19145efd6b791df0b,ETH,YES,medium,medium,low,0.06500000000000002,0.0,0.0,0.0,0.01,False,0.10488,0.0020976000000000024
executable_quote_5s_250_shares,3,2026-07-01T21:40:22.365273+00:00,0x2729a97dbed765fa7f38618dc0399548892a2600fac0138be2d913602762d5e7,SOL,YES,low,medium,low,0.039999999999999994,0.0,0.0,0.0,0.01,False,0.052,-0.0020800000000000016
executable_quote_5s_250_shares,3,2026-07-01T21:40:24.371334+00:00,0x2729a97dbed765fa7f38618dc0399548892a2600fac0138be2d913602762d5e7,SOL,YES,low,medium,low,0.08999999999999998,0.0,0.0,0.0,0.01,False,0.02,0.0017999999999999997
executable_quote_5s_250_shares,3,2026-07-01T21:41:12.371170+00:00,0x2729a97dbed765fa7f38618dc0399548892a2600fac0138be2d913602762d5e7,SOL,YES,low,medium,low,0.04000000000000005,0.0,0.0,0.0,0.01,False,0.1584,0.006336000000000007
executable_quote_5s_250_shares,3,2026-07-01T21:41:40.369327+00:00,0x2729a97dbed765fa7f38618dc0399548892a2600fac0138be2d913602762d5e7,SOL,YES,low,medium,low,-0.059999999999999984,0.0,0.0,0.0,0.01,False,0.02,0.0007999999999999997
executable_quote_5s_250_shares,3,2026-07-01T21:41:46.372488+00:00,0x2729a97dbed765fa7f38618dc0399548892a2600fac0138be2d913602762d5e7,SOL,YES,low,medium,low,0.039999999999999994,0.0,0.0,0.0,0.01,False,0.02,-0.0008000000000000006
executable_quote_5s_250_shares,3,2026-07-01T21:42:04.370096+00:00,0x2729a97dbed765fa7f38618dc0399548892a2600fac0138be2d913602762d5e7,SOL,YES,low,low,low,-0.07500000000000005,0.0,0.0,0.0,0.01,False,0.04312,-0.0025871999999999996
executable_quote_5s_250_shares,3,2026-07-01T21:43:34.364596+00:00,0x4c09abece310efe0c502e2b081a875d0020f5b30af3c45f19145efd6b791df0b,ETH,YES,low,medium,low,0.010000000000000026,0.0,0.0,0.0,0.01,False,0.1008,0.004031999999999999
executable_quote_5s_250_shares,3,2026-07-01T21:43:36.369953+00:00,0x4c09abece310efe0c502e2b081a875d0020f5b30af3c45f19145efd6b791df0b,ETH,YES,low,medium,low,0.01999999999999998,0.0,0.0,0.0,0.01,False,0.0756,0.0022679999999999983
executable_quote_5s_250_shares,3,2026-07-01T21:43:40.367946+00:00,0x4c09abece310efe0c502e2b081a875d0020f5b30af3c45f19145efd6b791df0b,ETH,YES,low,medium,low,0.039999999999999994,0.0,0.0,0.0,0.01,False,0.24564,0.012281999999999986
executable_quote_5s_250_shares,3,2026-07-01T21:52:36.373289+00:00,0x0dcd227003d8b96eb66b8db71c3ef9f315a3aae8716e4d49d11b359a8b6c27fa,ETH,YES,low,low,low,0.3499999999999999,0.0,0.0,0.0,0.01,False,0.04,0.000800000000000001
executable_quote_5s_250_shares,3,2026-07-01T22:25:06.371629+00:00,0x3eadf4ee01511b615676265099963fabcf242d0d9e7b7e4b982686e0262ce98b,ETH,YES,low,medium,medium,0.020000000000000035,0.0,0.0,0.0,0.01,False,0.06116,0.0024463999999999957
executable_quote_5s_250_shares,3,2026-07-01T22:25:44.366323+00:00,0x2b139d670d2706c6264dad011bc4e96df04633695a4fc75b669830f39f6693ce,BTC,NO,low,medium,medium,0.020000000000000035,0.0,0.0,0.0,0.01,False,0.18044,-0.007217600000000005
executable_quote_5s_250_shares,3,2026-07-01T22:25:46.373589+00:00,0x2b139d670d2706c6264dad011bc4e96df04633695a4fc75b669830f39f6693ce,BTC,NO,low,medium,low,0.020000000000000035,0.0,0.0,0.0,0.01,False,1.0,-0.04000000000000003
executable_quote_5s_250_shares,3,2026-07-01T22:25:48.363737+00:00,0x2b139d670d2706c6264dad011bc4e96df04633695a4fc75b669830f39f6693ce,BTC,NO,low,low,low,0.03999999999999994,0.0,0.0,0.0,0.01,False,0.03084,0.0015420000000000015
executable_quote_5s_250_shares,3,2026-07-01T22:25:50.368975+00:00,0x2b139d670d2706c6264dad011bc4e96df04633695a4fc75b669830f39f6693ce,BTC,NO,medium,low,medium,-0.05999999999999993,0.0,0.0,0.0,0.01,False,0.111,0.002220000000000003
executable_quote_5s_250_shares,3,2026-07-01T22:25:56.371175+00:00,0x2b139d670d2706c6264dad011bc4e96df04633695a4fc75b669830f39f6693ce,BTC,NO,medium,medium,medium,0.019999999999999924,0.0,0.0,0.0,0.01,False,0.048,0.0009600000000000012
executable_quote_5s_250_shares,3,2026-07-01T22:25:58.364472+00:00,0x071de439b9cfba5f3b67356a7c3b0685206f6f943a789b6467311d34691aa135,SOL,NO,low,medium,low,0.010000000000000026,0.0,0.0,0.0,0.01,False,0.04,0.000800000000000001
executable_quote_5s_250_shares,3,2026-07-01T22:26:00.369709+00:00,0x2b139d670d2706c6264dad011bc4e96df04633695a4fc75b669830f39f6693ce,BTC,NO,medium,low,medium,0.02500000000000004,0.0,0.0,0.0,0.01,False,0.04,0.000800000000000001
executable_quote_5s_250_shares,3,2026-07-01T22:31:02.362104+00:00,0x5330f3288d309b2bb246086f6cf4d139e782acd5b44784839259604ae5e9f369,BTC,NO,low,low,low,0.05500000000000001,0.0,0.0,0.0,0.01,False,0.028,-0.001399999999999998
executable_quote_5s_250_shares,3,2026-07-01T22:31:16.364882+00:00,0x5330f3288d309b2bb246086f6cf4d139e782acd5b44784839259604ae5e9f369,BTC,NO,low,medium,low,0.03499999999999999,0.0,0.0,0.0,0.01,False,1.0,-0.08000000000000006
executable_quote_5s_250_shares,3,2026-07-01T22:31:16.364882+00:00,0x8145a3bfddc61cdf01d45026aed596f0878c260884e8315caa000f5e42143a61,ETH,NO,low,medium,low,0.039999999999999994,0.0,0.0,0.0,0.01,False,0.12124,-0.010911599999999995
executable_quote_5s_250_shares,3,2026-07-01T22:31:18.370517+00:00,0x5330f3288d309b2bb246086f6cf4d139e782acd5b44784839259604ae5e9f369,BTC,NO,low,medium,medium,0.010000000000000026,0.0,0.0,0.0,0.01,False,1.0,-0.08000000000000006
executable_quote_5s_250_shares,3,2026-07-01T22:31:20.361313+00:00,0x8145a3bfddc61cdf01d45026aed596f0878c260884e8315caa000f5e42143a61,ETH,NO,low,medium,low,-0.05000000000000003,0.0,0.0,0.0,0.01,False,0.12395999999999999,0.008677199999999994
executable_quote_5s_250_shares,3,2026-07-01T22:31:22.369278+00:00,0x8145a3bfddc61cdf01d45026aed596f0878c260884e8315caa000f5e42143a61,ETH,NO,low,medium,low,-0.08999999999999996,0.0,0.0,0.0,0.01,False,0.091,0.006369999999999996
executable_quote_5s_250_shares,3,2026-07-01T22:31:34.363478+00:00,0x5330f3288d309b2bb246086f6cf4d139e782acd5b44784839259604ae5e9f369,BTC,NO,low,medium,low,0.030000000000000044,0.0,0.0,0.0,0.01,False,0.448,0.013440000000000016
executable_quote_5s_250_shares,3,2026-07-01T22:32:00.371088+00:00,0x26690f30c8250f214c3c585bafacecfe21ca18c719caac4709c063c6d47267b4,SOL,NO,low,medium,medium,0.045,0.0,0.0,0.0,0.01,False,0.028,-0.0016800000000000014
executable_quote_5s_250_shares,3,2026-07-01T22:32:02.361988+00:00,0x26690f30c8250f214c3c585bafacecfe21ca18c719caac4709c063c6d47267b4,SOL,NO,low,medium,medium,0.020000000000000035,0.0,0.0,0.0,0.01,False,0.15519999999999998,-0.010864000000000006
executable_quote_5s_250_shares,3,2026-07-01T22:32:06.360504+00:00,0x26690f30c8250f214c3c585bafacecfe21ca18c719caac4709c063c6d47267b4,SOL,NO,low,high,medium,-0.05000000000000003,0.0,0.0,0.0,0.01,False,0.01068,-0.0014952000000000001
executable_quote_5s_250_shares,3,2026-07-01T22:32:10.374054+00:00,0x26690f30c8250f214c3c585bafacecfe21ca18c719caac4709c063c6d47267b4,SOL,NO,low,medium,low,-0.13999999999999999,0.0,0.0,0.0,0.01,False,0.0224,-0.002463999999999999
executable_quote_5s_250_shares,3,2026-07-01T22:32:18.369405+00:00,0x8145a3bfddc61cdf01d45026aed596f0878c260884e8315caa000f5e42143a61,ETH,NO,low,medium,medium,0.059999999999999956,0.0,0.0,0.0,0.01,False,0.06459999999999999,-0.003230000000000002
executable_quote_5s_250_shares,3,2026-07-01T22:32:22.368939+00:00,0x5330f3288d309b2bb246086f6cf4d139e782acd5b44784839259604ae5e9f369,BTC,NO,low,medium,medium,0.010000000000000026,0.0,0.0,0.0,0.01,False,1.0,-0.04000000000000003
executable_quote_5s_250_shares,3,2026-07-01T22:32:28.372665+00:00,0x8145a3bfddc61cdf01d45026aed596f0878c260884e8315caa000f5e42143a61,ETH,NO,low,medium,low,-0.09500000000000001,0.0,0.0,0.0,0.01,False,0.052,-0.002599999999999996
executable_quote_5s_250_shares,3,2026-07-01T22:32:54.365688+00:00,0x8145a3bfddc61cdf01d45026aed596f0878c260884e8315caa000f5e42143a61,ETH,NO,low,medium,low,0.05,0.0,0.0,0.0,0.01,False,0.012,-0.0006000000000000005
executable_quote_5s_250_shares,3,2026-07-01T22:33:02.361345+00:00,0x5330f3288d309b2bb246086f6cf4d139e782acd5b44784839259604ae5e9f369,BTC,NO,medium,medium,medium,0.13000000000000003,0.0,0.0,0.0,0.01,False,0.18464,-0.024003200000000002
executable_quote_5s_250_shares,3,2026-07-01T22:33:02.361345+00:00,0x8145a3bfddc61cdf01d45026aed596f0878c260884e8315caa000f5e42143a61,ETH,NO,low,medium,low,0.09999999999999999,0.0,0.0,0.0,0.01,False,0.1,0.007999999999999986
executable_quote_5s_250_shares,3,2026-07-01T22:33:02.361345+00:00,0x26690f30c8250f214c3c585bafacecfe21ca18c719caac4709c063c6d47267b4,SOL,NO,low,medium,low,0.07500000000000002,0.0,0.0,0.0,0.01,False,0.02,0.001000000000000001
executable_quote_5s_250_shares,3,2026-07-01T22:33:04.368866+00:00,0x26690f30c8250f214c3c585bafacecfe21ca18c719caac4709c063c6d47267b4,SOL,NO,low,medium,low,0.05,0.0,0.0,0.0,0.01,False,0.02,0.0006000000000000007
executable_quote_5s_250_shares,3,2026-07-01T22:33:20.375116+00:00,0x5330f3288d309b2bb246086f6cf4d139e782acd5b44784839259604ae5e9f369,BTC,NO,low,medium,low,0.03999999999999994,0.0,0.0,0.0,0.01,False,0.56728,0.039709600000000046
executable_quote_5s_250_shares,3,2026-07-01T22:33:22.368132+00:00,0x26690f30c8250f214c3c585bafacecfe21ca18c719caac4709c063c6d47267b4,SOL,NO,medium,medium,low,0.22000000000000006,0.0,0.0,0.0,0.01,False,0.35008,-0.01400320000000001
executable_quote_5s_250_shares,3,2026-07-01T22:33:58.367410+00:00,0x26690f30c8250f214c3c585bafacecfe21ca18c719caac4709c063c6d47267b4,SOL,NO,low,medium,low,-0.12999999999999998,0.0,0.0,0.0,0.01,False,0.07168000000000001,0.007168
executable_quote_5s_250_shares,3,2026-07-01T22:36:04.365503+00:00,0x06bf7937a18769d86039ea4ed35e5e8edd2a5c73d2ee04faffe90363450f8e3c,SOL,YES,low,medium,low,0.12499999999999996,0.0,0.0,0.0,0.01,False,0.13648,0.004094400000000004
executable_quote_5s_250_shares,3,2026-07-01T23:41:58.370401+00:00,0x8d22580ded9a1c9bb43a9581787566efeccc0dff2ba6843eef73d5789b5ad805,SOL,NO,low,low,medium,0.29,0.0,0.0,0.0,0.01,False,0.11508,-0.008055599999999993
executable_quote_5s_250_shares,3,2026-07-02T00:15:04.370549+00:00,0xa961035fe332ff6a397489f4b23cb720ae57b84d866a526858b47a7300270c12,SOL,YES,low,medium,medium,0.06999999999999997,0.0,0.0,0.0,0.01,False,0.18,0.00900000000000001
executable_quote_5s_250_shares,3,2026-07-02T00:36:00.373439+00:00,0x0b7afa9b0852f4da0eb237bf817bcb7f8aef5e68dd95d52baba20abc06c16376,SOL,YES,low,medium,medium,0.010000000000000026,0.0,0.0,0.0,0.01,False,0.11408,0.005703999999999993
executable_quote_5s_250_shares,3,2026-07-02T02:22:40.364603+00:00,0x8388cdf918fa7cb09ae4a5325b4c5f307e17be11af5350e73ae08cf56bb4fece,ETH,NO,low,medium,medium,0.059999999999999956,0.0,0.0,0.0,0.01,False,0.016800000000000002,0.00033600000000000047
executable_quote_5s_250_shares,3,2026-07-02T02:30:34.366427+00:00,0xb3e27db391946f1a5ab1d3c3b4a5b8c59d663d3684d960d98f37b7def0df3075,ETH,NO,low,low,medium,0.039999999999999994,0.0,0.0,0.0,0.01,False,0.01092,0.00021840000000000024
executable_quote_5s_250_shares,3,2026-07-02T02:30:38.363447+00:00,0xb3e27db391946f1a5ab1d3c3b4a5b8c59d663d3684d960d98f37b7def0df3075,ETH,NO,low,medium,medium,0.030000000000000044,0.0,0.0,0.0,0.01,False,0.02,-0.004800000000000002
executable_quote_5s_250_shares,3,2026-07-02T03:06:42.363431+00:00,0xd97c09881b1dc40d77cafc681e2b0b8577f654e19c6a1a83914d678d7f9bdf2c,SOL,YES,low,medium,medium,0.059999999999999956,0.0,0.0,0.0,0.01,False,0.064,-0.0032000000000000023
executable_quote_5s_250_shares,3,2026-07-02T03:38:34.375507+00:00,0xd69c5b7ce1b66fe7745e070b544d04de2517e4b2093ff8309c5573bb8b38ce57,SOL,YES,low,medium,medium,0.13999999999999999,0.0,0.0,0.0,0.01,False,0.088,0.007919999999999998
executable_quote_5s_250_shares,3,2026-07-02T03:50:04.372378+00:00,0xcd593facad3a6092d5974b7ee969c8f3ff778c58031a7baac893ebf627d14b9d,ETH,YES,high,medium,medium,0.24000000000000002,0.0,0.0,0.0,0.01,False,0.04256,-0.0017024000000000013
executable_quote_5s_250_shares,3,2026-07-02T03:58:18.368322+00:00,0x947e5ddb9a353ecb65bc2faa7bce21ded36808053545239573a7c43756401557,SOL,NO,low,medium,medium,0.059999999999999956,0.0,0.0,0.0,0.01,False,0.03108,0.0018647999999999985
executable_quote_5s_250_shares,3,2026-07-02T04:22:28.365589+00:00,0x8552d47c45da4f6202022c51d4d7ff51b0064f2cd42e482f6fc524d37f7ed891,SOL,NO,low,medium,medium,0.08999999999999998,0.0,0.0,0.0,0.01,False,0.01912,0.0005735999999999985
executable_quote_5s_250_shares,3,2026-07-02T06:11:32.366824+00:00,0xbd4e2fd8dfbdf679456a5c936fa4db4595434055fa7990b727e863efdb73d6fe,SOL,YES,low,medium,medium,0.09999999999999999,0.0,0.0,0.0,0.01,False,0.024,0.0012000000000000012
executable_quote_5s_250_shares,3,2026-07-02T07:55:46.373480+00:00,0x80bb349ee2b85081e290db4561ebb007ca2a8b5721eec05ce98488d10dbdc84f,ETH,NO,low,medium,medium,-0.07000000000000005,0.0,0.0,0.0,0.01,False,0.1,-0.009999999999999997
executable_quote_5s_250_shares,3,2026-07-02T07:57:42.360831+00:00,0xf9f5ce604030e965827e405652c34595fca9803264f266f106ead15d7fbb64ac,BTC,YES,low,medium,medium,-0.17,0.0,0.0,0.0,0.01,False,1.0,0.06000000000000003
executable_quote_5s_250_shares,3,2026-07-02T07:57:44.366499+00:00,0xf9f5ce604030e965827e405652c34595fca9803264f266f106ead15d7fbb64ac,BTC,YES,low,high,medium,0.08499999999999998,0.0,0.0,0.0,0.01,False,0.7600399999999999,-0.060803199999999974
executable_quote_5s_250_shares,3,2026-07-02T08:08:54.370330+00:00,0x217a508e23290f5918a6837d836f77a3f88255f2e4fe43a9a2cce242409a7db6,ETH,YES,low,medium,high,-0.02,0.0,0.0,0.0,0.01,False,0.256,-0.005120000000000003
executable_quote_5s_250_shares,3,2026-07-02T08:31:14.363819+00:00,0x5d2ccbd18015d1eb9a97902f684b591555d9a4ff0610ff201c2f1f8538a929b1,SOL,YES,low,medium,medium,0.01999999999999998,0.0,0.0,0.0,0.01,False,0.2,0.014000000000000005
executable_quote_5s_250_shares,3,2026-07-02T08:31:18.364598+00:00,0x5d2ccbd18015d1eb9a97902f684b591555d9a4ff0610ff201c2f1f8538a929b1,SOL,YES,low,medium,medium,0.09500000000000004,0.0,0.0,0.0,0.01,False,0.17648,0.012353600000000003
executable_quote_5s_250_shares,3,2026-07-02T09:00:24.371490+00:00,0x96ddd482cd2ee1a173dbde4538ed2007620845c0e462dbfcc969d36209beb1ce,SOL,NO,low,medium,medium,-0.059999999999999984,0.0,0.0,0.0,0.01,False,0.02,0.001800000000000002
executable_quote_5s_250_shares,3,2026-07-02T09:00:34.362867+00:00,0x96ddd482cd2ee1a173dbde4538ed2007620845c0e462dbfcc969d36209beb1ce,SOL,NO,low,medium,medium,0.09999999999999994,0.0,0.0,0.0,0.01,False,0.02,-0.0018000000000000013
executable_quote_5s_250_shares,3,2026-07-02T09:00:48.368690+00:00,0x96ddd482cd2ee1a173dbde4538ed2007620845c0e462dbfcc969d36209beb1ce,SOL,NO,low,high,medium,0.04499999999999994,0.0,0.0,0.0,0.01,False,0.02,-0.0018000000000000013
executable_quote_5s_250_shares,3,2026-07-02T09:00:52.369633+00:00,0x96ddd482cd2ee1a173dbde4538ed2007620845c0e462dbfcc969d36209beb1ce,SOL,NO,low,medium,medium,0.04999999999999995,0.0,0.0,0.0,0.01,False,0.01776,-0.0017760000000000015
executable_quote_5s_250_shares,3,2026-07-02T09:01:04.370531+00:00,0x96ddd482cd2ee1a173dbde4538ed2007620845c0e462dbfcc969d36209beb1ce,SOL,NO,low,medium,medium,0.010000000000000026,0.0,0.0,0.0,0.01,False,0.00124,-7.440000000000006e-05
executable_quote_5s_250_shares,3,2026-07-02T09:01:06.361857+00:00,0x96ddd482cd2ee1a173dbde4538ed2007620845c0e462dbfcc969d36209beb1ce,SOL,NO,low,medium,medium,0.010000000000000026,0.0,0.0,0.0,0.01,False,0.00124,-7.440000000000006e-05
executable_quote_5s_250_shares,3,2026-07-02T09:10:36.374495+00:00,0xbe2fec169e982831aa0a3f5a98442f7e0793c4af803bb920266ae6a7d43b3101,SOL,YES,low,medium,medium,-0.06999999999999999,0.0,0.0,0.0,0.01,False,0.02456,-0.0012280000000000008
executable_quote_5s_250_shares,3,2026-07-02T09:11:08.370966+00:00,0xbe2fec169e982831aa0a3f5a98442f7e0793c4af803bb920266ae6a7d43b3101,SOL,YES,low,medium,medium,0.010000000000000026,0.0,0.0,0.0,0.01,False,0.064,0.001919999999999995
executable_quote_5s_250_shares,3,2026-07-02T09:26:52.371394+00:00,0xe41189d0cceabac9697f126f3ff12806192b7fb894edecb0106a0cc6738db731,ETH,YES,low,medium,medium,0.30999999999999994,0.0,0.0,0.0,0.01,False,0.23564,-0.014138399999999983
executable_quote_5s_250_shares,3,2026-07-02T09:35:10.366702+00:00,0x22928e0772859e6323b5722fc85857ebc2843ce5f3002b574d2bfdaa76aefda9,SOL,YES,low,medium,medium,0.02999999999999999,0.0,0.0,0.0,0.01,False,0.32968000000000003,0.009890400000000013
executable_quote_5s_250_shares,3,2026-07-02T09:55:44.372085+00:00,0x76314474e6d37d9996d64a209cef82a7d8ccbce36c7c87add2f24e7497a7816c,BTC,NO,low,high,medium,0.09999999999999999,0.0,0.0,0.0,0.01,False,0.01264,-0.0024016000000000007
executable_quote_5s_250_shares,3,2026-07-02T09:55:54.363634+00:00,0x1f1dd57c6e8f84731f3eca11a122596fc016822900b9a36563483ec6f84c36d4,SOL,NO,low,medium,medium,-0.08,0.0,0.0,0.0,0.01,False,0.02,-0.001200000000000001
executable_quote_5s_250_shares,3,2026-07-02T09:56:18.361978+00:00,0x1f1dd57c6e8f84731f3eca11a122596fc016822900b9a36563483ec6f84c36d4,SOL,NO,low,medium,medium,0.035000000000000045,0.0,0.0,0.0,0.01,False,0.4734,0.028403999999999974
executable_quote_5s_250_shares,3,2026-07-02T09:56:24.369489+00:00,0x1f1dd57c6e8f84731f3eca11a122596fc016822900b9a36563483ec6f84c36d4,SOL,NO,low,medium,medium,0.059999999999999956,0.0,0.0,0.0,0.01,False,0.072,0.0014400000000000016
executable_quote_5s_250_shares,3,2026-07-02T09:56:42.365883+00:00,0x76314474e6d37d9996d64a209cef82a7d8ccbce36c7c87add2f24e7497a7816c,BTC,NO,low,medium,medium,0.03999999999999994,0.0,0.0,0.0,0.01,False,1.0,-0.049999999999999926
executable_quote_5s_250_shares,3,2026-07-02T09:56:46.366917+00:00,0x76314474e6d37d9996d64a209cef82a7d8ccbce36c7c87add2f24e7497a7816c,BTC,NO,low,medium,medium,0.010000000000000026,0.0,0.0,0.0,0.01,False,0.04308,0.0008616000000000011
executable_quote_5s_250_shares,3,2026-07-02T09:58:16.363073+00:00,0x1f1dd57c6e8f84731f3eca11a122596fc016822900b9a36563483ec6f84c36d4,SOL,NO,low,medium,medium,0.03999999999999994,0.0,0.0,0.0,0.01,False,0.06676,0.0013352000000000017
executable_quote_5s_250_shares,3,2026-07-02T10:28:54.362470+00:00,0x5b8a5202ab816574a4572fb9d28ff7ada354d9668318b56a3644f04c39738f84,SOL,NO,low,medium,medium,0.04000000000000005,0.0,0.0,0.0,0.01,False,0.02,-0.0010000000000000007
executable_quote_5s_250_shares,3,2026-07-02T10:28:56.368829+00:00,0x5b8a5202ab816574a4572fb9d28ff7ada354d9668318b56a3644f04c39738f84,SOL,NO,low,medium,medium,0.01999999999999998,0.0,0.0,0.0,0.01,False,0.02,-0.001200000000000001
executable_quote_5s_250_shares,3,2026-07-02T10:33:10.363766+00:00,0x6700add2442ac52e76696ea3dd458416e2e1d5ab9e770499a85347b7e866d616,SOL,YES,low,medium,medium,0.25,0.0,0.0,0.0,0.01,False,0.00184,5.520000000000006e-05
executable_quote_5s_250_shares,3,2026-07-02T10:37:00.364893+00:00,0x465c10bb8102a8ec311965c7f7b77727b332f80e8cd87847b212b6350accd796,SOL,YES,medium,medium,medium,0.06500000000000002,0.0,0.0,0.0,0.01,False,0.04,-0.0024
executable_quote_5s_250_shares,3,2026-07-02T10:40:18.374682+00:00,0xb6fcc6f9d2dd9571635233fc09a863999351b0fdcf8df2b3a54b65954c4156d0,SOL,NO,medium,medium,medium,0.06999999999999997,0.0,0.0,0.0,0.01,False,0.0182,-0.0007280000000000006
executable_quote_5s_250_shares,3,2026-07-02T10:55:06.372034+00:00,0x88416fcd563a9ffe6e611423ab3340c17488dc22b7d96f92571269bffc042195,SOL,NO,low,medium,medium,0.01499999999999992,0.0,0.0,0.0,0.01,False,0.08816,0.002644800000000003
executable_quote_5s_250_shares,3,2026-07-02T11:00:12.369501+00:00,0x7a3fd80678cd42bf2a8b58076455dbb4318bf9108db524760e8b4127b426fa76,SOL,NO,low,medium,medium,0.03999999999999994,0.0,0.0,0.0,0.01,False,0.026879999999999998,-0.0010752000000000008
executable_quote_5s_250_shares,3,2026-07-02T11:10:20.365901+00:00,0xae1161ad8055f5b09cd7c8038ea97feb7f79f231202f647ce33f68cdce265897,SOL,YES,high,high,medium,0.215,0.0,0.0,0.0,0.01,False,0.058159999999999996,0.004071199999999998
executable_quote_5s_250_shares,3,2026-07-02T12:10:22.361984+00:00,0x8362eee619c3c068724b9acc69306f29dd57c5fb122ca23de731c60f166d74d8,SOL,NO,low,medium,medium,0.010000000000000026,0.0,0.0,0.0,0.01,False,0.0864,-0.0043200000000000035
executable_quote_5s_250_shares,3,2026-07-02T12:10:26.361078+00:00,0x8362eee619c3c068724b9acc69306f29dd57c5fb122ca23de731c60f166d74d8,SOL,NO,low,medium,medium,-0.059999999999999984,0.0,0.0,0.0,0.01,False,0.0224,-0.0011199999999999984
executable_quote_5s_250_shares,3,2026-07-02T12:11:18.362800+00:00,0x8362eee619c3c068724b9acc69306f29dd57c5fb122ca23de731c60f166d74d8,SOL,NO,low,medium,medium,0.05,0.0,0.0,0.0,0.01,False,0.04,-0.0016000000000000012
executable_quote_5s_250_shares,3,2026-07-02T12:12:22.363070+00:00,0x8362eee619c3c068724b9acc69306f29dd57c5fb122ca23de731c60f166d74d8,SOL,NO,low,medium,medium,0.030000000000000044,0.0,0.0,0.0,0.01,False,0.02,-0.001200000000000001
executable_quote_5s_250_shares,3,2026-07-02T12:13:38.365899+00:00,0x8362eee619c3c068724b9acc69306f29dd57c5fb122ca23de731c60f166d74d8,SOL,NO,medium,high,medium,0.23500000000000001,0.0,0.0,0.0,0.01,False,0.0688,-0.002752000000000002
executable_quote_5s_250_shares,3,2026-07-02T12:20:04.364161+00:00,0x94bb631dd01221e07f00ab03feccab66c46ce389a1e7d203fe282aa6d209c589,SOL,YES,low,medium,medium,0.029999999999999933,0.0,0.0,0.0,0.01,False,0.02,0.001199999999999999
executable_quote_5s_250_shares,3,2026-07-02T12:30:04.364786+00:00,0x9215a5c313d78c2a336728a748b73687bc826021a656e9a0d76746f2f5023043,BTC,YES,high,medium,medium,0.265,0.0,0.0,0.0,0.01,False,0.024480000000000002,0.0058752000000000006
executable_quote_5s_250_shares,3,2026-07-02T12:30:16.366322+00:00,0xfdd4d7f9eadc398c0df23a59aadb9ee61a56855c54b6ac9520602a5973e42087,SOL,YES,low,high,medium,-0.13999999999999999,0.0,0.0,0.0,0.01,False,0.08,-0.003999999999999998
executable_quote_5s_250_shares,3,2026-07-02T12:30:20.366935+00:00,0xfdd4d7f9eadc398c0df23a59aadb9ee61a56855c54b6ac9520602a5973e42087,SOL,YES,low,high,medium,0.02999999999999999,0.0,0.0,0.0,0.01,False,0.03164,-0.004429599999999999
executable_quote_5s_250_shares,3,2026-07-02T12:30:22.364919+00:00,0xfdd4d7f9eadc398c0df23a59aadb9ee61a56855c54b6ac9520602a5973e42087,SOL,YES,low,medium,medium,-0.13999999999999999,0.0,0.0,0.0,0.01,False,0.1368,0.012311999999999998
executable_quote_5s_250_shares,3,2026-07-02T12:30:36.362455+00:00,0xfdd4d7f9eadc398c0df23a59aadb9ee61a56855c54b6ac9520602a5973e42087,SOL,YES,low,medium,medium,0.12999999999999998,0.0,0.0,0.0,0.01,False,0.0012,-0.000276
executable_quote_5s_250_shares,3,2026-07-02T12:31:22.373383+00:00,0x988287eee8e697b0d1d2625d38528f0175f8d3b585148a236428390c8e5bd7a0,ETH,NO,low,medium,medium,0.034999999999999934,0.0,0.0,0.0,0.01,False,0.124,0.0037199999999999902
executable_quote_5s_250_shares,3,2026-07-02T12:31:28.373272+00:00,0x9215a5c313d78c2a336728a748b73687bc826021a656e9a0d76746f2f5023043,BTC,NO,low,high,medium,0.05500000000000001,0.0,0.0,0.0,0.01,False,0.08,0.0023999999999999937
executable_quote_5s_250_shares,3,2026-07-02T12:33:18.366598+00:00,0x9215a5c313d78c2a336728a748b73687bc826021a656e9a0d76746f2f5023043,BTC,NO,low,medium,medium,0.08999999999999998,0.0,0.0,0.0,0.01,False,0.12287999999999999,-0.007372799999999991
executable_quote_5s_250_shares,3,2026-07-02T12:40:48.374599+00:00,0xb38f8c90a79ba7fb9e3926511611e2a97e69f95d8567e5459f176624c5d78e7e,SOL,YES,low,medium,medium,0.04999999999999995,0.0,0.0,0.0,0.01,False,0.26392000000000004,0.010556800000000014
executable_quote_5s_250_shares,3,2026-07-02T13:01:06.370199+00:00,0xfdc8ee5a5355786246c8c350b1b6d392d7b0b20b2f4112d995400e6d41587033,BTC,NO,low,medium,medium,0.08499999999999998,0.0,0.0,0.0,0.01,False,0.02,-0.001200000000000001
executable_quote_5s_250_shares,3,2026-07-02T13:01:06.370199+00:00,0x7da2825f125571140c598bebdc47a2efcc90d5bbe3f36da9ed64a66a0758a57e,ETH,NO,low,low,medium,0.06499999999999996,0.0,0.0,0.0,0.01,False,0.063,0.0012600000000000016
executable_quote_5s_250_shares,3,2026-07-02T13:05:14.362350+00:00,0x7b81aecfe918b4400a38bb7e82faf16214e86526a59365a1a1f57891d5e02184,SOL,YES,low,medium,medium,0.12000000000000001,0.0,0.0,0.0,0.01,False,0.032,0.0009600000000000011
executable_quote_5s_250_shares,3,2026-07-02T13:10:08.372139+00:00,0x0b7e0ca6f5af7203bbc20de90e6a874b459992dfe7ec7d26ca84605690a8971f,SOL,NO,low,medium,medium,0.05499999999999995,0.0,0.0,0.0,0.01,False,0.02748,-0.001373999999999998
executable_quote_5s_250_shares,3,2026-07-02T13:26:26.363015+00:00,0xabaf563b7f6a9dc2645946d31ce8af8645de6d2409cef51803fb0999c9061f3e,ETH,NO,low,medium,medium,-0.08,0.0,0.0,0.0,0.01,False,0.12,-0.025200000000000007
executable_quote_5s_250_shares,3,2026-07-02T13:26:28.373900+00:00,0xabaf563b7f6a9dc2645946d31ce8af8645de6d2409cef51803fb0999c9061f3e,ETH,NO,low,medium,medium,0.11999999999999995,0.0,0.0,0.0,0.01,False,0.024,-0.002159999999999999
executable_quote_5s_250_shares,3,2026-07-02T13:32:06.370617+00:00,0xbfdaa1afb46e82ff47ba344bc098d1ae028cd939a030c6672402ca1475988d70,ETH,NO,low,medium,medium,0.02,0.0,0.0,0.0,0.01,False,0.07632,-0.003052800000000002
executable_quote_5s_250_shares,3,2026-07-02T13:32:14.374959+00:00,0xbfdaa1afb46e82ff47ba344bc098d1ae028cd939a030c6672402ca1475988d70,ETH,NO,high,medium,medium,-0.04000000000000001,0.0,0.0,0.0,0.01,False,0.048,-0.002400000000000002
executable_quote_5s_250_shares,3,2026-07-02T13:33:40.375151+00:00,0xbfdaa1afb46e82ff47ba344bc098d1ae028cd939a030c6672402ca1475988d70,ETH,YES,low,medium,high,-0.02,0.0,0.0,0.0,0.01,False,0.048,-0.0009600000000000006
executable_quote_5s_250_shares,3,2026-07-02T13:35:10.368025+00:00,0x7798cca819d8b656cf9130a5ea5d871975f4227bea6b3d22ec3b1b6de4584fc0,BTC,NO,medium,medium,medium,0.14499999999999993,0.0,0.0,0.0,0.01,False,0.20928,-0.010463999999999984
executable_quote_5s_250_shares,3,2026-07-02T13:37:02.366507+00:00,0xcd4afc8eb6c83c8d8dada852de775b7cc1e7cfaf722f03972c1d93abc1d9cf09,ETH,YES,low,medium,medium,-0.05499999999999998,0.0,0.0,0.0,0.01,False,0.17152,0.0102912
executable_quote_5s_250_shares,3,2026-07-02T13:37:06.370427+00:00,0x7798cca819d8b656cf9130a5ea5d871975f4227bea6b3d22ec3b1b6de4584fc0,BTC,NO,low,medium,medium,0.06499999999999996,0.0,0.0,0.0,0.01,False,0.04064,-0.006095999999999996
executable_quote_5s_250_shares,3,2026-07-02T13:37:14.375069+00:00,0x7798cca819d8b656cf9130a5ea5d871975f4227bea6b3d22ec3b1b6de4584fc0,BTC,NO,low,medium,medium,0.07499999999999997,0.0,0.0,0.0,0.01,False,0.08784,-0.0043920000000000035
executable_quote_5s_250_shares,3,2026-07-02T13:45:04.364924+00:00,0x6b9167a59028831cc69fc27a631ba5f99da00742fcac16501ddd54b155929c85,ETH,YES,medium,medium,medium,0.014999999999999975,0.0,0.0,0.0,0.01,False,0.08744,-0.0061208
executable_quote_5s_250_shares,3,2026-07-02T13:45:08.364326+00:00,0x6b9167a59028831cc69fc27a631ba5f99da00742fcac16501ddd54b155929c85,ETH,YES,low,medium,medium,0.02999999999999999,0.0,0.0,0.0,0.01,False,0.08744,-0.0061208
executable_quote_5s_250_shares,3,2026-07-02T13:45:12.367704+00:00,0x6b9167a59028831cc69fc27a631ba5f99da00742fcac16501ddd54b155929c85,ETH,YES,low,medium,medium,-0.055000000000000035,0.0,0.0,0.0,0.01,False,0.15752000000000002,-0.012601600000000003
executable_quote_5s_250_shares,3,2026-07-02T13:46:08.369291+00:00,0x6b9167a59028831cc69fc27a631ba5f99da00742fcac16501ddd54b155929c85,ETH,YES,low,medium,medium,0.02999999999999999,0.0,0.0,0.0,0.01,False,0.0248,0.0004960000000000006
executable_quote_5s_250_shares,3,2026-07-02T13:46:10.366715+00:00,0x165f83111bc6b855ddff03cee955479de1945e82de0c22a4af0e20b7a4611166,SOL,YES,low,medium,medium,0.010000000000000026,0.0,0.0,0.0,0.01,False,0.06868,0.0020603999999999987
executable_quote_5s_250_shares,3,2026-07-02T13:46:12.374640+00:00,0x6b9167a59028831cc69fc27a631ba5f99da00742fcac16501ddd54b155929c85,ETH,YES,medium,medium,medium,0.01999999999999998,0.0,0.0,0.0,0.01,False,0.1684,-0.008419999999999997
executable_quote_5s_250_shares,3,2026-07-02T13:46:20.368608+00:00,0x6b9167a59028831cc69fc27a631ba5f99da00742fcac16501ddd54b155929c85,ETH,YES,medium,medium,medium,0.02999999999999999,0.0,0.0,0.0,0.01,False,0.116,-0.00928
executable_quote_5s_250_shares,3,2026-07-02T13:46:22.365708+00:00,0x165f83111bc6b855ddff03cee955479de1945e82de0c22a4af0e20b7a4611166,SOL,YES,low,medium,medium,-0.06999999999999999,0.0,0.0,0.0,0.01,False,0.04,-0.0016000000000000012
executable_quote_5s_250_shares,3,2026-07-02T13:46:28.366021+00:00,0x6b9167a59028831cc69fc27a631ba5f99da00742fcac16501ddd54b155929c85,ETH,YES,low,medium,medium,-0.09000000000000001,0.0,0.0,0.0,0.01,False,0.068,0.0020400000000000023
executable_quote_5s_250_shares,3,2026-07-02T13:46:34.364544+00:00,0x6b9167a59028831cc69fc27a631ba5f99da00742fcac16501ddd54b155929c85,ETH,YES,low,medium,medium,0.030000000000000044,0.0,0.0,0.0,0.01,False,0.65244,-0.032622000000000026
executable_quote_5s_250_shares,3,2026-07-02T13:46:36.372134+00:00,0x6b9167a59028831cc69fc27a631ba5f99da00742fcac16501ddd54b155929c85,ETH,YES,low,low,medium,-0.07000000000000005,0.0,0.0,0.0,0.01,False,0.00116,-6.959999999999998e-05
executable_quote_5s_250_shares,3,2026-07-02T13:47:28.363479+00:00,0xdf1c68feb520af13e0b1073b5e17ac465273234950edc85062d074363f2f7ea0,BTC,YES,medium,medium,high,0.27499999999999997,0.0,0.0,0.0,0.01,False,0.17924,0.04839480000000001
executable_quote_5s_250_shares,3,2026-07-02T13:47:30.370941+00:00,0x165f83111bc6b855ddff03cee955479de1945e82de0c22a4af0e20b7a4611166,SOL,YES,low,medium,high,0.19999999999999998,0.0,0.0,0.0,0.01,False,0.004,0.0007999999999999998
executable_quote_5s_250_shares,3,2026-07-02T14:00:06.363105+00:00,0x100389b157cf172fa16809d99306f23ca1974adf6fbe025dc09758ed45771b51,BTC,NO,low,medium,medium,0.05500000000000006,0.0,0.0,0.0,0.01,False,1.0,0.030000000000000034
executable_quote_5s_250_shares,3,2026-07-02T14:03:02.371420+00:00,0xba6acf8da6d345173ee24e2b41e7d98ae87fb2f39f6c0d1839c33229ec4b802b,SOL,NO,low,medium,medium,0.030000000000000044,0.0,0.0,0.0,0.01,False,0.02,0.0004000000000000005
executable_quote_5s_250_shares,3,2026-07-02T14:16:42.366798+00:00,0x99bee988b471ce9b6fe317dc281d4f4c4f89040c4dcacef8d455c241ee2e99f8,ETH,NO,low,medium,high,0.3,0.0,0.0,0.0,0.01,False,0.02,0.005999999999999998
executable_quote_5s_250_shares,3,2026-07-02T15:05:38.363627+00:00,0x647b9c08af3b94902afa9b362889527316a7fdbb46e4a6738ad42d290ca82805,BTC,NO,medium,medium,medium,0.035000000000000045,0.0,0.0,0.0,0.01,False,1.0,0.029999999999999923
executable_quote_5s_250_shares,3,2026-07-02T15:10:28.366751+00:00,0xcae0c95e9c034ca588baca33e8147b8845b1f312ff09b0d52f4d6e150cddad15,SOL,NO,low,medium,medium,0.04999999999999995,0.0,0.0,0.0,0.01,False,0.04,-0.002400000000000002
executable_quote_5s_250_shares,3,2026-07-02T15:36:32.363170+00:00,0x0a5061025dfe612b3722293195f769f012f8980bd848a20493e2c600f70d09dd,BTC,NO,low,medium,medium,0.28500000000000003,0.0,0.0,0.0,0.01,False,0.12,-0.005999999999999991
executable_quote_5s_250_shares,3,2026-07-02T16:01:28.361478+00:00,0x59496dfc9f417c17975e237fbb7ecfe259156cc15a360f25910162556810c516,SOL,NO,low,medium,medium,0.010000000000000026,0.0,0.0,0.0,0.01,False,0.02,0.0015999999999999994
executable_quote_5s_250_shares,3,2026-07-02T17:00:24.370409+00:00,0x1be94953b760d89a9523766bd1abb42f2e881ac06074bf93aa46ad1a415fc189,SOL,NO,low,medium,medium,0.010000000000000026,0.0,0.0,0.0,0.01,False,0.10424,0.006254400000000006
executable_quote_5s_250_shares,3,2026-07-02T17:13:30.362110+00:00,0x909723d937a75ac2c9c89d73711867c15953dd27d72b7a6933948473e399451d,ETH,YES,low,medium,medium,0.06000000000000001,0.0,0.0,0.0,0.01,False,0.02,-0.0012
executable_quote_5s_250_shares,3,2026-07-02T17:23:18.371612+00:00,0x1f5ef0a23c68190a8a6d515b6c8e8b048078a8afa92d25abb3d94fb87f1f7027,BTC,YES,low,medium,medium,0.255,0.0,0.0,0.0,0.01,False,0.33732,0.010119599999999973
executable_quote_5s_250_shares,3,2026-07-02T17:23:20.364343+00:00,0x60608598239fe90ee375e38281310554148d5d349aca1ac07aa04e1ce390e6ad,SOL,YES,low,medium,high,0.11,0.0,0.0,0.0,0.01,False,0.0728,0.008008000000000001
executable_quote_5s_250_shares,3,2026-07-02T17:50:28.360872+00:00,0x0aff58c34608210967c4413fb4b4a6c7fa904dc09de162ecc564806689facc64,SOL,NO,low,medium,high,0.19000000000000003,0.0,0.0,0.0,0.01,False,0.02,0.0005999999999999984
executable_quote_5s_250_shares,3,2026-07-02T18:35:46.363950+00:00,0x0fb6a0c7bcde0b6dd2c22b766ae91ab671463f01b2f4ec31f09491aa9dd4af91,SOL,NO,low,medium,medium,-0.07500000000000005,0.0,0.0,0.0,0.01,False,0.00932,0.0007455999999999998
executable_quote_5s_250_shares,3,2026-07-02T18:35:48.373272+00:00,0x0fb6a0c7bcde0b6dd2c22b766ae91ab671463f01b2f4ec31f09491aa9dd4af91,SOL,NO,low,high,medium,-0.09999999999999996,0.0,0.0,0.0,0.01,False,0.00932,0.0005591999999999995
executable_quote_5s_250_shares,3,2026-07-02T18:35:56.374508+00:00,0x0fb6a0c7bcde0b6dd2c22b766ae91ab671463f01b2f4ec31f09491aa9dd4af91,SOL,NO,low,medium,medium,0.05500000000000001,0.0,0.0,0.0,0.01,False,0.02,-0.001400000000000001
executable_quote_5s_250_shares,3,2026-07-02T18:35:58.369803+00:00,0x0fb6a0c7bcde0b6dd2c22b766ae91ab671463f01b2f4ec31f09491aa9dd4af91,SOL,NO,low,medium,medium,-0.06999999999999999,0.0,0.0,0.0,0.01,False,0.10308,-0.011338799999999998
executable_quote_5s_250_shares,3,2026-07-02T18:51:30.371222+00:00,0x12f1ba09bc9913623cab1e5f36dab49519aed574c20e74febe167f480cf82772,SOL,NO,low,medium,medium,0.059999999999999956,0.0,0.0,0.0,0.01,False,0.02,0.0007999999999999986
executable_quote_5s_250_shares,3,2026-07-02T19:01:18.365784+00:00,0x639421d64a6433150033c4d335d66cbee7357cad9e8b10bc943f74caf5d0d308,SOL,NO,low,medium,medium,-0.09499999999999996,0.0,0.0,0.0,0.01,False,0.24716,-0.02965920000000002
executable_quote_5s_250_shares,3,2026-07-02T19:03:24.368460+00:00,0x639421d64a6433150033c4d335d66cbee7357cad9e8b10bc943f74caf5d0d308,SOL,YES,low,medium,medium,0.11,0.0,0.0,0.0,0.01,False,0.33008,-0.0264064
executable_quote_5s_250_shares,3,2026-07-02T19:03:44.373982+00:00,0x639421d64a6433150033c4d335d66cbee7357cad9e8b10bc943f74caf5d0d308,SOL,YES,low,medium,medium,0.06000000000000001,0.0,0.0,0.0,0.01,False,0.024,-0.0009600000000000007
executable_quote_5s_250_shares,3,2026-07-02T19:05:14.369431+00:00,0xa1701695adebeed5da4000373df6e9883c29449ade56b49eb6379ee63ba7259b,SOL,NO,low,medium,high,0.07499999999999997,0.0,0.0,0.0,0.01,False,0.0624,0.004368000000000005
executable_quote_5s_250_shares,3,2026-07-02T19:06:40.373607+00:00,0xa1701695adebeed5da4000373df6e9883c29449ade56b49eb6379ee63ba7259b,SOL,NO,low,high,medium,-0.06499999999999999,0.0,0.0,0.0,0.01,False,0.04,0.003600000000000004
executable_quote_5s_250_shares,3,2026-07-02T19:31:18.372640+00:00,0x606a340a3aad1b6f683e99c5d598836d6731c972d5ddeb2642c52813a27308af,SOL,NO,low,medium,medium,0.05,0.0,0.0,0.0,0.01,False,0.02,-0.0016000000000000012
executable_quote_5s_250_shares,3,2026-07-02T19:31:32.362271+00:00,0x606a340a3aad1b6f683e99c5d598836d6731c972d5ddeb2642c52813a27308af,SOL,NO,low,medium,medium,0.05000000000000006,0.0,0.0,0.0,0.01,False,0.09272,-0.005563200000000004
executable_quote_5s_250_shares,3,2026-07-02T19:31:40.366839+00:00,0x606a340a3aad1b6f683e99c5d598836d6731c972d5ddeb2642c52813a27308af,SOL,NO,low,medium,medium,0.05500000000000006,0.0,0.0,0.0,0.01,False,0.02,-0.0008000000000000006
executable_quote_5s_250_shares,3,2026-07-02T19:31:58.371790+00:00,0x606a340a3aad1b6f683e99c5d598836d6731c972d5ddeb2642c52813a27308af,SOL,NO,low,medium,medium,-0.09000000000000001,0.0,0.0,0.0,0.01,False,0.02,-0.0010000000000000007
executable_quote_5s_250_shares,3,2026-07-02T19:51:32.364894+00:00,0x2cfc3ef023f8f6ebad847ce57292f2a190fd727fc452a4c2a7cc845fd16b56aa,SOL,NO,low,medium,medium,0.020000000000000007,0.0,0.0,0.0,0.01,False,0.41496,-0.02489760000000002
executable_quote_5s_250_shares,3,2026-07-02T19:51:34.373824+00:00,0x2cfc3ef023f8f6ebad847ce57292f2a190fd727fc452a4c2a7cc845fd16b56aa,SOL,NO,low,medium,medium,-0.06000000000000001,0.0,0.0,0.0,0.01,False,0.068,-0.004760000000000004
executable_quote_5s_250_shares,3,2026-07-02T19:51:58.365557+00:00,0x2cfc3ef023f8f6ebad847ce57292f2a190fd727fc452a4c2a7cc845fd16b56aa,SOL,NO,low,medium,medium,-0.06,0.0,0.0,0.0,0.01,False,0.02,-0.0010000000000000007
executable_quote_5s_250_shares,3,2026-07-02T19:52:06.372072+00:00,0x2cfc3ef023f8f6ebad847ce57292f2a190fd727fc452a4c2a7cc845fd16b56aa,SOL,NO,low,medium,medium,0.03999999999999998,0.0,0.0,0.0,0.01,False,0.09168000000000001,-0.0036672000000000033
executable_quote_5s_250_shares,3,2026-07-02T19:52:12.366157+00:00,0x2cfc3ef023f8f6ebad847ce57292f2a190fd727fc452a4c2a7cc845fd16b56aa,SOL,NO,low,medium,medium,0.015000000000000003,0.0,0.0,0.0,0.01,False,0.02,0.0006000000000000007
executable_quote_5s_250_shares,3,2026-07-02T19:52:24.373550+00:00,0x2cfc3ef023f8f6ebad847ce57292f2a190fd727fc452a4c2a7cc845fd16b56aa,SOL,NO,medium,medium,medium,0.009999999999999998,0.0,0.0,0.0,0.01,False,0.15647999999999998,-0.006259200000000004
executable_quote_5s_250_shares,3,2026-07-02T19:52:30.368984+00:00,0x2cfc3ef023f8f6ebad847ce57292f2a190fd727fc452a4c2a7cc845fd16b56aa,SOL,NO,medium,medium,medium,0.11,0.0,0.0,0.0,0.01,False,0.02,-0.0010000000000000007
executable_quote_5s_250_shares,3,2026-07-02T19:52:48.372495+00:00,0x2cfc3ef023f8f6ebad847ce57292f2a190fd727fc452a4c2a7cc845fd16b56aa,SOL,NO,medium,medium,medium,0.01500000000000003,0.0,0.0,0.0,0.01,False,0.07372,-0.002948800000000002
executable_quote_5s_250_shares,3,2026-07-02T19:53:00.364200+00:00,0x2cfc3ef023f8f6ebad847ce57292f2a190fd727fc452a4c2a7cc845fd16b56aa,SOL,NO,medium,high,medium,0.02999999999999999,0.0,0.0,0.0,0.01,False,0.14931999999999998,-0.01194559999999999
executable_quote_5s_250_shares,3,2026-07-02T19:53:04.368103+00:00,0x2cfc3ef023f8f6ebad847ce57292f2a190fd727fc452a4c2a7cc845fd16b56aa,SOL,NO,high,medium,medium,-0.06999999999999999,0.0,0.0,0.0,0.01,False,0.012240000000000001,0.0014688000000000001
executable_quote_5s_250_shares,3,2026-07-02T19:53:10.364232+00:00,0x2cfc3ef023f8f6ebad847ce57292f2a190fd727fc452a4c2a7cc845fd16b56aa,SOL,NO,high,medium,medium,0.12000000000000001,0.0,0.0,0.0,0.01,False,0.06,0.003599999999999997
executable_quote_5s_250_shares,3,2026-07-02T19:53:42.364449+00:00,0x2cfc3ef023f8f6ebad847ce57292f2a190fd727fc452a4c2a7cc845fd16b56aa,SOL,NO,high,medium,medium,0.020000000000000035,0.0,0.0,0.0,0.01,False,0.02,0.0015999999999999994
