scenario,session_number,entry_timestamp,market_id,asset,side,external_move_regime,spread_regime,quote_age_regime,base_pnl,spread_cost,delay_cost,quote_age_cost,transaction_cost,missed_fill,fill_ratio,stressed_pnl
recorded_conservative,1,2026-06-24T15:43:06.758948+00:00,0x80658216d4530ee5d8f87f3a84d6788c0505a016f5d1a52bfb8fc3c1afc1f1c2,ETH,YES,low,low,medium,-0.05,0.0,0.0,0.0,0.0,False,1.0,-0.05
recorded_conservative,1,2026-06-24T15:48:20.766212+00:00,0x8e22e9bf1a5c5cf1e5a91126865227cf0b75a5ec64611f0e0b23348e2b8eebc6,SOL,YES,medium,low,medium,-0.05,0.0,0.0,0.0,0.0,False,1.0,-0.05
recorded_conservative,1,2026-06-24T15:48:30.765676+00:00,0x8e22e9bf1a5c5cf1e5a91126865227cf0b75a5ec64611f0e0b23348e2b8eebc6,SOL,YES,medium,low,medium,-0.04,0.0,0.0,0.0,0.0,False,1.0,-0.04
recorded_conservative,1,2026-06-24T16:03:06.764139+00:00,0x898e75f4a2714851629ab01153214fbf585c570d631964d411eb3f85d6f77427,ETH,NO,low,medium,high,0.07000000000000002,0.0,0.0,0.0,0.0,False,1.0,0.07000000000000002
recorded_conservative,1,2026-06-24T16:03:34.761565+00:00,0x898e75f4a2714851629ab01153214fbf585c570d631964d411eb3f85d6f77427,ETH,NO,low,medium,medium,0.01999999999999998,0.0,0.0,0.0,0.0,False,1.0,0.01999999999999998
recorded_conservative,1,2026-06-24T16:03:36.766733+00:00,0x898e75f4a2714851629ab01153214fbf585c570d631964d411eb3f85d6f77427,ETH,NO,low,medium,medium,0.020000000000000035,0.0,0.0,0.0,0.0,False,1.0,0.020000000000000035
recorded_conservative,1,2026-06-24T16:03:56.765843+00:00,0x898e75f4a2714851629ab01153214fbf585c570d631964d411eb3f85d6f77427,ETH,NO,medium,medium,medium,-0.07000000000000002,0.0,0.0,0.0,0.0,False,1.0,-0.07000000000000002
recorded_conservative,1,2026-06-24T16:17:42.762123+00:00,0x16d9a49118c42f6c43e48602f4356b563fe7d62f03eace901d12f3671b7534cd,SOL,NO,low,medium,high,0.18000000000000002,0.0,0.0,0.0,0.0,False,1.0,0.18000000000000002
recorded_conservative,1,2026-06-24T16:22:52.762411+00:00,0x76ee4df37777787c309b30aa15d0861f505cc65be0cea6ab16949e8fba9fa172,SOL,NO,medium,medium,medium,-0.11999999999999998,0.0,0.0,0.0,0.0,False,1.0,-0.11999999999999998
recorded_conservative,1,2026-06-24T16:22:54.752727+00:00,0x76ee4df37777787c309b30aa15d0861f505cc65be0cea6ab16949e8fba9fa172,SOL,NO,medium,medium,medium,-0.06500000000000002,0.0,0.0,0.0,0.0,False,1.0,-0.06500000000000002
recorded_conservative,1,2026-06-24T16:41:48.765478+00:00,0x54faa3af7fa6193533f340c3ceb42d2a8d405f5e3b23e2178d2a0212ac8cd968,ETH,YES,low,low,medium,-0.09500000000000001,0.0,0.0,0.0,0.0,False,1.0,-0.09500000000000001
recorded_conservative,1,2026-06-24T16:41:50.756781+00:00,0x54faa3af7fa6193533f340c3ceb42d2a8d405f5e3b23e2178d2a0212ac8cd968,ETH,YES,low,medium,low,-0.055000000000000035,0.0,0.0,0.0,0.0,False,1.0,-0.055000000000000035
recorded_conservative,1,2026-06-24T16:48:48.757094+00:00,0x6a9cd2dd7bc9c9807d3452c9f1a97c34ac7aedbc934b79054d8b3a0bfdcd4e42,BTC,YES,low,low,high,-0.0325,0.0,0.0,0.0,0.0,False,1.0,-0.0325
recorded_conservative,1,2026-06-24T16:51:06.758502+00:00,0xabff544d3602969cb25677257451bdb7c6ad59b48e75d1d633afb248b012b06c,ETH,NO,low,medium,medium,0.30000000000000004,0.0,0.0,0.0,0.0,False,1.0,0.30000000000000004
recorded_conservative,1,2026-06-24T16:52:04.761668+00:00,0x7d0f63daa0e0bd4993d80fa4bcb62fd622043fb264ec4a7aa7b875871c6a353a,SOL,YES,medium,medium,medium,0.030000000000000002,0.0,0.0,0.0,0.0,False,1.0,0.030000000000000002
recorded_conservative,1,2026-06-24T16:52:06.767562+00:00,0x7d0f63daa0e0bd4993d80fa4bcb62fd622043fb264ec4a7aa7b875871c6a353a,SOL,YES,high,medium,medium,0.05,0.0,0.0,0.0,0.0,False,1.0,0.05
recorded_conservative,1,2026-06-24T16:53:18.759891+00:00,0x11be248eacf03fecfc51007bb9833cc1452e33e48c5226ab9c30e91656ca4fed,BTC,YES,low,medium,medium,-0.05,0.0,0.0,0.0,0.0,False,1.0,-0.05
recorded_conservative,1,2026-06-24T16:53:52.752947+00:00,0x7d0f63daa0e0bd4993d80fa4bcb62fd622043fb264ec4a7aa7b875871c6a353a,SOL,YES,high,low,medium,-0.05,0.0,0.0,0.0,0.0,False,1.0,-0.05
recorded_conservative,1,2026-06-24T16:53:54.758545+00:00,0xabff544d3602969cb25677257451bdb7c6ad59b48e75d1d633afb248b012b06c,ETH,NO,high,low,medium,-0.02,0.0,0.0,0.0,0.0,False,1.0,-0.02
recorded_conservative,1,2026-06-24T16:55:32.763105+00:00,0xdc4693598a20d019c083949d35703b04d5de73552f4d0fb762787cbe10eef7af,ETH,YES,low,medium,medium,0.035000000000000045,0.0,0.0,0.0,0.0,False,1.0,0.035000000000000045
recorded_conservative,1,2026-06-24T17:10:44.757531+00:00,0x6bcbfb85688c3516d74eda21ae1058775c9dbb0c3c2ed80679bea5efa4224f1f,SOL,YES,low,medium,medium,-0.09000000000000001,0.0,0.0,0.0,0.0,False,1.0,-0.09000000000000001
recorded_conservative,1,2026-06-24T17:10:48.752203+00:00,0x6bcbfb85688c3516d74eda21ae1058775c9dbb0c3c2ed80679bea5efa4224f1f,SOL,YES,low,medium,medium,0.07000000000000002,0.0,0.0,0.0,0.0,False,1.0,0.07000000000000002
recorded_conservative,1,2026-06-24T17:15:08.754027+00:00,0x2a87ba5465e5a39b23f5c245ce8daf4e9166a6b5d3a01f97e3c5cebe5f542667,ETH,YES,low,medium,medium,0.08999999999999998,0.0,0.0,0.0,0.0,False,1.0,0.08999999999999998
recorded_conservative,1,2026-06-24T17:15:32.759728+00:00,0xc6ddbe45253f77b8dbd808a9153ec3477a66b95ce3dcd40edbdbf5e69a9fad74,BTC,YES,low,medium,medium,-0.059999999999999984,0.0,0.0,0.0,0.0,False,1.0,-0.059999999999999984
recorded_conservative,1,2026-06-24T17:17:04.766209+00:00,0xc6ddbe45253f77b8dbd808a9153ec3477a66b95ce3dcd40edbdbf5e69a9fad74,BTC,YES,low,medium,medium,0.01999999999999998,0.0,0.0,0.0,0.0,False,1.0,0.01999999999999998
recorded_conservative,1,2026-06-24T17:20:12.764868+00:00,0xd8e21b0124221e5a6948b65f0b5c1b7c563a3c7e6ea11a1e7d760638a2e885ba,SOL,NO,medium,medium,high,0.15500000000000005,0.0,0.0,0.0,0.0,False,1.0,0.15500000000000005
recorded_conservative,1,2026-06-24T17:25:44.756279+00:00,0x0a15e96a2f8db3533603fd8a311915394fd8b8b6cbc3c3b90e5225964660bd94,ETH,YES,low,medium,high,0.030000000000000044,0.0,0.0,0.0,0.0,False,1.0,0.030000000000000044
recorded_conservative,1,2026-06-24T17:26:36.761972+00:00,0x0a15e96a2f8db3533603fd8a311915394fd8b8b6cbc3c3b90e5225964660bd94,ETH,YES,low,medium,high,0.11,0.0,0.0,0.0,0.0,False,1.0,0.11
recorded_conservative,1,2026-06-24T17:28:30.758436+00:00,0x8b89ebef2e337682d0c761c2d9ea76b14916b0fbaa6b07ab496782aa61d08092,SOL,NO,low,medium,medium,-0.03,0.0,0.0,0.0,0.0,False,1.0,-0.03
recorded_conservative,1,2026-06-24T17:32:12.757879+00:00,0xc53755a72a77c13680d29f80e88a1ffcdaeda374fb64389c3801a5660e24deb8,SOL,NO,low,medium,medium,0.030000000000000044,0.0,0.0,0.0,0.0,False,1.0,0.030000000000000044
recorded_conservative,1,2026-06-24T17:40:50.764310+00:00,0xe162acce182a1c54de6efd4a047bee1957d9d0ce3a96723f622886a34ce9ef56,BTC,NO,low,medium,medium,-0.05000000000000003,0.0,0.0,0.0,0.0,False,1.0,-0.05000000000000003
recorded_conservative,1,2026-06-24T17:46:02.756352+00:00,0x931296be6d3fc5e74df946ebeb47595bd30d0b51c747520c22454b54dbde783c,ETH,NO,medium,medium,high,0.16,0.0,0.0,0.0,0.0,False,1.0,0.16
recorded_conservative,1,2026-06-24T17:50:26.761135+00:00,0xe0261c3af71ec76885a6befe78536d37f4f39622a19d0102257561caaca61811,SOL,NO,low,medium,medium,0.06000000000000001,0.0,0.0,0.0,0.0,False,1.0,0.06000000000000001
recorded_conservative,1,2026-06-24T18:00:58.760168+00:00,0x5a189bc1b252af1469e531eb62cee5995fe46dd01bcaff6b137a7bc3109e2e43,SOL,NO,medium,low,medium,-0.05000000000000003,0.0,0.0,0.0,0.0,False,1.0,-0.05000000000000003
recorded_conservative,1,2026-06-24T18:01:08.757617+00:00,0x5a189bc1b252af1469e531eb62cee5995fe46dd01bcaff6b137a7bc3109e2e43,SOL,NO,medium,medium,medium,0.010000000000000026,0.0,0.0,0.0,0.0,False,1.0,0.010000000000000026
recorded_conservative,1,2026-06-24T18:01:10.762661+00:00,0x5a189bc1b252af1469e531eb62cee5995fe46dd01bcaff6b137a7bc3109e2e43,SOL,NO,medium,medium,medium,-0.06999999999999999,0.0,0.0,0.0,0.0,False,1.0,-0.06999999999999999
recorded_conservative,1,2026-06-24T18:01:28.765791+00:00,0x5a189bc1b252af1469e531eb62cee5995fe46dd01bcaff6b137a7bc3109e2e43,SOL,NO,medium,medium,medium,-0.05000000000000003,0.0,0.0,0.0,0.0,False,1.0,-0.05000000000000003
recorded_conservative,1,2026-06-24T18:01:32.763050+00:00,0x5a189bc1b252af1469e531eb62cee5995fe46dd01bcaff6b137a7bc3109e2e43,SOL,NO,medium,medium,medium,0.07000000000000002,0.0,0.0,0.0,0.0,False,1.0,0.07000000000000002
recorded_conservative,1,2026-06-24T18:01:48.762400+00:00,0x5a189bc1b252af1469e531eb62cee5995fe46dd01bcaff6b137a7bc3109e2e43,SOL,NO,medium,medium,medium,0.059999999999999956,0.0,0.0,0.0,0.0,False,1.0,0.059999999999999956
recorded_conservative,1,2026-06-24T18:05:24.753766+00:00,0x17dc5c06a8038c8b9fe98dc10caabed5e643e594aa096dfa257871e4e6fc79db,BTC,NO,medium,medium,high,0.05000000000000006,0.0,0.0,0.0,0.0,False,1.0,0.05000000000000006
recorded_conservative,1,2026-06-24T18:05:28.765310+00:00,0x17dc5c06a8038c8b9fe98dc10caabed5e643e594aa096dfa257871e4e6fc79db,BTC,NO,medium,medium,high,0.06999999999999997,0.0,0.0,0.0,0.0,False,1.0,0.06999999999999997
recorded_conservative,1,2026-06-24T18:05:36.760226+00:00,0x3d07d4fd8f80b13ff82b8a59ac4e27ef61cee1ca5f5e8b639dd421a3a7bc2fcb,SOL,NO,low,high,medium,0.04999999999999995,0.0,0.0,0.0,0.0,False,1.0,0.04999999999999995
recorded_conservative,1,2026-06-24T18:06:36.754811+00:00,0x3d07d4fd8f80b13ff82b8a59ac4e27ef61cee1ca5f5e8b639dd421a3a7bc2fcb,SOL,YES,low,medium,medium,0.039999999999999994,0.0,0.0,0.0,0.0,False,1.0,0.039999999999999994
recorded_conservative,1,2026-06-24T18:06:38.762149+00:00,0x3d07d4fd8f80b13ff82b8a59ac4e27ef61cee1ca5f5e8b639dd421a3a7bc2fcb,SOL,YES,low,medium,medium,0.09999999999999999,0.0,0.0,0.0,0.0,False,1.0,0.09999999999999999
recorded_conservative,1,2026-06-24T18:10:32.759091+00:00,0xe3120089fce1f1a743fc240f0033561fca78ae3088352a0f3f52413a0a0b39cb,BTC,YES,low,medium,high,0.04999999999999995,0.0,0.0,0.0,0.0,False,1.0,0.04999999999999995
recorded_conservative,1,2026-06-24T18:10:48.754900+00:00,0x2a8f1b4db2834d8f740fa140f88d4c2cd7464241d37403fce3ab3bc53ee78792,ETH,NO,low,medium,high,0.06999999999999997,0.0,0.0,0.0,0.0,False,1.0,0.06999999999999997
recorded_conservative,1,2026-06-24T18:11:20.766968+00:00,0x2a8f1b4db2834d8f740fa140f88d4c2cd7464241d37403fce3ab3bc53ee78792,ETH,YES,low,medium,medium,-0.059999999999999984,0.0,0.0,0.0,0.0,False,1.0,-0.059999999999999984
recorded_conservative,1,2026-06-24T18:20:04.756204+00:00,0x3d34074cabf8c0c7082b719f8b1d246fbf3344709e9dceb7baf2a9e21d9dcd71,BTC,YES,low,medium,medium,-0.13000000000000003,0.0,0.0,0.0,0.0,False,1.0,-0.13000000000000003
recorded_conservative,1,2026-06-24T18:20:30.755092+00:00,0x3d34074cabf8c0c7082b719f8b1d246fbf3344709e9dceb7baf2a9e21d9dcd71,BTC,YES,low,medium,medium,-0.05499999999999998,0.0,0.0,0.0,0.0,False,1.0,-0.05499999999999998
recorded_conservative,1,2026-06-24T18:20:36.756990+00:00,0x063b6476f22b96ffa4e2b1b40b6be64b68228f02258cf4f2cb5ae83ecbf708fd,ETH,YES,medium,medium,medium,0.04999999999999995,0.0,0.0,0.0,0.0,False,1.0,0.04999999999999995
recorded_conservative,1,2026-06-24T18:20:40.753306+00:00,0x3d34074cabf8c0c7082b719f8b1d246fbf3344709e9dceb7baf2a9e21d9dcd71,BTC,YES,low,medium,medium,-0.059999999999999984,0.0,0.0,0.0,0.0,False,1.0,-0.059999999999999984
recorded_conservative,1,2026-06-24T18:20:52.756246+00:00,0x3d34074cabf8c0c7082b719f8b1d246fbf3344709e9dceb7baf2a9e21d9dcd71,BTC,YES,low,medium,medium,0.039999999999999994,0.0,0.0,0.0,0.0,False,1.0,0.039999999999999994
recorded_conservative,1,2026-06-24T18:20:54.762187+00:00,0x3d34074cabf8c0c7082b719f8b1d246fbf3344709e9dceb7baf2a9e21d9dcd71,BTC,YES,low,medium,medium,0.010000000000000026,0.0,0.0,0.0,0.0,False,1.0,0.010000000000000026
recorded_conservative,1,2026-06-24T18:21:06.764841+00:00,0x3d34074cabf8c0c7082b719f8b1d246fbf3344709e9dceb7baf2a9e21d9dcd71,BTC,YES,low,medium,medium,-0.05000000000000003,0.0,0.0,0.0,0.0,False,1.0,-0.05000000000000003
recorded_conservative,1,2026-06-24T18:21:10.764191+00:00,0x3d34074cabf8c0c7082b719f8b1d246fbf3344709e9dceb7baf2a9e21d9dcd71,BTC,YES,low,medium,medium,0.020000000000000035,0.0,0.0,0.0,0.0,False,1.0,0.020000000000000035
recorded_conservative,1,2026-06-24T18:21:12.754338+00:00,0x3d34074cabf8c0c7082b719f8b1d246fbf3344709e9dceb7baf2a9e21d9dcd71,BTC,YES,low,medium,medium,-0.06000000000000004,0.0,0.0,0.0,0.0,False,1.0,-0.06000000000000004
recorded_conservative,1,2026-06-24T18:21:14.759655+00:00,0x3d34074cabf8c0c7082b719f8b1d246fbf3344709e9dceb7baf2a9e21d9dcd71,BTC,YES,low,high,medium,0.19499999999999998,0.0,0.0,0.0,0.0,False,1.0,0.19499999999999998
recorded_conservative,1,2026-06-24T18:23:18.758759+00:00,0x3d34074cabf8c0c7082b719f8b1d246fbf3344709e9dceb7baf2a9e21d9dcd71,BTC,YES,low,medium,medium,0.01500000000000003,0.0,0.0,0.0,0.0,False,1.0,0.01500000000000003
recorded_conservative,1,2026-06-24T18:26:40.754541+00:00,0x0f58baf57772722db394290841df2a23b89d3ef388a740790fe4356e58669164,ETH,NO,low,medium,medium,-0.38,0.0,0.0,0.0,0.0,False,1.0,-0.38
recorded_conservative,1,2026-06-24T18:32:18.765892+00:00,0xbde68413691d686e0741615c9dad23d2669c8cfcdd14efb81d2fd53260602d61,SOL,NO,low,medium,medium,0.05,0.0,0.0,0.0,0.0,False,1.0,0.05
recorded_conservative,1,2026-06-24T18:32:28.765868+00:00,0xbde68413691d686e0741615c9dad23d2669c8cfcdd14efb81d2fd53260602d61,SOL,NO,low,medium,medium,-0.10000000000000002,0.0,0.0,0.0,0.0,False,1.0,-0.10000000000000002
recorded_conservative,1,2026-06-24T18:32:34.767339+00:00,0xbde68413691d686e0741615c9dad23d2669c8cfcdd14efb81d2fd53260602d61,SOL,NO,low,medium,medium,-0.09999999999999999,0.0,0.0,0.0,0.0,False,1.0,-0.09999999999999999
recorded_conservative,1,2026-06-24T18:32:36.756754+00:00,0xbde68413691d686e0741615c9dad23d2669c8cfcdd14efb81d2fd53260602d61,SOL,NO,low,medium,medium,0.025000000000000012,0.0,0.0,0.0,0.0,False,1.0,0.025000000000000012
recorded_conservative,1,2026-06-24T18:32:38.763486+00:00,0xbde68413691d686e0741615c9dad23d2669c8cfcdd14efb81d2fd53260602d61,SOL,NO,low,high,medium,-0.07500000000000002,0.0,0.0,0.0,0.0,False,1.0,-0.07500000000000002
recorded_conservative,1,2026-06-24T18:32:40.753774+00:00,0xbde68413691d686e0741615c9dad23d2669c8cfcdd14efb81d2fd53260602d61,SOL,NO,low,medium,medium,0.030000000000000016,0.0,0.0,0.0,0.0,False,1.0,0.030000000000000016
recorded_conservative,1,2026-06-24T18:32:58.758626+00:00,0xbde68413691d686e0741615c9dad23d2669c8cfcdd14efb81d2fd53260602d61,SOL,NO,low,high,medium,-0.05000000000000003,0.0,0.0,0.0,0.0,False,1.0,-0.05000000000000003
recorded_conservative,1,2026-06-24T18:33:00.765000+00:00,0xbde68413691d686e0741615c9dad23d2669c8cfcdd14efb81d2fd53260602d61,SOL,NO,low,medium,medium,0.014999999999999975,0.0,0.0,0.0,0.0,False,1.0,0.014999999999999975
recorded_conservative,1,2026-06-24T18:51:52.760600+00:00,0x76ceb5966715afdbb09250dea84bccfc837e72c59d375b0ca15e03fcc417fb4e,SOL,YES,low,medium,medium,-0.06999999999999999,0.0,0.0,0.0,0.0,False,1.0,-0.06999999999999999
recorded_conservative,1,2026-06-24T18:51:54.765991+00:00,0x76ceb5966715afdbb09250dea84bccfc837e72c59d375b0ca15e03fcc417fb4e,SOL,YES,low,medium,medium,0.039999999999999994,0.0,0.0,0.0,0.0,False,1.0,0.039999999999999994
recorded_conservative,1,2026-06-24T18:51:56.756813+00:00,0x76ceb5966715afdbb09250dea84bccfc837e72c59d375b0ca15e03fcc417fb4e,SOL,YES,low,high,medium,0.01500000000000003,0.0,0.0,0.0,0.0,False,1.0,0.01500000000000003
recorded_conservative,1,2026-06-24T18:52:10.764773+00:00,0x768552d5316e123aaa73080f47f5e8f4e0ba7553daff6a1d32fa8d9ed5552775,ETH,YES,low,medium,medium,0.059999999999999956,0.0,0.0,0.0,0.0,False,1.0,0.059999999999999956
recorded_conservative,1,2026-06-24T18:52:48.766058+00:00,0x768552d5316e123aaa73080f47f5e8f4e0ba7553daff6a1d32fa8d9ed5552775,ETH,YES,low,low,medium,0.014999999999999975,0.0,0.0,0.0,0.0,False,1.0,0.014999999999999975
recorded_conservative,1,2026-06-24T18:52:48.766058+00:00,0x76ceb5966715afdbb09250dea84bccfc837e72c59d375b0ca15e03fcc417fb4e,SOL,YES,low,low,medium,-0.07000000000000005,0.0,0.0,0.0,0.0,False,1.0,-0.07000000000000005
recorded_conservative,1,2026-06-24T18:52:52.763973+00:00,0x76ceb5966715afdbb09250dea84bccfc837e72c59d375b0ca15e03fcc417fb4e,SOL,YES,low,medium,medium,0.020000000000000035,0.0,0.0,0.0,0.0,False,1.0,0.020000000000000035
recorded_conservative,1,2026-06-24T18:53:46.759987+00:00,0x76ceb5966715afdbb09250dea84bccfc837e72c59d375b0ca15e03fcc417fb4e,SOL,YES,medium,low,medium,0.09999999999999999,0.0,0.0,0.0,0.0,False,1.0,0.09999999999999999
recorded_conservative,1,2026-06-24T19:00:16.766958+00:00,0x6f14d199dafd35a5f545aad500e9cd65eaf22a2bf1a522817da62c57245246f4,SOL,NO,low,medium,medium,0.020000000000000035,0.0,0.0,0.0,0.0,False,1.0,0.020000000000000035
recorded_conservative,1,2026-06-24T19:00:20.764327+00:00,0x6f14d199dafd35a5f545aad500e9cd65eaf22a2bf1a522817da62c57245246f4,SOL,NO,low,high,medium,-0.06499999999999999,0.0,0.0,0.0,0.0,False,1.0,-0.06499999999999999
recorded_conservative,1,2026-06-24T19:00:26.766094+00:00,0x6f14d199dafd35a5f545aad500e9cd65eaf22a2bf1a522817da62c57245246f4,SOL,NO,low,medium,medium,0.014999999999999975,0.0,0.0,0.0,0.0,False,1.0,0.014999999999999975
recorded_conservative,1,2026-06-24T19:00:34.758570+00:00,0x6f14d199dafd35a5f545aad500e9cd65eaf22a2bf1a522817da62c57245246f4,SOL,NO,low,medium,medium,-0.06999999999999999,0.0,0.0,0.0,0.0,False,1.0,-0.06999999999999999
recorded_conservative,1,2026-06-24T19:00:46.763874+00:00,0x6f14d199dafd35a5f545aad500e9cd65eaf22a2bf1a522817da62c57245246f4,SOL,NO,low,low,medium,0.010000000000000026,0.0,0.0,0.0,0.0,False,1.0,0.010000000000000026
recorded_conservative,1,2026-06-24T19:01:30.763622+00:00,0x6f14d199dafd35a5f545aad500e9cd65eaf22a2bf1a522817da62c57245246f4,SOL,NO,low,medium,medium,-0.05000000000000003,0.0,0.0,0.0,0.0,False,1.0,-0.05000000000000003
recorded_conservative,1,2026-06-24T19:02:02.766777+00:00,0x9828065f135b73cbb04da613189035c96beca24508e8d4b15f9a9b670b7519eb,ETH,NO,low,medium,medium,0.01999999999999998,0.0,0.0,0.0,0.0,False,1.0,0.01999999999999998
recorded_conservative,1,2026-06-24T19:02:02.766777+00:00,0x6f14d199dafd35a5f545aad500e9cd65eaf22a2bf1a522817da62c57245246f4,SOL,NO,low,medium,high,0.06000000000000001,0.0,0.0,0.0,0.0,False,1.0,0.06000000000000001
recorded_conservative,1,2026-06-24T19:02:04.757011+00:00,0x6f14d199dafd35a5f545aad500e9cd65eaf22a2bf1a522817da62c57245246f4,SOL,NO,low,medium,medium,-0.11499999999999998,0.0,0.0,0.0,0.0,False,1.0,-0.11499999999999998
recorded_conservative,1,2026-06-24T19:02:06.762138+00:00,0x6f14d199dafd35a5f545aad500e9cd65eaf22a2bf1a522817da62c57245246f4,SOL,NO,low,medium,medium,0.02999999999999999,0.0,0.0,0.0,0.0,False,1.0,0.02999999999999999
recorded_conservative,1,2026-06-24T19:02:08.753956+00:00,0x6f14d199dafd35a5f545aad500e9cd65eaf22a2bf1a522817da62c57245246f4,SOL,NO,low,high,medium,-0.06999999999999999,0.0,0.0,0.0,0.0,False,1.0,-0.06999999999999999
recorded_conservative,1,2026-06-24T19:02:34.760304+00:00,0x6f14d199dafd35a5f545aad500e9cd65eaf22a2bf1a522817da62c57245246f4,SOL,NO,low,medium,medium,0.010000000000000026,0.0,0.0,0.0,0.0,False,1.0,0.010000000000000026
recorded_conservative,1,2026-06-24T19:12:34.759652+00:00,0x1aee94333f9f59a16641bfb6bb79781128bfc7c762e6ec35a3e28ae595c8f710,ETH,YES,low,low,medium,-0.03,0.0,0.0,0.0,0.0,False,1.0,-0.03
recorded_conservative,1,2026-06-24T19:15:48.754190+00:00,0x4982ded7e4b9233220595f26cc997fa151f1902c8893a0a78a52d656b5fdb3d4,ETH,NO,medium,medium,medium,-0.08,0.0,0.0,0.0,0.0,False,1.0,-0.08
recorded_conservative,1,2026-06-24T19:15:50.760306+00:00,0xb802375b899f20776320f8a3ad101bd8c4a32ff81a436fcc308a140cc33d96bf,BTC,NO,low,medium,medium,0.010000000000000026,0.0,0.0,0.0,0.0,False,1.0,0.010000000000000026
recorded_conservative,1,2026-06-24T19:15:50.760306+00:00,0x4982ded7e4b9233220595f26cc997fa151f1902c8893a0a78a52d656b5fdb3d4,ETH,NO,medium,medium,medium,0.03499999999999999,0.0,0.0,0.0,0.0,False,1.0,0.03499999999999999
recorded_conservative,1,2026-06-24T19:25:34.759452+00:00,0x6e39d066f4cd8679f901216c55834139a9ad2240af38a11b09b63b0473e2b84b,SOL,YES,low,medium,medium,0.010000000000000026,0.0,0.0,0.0,0.0,False,1.0,0.010000000000000026
recorded_conservative,1,2026-06-24T19:26:04.757062+00:00,0x6e39d066f4cd8679f901216c55834139a9ad2240af38a11b09b63b0473e2b84b,SOL,YES,low,medium,medium,0.07500000000000002,0.0,0.0,0.0,0.0,False,1.0,0.07500000000000002
recorded_conservative,1,2026-06-24T19:37:46.757371+00:00,0xfedc3df4cb1db1fc866524795ac2fcdf9941f43010b9c15e487a333e6f266394,SOL,YES,low,medium,high,0.010000000000000026,0.0,0.0,0.0,0.0,False,1.0,0.010000000000000026
recorded_conservative,1,2026-06-24T19:37:50.757198+00:00,0xfedc3df4cb1db1fc866524795ac2fcdf9941f43010b9c15e487a333e6f266394,SOL,YES,low,medium,medium,-0.09999999999999996,0.0,0.0,0.0,0.0,False,1.0,-0.09999999999999996
recorded_conservative,1,2026-06-24T19:41:20.756922+00:00,0x7001dd0099cdee5fbb1efe846336e41812c524e7585b6f7c9a0a5c9882f114b9,SOL,NO,low,medium,medium,0.03999999999999994,0.0,0.0,0.0,0.0,False,1.0,0.03999999999999994
recorded_conservative,1,2026-06-24T19:48:44.761661+00:00,0x4f55d140209fd0d5a7745de8f8a0f150f3b6097aedbaeee7d1a0618c0c3d7bb8,ETH,NO,low,medium,medium,0.06999999999999997,0.0,0.0,0.0,0.0,False,1.0,0.06999999999999997
recorded_conservative,1,2026-06-24T19:53:26.758012+00:00,0x3ba3b3f951b2628ef716722de268dd5e244f8d45fd355168fab2e3b85af75128,SOL,NO,low,medium,high,-0.0315,0.0,0.0,0.0,0.0,False,1.0,-0.0315
recorded_conservative,1,2026-06-24T20:01:06.759646+00:00,0x88fd0bf02fe557e16419750274baafa5fd89a12437e7d4215161d95a77cc069e,SOL,NO,low,medium,medium,-0.05,0.0,0.0,0.0,0.0,False,1.0,-0.05
recorded_conservative,1,2026-06-24T20:01:08.765938+00:00,0x99160df581693bc7fa4ad76b5fe823f5346ef5cb655f1e8650a60c30a642c0ac,BTC,YES,low,high,medium,0.29,0.0,0.0,0.0,0.0,False,1.0,0.29
recorded_conservative,1,2026-06-24T20:08:34.761066+00:00,0xd14dfda063d0d2dafe354fe938c73ea7643db9f344cf11598794d252f8d453a1,BTC,NO,low,low,medium,-0.018,0.0,0.0,0.0,0.0,False,1.0,-0.018
recorded_conservative,1,2026-06-24T20:13:52.754397+00:00,0xf8776b5271ce59d683b9da736a42f8139c58e4093ad342ae1288f9addc1b3cfe,BTC,NO,low,medium,medium,-0.06499999999999999,0.0,0.0,0.0,0.0,False,1.0,-0.06499999999999999
recorded_conservative,1,2026-06-24T20:13:56.764659+00:00,0xf8776b5271ce59d683b9da736a42f8139c58e4093ad342ae1288f9addc1b3cfe,BTC,NO,low,high,medium,-0.12999999999999998,0.0,0.0,0.0,0.0,False,1.0,-0.12999999999999998
recorded_conservative,1,2026-06-24T20:17:30.756983+00:00,0x9c3ac652cc797ed5fdf7c5717c58c9ce007e9fabecc76e1454bf2d8db03c7150,BTC,YES,low,medium,medium,-0.06000000000000004,0.0,0.0,0.0,0.0,False,1.0,-0.06000000000000004
recorded_conservative,1,2026-06-24T20:17:34.755355+00:00,0x9c3ac652cc797ed5fdf7c5717c58c9ce007e9fabecc76e1454bf2d8db03c7150,BTC,YES,low,medium,medium,0.020000000000000035,0.0,0.0,0.0,0.0,False,1.0,0.020000000000000035
recorded_conservative,1,2026-06-24T20:17:38.755356+00:00,0x9c3ac652cc797ed5fdf7c5717c58c9ce007e9fabecc76e1454bf2d8db03c7150,BTC,YES,low,medium,medium,0.010000000000000026,0.0,0.0,0.0,0.0,False,1.0,0.010000000000000026
recorded_conservative,1,2026-06-24T20:17:48.756472+00:00,0x9c3ac652cc797ed5fdf7c5717c58c9ce007e9fabecc76e1454bf2d8db03c7150,BTC,YES,low,low,medium,0.04999999999999995,0.0,0.0,0.0,0.0,False,1.0,0.04999999999999995
recorded_conservative,1,2026-06-24T20:18:06.756462+00:00,0x9c3ac652cc797ed5fdf7c5717c58c9ce007e9fabecc76e1454bf2d8db03c7150,BTC,YES,medium,medium,medium,-0.055000000000000035,0.0,0.0,0.0,0.0,False,1.0,-0.055000000000000035
recorded_conservative,1,2026-06-24T20:18:34.759712+00:00,0x9c3ac652cc797ed5fdf7c5717c58c9ce007e9fabecc76e1454bf2d8db03c7150,BTC,YES,low,medium,medium,0.029999999999999933,0.0,0.0,0.0,0.0,False,1.0,0.029999999999999933
recorded_conservative,1,2026-06-24T20:18:42.754973+00:00,0x9c3ac652cc797ed5fdf7c5717c58c9ce007e9fabecc76e1454bf2d8db03c7150,BTC,YES,low,high,medium,0.01500000000000003,0.0,0.0,0.0,0.0,False,1.0,0.01500000000000003
recorded_conservative,1,2026-06-24T20:23:28.766404+00:00,0x664abf9e27ed69e80bbe4cc0517b8a125ca044c42ad3357a7c7af2ed9436c74e,SOL,NO,low,medium,medium,0.09999999999999999,0.0,0.0,0.0,0.0,False,1.0,0.09999999999999999
recorded_conservative,1,2026-06-24T20:31:42.764262+00:00,0x4dd3a21158dc2341d429921b0f01d6ef1d5b1b88544a4e1166825c85360a31f3,SOL,YES,low,medium,medium,0.05000000000000006,0.0,0.0,0.0,0.0,False,1.0,0.05000000000000006
recorded_conservative,1,2026-06-24T20:50:08.762751+00:00,0x8faf001f0cb0420fe9216e45664d43db363e1235986c35e425847671efe887b9,SOL,NO,low,medium,high,0.35,0.0,0.0,0.0,0.0,False,1.0,0.35
recorded_conservative,1,2026-06-24T20:50:34.755582+00:00,0xb5b2cc6f7e364320387000357dcec77c8e290b19a91515fda9f1eba110a7206b,ETH,YES,low,medium,medium,-0.02,0.0,0.0,0.0,0.0,False,1.0,-0.02
recorded_conservative,1,2026-06-24T20:50:58.754381+00:00,0x8faf001f0cb0420fe9216e45664d43db363e1235986c35e425847671efe887b9,SOL,YES,medium,medium,high,-0.39,0.0,0.0,0.0,0.0,False,1.0,-0.39
recorded_conservative,1,2026-06-24T20:51:14.759775+00:00,0xa18f20c9d7af10ea829ba2117f462eed5781ccb83a3b11964e8464ea1bee0872,BTC,NO,medium,medium,high,0.010000000000000026,0.0,0.0,0.0,0.0,False,1.0,0.010000000000000026
recorded_conservative,1,2026-06-24T20:51:18.756585+00:00,0xb5b2cc6f7e364320387000357dcec77c8e290b19a91515fda9f1eba110a7206b,ETH,NO,medium,medium,high,-0.02,0.0,0.0,0.0,0.0,False,1.0,-0.02
recorded_conservative,1,2026-06-24T20:52:00.752541+00:00,0xa18f20c9d7af10ea829ba2117f462eed5781ccb83a3b11964e8464ea1bee0872,BTC,NO,medium,medium,medium,0.07499999999999997,0.0,0.0,0.0,0.0,False,1.0,0.07499999999999997
recorded_conservative,1,2026-06-24T21:05:24.762965+00:00,0xaa2029eae1454eff4dd2950180ce1a61bf2cc891c5bac51d9e0a15f22cddbee9,BTC,NO,low,medium,medium,-0.06000000000000004,0.0,0.0,0.0,0.0,False,1.0,-0.06000000000000004
recorded_conservative,1,2026-06-24T21:06:00.760134+00:00,0xaa2029eae1454eff4dd2950180ce1a61bf2cc891c5bac51d9e0a15f22cddbee9,BTC,NO,low,medium,medium,-0.08500000000000006,0.0,0.0,0.0,0.0,False,1.0,-0.08500000000000006
recorded_conservative,1,2026-06-24T21:06:02.752654+00:00,0xaa2029eae1454eff4dd2950180ce1a61bf2cc891c5bac51d9e0a15f22cddbee9,BTC,NO,low,medium,medium,-0.09000000000000001,0.0,0.0,0.0,0.0,False,1.0,-0.09000000000000001
recorded_conservative,1,2026-06-24T21:17:38.763105+00:00,0x937f6ce7ec05a5cf598e814d8b21ca1b03831a607d67f7a737b4b455195b6347,ETH,YES,low,medium,medium,0.02999999999999999,0.0,0.0,0.0,0.0,False,1.0,0.02999999999999999
recorded_conservative,1,2026-06-24T21:22:02.765156+00:00,0xc6ef5efefe52337535ef640dc5214f2cfca21f24db5da5f6461bb61b04d1757b,SOL,NO,medium,medium,medium,0.09999999999999994,0.0,0.0,0.0,0.0,False,1.0,0.09999999999999994
recorded_conservative,1,2026-06-24T21:22:20.752241+00:00,0xc6ef5efefe52337535ef640dc5214f2cfca21f24db5da5f6461bb61b04d1757b,SOL,NO,low,medium,medium,-0.12000000000000004,0.0,0.0,0.0,0.0,False,1.0,-0.12000000000000004
recorded_conservative,1,2026-06-24T21:23:58.762346+00:00,0xc6ef5efefe52337535ef640dc5214f2cfca21f24db5da5f6461bb61b04d1757b,SOL,NO,medium,medium,medium,0.2849999999999999,0.0,0.0,0.0,0.0,False,1.0,0.2849999999999999
recorded_conservative,1,2026-06-24T22:03:08.763973+00:00,0x8d3e7e3c36b3e5d1112c98d87518a00383581755190d5a55edc69c26749c1f59,ETH,NO,low,medium,medium,0.05,0.0,0.0,0.0,0.0,False,1.0,0.05
recorded_conservative,1,2026-06-25T00:06:46.764238+00:00,0xd65cb4f9d9b3cd9e0726c6723aaedeea6270e2b27f07e8d8d75fb866fc66efda,SOL,YES,medium,high,medium,0.365,0.0,0.0,0.0,0.0,False,1.0,0.365
recorded_conservative,1,2026-06-25T02:56:12.762022+00:00,0xdc50528ddd95715389bece5e22c3924ab255ac03cc50a796d14fc1536f99e645,BTC,NO,low,medium,medium,0.14000000000000004,0.0,0.0,0.0,0.0,False,1.0,0.14000000000000004
recorded_conservative,1,2026-06-25T03:15:10.763656+00:00,0xd64b2ce5267698719de20d05b135368962c8a4f1835384f18f0605ccaac199d5,BTC,NO,medium,medium,medium,0.31999999999999995,0.0,0.0,0.0,0.0,False,1.0,0.31999999999999995
recorded_conservative,1,2026-06-25T03:15:10.763656+00:00,0xe9b43bb6aa0a0aa923a5b7ea6e70758b5f517507971004160627be84bdb0dbe3,SOL,NO,medium,medium,medium,0.32999999999999996,0.0,0.0,0.0,0.0,False,1.0,0.32999999999999996
recorded_conservative,2,2026-06-25T20:08:34.804565+00:00,0xee90821efc94653c995d4583794da5c87e3c033a1e0a24f1f4ee824d2357c750,BTC,NO,low,medium,medium,-0.06000000000000004,0.0,0.0,0.0,0.0,False,1.0,-0.06000000000000004
recorded_conservative,2,2026-06-25T22:25:40.815254+00:00,0x42561c5c6f58ab741b19c250935435977309241d54a0c21753c74a382c8bf1ec,SOL,NO,low,high,medium,0.05500000000000001,0.0,0.0,0.0,0.0,False,1.0,0.05500000000000001
recorded_conservative,2,2026-06-25T23:30:14.811724+00:00,0x78e6a3146dd778fc3150db6ba5f2fe3b701ff446bbaff21453236e84bee5434d,SOL,NO,medium,high,medium,0.039999999999999994,0.0,0.0,0.0,0.0,False,1.0,0.039999999999999994
recorded_conservative,2,2026-06-25T23:37:52.815776+00:00,0x953e34839580df1f86da756ce29e11f3a83588f2d7c5a8b5146bbe13c3ad7f35,BTC,NO,low,medium,medium,0.38,0.0,0.0,0.0,0.0,False,1.0,0.38
recorded_conservative,2,2026-06-26T02:21:20.818691+00:00,0xe92b6aa7834be28be01989eb9239f7bc730eef595bb9081c81db7640532437a3,SOL,NO,low,medium,medium,0.020000000000000035,0.0,0.0,0.0,0.0,False,1.0,0.020000000000000035
recorded_conservative,2,2026-06-26T02:31:04.812637+00:00,0x0d8fce3554cb6a7e22dac3a088ee1b258895693bde0bdce58ef37a2d50eb0f3a,ETH,YES,low,medium,medium,0.035000000000000045,0.0,0.0,0.0,0.0,False,1.0,0.035000000000000045
recorded_conservative,2,2026-06-26T02:35:42.806769+00:00,0x136e15d4a85563899e310f043e14992b3ea9f163c94c722c836f29143ac271f4,ETH,NO,low,medium,medium,0.04000000000000005,0.0,0.0,0.0,0.0,False,1.0,0.04000000000000005
recorded_conservative,2,2026-06-26T02:40:48.805212+00:00,0x8e4bcd7de404304d78ffd6801cda6a969cd3550ebe3dbc28e4c0b8ff9938a14a,SOL,YES,low,medium,medium,0.13999999999999999,0.0,0.0,0.0,0.0,False,1.0,0.13999999999999999
recorded_conservative,2,2026-06-26T02:51:38.817347+00:00,0xe508261496efeb201653b58e80e7f513fc39987412717485e6b55bb061579c69,ETH,NO,low,medium,medium,0.039999999999999994,0.0,0.0,0.0,0.0,False,1.0,0.039999999999999994
recorded_conservative,2,2026-06-26T02:51:56.806004+00:00,0xe508261496efeb201653b58e80e7f513fc39987412717485e6b55bb061579c69,ETH,NO,low,medium,medium,0.030000000000000044,0.0,0.0,0.0,0.0,False,1.0,0.030000000000000044
recorded_conservative,2,2026-06-26T02:52:32.804179+00:00,0xc3f03ff87f66c7f90f0170c31343b35b3d222c9592259bb603fe0832409a0fdf,BTC,NO,low,medium,medium,0.02999999999999999,0.0,0.0,0.0,0.0,False,1.0,0.02999999999999999
recorded_conservative,2,2026-06-26T02:52:32.804179+00:00,0xe508261496efeb201653b58e80e7f513fc39987412717485e6b55bb061579c69,ETH,NO,low,medium,medium,0.06999999999999997,0.0,0.0,0.0,0.0,False,1.0,0.06999999999999997
recorded_conservative,2,2026-06-26T02:57:22.804967+00:00,0x26d1ef52a5ebf5babad8932669762730e15bd1a446a00e43d9be96da4efc83c4,ETH,NO,low,medium,medium,0.115,0.0,0.0,0.0,0.0,False,1.0,0.115
recorded_conservative,2,2026-06-26T03:00:38.803974+00:00,0x63edaf8ffd40b636dc86e7c49b6296c604d4ea5caa43b031869f3147e21dd62b,SOL,YES,low,high,medium,-0.085,0.0,0.0,0.0,0.0,False,1.0,-0.085
recorded_conservative,2,2026-06-26T03:01:24.814231+00:00,0xc358642287952e08f2fbbd5a90f7574d73a87685780ca454b0efda7e9e598cd4,ETH,NO,high,medium,medium,0.20500000000000004,0.0,0.0,0.0,0.0,False,1.0,0.20500000000000004
recorded_conservative,2,2026-06-26T03:03:32.816621+00:00,0x63edaf8ffd40b636dc86e7c49b6296c604d4ea5caa43b031869f3147e21dd62b,SOL,YES,low,medium,medium,0.19000000000000009,0.0,0.0,0.0,0.0,False,1.0,0.19000000000000009
recorded_conservative,2,2026-06-26T03:05:08.804343+00:00,0x45454c0281a47979043962ffc486828eaf366f6e60c61c60460810e7425f44a1,BTC,NO,low,medium,medium,0.059999999999999956,0.0,0.0,0.0,0.0,False,1.0,0.059999999999999956
recorded_conservative,2,2026-06-26T03:06:02.818025+00:00,0xa16a5cae23414513a2199fe036ffb3c48978064e3c53b7d9b2ae57ee97de8bff,ETH,NO,low,medium,medium,0.045,0.0,0.0,0.0,0.0,False,1.0,0.045
recorded_conservative,2,2026-06-26T03:06:28.814788+00:00,0x200710e3e43d33b143ccd80d0a2e3a265017d2dc75281f8951b674131c3f26bb,SOL,NO,medium,high,medium,0.08499999999999998,0.0,0.0,0.0,0.0,False,1.0,0.08499999999999998
recorded_conservative,2,2026-06-26T03:16:38.807970+00:00,0x3fa0111e36690372aa90e248420ec855bd7c896e4868c9f32998c6f075384169,ETH,YES,low,medium,medium,0.11,0.0,0.0,0.0,0.0,False,1.0,0.11
recorded_conservative,2,2026-06-26T03:32:26.818047+00:00,0x0b97e37bec2a876f4ff7b37c51c8895e26ea39d6e3a2d9cb9ddbe6b457ce8860,SOL,YES,high,high,medium,0.21000000000000005,0.0,0.0,0.0,0.0,False,1.0,0.21000000000000005
recorded_conservative,2,2026-06-26T03:55:08.803525+00:00,0x4899182aad7398c555f2a57cd6737598b159c5e6aa63bb73b798e6026f8b0094,SOL,NO,medium,low,medium,0.07999999999999997,0.0,0.0,0.0,0.0,False,1.0,0.07999999999999997
recorded_conservative,2,2026-06-26T03:55:16.816237+00:00,0x4899182aad7398c555f2a57cd6737598b159c5e6aa63bb73b798e6026f8b0094,SOL,NO,low,low,medium,-0.08000000000000006,0.0,0.0,0.0,0.0,False,1.0,-0.08000000000000006
recorded_conservative,2,2026-06-26T03:57:48.804438+00:00,0x4899182aad7398c555f2a57cd6737598b159c5e6aa63bb73b798e6026f8b0094,SOL,NO,medium,high,medium,-0.055000000000000035,0.0,0.0,0.0,0.0,False,1.0,-0.055000000000000035
recorded_conservative,2,2026-06-26T03:57:58.809960+00:00,0x4899182aad7398c555f2a57cd6737598b159c5e6aa63bb73b798e6026f8b0094,SOL,NO,low,high,medium,0.035000000000000045,0.0,0.0,0.0,0.0,False,1.0,0.035000000000000045
recorded_conservative,2,2026-06-26T03:58:02.810248+00:00,0x4899182aad7398c555f2a57cd6737598b159c5e6aa63bb73b798e6026f8b0094,SOL,NO,medium,medium,medium,0.08999999999999998,0.0,0.0,0.0,0.0,False,1.0,0.08999999999999998
recorded_conservative,2,2026-06-26T03:58:28.812680+00:00,0x4899182aad7398c555f2a57cd6737598b159c5e6aa63bb73b798e6026f8b0094,SOL,NO,medium,medium,medium,0.059999999999999956,0.0,0.0,0.0,0.0,False,1.0,0.059999999999999956
recorded_conservative,2,2026-06-26T04:00:06.817578+00:00,0xa931c0e10d5530f989373caa003629057063609e4005786b743bae537c217c34,SOL,NO,low,medium,medium,0.05499999999999995,0.0,0.0,0.0,0.0,False,1.0,0.05499999999999995
recorded_conservative,2,2026-06-26T04:00:20.812413+00:00,0x63cab951a7245a6f73b6e5e26a09e371e2feeeecc1e604537033a6353bf3944e,BTC,NO,medium,medium,medium,0.06500000000000002,0.0,0.0,0.0,0.0,False,1.0,0.06500000000000002
recorded_conservative,2,2026-06-26T04:00:22.803330+00:00,0x63cab951a7245a6f73b6e5e26a09e371e2feeeecc1e604537033a6353bf3944e,BTC,NO,medium,medium,medium,0.14499999999999993,0.0,0.0,0.0,0.0,False,1.0,0.14499999999999993
recorded_conservative,2,2026-06-26T06:53:30.812574+00:00,0x4ff498fe655344b90bf7a5b904a79a24821ad4553fd49596772479324346a029,SOL,NO,medium,high,medium,0.024999999999999984,0.0,0.0,0.0,0.0,False,1.0,0.024999999999999984
recorded_conservative,2,2026-06-26T06:53:32.804327+00:00,0x4ff498fe655344b90bf7a5b904a79a24821ad4553fd49596772479324346a029,SOL,NO,medium,medium,medium,-0.06999999999999999,0.0,0.0,0.0,0.0,False,1.0,-0.06999999999999999
recorded_conservative,2,2026-06-26T07:05:48.811781+00:00,0x43005d0675491621f54ab6875a6c632e3ee1d0ec2022689ceef619343b23aa90,SOL,NO,low,medium,medium,0.029999999999999933,0.0,0.0,0.0,0.0,False,1.0,0.029999999999999933
recorded_conservative,2,2026-06-26T07:06:38.804569+00:00,0x43005d0675491621f54ab6875a6c632e3ee1d0ec2022689ceef619343b23aa90,SOL,NO,low,medium,medium,-0.11000000000000003,0.0,0.0,0.0,0.0,False,1.0,-0.11000000000000003
recorded_conservative,2,2026-06-26T07:06:40.809802+00:00,0x43005d0675491621f54ab6875a6c632e3ee1d0ec2022689ceef619343b23aa90,SOL,NO,low,medium,medium,-0.059999999999999984,0.0,0.0,0.0,0.0,False,1.0,-0.059999999999999984
recorded_conservative,2,2026-06-26T07:08:32.818104+00:00,0x43005d0675491621f54ab6875a6c632e3ee1d0ec2022689ceef619343b23aa90,SOL,NO,low,medium,medium,-0.07000000000000005,0.0,0.0,0.0,0.0,False,1.0,-0.07000000000000005
recorded_conservative,2,2026-06-26T07:40:34.806231+00:00,0xd26cee061a5b0d0f82fcb2457d5de1bb3334659b47dff621b8d511e56e10a868,BTC,NO,low,medium,medium,0.020000000000000035,0.0,0.0,0.0,0.0,False,1.0,0.020000000000000035
recorded_conservative,2,2026-06-26T07:40:34.806231+00:00,0xc84d4d834953770775dc2fef52283e2d3ae621102db7672f438730406001fa49,ETH,NO,low,medium,medium,0.11,0.0,0.0,0.0,0.0,False,1.0,0.11
recorded_conservative,2,2026-06-26T07:40:36.812020+00:00,0xd26cee061a5b0d0f82fcb2457d5de1bb3334659b47dff621b8d511e56e10a868,BTC,NO,low,medium,medium,0.019999999999999924,0.0,0.0,0.0,0.0,False,1.0,0.019999999999999924
recorded_conservative,2,2026-06-26T07:45:32.818637+00:00,0x7f26a6a9237c0ddf229911a7c90349ed1f8b495468cbf2c8182a92f7cfc7a0e8,ETH,YES,low,medium,medium,0.06000000000000001,0.0,0.0,0.0,0.0,False,1.0,0.06000000000000001
recorded_conservative,2,2026-06-26T07:45:38.808508+00:00,0x7f26a6a9237c0ddf229911a7c90349ed1f8b495468cbf2c8182a92f7cfc7a0e8,ETH,YES,low,medium,medium,0.039999999999999994,0.0,0.0,0.0,0.0,False,1.0,0.039999999999999994
recorded_conservative,2,2026-06-26T08:00:30.814345+00:00,0xe6a382ea25b9a95e964f4832e995c5e02cc31115908a9ef32975a67d8f3ede20,SOL,NO,low,medium,medium,0.10499999999999994,0.0,0.0,0.0,0.0,False,1.0,0.10499999999999994
recorded_conservative,3,2026-07-01T21:38:34.364551+00:00,0xccddd1603d20c4477f2ac4e9f226747d540c9f0fe9ebc85b76cbdd992afa90a5,SOL,YES,low,medium,low,0.18999999999999997,0.0,0.0,0.0,0.0,False,1.0,0.18999999999999997
recorded_conservative,3,2026-07-01T21:40:16.374459+00:00,0x1e62581fd9a1f2400a72b0ace91b1149d1dd03a3202a315563efea9499e0e23b,BTC,YES,low,medium,low,0.05000000000000006,0.0,0.0,0.0,0.0,False,1.0,0.05000000000000006
recorded_conservative,3,2026-07-01T21:40:22.365273+00:00,0x4c09abece310efe0c502e2b081a875d0020f5b30af3c45f19145efd6b791df0b,ETH,YES,medium,medium,low,0.06500000000000002,0.0,0.0,0.0,0.0,False,1.0,0.06500000000000002
recorded_conservative,3,2026-07-01T21:40:22.365273+00:00,0x2729a97dbed765fa7f38618dc0399548892a2600fac0138be2d913602762d5e7,SOL,YES,low,medium,low,0.039999999999999994,0.0,0.0,0.0,0.0,False,1.0,0.039999999999999994
recorded_conservative,3,2026-07-01T21:40:24.371334+00:00,0x2729a97dbed765fa7f38618dc0399548892a2600fac0138be2d913602762d5e7,SOL,YES,low,medium,low,0.08999999999999998,0.0,0.0,0.0,0.0,False,1.0,0.08999999999999998
recorded_conservative,3,2026-07-01T21:41:12.371170+00:00,0x2729a97dbed765fa7f38618dc0399548892a2600fac0138be2d913602762d5e7,SOL,YES,low,medium,low,0.04000000000000005,0.0,0.0,0.0,0.0,False,1.0,0.04000000000000005
recorded_conservative,3,2026-07-01T21:41:40.369327+00:00,0x2729a97dbed765fa7f38618dc0399548892a2600fac0138be2d913602762d5e7,SOL,YES,low,medium,low,-0.059999999999999984,0.0,0.0,0.0,0.0,False,1.0,-0.059999999999999984
recorded_conservative,3,2026-07-01T21:41:46.372488+00:00,0x2729a97dbed765fa7f38618dc0399548892a2600fac0138be2d913602762d5e7,SOL,YES,low,medium,low,0.039999999999999994,0.0,0.0,0.0,0.0,False,1.0,0.039999999999999994
recorded_conservative,3,2026-07-01T21:42:04.370096+00:00,0x2729a97dbed765fa7f38618dc0399548892a2600fac0138be2d913602762d5e7,SOL,YES,low,low,low,-0.07500000000000005,0.0,0.0,0.0,0.0,False,1.0,-0.07500000000000005
recorded_conservative,3,2026-07-01T21:43:34.364596+00:00,0x4c09abece310efe0c502e2b081a875d0020f5b30af3c45f19145efd6b791df0b,ETH,YES,low,medium,low,0.010000000000000026,0.0,0.0,0.0,0.0,False,1.0,0.010000000000000026
recorded_conservative,3,2026-07-01T21:43:36.369953+00:00,0x4c09abece310efe0c502e2b081a875d0020f5b30af3c45f19145efd6b791df0b,ETH,YES,low,medium,low,0.01999999999999998,0.0,0.0,0.0,0.0,False,1.0,0.01999999999999998
recorded_conservative,3,2026-07-01T21:43:40.367946+00:00,0x4c09abece310efe0c502e2b081a875d0020f5b30af3c45f19145efd6b791df0b,ETH,YES,low,medium,low,0.039999999999999994,0.0,0.0,0.0,0.0,False,1.0,0.039999999999999994
recorded_conservative,3,2026-07-01T21:52:36.373289+00:00,0x0dcd227003d8b96eb66b8db71c3ef9f315a3aae8716e4d49d11b359a8b6c27fa,ETH,YES,low,low,low,0.3499999999999999,0.0,0.0,0.0,0.0,False,1.0,0.3499999999999999
recorded_conservative,3,2026-07-01T22:25:06.371629+00:00,0x3eadf4ee01511b615676265099963fabcf242d0d9e7b7e4b982686e0262ce98b,ETH,YES,low,medium,medium,0.020000000000000035,0.0,0.0,0.0,0.0,False,1.0,0.020000000000000035
recorded_conservative,3,2026-07-01T22:25:44.366323+00:00,0x2b139d670d2706c6264dad011bc4e96df04633695a4fc75b669830f39f6693ce,BTC,NO,low,medium,medium,0.020000000000000035,0.0,0.0,0.0,0.0,False,1.0,0.020000000000000035
recorded_conservative,3,2026-07-01T22:25:46.373589+00:00,0x2b139d670d2706c6264dad011bc4e96df04633695a4fc75b669830f39f6693ce,BTC,NO,low,medium,low,0.020000000000000035,0.0,0.0,0.0,0.0,False,1.0,0.020000000000000035
recorded_conservative,3,2026-07-01T22:25:48.363737+00:00,0x2b139d670d2706c6264dad011bc4e96df04633695a4fc75b669830f39f6693ce,BTC,NO,low,low,low,0.03999999999999994,0.0,0.0,0.0,0.0,False,1.0,0.03999999999999994
recorded_conservative,3,2026-07-01T22:25:50.368975+00:00,0x2b139d670d2706c6264dad011bc4e96df04633695a4fc75b669830f39f6693ce,BTC,NO,medium,low,medium,-0.05999999999999993,0.0,0.0,0.0,0.0,False,1.0,-0.05999999999999993
recorded_conservative,3,2026-07-01T22:25:56.371175+00:00,0x2b139d670d2706c6264dad011bc4e96df04633695a4fc75b669830f39f6693ce,BTC,NO,medium,medium,medium,0.019999999999999924,0.0,0.0,0.0,0.0,False,1.0,0.019999999999999924
recorded_conservative,3,2026-07-01T22:25:58.364472+00:00,0x071de439b9cfba5f3b67356a7c3b0685206f6f943a789b6467311d34691aa135,SOL,NO,low,medium,low,0.010000000000000026,0.0,0.0,0.0,0.0,False,1.0,0.010000000000000026
recorded_conservative,3,2026-07-01T22:26:00.369709+00:00,0x2b139d670d2706c6264dad011bc4e96df04633695a4fc75b669830f39f6693ce,BTC,NO,medium,low,medium,0.02500000000000004,0.0,0.0,0.0,0.0,False,1.0,0.02500000000000004
recorded_conservative,3,2026-07-01T22:31:02.362104+00:00,0x5330f3288d309b2bb246086f6cf4d139e782acd5b44784839259604ae5e9f369,BTC,NO,low,low,low,0.05500000000000001,0.0,0.0,0.0,0.0,False,1.0,0.05500000000000001
recorded_conservative,3,2026-07-01T22:31:16.364882+00:00,0x5330f3288d309b2bb246086f6cf4d139e782acd5b44784839259604ae5e9f369,BTC,NO,low,medium,low,0.03499999999999999,0.0,0.0,0.0,0.0,False,1.0,0.03499999999999999
recorded_conservative,3,2026-07-01T22:31:16.364882+00:00,0x8145a3bfddc61cdf01d45026aed596f0878c260884e8315caa000f5e42143a61,ETH,NO,low,medium,low,0.039999999999999994,0.0,0.0,0.0,0.0,False,1.0,0.039999999999999994
recorded_conservative,3,2026-07-01T22:31:18.370517+00:00,0x5330f3288d309b2bb246086f6cf4d139e782acd5b44784839259604ae5e9f369,BTC,NO,low,medium,medium,0.010000000000000026,0.0,0.0,0.0,0.0,False,1.0,0.010000000000000026
recorded_conservative,3,2026-07-01T22:31:20.361313+00:00,0x8145a3bfddc61cdf01d45026aed596f0878c260884e8315caa000f5e42143a61,ETH,NO,low,medium,low,-0.05000000000000003,0.0,0.0,0.0,0.0,False,1.0,-0.05000000000000003
recorded_conservative,3,2026-07-01T22:31:22.369278+00:00,0x8145a3bfddc61cdf01d45026aed596f0878c260884e8315caa000f5e42143a61,ETH,NO,low,medium,low,-0.08999999999999996,0.0,0.0,0.0,0.0,False,1.0,-0.08999999999999996
recorded_conservative,3,2026-07-01T22:31:34.363478+00:00,0x5330f3288d309b2bb246086f6cf4d139e782acd5b44784839259604ae5e9f369,BTC,NO,low,medium,low,0.030000000000000044,0.0,0.0,0.0,0.0,False,1.0,0.030000000000000044
recorded_conservative,3,2026-07-01T22:32:00.371088+00:00,0x26690f30c8250f214c3c585bafacecfe21ca18c719caac4709c063c6d47267b4,SOL,NO,low,medium,medium,0.045,0.0,0.0,0.0,0.0,False,1.0,0.045
recorded_conservative,3,2026-07-01T22:32:02.361988+00:00,0x26690f30c8250f214c3c585bafacecfe21ca18c719caac4709c063c6d47267b4,SOL,NO,low,medium,medium,0.020000000000000035,0.0,0.0,0.0,0.0,False,1.0,0.020000000000000035
recorded_conservative,3,2026-07-01T22:32:06.360504+00:00,0x26690f30c8250f214c3c585bafacecfe21ca18c719caac4709c063c6d47267b4,SOL,NO,low,high,medium,-0.05000000000000003,0.0,0.0,0.0,0.0,False,1.0,-0.05000000000000003
recorded_conservative,3,2026-07-01T22:32:10.374054+00:00,0x26690f30c8250f214c3c585bafacecfe21ca18c719caac4709c063c6d47267b4,SOL,NO,low,medium,low,-0.13999999999999999,0.0,0.0,0.0,0.0,False,1.0,-0.13999999999999999
recorded_conservative,3,2026-07-01T22:32:18.369405+00:00,0x8145a3bfddc61cdf01d45026aed596f0878c260884e8315caa000f5e42143a61,ETH,NO,low,medium,medium,0.059999999999999956,0.0,0.0,0.0,0.0,False,1.0,0.059999999999999956
recorded_conservative,3,2026-07-01T22:32:22.368939+00:00,0x5330f3288d309b2bb246086f6cf4d139e782acd5b44784839259604ae5e9f369,BTC,NO,low,medium,medium,0.010000000000000026,0.0,0.0,0.0,0.0,False,1.0,0.010000000000000026
recorded_conservative,3,2026-07-01T22:32:28.372665+00:00,0x8145a3bfddc61cdf01d45026aed596f0878c260884e8315caa000f5e42143a61,ETH,NO,low,medium,low,-0.09500000000000001,0.0,0.0,0.0,0.0,False,1.0,-0.09500000000000001
recorded_conservative,3,2026-07-01T22:32:54.365688+00:00,0x8145a3bfddc61cdf01d45026aed596f0878c260884e8315caa000f5e42143a61,ETH,NO,low,medium,low,0.05,0.0,0.0,0.0,0.0,False,1.0,0.05
recorded_conservative,3,2026-07-01T22:33:02.361345+00:00,0x5330f3288d309b2bb246086f6cf4d139e782acd5b44784839259604ae5e9f369,BTC,NO,medium,medium,medium,0.13000000000000003,0.0,0.0,0.0,0.0,False,1.0,0.13000000000000003
recorded_conservative,3,2026-07-01T22:33:02.361345+00:00,0x8145a3bfddc61cdf01d45026aed596f0878c260884e8315caa000f5e42143a61,ETH,NO,low,medium,low,0.09999999999999999,0.0,0.0,0.0,0.0,False,1.0,0.09999999999999999
recorded_conservative,3,2026-07-01T22:33:02.361345+00:00,0x26690f30c8250f214c3c585bafacecfe21ca18c719caac4709c063c6d47267b4,SOL,NO,low,medium,low,0.07500000000000002,0.0,0.0,0.0,0.0,False,1.0,0.07500000000000002
recorded_conservative,3,2026-07-01T22:33:04.368866+00:00,0x26690f30c8250f214c3c585bafacecfe21ca18c719caac4709c063c6d47267b4,SOL,NO,low,medium,low,0.05,0.0,0.0,0.0,0.0,False,1.0,0.05
recorded_conservative,3,2026-07-01T22:33:20.375116+00:00,0x5330f3288d309b2bb246086f6cf4d139e782acd5b44784839259604ae5e9f369,BTC,NO,low,medium,low,0.03999999999999994,0.0,0.0,0.0,0.0,False,1.0,0.03999999999999994
recorded_conservative,3,2026-07-01T22:33:22.368132+00:00,0x26690f30c8250f214c3c585bafacecfe21ca18c719caac4709c063c6d47267b4,SOL,NO,medium,medium,low,0.22000000000000006,0.0,0.0,0.0,0.0,False,1.0,0.22000000000000006
recorded_conservative,3,2026-07-01T22:33:58.367410+00:00,0x26690f30c8250f214c3c585bafacecfe21ca18c719caac4709c063c6d47267b4,SOL,NO,low,medium,low,-0.12999999999999998,0.0,0.0,0.0,0.0,False,1.0,-0.12999999999999998
recorded_conservative,3,2026-07-01T22:36:04.365503+00:00,0x06bf7937a18769d86039ea4ed35e5e8edd2a5c73d2ee04faffe90363450f8e3c,SOL,YES,low,medium,low,0.12499999999999996,0.0,0.0,0.0,0.0,False,1.0,0.12499999999999996
recorded_conservative,3,2026-07-01T23:41:58.370401+00:00,0x8d22580ded9a1c9bb43a9581787566efeccc0dff2ba6843eef73d5789b5ad805,SOL,NO,low,low,medium,0.29,0.0,0.0,0.0,0.0,False,1.0,0.29
recorded_conservative,3,2026-07-02T00:15:04.370549+00:00,0xa961035fe332ff6a397489f4b23cb720ae57b84d866a526858b47a7300270c12,SOL,YES,low,medium,medium,0.06999999999999997,0.0,0.0,0.0,0.0,False,1.0,0.06999999999999997
recorded_conservative,3,2026-07-02T00:36:00.373439+00:00,0x0b7afa9b0852f4da0eb237bf817bcb7f8aef5e68dd95d52baba20abc06c16376,SOL,YES,low,medium,medium,0.010000000000000026,0.0,0.0,0.0,0.0,False,1.0,0.010000000000000026
recorded_conservative,3,2026-07-02T02:22:40.364603+00:00,0x8388cdf918fa7cb09ae4a5325b4c5f307e17be11af5350e73ae08cf56bb4fece,ETH,NO,low,medium,medium,0.059999999999999956,0.0,0.0,0.0,0.0,False,1.0,0.059999999999999956
recorded_conservative,3,2026-07-02T02:30:34.366427+00:00,0xb3e27db391946f1a5ab1d3c3b4a5b8c59d663d3684d960d98f37b7def0df3075,ETH,NO,low,low,medium,0.039999999999999994,0.0,0.0,0.0,0.0,False,1.0,0.039999999999999994
recorded_conservative,3,2026-07-02T02:30:38.363447+00:00,0xb3e27db391946f1a5ab1d3c3b4a5b8c59d663d3684d960d98f37b7def0df3075,ETH,NO,low,medium,medium,0.030000000000000044,0.0,0.0,0.0,0.0,False,1.0,0.030000000000000044
recorded_conservative,3,2026-07-02T03:06:42.363431+00:00,0xd97c09881b1dc40d77cafc681e2b0b8577f654e19c6a1a83914d678d7f9bdf2c,SOL,YES,low,medium,medium,0.059999999999999956,0.0,0.0,0.0,0.0,False,1.0,0.059999999999999956
recorded_conservative,3,2026-07-02T03:38:34.375507+00:00,0xd69c5b7ce1b66fe7745e070b544d04de2517e4b2093ff8309c5573bb8b38ce57,SOL,YES,low,medium,medium,0.13999999999999999,0.0,0.0,0.0,0.0,False,1.0,0.13999999999999999
recorded_conservative,3,2026-07-02T03:50:04.372378+00:00,0xcd593facad3a6092d5974b7ee969c8f3ff778c58031a7baac893ebf627d14b9d,ETH,YES,high,medium,medium,0.24000000000000002,0.0,0.0,0.0,0.0,False,1.0,0.24000000000000002
recorded_conservative,3,2026-07-02T03:58:18.368322+00:00,0x947e5ddb9a353ecb65bc2faa7bce21ded36808053545239573a7c43756401557,SOL,NO,low,medium,medium,0.059999999999999956,0.0,0.0,0.0,0.0,False,1.0,0.059999999999999956
recorded_conservative,3,2026-07-02T04:22:28.365589+00:00,0x8552d47c45da4f6202022c51d4d7ff51b0064f2cd42e482f6fc524d37f7ed891,SOL,NO,low,medium,medium,0.08999999999999998,0.0,0.0,0.0,0.0,False,1.0,0.08999999999999998
recorded_conservative,3,2026-07-02T06:11:32.366824+00:00,0xbd4e2fd8dfbdf679456a5c936fa4db4595434055fa7990b727e863efdb73d6fe,SOL,YES,low,medium,medium,0.09999999999999999,0.0,0.0,0.0,0.0,False,1.0,0.09999999999999999
recorded_conservative,3,2026-07-02T07:55:46.373480+00:00,0x80bb349ee2b85081e290db4561ebb007ca2a8b5721eec05ce98488d10dbdc84f,ETH,NO,low,medium,medium,-0.07000000000000005,0.0,0.0,0.0,0.0,False,1.0,-0.07000000000000005
recorded_conservative,3,2026-07-02T07:57:42.360831+00:00,0xf9f5ce604030e965827e405652c34595fca9803264f266f106ead15d7fbb64ac,BTC,YES,low,medium,medium,-0.17,0.0,0.0,0.0,0.0,False,1.0,-0.17
recorded_conservative,3,2026-07-02T07:57:44.366499+00:00,0xf9f5ce604030e965827e405652c34595fca9803264f266f106ead15d7fbb64ac,BTC,YES,low,high,medium,0.08499999999999998,0.0,0.0,0.0,0.0,False,1.0,0.08499999999999998
recorded_conservative,3,2026-07-02T08:08:54.370330+00:00,0x217a508e23290f5918a6837d836f77a3f88255f2e4fe43a9a2cce242409a7db6,ETH,YES,low,medium,high,-0.02,0.0,0.0,0.0,0.0,False,1.0,-0.02
recorded_conservative,3,2026-07-02T08:31:14.363819+00:00,0x5d2ccbd18015d1eb9a97902f684b591555d9a4ff0610ff201c2f1f8538a929b1,SOL,YES,low,medium,medium,0.01999999999999998,0.0,0.0,0.0,0.0,False,1.0,0.01999999999999998
recorded_conservative,3,2026-07-02T08:31:18.364598+00:00,0x5d2ccbd18015d1eb9a97902f684b591555d9a4ff0610ff201c2f1f8538a929b1,SOL,YES,low,medium,medium,0.09500000000000004,0.0,0.0,0.0,0.0,False,1.0,0.09500000000000004
recorded_conservative,3,2026-07-02T09:00:24.371490+00:00,0x96ddd482cd2ee1a173dbde4538ed2007620845c0e462dbfcc969d36209beb1ce,SOL,NO,low,medium,medium,-0.059999999999999984,0.0,0.0,0.0,0.0,False,1.0,-0.059999999999999984
recorded_conservative,3,2026-07-02T09:00:34.362867+00:00,0x96ddd482cd2ee1a173dbde4538ed2007620845c0e462dbfcc969d36209beb1ce,SOL,NO,low,medium,medium,0.09999999999999994,0.0,0.0,0.0,0.0,False,1.0,0.09999999999999994
recorded_conservative,3,2026-07-02T09:00:48.368690+00:00,0x96ddd482cd2ee1a173dbde4538ed2007620845c0e462dbfcc969d36209beb1ce,SOL,NO,low,high,medium,0.04499999999999994,0.0,0.0,0.0,0.0,False,1.0,0.04499999999999994
recorded_conservative,3,2026-07-02T09:00:52.369633+00:00,0x96ddd482cd2ee1a173dbde4538ed2007620845c0e462dbfcc969d36209beb1ce,SOL,NO,low,medium,medium,0.04999999999999995,0.0,0.0,0.0,0.0,False,1.0,0.04999999999999995
recorded_conservative,3,2026-07-02T09:01:04.370531+00:00,0x96ddd482cd2ee1a173dbde4538ed2007620845c0e462dbfcc969d36209beb1ce,SOL,NO,low,medium,medium,0.010000000000000026,0.0,0.0,0.0,0.0,False,1.0,0.010000000000000026
recorded_conservative,3,2026-07-02T09:01:06.361857+00:00,0x96ddd482cd2ee1a173dbde4538ed2007620845c0e462dbfcc969d36209beb1ce,SOL,NO,low,medium,medium,0.010000000000000026,0.0,0.0,0.0,0.0,False,1.0,0.010000000000000026
recorded_conservative,3,2026-07-02T09:10:36.374495+00:00,0xbe2fec169e982831aa0a3f5a98442f7e0793c4af803bb920266ae6a7d43b3101,SOL,YES,low,medium,medium,-0.06999999999999999,0.0,0.0,0.0,0.0,False,1.0,-0.06999999999999999
recorded_conservative,3,2026-07-02T09:11:08.370966+00:00,0xbe2fec169e982831aa0a3f5a98442f7e0793c4af803bb920266ae6a7d43b3101,SOL,YES,low,medium,medium,0.010000000000000026,0.0,0.0,0.0,0.0,False,1.0,0.010000000000000026
recorded_conservative,3,2026-07-02T09:26:52.371394+00:00,0xe41189d0cceabac9697f126f3ff12806192b7fb894edecb0106a0cc6738db731,ETH,YES,low,medium,medium,0.30999999999999994,0.0,0.0,0.0,0.0,False,1.0,0.30999999999999994
recorded_conservative,3,2026-07-02T09:35:10.366702+00:00,0x22928e0772859e6323b5722fc85857ebc2843ce5f3002b574d2bfdaa76aefda9,SOL,YES,low,medium,medium,0.02999999999999999,0.0,0.0,0.0,0.0,False,1.0,0.02999999999999999
recorded_conservative,3,2026-07-02T09:55:44.372085+00:00,0x76314474e6d37d9996d64a209cef82a7d8ccbce36c7c87add2f24e7497a7816c,BTC,NO,low,high,medium,0.09999999999999999,0.0,0.0,0.0,0.0,False,1.0,0.09999999999999999
recorded_conservative,3,2026-07-02T09:55:54.363634+00:00,0x1f1dd57c6e8f84731f3eca11a122596fc016822900b9a36563483ec6f84c36d4,SOL,NO,low,medium,medium,-0.08,0.0,0.0,0.0,0.0,False,1.0,-0.08
recorded_conservative,3,2026-07-02T09:56:18.361978+00:00,0x1f1dd57c6e8f84731f3eca11a122596fc016822900b9a36563483ec6f84c36d4,SOL,NO,low,medium,medium,0.035000000000000045,0.0,0.0,0.0,0.0,False,1.0,0.035000000000000045
recorded_conservative,3,2026-07-02T09:56:24.369489+00:00,0x1f1dd57c6e8f84731f3eca11a122596fc016822900b9a36563483ec6f84c36d4,SOL,NO,low,medium,medium,0.059999999999999956,0.0,0.0,0.0,0.0,False,1.0,0.059999999999999956
recorded_conservative,3,2026-07-02T09:56:42.365883+00:00,0x76314474e6d37d9996d64a209cef82a7d8ccbce36c7c87add2f24e7497a7816c,BTC,NO,low,medium,medium,0.03999999999999994,0.0,0.0,0.0,0.0,False,1.0,0.03999999999999994
recorded_conservative,3,2026-07-02T09:56:46.366917+00:00,0x76314474e6d37d9996d64a209cef82a7d8ccbce36c7c87add2f24e7497a7816c,BTC,NO,low,medium,medium,0.010000000000000026,0.0,0.0,0.0,0.0,False,1.0,0.010000000000000026
recorded_conservative,3,2026-07-02T09:58:16.363073+00:00,0x1f1dd57c6e8f84731f3eca11a122596fc016822900b9a36563483ec6f84c36d4,SOL,NO,low,medium,medium,0.03999999999999994,0.0,0.0,0.0,0.0,False,1.0,0.03999999999999994
recorded_conservative,3,2026-07-02T10:28:54.362470+00:00,0x5b8a5202ab816574a4572fb9d28ff7ada354d9668318b56a3644f04c39738f84,SOL,NO,low,medium,medium,0.04000000000000005,0.0,0.0,0.0,0.0,False,1.0,0.04000000000000005
recorded_conservative,3,2026-07-02T10:28:56.368829+00:00,0x5b8a5202ab816574a4572fb9d28ff7ada354d9668318b56a3644f04c39738f84,SOL,NO,low,medium,medium,0.01999999999999998,0.0,0.0,0.0,0.0,False,1.0,0.01999999999999998
recorded_conservative,3,2026-07-02T10:33:10.363766+00:00,0x6700add2442ac52e76696ea3dd458416e2e1d5ab9e770499a85347b7e866d616,SOL,YES,low,medium,medium,0.25,0.0,0.0,0.0,0.0,False,1.0,0.25
recorded_conservative,3,2026-07-02T10:37:00.364893+00:00,0x465c10bb8102a8ec311965c7f7b77727b332f80e8cd87847b212b6350accd796,SOL,YES,medium,medium,medium,0.06500000000000002,0.0,0.0,0.0,0.0,False,1.0,0.06500000000000002
recorded_conservative,3,2026-07-02T10:40:18.374682+00:00,0xb6fcc6f9d2dd9571635233fc09a863999351b0fdcf8df2b3a54b65954c4156d0,SOL,NO,medium,medium,medium,0.06999999999999997,0.0,0.0,0.0,0.0,False,1.0,0.06999999999999997
recorded_conservative,3,2026-07-02T10:55:06.372034+00:00,0x88416fcd563a9ffe6e611423ab3340c17488dc22b7d96f92571269bffc042195,SOL,NO,low,medium,medium,0.01499999999999992,0.0,0.0,0.0,0.0,False,1.0,0.01499999999999992
recorded_conservative,3,2026-07-02T11:00:12.369501+00:00,0x7a3fd80678cd42bf2a8b58076455dbb4318bf9108db524760e8b4127b426fa76,SOL,NO,low,medium,medium,0.03999999999999994,0.0,0.0,0.0,0.0,False,1.0,0.03999999999999994
recorded_conservative,3,2026-07-02T11:10:20.365901+00:00,0xae1161ad8055f5b09cd7c8038ea97feb7f79f231202f647ce33f68cdce265897,SOL,YES,high,high,medium,0.215,0.0,0.0,0.0,0.0,False,1.0,0.215
recorded_conservative,3,2026-07-02T12:10:22.361984+00:00,0x8362eee619c3c068724b9acc69306f29dd57c5fb122ca23de731c60f166d74d8,SOL,NO,low,medium,medium,0.010000000000000026,0.0,0.0,0.0,0.0,False,1.0,0.010000000000000026
recorded_conservative,3,2026-07-02T12:10:26.361078+00:00,0x8362eee619c3c068724b9acc69306f29dd57c5fb122ca23de731c60f166d74d8,SOL,NO,low,medium,medium,-0.059999999999999984,0.0,0.0,0.0,0.0,False,1.0,-0.059999999999999984
recorded_conservative,3,2026-07-02T12:11:18.362800+00:00,0x8362eee619c3c068724b9acc69306f29dd57c5fb122ca23de731c60f166d74d8,SOL,NO,low,medium,medium,0.05,0.0,0.0,0.0,0.0,False,1.0,0.05
recorded_conservative,3,2026-07-02T12:12:22.363070+00:00,0x8362eee619c3c068724b9acc69306f29dd57c5fb122ca23de731c60f166d74d8,SOL,NO,low,medium,medium,0.030000000000000044,0.0,0.0,0.0,0.0,False,1.0,0.030000000000000044
recorded_conservative,3,2026-07-02T12:13:38.365899+00:00,0x8362eee619c3c068724b9acc69306f29dd57c5fb122ca23de731c60f166d74d8,SOL,NO,medium,high,medium,0.23500000000000001,0.0,0.0,0.0,0.0,False,1.0,0.23500000000000001
recorded_conservative,3,2026-07-02T12:20:04.364161+00:00,0x94bb631dd01221e07f00ab03feccab66c46ce389a1e7d203fe282aa6d209c589,SOL,YES,low,medium,medium,0.029999999999999933,0.0,0.0,0.0,0.0,False,1.0,0.029999999999999933
recorded_conservative,3,2026-07-02T12:30:04.364786+00:00,0x9215a5c313d78c2a336728a748b73687bc826021a656e9a0d76746f2f5023043,BTC,YES,high,medium,medium,0.265,0.0,0.0,0.0,0.0,False,1.0,0.265
recorded_conservative,3,2026-07-02T12:30:16.366322+00:00,0xfdd4d7f9eadc398c0df23a59aadb9ee61a56855c54b6ac9520602a5973e42087,SOL,YES,low,high,medium,-0.13999999999999999,0.0,0.0,0.0,0.0,False,1.0,-0.13999999999999999
recorded_conservative,3,2026-07-02T12:30:20.366935+00:00,0xfdd4d7f9eadc398c0df23a59aadb9ee61a56855c54b6ac9520602a5973e42087,SOL,YES,low,high,medium,0.02999999999999999,0.0,0.0,0.0,0.0,False,1.0,0.02999999999999999
recorded_conservative,3,2026-07-02T12:30:22.364919+00:00,0xfdd4d7f9eadc398c0df23a59aadb9ee61a56855c54b6ac9520602a5973e42087,SOL,YES,low,medium,medium,-0.13999999999999999,0.0,0.0,0.0,0.0,False,1.0,-0.13999999999999999
recorded_conservative,3,2026-07-02T12:30:36.362455+00:00,0xfdd4d7f9eadc398c0df23a59aadb9ee61a56855c54b6ac9520602a5973e42087,SOL,YES,low,medium,medium,0.12999999999999998,0.0,0.0,0.0,0.0,False,1.0,0.12999999999999998
recorded_conservative,3,2026-07-02T12:31:22.373383+00:00,0x988287eee8e697b0d1d2625d38528f0175f8d3b585148a236428390c8e5bd7a0,ETH,NO,low,medium,medium,0.034999999999999934,0.0,0.0,0.0,0.0,False,1.0,0.034999999999999934
recorded_conservative,3,2026-07-02T12:31:28.373272+00:00,0x9215a5c313d78c2a336728a748b73687bc826021a656e9a0d76746f2f5023043,BTC,NO,low,high,medium,0.05500000000000001,0.0,0.0,0.0,0.0,False,1.0,0.05500000000000001
recorded_conservative,3,2026-07-02T12:33:18.366598+00:00,0x9215a5c313d78c2a336728a748b73687bc826021a656e9a0d76746f2f5023043,BTC,NO,low,medium,medium,0.08999999999999998,0.0,0.0,0.0,0.0,False,1.0,0.08999999999999998
recorded_conservative,3,2026-07-02T12:40:48.374599+00:00,0xb38f8c90a79ba7fb9e3926511611e2a97e69f95d8567e5459f176624c5d78e7e,SOL,YES,low,medium,medium,0.04999999999999995,0.0,0.0,0.0,0.0,False,1.0,0.04999999999999995
recorded_conservative,3,2026-07-02T13:01:06.370199+00:00,0xfdc8ee5a5355786246c8c350b1b6d392d7b0b20b2f4112d995400e6d41587033,BTC,NO,low,medium,medium,0.08499999999999998,0.0,0.0,0.0,0.0,False,1.0,0.08499999999999998
recorded_conservative,3,2026-07-02T13:01:06.370199+00:00,0x7da2825f125571140c598bebdc47a2efcc90d5bbe3f36da9ed64a66a0758a57e,ETH,NO,low,low,medium,0.06499999999999996,0.0,0.0,0.0,0.0,False,1.0,0.06499999999999996
recorded_conservative,3,2026-07-02T13:05:14.362350+00:00,0x7b81aecfe918b4400a38bb7e82faf16214e86526a59365a1a1f57891d5e02184,SOL,YES,low,medium,medium,0.12000000000000001,0.0,0.0,0.0,0.0,False,1.0,0.12000000000000001
recorded_conservative,3,2026-07-02T13:10:08.372139+00:00,0x0b7e0ca6f5af7203bbc20de90e6a874b459992dfe7ec7d26ca84605690a8971f,SOL,NO,low,medium,medium,0.05499999999999995,0.0,0.0,0.0,0.0,False,1.0,0.05499999999999995
recorded_conservative,3,2026-07-02T13:26:26.363015+00:00,0xabaf563b7f6a9dc2645946d31ce8af8645de6d2409cef51803fb0999c9061f3e,ETH,NO,low,medium,medium,-0.08,0.0,0.0,0.0,0.0,False,1.0,-0.08
recorded_conservative,3,2026-07-02T13:26:28.373900+00:00,0xabaf563b7f6a9dc2645946d31ce8af8645de6d2409cef51803fb0999c9061f3e,ETH,NO,low,medium,medium,0.11999999999999995,0.0,0.0,0.0,0.0,False,1.0,0.11999999999999995
recorded_conservative,3,2026-07-02T13:32:06.370617+00:00,0xbfdaa1afb46e82ff47ba344bc098d1ae028cd939a030c6672402ca1475988d70,ETH,NO,low,medium,medium,0.02,0.0,0.0,0.0,0.0,False,1.0,0.02
recorded_conservative,3,2026-07-02T13:32:14.374959+00:00,0xbfdaa1afb46e82ff47ba344bc098d1ae028cd939a030c6672402ca1475988d70,ETH,NO,high,medium,medium,-0.04000000000000001,0.0,0.0,0.0,0.0,False,1.0,-0.04000000000000001
recorded_conservative,3,2026-07-02T13:33:40.375151+00:00,0xbfdaa1afb46e82ff47ba344bc098d1ae028cd939a030c6672402ca1475988d70,ETH,YES,low,medium,high,-0.02,0.0,0.0,0.0,0.0,False,1.0,-0.02
recorded_conservative,3,2026-07-02T13:35:10.368025+00:00,0x7798cca819d8b656cf9130a5ea5d871975f4227bea6b3d22ec3b1b6de4584fc0,BTC,NO,medium,medium,medium,0.14499999999999993,0.0,0.0,0.0,0.0,False,1.0,0.14499999999999993
recorded_conservative,3,2026-07-02T13:37:02.366507+00:00,0xcd4afc8eb6c83c8d8dada852de775b7cc1e7cfaf722f03972c1d93abc1d9cf09,ETH,YES,low,medium,medium,-0.05499999999999998,0.0,0.0,0.0,0.0,False,1.0,-0.05499999999999998
recorded_conservative,3,2026-07-02T13:37:06.370427+00:00,0x7798cca819d8b656cf9130a5ea5d871975f4227bea6b3d22ec3b1b6de4584fc0,BTC,NO,low,medium,medium,0.06499999999999996,0.0,0.0,0.0,0.0,False,1.0,0.06499999999999996
recorded_conservative,3,2026-07-02T13:37:14.375069+00:00,0x7798cca819d8b656cf9130a5ea5d871975f4227bea6b3d22ec3b1b6de4584fc0,BTC,NO,low,medium,medium,0.07499999999999997,0.0,0.0,0.0,0.0,False,1.0,0.07499999999999997
recorded_conservative,3,2026-07-02T13:45:04.364924+00:00,0x6b9167a59028831cc69fc27a631ba5f99da00742fcac16501ddd54b155929c85,ETH,YES,medium,medium,medium,0.014999999999999975,0.0,0.0,0.0,0.0,False,1.0,0.014999999999999975
recorded_conservative,3,2026-07-02T13:45:08.364326+00:00,0x6b9167a59028831cc69fc27a631ba5f99da00742fcac16501ddd54b155929c85,ETH,YES,low,medium,medium,0.02999999999999999,0.0,0.0,0.0,0.0,False,1.0,0.02999999999999999
recorded_conservative,3,2026-07-02T13:45:12.367704+00:00,0x6b9167a59028831cc69fc27a631ba5f99da00742fcac16501ddd54b155929c85,ETH,YES,low,medium,medium,-0.055000000000000035,0.0,0.0,0.0,0.0,False,1.0,-0.055000000000000035
recorded_conservative,3,2026-07-02T13:46:08.369291+00:00,0x6b9167a59028831cc69fc27a631ba5f99da00742fcac16501ddd54b155929c85,ETH,YES,low,medium,medium,0.02999999999999999,0.0,0.0,0.0,0.0,False,1.0,0.02999999999999999
recorded_conservative,3,2026-07-02T13:46:10.366715+00:00,0x165f83111bc6b855ddff03cee955479de1945e82de0c22a4af0e20b7a4611166,SOL,YES,low,medium,medium,0.010000000000000026,0.0,0.0,0.0,0.0,False,1.0,0.010000000000000026
recorded_conservative,3,2026-07-02T13:46:12.374640+00:00,0x6b9167a59028831cc69fc27a631ba5f99da00742fcac16501ddd54b155929c85,ETH,YES,medium,medium,medium,0.01999999999999998,0.0,0.0,0.0,0.0,False,1.0,0.01999999999999998
recorded_conservative,3,2026-07-02T13:46:20.368608+00:00,0x6b9167a59028831cc69fc27a631ba5f99da00742fcac16501ddd54b155929c85,ETH,YES,medium,medium,medium,0.02999999999999999,0.0,0.0,0.0,0.0,False,1.0,0.02999999999999999
recorded_conservative,3,2026-07-02T13:46:22.365708+00:00,0x165f83111bc6b855ddff03cee955479de1945e82de0c22a4af0e20b7a4611166,SOL,YES,low,medium,medium,-0.06999999999999999,0.0,0.0,0.0,0.0,False,1.0,-0.06999999999999999
recorded_conservative,3,2026-07-02T13:46:28.366021+00:00,0x6b9167a59028831cc69fc27a631ba5f99da00742fcac16501ddd54b155929c85,ETH,YES,low,medium,medium,-0.09000000000000001,0.0,0.0,0.0,0.0,False,1.0,-0.09000000000000001
recorded_conservative,3,2026-07-02T13:46:34.364544+00:00,0x6b9167a59028831cc69fc27a631ba5f99da00742fcac16501ddd54b155929c85,ETH,YES,low,medium,medium,0.030000000000000044,0.0,0.0,0.0,0.0,False,1.0,0.030000000000000044
recorded_conservative,3,2026-07-02T13:46:36.372134+00:00,0x6b9167a59028831cc69fc27a631ba5f99da00742fcac16501ddd54b155929c85,ETH,YES,low,low,medium,-0.07000000000000005,0.0,0.0,0.0,0.0,False,1.0,-0.07000000000000005
recorded_conservative,3,2026-07-02T13:47:28.363479+00:00,0xdf1c68feb520af13e0b1073b5e17ac465273234950edc85062d074363f2f7ea0,BTC,YES,medium,medium,high,0.27499999999999997,0.0,0.0,0.0,0.0,False,1.0,0.27499999999999997
recorded_conservative,3,2026-07-02T13:47:30.370941+00:00,0x165f83111bc6b855ddff03cee955479de1945e82de0c22a4af0e20b7a4611166,SOL,YES,low,medium,high,0.19999999999999998,0.0,0.0,0.0,0.0,False,1.0,0.19999999999999998
recorded_conservative,3,2026-07-02T14:00:06.363105+00:00,0x100389b157cf172fa16809d99306f23ca1974adf6fbe025dc09758ed45771b51,BTC,NO,low,medium,medium,0.05500000000000006,0.0,0.0,0.0,0.0,False,1.0,0.05500000000000006
recorded_conservative,3,2026-07-02T14:03:02.371420+00:00,0xba6acf8da6d345173ee24e2b41e7d98ae87fb2f39f6c0d1839c33229ec4b802b,SOL,NO,low,medium,medium,0.030000000000000044,0.0,0.0,0.0,0.0,False,1.0,0.030000000000000044
recorded_conservative,3,2026-07-02T14:16:42.366798+00:00,0x99bee988b471ce9b6fe317dc281d4f4c4f89040c4dcacef8d455c241ee2e99f8,ETH,NO,low,medium,high,0.3,0.0,0.0,0.0,0.0,False,1.0,0.3
recorded_conservative,3,2026-07-02T15:05:38.363627+00:00,0x647b9c08af3b94902afa9b362889527316a7fdbb46e4a6738ad42d290ca82805,BTC,NO,medium,medium,medium,0.035000000000000045,0.0,0.0,0.0,0.0,False,1.0,0.035000000000000045
recorded_conservative,3,2026-07-02T15:10:28.366751+00:00,0xcae0c95e9c034ca588baca33e8147b8845b1f312ff09b0d52f4d6e150cddad15,SOL,NO,low,medium,medium,0.04999999999999995,0.0,0.0,0.0,0.0,False,1.0,0.04999999999999995
recorded_conservative,3,2026-07-02T15:36:32.363170+00:00,0x0a5061025dfe612b3722293195f769f012f8980bd848a20493e2c600f70d09dd,BTC,NO,low,medium,medium,0.28500000000000003,0.0,0.0,0.0,0.0,False,1.0,0.28500000000000003
recorded_conservative,3,2026-07-02T16:01:28.361478+00:00,0x59496dfc9f417c17975e237fbb7ecfe259156cc15a360f25910162556810c516,SOL,NO,low,medium,medium,0.010000000000000026,0.0,0.0,0.0,0.0,False,1.0,0.010000000000000026
recorded_conservative,3,2026-07-02T17:00:24.370409+00:00,0x1be94953b760d89a9523766bd1abb42f2e881ac06074bf93aa46ad1a415fc189,SOL,NO,low,medium,medium,0.010000000000000026,0.0,0.0,0.0,0.0,False,1.0,0.010000000000000026
recorded_conservative,3,2026-07-02T17:13:30.362110+00:00,0x909723d937a75ac2c9c89d73711867c15953dd27d72b7a6933948473e399451d,ETH,YES,low,medium,medium,0.06000000000000001,0.0,0.0,0.0,0.0,False,1.0,0.06000000000000001
recorded_conservative,3,2026-07-02T17:23:18.371612+00:00,0x1f5ef0a23c68190a8a6d515b6c8e8b048078a8afa92d25abb3d94fb87f1f7027,BTC,YES,low,medium,medium,0.255,0.0,0.0,0.0,0.0,False,1.0,0.255
recorded_conservative,3,2026-07-02T17:23:20.364343+00:00,0x60608598239fe90ee375e38281310554148d5d349aca1ac07aa04e1ce390e6ad,SOL,YES,low,medium,high,0.11,0.0,0.0,0.0,0.0,False,1.0,0.11
recorded_conservative,3,2026-07-02T17:50:28.360872+00:00,0x0aff58c34608210967c4413fb4b4a6c7fa904dc09de162ecc564806689facc64,SOL,NO,low,medium,high,0.19000000000000003,0.0,0.0,0.0,0.0,False,1.0,0.19000000000000003
recorded_conservative,3,2026-07-02T18:35:46.363950+00:00,0x0fb6a0c7bcde0b6dd2c22b766ae91ab671463f01b2f4ec31f09491aa9dd4af91,SOL,NO,low,medium,medium,-0.07500000000000005,0.0,0.0,0.0,0.0,False,1.0,-0.07500000000000005
recorded_conservative,3,2026-07-02T18:35:48.373272+00:00,0x0fb6a0c7bcde0b6dd2c22b766ae91ab671463f01b2f4ec31f09491aa9dd4af91,SOL,NO,low,high,medium,-0.09999999999999996,0.0,0.0,0.0,0.0,False,1.0,-0.09999999999999996
recorded_conservative,3,2026-07-02T18:35:56.374508+00:00,0x0fb6a0c7bcde0b6dd2c22b766ae91ab671463f01b2f4ec31f09491aa9dd4af91,SOL,NO,low,medium,medium,0.05500000000000001,0.0,0.0,0.0,0.0,False,1.0,0.05500000000000001
recorded_conservative,3,2026-07-02T18:35:58.369803+00:00,0x0fb6a0c7bcde0b6dd2c22b766ae91ab671463f01b2f4ec31f09491aa9dd4af91,SOL,NO,low,medium,medium,-0.06999999999999999,0.0,0.0,0.0,0.0,False,1.0,-0.06999999999999999
recorded_conservative,3,2026-07-02T18:51:30.371222+00:00,0x12f1ba09bc9913623cab1e5f36dab49519aed574c20e74febe167f480cf82772,SOL,NO,low,medium,medium,0.059999999999999956,0.0,0.0,0.0,0.0,False,1.0,0.059999999999999956
recorded_conservative,3,2026-07-02T19:01:18.365784+00:00,0x639421d64a6433150033c4d335d66cbee7357cad9e8b10bc943f74caf5d0d308,SOL,NO,low,medium,medium,-0.09499999999999996,0.0,0.0,0.0,0.0,False,1.0,-0.09499999999999996
recorded_conservative,3,2026-07-02T19:03:24.368460+00:00,0x639421d64a6433150033c4d335d66cbee7357cad9e8b10bc943f74caf5d0d308,SOL,YES,low,medium,medium,0.11,0.0,0.0,0.0,0.0,False,1.0,0.11
recorded_conservative,3,2026-07-02T19:03:44.373982+00:00,0x639421d64a6433150033c4d335d66cbee7357cad9e8b10bc943f74caf5d0d308,SOL,YES,low,medium,medium,0.06000000000000001,0.0,0.0,0.0,0.0,False,1.0,0.06000000000000001
recorded_conservative,3,2026-07-02T19:05:14.369431+00:00,0xa1701695adebeed5da4000373df6e9883c29449ade56b49eb6379ee63ba7259b,SOL,NO,low,medium,high,0.07499999999999997,0.0,0.0,0.0,0.0,False,1.0,0.07499999999999997
recorded_conservative,3,2026-07-02T19:06:40.373607+00:00,0xa1701695adebeed5da4000373df6e9883c29449ade56b49eb6379ee63ba7259b,SOL,NO,low,high,medium,-0.06499999999999999,0.0,0.0,0.0,0.0,False,1.0,-0.06499999999999999
recorded_conservative,3,2026-07-02T19:31:18.372640+00:00,0x606a340a3aad1b6f683e99c5d598836d6731c972d5ddeb2642c52813a27308af,SOL,NO,low,medium,medium,0.05,0.0,0.0,0.0,0.0,False,1.0,0.05
recorded_conservative,3,2026-07-02T19:31:32.362271+00:00,0x606a340a3aad1b6f683e99c5d598836d6731c972d5ddeb2642c52813a27308af,SOL,NO,low,medium,medium,0.05000000000000006,0.0,0.0,0.0,0.0,False,1.0,0.05000000000000006
recorded_conservative,3,2026-07-02T19:31:40.366839+00:00,0x606a340a3aad1b6f683e99c5d598836d6731c972d5ddeb2642c52813a27308af,SOL,NO,low,medium,medium,0.05500000000000006,0.0,0.0,0.0,0.0,False,1.0,0.05500000000000006
recorded_conservative,3,2026-07-02T19:31:58.371790+00:00,0x606a340a3aad1b6f683e99c5d598836d6731c972d5ddeb2642c52813a27308af,SOL,NO,low,medium,medium,-0.09000000000000001,0.0,0.0,0.0,0.0,False,1.0,-0.09000000000000001
recorded_conservative,3,2026-07-02T19:51:32.364894+00:00,0x2cfc3ef023f8f6ebad847ce57292f2a190fd727fc452a4c2a7cc845fd16b56aa,SOL,NO,low,medium,medium,0.020000000000000007,0.0,0.0,0.0,0.0,False,1.0,0.020000000000000007
recorded_conservative,3,2026-07-02T19:51:34.373824+00:00,0x2cfc3ef023f8f6ebad847ce57292f2a190fd727fc452a4c2a7cc845fd16b56aa,SOL,NO,low,medium,medium,-0.06000000000000001,0.0,0.0,0.0,0.0,False,1.0,-0.06000000000000001
recorded_conservative,3,2026-07-02T19:51:58.365557+00:00,0x2cfc3ef023f8f6ebad847ce57292f2a190fd727fc452a4c2a7cc845fd16b56aa,SOL,NO,low,medium,medium,-0.06,0.0,0.0,0.0,0.0,False,1.0,-0.06
recorded_conservative,3,2026-07-02T19:52:06.372072+00:00,0x2cfc3ef023f8f6ebad847ce57292f2a190fd727fc452a4c2a7cc845fd16b56aa,SOL,NO,low,medium,medium,0.03999999999999998,0.0,0.0,0.0,0.0,False,1.0,0.03999999999999998
recorded_conservative,3,2026-07-02T19:52:12.366157+00:00,0x2cfc3ef023f8f6ebad847ce57292f2a190fd727fc452a4c2a7cc845fd16b56aa,SOL,NO,low,medium,medium,0.015000000000000003,0.0,0.0,0.0,0.0,False,1.0,0.015000000000000003
recorded_conservative,3,2026-07-02T19:52:24.373550+00:00,0x2cfc3ef023f8f6ebad847ce57292f2a190fd727fc452a4c2a7cc845fd16b56aa,SOL,NO,medium,medium,medium,0.009999999999999998,0.0,0.0,0.0,0.0,False,1.0,0.009999999999999998
recorded_conservative,3,2026-07-02T19:52:30.368984+00:00,0x2cfc3ef023f8f6ebad847ce57292f2a190fd727fc452a4c2a7cc845fd16b56aa,SOL,NO,medium,medium,medium,0.11,0.0,0.0,0.0,0.0,False,1.0,0.11
recorded_conservative,3,2026-07-02T19:52:48.372495+00:00,0x2cfc3ef023f8f6ebad847ce57292f2a190fd727fc452a4c2a7cc845fd16b56aa,SOL,NO,medium,medium,medium,0.01500000000000003,0.0,0.0,0.0,0.0,False,1.0,0.01500000000000003
recorded_conservative,3,2026-07-02T19:53:00.364200+00:00,0x2cfc3ef023f8f6ebad847ce57292f2a190fd727fc452a4c2a7cc845fd16b56aa,SOL,NO,medium,high,medium,0.02999999999999999,0.0,0.0,0.0,0.0,False,1.0,0.02999999999999999
recorded_conservative,3,2026-07-02T19:53:04.368103+00:00,0x2cfc3ef023f8f6ebad847ce57292f2a190fd727fc452a4c2a7cc845fd16b56aa,SOL,NO,high,medium,medium,-0.06999999999999999,0.0,0.0,0.0,0.0,False,1.0,-0.06999999999999999
recorded_conservative,3,2026-07-02T19:53:10.364232+00:00,0x2cfc3ef023f8f6ebad847ce57292f2a190fd727fc452a4c2a7cc845fd16b56aa,SOL,NO,high,medium,medium,0.12000000000000001,0.0,0.0,0.0,0.0,False,1.0,0.12000000000000001
recorded_conservative,3,2026-07-02T19:53:42.364449+00:00,0x2cfc3ef023f8f6ebad847ce57292f2a190fd727fc452a4c2a7cc845fd16b56aa,SOL,NO,high,medium,medium,0.020000000000000035,0.0,0.0,0.0,0.0,False,1.0,0.020000000000000035
delay_0_5s_only,1,2026-06-24T15:43:06.758948+00:00,0x80658216d4530ee5d8f87f3a84d6788c0505a016f5d1a52bfb8fc3c1afc1f1c2,ETH,YES,low,low,medium,-0.05,0.0,0.005609060467928778,0.0,0.0,False,1.0,-0.05560906046792878
delay_0_5s_only,1,2026-06-24T15:48:20.766212+00:00,0x8e22e9bf1a5c5cf1e5a91126865227cf0b75a5ec64611f0e0b23348e2b8eebc6,SOL,YES,medium,low,medium,-0.05,0.0,0.003114435959716449,0.0,0.0,False,1.0,-0.053114435959716454
delay_0_5s_only,1,2026-06-24T15:48:30.765676+00:00,0x8e22e9bf1a5c5cf1e5a91126865227cf0b75a5ec64611f0e0b23348e2b8eebc6,SOL,YES,medium,low,medium,-0.04,0.0,0.0,0.0,0.0,False,1.0,-0.04
delay_0_5s_only,1,2026-06-24T16:03:06.764139+00:00,0x898e75f4a2714851629ab01153214fbf585c570d631964d411eb3f85d6f77427,ETH,NO,low,medium,high,0.07000000000000002,0.0,0.0,0.0,0.0,False,1.0,0.07000000000000002
delay_0_5s_only,1,2026-06-24T16:03:34.761565+00:00,0x898e75f4a2714851629ab01153214fbf585c570d631964d411eb3f85d6f77427,ETH,NO,low,medium,medium,0.01999999999999998,0.0,0.0,0.0,0.0,False,1.0,0.01999999999999998
delay_0_5s_only,1,2026-06-24T16:03:36.766733+00:00,0x898e75f4a2714851629ab01153214fbf585c570d631964d411eb3f85d6f77427,ETH,NO,low,medium,medium,0.020000000000000035,0.0,0.011217791551439786,0.0,0.0,False,1.0,0.00878220844856025
delay_0_5s_only,1,2026-06-24T16:03:56.765843+00:00,0x898e75f4a2714851629ab01153214fbf585c570d631964d411eb3f85d6f77427,ETH,NO,medium,medium,medium,-0.07000000000000002,0.0,0.0,0.0,0.0,False,1.0,-0.07000000000000002
delay_0_5s_only,1,2026-06-24T16:17:42.762123+00:00,0x16d9a49118c42f6c43e48602f4356b563fe7d62f03eace901d12f3671b7534cd,SOL,NO,low,medium,high,0.18000000000000002,0.0,0.0,0.0,0.0,False,1.0,0.18000000000000002
delay_0_5s_only,1,2026-06-24T16:22:52.762411+00:00,0x76ee4df37777787c309b30aa15d0861f505cc65be0cea6ab16949e8fba9fa172,SOL,NO,medium,medium,medium,-0.11999999999999998,0.0,0.0,0.0,0.0,False,1.0,-0.11999999999999998
delay_0_5s_only,1,2026-06-24T16:22:54.752727+00:00,0x76ee4df37777787c309b30aa15d0861f505cc65be0cea6ab16949e8fba9fa172,SOL,NO,medium,medium,medium,-0.06500000000000002,0.0,0.0,0.0,0.0,False,1.0,-0.06500000000000002
delay_0_5s_only,1,2026-06-24T16:41:48.765478+00:00,0x54faa3af7fa6193533f340c3ceb42d2a8d405f5e3b23e2178d2a0212ac8cd968,ETH,YES,low,low,medium,-0.09500000000000001,0.0,0.0,0.0,0.0,False,1.0,-0.09500000000000001
delay_0_5s_only,1,2026-06-24T16:41:50.756781+00:00,0x54faa3af7fa6193533f340c3ceb42d2a8d405f5e3b23e2178d2a0212ac8cd968,ETH,YES,low,medium,low,-0.055000000000000035,0.0,0.0,0.0,0.0,False,1.0,-0.055000000000000035
delay_0_5s_only,1,2026-06-24T16:48:48.757094+00:00,0x6a9cd2dd7bc9c9807d3452c9f1a97c34ac7aedbc934b79054d8b3a0bfdcd4e42,BTC,YES,low,low,high,-0.0325,0.0,0.0,0.0,0.0,False,1.0,-0.0325
delay_0_5s_only,1,2026-06-24T16:51:06.758502+00:00,0xabff544d3602969cb25677257451bdb7c6ad59b48e75d1d633afb248b012b06c,ETH,NO,low,medium,medium,0.30000000000000004,0.0,0.0,0.0,0.0,False,1.0,0.30000000000000004
delay_0_5s_only,1,2026-06-24T16:52:04.761668+00:00,0x7d0f63daa0e0bd4993d80fa4bcb62fd622043fb264ec4a7aa7b875871c6a353a,SOL,YES,medium,medium,medium,0.030000000000000002,0.0,0.0028042816565393112,0.0,0.0,False,1.0,0.02719571834346069
delay_0_5s_only,1,2026-06-24T16:52:06.767562+00:00,0x7d0f63daa0e0bd4993d80fa4bcb62fd622043fb264ec4a7aa7b875871c6a353a,SOL,YES,high,medium,medium,0.05,0.0,0.01370583978339065,0.0,0.0,False,1.0,0.036294160216609354
delay_0_5s_only,1,2026-06-24T16:53:18.759891+00:00,0x11be248eacf03fecfc51007bb9833cc1452e33e48c5226ab9c30e91656ca4fed,BTC,YES,low,medium,medium,-0.05,0.0,0.0025141955395026868,0.0,0.0,False,1.0,-0.05251419553950269
delay_0_5s_only,1,2026-06-24T16:53:52.752947+00:00,0x7d0f63daa0e0bd4993d80fa4bcb62fd622043fb264ec4a7aa7b875871c6a353a,SOL,YES,high,low,medium,-0.05,0.0,0.0,0.0,0.0,False,1.0,-0.05
delay_0_5s_only,1,2026-06-24T16:53:54.758545+00:00,0xabff544d3602969cb25677257451bdb7c6ad59b48e75d1d633afb248b012b06c,ETH,NO,high,low,medium,-0.02,0.0,0.0,0.0,0.0,False,1.0,-0.02
delay_0_5s_only,1,2026-06-24T16:55:32.763105+00:00,0xdc4693598a20d019c083949d35703b04d5de73552f4d0fb762787cbe10eef7af,ETH,YES,low,medium,medium,0.035000000000000045,0.0,0.0074733565517510715,0.0,0.0,False,1.0,0.027526643448248973
delay_0_5s_only,1,2026-06-24T17:10:44.757531+00:00,0x6bcbfb85688c3516d74eda21ae1058775c9dbb0c3c2ed80679bea5efa4224f1f,SOL,YES,low,medium,medium,-0.09000000000000001,0.0,0.0,0.0,0.0,False,1.0,-0.09000000000000001
delay_0_5s_only,1,2026-06-24T17:10:48.752203+00:00,0x6bcbfb85688c3516d74eda21ae1058775c9dbb0c3c2ed80679bea5efa4224f1f,SOL,YES,low,medium,medium,0.07000000000000002,0.0,0.0,0.0,0.0,False,1.0,0.07000000000000002
delay_0_5s_only,1,2026-06-24T17:15:08.754027+00:00,0x2a87ba5465e5a39b23f5c245ce8daf4e9166a6b5d3a01f97e3c5cebe5f542667,ETH,YES,low,medium,medium,0.08999999999999998,0.0,0.006596594631557919,0.0,0.0,False,1.0,0.08340340536844207
delay_0_5s_only,1,2026-06-24T17:15:32.759728+00:00,0xc6ddbe45253f77b8dbd808a9153ec3477a66b95ce3dcd40edbdbf5e69a9fad74,BTC,YES,low,medium,medium,-0.059999999999999984,0.0,0.0,0.0,0.0,False,1.0,-0.059999999999999984
delay_0_5s_only,1,2026-06-24T17:17:04.766209+00:00,0xc6ddbe45253f77b8dbd808a9153ec3477a66b95ce3dcd40edbdbf5e69a9fad74,BTC,YES,low,medium,medium,0.01999999999999998,0.0,0.0024938476222781903,0.0,0.0,False,1.0,0.01750615237772179
delay_0_5s_only,1,2026-06-24T17:20:12.764868+00:00,0xd8e21b0124221e5a6948b65f0b5c1b7c563a3c7e6ea11a1e7d760638a2e885ba,SOL,NO,medium,medium,high,0.15500000000000005,0.0,0.0,0.0,0.0,False,1.0,0.15500000000000005
delay_0_5s_only,1,2026-06-24T17:25:44.756279+00:00,0x0a15e96a2f8db3533603fd8a311915394fd8b8b6cbc3c3b90e5225964660bd94,ETH,YES,low,medium,high,0.030000000000000044,0.0,0.0,0.0,0.0,False,1.0,0.030000000000000044
delay_0_5s_only,1,2026-06-24T17:26:36.761972+00:00,0x0a15e96a2f8db3533603fd8a311915394fd8b8b6cbc3c3b90e5225964660bd94,ETH,YES,low,medium,high,0.11,0.0,0.0,0.0,0.0,False,1.0,0.11
delay_0_5s_only,1,2026-06-24T17:28:30.758436+00:00,0x8b89ebef2e337682d0c761c2d9ea76b14916b0fbaa6b07ab496782aa61d08092,SOL,NO,low,medium,medium,-0.03,0.0,0.0,0.0,0.0,False,1.0,-0.03
delay_0_5s_only,1,2026-06-24T17:32:12.757879+00:00,0xc53755a72a77c13680d29f80e88a1ffcdaeda374fb64389c3801a5660e24deb8,SOL,NO,low,medium,medium,0.030000000000000044,0.0,0.0,0.0,0.0,False,1.0,0.030000000000000044
delay_0_5s_only,1,2026-06-24T17:40:50.764310+00:00,0xe162acce182a1c54de6efd4a047bee1957d9d0ce3a96723f622886a34ce9ef56,BTC,NO,low,medium,medium,-0.05000000000000003,0.0,0.0,0.0,0.0,False,1.0,-0.05000000000000003
delay_0_5s_only,1,2026-06-24T17:46:02.756352+00:00,0x931296be6d3fc5e74df946ebeb47595bd30d0b51c747520c22454b54dbde783c,ETH,NO,medium,medium,high,0.16,0.0,0.0,0.0,0.0,False,1.0,0.16
delay_0_5s_only,1,2026-06-24T17:50:26.761135+00:00,0xe0261c3af71ec76885a6befe78536d37f4f39622a19d0102257561caaca61811,SOL,NO,low,medium,medium,0.06000000000000001,0.0,0.0,0.0,0.0,False,1.0,0.06000000000000001
delay_0_5s_only,1,2026-06-24T18:00:58.760168+00:00,0x5a189bc1b252af1469e531eb62cee5995fe46dd01bcaff6b137a7bc3109e2e43,SOL,NO,medium,low,medium,-0.05000000000000003,0.0,0.0,0.0,0.0,False,1.0,-0.05000000000000003
delay_0_5s_only,1,2026-06-24T18:01:08.757617+00:00,0x5a189bc1b252af1469e531eb62cee5995fe46dd01bcaff6b137a7bc3109e2e43,SOL,NO,medium,medium,medium,0.010000000000000026,0.0,0.0,0.0,0.0,False,1.0,0.010000000000000026
delay_0_5s_only,1,2026-06-24T18:01:10.762661+00:00,0x5a189bc1b252af1469e531eb62cee5995fe46dd01bcaff6b137a7bc3109e2e43,SOL,NO,medium,medium,medium,-0.06999999999999999,0.0,0.008727062031120275,0.0,0.0,False,1.0,-0.07872706203112027
delay_0_5s_only,1,2026-06-24T18:01:28.765791+00:00,0x5a189bc1b252af1469e531eb62cee5995fe46dd01bcaff6b137a7bc3109e2e43,SOL,NO,medium,medium,medium,-0.05000000000000003,0.0,0.0,0.0,0.0,False,1.0,-0.05000000000000003
delay_0_5s_only,1,2026-06-24T18:01:32.763050+00:00,0x5a189bc1b252af1469e531eb62cee5995fe46dd01bcaff6b137a7bc3109e2e43,SOL,NO,medium,medium,medium,0.07000000000000002,0.0,0.0,0.0,0.0,False,1.0,0.07000000000000002
delay_0_5s_only,1,2026-06-24T18:01:48.762400+00:00,0x5a189bc1b252af1469e531eb62cee5995fe46dd01bcaff6b137a7bc3109e2e43,SOL,NO,medium,medium,medium,0.059999999999999956,0.0,0.0,0.0,0.0,False,1.0,0.059999999999999956
delay_0_5s_only,1,2026-06-24T18:05:24.753766+00:00,0x17dc5c06a8038c8b9fe98dc10caabed5e643e594aa096dfa257871e4e6fc79db,BTC,NO,medium,medium,high,0.05000000000000006,0.0,0.0,0.0,0.0,False,1.0,0.05000000000000006
delay_0_5s_only,1,2026-06-24T18:05:28.765310+00:00,0x17dc5c06a8038c8b9fe98dc10caabed5e643e594aa096dfa257871e4e6fc79db,BTC,NO,medium,medium,high,0.06999999999999997,0.0,0.019629232170405988,0.0,0.0,False,1.0,0.050370767829593974
delay_0_5s_only,1,2026-06-24T18:05:36.760226+00:00,0x3d07d4fd8f80b13ff82b8a59ac4e27ef61cee1ca5f5e8b639dd421a3a7bc2fcb,SOL,NO,low,high,medium,0.04999999999999995,0.0,0.0,0.0,0.0,False,1.0,0.04999999999999995
delay_0_5s_only,1,2026-06-24T18:06:36.754811+00:00,0x3d07d4fd8f80b13ff82b8a59ac4e27ef61cee1ca5f5e8b639dd421a3a7bc2fcb,SOL,YES,low,medium,medium,0.039999999999999994,0.0,0.002523417782172681,0.0,0.0,False,1.0,0.03747658221782731
delay_0_5s_only,1,2026-06-24T18:06:38.762149+00:00,0x3d07d4fd8f80b13ff82b8a59ac4e27ef61cee1ca5f5e8b639dd421a3a7bc2fcb,SOL,YES,low,medium,medium,0.09999999999999999,0.0,0.016180757792864695,0.0,0.0,False,1.0,0.0838192422071353
delay_0_5s_only,1,2026-06-24T18:10:32.759091+00:00,0xe3120089fce1f1a743fc240f0033561fca78ae3088352a0f3f52413a0a0b39cb,BTC,YES,low,medium,high,0.04999999999999995,0.0,0.0,0.0,0.0,False,1.0,0.04999999999999995
delay_0_5s_only,1,2026-06-24T18:10:48.754900+00:00,0x2a8f1b4db2834d8f740fa140f88d4c2cd7464241d37403fce3ab3bc53ee78792,ETH,NO,low,medium,high,0.06999999999999997,0.0,0.0,0.0,0.0,False,1.0,0.06999999999999997
delay_0_5s_only,1,2026-06-24T18:11:20.766968+00:00,0x2a8f1b4db2834d8f740fa140f88d4c2cd7464241d37403fce3ab3bc53ee78792,ETH,YES,low,medium,medium,-0.059999999999999984,0.0,0.0,0.0,0.0,False,1.0,-0.059999999999999984
delay_0_5s_only,1,2026-06-24T18:20:04.756204+00:00,0x3d34074cabf8c0c7082b719f8b1d246fbf3344709e9dceb7baf2a9e21d9dcd71,BTC,YES,low,medium,medium,-0.13000000000000003,0.0,0.0,0.0,0.0,False,1.0,-0.13000000000000003
delay_0_5s_only,1,2026-06-24T18:20:30.755092+00:00,0x3d34074cabf8c0c7082b719f8b1d246fbf3344709e9dceb7baf2a9e21d9dcd71,BTC,YES,low,medium,medium,-0.05499999999999998,0.0,0.0,0.0,0.0,False,1.0,-0.05499999999999998
delay_0_5s_only,1,2026-06-24T18:20:36.756990+00:00,0x063b6476f22b96ffa4e2b1b40b6be64b68228f02258cf4f2cb5ae83ecbf708fd,ETH,YES,medium,medium,medium,0.04999999999999995,0.0,0.0,0.0,0.0,False,1.0,0.04999999999999995
delay_0_5s_only,1,2026-06-24T18:20:40.753306+00:00,0x3d34074cabf8c0c7082b719f8b1d246fbf3344709e9dceb7baf2a9e21d9dcd71,BTC,YES,low,medium,medium,-0.059999999999999984,0.0,0.0023586047280685337,0.0,0.0,False,1.0,-0.06235860472806852
delay_0_5s_only,1,2026-06-24T18:20:52.756246+00:00,0x3d34074cabf8c0c7082b719f8b1d246fbf3344709e9dceb7baf2a9e21d9dcd71,BTC,YES,low,medium,medium,0.039999999999999994,0.0,0.0,0.0,0.0,False,1.0,0.039999999999999994
delay_0_5s_only,1,2026-06-24T18:20:54.762187+00:00,0x3d34074cabf8c0c7082b719f8b1d246fbf3344709e9dceb7baf2a9e21d9dcd71,BTC,YES,low,medium,medium,0.010000000000000026,0.0,0.017445692176800094,0.0,0.0,False,1.0,-0.007445692176800068
delay_0_5s_only,1,2026-06-24T18:21:06.764841+00:00,0x3d34074cabf8c0c7082b719f8b1d246fbf3344709e9dceb7baf2a9e21d9dcd71,BTC,YES,low,medium,medium,-0.05000000000000003,0.0,0.0124673534542066,0.0,0.0,False,1.0,-0.062467353454206634
delay_0_5s_only,1,2026-06-24T18:21:10.764191+00:00,0x3d34074cabf8c0c7082b719f8b1d246fbf3344709e9dceb7baf2a9e21d9dcd71,BTC,YES,low,medium,medium,0.020000000000000035,0.0,0.0,0.0,0.0,False,1.0,0.020000000000000035
delay_0_5s_only,1,2026-06-24T18:21:12.754338+00:00,0x3d34074cabf8c0c7082b719f8b1d246fbf3344709e9dceb7baf2a9e21d9dcd71,BTC,YES,low,medium,medium,-0.06000000000000004,0.0,0.011625145614124687,0.0,0.0,False,1.0,-0.07162514561412472
delay_0_5s_only,1,2026-06-24T18:21:14.759655+00:00,0x3d34074cabf8c0c7082b719f8b1d246fbf3344709e9dceb7baf2a9e21d9dcd71,BTC,YES,low,high,medium,0.19499999999999998,0.0,0.0,0.0,0.0,False,1.0,0.19499999999999998
delay_0_5s_only,1,2026-06-24T18:23:18.758759+00:00,0x3d34074cabf8c0c7082b719f8b1d246fbf3344709e9dceb7baf2a9e21d9dcd71,BTC,YES,low,medium,medium,0.01500000000000003,0.0,0.002052278922607271,0.0,0.0,False,1.0,0.01294772107739276
delay_0_5s_only,1,2026-06-24T18:26:40.754541+00:00,0x0f58baf57772722db394290841df2a23b89d3ef388a740790fe4356e58669164,ETH,NO,low,medium,medium,-0.38,0.0,0.0,0.0,0.0,False,1.0,-0.38
delay_0_5s_only,1,2026-06-24T18:32:18.765892+00:00,0xbde68413691d686e0741615c9dad23d2669c8cfcdd14efb81d2fd53260602d61,SOL,NO,low,medium,medium,0.05,0.0,0.004986166185777281,0.0,0.0,False,1.0,0.04501383381422272
delay_0_5s_only,1,2026-06-24T18:32:28.765868+00:00,0xbde68413691d686e0741615c9dad23d2669c8cfcdd14efb81d2fd53260602d61,SOL,NO,low,medium,medium,-0.10000000000000002,0.0,0.0,0.0,0.0,False,1.0,-0.10000000000000002
delay_0_5s_only,1,2026-06-24T18:32:34.767339+00:00,0xbde68413691d686e0741615c9dad23d2669c8cfcdd14efb81d2fd53260602d61,SOL,NO,low,medium,medium,-0.09999999999999999,0.0,0.0,0.0,0.0,False,1.0,-0.09999999999999999
delay_0_5s_only,1,2026-06-24T18:32:36.756754+00:00,0xbde68413691d686e0741615c9dad23d2669c8cfcdd14efb81d2fd53260602d61,SOL,NO,low,medium,medium,0.025000000000000012,0.0,0.0,0.0,0.0,False,1.0,0.025000000000000012
delay_0_5s_only,1,2026-06-24T18:32:38.763486+00:00,0xbde68413691d686e0741615c9dad23d2669c8cfcdd14efb81d2fd53260602d61,SOL,NO,low,high,medium,-0.07500000000000002,0.0,0.015113960499736014,0.0,0.0,False,1.0,-0.09011396049973604
delay_0_5s_only,1,2026-06-24T18:32:40.753774+00:00,0xbde68413691d686e0741615c9dad23d2669c8cfcdd14efb81d2fd53260602d61,SOL,NO,low,medium,medium,0.030000000000000016,0.0,0.0,0.0,0.0,False,1.0,0.030000000000000016
delay_0_5s_only,1,2026-06-24T18:32:58.758626+00:00,0xbde68413691d686e0741615c9dad23d2669c8cfcdd14efb81d2fd53260602d61,SOL,NO,low,high,medium,-0.05000000000000003,0.0,0.0,0.0,0.0,False,1.0,-0.05000000000000003
delay_0_5s_only,1,2026-06-24T18:33:00.765000+00:00,0xbde68413691d686e0741615c9dad23d2669c8cfcdd14efb81d2fd53260602d61,SOL,NO,low,medium,medium,0.014999999999999975,0.0,0.0,0.0,0.0,False,1.0,0.014999999999999975
delay_0_5s_only,1,2026-06-24T18:51:52.760600+00:00,0x76ceb5966715afdbb09250dea84bccfc837e72c59d375b0ca15e03fcc417fb4e,SOL,YES,low,medium,medium,-0.06999999999999999,0.0,0.0,0.0,0.0,False,1.0,-0.06999999999999999
delay_0_5s_only,1,2026-06-24T18:51:54.765991+00:00,0x76ceb5966715afdbb09250dea84bccfc837e72c59d375b0ca15e03fcc417fb4e,SOL,YES,low,medium,medium,0.039999999999999994,0.0,0.0,0.0,0.0,False,1.0,0.039999999999999994
delay_0_5s_only,1,2026-06-24T18:51:56.756813+00:00,0x76ceb5966715afdbb09250dea84bccfc837e72c59d375b0ca15e03fcc417fb4e,SOL,YES,low,high,medium,0.01500000000000003,0.0,0.018526963883190025,0.0,0.0,False,1.0,-0.0035269638831899944
delay_0_5s_only,1,2026-06-24T18:52:10.764773+00:00,0x768552d5316e123aaa73080f47f5e8f4e0ba7553daff6a1d32fa8d9ed5552775,ETH,YES,low,medium,medium,0.059999999999999956,0.0,0.0034320367210203956,0.0,0.0,False,1.0,0.05656796327897956
delay_0_5s_only,1,2026-06-24T18:52:48.766058+00:00,0x768552d5316e123aaa73080f47f5e8f4e0ba7553daff6a1d32fa8d9ed5552775,ETH,YES,low,low,medium,0.014999999999999975,0.0,0.0,0.0,0.0,False,1.0,0.014999999999999975
delay_0_5s_only,1,2026-06-24T18:52:48.766058+00:00,0x76ceb5966715afdbb09250dea84bccfc837e72c59d375b0ca15e03fcc417fb4e,SOL,YES,low,low,medium,-0.07000000000000005,0.0,0.0,0.0,0.0,False,1.0,-0.07000000000000005
delay_0_5s_only,1,2026-06-24T18:52:52.763973+00:00,0x76ceb5966715afdbb09250dea84bccfc837e72c59d375b0ca15e03fcc417fb4e,SOL,YES,low,medium,medium,0.020000000000000035,0.0,0.0,0.0,0.0,False,1.0,0.020000000000000035
delay_0_5s_only,1,2026-06-24T18:53:46.759987+00:00,0x76ceb5966715afdbb09250dea84bccfc837e72c59d375b0ca15e03fcc417fb4e,SOL,YES,medium,low,medium,0.09999999999999999,0.0,0.005959886579715557,0.0,0.0,False,1.0,0.09404011342028444
delay_0_5s_only,1,2026-06-24T19:00:16.766958+00:00,0x6f14d199dafd35a5f545aad500e9cd65eaf22a2bf1a522817da62c57245246f4,SOL,NO,low,medium,medium,0.020000000000000035,0.0,0.002961323378218184,0.0,0.0,False,1.0,0.01703867662178185
delay_0_5s_only,1,2026-06-24T19:00:20.764327+00:00,0x6f14d199dafd35a5f545aad500e9cd65eaf22a2bf1a522817da62c57245246f4,SOL,NO,low,high,medium,-0.06499999999999999,0.0,0.0,0.0,0.0,False,1.0,-0.06499999999999999
delay_0_5s_only,1,2026-06-24T19:00:26.766094+00:00,0x6f14d199dafd35a5f545aad500e9cd65eaf22a2bf1a522817da62c57245246f4,SOL,NO,low,medium,medium,0.014999999999999975,0.0,0.0,0.0,0.0,False,1.0,0.014999999999999975
delay_0_5s_only,1,2026-06-24T19:00:34.758570+00:00,0x6f14d199dafd35a5f545aad500e9cd65eaf22a2bf1a522817da62c57245246f4,SOL,NO,low,medium,medium,-0.06999999999999999,0.0,0.0029607666377640825,0.0,0.0,False,1.0,-0.07296076663776407
delay_0_5s_only,1,2026-06-24T19:00:46.763874+00:00,0x6f14d199dafd35a5f545aad500e9cd65eaf22a2bf1a522817da62c57245246f4,SOL,NO,low,low,medium,0.010000000000000026,0.0,0.0,0.0,0.0,False,1.0,0.010000000000000026
delay_0_5s_only,1,2026-06-24T19:01:30.763622+00:00,0x6f14d199dafd35a5f545aad500e9cd65eaf22a2bf1a522817da62c57245246f4,SOL,NO,low,medium,medium,-0.05000000000000003,0.0,0.01278047073763415,0.0,0.0,False,1.0,-0.06278047073763418
delay_0_5s_only,1,2026-06-24T19:02:02.766777+00:00,0x9828065f135b73cbb04da613189035c96beca24508e8d4b15f9a9b670b7519eb,ETH,NO,low,medium,medium,0.01999999999999998,0.0,0.014014126242540503,0.0,0.0,False,1.0,0.005985873757459476
delay_0_5s_only,1,2026-06-24T19:02:02.766777+00:00,0x6f14d199dafd35a5f545aad500e9cd65eaf22a2bf1a522817da62c57245246f4,SOL,NO,low,medium,high,0.06000000000000001,0.0,0.0,0.0,0.0,False,1.0,0.06000000000000001
delay_0_5s_only,1,2026-06-24T19:02:04.757011+00:00,0x6f14d199dafd35a5f545aad500e9cd65eaf22a2bf1a522817da62c57245246f4,SOL,NO,low,medium,medium,-0.11499999999999998,0.0,0.022622734212884146,0.0,0.0,False,1.0,-0.13762273421288412
delay_0_5s_only,1,2026-06-24T19:02:06.762138+00:00,0x6f14d199dafd35a5f545aad500e9cd65eaf22a2bf1a522817da62c57245246f4,SOL,NO,low,medium,medium,0.02999999999999999,0.0,0.0,0.0,0.0,False,1.0,0.02999999999999999
delay_0_5s_only,1,2026-06-24T19:02:08.753956+00:00,0x6f14d199dafd35a5f545aad500e9cd65eaf22a2bf1a522817da62c57245246f4,SOL,NO,low,high,medium,-0.06999999999999999,0.0,0.01710003375216742,0.0,0.0,False,1.0,-0.0871000337521674
delay_0_5s_only,1,2026-06-24T19:02:34.760304+00:00,0x6f14d199dafd35a5f545aad500e9cd65eaf22a2bf1a522817da62c57245246f4,SOL,NO,low,medium,medium,0.010000000000000026,0.0,0.002797096065762832,0.0,0.0,False,1.0,0.007202903934237195
delay_0_5s_only,1,2026-06-24T19:12:34.759652+00:00,0x1aee94333f9f59a16641bfb6bb79781128bfc7c762e6ec35a3e28ae595c8f710,ETH,YES,low,low,medium,-0.03,0.0,0.0,0.0,0.0,False,1.0,-0.03
delay_0_5s_only,1,2026-06-24T19:15:48.754190+00:00,0x4982ded7e4b9233220595f26cc997fa151f1902c8893a0a78a52d656b5fdb3d4,ETH,NO,medium,medium,medium,-0.08,0.0,0.0,0.0,0.0,False,1.0,-0.08
delay_0_5s_only,1,2026-06-24T19:15:50.760306+00:00,0xb802375b899f20776320f8a3ad101bd8c4a32ff81a436fcc308a140cc33d96bf,BTC,NO,low,medium,medium,0.010000000000000026,0.0,0.0,0.0,0.0,False,1.0,0.010000000000000026
delay_0_5s_only,1,2026-06-24T19:15:50.760306+00:00,0x4982ded7e4b9233220595f26cc997fa151f1902c8893a0a78a52d656b5fdb3d4,ETH,NO,medium,medium,medium,0.03499999999999999,0.0,0.0,0.0,0.0,False,1.0,0.03499999999999999
delay_0_5s_only,1,2026-06-24T19:25:34.759452+00:00,0x6e39d066f4cd8679f901216c55834139a9ad2240af38a11b09b63b0473e2b84b,SOL,YES,low,medium,medium,0.010000000000000026,0.0,0.0,0.0,0.0,False,1.0,0.010000000000000026
delay_0_5s_only,1,2026-06-24T19:26:04.757062+00:00,0x6e39d066f4cd8679f901216c55834139a9ad2240af38a11b09b63b0473e2b84b,SOL,YES,low,medium,medium,0.07500000000000002,0.0,0.0,0.0,0.0,False,1.0,0.07500000000000002
delay_0_5s_only,1,2026-06-24T19:37:46.757371+00:00,0xfedc3df4cb1db1fc866524795ac2fcdf9941f43010b9c15e487a333e6f266394,SOL,YES,low,medium,high,0.010000000000000026,0.0,0.0,0.0,0.0,False,1.0,0.010000000000000026
delay_0_5s_only,1,2026-06-24T19:37:50.757198+00:00,0xfedc3df4cb1db1fc866524795ac2fcdf9941f43010b9c15e487a333e6f266394,SOL,YES,low,medium,medium,-0.09999999999999996,0.0,0.0,0.0,0.0,False,1.0,-0.09999999999999996
delay_0_5s_only,1,2026-06-24T19:41:20.756922+00:00,0x7001dd0099cdee5fbb1efe846336e41812c524e7585b6f7c9a0a5c9882f114b9,SOL,NO,low,medium,medium,0.03999999999999994,0.0,0.0,0.0,0.0,False,1.0,0.03999999999999994
delay_0_5s_only,1,2026-06-24T19:48:44.761661+00:00,0x4f55d140209fd0d5a7745de8f8a0f150f3b6097aedbaeee7d1a0618c0c3d7bb8,ETH,NO,low,medium,medium,0.06999999999999997,0.0,0.0,0.0,0.0,False,1.0,0.06999999999999997
delay_0_5s_only,1,2026-06-24T19:53:26.758012+00:00,0x3ba3b3f951b2628ef716722de268dd5e244f8d45fd355168fab2e3b85af75128,SOL,NO,low,medium,high,-0.0315,0.0,0.0,0.0,0.0,False,1.0,-0.0315
delay_0_5s_only,1,2026-06-24T20:01:06.759646+00:00,0x88fd0bf02fe557e16419750274baafa5fd89a12437e7d4215161d95a77cc069e,SOL,NO,low,medium,medium,-0.05,0.0,0.0,0.0,0.0,False,1.0,-0.05
delay_0_5s_only,1,2026-06-24T20:01:08.765938+00:00,0x99160df581693bc7fa4ad76b5fe823f5346ef5cb655f1e8650a60c30a642c0ac,BTC,YES,low,high,medium,0.29,0.0,0.024603362342822913,0.0,0.0,False,1.0,0.2653966376571771
delay_0_5s_only,1,2026-06-24T20:08:34.761066+00:00,0xd14dfda063d0d2dafe354fe938c73ea7643db9f344cf11598794d252f8d453a1,BTC,NO,low,low,medium,-0.018,0.0,0.0,0.0,0.0,False,1.0,-0.018
delay_0_5s_only,1,2026-06-24T20:13:52.754397+00:00,0xf8776b5271ce59d683b9da736a42f8139c58e4093ad342ae1288f9addc1b3cfe,BTC,NO,low,medium,medium,-0.06499999999999999,0.0,0.0,0.0,0.0,False,1.0,-0.06499999999999999
delay_0_5s_only,1,2026-06-24T20:13:56.764659+00:00,0xf8776b5271ce59d683b9da736a42f8139c58e4093ad342ae1288f9addc1b3cfe,BTC,NO,low,high,medium,-0.12999999999999998,0.0,0.0,0.0,0.0,False,1.0,-0.12999999999999998
delay_0_5s_only,1,2026-06-24T20:17:30.756983+00:00,0x9c3ac652cc797ed5fdf7c5717c58c9ce007e9fabecc76e1454bf2d8db03c7150,BTC,YES,low,medium,medium,-0.06000000000000004,0.0,0.0,0.0,0.0,False,1.0,-0.06000000000000004
delay_0_5s_only,1,2026-06-24T20:17:34.755355+00:00,0x9c3ac652cc797ed5fdf7c5717c58c9ce007e9fabecc76e1454bf2d8db03c7150,BTC,YES,low,medium,medium,0.020000000000000035,0.0,0.0,0.0,0.0,False,1.0,0.020000000000000035
delay_0_5s_only,1,2026-06-24T20:17:38.755356+00:00,0x9c3ac652cc797ed5fdf7c5717c58c9ce007e9fabecc76e1454bf2d8db03c7150,BTC,YES,low,medium,medium,0.010000000000000026,0.0,0.005019655719745788,0.0,0.0,False,1.0,0.0049803442802542385
delay_0_5s_only,1,2026-06-24T20:17:48.756472+00:00,0x9c3ac652cc797ed5fdf7c5717c58c9ce007e9fabecc76e1454bf2d8db03c7150,BTC,YES,low,low,medium,0.04999999999999995,0.0,0.00251463765088762,0.0,0.0,False,1.0,0.047485362349112326
delay_0_5s_only,1,2026-06-24T20:18:06.756462+00:00,0x9c3ac652cc797ed5fdf7c5717c58c9ce007e9fabecc76e1454bf2d8db03c7150,BTC,YES,medium,medium,medium,-0.055000000000000035,0.0,0.0,0.0,0.0,False,1.0,-0.055000000000000035
delay_0_5s_only,1,2026-06-24T20:18:34.759712+00:00,0x9c3ac652cc797ed5fdf7c5717c58c9ce007e9fabecc76e1454bf2d8db03c7150,BTC,YES,low,medium,medium,0.029999999999999933,0.0,0.0021764542356732383,0.0,0.0,False,1.0,0.027823545764326694
delay_0_5s_only,1,2026-06-24T20:18:42.754973+00:00,0x9c3ac652cc797ed5fdf7c5717c58c9ce007e9fabecc76e1454bf2d8db03c7150,BTC,YES,low,high,medium,0.01500000000000003,0.0,0.0,0.0,0.0,False,1.0,0.01500000000000003
delay_0_5s_only,1,2026-06-24T20:23:28.766404+00:00,0x664abf9e27ed69e80bbe4cc0517b8a125ca044c42ad3357a7c7af2ed9436c74e,SOL,NO,low,medium,medium,0.09999999999999999,0.0,0.004984866278859569,0.0,0.0,False,1.0,0.09501513372114043
delay_0_5s_only,1,2026-06-24T20:31:42.764262+00:00,0x4dd3a21158dc2341d429921b0f01d6ef1d5b1b88544a4e1166825c85360a31f3,SOL,YES,low,medium,medium,0.05000000000000006,0.0,0.0,0.0,0.0,False,1.0,0.05000000000000006
delay_0_5s_only,1,2026-06-24T20:50:08.762751+00:00,0x8faf001f0cb0420fe9216e45664d43db363e1235986c35e425847671efe887b9,SOL,NO,low,medium,high,0.35,0.0,0.0,0.0,0.0,False,1.0,0.35
delay_0_5s_only,1,2026-06-24T20:50:34.755582+00:00,0xb5b2cc6f7e364320387000357dcec77c8e290b19a91515fda9f1eba110a7206b,ETH,YES,low,medium,medium,-0.02,0.0,0.0,0.0,0.0,False,1.0,-0.02
delay_0_5s_only,1,2026-06-24T20:50:58.754381+00:00,0x8faf001f0cb0420fe9216e45664d43db363e1235986c35e425847671efe887b9,SOL,YES,medium,medium,high,-0.39,0.0,0.0,0.0,0.0,False,1.0,-0.39
delay_0_5s_only,1,2026-06-24T20:51:14.759775+00:00,0xa18f20c9d7af10ea829ba2117f462eed5781ccb83a3b11964e8464ea1bee0872,BTC,NO,medium,medium,high,0.010000000000000026,0.0,0.0,0.0,0.0,False,1.0,0.010000000000000026
delay_0_5s_only,1,2026-06-24T20:51:18.756585+00:00,0xb5b2cc6f7e364320387000357dcec77c8e290b19a91515fda9f1eba110a7206b,ETH,NO,medium,medium,high,-0.02,0.0,0.0,0.0,0.0,False,1.0,-0.02
delay_0_5s_only,1,2026-06-24T20:52:00.752541+00:00,0xa18f20c9d7af10ea829ba2117f462eed5781ccb83a3b11964e8464ea1bee0872,BTC,NO,medium,medium,medium,0.07499999999999997,0.0,0.0,0.0,0.0,False,1.0,0.07499999999999997
delay_0_5s_only,1,2026-06-24T21:05:24.762965+00:00,0xaa2029eae1454eff4dd2950180ce1a61bf2cc891c5bac51d9e0a15f22cddbee9,BTC,NO,low,medium,medium,-0.06000000000000004,0.0,0.0,0.0,0.0,False,1.0,-0.06000000000000004
delay_0_5s_only,1,2026-06-24T21:06:00.760134+00:00,0xaa2029eae1454eff4dd2950180ce1a61bf2cc891c5bac51d9e0a15f22cddbee9,BTC,NO,low,medium,medium,-0.08500000000000006,0.0,0.0,0.0,0.0,False,1.0,-0.08500000000000006
delay_0_5s_only,1,2026-06-24T21:06:02.752654+00:00,0xaa2029eae1454eff4dd2950180ce1a61bf2cc891c5bac51d9e0a15f22cddbee9,BTC,NO,low,medium,medium,-0.09000000000000001,0.0,0.0,0.0,0.0,False,1.0,-0.09000000000000001
delay_0_5s_only,1,2026-06-24T21:17:38.763105+00:00,0x937f6ce7ec05a5cf598e814d8b21ca1b03831a607d67f7a737b4b455195b6347,ETH,YES,low,medium,medium,0.02999999999999999,0.0,0.003755635115730793,0.0,0.0,False,1.0,0.026244364884269195
delay_0_5s_only,1,2026-06-24T21:22:02.765156+00:00,0xc6ef5efefe52337535ef640dc5214f2cfca21f24db5da5f6461bb61b04d1757b,SOL,NO,medium,medium,medium,0.09999999999999994,0.0,0.0,0.0,0.0,False,1.0,0.09999999999999994
delay_0_5s_only,1,2026-06-24T21:22:20.752241+00:00,0xc6ef5efefe52337535ef640dc5214f2cfca21f24db5da5f6461bb61b04d1757b,SOL,NO,low,medium,medium,-0.12000000000000004,0.0,0.0,0.0,0.0,False,1.0,-0.12000000000000004
delay_0_5s_only,1,2026-06-24T21:23:58.762346+00:00,0xc6ef5efefe52337535ef640dc5214f2cfca21f24db5da5f6461bb61b04d1757b,SOL,NO,medium,medium,medium,0.2849999999999999,0.0,0.016817491560875145,0.0,0.0,False,1.0,0.2681825084391248
delay_0_5s_only,1,2026-06-24T22:03:08.763973+00:00,0x8d3e7e3c36b3e5d1112c98d87518a00383581755190d5a55edc69c26749c1f59,ETH,NO,low,medium,medium,0.05,0.0,0.005444194687449713,0.0,0.0,False,1.0,0.04455580531255029
delay_0_5s_only,1,2026-06-25T00:06:46.764238+00:00,0xd65cb4f9d9b3cd9e0726c6723aaedeea6270e2b27f07e8d8d75fb866fc66efda,SOL,YES,medium,high,medium,0.365,0.0,0.0,0.0,0.0,False,1.0,0.365
delay_0_5s_only,1,2026-06-25T02:56:12.762022+00:00,0xdc50528ddd95715389bece5e22c3924ab255ac03cc50a796d14fc1536f99e645,BTC,NO,low,medium,medium,0.14000000000000004,0.0,0.001864011709516704,0.0,0.0,False,1.0,0.13813598829048335
delay_0_5s_only,1,2026-06-25T03:15:10.763656+00:00,0xd64b2ce5267698719de20d05b135368962c8a4f1835384f18f0605ccaac199d5,BTC,NO,medium,medium,medium,0.31999999999999995,0.0,0.002801930099507968,0.0,0.0,False,1.0,0.317198069900492
delay_0_5s_only,1,2026-06-25T03:15:10.763656+00:00,0xe9b43bb6aa0a0aa923a5b7ea6e70758b5f517507971004160627be84bdb0dbe3,SOL,NO,medium,medium,medium,0.32999999999999996,0.0,0.0,0.0,0.0,False,1.0,0.32999999999999996
delay_0_5s_only,2,2026-06-25T20:08:34.804565+00:00,0xee90821efc94653c995d4583794da5c87e3c033a1e0a24f1f4ee824d2357c750,BTC,NO,low,medium,medium,-0.06000000000000004,0.0,0.0,0.0,0.0,False,1.0,-0.06000000000000004
delay_0_5s_only,2,2026-06-25T22:25:40.815254+00:00,0x42561c5c6f58ab741b19c250935435977309241d54a0c21753c74a382c8bf1ec,SOL,NO,low,high,medium,0.05500000000000001,0.0,0.0,0.0,0.0,False,1.0,0.05500000000000001
delay_0_5s_only,2,2026-06-25T23:30:14.811724+00:00,0x78e6a3146dd778fc3150db6ba5f2fe3b701ff446bbaff21453236e84bee5434d,SOL,NO,medium,high,medium,0.039999999999999994,0.0,0.0,0.0,0.0,False,1.0,0.039999999999999994
delay_0_5s_only,2,2026-06-25T23:37:52.815776+00:00,0x953e34839580df1f86da756ce29e11f3a83588f2d7c5a8b5146bbe13c3ad7f35,BTC,NO,low,medium,medium,0.38,0.0,0.005931391421152931,0.0,0.0,False,1.0,0.37406860857884705
delay_0_5s_only,2,2026-06-26T02:21:20.818691+00:00,0xe92b6aa7834be28be01989eb9239f7bc730eef595bb9081c81db7640532437a3,SOL,NO,low,medium,medium,0.020000000000000035,0.0,0.022072874400034886,0.0,0.0,False,1.0,-0.0020728744000348513
delay_0_5s_only,2,2026-06-26T02:31:04.812637+00:00,0x0d8fce3554cb6a7e22dac3a088ee1b258895693bde0bdce58ef37a2d50eb0f3a,ETH,YES,low,medium,medium,0.035000000000000045,0.0,0.007321665927483111,0.0,0.0,False,1.0,0.027678334072516936
delay_0_5s_only,2,2026-06-26T02:35:42.806769+00:00,0x136e15d4a85563899e310f043e14992b3ea9f163c94c722c836f29143ac271f4,ETH,NO,low,medium,medium,0.04000000000000005,0.0,0.0,0.0,0.0,False,1.0,0.04000000000000005
delay_0_5s_only,2,2026-06-26T02:40:48.805212+00:00,0x8e4bcd7de404304d78ffd6801cda6a969cd3550ebe3dbc28e4c0b8ff9938a14a,SOL,YES,low,medium,medium,0.13999999999999999,0.0,0.0,0.0,0.0,False,1.0,0.13999999999999999
delay_0_5s_only,2,2026-06-26T02:51:38.817347+00:00,0xe508261496efeb201653b58e80e7f513fc39987412717485e6b55bb061579c69,ETH,NO,low,medium,medium,0.039999999999999994,0.0,0.0055964659025596756,0.0,0.0,False,1.0,0.03440353409744032
delay_0_5s_only,2,2026-06-26T02:51:56.806004+00:00,0xe508261496efeb201653b58e80e7f513fc39987412717485e6b55bb061579c69,ETH,NO,low,medium,medium,0.030000000000000044,0.0,0.0,0.0,0.0,False,1.0,0.030000000000000044
delay_0_5s_only,2,2026-06-26T02:52:32.804179+00:00,0xc3f03ff87f66c7f90f0170c31343b35b3d222c9592259bb603fe0832409a0fdf,BTC,NO,low,medium,medium,0.02999999999999999,0.0,0.0,0.0,0.0,False,1.0,0.02999999999999999
delay_0_5s_only,2,2026-06-26T02:52:32.804179+00:00,0xe508261496efeb201653b58e80e7f513fc39987412717485e6b55bb061579c69,ETH,NO,low,medium,medium,0.06999999999999997,0.0,0.0,0.0,0.0,False,1.0,0.06999999999999997
delay_0_5s_only,2,2026-06-26T02:57:22.804967+00:00,0x26d1ef52a5ebf5babad8932669762730e15bd1a446a00e43d9be96da4efc83c4,ETH,NO,low,medium,medium,0.115,0.0,0.0,0.0,0.0,False,1.0,0.115
delay_0_5s_only,2,2026-06-26T03:00:38.803974+00:00,0x63edaf8ffd40b636dc86e7c49b6296c604d4ea5caa43b031869f3147e21dd62b,SOL,YES,low,high,medium,-0.085,0.0,0.0,0.0,0.0,False,1.0,-0.085
delay_0_5s_only,2,2026-06-26T03:01:24.814231+00:00,0xc358642287952e08f2fbbd5a90f7574d73a87685780ca454b0efda7e9e598cd4,ETH,NO,high,medium,medium,0.20500000000000004,0.0,0.0,0.0,0.0,False,1.0,0.20500000000000004
delay_0_5s_only,2,2026-06-26T03:03:32.816621+00:00,0x63edaf8ffd40b636dc86e7c49b6296c604d4ea5caa43b031869f3147e21dd62b,SOL,YES,low,medium,medium,0.19000000000000009,0.0,0.0018480991199946476,0.0,0.0,False,1.0,0.18815190088000544
delay_0_5s_only,2,2026-06-26T03:05:08.804343+00:00,0x45454c0281a47979043962ffc486828eaf366f6e60c61c60460810e7425f44a1,BTC,NO,low,medium,medium,0.059999999999999956,0.0,0.014082128648744589,0.0,0.0,False,1.0,0.04591787135125537
delay_0_5s_only,2,2026-06-26T03:06:02.818025+00:00,0xa16a5cae23414513a2199fe036ffb3c48978064e3c53b7d9b2ae57ee97de8bff,ETH,NO,low,medium,medium,0.045,0.0,0.0,0.0,0.0,False,1.0,0.045
delay_0_5s_only,2,2026-06-26T03:06:28.814788+00:00,0x200710e3e43d33b143ccd80d0a2e3a265017d2dc75281f8951b674131c3f26bb,SOL,NO,medium,high,medium,0.08499999999999998,0.0,0.016973842308787436,0.0,0.0,False,1.0,0.06802615769121254
delay_0_5s_only,2,2026-06-26T03:16:38.807970+00:00,0x3fa0111e36690372aa90e248420ec855bd7c896e4868c9f32998c6f075384169,ETH,YES,low,medium,medium,0.11,0.0,0.00032247286332774553,0.0,0.0,False,1.0,0.10967752713667225
delay_0_5s_only,2,2026-06-26T03:32:26.818047+00:00,0x0b97e37bec2a876f4ff7b37c51c8895e26ea39d6e3a2d9cb9ddbe6b457ce8860,SOL,YES,high,high,medium,0.21000000000000005,0.0,0.02082698747806948,0.0,0.0,False,1.0,0.18917301252193056
delay_0_5s_only,2,2026-06-26T03:55:08.803525+00:00,0x4899182aad7398c555f2a57cd6737598b159c5e6aa63bb73b798e6026f8b0094,SOL,NO,medium,low,medium,0.07999999999999997,0.0,0.023345089138129688,0.0,0.0,False,1.0,0.056654910861870286
delay_0_5s_only,2,2026-06-26T03:55:16.816237+00:00,0x4899182aad7398c555f2a57cd6737598b159c5e6aa63bb73b798e6026f8b0094,SOL,NO,low,low,medium,-0.08000000000000006,0.0,0.0,0.0,0.0,False,1.0,-0.08000000000000006
delay_0_5s_only,2,2026-06-26T03:57:48.804438+00:00,0x4899182aad7398c555f2a57cd6737598b159c5e6aa63bb73b798e6026f8b0094,SOL,NO,medium,high,medium,-0.055000000000000035,0.0,0.025591323995781137,0.0,0.0,False,1.0,-0.08059132399578117
delay_0_5s_only,2,2026-06-26T03:57:58.809960+00:00,0x4899182aad7398c555f2a57cd6737598b159c5e6aa63bb73b798e6026f8b0094,SOL,NO,low,high,medium,0.035000000000000045,0.0,0.0,0.0,0.0,False,1.0,0.035000000000000045
delay_0_5s_only,2,2026-06-26T03:58:02.810248+00:00,0x4899182aad7398c555f2a57cd6737598b159c5e6aa63bb73b798e6026f8b0094,SOL,NO,medium,medium,medium,0.08999999999999998,0.0,0.0,0.0,0.0,False,1.0,0.08999999999999998
delay_0_5s_only,2,2026-06-26T03:58:28.812680+00:00,0x4899182aad7398c555f2a57cd6737598b159c5e6aa63bb73b798e6026f8b0094,SOL,NO,medium,medium,medium,0.059999999999999956,0.0,0.0,0.0,0.0,False,1.0,0.059999999999999956
delay_0_5s_only,2,2026-06-26T04:00:06.817578+00:00,0xa931c0e10d5530f989373caa003629057063609e4005786b743bae537c217c34,SOL,NO,low,medium,medium,0.05499999999999995,0.0,0.005135891429551668,0.0,0.0,False,1.0,0.04986410857044828
delay_0_5s_only,2,2026-06-26T04:00:20.812413+00:00,0x63cab951a7245a6f73b6e5e26a09e371e2feeeecc1e604537033a6353bf3944e,BTC,NO,medium,medium,medium,0.06500000000000002,0.0,0.016180627487738467,0.0,0.0,False,1.0,0.04881937251226155
delay_0_5s_only,2,2026-06-26T04:00:22.803330+00:00,0x63cab951a7245a6f73b6e5e26a09e371e2feeeecc1e604537033a6353bf3944e,BTC,NO,medium,medium,medium,0.14499999999999993,0.0,0.022464650522548864,0.0,0.0,False,1.0,0.12253534947745107
delay_0_5s_only,2,2026-06-26T06:53:30.812574+00:00,0x4ff498fe655344b90bf7a5b904a79a24821ad4553fd49596772479324346a029,SOL,NO,medium,high,medium,0.024999999999999984,0.0,0.0,0.0,0.0,False,1.0,0.024999999999999984
delay_0_5s_only,2,2026-06-26T06:53:32.804327+00:00,0x4ff498fe655344b90bf7a5b904a79a24821ad4553fd49596772479324346a029,SOL,NO,medium,medium,medium,-0.06999999999999999,0.0,0.02944816702873927,0.0,0.0,False,1.0,-0.09944816702873926
delay_0_5s_only,2,2026-06-26T07:05:48.811781+00:00,0x43005d0675491621f54ab6875a6c632e3ee1d0ec2022689ceef619343b23aa90,SOL,NO,low,medium,medium,0.029999999999999933,0.0,0.0035841469788690395,0.0,0.0,False,1.0,0.02641585302113089
delay_0_5s_only,2,2026-06-26T07:06:38.804569+00:00,0x43005d0675491621f54ab6875a6c632e3ee1d0ec2022689ceef619343b23aa90,SOL,NO,low,medium,medium,-0.11000000000000003,0.0,0.0,0.0,0.0,False,1.0,-0.11000000000000003
delay_0_5s_only,2,2026-06-26T07:06:40.809802+00:00,0x43005d0675491621f54ab6875a6c632e3ee1d0ec2022689ceef619343b23aa90,SOL,NO,low,medium,medium,-0.059999999999999984,0.0,0.0,0.0,0.0,False,1.0,-0.059999999999999984
delay_0_5s_only,2,2026-06-26T07:08:32.818104+00:00,0x43005d0675491621f54ab6875a6c632e3ee1d0ec2022689ceef619343b23aa90,SOL,NO,low,medium,medium,-0.07000000000000005,0.0,0.009027366593562517,0.0,0.0,False,1.0,-0.07902736659356256
delay_0_5s_only,2,2026-06-26T07:40:34.806231+00:00,0xd26cee061a5b0d0f82fcb2457d5de1bb3334659b47dff621b8d511e56e10a868,BTC,NO,low,medium,medium,0.020000000000000035,0.0,0.0,0.0,0.0,False,1.0,0.020000000000000035
delay_0_5s_only,2,2026-06-26T07:40:34.806231+00:00,0xc84d4d834953770775dc2fef52283e2d3ae621102db7672f438730406001fa49,ETH,NO,low,medium,medium,0.11,0.0,0.0,0.0,0.0,False,1.0,0.11
delay_0_5s_only,2,2026-06-26T07:40:36.812020+00:00,0xd26cee061a5b0d0f82fcb2457d5de1bb3334659b47dff621b8d511e56e10a868,BTC,NO,low,medium,medium,0.019999999999999924,0.0,0.01324794837623591,0.0,0.0,False,1.0,0.006752051623764015
delay_0_5s_only,2,2026-06-26T07:45:32.818637+00:00,0x7f26a6a9237c0ddf229911a7c90349ed1f8b495468cbf2c8182a92f7cfc7a0e8,ETH,YES,low,medium,medium,0.06000000000000001,0.0,0.0,0.0,0.0,False,1.0,0.06000000000000001
delay_0_5s_only,2,2026-06-26T07:45:38.808508+00:00,0x7f26a6a9237c0ddf229911a7c90349ed1f8b495468cbf2c8182a92f7cfc7a0e8,ETH,YES,low,medium,medium,0.039999999999999994,0.0,0.0,0.0,0.0,False,1.0,0.039999999999999994
delay_0_5s_only,2,2026-06-26T08:00:30.814345+00:00,0xe6a382ea25b9a95e964f4832e995c5e02cc31115908a9ef32975a67d8f3ede20,SOL,NO,low,medium,medium,0.10499999999999994,0.0,0.0,0.0,0.0,False,1.0,0.10499999999999994
delay_0_5s_only,3,2026-07-01T21:38:34.364551+00:00,0xccddd1603d20c4477f2ac4e9f226747d540c9f0fe9ebc85b76cbdd992afa90a5,SOL,YES,low,medium,low,0.18999999999999997,0.0,0.0,0.0,0.0,False,1.0,0.18999999999999997
delay_0_5s_only,3,2026-07-01T21:40:16.374459+00:00,0x1e62581fd9a1f2400a72b0ace91b1149d1dd03a3202a315563efea9499e0e23b,BTC,YES,low,medium,low,0.05000000000000006,0.0,0.0,0.0,0.0,False,1.0,0.05000000000000006
delay_0_5s_only,3,2026-07-01T21:40:22.365273+00:00,0x4c09abece310efe0c502e2b081a875d0020f5b30af3c45f19145efd6b791df0b,ETH,YES,medium,medium,low,0.06500000000000002,0.0,0.002821935923796995,0.0,0.0,False,1.0,0.06217806407620302
delay_0_5s_only,3,2026-07-01T21:40:22.365273+00:00,0x2729a97dbed765fa7f38618dc0399548892a2600fac0138be2d913602762d5e7,SOL,YES,low,medium,low,0.039999999999999994,0.0,0.0,0.0,0.0,False,1.0,0.039999999999999994
delay_0_5s_only,3,2026-07-01T21:40:24.371334+00:00,0x2729a97dbed765fa7f38618dc0399548892a2600fac0138be2d913602762d5e7,SOL,YES,low,medium,low,0.08999999999999998,0.0,0.016818366919392855,0.0,0.0,False,1.0,0.07318163308060713
delay_0_5s_only,3,2026-07-01T21:41:12.371170+00:00,0x2729a97dbed765fa7f38618dc0399548892a2600fac0138be2d913602762d5e7,SOL,YES,low,medium,low,0.04000000000000005,0.0,0.0,0.0,0.0,False,1.0,0.04000000000000005
delay_0_5s_only,3,2026-07-01T21:41:40.369327+00:00,0x2729a97dbed765fa7f38618dc0399548892a2600fac0138be2d913602762d5e7,SOL,YES,low,medium,low,-0.059999999999999984,0.0,0.0,0.0,0.0,False,1.0,-0.059999999999999984
delay_0_5s_only,3,2026-07-01T21:41:46.372488+00:00,0x2729a97dbed765fa7f38618dc0399548892a2600fac0138be2d913602762d5e7,SOL,YES,low,medium,low,0.039999999999999994,0.0,0.0,0.0,0.0,False,1.0,0.039999999999999994
delay_0_5s_only,3,2026-07-01T21:42:04.370096+00:00,0x2729a97dbed765fa7f38618dc0399548892a2600fac0138be2d913602762d5e7,SOL,YES,low,low,low,-0.07500000000000005,0.0,0.0,0.0,0.0,False,1.0,-0.07500000000000005
delay_0_5s_only,3,2026-07-01T21:43:34.364596+00:00,0x4c09abece310efe0c502e2b081a875d0020f5b30af3c45f19145efd6b791df0b,ETH,YES,low,medium,low,0.010000000000000026,0.0,0.0,0.0,0.0,False,1.0,0.010000000000000026
delay_0_5s_only,3,2026-07-01T21:43:36.369953+00:00,0x4c09abece310efe0c502e2b081a875d0020f5b30af3c45f19145efd6b791df0b,ETH,YES,low,medium,low,0.01999999999999998,0.0,0.00841246283255026,0.0,0.0,False,1.0,0.01158753716744972
delay_0_5s_only,3,2026-07-01T21:43:40.367946+00:00,0x4c09abece310efe0c502e2b081a875d0020f5b30af3c45f19145efd6b791df0b,ETH,YES,low,medium,low,0.039999999999999994,0.0,0.011298493556407408,0.0,0.0,False,1.0,0.028701506443592588
delay_0_5s_only,3,2026-07-01T21:52:36.373289+00:00,0x0dcd227003d8b96eb66b8db71c3ef9f315a3aae8716e4d49d11b359a8b6c27fa,ETH,YES,low,low,low,0.3499999999999999,0.0,0.011215616852026586,0.0,0.0,False,1.0,0.3387843831479733
delay_0_5s_only,3,2026-07-01T22:25:06.371629+00:00,0x3eadf4ee01511b615676265099963fabcf242d0d9e7b7e4b982686e0262ce98b,ETH,YES,low,medium,medium,0.020000000000000035,0.0,0.0,0.0,0.0,False,1.0,0.020000000000000035
delay_0_5s_only,3,2026-07-01T22:25:44.366323+00:00,0x2b139d670d2706c6264dad011bc4e96df04633695a4fc75b669830f39f6693ce,BTC,NO,low,medium,medium,0.020000000000000035,0.0,0.0,0.0,0.0,False,1.0,0.020000000000000035
delay_0_5s_only,3,2026-07-01T22:25:46.373589+00:00,0x2b139d670d2706c6264dad011bc4e96df04633695a4fc75b669830f39f6693ce,BTC,NO,low,medium,low,0.020000000000000035,0.0,0.011049514076309365,0.0,0.0,False,1.0,0.00895048592369067
delay_0_5s_only,3,2026-07-01T22:25:48.363737+00:00,0x2b139d670d2706c6264dad011bc4e96df04633695a4fc75b669830f39f6693ce,BTC,NO,low,low,low,0.03999999999999994,0.0,0.010060269681812273,0.0,0.0,False,1.0,0.029939730318187665
delay_0_5s_only,3,2026-07-01T22:25:50.368975+00:00,0x2b139d670d2706c6264dad011bc4e96df04633695a4fc75b669830f39f6693ce,BTC,NO,medium,low,medium,-0.05999999999999993,0.0,0.015573128197583292,0.0,0.0,False,1.0,-0.07557312819758322
delay_0_5s_only,3,2026-07-01T22:25:56.371175+00:00,0x2b139d670d2706c6264dad011bc4e96df04633695a4fc75b669830f39f6693ce,BTC,NO,medium,medium,medium,0.019999999999999924,0.0,0.0,0.0,0.0,False,1.0,0.019999999999999924
delay_0_5s_only,3,2026-07-01T22:25:58.364472+00:00,0x071de439b9cfba5f3b67356a7c3b0685206f6f943a789b6467311d34691aa135,SOL,NO,low,medium,low,0.010000000000000026,0.0,0.01411506095542453,0.0,0.0,False,1.0,-0.004115060955424504
delay_0_5s_only,3,2026-07-01T22:26:00.369709+00:00,0x2b139d670d2706c6264dad011bc4e96df04633695a4fc75b669830f39f6693ce,BTC,NO,medium,low,medium,0.02500000000000004,0.0,0.001866144758593703,0.0,0.0,False,1.0,0.023133855241406338
delay_0_5s_only,3,2026-07-01T22:31:02.362104+00:00,0x5330f3288d309b2bb246086f6cf4d139e782acd5b44784839259604ae5e9f369,BTC,NO,low,low,low,0.05500000000000001,0.0,0.002670646973086243,0.0,0.0,False,1.0,0.052329353026913765
delay_0_5s_only,3,2026-07-01T22:31:16.364882+00:00,0x5330f3288d309b2bb246086f6cf4d139e782acd5b44784839259604ae5e9f369,BTC,NO,low,medium,low,0.03499999999999999,0.0,0.006429626610112442,0.0,0.0,False,1.0,0.02857037338988755
delay_0_5s_only,3,2026-07-01T22:31:16.364882+00:00,0x8145a3bfddc61cdf01d45026aed596f0878c260884e8315caa000f5e42143a61,ETH,NO,low,medium,low,0.039999999999999994,0.0,0.004393676658342391,0.0,0.0,False,1.0,0.0356063233416576
delay_0_5s_only,3,2026-07-01T22:31:18.370517+00:00,0x5330f3288d309b2bb246086f6cf4d139e782acd5b44784839259604ae5e9f369,BTC,NO,low,medium,medium,0.010000000000000026,0.0,0.014639086388401286,0.0,0.0,False,1.0,-0.00463908638840126
delay_0_5s_only,3,2026-07-01T22:31:20.361313+00:00,0x8145a3bfddc61cdf01d45026aed596f0878c260884e8315caa000f5e42143a61,ETH,NO,low,medium,low,-0.05000000000000003,0.0,0.010681692233051711,0.0,0.0,False,1.0,-0.06068169223305174
delay_0_5s_only,3,2026-07-01T22:31:22.369278+00:00,0x8145a3bfddc61cdf01d45026aed596f0878c260884e8315caa000f5e42143a61,ETH,NO,low,medium,low,-0.08999999999999996,0.0,0.0,0.0,0.0,False,1.0,-0.08999999999999996
delay_0_5s_only,3,2026-07-01T22:31:34.363478+00:00,0x5330f3288d309b2bb246086f6cf4d139e782acd5b44784839259604ae5e9f369,BTC,NO,low,medium,low,0.030000000000000044,0.0,0.0,0.0,0.0,False,1.0,0.030000000000000044
delay_0_5s_only,3,2026-07-01T22:32:00.371088+00:00,0x26690f30c8250f214c3c585bafacecfe21ca18c719caac4709c063c6d47267b4,SOL,NO,low,medium,medium,0.045,0.0,0.0,0.0,0.0,False,1.0,0.045
delay_0_5s_only,3,2026-07-01T22:32:02.361988+00:00,0x26690f30c8250f214c3c585bafacecfe21ca18c719caac4709c063c6d47267b4,SOL,NO,low,medium,medium,0.020000000000000035,0.0,0.019156968123224538,0.0,0.0,False,1.0,0.000843031876775497
delay_0_5s_only,3,2026-07-01T22:32:06.360504+00:00,0x26690f30c8250f214c3c585bafacecfe21ca18c719caac4709c063c6d47267b4,SOL,NO,low,high,medium,-0.05000000000000003,0.0,0.009738805833872032,0.0,0.0,False,1.0,-0.05973880583387206
delay_0_5s_only,3,2026-07-01T22:32:10.374054+00:00,0x26690f30c8250f214c3c585bafacecfe21ca18c719caac4709c063c6d47267b4,SOL,NO,low,medium,low,-0.13999999999999999,0.0,0.0,0.0,0.0,False,1.0,-0.13999999999999999
delay_0_5s_only,3,2026-07-01T22:32:18.369405+00:00,0x8145a3bfddc61cdf01d45026aed596f0878c260884e8315caa000f5e42143a61,ETH,NO,low,medium,medium,0.059999999999999956,0.0,0.006868152560281316,0.0,0.0,False,1.0,0.05313184743971864
delay_0_5s_only,3,2026-07-01T22:32:22.368939+00:00,0x5330f3288d309b2bb246086f6cf4d139e782acd5b44784839259604ae5e9f369,BTC,NO,low,medium,medium,0.010000000000000026,0.0,0.004073720658473639,0.0,0.0,False,1.0,0.0059262793415263875
delay_0_5s_only,3,2026-07-01T22:32:28.372665+00:00,0x8145a3bfddc61cdf01d45026aed596f0878c260884e8315caa000f5e42143a61,ETH,NO,low,medium,low,-0.09500000000000001,0.0,0.0,0.0,0.0,False,1.0,-0.09500000000000001
delay_0_5s_only,3,2026-07-01T22:32:54.365688+00:00,0x8145a3bfddc61cdf01d45026aed596f0878c260884e8315caa000f5e42143a61,ETH,NO,low,medium,low,0.05,0.0,0.0,0.0,0.0,False,1.0,0.05
delay_0_5s_only,3,2026-07-01T22:33:02.361345+00:00,0x5330f3288d309b2bb246086f6cf4d139e782acd5b44784839259604ae5e9f369,BTC,NO,medium,medium,medium,0.13000000000000003,0.0,0.00031301941506896265,0.0,0.0,False,1.0,0.12968698058493108
delay_0_5s_only,3,2026-07-01T22:33:02.361345+00:00,0x8145a3bfddc61cdf01d45026aed596f0878c260884e8315caa000f5e42143a61,ETH,NO,low,medium,low,0.09999999999999999,0.0,0.0,0.0,0.0,False,1.0,0.09999999999999999
delay_0_5s_only,3,2026-07-01T22:33:02.361345+00:00,0x26690f30c8250f214c3c585bafacecfe21ca18c719caac4709c063c6d47267b4,SOL,NO,low,medium,low,0.07500000000000002,0.0,0.0,0.0,0.0,False,1.0,0.07500000000000002
delay_0_5s_only,3,2026-07-01T22:33:04.368866+00:00,0x26690f30c8250f214c3c585bafacecfe21ca18c719caac4709c063c6d47267b4,SOL,NO,low,medium,low,0.05,0.0,0.027702369635679718,0.0,0.0,False,1.0,0.022297630364320285
delay_0_5s_only,3,2026-07-01T22:33:20.375116+00:00,0x5330f3288d309b2bb246086f6cf4d139e782acd5b44784839259604ae5e9f369,BTC,NO,low,medium,low,0.03999999999999994,0.0,0.0,0.0,0.0,False,1.0,0.03999999999999994
delay_0_5s_only,3,2026-07-01T22:33:22.368132+00:00,0x26690f30c8250f214c3c585bafacecfe21ca18c719caac4709c063c6d47267b4,SOL,NO,medium,medium,low,0.22000000000000006,0.0,0.0025019864636369243,0.0,0.0,False,1.0,0.21749801353636314
delay_0_5s_only,3,2026-07-01T22:33:58.367410+00:00,0x26690f30c8250f214c3c585bafacecfe21ca18c719caac4709c063c6d47267b4,SOL,NO,low,medium,low,-0.12999999999999998,0.0,0.0,0.0,0.0,False,1.0,-0.12999999999999998
delay_0_5s_only,3,2026-07-01T22:36:04.365503+00:00,0x06bf7937a18769d86039ea4ed35e5e8edd2a5c73d2ee04faffe90363450f8e3c,SOL,YES,low,medium,low,0.12499999999999996,0.0,0.0,0.0,0.0,False,1.0,0.12499999999999996
delay_0_5s_only,3,2026-07-01T23:41:58.370401+00:00,0x8d22580ded9a1c9bb43a9581787566efeccc0dff2ba6843eef73d5789b5ad805,SOL,NO,low,low,medium,0.29,0.0,0.0,0.0,0.0,False,1.0,0.29
delay_0_5s_only,3,2026-07-02T00:15:04.370549+00:00,0xa961035fe332ff6a397489f4b23cb720ae57b84d866a526858b47a7300270c12,SOL,YES,low,medium,medium,0.06999999999999997,0.0,0.0,0.0,0.0,False,1.0,0.06999999999999997
delay_0_5s_only,3,2026-07-02T00:36:00.373439+00:00,0x0b7afa9b0852f4da0eb237bf817bcb7f8aef5e68dd95d52baba20abc06c16376,SOL,YES,low,medium,medium,0.010000000000000026,0.0,0.0,0.0,0.0,False,1.0,0.010000000000000026
delay_0_5s_only,3,2026-07-02T02:22:40.364603+00:00,0x8388cdf918fa7cb09ae4a5325b4c5f307e17be11af5350e73ae08cf56bb4fece,ETH,NO,low,medium,medium,0.059999999999999956,0.0,0.0,0.0,0.0,False,1.0,0.059999999999999956
delay_0_5s_only,3,2026-07-02T02:30:34.366427+00:00,0xb3e27db391946f1a5ab1d3c3b4a5b8c59d663d3684d960d98f37b7def0df3075,ETH,NO,low,low,medium,0.039999999999999994,0.0,0.0,0.0,0.0,False,1.0,0.039999999999999994
delay_0_5s_only,3,2026-07-02T02:30:38.363447+00:00,0xb3e27db391946f1a5ab1d3c3b4a5b8c59d663d3684d960d98f37b7def0df3075,ETH,NO,low,medium,medium,0.030000000000000044,0.0,0.013822038015195926,0.0,0.0,False,1.0,0.016177961984804118
delay_0_5s_only,3,2026-07-02T03:06:42.363431+00:00,0xd97c09881b1dc40d77cafc681e2b0b8577f654e19c6a1a83914d678d7f9bdf2c,SOL,YES,low,medium,medium,0.059999999999999956,0.0,0.0,0.0,0.0,False,1.0,0.059999999999999956
delay_0_5s_only,3,2026-07-02T03:38:34.375507+00:00,0xd69c5b7ce1b66fe7745e070b544d04de2517e4b2093ff8309c5573bb8b38ce57,SOL,YES,low,medium,medium,0.13999999999999999,0.0,0.012754727758733342,0.0,0.0,False,1.0,0.12724527224126664
delay_0_5s_only,3,2026-07-02T03:50:04.372378+00:00,0xcd593facad3a6092d5974b7ee969c8f3ff778c58031a7baac893ebf627d14b9d,ETH,YES,high,medium,medium,0.24000000000000002,0.0,0.0,0.0,0.0,False,1.0,0.24000000000000002
delay_0_5s_only,3,2026-07-02T03:58:18.368322+00:00,0x947e5ddb9a353ecb65bc2faa7bce21ded36808053545239573a7c43756401557,SOL,NO,low,medium,medium,0.059999999999999956,0.0,0.013079333684440485,0.0,0.0,False,1.0,0.04692066631555947
delay_0_5s_only,3,2026-07-02T04:22:28.365589+00:00,0x8552d47c45da4f6202022c51d4d7ff51b0064f2cd42e482f6fc524d37f7ed891,SOL,NO,low,medium,medium,0.08999999999999998,0.0,0.0,0.0,0.0,False,1.0,0.08999999999999998
delay_0_5s_only,3,2026-07-02T06:11:32.366824+00:00,0xbd4e2fd8dfbdf679456a5c936fa4db4595434055fa7990b727e863efdb73d6fe,SOL,YES,low,medium,medium,0.09999999999999999,0.0,0.0,0.0,0.0,False,1.0,0.09999999999999999
delay_0_5s_only,3,2026-07-02T07:55:46.373480+00:00,0x80bb349ee2b85081e290db4561ebb007ca2a8b5721eec05ce98488d10dbdc84f,ETH,NO,low,medium,medium,-0.07000000000000005,0.0,0.0,0.0,0.0,False,1.0,-0.07000000000000005
delay_0_5s_only,3,2026-07-02T07:57:42.360831+00:00,0xf9f5ce604030e965827e405652c34595fca9803264f266f106ead15d7fbb64ac,BTC,YES,low,medium,medium,-0.17,0.0,0.0,0.0,0.0,False,1.0,-0.17
delay_0_5s_only,3,2026-07-02T07:57:44.366499+00:00,0xf9f5ce604030e965827e405652c34595fca9803264f266f106ead15d7fbb64ac,BTC,YES,low,high,medium,0.08499999999999998,0.0,0.0,0.0,0.0,False,1.0,0.08499999999999998
delay_0_5s_only,3,2026-07-02T08:08:54.370330+00:00,0x217a508e23290f5918a6837d836f77a3f88255f2e4fe43a9a2cce242409a7db6,ETH,YES,low,medium,high,-0.02,0.0,0.0,0.0,0.0,False,1.0,-0.02
delay_0_5s_only,3,2026-07-02T08:31:14.363819+00:00,0x5d2ccbd18015d1eb9a97902f684b591555d9a4ff0610ff201c2f1f8538a929b1,SOL,YES,low,medium,medium,0.01999999999999998,0.0,0.028265283030622385,0.0,0.0,False,1.0,-0.008265283030622406
delay_0_5s_only,3,2026-07-02T08:31:18.364598+00:00,0x5d2ccbd18015d1eb9a97902f684b591555d9a4ff0610ff201c2f1f8538a929b1,SOL,YES,low,medium,medium,0.09500000000000004,0.0,0.005027911212860934,0.0,0.0,False,1.0,0.08997208878713911
delay_0_5s_only,3,2026-07-02T09:00:24.371490+00:00,0x96ddd482cd2ee1a173dbde4538ed2007620845c0e462dbfcc969d36209beb1ce,SOL,NO,low,medium,medium,-0.059999999999999984,0.0,0.0,0.0,0.0,False,1.0,-0.059999999999999984
delay_0_5s_only,3,2026-07-02T09:00:34.362867+00:00,0x96ddd482cd2ee1a173dbde4538ed2007620845c0e462dbfcc969d36209beb1ce,SOL,NO,low,medium,medium,0.09999999999999994,0.0,0.0,0.0,0.0,False,1.0,0.09999999999999994
delay_0_5s_only,3,2026-07-02T09:00:48.368690+00:00,0x96ddd482cd2ee1a173dbde4538ed2007620845c0e462dbfcc969d36209beb1ce,SOL,NO,low,high,medium,0.04499999999999994,0.0,0.0,0.0,0.0,False,1.0,0.04499999999999994
delay_0_5s_only,3,2026-07-02T09:00:52.369633+00:00,0x96ddd482cd2ee1a173dbde4538ed2007620845c0e462dbfcc969d36209beb1ce,SOL,NO,low,medium,medium,0.04999999999999995,0.0,0.0,0.0,0.0,False,1.0,0.04999999999999995
delay_0_5s_only,3,2026-07-02T09:01:04.370531+00:00,0x96ddd482cd2ee1a173dbde4538ed2007620845c0e462dbfcc969d36209beb1ce,SOL,NO,low,medium,medium,0.010000000000000026,0.0,0.0,0.0,0.0,False,1.0,0.010000000000000026
delay_0_5s_only,3,2026-07-02T09:01:06.361857+00:00,0x96ddd482cd2ee1a173dbde4538ed2007620845c0e462dbfcc969d36209beb1ce,SOL,NO,low,medium,medium,0.010000000000000026,0.0,0.011290482975909592,0.0,0.0,False,1.0,-0.0012904829759095657
delay_0_5s_only,3,2026-07-02T09:10:36.374495+00:00,0xbe2fec169e982831aa0a3f5a98442f7e0793c4af803bb920266ae6a7d43b3101,SOL,YES,low,medium,medium,-0.06999999999999999,0.0,0.0,0.0,0.0,False,1.0,-0.06999999999999999
delay_0_5s_only,3,2026-07-02T09:11:08.370966+00:00,0xbe2fec169e982831aa0a3f5a98442f7e0793c4af803bb920266ae6a7d43b3101,SOL,YES,low,medium,medium,0.010000000000000026,0.0,0.0,0.0,0.0,False,1.0,0.010000000000000026
delay_0_5s_only,3,2026-07-02T09:26:52.371394+00:00,0xe41189d0cceabac9697f126f3ff12806192b7fb894edecb0106a0cc6738db731,ETH,YES,low,medium,medium,0.30999999999999994,0.0,0.030827533223855376,0.0,0.0,False,1.0,0.27917246677614455
delay_0_5s_only,3,2026-07-02T09:35:10.366702+00:00,0x22928e0772859e6323b5722fc85857ebc2843ce5f3002b574d2bfdaa76aefda9,SOL,YES,low,medium,medium,0.02999999999999999,0.0,0.007523229110507369,0.0,0.0,False,1.0,0.02247677088949262
delay_0_5s_only,3,2026-07-02T09:55:44.372085+00:00,0x76314474e6d37d9996d64a209cef82a7d8ccbce36c7c87add2f24e7497a7816c,BTC,NO,low,high,medium,0.09999999999999999,0.0,0.012141584908799368,0.0,0.0,False,1.0,0.08785841509120063
delay_0_5s_only,3,2026-07-02T09:55:54.363634+00:00,0x1f1dd57c6e8f84731f3eca11a122596fc016822900b9a36563483ec6f84c36d4,SOL,NO,low,medium,medium,-0.08,0.0,0.0075268778753531515,0.0,0.0,False,1.0,-0.08752687787535315
delay_0_5s_only,3,2026-07-02T09:56:18.361978+00:00,0x1f1dd57c6e8f84731f3eca11a122596fc016822900b9a36563483ec6f84c36d4,SOL,NO,low,medium,medium,0.035000000000000045,0.0,0.0,0.0,0.0,False,1.0,0.035000000000000045
delay_0_5s_only,3,2026-07-02T09:56:24.369489+00:00,0x1f1dd57c6e8f84731f3eca11a122596fc016822900b9a36563483ec6f84c36d4,SOL,NO,low,medium,medium,0.059999999999999956,0.0,0.0006246056559998405,0.0,0.0,False,1.0,0.05937539434400012
delay_0_5s_only,3,2026-07-02T09:56:42.365883+00:00,0x76314474e6d37d9996d64a209cef82a7d8ccbce36c7c87add2f24e7497a7816c,BTC,NO,low,medium,medium,0.03999999999999994,0.0,0.0,0.0,0.0,False,1.0,0.03999999999999994
delay_0_5s_only,3,2026-07-02T09:56:46.366917+00:00,0x76314474e6d37d9996d64a209cef82a7d8ccbce36c7c87add2f24e7497a7816c,BTC,NO,low,medium,medium,0.010000000000000026,0.0,0.01066094711403311,0.0,0.0,False,1.0,-0.0006609471140330836
delay_0_5s_only,3,2026-07-02T09:58:16.363073+00:00,0x1f1dd57c6e8f84731f3eca11a122596fc016822900b9a36563483ec6f84c36d4,SOL,NO,low,medium,medium,0.03999999999999994,0.0,0.04481759664659145,0.0,0.0,False,1.0,-0.00481759664659151
delay_0_5s_only,3,2026-07-02T10:28:54.362470+00:00,0x5b8a5202ab816574a4572fb9d28ff7ada354d9668318b56a3644f04c39738f84,SOL,NO,low,medium,medium,0.04000000000000005,0.0,0.010361094389408486,0.0,0.0,False,1.0,0.029638905610591564
delay_0_5s_only,3,2026-07-02T10:28:56.368829+00:00,0x5b8a5202ab816574a4572fb9d28ff7ada354d9668318b56a3644f04c39738f84,SOL,NO,low,medium,medium,0.01999999999999998,0.0,0.015564773305825414,0.0,0.0,False,1.0,0.0044352266941745655
delay_0_5s_only,3,2026-07-02T10:33:10.363766+00:00,0x6700add2442ac52e76696ea3dd458416e2e1d5ab9e770499a85347b7e866d616,SOL,YES,low,medium,medium,0.25,0.0,0.0,0.0,0.0,False,1.0,0.25
delay_0_5s_only,3,2026-07-02T10:37:00.364893+00:00,0x465c10bb8102a8ec311965c7f7b77727b332f80e8cd87847b212b6350accd796,SOL,YES,medium,medium,medium,0.06500000000000002,0.0,0.0,0.0,0.0,False,1.0,0.06500000000000002
delay_0_5s_only,3,2026-07-02T10:40:18.374682+00:00,0xb6fcc6f9d2dd9571635233fc09a863999351b0fdcf8df2b3a54b65954c4156d0,SOL,NO,medium,medium,medium,0.06999999999999997,0.0,0.012766280527845501,0.0,0.0,False,1.0,0.057233719472154464
delay_0_5s_only,3,2026-07-02T10:55:06.372034+00:00,0x88416fcd563a9ffe6e611423ab3340c17488dc22b7d96f92571269bffc042195,SOL,NO,low,medium,medium,0.01499999999999992,0.0,0.016030981582122118,0.0,0.0,False,1.0,-0.001030981582122198
delay_0_5s_only,3,2026-07-02T11:00:12.369501+00:00,0x7a3fd80678cd42bf2a8b58076455dbb4318bf9108db524760e8b4127b426fa76,SOL,NO,low,medium,medium,0.03999999999999994,0.0,0.0,0.0,0.0,False,1.0,0.03999999999999994
delay_0_5s_only,3,2026-07-02T11:10:20.365901+00:00,0xae1161ad8055f5b09cd7c8038ea97feb7f79f231202f647ce33f68cdce265897,SOL,YES,high,high,medium,0.215,0.0,0.0042376348814361425,0.0,0.0,False,1.0,0.21076236511856386
delay_0_5s_only,3,2026-07-02T12:10:22.361984+00:00,0x8362eee619c3c068724b9acc69306f29dd57c5fb122ca23de731c60f166d74d8,SOL,NO,low,medium,medium,0.010000000000000026,0.0,0.012213076546032618,0.0,0.0,False,1.0,-0.002213076546032592
delay_0_5s_only,3,2026-07-02T12:10:26.361078+00:00,0x8362eee619c3c068724b9acc69306f29dd57c5fb122ca23de731c60f166d74d8,SOL,NO,low,medium,medium,-0.059999999999999984,0.0,0.0,0.0,0.0,False,1.0,-0.059999999999999984
delay_0_5s_only,3,2026-07-02T12:11:18.362800+00:00,0x8362eee619c3c068724b9acc69306f29dd57c5fb122ca23de731c60f166d74d8,SOL,NO,low,medium,medium,0.05,0.0,0.005805790981089528,0.0,0.0,False,1.0,0.044194209018910476
delay_0_5s_only,3,2026-07-02T12:12:22.363070+00:00,0x8362eee619c3c068724b9acc69306f29dd57c5fb122ca23de731c60f166d74d8,SOL,NO,low,medium,medium,0.030000000000000044,0.0,0.0,0.0,0.0,False,1.0,0.030000000000000044
delay_0_5s_only,3,2026-07-02T12:13:38.365899+00:00,0x8362eee619c3c068724b9acc69306f29dd57c5fb122ca23de731c60f166d74d8,SOL,NO,medium,high,medium,0.23500000000000001,0.0,0.0,0.0,0.0,False,1.0,0.23500000000000001
delay_0_5s_only,3,2026-07-02T12:20:04.364161+00:00,0x94bb631dd01221e07f00ab03feccab66c46ce389a1e7d203fe282aa6d209c589,SOL,YES,low,medium,medium,0.029999999999999933,0.0,0.0,0.0,0.0,False,1.0,0.029999999999999933
delay_0_5s_only,3,2026-07-02T12:30:04.364786+00:00,0x9215a5c313d78c2a336728a748b73687bc826021a656e9a0d76746f2f5023043,BTC,YES,high,medium,medium,0.265,0.0,0.0,0.0,0.0,False,1.0,0.265
delay_0_5s_only,3,2026-07-02T12:30:16.366322+00:00,0xfdd4d7f9eadc398c0df23a59aadb9ee61a56855c54b6ac9520602a5973e42087,SOL,YES,low,high,medium,-0.13999999999999999,0.0,0.0,0.0,0.0,False,1.0,-0.13999999999999999
delay_0_5s_only,3,2026-07-02T12:30:20.366935+00:00,0xfdd4d7f9eadc398c0df23a59aadb9ee61a56855c54b6ac9520602a5973e42087,SOL,YES,low,high,medium,0.02999999999999999,0.0,0.0,0.0,0.0,False,1.0,0.02999999999999999
delay_0_5s_only,3,2026-07-02T12:30:22.364919+00:00,0xfdd4d7f9eadc398c0df23a59aadb9ee61a56855c54b6ac9520602a5973e42087,SOL,YES,low,medium,medium,-0.13999999999999999,0.0,0.017846595157569877,0.0,0.0,False,1.0,-0.15784659515756985
delay_0_5s_only,3,2026-07-02T12:30:36.362455+00:00,0xfdd4d7f9eadc398c0df23a59aadb9ee61a56855c54b6ac9520602a5973e42087,SOL,YES,low,medium,medium,0.12999999999999998,0.0,0.0,0.0,0.0,False,1.0,0.12999999999999998
delay_0_5s_only,3,2026-07-02T12:31:22.373383+00:00,0x988287eee8e697b0d1d2625d38528f0175f8d3b585148a236428390c8e5bd7a0,ETH,NO,low,medium,medium,0.034999999999999934,0.0,0.0,0.0,0.0,False,1.0,0.034999999999999934
delay_0_5s_only,3,2026-07-02T12:31:28.373272+00:00,0x9215a5c313d78c2a336728a748b73687bc826021a656e9a0d76746f2f5023043,BTC,NO,low,high,medium,0.05500000000000001,0.0,0.042715570396105726,0.0,0.0,False,1.0,0.012284429603894281
delay_0_5s_only,3,2026-07-02T12:33:18.366598+00:00,0x9215a5c313d78c2a336728a748b73687bc826021a656e9a0d76746f2f5023043,BTC,NO,low,medium,medium,0.08999999999999998,0.0,0.0,0.0,0.0,False,1.0,0.08999999999999998
delay_0_5s_only,3,2026-07-02T12:40:48.374599+00:00,0xb38f8c90a79ba7fb9e3926511611e2a97e69f95d8567e5459f176624c5d78e7e,SOL,YES,low,medium,medium,0.04999999999999995,0.0,0.0,0.0,0.0,False,1.0,0.04999999999999995
delay_0_5s_only,3,2026-07-02T13:01:06.370199+00:00,0xfdc8ee5a5355786246c8c350b1b6d392d7b0b20b2f4112d995400e6d41587033,BTC,NO,low,medium,medium,0.08499999999999998,0.0,0.0,0.0,0.0,False,1.0,0.08499999999999998
delay_0_5s_only,3,2026-07-02T13:01:06.370199+00:00,0x7da2825f125571140c598bebdc47a2efcc90d5bbe3f36da9ed64a66a0758a57e,ETH,NO,low,low,medium,0.06499999999999996,0.0,0.005598146275267848,0.0,0.0,False,1.0,0.05940185372473211
delay_0_5s_only,3,2026-07-02T13:05:14.362350+00:00,0x7b81aecfe918b4400a38bb7e82faf16214e86526a59365a1a1f57891d5e02184,SOL,YES,low,medium,medium,0.12000000000000001,0.0,0.00031231763824682046,0.0,0.0,False,1.0,0.11968768236175319
delay_0_5s_only,3,2026-07-02T13:10:08.372139+00:00,0x0b7e0ca6f5af7203bbc20de90e6a874b459992dfe7ec7d26ca84605690a8971f,SOL,NO,low,medium,medium,0.05499999999999995,0.0,0.002800528785354574,0.0,0.0,False,1.0,0.052199471214645375
delay_0_5s_only,3,2026-07-02T13:26:26.363015+00:00,0xabaf563b7f6a9dc2645946d31ce8af8645de6d2409cef51803fb0999c9061f3e,ETH,NO,low,medium,medium,-0.08,0.0,0.06197239392424421,0.0,0.0,False,1.0,-0.1419723939242442
delay_0_5s_only,3,2026-07-02T13:26:28.373900+00:00,0xabaf563b7f6a9dc2645946d31ce8af8645de6d2409cef51803fb0999c9061f3e,ETH,NO,low,medium,medium,0.11999999999999995,0.0,0.0,0.0,0.0,False,1.0,0.11999999999999995
delay_0_5s_only,3,2026-07-02T13:32:06.370617+00:00,0xbfdaa1afb46e82ff47ba344bc098d1ae028cd939a030c6672402ca1475988d70,ETH,NO,low,medium,medium,0.02,0.0,0.0003120113103899453,0.0,0.0,False,1.0,0.019687988689610057
delay_0_5s_only,3,2026-07-02T13:32:14.374959+00:00,0xbfdaa1afb46e82ff47ba344bc098d1ae028cd939a030c6672402ca1475988d70,ETH,NO,high,medium,medium,-0.04000000000000001,0.0,0.0,0.0,0.0,False,1.0,-0.04000000000000001
delay_0_5s_only,3,2026-07-02T13:33:40.375151+00:00,0xbfdaa1afb46e82ff47ba344bc098d1ae028cd939a030c6672402ca1475988d70,ETH,YES,low,medium,high,-0.02,0.0,0.0,0.0,0.0,False,1.0,-0.02
delay_0_5s_only,3,2026-07-02T13:35:10.368025+00:00,0x7798cca819d8b656cf9130a5ea5d871975f4227bea6b3d22ec3b1b6de4584fc0,BTC,NO,medium,medium,medium,0.14499999999999993,0.0,0.0,0.0,0.0,False,1.0,0.14499999999999993
delay_0_5s_only,3,2026-07-02T13:37:02.366507+00:00,0xcd4afc8eb6c83c8d8dada852de775b7cc1e7cfaf722f03972c1d93abc1d9cf09,ETH,YES,low,medium,medium,-0.05499999999999998,0.0,0.02992849766744656,0.0,0.0,False,1.0,-0.08492849766744653
delay_0_5s_only,3,2026-07-02T13:37:06.370427+00:00,0x7798cca819d8b656cf9130a5ea5d871975f4227bea6b3d22ec3b1b6de4584fc0,BTC,NO,low,medium,medium,0.06499999999999996,0.0,0.0,0.0,0.0,False,1.0,0.06499999999999996
delay_0_5s_only,3,2026-07-02T13:37:14.375069+00:00,0x7798cca819d8b656cf9130a5ea5d871975f4227bea6b3d22ec3b1b6de4584fc0,BTC,NO,low,medium,medium,0.07499999999999997,0.0,0.0,0.0,0.0,False,1.0,0.07499999999999997
delay_0_5s_only,3,2026-07-02T13:45:04.364924+00:00,0x6b9167a59028831cc69fc27a631ba5f99da00742fcac16501ddd54b155929c85,ETH,YES,medium,medium,medium,0.014999999999999975,0.0,0.0,0.0,0.0,False,1.0,0.014999999999999975
delay_0_5s_only,3,2026-07-02T13:45:08.364326+00:00,0x6b9167a59028831cc69fc27a631ba5f99da00742fcac16501ddd54b155929c85,ETH,YES,low,medium,medium,0.02999999999999999,0.0,0.0,0.0,0.0,False,1.0,0.02999999999999999
delay_0_5s_only,3,2026-07-02T13:45:12.367704+00:00,0x6b9167a59028831cc69fc27a631ba5f99da00742fcac16501ddd54b155929c85,ETH,YES,low,medium,medium,-0.055000000000000035,0.0,0.007781035418539688,0.0,0.0,False,1.0,-0.06278103541853972
delay_0_5s_only,3,2026-07-02T13:46:08.369291+00:00,0x6b9167a59028831cc69fc27a631ba5f99da00742fcac16501ddd54b155929c85,ETH,YES,low,medium,medium,0.02999999999999999,0.0,0.016491721535567095,0.0,0.0,False,1.0,0.013508278464432893
delay_0_5s_only,3,2026-07-02T13:46:10.366715+00:00,0x165f83111bc6b855ddff03cee955479de1945e82de0c22a4af0e20b7a4611166,SOL,YES,low,medium,medium,0.010000000000000026,0.0,0.0,0.0,0.0,False,1.0,0.010000000000000026
delay_0_5s_only,3,2026-07-02T13:46:12.374640+00:00,0x6b9167a59028831cc69fc27a631ba5f99da00742fcac16501ddd54b155929c85,ETH,YES,medium,medium,medium,0.01999999999999998,0.0,0.014000854643840946,0.0,0.0,False,1.0,0.005999145356159034
delay_0_5s_only,3,2026-07-02T13:46:20.368608+00:00,0x6b9167a59028831cc69fc27a631ba5f99da00742fcac16501ddd54b155929c85,ETH,YES,medium,medium,medium,0.02999999999999999,0.0,0.0,0.0,0.0,False,1.0,0.02999999999999999
delay_0_5s_only,3,2026-07-02T13:46:22.365708+00:00,0x165f83111bc6b855ddff03cee955479de1945e82de0c22a4af0e20b7a4611166,SOL,YES,low,medium,medium,-0.06999999999999999,0.0,0.016896753529232898,0.0,0.0,False,1.0,-0.08689675352923289
delay_0_5s_only,3,2026-07-02T13:46:28.366021+00:00,0x6b9167a59028831cc69fc27a631ba5f99da00742fcac16501ddd54b155929c85,ETH,YES,low,medium,medium,-0.09000000000000001,0.0,0.0,0.0,0.0,False,1.0,-0.09000000000000001
delay_0_5s_only,3,2026-07-02T13:46:34.364544+00:00,0x6b9167a59028831cc69fc27a631ba5f99da00742fcac16501ddd54b155929c85,ETH,YES,low,medium,medium,0.030000000000000044,0.0,0.0,0.0,0.0,False,1.0,0.030000000000000044
delay_0_5s_only,3,2026-07-02T13:46:36.372134+00:00,0x6b9167a59028831cc69fc27a631ba5f99da00742fcac16501ddd54b155929c85,ETH,YES,low,low,medium,-0.07000000000000005,0.0,0.015250499622853294,0.0,0.0,False,1.0,-0.08525049962285335
delay_0_5s_only,3,2026-07-02T13:47:28.363479+00:00,0xdf1c68feb520af13e0b1073b5e17ac465273234950edc85062d074363f2f7ea0,BTC,YES,medium,medium,high,0.27499999999999997,0.0,0.0,0.0,0.0,False,1.0,0.27499999999999997
delay_0_5s_only,3,2026-07-02T13:47:30.370941+00:00,0x165f83111bc6b855ddff03cee955479de1945e82de0c22a4af0e20b7a4611166,SOL,YES,low,medium,high,0.19999999999999998,0.0,0.0,0.0,0.0,False,1.0,0.19999999999999998
delay_0_5s_only,3,2026-07-02T14:00:06.363105+00:00,0x100389b157cf172fa16809d99306f23ca1974adf6fbe025dc09758ed45771b51,BTC,NO,low,medium,medium,0.05500000000000006,0.0,0.003763243303673853,0.0,0.0,False,1.0,0.05123675669632621
delay_0_5s_only,3,2026-07-02T14:03:02.371420+00:00,0xba6acf8da6d345173ee24e2b41e7d98ae87fb2f39f6c0d1839c33229ec4b802b,SOL,NO,low,medium,medium,0.030000000000000044,0.0,0.0,0.0,0.0,False,1.0,0.030000000000000044
delay_0_5s_only,3,2026-07-02T14:16:42.366798+00:00,0x99bee988b471ce9b6fe317dc281d4f4c4f89040c4dcacef8d455c241ee2e99f8,ETH,NO,low,medium,high,0.3,0.0,0.0,0.0,0.0,False,1.0,0.3
delay_0_5s_only,3,2026-07-02T15:05:38.363627+00:00,0x647b9c08af3b94902afa9b362889527316a7fdbb46e4a6738ad42d290ca82805,BTC,NO,medium,medium,medium,0.035000000000000045,0.0,0.0,0.0,0.0,False,1.0,0.035000000000000045
delay_0_5s_only,3,2026-07-02T15:10:28.366751+00:00,0xcae0c95e9c034ca588baca33e8147b8845b1f312ff09b0d52f4d6e150cddad15,SOL,NO,low,medium,medium,0.04999999999999995,0.0,0.005951162936844191,0.0,0.0,False,1.0,0.04404883706315576
delay_0_5s_only,3,2026-07-02T15:36:32.363170+00:00,0x0a5061025dfe612b3722293195f769f012f8980bd848a20493e2c600f70d09dd,BTC,NO,low,medium,medium,0.28500000000000003,0.0,0.028091613062310755,0.0,0.0,False,1.0,0.25690838693768925
delay_0_5s_only,3,2026-07-02T16:01:28.361478+00:00,0x59496dfc9f417c17975e237fbb7ecfe259156cc15a360f25910162556810c516,SOL,NO,low,medium,medium,0.010000000000000026,0.0,0.0,0.0,0.0,False,1.0,0.010000000000000026
delay_0_5s_only,3,2026-07-02T17:00:24.370409+00:00,0x1be94953b760d89a9523766bd1abb42f2e881ac06074bf93aa46ad1a415fc189,SOL,NO,low,medium,medium,0.010000000000000026,0.0,0.0,0.0,0.0,False,1.0,0.010000000000000026
delay_0_5s_only,3,2026-07-02T17:13:30.362110+00:00,0x909723d937a75ac2c9c89d73711867c15953dd27d72b7a6933948473e399451d,ETH,YES,low,medium,medium,0.06000000000000001,0.0,0.000939541148375897,0.0,0.0,False,1.0,0.059060458851624115
delay_0_5s_only,3,2026-07-02T17:23:18.371612+00:00,0x1f5ef0a23c68190a8a6d515b6c8e8b048078a8afa92d25abb3d94fb87f1f7027,BTC,YES,low,medium,medium,0.255,0.0,0.0,0.0,0.0,False,1.0,0.255
delay_0_5s_only,3,2026-07-02T17:23:20.364343+00:00,0x60608598239fe90ee375e38281310554148d5d349aca1ac07aa04e1ce390e6ad,SOL,YES,low,medium,high,0.11,0.0,0.0,0.0,0.0,False,1.0,0.11
delay_0_5s_only,3,2026-07-02T17:50:28.360872+00:00,0x0aff58c34608210967c4413fb4b4a6c7fa904dc09de162ecc564806689facc64,SOL,NO,low,medium,high,0.19000000000000003,0.0,0.0,0.0,0.0,False,1.0,0.19000000000000003
delay_0_5s_only,3,2026-07-02T18:35:46.363950+00:00,0x0fb6a0c7bcde0b6dd2c22b766ae91ab671463f01b2f4ec31f09491aa9dd4af91,SOL,NO,low,medium,medium,-0.07500000000000005,0.0,0.0,0.0,0.0,False,1.0,-0.07500000000000005
delay_0_5s_only,3,2026-07-02T18:35:48.373272+00:00,0x0fb6a0c7bcde0b6dd2c22b766ae91ab671463f01b2f4ec31f09491aa9dd4af91,SOL,NO,low,high,medium,-0.09999999999999996,0.0,0.0,0.0,0.0,False,1.0,-0.09999999999999996
delay_0_5s_only,3,2026-07-02T18:35:56.374508+00:00,0x0fb6a0c7bcde0b6dd2c22b766ae91ab671463f01b2f4ec31f09491aa9dd4af91,SOL,NO,low,medium,medium,0.05500000000000001,0.0,0.0006191537902848294,0.0,0.0,False,1.0,0.05438084620971518
delay_0_5s_only,3,2026-07-02T18:35:58.369803+00:00,0x0fb6a0c7bcde0b6dd2c22b766ae91ab671463f01b2f4ec31f09491aa9dd4af91,SOL,NO,low,medium,medium,-0.06999999999999999,0.0,0.020993125673557874,0.0,0.0,False,1.0,-0.09099312567355787
delay_0_5s_only,3,2026-07-02T18:51:30.371222+00:00,0x12f1ba09bc9913623cab1e5f36dab49519aed574c20e74febe167f480cf82772,SOL,NO,low,medium,medium,0.059999999999999956,0.0,0.0,0.0,0.0,False,1.0,0.059999999999999956
delay_0_5s_only,3,2026-07-02T19:01:18.365784+00:00,0x639421d64a6433150033c4d335d66cbee7357cad9e8b10bc943f74caf5d0d308,SOL,NO,low,medium,medium,-0.09499999999999996,0.0,0.011917598344104396,0.0,0.0,False,1.0,-0.10691759834410436
delay_0_5s_only,3,2026-07-02T19:03:24.368460+00:00,0x639421d64a6433150033c4d335d66cbee7357cad9e8b10bc943f74caf5d0d308,SOL,YES,low,medium,medium,0.11,0.0,0.0,0.0,0.0,False,1.0,0.11
delay_0_5s_only,3,2026-07-02T19:03:44.373982+00:00,0x639421d64a6433150033c4d335d66cbee7357cad9e8b10bc943f74caf5d0d308,SOL,YES,low,medium,medium,0.06000000000000001,0.0,0.0,0.0,0.0,False,1.0,0.06000000000000001
delay_0_5s_only,3,2026-07-02T19:05:14.369431+00:00,0xa1701695adebeed5da4000373df6e9883c29449ade56b49eb6379ee63ba7259b,SOL,NO,low,medium,high,0.07499999999999997,0.0,0.0,0.0,0.0,False,1.0,0.07499999999999997
delay_0_5s_only,3,2026-07-02T19:06:40.373607+00:00,0xa1701695adebeed5da4000373df6e9883c29449ade56b49eb6379ee63ba7259b,SOL,NO,low,high,medium,-0.06499999999999999,0.0,0.0,0.0,0.0,False,1.0,-0.06499999999999999
delay_0_5s_only,3,2026-07-02T19:31:18.372640+00:00,0x606a340a3aad1b6f683e99c5d598836d6731c972d5ddeb2642c52813a27308af,SOL,NO,low,medium,medium,0.05,0.0,8.485045316333935e-07,0.0,0.0,False,1.0,0.049999151495468366
delay_0_5s_only,3,2026-07-02T19:31:32.362271+00:00,0x606a340a3aad1b6f683e99c5d598836d6731c972d5ddeb2642c52813a27308af,SOL,NO,low,medium,medium,0.05000000000000006,0.0,0.0,0.0,0.0,False,1.0,0.05000000000000006
delay_0_5s_only,3,2026-07-02T19:31:40.366839+00:00,0x606a340a3aad1b6f683e99c5d598836d6731c972d5ddeb2642c52813a27308af,SOL,NO,low,medium,medium,0.05500000000000006,0.0,0.0,0.0,0.0,False,1.0,0.05500000000000006
delay_0_5s_only,3,2026-07-02T19:31:58.371790+00:00,0x606a340a3aad1b6f683e99c5d598836d6731c972d5ddeb2642c52813a27308af,SOL,NO,low,medium,medium,-0.09000000000000001,0.0,0.0,0.0,0.0,False,1.0,-0.09000000000000001
delay_0_5s_only,3,2026-07-02T19:51:32.364894+00:00,0x2cfc3ef023f8f6ebad847ce57292f2a190fd727fc452a4c2a7cc845fd16b56aa,SOL,NO,low,medium,medium,0.020000000000000007,0.0,0.0,0.0,0.0,False,1.0,0.020000000000000007
delay_0_5s_only,3,2026-07-02T19:51:34.373824+00:00,0x2cfc3ef023f8f6ebad847ce57292f2a190fd727fc452a4c2a7cc845fd16b56aa,SOL,NO,low,medium,medium,-0.06000000000000001,0.0,0.011194460294292795,0.0,0.0,False,1.0,-0.0711944602942928
delay_0_5s_only,3,2026-07-02T19:51:58.365557+00:00,0x2cfc3ef023f8f6ebad847ce57292f2a190fd727fc452a4c2a7cc845fd16b56aa,SOL,NO,low,medium,medium,-0.06,0.0,0.0,0.0,0.0,False,1.0,-0.06
delay_0_5s_only,3,2026-07-02T19:52:06.372072+00:00,0x2cfc3ef023f8f6ebad847ce57292f2a190fd727fc452a4c2a7cc845fd16b56aa,SOL,NO,low,medium,medium,0.03999999999999998,0.0,0.0,0.0,0.0,False,1.0,0.03999999999999998
delay_0_5s_only,3,2026-07-02T19:52:12.366157+00:00,0x2cfc3ef023f8f6ebad847ce57292f2a190fd727fc452a4c2a7cc845fd16b56aa,SOL,NO,low,medium,medium,0.015000000000000003,0.0,0.008001019079595452,0.0,0.0,False,1.0,0.006998980920404551
delay_0_5s_only,3,2026-07-02T19:52:24.373550+00:00,0x2cfc3ef023f8f6ebad847ce57292f2a190fd727fc452a4c2a7cc845fd16b56aa,SOL,NO,medium,medium,medium,0.009999999999999998,0.0,0.010416990456435186,0.0,0.0,False,1.0,-0.0004169904564351873
delay_0_5s_only,3,2026-07-02T19:52:30.368984+00:00,0x2cfc3ef023f8f6ebad847ce57292f2a190fd727fc452a4c2a7cc845fd16b56aa,SOL,NO,medium,medium,medium,0.11,0.0,0.0014002349554742405,0.0,0.0,False,1.0,0.10859976504452576
delay_0_5s_only,3,2026-07-02T19:52:48.372495+00:00,0x2cfc3ef023f8f6ebad847ce57292f2a190fd727fc452a4c2a7cc845fd16b56aa,SOL,NO,medium,medium,medium,0.01500000000000003,0.0,0.028475037104570746,0.0,0.0,False,1.0,-0.013475037104570715
delay_0_5s_only,3,2026-07-02T19:53:00.364200+00:00,0x2cfc3ef023f8f6ebad847ce57292f2a190fd727fc452a4c2a7cc845fd16b56aa,SOL,NO,medium,high,medium,0.02999999999999999,0.0,0.011919678445503613,0.0,0.0,False,1.0,0.018080321554496376
delay_0_5s_only,3,2026-07-02T19:53:04.368103+00:00,0x2cfc3ef023f8f6ebad847ce57292f2a190fd727fc452a4c2a7cc845fd16b56aa,SOL,NO,high,medium,medium,-0.06999999999999999,0.0,0.020373225550668072,0.0,0.0,False,1.0,-0.09037322555066807
delay_0_5s_only,3,2026-07-02T19:53:10.364232+00:00,0x2cfc3ef023f8f6ebad847ce57292f2a190fd727fc452a4c2a7cc845fd16b56aa,SOL,NO,high,medium,medium,0.12000000000000001,0.0,0.0,0.0,0.0,False,1.0,0.12000000000000001
delay_0_5s_only,3,2026-07-02T19:53:42.364449+00:00,0x2cfc3ef023f8f6ebad847ce57292f2a190fd727fc452a4c2a7cc845fd16b56aa,SOL,NO,high,medium,medium,0.020000000000000035,0.0,0.0,0.0,0.0,False,1.0,0.020000000000000035
delay_1s_only,1,2026-06-24T15:43:06.758948+00:00,0x80658216d4530ee5d8f87f3a84d6788c0505a016f5d1a52bfb8fc3c1afc1f1c2,ETH,YES,low,low,medium,-0.05,0.0,0.012461751630507003,0.0,0.0,False,1.0,-0.062461751630507004
delay_1s_only,1,2026-06-24T15:48:20.766212+00:00,0x8e22e9bf1a5c5cf1e5a91126865227cf0b75a5ec64611f0e0b23348e2b8eebc6,SOL,YES,medium,low,medium,-0.05,0.0,0.0074719359410469356,0.0,0.0,False,1.0,-0.05747193594104694
delay_1s_only,1,2026-06-24T15:48:30.765676+00:00,0x8e22e9bf1a5c5cf1e5a91126865227cf0b75a5ec64611f0e0b23348e2b8eebc6,SOL,YES,medium,low,medium,-0.04,0.0,0.0,0.0,0.0,False,1.0,-0.04
delay_1s_only,1,2026-06-24T16:03:06.764139+00:00,0x898e75f4a2714851629ab01153214fbf585c570d631964d411eb3f85d6f77427,ETH,NO,low,medium,high,0.07000000000000002,0.0,0.0,0.0,0.0,False,1.0,0.07000000000000002
delay_1s_only,1,2026-06-24T16:03:34.761565+00:00,0x898e75f4a2714851629ab01153214fbf585c570d631964d411eb3f85d6f77427,ETH,NO,low,medium,medium,0.01999999999999998,0.0,0.0,0.0,0.0,False,1.0,0.01999999999999998
delay_1s_only,1,2026-06-24T16:03:36.766733+00:00,0x898e75f4a2714851629ab01153214fbf585c570d631964d411eb3f85d6f77427,ETH,NO,low,medium,medium,0.020000000000000035,0.0,0.024922713008820013,0.0,0.0,False,1.0,-0.004922713008819978
delay_1s_only,1,2026-06-24T16:03:56.765843+00:00,0x898e75f4a2714851629ab01153214fbf585c570d631964d411eb3f85d6f77427,ETH,NO,medium,medium,medium,-0.07000000000000002,0.0,0.0,0.0,0.0,False,1.0,-0.07000000000000002
delay_1s_only,1,2026-06-24T16:17:42.762123+00:00,0x16d9a49118c42f6c43e48602f4356b563fe7d62f03eace901d12f3671b7534cd,SOL,NO,low,medium,high,0.18000000000000002,0.0,0.0,0.0,0.0,False,1.0,0.18000000000000002
delay_1s_only,1,2026-06-24T16:22:52.762411+00:00,0x76ee4df37777787c309b30aa15d0861f505cc65be0cea6ab16949e8fba9fa172,SOL,NO,medium,medium,medium,-0.11999999999999998,0.0,0.0,0.0,0.0,False,1.0,-0.11999999999999998
delay_1s_only,1,2026-06-24T16:22:54.752727+00:00,0x76ee4df37777787c309b30aa15d0861f505cc65be0cea6ab16949e8fba9fa172,SOL,NO,medium,medium,medium,-0.06500000000000002,0.0,0.0,0.0,0.0,False,1.0,-0.06500000000000002
delay_1s_only,1,2026-06-24T16:41:48.765478+00:00,0x54faa3af7fa6193533f340c3ceb42d2a8d405f5e3b23e2178d2a0212ac8cd968,ETH,YES,low,low,medium,-0.09500000000000001,0.0,0.0,0.0,0.0,False,1.0,-0.09500000000000001
delay_1s_only,1,2026-06-24T16:41:50.756781+00:00,0x54faa3af7fa6193533f340c3ceb42d2a8d405f5e3b23e2178d2a0212ac8cd968,ETH,YES,low,medium,low,-0.055000000000000035,0.0,0.0,0.0,0.0,False,1.0,-0.055000000000000035
delay_1s_only,1,2026-06-24T16:48:48.757094+00:00,0x6a9cd2dd7bc9c9807d3452c9f1a97c34ac7aedbc934b79054d8b3a0bfdcd4e42,BTC,YES,low,low,high,-0.0325,0.0,0.0,0.0,0.0,False,1.0,-0.0325
delay_1s_only,1,2026-06-24T16:51:06.758502+00:00,0xabff544d3602969cb25677257451bdb7c6ad59b48e75d1d633afb248b012b06c,ETH,NO,low,medium,medium,0.30000000000000004,0.0,0.0,0.0,0.0,False,1.0,0.30000000000000004
delay_1s_only,1,2026-06-24T16:52:04.761668+00:00,0x7d0f63daa0e0bd4993d80fa4bcb62fd622043fb264ec4a7aa7b875871c6a353a,SOL,YES,medium,medium,medium,0.030000000000000002,0.0,0.006230279435622283,0.0,0.0,False,1.0,0.02376972056437772
delay_1s_only,1,2026-06-24T16:52:06.767562+00:00,0x7d0f63daa0e0bd4993d80fa4bcb62fd622043fb264ec4a7aa7b875871c6a353a,SOL,YES,high,medium,medium,0.05,0.0,0.029896817651310796,0.0,0.0,False,1.0,0.020103182348689207
delay_1s_only,1,2026-06-24T16:53:18.759891+00:00,0x11be248eacf03fecfc51007bb9833cc1452e33e48c5226ab9c30e91656ca4fed,BTC,YES,low,medium,medium,-0.05,0.0,0.005034008904077412,0.0,0.0,False,1.0,-0.05503400890407741
delay_1s_only,1,2026-06-24T16:53:52.752947+00:00,0x7d0f63daa0e0bd4993d80fa4bcb62fd622043fb264ec4a7aa7b875871c6a353a,SOL,YES,high,low,medium,-0.05,0.0,0.0,0.0,0.0,False,1.0,-0.05
delay_1s_only,1,2026-06-24T16:53:54.758545+00:00,0xabff544d3602969cb25677257451bdb7c6ad59b48e75d1d633afb248b012b06c,ETH,NO,high,low,medium,-0.02,0.0,0.0,0.0,0.0,False,1.0,-0.02
delay_1s_only,1,2026-06-24T16:55:32.763105+00:00,0xdc4693598a20d019c083949d35703b04d5de73552f4d0fb762787cbe10eef7af,ETH,YES,low,medium,medium,0.035000000000000045,0.0,0.017432056453240943,0.0,0.0,False,1.0,0.017567943546759102
delay_1s_only,1,2026-06-24T17:10:44.757531+00:00,0x6bcbfb85688c3516d74eda21ae1058775c9dbb0c3c2ed80679bea5efa4224f1f,SOL,YES,low,medium,medium,-0.09000000000000001,0.0,0.0,0.0,0.0,False,1.0,-0.09000000000000001
delay_1s_only,1,2026-06-24T17:10:48.752203+00:00,0x6bcbfb85688c3516d74eda21ae1058775c9dbb0c3c2ed80679bea5efa4224f1f,SOL,YES,low,medium,medium,0.07000000000000002,0.0,0.0,0.0,0.0,False,1.0,0.07000000000000002
delay_1s_only,1,2026-06-24T17:15:08.754027+00:00,0x2a87ba5465e5a39b23f5c245ce8daf4e9166a6b5d3a01f97e3c5cebe5f542667,ETH,YES,low,medium,medium,0.08999999999999998,0.0,0.013830227418477788,0.0,0.0,False,1.0,0.07616977258152219
delay_1s_only,1,2026-06-24T17:15:32.759728+00:00,0xc6ddbe45253f77b8dbd808a9153ec3477a66b95ce3dcd40edbdbf5e69a9fad74,BTC,YES,low,medium,medium,-0.059999999999999984,0.0,0.0,0.0,0.0,False,1.0,-0.059999999999999984
delay_1s_only,1,2026-06-24T17:17:04.766209+00:00,0xc6ddbe45253f77b8dbd808a9153ec3477a66b95ce3dcd40edbdbf5e69a9fad74,BTC,YES,low,medium,medium,0.01999999999999998,0.0,0.004988247344140495,0.0,0.0,False,1.0,0.015011752655859485
delay_1s_only,1,2026-06-24T17:20:12.764868+00:00,0xd8e21b0124221e5a6948b65f0b5c1b7c563a3c7e6ea11a1e7d760638a2e885ba,SOL,NO,medium,medium,high,0.15500000000000005,0.0,0.0,0.0,0.0,False,1.0,0.15500000000000005
delay_1s_only,1,2026-06-24T17:25:44.756279+00:00,0x0a15e96a2f8db3533603fd8a311915394fd8b8b6cbc3c3b90e5225964660bd94,ETH,YES,low,medium,high,0.030000000000000044,0.0,0.0,0.0,0.0,False,1.0,0.030000000000000044
delay_1s_only,1,2026-06-24T17:26:36.761972+00:00,0x0a15e96a2f8db3533603fd8a311915394fd8b8b6cbc3c3b90e5225964660bd94,ETH,YES,low,medium,high,0.11,0.0,0.0,0.0,0.0,False,1.0,0.11
delay_1s_only,1,2026-06-24T17:28:30.758436+00:00,0x8b89ebef2e337682d0c761c2d9ea76b14916b0fbaa6b07ab496782aa61d08092,SOL,NO,low,medium,medium,-0.03,0.0,0.0,0.0,0.0,False,1.0,-0.03
delay_1s_only,1,2026-06-24T17:32:12.757879+00:00,0xc53755a72a77c13680d29f80e88a1ffcdaeda374fb64389c3801a5660e24deb8,SOL,NO,low,medium,medium,0.030000000000000044,0.0,0.0,0.0,0.0,False,1.0,0.030000000000000044
delay_1s_only,1,2026-06-24T17:40:50.764310+00:00,0xe162acce182a1c54de6efd4a047bee1957d9d0ce3a96723f622886a34ce9ef56,BTC,NO,low,medium,medium,-0.05000000000000003,0.0,0.0,0.0,0.0,False,1.0,-0.05000000000000003
delay_1s_only,1,2026-06-24T17:46:02.756352+00:00,0x931296be6d3fc5e74df946ebeb47595bd30d0b51c747520c22454b54dbde783c,ETH,NO,medium,medium,high,0.16,0.0,0.0,0.0,0.0,False,1.0,0.16
delay_1s_only,1,2026-06-24T17:50:26.761135+00:00,0xe0261c3af71ec76885a6befe78536d37f4f39622a19d0102257561caaca61811,SOL,NO,low,medium,medium,0.06000000000000001,0.0,0.0,0.0,0.0,False,1.0,0.06000000000000001
delay_1s_only,1,2026-06-24T18:00:58.760168+00:00,0x5a189bc1b252af1469e531eb62cee5995fe46dd01bcaff6b137a7bc3109e2e43,SOL,NO,medium,low,medium,-0.05000000000000003,0.0,0.0,0.0,0.0,False,1.0,-0.05000000000000003
delay_1s_only,1,2026-06-24T18:01:08.757617+00:00,0x5a189bc1b252af1469e531eb62cee5995fe46dd01bcaff6b137a7bc3109e2e43,SOL,NO,medium,medium,medium,0.010000000000000026,0.0,0.0,0.0,0.0,False,1.0,0.010000000000000026
delay_1s_only,1,2026-06-24T18:01:10.762661+00:00,0x5a189bc1b252af1469e531eb62cee5995fe46dd01bcaff6b137a7bc3109e2e43,SOL,NO,medium,medium,medium,-0.06999999999999999,0.0,0.019945982957232947,0.0,0.0,False,1.0,-0.08994598295723294
delay_1s_only,1,2026-06-24T18:01:28.765791+00:00,0x5a189bc1b252af1469e531eb62cee5995fe46dd01bcaff6b137a7bc3109e2e43,SOL,NO,medium,medium,medium,-0.05000000000000003,0.0,0.0,0.0,0.0,False,1.0,-0.05000000000000003
delay_1s_only,1,2026-06-24T18:01:32.763050+00:00,0x5a189bc1b252af1469e531eb62cee5995fe46dd01bcaff6b137a7bc3109e2e43,SOL,NO,medium,medium,medium,0.07000000000000002,0.0,0.0,0.0,0.0,False,1.0,0.07000000000000002
delay_1s_only,1,2026-06-24T18:01:48.762400+00:00,0x5a189bc1b252af1469e531eb62cee5995fe46dd01bcaff6b137a7bc3109e2e43,SOL,NO,medium,medium,medium,0.059999999999999956,0.0,0.0,0.0,0.0,False,1.0,0.059999999999999956
delay_1s_only,1,2026-06-24T18:05:24.753766+00:00,0x17dc5c06a8038c8b9fe98dc10caabed5e643e594aa096dfa257871e4e6fc79db,BTC,NO,medium,medium,high,0.05000000000000006,0.0,0.0,0.0,0.0,False,1.0,0.05000000000000006
delay_1s_only,1,2026-06-24T18:05:28.765310+00:00,0x17dc5c06a8038c8b9fe98dc10caabed5e643e594aa096dfa257871e4e6fc79db,BTC,NO,medium,medium,high,0.06999999999999997,0.0,0.04361018205523634,0.0,0.0,False,1.0,0.026389817944763624
delay_1s_only,1,2026-06-24T18:05:36.760226+00:00,0x3d07d4fd8f80b13ff82b8a59ac4e27ef61cee1ca5f5e8b639dd421a3a7bc2fcb,SOL,NO,low,high,medium,0.04999999999999995,0.0,0.0,0.0,0.0,False,1.0,0.04999999999999995
delay_1s_only,1,2026-06-24T18:06:36.754811+00:00,0x3d07d4fd8f80b13ff82b8a59ac4e27ef61cee1ca5f5e8b639dd421a3a7bc2fcb,SOL,YES,low,medium,medium,0.039999999999999994,0.0,4.5338649465669414e-05,0.0,0.0,False,1.0,0.039954661350534326
delay_1s_only,1,2026-06-24T18:06:38.762149+00:00,0x3d07d4fd8f80b13ff82b8a59ac4e27ef61cee1ca5f5e8b639dd421a3a7bc2fcb,SOL,YES,low,medium,medium,0.09999999999999999,0.0,0.034832698800926265,0.0,0.0,False,1.0,0.06516730119907373
delay_1s_only,1,2026-06-24T18:10:32.759091+00:00,0xe3120089fce1f1a743fc240f0033561fca78ae3088352a0f3f52413a0a0b39cb,BTC,YES,low,medium,high,0.04999999999999995,0.0,0.0,0.0,0.0,False,1.0,0.04999999999999995
delay_1s_only,1,2026-06-24T18:10:48.754900+00:00,0x2a8f1b4db2834d8f740fa140f88d4c2cd7464241d37403fce3ab3bc53ee78792,ETH,NO,low,medium,high,0.06999999999999997,0.0,0.0,0.0,0.0,False,1.0,0.06999999999999997
delay_1s_only,1,2026-06-24T18:11:20.766968+00:00,0x2a8f1b4db2834d8f740fa140f88d4c2cd7464241d37403fce3ab3bc53ee78792,ETH,YES,low,medium,medium,-0.059999999999999984,0.0,0.0,0.0,0.0,False,1.0,-0.059999999999999984
delay_1s_only,1,2026-06-24T18:20:04.756204+00:00,0x3d34074cabf8c0c7082b719f8b1d246fbf3344709e9dceb7baf2a9e21d9dcd71,BTC,YES,low,medium,medium,-0.13000000000000003,0.0,0.0,0.0,0.0,False,1.0,-0.13000000000000003
delay_1s_only,1,2026-06-24T18:20:30.755092+00:00,0x3d34074cabf8c0c7082b719f8b1d246fbf3344709e9dceb7baf2a9e21d9dcd71,BTC,YES,low,medium,medium,-0.05499999999999998,0.0,0.0,0.0,0.0,False,1.0,-0.05499999999999998
delay_1s_only,1,2026-06-24T18:20:36.756990+00:00,0x063b6476f22b96ffa4e2b1b40b6be64b68228f02258cf4f2cb5ae83ecbf708fd,ETH,YES,medium,medium,medium,0.04999999999999995,0.0,0.0,0.0,0.0,False,1.0,0.04999999999999995
delay_1s_only,1,2026-06-24T18:20:40.753306+00:00,0x3d34074cabf8c0c7082b719f8b1d246fbf3344709e9dceb7baf2a9e21d9dcd71,BTC,YES,low,medium,medium,-0.059999999999999984,0.0,0.0044092680321189525,0.0,0.0,False,1.0,-0.06440926803211894
delay_1s_only,1,2026-06-24T18:20:52.756246+00:00,0x3d34074cabf8c0c7082b719f8b1d246fbf3344709e9dceb7baf2a9e21d9dcd71,BTC,YES,low,medium,medium,0.039999999999999994,0.0,0.0,0.0,0.0,False,1.0,0.039999999999999994
delay_1s_only,1,2026-06-24T18:20:54.762187+00:00,0x3d34074cabf8c0c7082b719f8b1d246fbf3344709e9dceb7baf2a9e21d9dcd71,BTC,YES,low,medium,medium,0.010000000000000026,0.0,0.03987161977510317,0.0,0.0,False,1.0,-0.029871619775103147
delay_1s_only,1,2026-06-24T18:21:06.764841+00:00,0x3d34074cabf8c0c7082b719f8b1d246fbf3344709e9dceb7baf2a9e21d9dcd71,BTC,YES,low,medium,medium,-0.05000000000000003,0.0,0.027422903850077146,0.0,0.0,False,1.0,-0.07742290385007718
delay_1s_only,1,2026-06-24T18:21:10.764191+00:00,0x3d34074cabf8c0c7082b719f8b1d246fbf3344709e9dceb7baf2a9e21d9dcd71,BTC,YES,low,medium,medium,0.020000000000000035,0.0,0.0,0.0,0.0,False,1.0,0.020000000000000035
delay_1s_only,1,2026-06-24T18:21:12.754338+00:00,0x3d34074cabf8c0c7082b719f8b1d246fbf3344709e9dceb7baf2a9e21d9dcd71,BTC,YES,low,medium,medium,-0.06000000000000004,0.0,0.02640156464525162,0.0,0.0,False,1.0,-0.08640156464525166
delay_1s_only,1,2026-06-24T18:21:14.759655+00:00,0x3d34074cabf8c0c7082b719f8b1d246fbf3344709e9dceb7baf2a9e21d9dcd71,BTC,YES,low,high,medium,0.19499999999999998,0.0,0.0,0.0,0.0,False,1.0,0.19499999999999998
delay_1s_only,1,2026-06-24T18:23:18.758759+00:00,0x3d34074cabf8c0c7082b719f8b1d246fbf3344709e9dceb7baf2a9e21d9dcd71,BTC,YES,low,medium,medium,0.01500000000000003,0.0,0.013197052365580234,0.0,0.0,False,1.0,0.0018029476344197971
delay_1s_only,1,2026-06-24T18:26:40.754541+00:00,0x0f58baf57772722db394290841df2a23b89d3ef388a740790fe4356e58669164,ETH,NO,low,medium,medium,-0.38,0.0,0.0,0.0,0.0,False,1.0,-0.38
delay_1s_only,1,2026-06-24T18:32:18.765892+00:00,0xbde68413691d686e0741615c9dad23d2669c8cfcdd14efb81d2fd53260602d61,SOL,NO,low,medium,medium,0.05,0.0,0.009972337949960101,0.0,0.0,False,1.0,0.0400276620500399
delay_1s_only,1,2026-06-24T18:32:28.765868+00:00,0xbde68413691d686e0741615c9dad23d2669c8cfcdd14efb81d2fd53260602d61,SOL,NO,low,medium,medium,-0.10000000000000002,0.0,0.0,0.0,0.0,False,1.0,-0.10000000000000002
delay_1s_only,1,2026-06-24T18:32:34.767339+00:00,0xbde68413691d686e0741615c9dad23d2669c8cfcdd14efb81d2fd53260602d61,SOL,NO,low,medium,medium,-0.09999999999999999,0.0,0.0,0.0,0.0,False,1.0,-0.09999999999999999
delay_1s_only,1,2026-06-24T18:32:36.756754+00:00,0xbde68413691d686e0741615c9dad23d2669c8cfcdd14efb81d2fd53260602d61,SOL,NO,low,medium,medium,0.025000000000000012,0.0,0.0,0.0,0.0,False,1.0,0.025000000000000012
delay_1s_only,1,2026-06-24T18:32:38.763486+00:00,0xbde68413691d686e0741615c9dad23d2669c8cfcdd14efb81d2fd53260602d61,SOL,NO,low,high,medium,-0.07500000000000002,0.0,0.03803132293012966,0.0,0.0,False,1.0,-0.11303132293012969
delay_1s_only,1,2026-06-24T18:32:40.753774+00:00,0xbde68413691d686e0741615c9dad23d2669c8cfcdd14efb81d2fd53260602d61,SOL,NO,low,medium,medium,0.030000000000000016,0.0,0.0,0.0,0.0,False,1.0,0.030000000000000016
delay_1s_only,1,2026-06-24T18:32:58.758626+00:00,0xbde68413691d686e0741615c9dad23d2669c8cfcdd14efb81d2fd53260602d61,SOL,NO,low,high,medium,-0.05000000000000003,0.0,0.0,0.0,0.0,False,1.0,-0.05000000000000003
delay_1s_only,1,2026-06-24T18:33:00.765000+00:00,0xbde68413691d686e0741615c9dad23d2669c8cfcdd14efb81d2fd53260602d61,SOL,NO,low,medium,medium,0.014999999999999975,0.0,0.0,0.0,0.0,False,1.0,0.014999999999999975
delay_1s_only,1,2026-06-24T18:51:52.760600+00:00,0x76ceb5966715afdbb09250dea84bccfc837e72c59d375b0ca15e03fcc417fb4e,SOL,YES,low,medium,medium,-0.06999999999999999,0.0,0.0,0.0,0.0,False,1.0,-0.06999999999999999
delay_1s_only,1,2026-06-24T18:51:54.765991+00:00,0x76ceb5966715afdbb09250dea84bccfc837e72c59d375b0ca15e03fcc417fb4e,SOL,YES,low,medium,medium,0.039999999999999994,0.0,0.0,0.0,0.0,False,1.0,0.039999999999999994
delay_1s_only,1,2026-06-24T18:51:56.756813+00:00,0x76ceb5966715afdbb09250dea84bccfc837e72c59d375b0ca15e03fcc417fb4e,SOL,YES,low,high,medium,0.01500000000000003,0.0,0.043969550852582764,0.0,0.0,False,1.0,-0.028969550852582734
delay_1s_only,1,2026-06-24T18:52:10.764773+00:00,0x768552d5316e123aaa73080f47f5e8f4e0ba7553daff6a1d32fa8d9ed5552775,ETH,YES,low,medium,medium,0.059999999999999956,0.0,0.0037554919040368555,0.0,0.0,False,1.0,0.0562445080959631
delay_1s_only,1,2026-06-24T18:52:48.766058+00:00,0x768552d5316e123aaa73080f47f5e8f4e0ba7553daff6a1d32fa8d9ed5552775,ETH,YES,low,low,medium,0.014999999999999975,0.0,0.0,0.0,0.0,False,1.0,0.014999999999999975
delay_1s_only,1,2026-06-24T18:52:48.766058+00:00,0x76ceb5966715afdbb09250dea84bccfc837e72c59d375b0ca15e03fcc417fb4e,SOL,YES,low,low,medium,-0.07000000000000005,0.0,0.0,0.0,0.0,False,1.0,-0.07000000000000005
delay_1s_only,1,2026-06-24T18:52:52.763973+00:00,0x76ceb5966715afdbb09250dea84bccfc837e72c59d375b0ca15e03fcc417fb4e,SOL,YES,low,medium,medium,0.020000000000000035,0.0,0.0,0.0,0.0,False,1.0,0.020000000000000035
delay_1s_only,1,2026-06-24T18:53:46.759987+00:00,0x76ceb5966715afdbb09250dea84bccfc837e72c59d375b0ca15e03fcc417fb4e,SOL,YES,medium,low,medium,0.09999999999999999,0.0,0.02633283065749609,0.0,0.0,False,1.0,0.0736671693425039
delay_1s_only,1,2026-06-24T19:00:16.766958+00:00,0x6f14d199dafd35a5f545aad500e9cd65eaf22a2bf1a522817da62c57245246f4,SOL,NO,low,medium,medium,0.020000000000000035,0.0,0.004369030647470381,0.0,0.0,False,1.0,0.015630969352529653
delay_1s_only,1,2026-06-24T19:00:20.764327+00:00,0x6f14d199dafd35a5f545aad500e9cd65eaf22a2bf1a522817da62c57245246f4,SOL,NO,low,high,medium,-0.06499999999999999,0.0,0.0,0.0,0.0,False,1.0,-0.06499999999999999
delay_1s_only,1,2026-06-24T19:00:26.766094+00:00,0x6f14d199dafd35a5f545aad500e9cd65eaf22a2bf1a522817da62c57245246f4,SOL,NO,low,medium,medium,0.014999999999999975,0.0,0.0,0.0,0.0,False,1.0,0.014999999999999975
delay_1s_only,1,2026-06-24T19:00:34.758570+00:00,0x6f14d199dafd35a5f545aad500e9cd65eaf22a2bf1a522817da62c57245246f4,SOL,NO,low,medium,medium,-0.06999999999999999,0.0,0.00685629645212878,0.0,0.0,False,1.0,-0.07685629645212877
delay_1s_only,1,2026-06-24T19:00:46.763874+00:00,0x6f14d199dafd35a5f545aad500e9cd65eaf22a2bf1a522817da62c57245246f4,SOL,NO,low,low,medium,0.010000000000000026,0.0,0.0,0.0,0.0,False,1.0,0.010000000000000026
delay_1s_only,1,2026-06-24T19:01:30.763622+00:00,0x6f14d199dafd35a5f545aad500e9cd65eaf22a2bf1a522817da62c57245246f4,SOL,NO,low,medium,medium,-0.05000000000000003,0.0,0.026183431049827528,0.0,0.0,False,1.0,-0.07618343104982755
delay_1s_only,1,2026-06-24T19:02:02.766777+00:00,0x9828065f135b73cbb04da613189035c96beca24508e8d4b15f9a9b670b7519eb,ETH,NO,low,medium,medium,0.01999999999999998,0.0,0.03113392695875448,0.0,0.0,False,1.0,-0.011133926958754502
delay_1s_only,1,2026-06-24T19:02:02.766777+00:00,0x6f14d199dafd35a5f545aad500e9cd65eaf22a2bf1a522817da62c57245246f4,SOL,NO,low,medium,high,0.06000000000000001,0.0,0.0,0.0,0.0,False,1.0,0.06000000000000001
delay_1s_only,1,2026-06-24T19:02:04.757011+00:00,0x6f14d199dafd35a5f545aad500e9cd65eaf22a2bf1a522817da62c57245246f4,SOL,NO,low,medium,medium,-0.11499999999999998,0.0,0.050294658423974764,0.0,0.0,False,1.0,-0.16529465842397473
delay_1s_only,1,2026-06-24T19:02:06.762138+00:00,0x6f14d199dafd35a5f545aad500e9cd65eaf22a2bf1a522817da62c57245246f4,SOL,NO,low,medium,medium,0.02999999999999999,0.0,0.0,0.0,0.0,False,1.0,0.02999999999999999
delay_1s_only,1,2026-06-24T19:02:08.753956+00:00,0x6f14d199dafd35a5f545aad500e9cd65eaf22a2bf1a522817da62c57245246f4,SOL,NO,low,high,medium,-0.06999999999999999,0.0,0.04329743988291017,0.0,0.0,False,1.0,-0.11329743988291016
delay_1s_only,1,2026-06-24T19:02:34.760304+00:00,0x6f14d199dafd35a5f545aad500e9cd65eaf22a2bf1a522817da62c57245246f4,SOL,NO,low,medium,medium,0.010000000000000026,0.0,0.0037113201571960333,0.0,0.0,False,1.0,0.006288679842803993
delay_1s_only,1,2026-06-24T19:12:34.759652+00:00,0x1aee94333f9f59a16641bfb6bb79781128bfc7c762e6ec35a3e28ae595c8f710,ETH,YES,low,low,medium,-0.03,0.0,0.0,0.0,0.0,False,1.0,-0.03
delay_1s_only,1,2026-06-24T19:15:48.754190+00:00,0x4982ded7e4b9233220595f26cc997fa151f1902c8893a0a78a52d656b5fdb3d4,ETH,NO,medium,medium,medium,-0.08,0.0,0.0,0.0,0.0,False,1.0,-0.08
delay_1s_only,1,2026-06-24T19:15:50.760306+00:00,0xb802375b899f20776320f8a3ad101bd8c4a32ff81a436fcc308a140cc33d96bf,BTC,NO,low,medium,medium,0.010000000000000026,0.0,0.0,0.0,0.0,False,1.0,0.010000000000000026
delay_1s_only,1,2026-06-24T19:15:50.760306+00:00,0x4982ded7e4b9233220595f26cc997fa151f1902c8893a0a78a52d656b5fdb3d4,ETH,NO,medium,medium,medium,0.03499999999999999,0.0,0.0,0.0,0.0,False,1.0,0.03499999999999999
delay_1s_only,1,2026-06-24T19:25:34.759452+00:00,0x6e39d066f4cd8679f901216c55834139a9ad2240af38a11b09b63b0473e2b84b,SOL,YES,low,medium,medium,0.010000000000000026,0.0,0.0,0.0,0.0,False,1.0,0.010000000000000026
delay_1s_only,1,2026-06-24T19:26:04.757062+00:00,0x6e39d066f4cd8679f901216c55834139a9ad2240af38a11b09b63b0473e2b84b,SOL,YES,low,medium,medium,0.07500000000000002,0.0,0.0,0.0,0.0,False,1.0,0.07500000000000002
delay_1s_only,1,2026-06-24T19:37:46.757371+00:00,0xfedc3df4cb1db1fc866524795ac2fcdf9941f43010b9c15e487a333e6f266394,SOL,YES,low,medium,high,0.010000000000000026,0.0,0.0,0.0,0.0,False,1.0,0.010000000000000026
delay_1s_only,1,2026-06-24T19:37:50.757198+00:00,0xfedc3df4cb1db1fc866524795ac2fcdf9941f43010b9c15e487a333e6f266394,SOL,YES,low,medium,medium,-0.09999999999999996,0.0,0.0,0.0,0.0,False,1.0,-0.09999999999999996
delay_1s_only,1,2026-06-24T19:41:20.756922+00:00,0x7001dd0099cdee5fbb1efe846336e41812c524e7585b6f7c9a0a5c9882f114b9,SOL,NO,low,medium,medium,0.03999999999999994,0.0,0.0,0.0,0.0,False,1.0,0.03999999999999994
delay_1s_only,1,2026-06-24T19:48:44.761661+00:00,0x4f55d140209fd0d5a7745de8f8a0f150f3b6097aedbaeee7d1a0618c0c3d7bb8,ETH,NO,low,medium,medium,0.06999999999999997,0.0,0.0,0.0,0.0,False,1.0,0.06999999999999997
delay_1s_only,1,2026-06-24T19:53:26.758012+00:00,0x3ba3b3f951b2628ef716722de268dd5e244f8d45fd355168fab2e3b85af75128,SOL,NO,low,medium,high,-0.0315,0.0,0.0,0.0,0.0,False,1.0,-0.0315
delay_1s_only,1,2026-06-24T20:01:06.759646+00:00,0x88fd0bf02fe557e16419750274baafa5fd89a12437e7d4215161d95a77cc069e,SOL,NO,low,medium,medium,-0.05,0.0,0.0,0.0,0.0,False,1.0,-0.05
delay_1s_only,1,2026-06-24T20:01:08.765938+00:00,0x99160df581693bc7fa4ad76b5fe823f5346ef5cb655f1e8650a60c30a642c0ac,BTC,YES,low,high,medium,0.29,0.0,0.05355457538884045,0.0,0.0,False,1.0,0.23644542461115953
delay_1s_only,1,2026-06-24T20:08:34.761066+00:00,0xd14dfda063d0d2dafe354fe938c73ea7643db9f344cf11598794d252f8d453a1,BTC,NO,low,low,medium,-0.018,0.0,0.0,0.0,0.0,False,1.0,-0.018
delay_1s_only,1,2026-06-24T20:13:52.754397+00:00,0xf8776b5271ce59d683b9da736a42f8139c58e4093ad342ae1288f9addc1b3cfe,BTC,NO,low,medium,medium,-0.06499999999999999,0.0,0.0,0.0,0.0,False,1.0,-0.06499999999999999
delay_1s_only,1,2026-06-24T20:13:56.764659+00:00,0xf8776b5271ce59d683b9da736a42f8139c58e4093ad342ae1288f9addc1b3cfe,BTC,NO,low,high,medium,-0.12999999999999998,0.0,0.0,0.0,0.0,False,1.0,-0.12999999999999998
delay_1s_only,1,2026-06-24T20:17:30.756983+00:00,0x9c3ac652cc797ed5fdf7c5717c58c9ce007e9fabecc76e1454bf2d8db03c7150,BTC,YES,low,medium,medium,-0.06000000000000004,0.0,0.0,0.0,0.0,False,1.0,-0.06000000000000004
delay_1s_only,1,2026-06-24T20:17:34.755355+00:00,0x9c3ac652cc797ed5fdf7c5717c58c9ce007e9fabecc76e1454bf2d8db03c7150,BTC,YES,low,medium,medium,0.020000000000000035,0.0,0.0,0.0,0.0,False,1.0,0.020000000000000035
delay_1s_only,1,2026-06-24T20:17:38.755356+00:00,0x9c3ac652cc797ed5fdf7c5717c58c9ce007e9fabecc76e1454bf2d8db03c7150,BTC,YES,low,medium,medium,0.010000000000000026,0.0,0.010047174287649313,0.0,0.0,False,1.0,-4.7174287649286856e-05
delay_1s_only,1,2026-06-24T20:17:48.756472+00:00,0x9c3ac652cc797ed5fdf7c5717c58c9ce007e9fabecc76e1454bf2d8db03c7150,BTC,YES,low,low,medium,0.04999999999999995,0.0,0.005034212710797983,0.0,0.0,False,1.0,0.04496578728920196
delay_1s_only,1,2026-06-24T20:18:06.756462+00:00,0x9c3ac652cc797ed5fdf7c5717c58c9ce007e9fabecc76e1454bf2d8db03c7150,BTC,YES,medium,medium,medium,-0.055000000000000035,0.0,0.0018432620471036327,0.0,0.0,False,1.0,-0.05684326204710367
delay_1s_only,1,2026-06-24T20:18:34.759712+00:00,0x9c3ac652cc797ed5fdf7c5717c58c9ce007e9fabecc76e1454bf2d8db03c7150,BTC,YES,low,medium,medium,0.029999999999999933,0.0,0.003722575583384304,0.0,0.0,False,1.0,0.026277424416615628
delay_1s_only,1,2026-06-24T20:18:42.754973+00:00,0x9c3ac652cc797ed5fdf7c5717c58c9ce007e9fabecc76e1454bf2d8db03c7150,BTC,YES,low,high,medium,0.01500000000000003,0.0,0.0,0.0,0.0,False,1.0,0.01500000000000003
delay_1s_only,1,2026-06-24T20:23:28.766404+00:00,0x664abf9e27ed69e80bbe4cc0517b8a125ca044c42ad3357a7c7af2ed9436c74e,SOL,NO,low,medium,medium,0.09999999999999999,0.0,0.00997024508229061,0.0,0.0,False,1.0,0.09002975491770938
delay_1s_only,1,2026-06-24T20:31:42.764262+00:00,0x4dd3a21158dc2341d429921b0f01d6ef1d5b1b88544a4e1166825c85360a31f3,SOL,YES,low,medium,medium,0.05000000000000006,0.0,0.0,0.0,0.0,False,1.0,0.05000000000000006
delay_1s_only,1,2026-06-24T20:50:08.762751+00:00,0x8faf001f0cb0420fe9216e45664d43db363e1235986c35e425847671efe887b9,SOL,NO,low,medium,high,0.35,0.0,0.0,0.0,0.0,False,1.0,0.35
delay_1s_only,1,2026-06-24T20:50:34.755582+00:00,0xb5b2cc6f7e364320387000357dcec77c8e290b19a91515fda9f1eba110a7206b,ETH,YES,low,medium,medium,-0.02,0.0,0.0,0.0,0.0,False,1.0,-0.02
delay_1s_only,1,2026-06-24T20:50:58.754381+00:00,0x8faf001f0cb0420fe9216e45664d43db363e1235986c35e425847671efe887b9,SOL,YES,medium,medium,high,-0.39,0.0,0.0,0.0,0.0,False,1.0,-0.39
delay_1s_only,1,2026-06-24T20:51:14.759775+00:00,0xa18f20c9d7af10ea829ba2117f462eed5781ccb83a3b11964e8464ea1bee0872,BTC,NO,medium,medium,high,0.010000000000000026,0.0,0.0,0.0,0.0,False,1.0,0.010000000000000026
delay_1s_only,1,2026-06-24T20:51:18.756585+00:00,0xb5b2cc6f7e364320387000357dcec77c8e290b19a91515fda9f1eba110a7206b,ETH,NO,medium,medium,high,-0.02,0.0,0.0,0.0,0.0,False,1.0,-0.02
delay_1s_only,1,2026-06-24T20:52:00.752541+00:00,0xa18f20c9d7af10ea829ba2117f462eed5781ccb83a3b11964e8464ea1bee0872,BTC,NO,medium,medium,medium,0.07499999999999997,0.0,0.0,0.0,0.0,False,1.0,0.07499999999999997
delay_1s_only,1,2026-06-24T21:05:24.762965+00:00,0xaa2029eae1454eff4dd2950180ce1a61bf2cc891c5bac51d9e0a15f22cddbee9,BTC,NO,low,medium,medium,-0.06000000000000004,0.0,0.0,0.0,0.0,False,1.0,-0.06000000000000004
delay_1s_only,1,2026-06-24T21:06:00.760134+00:00,0xaa2029eae1454eff4dd2950180ce1a61bf2cc891c5bac51d9e0a15f22cddbee9,BTC,NO,low,medium,medium,-0.08500000000000006,0.0,0.0,0.0,0.0,False,1.0,-0.08500000000000006
delay_1s_only,1,2026-06-24T21:06:02.752654+00:00,0xaa2029eae1454eff4dd2950180ce1a61bf2cc891c5bac51d9e0a15f22cddbee9,BTC,NO,low,medium,medium,-0.09000000000000001,0.0,0.0,0.0,0.0,False,1.0,-0.09000000000000001
delay_1s_only,1,2026-06-24T21:17:38.763105+00:00,0x937f6ce7ec05a5cf598e814d8b21ca1b03831a607d67f7a737b4b455195b6347,ETH,YES,low,medium,medium,0.02999999999999999,0.0,0.015022540462923171,0.0,0.0,False,1.0,0.014977459537076817
delay_1s_only,1,2026-06-24T21:22:02.765156+00:00,0xc6ef5efefe52337535ef640dc5214f2cfca21f24db5da5f6461bb61b04d1757b,SOL,NO,medium,medium,medium,0.09999999999999994,0.0,0.0,0.0,0.0,False,1.0,0.09999999999999994
delay_1s_only,1,2026-06-24T21:22:20.752241+00:00,0xc6ef5efefe52337535ef640dc5214f2cfca21f24db5da5f6461bb61b04d1757b,SOL,NO,low,medium,medium,-0.12000000000000004,0.0,0.0,0.0,0.0,False,1.0,-0.12000000000000004
delay_1s_only,1,2026-06-24T21:23:58.762346+00:00,0xc6ef5efefe52337535ef640dc5214f2cfca21f24db5da5f6461bb61b04d1757b,SOL,NO,medium,medium,medium,0.2849999999999999,0.0,0.03736200798504097,0.0,0.0,False,1.0,0.24763799201495895
delay_1s_only,1,2026-06-24T22:03:08.763973+00:00,0x8d3e7e3c36b3e5d1112c98d87518a00383581755190d5a55edc69c26749c1f59,ETH,NO,low,medium,medium,0.05,0.0,0.01181594474908963,0.0,0.0,False,1.0,0.03818405525091037
delay_1s_only,1,2026-06-25T00:06:46.764238+00:00,0xd65cb4f9d9b3cd9e0726c6723aaedeea6270e2b27f07e8d8d75fb866fc66efda,SOL,YES,medium,high,medium,0.365,0.0,0.0,0.0,0.0,False,1.0,0.365
delay_1s_only,1,2026-06-25T02:56:12.762022+00:00,0xdc50528ddd95715389bece5e22c3924ab255ac03cc50a796d14fc1536f99e645,BTC,NO,low,medium,medium,0.14000000000000004,0.0,0.002472924672840433,0.0,0.0,False,1.0,0.1375270753271596
delay_1s_only,1,2026-06-25T03:15:10.763656+00:00,0xd64b2ce5267698719de20d05b135368962c8a4f1835384f18f0605ccaac199d5,BTC,NO,medium,medium,medium,0.31999999999999995,0.0,0.006224637962899143,0.0,0.0,False,1.0,0.3137753620371008
delay_1s_only,1,2026-06-25T03:15:10.763656+00:00,0xe9b43bb6aa0a0aa923a5b7ea6e70758b5f517507971004160627be84bdb0dbe3,SOL,NO,medium,medium,medium,0.32999999999999996,0.0,0.0,0.0,0.0,False,1.0,0.32999999999999996
delay_1s_only,2,2026-06-25T20:08:34.804565+00:00,0xee90821efc94653c995d4583794da5c87e3c033a1e0a24f1f4ee824d2357c750,BTC,NO,low,medium,medium,-0.06000000000000004,0.0,0.0,0.0,0.0,False,1.0,-0.06000000000000004
delay_1s_only,2,2026-06-25T22:25:40.815254+00:00,0x42561c5c6f58ab741b19c250935435977309241d54a0c21753c74a382c8bf1ec,SOL,NO,low,high,medium,0.05500000000000001,0.0,0.0,0.0,0.0,False,1.0,0.05500000000000001
delay_1s_only,2,2026-06-25T23:30:14.811724+00:00,0x78e6a3146dd778fc3150db6ba5f2fe3b701ff446bbaff21453236e84bee5434d,SOL,NO,medium,high,medium,0.039999999999999994,0.0,0.0,0.0,0.0,False,1.0,0.039999999999999994
delay_1s_only,2,2026-06-25T23:37:52.815776+00:00,0x953e34839580df1f86da756ce29e11f3a83588f2d7c5a8b5146bbe13c3ad7f35,BTC,NO,low,medium,medium,0.38,0.0,0.018739469414062147,0.0,0.0,False,1.0,0.3612605305859379
delay_1s_only,2,2026-06-26T02:21:20.818691+00:00,0xe92b6aa7834be28be01989eb9239f7bc730eef595bb9081c81db7640532437a3,SOL,NO,low,medium,medium,0.020000000000000035,0.0,0.04847883607892764,0.0,0.0,False,1.0,-0.028478836078927604
delay_1s_only,2,2026-06-26T02:31:04.812637+00:00,0x0d8fce3554cb6a7e22dac3a088ee1b258895693bde0bdce58ef37a2d50eb0f3a,ETH,YES,low,medium,medium,0.035000000000000045,0.0,0.016822286898858483,0.0,0.0,False,1.0,0.018177713101141562
delay_1s_only,2,2026-06-26T02:35:42.806769+00:00,0x136e15d4a85563899e310f043e14992b3ea9f163c94c722c836f29143ac271f4,ETH,NO,low,medium,medium,0.04000000000000005,0.0,0.0,0.0,0.0,False,1.0,0.04000000000000005
delay_1s_only,2,2026-06-26T02:40:48.805212+00:00,0x8e4bcd7de404304d78ffd6801cda6a969cd3550ebe3dbc28e4c0b8ff9938a14a,SOL,YES,low,medium,medium,0.13999999999999999,0.0,0.0,0.0,0.0,False,1.0,0.13999999999999999
delay_1s_only,2,2026-06-26T02:51:38.817347+00:00,0xe508261496efeb201653b58e80e7f513fc39987412717485e6b55bb061579c69,ETH,NO,low,medium,medium,0.039999999999999994,0.0,0.012431539028581629,0.0,0.0,False,1.0,0.027568460971418365
delay_1s_only,2,2026-06-26T02:51:56.806004+00:00,0xe508261496efeb201653b58e80e7f513fc39987412717485e6b55bb061579c69,ETH,NO,low,medium,medium,0.030000000000000044,0.0,0.0,0.0,0.0,False,1.0,0.030000000000000044
delay_1s_only,2,2026-06-26T02:52:32.804179+00:00,0xc3f03ff87f66c7f90f0170c31343b35b3d222c9592259bb603fe0832409a0fdf,BTC,NO,low,medium,medium,0.02999999999999999,0.0,0.0,0.0,0.0,False,1.0,0.02999999999999999
delay_1s_only,2,2026-06-26T02:52:32.804179+00:00,0xe508261496efeb201653b58e80e7f513fc39987412717485e6b55bb061579c69,ETH,NO,low,medium,medium,0.06999999999999997,0.0,0.0,0.0,0.0,False,1.0,0.06999999999999997
delay_1s_only,2,2026-06-26T02:57:22.804967+00:00,0x26d1ef52a5ebf5babad8932669762730e15bd1a446a00e43d9be96da4efc83c4,ETH,NO,low,medium,medium,0.115,0.0,0.0,0.0,0.0,False,1.0,0.115
delay_1s_only,2,2026-06-26T03:00:38.803974+00:00,0x63edaf8ffd40b636dc86e7c49b6296c604d4ea5caa43b031869f3147e21dd62b,SOL,YES,low,high,medium,-0.085,0.0,0.0,0.0,0.0,False,1.0,-0.085
delay_1s_only,2,2026-06-26T03:01:24.814231+00:00,0xc358642287952e08f2fbbd5a90f7574d73a87685780ca454b0efda7e9e598cd4,ETH,NO,high,medium,medium,0.20500000000000004,0.0,0.0,0.0,0.0,False,1.0,0.20500000000000004
delay_1s_only,2,2026-06-26T03:03:32.816621+00:00,0x63edaf8ffd40b636dc86e7c49b6296c604d4ea5caa43b031869f3147e21dd62b,SOL,YES,low,medium,medium,0.19000000000000009,0.0,0.0,0.0,0.0,False,1.0,0.19000000000000009
delay_1s_only,2,2026-06-26T03:05:08.804343+00:00,0x45454c0281a47979043962ffc486828eaf366f6e60c61c60460810e7425f44a1,BTC,NO,low,medium,medium,0.059999999999999956,0.0,0.03129711270130272,0.0,0.0,False,1.0,0.028702887298697237
delay_1s_only,2,2026-06-26T03:06:02.818025+00:00,0xa16a5cae23414513a2199fe036ffb3c48978064e3c53b7d9b2ae57ee97de8bff,ETH,NO,low,medium,medium,0.045,0.0,0.0,0.0,0.0,False,1.0,0.045
delay_1s_only,2,2026-06-26T03:06:28.814788+00:00,0x200710e3e43d33b143ccd80d0a2e3a265017d2dc75281f8951b674131c3f26bb,SOL,NO,medium,high,medium,0.08499999999999998,0.0,0.040487336887691676,0.0,0.0,False,1.0,0.0445126631123083
delay_1s_only,2,2026-06-26T03:16:38.807970+00:00,0x3fa0111e36690372aa90e248420ec855bd7c896e4868c9f32998c6f075384169,ETH,YES,low,medium,medium,0.11,0.0,0.0,0.0,0.0,False,1.0,0.11
delay_1s_only,2,2026-06-26T03:32:26.818047+00:00,0x0b97e37bec2a876f4ff7b37c51c8895e26ea39d6e3a2d9cb9ddbe6b457ce8860,SOL,YES,high,high,medium,0.21000000000000005,0.0,0.04348494326532032,0.0,0.0,False,1.0,0.16651505673467973
delay_1s_only,2,2026-06-26T03:55:08.803525+00:00,0x4899182aad7398c555f2a57cd6737598b159c5e6aa63bb73b798e6026f8b0094,SOL,NO,medium,low,medium,0.07999999999999997,0.0,0.05077153361874588,0.0,0.0,False,1.0,0.029228466381254092
delay_1s_only,2,2026-06-26T03:55:16.816237+00:00,0x4899182aad7398c555f2a57cd6737598b159c5e6aa63bb73b798e6026f8b0094,SOL,NO,low,low,medium,-0.08000000000000006,0.0,0.0,0.0,0.0,False,1.0,-0.08000000000000006
delay_1s_only,2,2026-06-26T03:57:48.804438+00:00,0x4899182aad7398c555f2a57cd6737598b159c5e6aa63bb73b798e6026f8b0094,SOL,NO,medium,high,medium,-0.055000000000000035,0.0,0.05466751714316463,0.0,0.0,False,1.0,-0.10966751714316467
delay_1s_only,2,2026-06-26T03:57:58.809960+00:00,0x4899182aad7398c555f2a57cd6737598b159c5e6aa63bb73b798e6026f8b0094,SOL,NO,low,high,medium,0.035000000000000045,0.0,0.0018583031346710212,0.0,0.0,False,1.0,0.03314169686532902
delay_1s_only,2,2026-06-26T03:58:02.810248+00:00,0x4899182aad7398c555f2a57cd6737598b159c5e6aa63bb73b798e6026f8b0094,SOL,NO,medium,medium,medium,0.08999999999999998,0.0,0.0,0.0,0.0,False,1.0,0.08999999999999998
delay_1s_only,2,2026-06-26T03:58:28.812680+00:00,0x4899182aad7398c555f2a57cd6737598b159c5e6aa63bb73b798e6026f8b0094,SOL,NO,medium,medium,medium,0.059999999999999956,0.0,0.0,0.0,0.0,False,1.0,0.059999999999999956
delay_1s_only,2,2026-06-26T04:00:06.817578+00:00,0xa931c0e10d5530f989373caa003629057063609e4005786b743bae537c217c34,SOL,NO,low,medium,medium,0.05499999999999995,0.0,0.013066318980030934,0.0,0.0,False,1.0,0.04193368101996902
delay_1s_only,2,2026-06-26T04:00:20.812413+00:00,0x63cab951a7245a6f73b6e5e26a09e371e2feeeecc1e604537033a6353bf3944e,BTC,NO,medium,medium,medium,0.06500000000000002,0.0,0.03983065262510605,0.0,0.0,False,1.0,0.025169347374893965
delay_1s_only,2,2026-06-26T04:00:22.803330+00:00,0x63cab951a7245a6f73b6e5e26a09e371e2feeeecc1e604537033a6353bf3944e,BTC,NO,medium,medium,medium,0.14499999999999993,0.0,0.04716470776913636,0.0,0.0,False,1.0,0.09783529223086357
delay_1s_only,2,2026-06-26T06:53:30.812574+00:00,0x4ff498fe655344b90bf7a5b904a79a24821ad4553fd49596772479324346a029,SOL,NO,medium,high,medium,0.024999999999999984,0.0,0.0,0.0,0.0,False,1.0,0.024999999999999984
delay_1s_only,2,2026-06-26T06:53:32.804327+00:00,0x4ff498fe655344b90bf7a5b904a79a24821ad4553fd49596772479324346a029,SOL,NO,medium,medium,medium,-0.06999999999999999,0.0,0.09519950520770908,0.0,0.0,False,1.0,-0.16519950520770907
delay_1s_only,2,2026-06-26T07:05:48.811781+00:00,0x43005d0675491621f54ab6875a6c632e3ee1d0ec2022689ceef619343b23aa90,SOL,NO,low,medium,medium,0.029999999999999933,0.0,0.009353205005788507,0.0,0.0,False,1.0,0.020646794994211425
delay_1s_only,2,2026-06-26T07:06:38.804569+00:00,0x43005d0675491621f54ab6875a6c632e3ee1d0ec2022689ceef619343b23aa90,SOL,NO,low,medium,medium,-0.11000000000000003,0.0,0.0,0.0,0.0,False,1.0,-0.11000000000000003
delay_1s_only,2,2026-06-26T07:06:40.809802+00:00,0x43005d0675491621f54ab6875a6c632e3ee1d0ec2022689ceef619343b23aa90,SOL,NO,low,medium,medium,-0.059999999999999984,0.0,0.0,0.0,0.0,False,1.0,-0.059999999999999984
delay_1s_only,2,2026-06-26T07:08:32.818104+00:00,0x43005d0675491621f54ab6875a6c632e3ee1d0ec2022689ceef619343b23aa90,SOL,NO,low,medium,medium,-0.07000000000000005,0.0,0.02116591563715947,0.0,0.0,False,1.0,-0.09116591563715952
delay_1s_only,2,2026-06-26T07:40:34.806231+00:00,0xd26cee061a5b0d0f82fcb2457d5de1bb3334659b47dff621b8d511e56e10a868,BTC,NO,low,medium,medium,0.020000000000000035,0.0,0.0,0.0,0.0,False,1.0,0.020000000000000035
delay_1s_only,2,2026-06-26T07:40:34.806231+00:00,0xc84d4d834953770775dc2fef52283e2d3ae621102db7672f438730406001fa49,ETH,NO,low,medium,medium,0.11,0.0,0.0,0.0,0.0,False,1.0,0.11
delay_1s_only,2,2026-06-26T07:40:36.812020+00:00,0xd26cee061a5b0d0f82fcb2457d5de1bb3334659b47dff621b8d511e56e10a868,BTC,NO,low,medium,medium,0.019999999999999924,0.0,0.033049516425948805,0.0,0.0,False,1.0,-0.013049516425948881
delay_1s_only,2,2026-06-26T07:45:32.818637+00:00,0x7f26a6a9237c0ddf229911a7c90349ed1f8b495468cbf2c8182a92f7cfc7a0e8,ETH,YES,low,medium,medium,0.06000000000000001,0.0,0.0,0.0,0.0,False,1.0,0.06000000000000001
delay_1s_only,2,2026-06-26T07:45:38.808508+00:00,0x7f26a6a9237c0ddf229911a7c90349ed1f8b495468cbf2c8182a92f7cfc7a0e8,ETH,YES,low,medium,medium,0.039999999999999994,0.0,0.0,0.0,0.0,False,1.0,0.039999999999999994
delay_1s_only,2,2026-06-26T08:00:30.814345+00:00,0xe6a382ea25b9a95e964f4832e995c5e02cc31115908a9ef32975a67d8f3ede20,SOL,NO,low,medium,medium,0.10499999999999994,0.0,0.0,0.0,0.0,False,1.0,0.10499999999999994
delay_1s_only,3,2026-07-01T21:38:34.364551+00:00,0xccddd1603d20c4477f2ac4e9f226747d540c9f0fe9ebc85b76cbdd992afa90a5,SOL,YES,low,medium,low,0.18999999999999997,0.0,0.0,0.0,0.0,False,1.0,0.18999999999999997
delay_1s_only,3,2026-07-01T21:40:16.374459+00:00,0x1e62581fd9a1f2400a72b0ace91b1149d1dd03a3202a315563efea9499e0e23b,BTC,YES,low,medium,low,0.05000000000000006,0.0,0.0,0.0,0.0,False,1.0,0.05000000000000006
delay_1s_only,3,2026-07-01T21:40:22.365273+00:00,0x4c09abece310efe0c502e2b081a875d0020f5b30af3c45f19145efd6b791df0b,ETH,YES,medium,medium,low,0.06500000000000002,0.0,0.006272650773038768,0.0,0.0,False,1.0,0.05872734922696125
delay_1s_only,3,2026-07-01T21:40:22.365273+00:00,0x2729a97dbed765fa7f38618dc0399548892a2600fac0138be2d913602762d5e7,SOL,YES,low,medium,low,0.039999999999999994,0.0,0.0,0.0,0.0,False,1.0,0.039999999999999994
delay_1s_only,3,2026-07-01T21:40:24.371334+00:00,0x2729a97dbed765fa7f38618dc0399548892a2600fac0138be2d913602762d5e7,SOL,YES,low,medium,low,0.08999999999999998,0.0,0.037364107992098244,0.0,0.0,False,1.0,0.05263589200790174
delay_1s_only,3,2026-07-01T21:41:12.371170+00:00,0x2729a97dbed765fa7f38618dc0399548892a2600fac0138be2d913602762d5e7,SOL,YES,low,medium,low,0.04000000000000005,0.0,0.0,0.0,0.0,False,1.0,0.04000000000000005
delay_1s_only,3,2026-07-01T21:41:40.369327+00:00,0x2729a97dbed765fa7f38618dc0399548892a2600fac0138be2d913602762d5e7,SOL,YES,low,medium,low,-0.059999999999999984,0.0,0.0,0.0,0.0,False,1.0,-0.059999999999999984
delay_1s_only,3,2026-07-01T21:41:46.372488+00:00,0x2729a97dbed765fa7f38618dc0399548892a2600fac0138be2d913602762d5e7,SOL,YES,low,medium,low,0.039999999999999994,0.0,0.0,0.0,0.0,False,1.0,0.039999999999999994
delay_1s_only,3,2026-07-01T21:42:04.370096+00:00,0x2729a97dbed765fa7f38618dc0399548892a2600fac0138be2d913602762d5e7,SOL,YES,low,low,low,-0.07500000000000005,0.0,0.0,0.0,0.0,False,1.0,-0.07500000000000005
delay_1s_only,3,2026-07-01T21:43:34.364596+00:00,0x4c09abece310efe0c502e2b081a875d0020f5b30af3c45f19145efd6b791df0b,ETH,YES,low,medium,low,0.010000000000000026,0.0,0.0,0.0,0.0,False,1.0,0.010000000000000026
delay_1s_only,3,2026-07-01T21:43:36.369953+00:00,0x4c09abece310efe0c502e2b081a875d0020f5b30af3c45f19145efd6b791df0b,ETH,YES,low,medium,low,0.01999999999999998,0.0,0.018689921502245205,0.0,0.0,False,1.0,0.0013100784977547741
delay_1s_only,3,2026-07-01T21:43:40.367946+00:00,0x4c09abece310efe0c502e2b081a875d0020f5b30af3c45f19145efd6b791df0b,ETH,YES,low,medium,low,0.039999999999999994,0.0,0.025116414612845455,0.0,0.0,False,1.0,0.014883585387154539
delay_1s_only,3,2026-07-01T21:52:36.373289+00:00,0x0dcd227003d8b96eb66b8db71c3ef9f315a3aae8716e4d49d11b359a8b6c27fa,ETH,YES,low,low,low,0.3499999999999999,0.0,0.024917495585365265,0.0,0.0,False,1.0,0.32508250441463465
delay_1s_only,3,2026-07-01T22:25:06.371629+00:00,0x3eadf4ee01511b615676265099963fabcf242d0d9e7b7e4b982686e0262ce98b,ETH,YES,low,medium,medium,0.020000000000000035,0.0,0.0,0.0,0.0,False,1.0,0.020000000000000035
delay_1s_only,3,2026-07-01T22:25:44.366323+00:00,0x2b139d670d2706c6264dad011bc4e96df04633695a4fc75b669830f39f6693ce,BTC,NO,low,medium,medium,0.020000000000000035,0.0,0.0,0.0,0.0,False,1.0,0.020000000000000035
delay_1s_only,3,2026-07-01T22:25:46.373589+00:00,0x2b139d670d2706c6264dad011bc4e96df04633695a4fc75b669830f39f6693ce,BTC,NO,low,medium,low,0.020000000000000035,0.0,0.02427045328700272,0.0,0.0,False,1.0,-0.004270453287002686
delay_1s_only,3,2026-07-01T22:25:48.363737+00:00,0x2b139d670d2706c6264dad011bc4e96df04633695a4fc75b669830f39f6693ce,BTC,NO,low,low,low,0.03999999999999994,0.0,0.02014207101525982,0.0,0.0,False,1.0,0.01985792898474012
delay_1s_only,3,2026-07-01T22:25:50.368975+00:00,0x2b139d670d2706c6264dad011bc4e96df04633695a4fc75b669830f39f6693ce,BTC,NO,medium,low,medium,-0.05999999999999993,0.0,0.03237087755301969,0.0,0.0,False,1.0,-0.09237087755301962
delay_1s_only,3,2026-07-01T22:25:56.371175+00:00,0x2b139d670d2706c6264dad011bc4e96df04633695a4fc75b669830f39f6693ce,BTC,NO,medium,medium,medium,0.019999999999999924,0.0,0.0,0.0,0.0,False,1.0,0.019999999999999924
delay_1s_only,3,2026-07-01T22:25:58.364472+00:00,0x071de439b9cfba5f3b67356a7c3b0685206f6f943a789b6467311d34691aa135,SOL,NO,low,medium,low,0.010000000000000026,0.0,0.03137617456357951,0.0,0.0,False,1.0,-0.021376174563579483
delay_1s_only,3,2026-07-01T22:26:00.369709+00:00,0x2b139d670d2706c6264dad011bc4e96df04633695a4fc75b669830f39f6693ce,BTC,NO,medium,low,medium,0.02500000000000004,0.0,0.0024776373411983903,0.0,0.0,False,1.0,0.02252236265880165
delay_1s_only,3,2026-07-01T22:31:02.362104+00:00,0x5330f3288d309b2bb246086f6cf4d139e782acd5b44784839259604ae5e9f369,BTC,NO,low,low,low,0.05500000000000001,0.0,0.0056590904832137575,0.0,0.0,False,1.0,0.04934090951678625
delay_1s_only,3,2026-07-01T22:31:16.364882+00:00,0x5330f3288d309b2bb246086f6cf4d139e782acd5b44784839259604ae5e9f369,BTC,NO,low,medium,low,0.03499999999999999,0.0,0.01318108222917917,0.0,0.0,False,1.0,0.021818917770820817
delay_1s_only,3,2026-07-01T22:31:16.364882+00:00,0x8145a3bfddc61cdf01d45026aed596f0878c260884e8315caa000f5e42143a61,ETH,NO,low,medium,low,0.039999999999999994,0.0,0.0075447672643530975,0.0,0.0,False,1.0,0.0324552327356469
delay_1s_only,3,2026-07-01T22:31:18.370517+00:00,0x5330f3288d309b2bb246086f6cf4d139e782acd5b44784839259604ae5e9f369,BTC,NO,low,medium,medium,0.010000000000000026,0.0,0.031133609113525047,0.0,0.0,False,1.0,-0.02113360911352502
delay_1s_only,3,2026-07-01T22:31:20.361313+00:00,0x8145a3bfddc61cdf01d45026aed596f0878c260884e8315caa000f5e42143a61,ETH,NO,low,medium,low,-0.05000000000000003,0.0,0.022634303405854553,0.0,0.0,False,1.0,-0.07263430340585458
delay_1s_only,3,2026-07-01T22:31:22.369278+00:00,0x8145a3bfddc61cdf01d45026aed596f0878c260884e8315caa000f5e42143a61,ETH,NO,low,medium,low,-0.08999999999999996,0.0,0.0,0.0,0.0,False,1.0,-0.08999999999999996
delay_1s_only,3,2026-07-01T22:31:34.363478+00:00,0x5330f3288d309b2bb246086f6cf4d139e782acd5b44784839259604ae5e9f369,BTC,NO,low,medium,low,0.030000000000000044,0.0,0.0,0.0,0.0,False,1.0,0.030000000000000044
delay_1s_only,3,2026-07-01T22:32:00.371088+00:00,0x26690f30c8250f214c3c585bafacecfe21ca18c719caac4709c063c6d47267b4,SOL,NO,low,medium,medium,0.045,0.0,0.0,0.0,0.0,False,1.0,0.045
delay_1s_only,3,2026-07-01T22:32:02.361988+00:00,0x26690f30c8250f214c3c585bafacecfe21ca18c719caac4709c063c6d47267b4,SOL,NO,low,medium,medium,0.020000000000000035,0.0,0.04397932158627303,0.0,0.0,False,1.0,-0.023979321586272997
delay_1s_only,3,2026-07-01T22:32:06.360504+00:00,0x26690f30c8250f214c3c585bafacecfe21ca18c719caac4709c063c6d47267b4,SOL,NO,low,high,medium,-0.05000000000000003,0.0,0.021372982403528876,0.0,0.0,False,1.0,-0.0713729824035289
delay_1s_only,3,2026-07-01T22:32:10.374054+00:00,0x26690f30c8250f214c3c585bafacecfe21ca18c719caac4709c063c6d47267b4,SOL,NO,low,medium,low,-0.13999999999999999,0.0,0.0,0.0,0.0,False,1.0,-0.13999999999999999
delay_1s_only,3,2026-07-01T22:32:18.369405+00:00,0x8145a3bfddc61cdf01d45026aed596f0878c260884e8315caa000f5e42143a61,ETH,NO,low,medium,medium,0.059999999999999956,0.0,0.022486558720254894,0.0,0.0,False,1.0,0.03751344127974506
delay_1s_only,3,2026-07-01T22:32:22.368939+00:00,0x5330f3288d309b2bb246086f6cf4d139e782acd5b44784839259604ae5e9f369,BTC,NO,low,medium,medium,0.010000000000000026,0.0,0.01127742438792771,0.0,0.0,False,1.0,-0.001277424387927684
delay_1s_only,3,2026-07-01T22:32:28.372665+00:00,0x8145a3bfddc61cdf01d45026aed596f0878c260884e8315caa000f5e42143a61,ETH,NO,low,medium,low,-0.09500000000000001,0.0,0.0,0.0,0.0,False,1.0,-0.09500000000000001
delay_1s_only,3,2026-07-01T22:32:54.365688+00:00,0x8145a3bfddc61cdf01d45026aed596f0878c260884e8315caa000f5e42143a61,ETH,NO,low,medium,low,0.05,0.0,0.0,0.0,0.0,False,1.0,0.05
delay_1s_only,3,2026-07-01T22:33:02.361345+00:00,0x5330f3288d309b2bb246086f6cf4d139e782acd5b44784839259604ae5e9f369,BTC,NO,medium,medium,medium,0.13000000000000003,0.0,0.0012520776602758506,0.0,0.0,False,1.0,0.12874792233972418
delay_1s_only,3,2026-07-01T22:33:02.361345+00:00,0x8145a3bfddc61cdf01d45026aed596f0878c260884e8315caa000f5e42143a61,ETH,NO,low,medium,low,0.09999999999999999,0.0,0.0,0.0,0.0,False,1.0,0.09999999999999999
delay_1s_only,3,2026-07-01T22:33:02.361345+00:00,0x26690f30c8250f214c3c585bafacecfe21ca18c719caac4709c063c6d47267b4,SOL,NO,low,medium,low,0.07500000000000002,0.0,0.0,0.0,0.0,False,1.0,0.07500000000000002
delay_1s_only,3,2026-07-01T22:33:04.368866+00:00,0x26690f30c8250f214c3c585bafacecfe21ca18c719caac4709c063c6d47267b4,SOL,NO,low,medium,low,0.05,0.0,0.06348743309462644,0.0,0.0,False,1.0,-0.013487433094626439
delay_1s_only,3,2026-07-01T22:33:20.375116+00:00,0x5330f3288d309b2bb246086f6cf4d139e782acd5b44784839259604ae5e9f369,BTC,NO,low,medium,low,0.03999999999999994,0.0,0.0,0.0,0.0,False,1.0,0.03999999999999994
delay_1s_only,3,2026-07-01T22:33:22.368132+00:00,0x26690f30c8250f214c3c585bafacecfe21ca18c719caac4709c063c6d47267b4,SOL,NO,medium,medium,low,0.22000000000000006,0.0,0.010007945854547697,0.0,0.0,False,1.0,0.20999205414545236
delay_1s_only,3,2026-07-01T22:33:58.367410+00:00,0x26690f30c8250f214c3c585bafacecfe21ca18c719caac4709c063c6d47267b4,SOL,NO,low,medium,low,-0.12999999999999998,0.0,0.0,0.0,0.0,False,1.0,-0.12999999999999998
delay_1s_only,3,2026-07-01T22:36:04.365503+00:00,0x06bf7937a18769d86039ea4ed35e5e8edd2a5c73d2ee04faffe90363450f8e3c,SOL,YES,low,medium,low,0.12499999999999996,0.0,0.0,0.0,0.0,False,1.0,0.12499999999999996
delay_1s_only,3,2026-07-01T23:41:58.370401+00:00,0x8d22580ded9a1c9bb43a9581787566efeccc0dff2ba6843eef73d5789b5ad805,SOL,NO,low,low,medium,0.29,0.0,0.0,0.0,0.0,False,1.0,0.29
delay_1s_only,3,2026-07-02T00:15:04.370549+00:00,0xa961035fe332ff6a397489f4b23cb720ae57b84d866a526858b47a7300270c12,SOL,YES,low,medium,medium,0.06999999999999997,0.0,0.0,0.0,0.0,False,1.0,0.06999999999999997
delay_1s_only,3,2026-07-02T00:36:00.373439+00:00,0x0b7afa9b0852f4da0eb237bf817bcb7f8aef5e68dd95d52baba20abc06c16376,SOL,YES,low,medium,medium,0.010000000000000026,0.0,0.0,0.0,0.0,False,1.0,0.010000000000000026
delay_1s_only,3,2026-07-02T02:22:40.364603+00:00,0x8388cdf918fa7cb09ae4a5325b4c5f307e17be11af5350e73ae08cf56bb4fece,ETH,NO,low,medium,medium,0.059999999999999956,0.0,0.0,0.0,0.0,False,1.0,0.059999999999999956
delay_1s_only,3,2026-07-02T02:30:34.366427+00:00,0xb3e27db391946f1a5ab1d3c3b4a5b8c59d663d3684d960d98f37b7def0df3075,ETH,NO,low,low,medium,0.039999999999999994,0.0,0.0,0.0,0.0,False,1.0,0.039999999999999994
delay_1s_only,3,2026-07-02T02:30:38.363447+00:00,0xb3e27db391946f1a5ab1d3c3b4a5b8c59d663d3684d960d98f37b7def0df3075,ETH,NO,low,medium,medium,0.030000000000000044,0.0,0.030172191671667133,0.0,0.0,False,1.0,-0.00017219167166708862
delay_1s_only,3,2026-07-02T03:06:42.363431+00:00,0xd97c09881b1dc40d77cafc681e2b0b8577f654e19c6a1a83914d678d7f9bdf2c,SOL,YES,low,medium,medium,0.059999999999999956,0.0,0.0,0.0,0.0,False,1.0,0.059999999999999956
delay_1s_only,3,2026-07-02T03:38:34.375507+00:00,0xd69c5b7ce1b66fe7745e070b544d04de2517e4b2093ff8309c5573bb8b38ce57,SOL,YES,low,medium,medium,0.13999999999999999,0.0,0.026125851618187715,0.0,0.0,False,1.0,0.11387414838181227
delay_1s_only,3,2026-07-02T03:50:04.372378+00:00,0xcd593facad3a6092d5974b7ee969c8f3ff778c58031a7baac893ebf627d14b9d,ETH,YES,high,medium,medium,0.24000000000000002,0.0,0.0,0.0,0.0,False,1.0,0.24000000000000002
delay_1s_only,3,2026-07-02T03:58:18.368322+00:00,0x947e5ddb9a353ecb65bc2faa7bce21ded36808053545239573a7c43756401557,SOL,NO,low,medium,medium,0.059999999999999956,0.0,0.027390159480276663,0.0,0.0,False,1.0,0.03260984051972329
delay_1s_only,3,2026-07-02T04:22:28.365589+00:00,0x8552d47c45da4f6202022c51d4d7ff51b0064f2cd42e482f6fc524d37f7ed891,SOL,NO,low,medium,medium,0.08999999999999998,0.0,0.0,0.0,0.0,False,1.0,0.08999999999999998
delay_1s_only,3,2026-07-02T06:11:32.366824+00:00,0xbd4e2fd8dfbdf679456a5c936fa4db4595434055fa7990b727e863efdb73d6fe,SOL,YES,low,medium,medium,0.09999999999999999,0.0,0.0,0.0,0.0,False,1.0,0.09999999999999999
delay_1s_only,3,2026-07-02T07:55:46.373480+00:00,0x80bb349ee2b85081e290db4561ebb007ca2a8b5721eec05ce98488d10dbdc84f,ETH,NO,low,medium,medium,-0.07000000000000005,0.0,0.0,0.0,0.0,False,1.0,-0.07000000000000005
delay_1s_only,3,2026-07-02T07:57:42.360831+00:00,0xf9f5ce604030e965827e405652c34595fca9803264f266f106ead15d7fbb64ac,BTC,YES,low,medium,medium,-0.17,0.0,0.0,0.0,0.0,False,1.0,-0.17
delay_1s_only,3,2026-07-02T07:57:44.366499+00:00,0xf9f5ce604030e965827e405652c34595fca9803264f266f106ead15d7fbb64ac,BTC,YES,low,high,medium,0.08499999999999998,0.0,0.0,0.0,0.0,False,1.0,0.08499999999999998
delay_1s_only,3,2026-07-02T08:08:54.370330+00:00,0x217a508e23290f5918a6837d836f77a3f88255f2e4fe43a9a2cce242409a7db6,ETH,YES,low,medium,high,-0.02,0.0,0.0,0.0,0.0,False,1.0,-0.02
delay_1s_only,3,2026-07-02T08:31:14.363819+00:00,0x5d2ccbd18015d1eb9a97902f684b591555d9a4ff0610ff201c2f1f8538a929b1,SOL,YES,low,medium,medium,0.01999999999999998,0.0,0.06283677994129613,0.0,0.0,False,1.0,-0.04283677994129616
delay_1s_only,3,2026-07-02T08:31:18.364598+00:00,0x5d2ccbd18015d1eb9a97902f684b591555d9a4ff0610ff201c2f1f8538a929b1,SOL,YES,low,medium,medium,0.09500000000000004,0.0,0.010067374730887403,0.0,0.0,False,1.0,0.08493262526911263
delay_1s_only,3,2026-07-02T09:00:24.371490+00:00,0x96ddd482cd2ee1a173dbde4538ed2007620845c0e462dbfcc969d36209beb1ce,SOL,NO,low,medium,medium,-0.059999999999999984,0.0,0.0,0.0,0.0,False,1.0,-0.059999999999999984
delay_1s_only,3,2026-07-02T09:00:34.362867+00:00,0x96ddd482cd2ee1a173dbde4538ed2007620845c0e462dbfcc969d36209beb1ce,SOL,NO,low,medium,medium,0.09999999999999994,0.0,0.0,0.0,0.0,False,1.0,0.09999999999999994
delay_1s_only,3,2026-07-02T09:00:48.368690+00:00,0x96ddd482cd2ee1a173dbde4538ed2007620845c0e462dbfcc969d36209beb1ce,SOL,NO,low,high,medium,0.04499999999999994,0.0,0.0,0.0,0.0,False,1.0,0.04499999999999994
delay_1s_only,3,2026-07-02T09:00:52.369633+00:00,0x96ddd482cd2ee1a173dbde4538ed2007620845c0e462dbfcc969d36209beb1ce,SOL,NO,low,medium,medium,0.04999999999999995,0.0,0.0,0.0,0.0,False,1.0,0.04999999999999995
delay_1s_only,3,2026-07-02T09:01:04.370531+00:00,0x96ddd482cd2ee1a173dbde4538ed2007620845c0e462dbfcc969d36209beb1ce,SOL,NO,low,medium,medium,0.010000000000000026,0.0,0.0,0.0,0.0,False,1.0,0.010000000000000026
delay_1s_only,3,2026-07-02T09:01:06.361857+00:00,0x96ddd482cd2ee1a173dbde4538ed2007620845c0e462dbfcc969d36209beb1ce,SOL,NO,low,medium,medium,0.010000000000000026,0.0,0.03009659353111673,0.0,0.0,False,1.0,-0.020096593531116702
delay_1s_only,3,2026-07-02T09:10:36.374495+00:00,0xbe2fec169e982831aa0a3f5a98442f7e0793c4af803bb920266ae6a7d43b3101,SOL,YES,low,medium,medium,-0.06999999999999999,0.0,0.0,0.0,0.0,False,1.0,-0.06999999999999999
delay_1s_only,3,2026-07-02T09:11:08.370966+00:00,0xbe2fec169e982831aa0a3f5a98442f7e0793c4af803bb920266ae6a7d43b3101,SOL,YES,low,medium,medium,0.010000000000000026,0.0,0.0,0.0,0.0,False,1.0,0.010000000000000026
delay_1s_only,3,2026-07-02T09:26:52.371394+00:00,0xe41189d0cceabac9697f126f3ff12806192b7fb894edecb0106a0cc6738db731,ETH,YES,low,medium,medium,0.30999999999999994,0.0,0.08098754916641349,0.0,0.0,False,1.0,0.22901245083358646
delay_1s_only,3,2026-07-02T09:35:10.366702+00:00,0x22928e0772859e6323b5722fc85857ebc2843ce5f3002b574d2bfdaa76aefda9,SOL,YES,low,medium,medium,0.02999999999999999,0.0,0.015057470377933356,0.0,0.0,False,1.0,0.014942529622066632
delay_1s_only,3,2026-07-02T09:55:44.372085+00:00,0x76314474e6d37d9996d64a209cef82a7d8ccbce36c7c87add2f24e7497a7816c,BTC,NO,low,high,medium,0.09999999999999999,0.0,0.026139115975971638,0.0,0.0,False,1.0,0.07386088402402835
delay_1s_only,3,2026-07-02T09:55:54.363634+00:00,0x1f1dd57c6e8f84731f3eca11a122596fc016822900b9a36563483ec6f84c36d4,SOL,NO,low,medium,medium,-0.08,0.0,0.02006428545651536,0.0,0.0,False,1.0,-0.10006428545651536
delay_1s_only,3,2026-07-02T09:56:18.361978+00:00,0x1f1dd57c6e8f84731f3eca11a122596fc016822900b9a36563483ec6f84c36d4,SOL,NO,low,medium,medium,0.035000000000000045,0.0,0.0,0.0,0.0,False,1.0,0.035000000000000045
delay_1s_only,3,2026-07-02T09:56:24.369489+00:00,0x1f1dd57c6e8f84731f3eca11a122596fc016822900b9a36563483ec6f84c36d4,SOL,NO,low,medium,medium,0.059999999999999956,0.0,0.002498422623999362,0.0,0.0,False,1.0,0.0575015773760006
delay_1s_only,3,2026-07-02T09:56:42.365883+00:00,0x76314474e6d37d9996d64a209cef82a7d8ccbce36c7c87add2f24e7497a7816c,BTC,NO,low,medium,medium,0.03999999999999994,0.0,0.0,0.0,0.0,False,1.0,0.03999999999999994
delay_1s_only,3,2026-07-02T09:56:46.366917+00:00,0x76314474e6d37d9996d64a209cef82a7d8ccbce36c7c87add2f24e7497a7816c,BTC,NO,low,medium,medium,0.010000000000000026,0.0,0.022586796513527505,0.0,0.0,False,1.0,-0.012586796513527478
delay_1s_only,3,2026-07-02T09:58:16.363073+00:00,0x1f1dd57c6e8f84731f3eca11a122596fc016822900b9a36563483ec6f84c36d4,SOL,NO,low,medium,medium,0.03999999999999994,0.0,0.09906284958437314,0.0,0.0,False,1.0,-0.0590628495843732
delay_1s_only,3,2026-07-02T10:28:54.362470+00:00,0x5b8a5202ab816574a4572fb9d28ff7ada354d9668318b56a3644f04c39738f84,SOL,NO,low,medium,medium,0.04000000000000005,0.0,0.021367644283058557,0.0,0.0,False,1.0,0.018632355716941492
delay_1s_only,3,2026-07-02T10:28:56.368829+00:00,0x5b8a5202ab816574a4572fb9d28ff7ada354d9668318b56a3644f04c39738f84,SOL,NO,low,medium,medium,0.01999999999999998,0.0,0.03235417590790593,0.0,0.0,False,1.0,-0.01235417590790595
delay_1s_only,3,2026-07-02T10:33:10.363766+00:00,0x6700add2442ac52e76696ea3dd458416e2e1d5ab9e770499a85347b7e866d616,SOL,YES,low,medium,medium,0.25,0.0,0.0,0.0,0.0,False,1.0,0.25
delay_1s_only,3,2026-07-02T10:37:00.364893+00:00,0x465c10bb8102a8ec311965c7f7b77727b332f80e8cd87847b212b6350accd796,SOL,YES,medium,medium,medium,0.06500000000000002,0.0,0.0,0.0,0.0,False,1.0,0.06500000000000002
delay_1s_only,3,2026-07-02T10:40:18.374682+00:00,0xb6fcc6f9d2dd9571635233fc09a863999351b0fdcf8df2b3a54b65954c4156d0,SOL,NO,medium,medium,medium,0.06999999999999997,0.0,0.031137975758448344,0.0,0.0,False,1.0,0.03886202424155162
delay_1s_only,3,2026-07-02T10:55:06.372034+00:00,0x88416fcd563a9ffe6e611423ab3340c17488dc22b7d96f92571269bffc042195,SOL,NO,low,medium,medium,0.01499999999999992,0.0,0.039214112310141894,0.0,0.0,False,1.0,-0.024214112310141974
delay_1s_only,3,2026-07-02T11:00:12.369501+00:00,0x7a3fd80678cd42bf2a8b58076455dbb4318bf9108db524760e8b4127b426fa76,SOL,NO,low,medium,medium,0.03999999999999994,0.0,0.0,0.0,0.0,False,1.0,0.03999999999999994
delay_1s_only,3,2026-07-02T11:10:20.365901+00:00,0xae1161ad8055f5b09cd7c8038ea97feb7f79f231202f647ce33f68cdce265897,SOL,YES,high,high,medium,0.215,0.0,0.009420335878917167,0.0,0.0,False,1.0,0.20557966412108283
delay_1s_only,3,2026-07-02T12:10:22.361984+00:00,0x8362eee619c3c068724b9acc69306f29dd57c5fb122ca23de731c60f166d74d8,SOL,NO,low,medium,medium,0.010000000000000026,0.0,0.023792701915377225,0.0,0.0,False,1.0,-0.013792701915377199
delay_1s_only,3,2026-07-02T12:10:26.361078+00:00,0x8362eee619c3c068724b9acc69306f29dd57c5fb122ca23de731c60f166d74d8,SOL,NO,low,medium,medium,-0.059999999999999984,0.0,0.0,0.0,0.0,False,1.0,-0.059999999999999984
delay_1s_only,3,2026-07-02T12:11:18.362800+00:00,0x8362eee619c3c068724b9acc69306f29dd57c5fb122ca23de731c60f166d74d8,SOL,NO,low,medium,medium,0.05,0.0,0.013183643351623534,0.0,0.0,False,1.0,0.03681635664837647
delay_1s_only,3,2026-07-02T12:12:22.363070+00:00,0x8362eee619c3c068724b9acc69306f29dd57c5fb122ca23de731c60f166d74d8,SOL,NO,low,medium,medium,0.030000000000000044,0.0,0.0,0.0,0.0,False,1.0,0.030000000000000044
delay_1s_only,3,2026-07-02T12:13:38.365899+00:00,0x8362eee619c3c068724b9acc69306f29dd57c5fb122ca23de731c60f166d74d8,SOL,NO,medium,high,medium,0.23500000000000001,0.0,0.0,0.0,0.0,False,1.0,0.23500000000000001
delay_1s_only,3,2026-07-02T12:20:04.364161+00:00,0x94bb631dd01221e07f00ab03feccab66c46ce389a1e7d203fe282aa6d209c589,SOL,YES,low,medium,medium,0.029999999999999933,0.0,0.0,0.0,0.0,False,1.0,0.029999999999999933
delay_1s_only,3,2026-07-02T12:30:04.364786+00:00,0x9215a5c313d78c2a336728a748b73687bc826021a656e9a0d76746f2f5023043,BTC,YES,high,medium,medium,0.265,0.0,0.0,0.0,0.0,False,1.0,0.265
delay_1s_only,3,2026-07-02T12:30:16.366322+00:00,0xfdd4d7f9eadc398c0df23a59aadb9ee61a56855c54b6ac9520602a5973e42087,SOL,YES,low,high,medium,-0.13999999999999999,0.0,0.0,0.0,0.0,False,1.0,-0.13999999999999999
delay_1s_only,3,2026-07-02T12:30:20.366935+00:00,0xfdd4d7f9eadc398c0df23a59aadb9ee61a56855c54b6ac9520602a5973e42087,SOL,YES,low,high,medium,0.02999999999999999,0.0,0.0,0.0,0.0,False,1.0,0.02999999999999999
delay_1s_only,3,2026-07-02T12:30:22.364919+00:00,0xfdd4d7f9eadc398c0df23a59aadb9ee61a56855c54b6ac9520602a5973e42087,SOL,YES,low,medium,medium,-0.13999999999999999,0.0,0.046361155203048864,0.0,0.0,False,1.0,-0.18636115520304886
delay_1s_only,3,2026-07-02T12:30:36.362455+00:00,0xfdd4d7f9eadc398c0df23a59aadb9ee61a56855c54b6ac9520602a5973e42087,SOL,YES,low,medium,medium,0.12999999999999998,0.0,0.0,0.0,0.0,False,1.0,0.12999999999999998
delay_1s_only,3,2026-07-02T12:31:22.373383+00:00,0x988287eee8e697b0d1d2625d38528f0175f8d3b585148a236428390c8e5bd7a0,ETH,NO,low,medium,medium,0.034999999999999934,0.0,0.0,0.0,0.0,False,1.0,0.034999999999999934
delay_1s_only,3,2026-07-02T12:31:28.373272+00:00,0x9215a5c313d78c2a336728a748b73687bc826021a656e9a0d76746f2f5023043,BTC,NO,low,high,medium,0.05500000000000001,0.0,0.09327157805199353,0.0,0.0,False,1.0,-0.03827157805199352
delay_1s_only,3,2026-07-02T12:33:18.366598+00:00,0x9215a5c313d78c2a336728a748b73687bc826021a656e9a0d76746f2f5023043,BTC,NO,low,medium,medium,0.08999999999999998,0.0,0.0,0.0,0.0,False,1.0,0.08999999999999998
delay_1s_only,3,2026-07-02T12:40:48.374599+00:00,0xb38f8c90a79ba7fb9e3926511611e2a97e69f95d8567e5459f176624c5d78e7e,SOL,YES,low,medium,medium,0.04999999999999995,0.0,0.0,0.0,0.0,False,1.0,0.04999999999999995
delay_1s_only,3,2026-07-02T13:01:06.370199+00:00,0xfdc8ee5a5355786246c8c350b1b6d392d7b0b20b2f4112d995400e6d41587033,BTC,NO,low,medium,medium,0.08499999999999998,0.0,0.0,0.0,0.0,False,1.0,0.08499999999999998
delay_1s_only,3,2026-07-02T13:01:06.370199+00:00,0x7da2825f125571140c598bebdc47a2efcc90d5bbe3f36da9ed64a66a0758a57e,ETH,NO,low,low,medium,0.06499999999999996,0.0,0.01243556953726038,0.0,0.0,False,1.0,0.05256443046273958
delay_1s_only,3,2026-07-02T13:05:14.362350+00:00,0x7b81aecfe918b4400a38bb7e82faf16214e86526a59365a1a1f57891d5e02184,SOL,YES,low,medium,medium,0.12000000000000001,0.0,0.0012492705529872819,0.0,0.0,False,1.0,0.11875072944701273
delay_1s_only,3,2026-07-02T13:10:08.372139+00:00,0x0b7e0ca6f5af7203bbc20de90e6a874b459992dfe7ec7d26ca84605690a8971f,SOL,NO,low,medium,medium,0.05499999999999995,0.0,0.006221276427949007,0.0,0.0,False,1.0,0.048778723572050944
delay_1s_only,3,2026-07-02T13:26:26.363015+00:00,0xabaf563b7f6a9dc2645946d31ce8af8645de6d2409cef51803fb0999c9061f3e,ETH,NO,low,medium,medium,-0.08,0.0,0.13271549006654645,0.0,0.0,False,1.0,-0.21271549006654644
delay_1s_only,3,2026-07-02T13:26:28.373900+00:00,0xabaf563b7f6a9dc2645946d31ce8af8645de6d2409cef51803fb0999c9061f3e,ETH,NO,low,medium,medium,0.11999999999999995,0.0,0.0,0.0,0.0,False,1.0,0.11999999999999995
delay_1s_only,3,2026-07-02T13:32:06.370617+00:00,0xbfdaa1afb46e82ff47ba344bc098d1ae028cd939a030c6672402ca1475988d70,ETH,NO,low,medium,medium,0.02,0.0,0.0012480452415597812,0.0,0.0,False,1.0,0.018751954758440218
delay_1s_only,3,2026-07-02T13:32:14.374959+00:00,0xbfdaa1afb46e82ff47ba344bc098d1ae028cd939a030c6672402ca1475988d70,ETH,NO,high,medium,medium,-0.04000000000000001,0.0,0.0,0.0,0.0,False,1.0,-0.04000000000000001
delay_1s_only,3,2026-07-02T13:33:40.375151+00:00,0xbfdaa1afb46e82ff47ba344bc098d1ae028cd939a030c6672402ca1475988d70,ETH,YES,low,medium,high,-0.02,0.0,0.0,0.0,0.0,False,1.0,-0.02
delay_1s_only,3,2026-07-02T13:35:10.368025+00:00,0x7798cca819d8b656cf9130a5ea5d871975f4227bea6b3d22ec3b1b6de4584fc0,BTC,NO,medium,medium,medium,0.14499999999999993,0.0,0.0,0.0,0.0,False,1.0,0.14499999999999993
delay_1s_only,3,2026-07-02T13:37:02.366507+00:00,0xcd4afc8eb6c83c8d8dada852de775b7cc1e7cfaf722f03972c1d93abc1d9cf09,ETH,YES,low,medium,medium,-0.05499999999999998,0.0,0.06707782089858816,0.0,0.0,False,1.0,-0.12207782089858814
delay_1s_only,3,2026-07-02T13:37:06.370427+00:00,0x7798cca819d8b656cf9130a5ea5d871975f4227bea6b3d22ec3b1b6de4584fc0,BTC,NO,low,medium,medium,0.06499999999999996,0.0,0.0,0.0,0.0,False,1.0,0.06499999999999996
delay_1s_only,3,2026-07-02T13:37:14.375069+00:00,0x7798cca819d8b656cf9130a5ea5d871975f4227bea6b3d22ec3b1b6de4584fc0,BTC,NO,low,medium,medium,0.07499999999999997,0.0,0.0,0.0,0.0,False,1.0,0.07499999999999997
delay_1s_only,3,2026-07-02T13:45:04.364924+00:00,0x6b9167a59028831cc69fc27a631ba5f99da00742fcac16501ddd54b155929c85,ETH,YES,medium,medium,medium,0.014999999999999975,0.0,0.0,0.0,0.0,False,1.0,0.014999999999999975
delay_1s_only,3,2026-07-02T13:45:08.364326+00:00,0x6b9167a59028831cc69fc27a631ba5f99da00742fcac16501ddd54b155929c85,ETH,YES,low,medium,medium,0.02999999999999999,0.0,0.0,0.0,0.0,False,1.0,0.02999999999999999
delay_1s_only,3,2026-07-02T13:45:12.367704+00:00,0x6b9167a59028831cc69fc27a631ba5f99da00742fcac16501ddd54b155929c85,ETH,YES,low,medium,medium,-0.055000000000000035,0.0,0.016176182992309593,0.0,0.0,False,1.0,-0.07117618299230963
delay_1s_only,3,2026-07-02T13:46:08.369291+00:00,0x6b9167a59028831cc69fc27a631ba5f99da00742fcac16501ddd54b155929c85,ETH,YES,low,medium,medium,0.02999999999999999,0.0,0.03358033622662289,0.0,0.0,False,1.0,-0.003580336226622901
delay_1s_only,3,2026-07-02T13:46:10.366715+00:00,0x165f83111bc6b855ddff03cee955479de1945e82de0c22a4af0e20b7a4611166,SOL,YES,low,medium,medium,0.010000000000000026,0.0,0.0,0.0,0.0,False,1.0,0.010000000000000026
delay_1s_only,3,2026-07-02T13:46:12.374640+00:00,0x6b9167a59028831cc69fc27a631ba5f99da00742fcac16501ddd54b155929c85,ETH,YES,medium,medium,medium,0.01999999999999998,0.0,0.031102090089489068,0.0,0.0,False,1.0,-0.011102090089489088
delay_1s_only,3,2026-07-02T13:46:20.368608+00:00,0x6b9167a59028831cc69fc27a631ba5f99da00742fcac16501ddd54b155929c85,ETH,YES,medium,medium,medium,0.02999999999999999,0.0,0.0,0.0,0.0,False,1.0,0.02999999999999999
delay_1s_only,3,2026-07-02T13:46:22.365708+00:00,0x165f83111bc6b855ddff03cee955479de1945e82de0c22a4af0e20b7a4611166,SOL,YES,low,medium,medium,-0.06999999999999999,0.0,0.04004708121422267,0.0,0.0,False,1.0,-0.11004708121422266
delay_1s_only,3,2026-07-02T13:46:28.366021+00:00,0x6b9167a59028831cc69fc27a631ba5f99da00742fcac16501ddd54b155929c85,ETH,YES,low,medium,medium,-0.09000000000000001,0.0,0.0,0.0,0.0,False,1.0,-0.09000000000000001
delay_1s_only,3,2026-07-02T13:46:34.364544+00:00,0x6b9167a59028831cc69fc27a631ba5f99da00742fcac16501ddd54b155929c85,ETH,YES,low,medium,medium,0.030000000000000044,0.0,0.0,0.0,0.0,False,1.0,0.030000000000000044
delay_1s_only,3,2026-07-02T13:46:36.372134+00:00,0x6b9167a59028831cc69fc27a631ba5f99da00742fcac16501ddd54b155929c85,ETH,YES,low,low,medium,-0.07000000000000005,0.0,0.03609651480201442,0.0,0.0,False,1.0,-0.10609651480201447
delay_1s_only,3,2026-07-02T13:47:28.363479+00:00,0xdf1c68feb520af13e0b1073b5e17ac465273234950edc85062d074363f2f7ea0,BTC,YES,medium,medium,high,0.27499999999999997,0.0,0.0,0.0,0.0,False,1.0,0.27499999999999997
delay_1s_only,3,2026-07-02T13:47:30.370941+00:00,0x165f83111bc6b855ddff03cee955479de1945e82de0c22a4af0e20b7a4611166,SOL,YES,low,medium,high,0.19999999999999998,0.0,0.0,0.0,0.0,False,1.0,0.19999999999999998
delay_1s_only,3,2026-07-02T14:00:06.363105+00:00,0x100389b157cf172fa16809d99306f23ca1974adf6fbe025dc09758ed45771b51,BTC,NO,low,medium,medium,0.05500000000000006,0.0,0.01003598569495356,0.0,0.0,False,1.0,0.0449640143050465
delay_1s_only,3,2026-07-02T14:03:02.371420+00:00,0xba6acf8da6d345173ee24e2b41e7d98ae87fb2f39f6c0d1839c33229ec4b802b,SOL,NO,low,medium,medium,0.030000000000000044,0.0,0.0,0.0,0.0,False,1.0,0.030000000000000044
delay_1s_only,3,2026-07-02T14:16:42.366798+00:00,0x99bee988b471ce9b6fe317dc281d4f4c4f89040c4dcacef8d455c241ee2e99f8,ETH,NO,low,medium,high,0.3,0.0,0.0,0.0,0.0,False,1.0,0.3
delay_1s_only,3,2026-07-02T15:05:38.363627+00:00,0x647b9c08af3b94902afa9b362889527316a7fdbb46e4a6738ad42d290ca82805,BTC,NO,medium,medium,medium,0.035000000000000045,0.0,0.0,0.0,0.0,False,1.0,0.035000000000000045
delay_1s_only,3,2026-07-02T15:10:28.366751+00:00,0xcae0c95e9c034ca588baca33e8147b8845b1f312ff09b0d52f4d6e150cddad15,SOL,NO,low,medium,medium,0.04999999999999995,0.0,0.013781674071053783,0.0,0.0,False,1.0,0.036218325928946166
delay_1s_only,3,2026-07-02T15:36:32.363170+00:00,0x0a5061025dfe612b3722293195f769f012f8980bd848a20493e2c600f70d09dd,BTC,NO,low,medium,medium,0.28500000000000003,0.0,0.06466999052339426,0.0,0.0,False,1.0,0.22033000947660578
delay_1s_only,3,2026-07-02T16:01:28.361478+00:00,0x59496dfc9f417c17975e237fbb7ecfe259156cc15a360f25910162556810c516,SOL,NO,low,medium,medium,0.010000000000000026,0.0,0.0,0.0,0.0,False,1.0,0.010000000000000026
delay_1s_only,3,2026-07-02T17:00:24.370409+00:00,0x1be94953b760d89a9523766bd1abb42f2e881ac06074bf93aa46ad1a415fc189,SOL,NO,low,medium,medium,0.010000000000000026,0.0,0.0,0.0,0.0,False,1.0,0.010000000000000026
delay_1s_only,3,2026-07-02T17:13:30.362110+00:00,0x909723d937a75ac2c9c89d73711867c15953dd27d72b7a6933948473e399451d,ETH,YES,low,medium,medium,0.06000000000000001,0.0,0.0,0.0,0.0,False,1.0,0.06000000000000001
delay_1s_only,3,2026-07-02T17:23:18.371612+00:00,0x1f5ef0a23c68190a8a6d515b6c8e8b048078a8afa92d25abb3d94fb87f1f7027,BTC,YES,low,medium,medium,0.255,0.0,0.0,0.0,0.0,False,1.0,0.255
delay_1s_only,3,2026-07-02T17:23:20.364343+00:00,0x60608598239fe90ee375e38281310554148d5d349aca1ac07aa04e1ce390e6ad,SOL,YES,low,medium,high,0.11,0.0,0.0,0.0,0.0,False,1.0,0.11
delay_1s_only,3,2026-07-02T17:50:28.360872+00:00,0x0aff58c34608210967c4413fb4b4a6c7fa904dc09de162ecc564806689facc64,SOL,NO,low,medium,high,0.19000000000000003,0.0,0.0,0.0,0.0,False,1.0,0.19000000000000003
delay_1s_only,3,2026-07-02T18:35:46.363950+00:00,0x0fb6a0c7bcde0b6dd2c22b766ae91ab671463f01b2f4ec31f09491aa9dd4af91,SOL,NO,low,medium,medium,-0.07500000000000005,0.0,0.0,0.0,0.0,False,1.0,-0.07500000000000005
delay_1s_only,3,2026-07-02T18:35:48.373272+00:00,0x0fb6a0c7bcde0b6dd2c22b766ae91ab671463f01b2f4ec31f09491aa9dd4af91,SOL,NO,low,high,medium,-0.09999999999999996,0.0,0.0,0.0,0.0,False,1.0,-0.09999999999999996
delay_1s_only,3,2026-07-02T18:35:56.374508+00:00,0x0fb6a0c7bcde0b6dd2c22b766ae91ab671463f01b2f4ec31f09491aa9dd4af91,SOL,NO,low,medium,medium,0.05500000000000001,0.0,0.0,0.0,0.0,False,1.0,0.05500000000000001
delay_1s_only,3,2026-07-02T18:35:58.369803+00:00,0x0fb6a0c7bcde0b6dd2c22b766ae91ab671463f01b2f4ec31f09491aa9dd4af91,SOL,NO,low,medium,medium,-0.06999999999999999,0.0,0.04638407592024571,0.0,0.0,False,1.0,-0.1163840759202457
delay_1s_only,3,2026-07-02T18:51:30.371222+00:00,0x12f1ba09bc9913623cab1e5f36dab49519aed574c20e74febe167f480cf82772,SOL,NO,low,medium,medium,0.059999999999999956,0.0,0.0,0.0,0.0,False,1.0,0.059999999999999956
delay_1s_only,3,2026-07-02T19:01:18.365784+00:00,0x639421d64a6433150033c4d335d66cbee7357cad9e8b10bc943f74caf5d0d308,SOL,NO,low,medium,medium,-0.09499999999999996,0.0,0.03011391418285187,0.0,0.0,False,1.0,-0.12511391418285184
delay_1s_only,3,2026-07-02T19:03:24.368460+00:00,0x639421d64a6433150033c4d335d66cbee7357cad9e8b10bc943f74caf5d0d308,SOL,YES,low,medium,medium,0.11,0.0,0.0,0.0,0.0,False,1.0,0.11
delay_1s_only,3,2026-07-02T19:03:44.373982+00:00,0x639421d64a6433150033c4d335d66cbee7357cad9e8b10bc943f74caf5d0d308,SOL,YES,low,medium,medium,0.06000000000000001,0.0,0.0,0.0,0.0,False,1.0,0.06000000000000001
delay_1s_only,3,2026-07-02T19:05:14.369431+00:00,0xa1701695adebeed5da4000373df6e9883c29449ade56b49eb6379ee63ba7259b,SOL,NO,low,medium,high,0.07499999999999997,0.0,0.0,0.0,0.0,False,1.0,0.07499999999999997
delay_1s_only,3,2026-07-02T19:06:40.373607+00:00,0xa1701695adebeed5da4000373df6e9883c29449ade56b49eb6379ee63ba7259b,SOL,NO,low,high,medium,-0.06499999999999999,0.0,0.0,0.0,0.0,False,1.0,-0.06499999999999999
delay_1s_only,3,2026-07-02T19:31:18.372640+00:00,0x606a340a3aad1b6f683e99c5d598836d6731c972d5ddeb2642c52813a27308af,SOL,NO,low,medium,medium,0.05,0.0,0.0024937712006930985,0.0,0.0,False,1.0,0.0475062287993069
delay_1s_only,3,2026-07-02T19:31:32.362271+00:00,0x606a340a3aad1b6f683e99c5d598836d6731c972d5ddeb2642c52813a27308af,SOL,NO,low,medium,medium,0.05000000000000006,0.0,0.0,0.0,0.0,False,1.0,0.05000000000000006
delay_1s_only,3,2026-07-02T19:31:40.366839+00:00,0x606a340a3aad1b6f683e99c5d598836d6731c972d5ddeb2642c52813a27308af,SOL,NO,low,medium,medium,0.05500000000000006,0.0,0.0,0.0,0.0,False,1.0,0.05500000000000006
delay_1s_only,3,2026-07-02T19:31:58.371790+00:00,0x606a340a3aad1b6f683e99c5d598836d6731c972d5ddeb2642c52813a27308af,SOL,NO,low,medium,medium,-0.09000000000000001,0.0,0.0,0.0,0.0,False,1.0,-0.09000000000000001
delay_1s_only,3,2026-07-02T19:51:32.364894+00:00,0x2cfc3ef023f8f6ebad847ce57292f2a190fd727fc452a4c2a7cc845fd16b56aa,SOL,NO,low,medium,medium,0.020000000000000007,0.0,0.0,0.0,0.0,False,1.0,0.020000000000000007
delay_1s_only,3,2026-07-02T19:51:34.373824+00:00,0x2cfc3ef023f8f6ebad847ce57292f2a190fd727fc452a4c2a7cc845fd16b56aa,SOL,NO,low,medium,medium,-0.06000000000000001,0.0,0.02486674422506233,0.0,0.0,False,1.0,-0.08486674422506234
delay_1s_only,3,2026-07-02T19:51:58.365557+00:00,0x2cfc3ef023f8f6ebad847ce57292f2a190fd727fc452a4c2a7cc845fd16b56aa,SOL,NO,low,medium,medium,-0.06,0.0,0.0,0.0,0.0,False,1.0,-0.06
delay_1s_only,3,2026-07-02T19:52:06.372072+00:00,0x2cfc3ef023f8f6ebad847ce57292f2a190fd727fc452a4c2a7cc845fd16b56aa,SOL,NO,low,medium,medium,0.03999999999999998,0.0,0.0,0.0,0.0,False,1.0,0.03999999999999998
delay_1s_only,3,2026-07-02T19:52:12.366157+00:00,0x2cfc3ef023f8f6ebad847ce57292f2a190fd727fc452a4c2a7cc845fd16b56aa,SOL,NO,low,medium,medium,0.015000000000000003,0.0,0.01695309865704284,0.0,0.0,False,1.0,-0.0019530986570428371
delay_1s_only,3,2026-07-02T19:52:24.373550+00:00,0x2cfc3ef023f8f6ebad847ce57292f2a190fd727fc452a4c2a7cc845fd16b56aa,SOL,NO,medium,medium,medium,0.009999999999999998,0.0,0.02424927226859355,0.0,0.0,False,1.0,-0.01424927226859355
delay_1s_only,3,2026-07-02T19:52:30.368984+00:00,0x2cfc3ef023f8f6ebad847ce57292f2a190fd727fc452a4c2a7cc845fd16b56aa,SOL,NO,medium,medium,medium,0.11,0.0,0.003110567600903321,0.0,0.0,False,1.0,0.10688943239909668
delay_1s_only,3,2026-07-02T19:52:48.372495+00:00,0x2cfc3ef023f8f6ebad847ce57292f2a190fd727fc452a4c2a7cc845fd16b56aa,SOL,NO,medium,medium,medium,0.01500000000000003,0.0,0.061591675890443676,0.0,0.0,False,1.0,-0.04659167589044365
delay_1s_only,3,2026-07-02T19:53:00.364200+00:00,0x2cfc3ef023f8f6ebad847ce57292f2a190fd727fc452a4c2a7cc845fd16b56aa,SOL,NO,medium,high,medium,0.02999999999999999,0.0,0.027612807312214372,0.0,0.0,False,1.0,0.0023871926877856164
delay_1s_only,3,2026-07-02T19:53:04.368103+00:00,0x2cfc3ef023f8f6ebad847ce57292f2a190fd727fc452a4c2a7cc845fd16b56aa,SOL,NO,high,medium,medium,-0.06999999999999999,0.0,0.04639383508573476,0.0,0.0,False,1.0,-0.11639383508573475
delay_1s_only,3,2026-07-02T19:53:10.364232+00:00,0x2cfc3ef023f8f6ebad847ce57292f2a190fd727fc452a4c2a7cc845fd16b56aa,SOL,NO,high,medium,medium,0.12000000000000001,0.0,0.0,0.0,0.0,False,1.0,0.12000000000000001
delay_1s_only,3,2026-07-02T19:53:42.364449+00:00,0x2cfc3ef023f8f6ebad847ce57292f2a190fd727fc452a4c2a7cc845fd16b56aa,SOL,NO,high,medium,medium,0.020000000000000035,0.0,0.0,0.0,0.0,False,1.0,0.020000000000000035
delay_2s_only,1,2026-06-24T15:43:06.758948+00:00,0x80658216d4530ee5d8f87f3a84d6788c0505a016f5d1a52bfb8fc3c1afc1f1c2,ETH,YES,low,low,medium,-0.05,0.0,0.029898026039611794,0.0,0.0,False,1.0,-0.0798980260396118
delay_2s_only,1,2026-06-24T15:48:20.766212+00:00,0x8e22e9bf1a5c5cf1e5a91126865227cf0b75a5ec64611f0e0b23348e2b8eebc6,SOL,YES,medium,low,medium,-0.05,0.0,0.019916127968550024,0.0,0.0,False,1.0,-0.06991612796855003
delay_2s_only,1,2026-06-24T15:48:30.765676+00:00,0x8e22e9bf1a5c5cf1e5a91126865227cf0b75a5ec64611f0e0b23348e2b8eebc6,SOL,YES,medium,low,medium,-0.04,0.0,0.0,0.0,0.0,False,1.0,-0.04
delay_2s_only,1,2026-06-24T16:03:06.764139+00:00,0x898e75f4a2714851629ab01153214fbf585c570d631964d411eb3f85d6f77427,ETH,NO,low,medium,high,0.07000000000000002,0.0,0.0,0.0,0.0,False,1.0,0.07000000000000002
delay_2s_only,1,2026-06-24T16:03:34.761565+00:00,0x898e75f4a2714851629ab01153214fbf585c570d631964d411eb3f85d6f77427,ETH,NO,low,medium,medium,0.01999999999999998,0.0,0.0,0.0,0.0,False,1.0,0.01999999999999998
delay_2s_only,1,2026-06-24T16:03:36.766733+00:00,0x898e75f4a2714851629ab01153214fbf585c570d631964d411eb3f85d6f77427,ETH,NO,low,medium,medium,0.020000000000000035,0.0,0.059793945641401794,0.0,0.0,False,1.0,-0.03979394564140176
delay_2s_only,1,2026-06-24T16:03:56.765843+00:00,0x898e75f4a2714851629ab01153214fbf585c570d631964d411eb3f85d6f77427,ETH,NO,medium,medium,medium,-0.07000000000000002,0.0,0.0,0.0,0.0,False,1.0,-0.07000000000000002
delay_2s_only,1,2026-06-24T16:17:42.762123+00:00,0x16d9a49118c42f6c43e48602f4356b563fe7d62f03eace901d12f3671b7534cd,SOL,NO,low,medium,high,0.18000000000000002,0.0,0.0,0.0,0.0,False,1.0,0.18000000000000002
delay_2s_only,1,2026-06-24T16:22:52.762411+00:00,0x76ee4df37777787c309b30aa15d0861f505cc65be0cea6ab16949e8fba9fa172,SOL,NO,medium,medium,medium,-0.11999999999999998,0.0,0.0,0.0,0.0,False,1.0,-0.11999999999999998
delay_2s_only,1,2026-06-24T16:22:54.752727+00:00,0x76ee4df37777787c309b30aa15d0861f505cc65be0cea6ab16949e8fba9fa172,SOL,NO,medium,medium,medium,-0.06500000000000002,0.0,0.09962524350337215,0.0,0.0,False,1.0,-0.16462524350337215
delay_2s_only,1,2026-06-24T16:41:48.765478+00:00,0x54faa3af7fa6193533f340c3ceb42d2a8d405f5e3b23e2178d2a0212ac8cd968,ETH,YES,low,low,medium,-0.09500000000000001,0.0,0.0,0.0,0.0,False,1.0,-0.09500000000000001
delay_2s_only,1,2026-06-24T16:41:50.756781+00:00,0x54faa3af7fa6193533f340c3ceb42d2a8d405f5e3b23e2178d2a0212ac8cd968,ETH,YES,low,medium,low,-0.055000000000000035,0.0,0.0,0.0,0.0,False,1.0,-0.055000000000000035
delay_2s_only,1,2026-06-24T16:48:48.757094+00:00,0x6a9cd2dd7bc9c9807d3452c9f1a97c34ac7aedbc934b79054d8b3a0bfdcd4e42,BTC,YES,low,low,high,-0.0325,0.0,0.0,0.0,0.0,False,1.0,-0.0325
delay_2s_only,1,2026-06-24T16:51:06.758502+00:00,0xabff544d3602969cb25677257451bdb7c6ad59b48e75d1d633afb248b012b06c,ETH,NO,low,medium,medium,0.30000000000000004,0.0,0.0,0.0,0.0,False,1.0,0.30000000000000004
delay_2s_only,1,2026-06-24T16:52:04.761668+00:00,0x7d0f63daa0e0bd4993d80fa4bcb62fd622043fb264ec4a7aa7b875871c6a353a,SOL,YES,medium,medium,medium,0.030000000000000002,0.0,0.014947423361419212,0.0,0.0,False,1.0,0.01505257663858079
delay_2s_only,1,2026-06-24T16:52:06.767562+00:00,0x7d0f63daa0e0bd4993d80fa4bcb62fd622043fb264ec4a7aa7b875871c6a353a,SOL,YES,high,medium,medium,0.05,0.0,0.06973418764073958,0.0,0.0,False,1.0,-0.019734187640739573
delay_2s_only,1,2026-06-24T16:53:18.759891+00:00,0x11be248eacf03fecfc51007bb9833cc1452e33e48c5226ab9c30e91656ca4fed,BTC,YES,low,medium,medium,-0.05,0.0,0.01009048910844298,0.0,0.0,False,1.0,-0.06009048910844298
delay_2s_only,1,2026-06-24T16:53:52.752947+00:00,0x7d0f63daa0e0bd4993d80fa4bcb62fd622043fb264ec4a7aa7b875871c6a353a,SOL,YES,high,low,medium,-0.05,0.0,0.0,0.0,0.0,False,1.0,-0.05
delay_2s_only,1,2026-06-24T16:53:54.758545+00:00,0xabff544d3602969cb25677257451bdb7c6ad59b48e75d1d633afb248b012b06c,ETH,NO,high,low,medium,-0.02,0.0,0.0,0.0,0.0,False,1.0,-0.02
delay_2s_only,1,2026-06-24T16:55:32.763105+00:00,0xdc4693598a20d019c083949d35703b04d5de73552f4d0fb762787cbe10eef7af,ETH,YES,low,medium,medium,0.035000000000000045,0.0,0.044805486305437084,0.0,0.0,False,1.0,-0.009805486305437039
delay_2s_only,1,2026-06-24T17:10:44.757531+00:00,0x6bcbfb85688c3516d74eda21ae1058775c9dbb0c3c2ed80679bea5efa4224f1f,SOL,YES,low,medium,medium,-0.09000000000000001,0.0,0.0,0.0,0.0,False,1.0,-0.09000000000000001
delay_2s_only,1,2026-06-24T17:10:48.752203+00:00,0x6bcbfb85688c3516d74eda21ae1058775c9dbb0c3c2ed80679bea5efa4224f1f,SOL,YES,low,medium,medium,0.07000000000000002,0.0,0.0,0.0,0.0,False,1.0,0.07000000000000002
delay_2s_only,1,2026-06-24T17:15:08.754027+00:00,0x2a87ba5465e5a39b23f5c245ce8daf4e9166a6b5d3a01f97e3c5cebe5f542667,ETH,YES,low,medium,medium,0.08999999999999998,0.0,0.030208607458403373,0.0,0.0,False,1.0,0.059791392541596614
delay_2s_only,1,2026-06-24T17:15:32.759728+00:00,0xc6ddbe45253f77b8dbd808a9153ec3477a66b95ce3dcd40edbdbf5e69a9fad74,BTC,YES,low,medium,medium,-0.059999999999999984,0.0,0.0,0.0,0.0,False,1.0,-0.059999999999999984
delay_2s_only,1,2026-06-24T17:17:04.766209+00:00,0xc6ddbe45253f77b8dbd808a9153ec3477a66b95ce3dcd40edbdbf5e69a9fad74,BTC,YES,low,medium,medium,0.01999999999999998,0.0,0.009978703086617448,0.0,0.0,False,1.0,0.010021296913382532
delay_2s_only,1,2026-06-24T17:20:12.764868+00:00,0xd8e21b0124221e5a6948b65f0b5c1b7c563a3c7e6ea11a1e7d760638a2e885ba,SOL,NO,medium,medium,high,0.15500000000000005,0.0,0.0,0.0,0.0,False,1.0,0.15500000000000005
delay_2s_only,1,2026-06-24T17:25:44.756279+00:00,0x0a15e96a2f8db3533603fd8a311915394fd8b8b6cbc3c3b90e5225964660bd94,ETH,YES,low,medium,high,0.030000000000000044,0.0,0.0,0.0,0.0,False,1.0,0.030000000000000044
delay_2s_only,1,2026-06-24T17:26:36.761972+00:00,0x0a15e96a2f8db3533603fd8a311915394fd8b8b6cbc3c3b90e5225964660bd94,ETH,YES,low,medium,high,0.11,0.0,0.0,0.0,0.0,False,1.0,0.11
delay_2s_only,1,2026-06-24T17:28:30.758436+00:00,0x8b89ebef2e337682d0c761c2d9ea76b14916b0fbaa6b07ab496782aa61d08092,SOL,NO,low,medium,medium,-0.03,0.0,0.0,0.0,0.0,False,1.0,-0.03
delay_2s_only,1,2026-06-24T17:32:12.757879+00:00,0xc53755a72a77c13680d29f80e88a1ffcdaeda374fb64389c3801a5660e24deb8,SOL,NO,low,medium,medium,0.030000000000000044,0.0,0.0,0.0,0.0,False,1.0,0.030000000000000044
delay_2s_only,1,2026-06-24T17:40:50.764310+00:00,0xe162acce182a1c54de6efd4a047bee1957d9d0ce3a96723f622886a34ce9ef56,BTC,NO,low,medium,medium,-0.05000000000000003,0.0,0.0,0.0,0.0,False,1.0,-0.05000000000000003
delay_2s_only,1,2026-06-24T17:46:02.756352+00:00,0x931296be6d3fc5e74df946ebeb47595bd30d0b51c747520c22454b54dbde783c,ETH,NO,medium,medium,high,0.16,0.0,0.0,0.0,0.0,False,1.0,0.16
delay_2s_only,1,2026-06-24T17:50:26.761135+00:00,0xe0261c3af71ec76885a6befe78536d37f4f39622a19d0102257561caaca61811,SOL,NO,low,medium,medium,0.06000000000000001,0.0,0.0,0.0,0.0,False,1.0,0.06000000000000001
delay_2s_only,1,2026-06-24T18:00:58.760168+00:00,0x5a189bc1b252af1469e531eb62cee5995fe46dd01bcaff6b137a7bc3109e2e43,SOL,NO,medium,low,medium,-0.05000000000000003,0.0,0.0,0.0,0.0,False,1.0,-0.05000000000000003
delay_2s_only,1,2026-06-24T18:01:08.757617+00:00,0x5a189bc1b252af1469e531eb62cee5995fe46dd01bcaff6b137a7bc3109e2e43,SOL,NO,medium,medium,medium,0.010000000000000026,0.0,0.004949172011109114,0.0,0.0,False,1.0,0.005050827988890913
delay_2s_only,1,2026-06-24T18:01:10.762661+00:00,0x5a189bc1b252af1469e531eb62cee5995fe46dd01bcaff6b137a7bc3109e2e43,SOL,NO,medium,medium,medium,-0.06999999999999999,0.0,0.04985940149443546,0.0,0.0,False,1.0,-0.11985940149443546
delay_2s_only,1,2026-06-24T18:01:28.765791+00:00,0x5a189bc1b252af1469e531eb62cee5995fe46dd01bcaff6b137a7bc3109e2e43,SOL,NO,medium,medium,medium,-0.05000000000000003,0.0,0.0,0.0,0.0,False,1.0,-0.05000000000000003
delay_2s_only,1,2026-06-24T18:01:32.763050+00:00,0x5a189bc1b252af1469e531eb62cee5995fe46dd01bcaff6b137a7bc3109e2e43,SOL,NO,medium,medium,medium,0.07000000000000002,0.0,0.0,0.0,0.0,False,1.0,0.07000000000000002
delay_2s_only,1,2026-06-24T18:01:48.762400+00:00,0x5a189bc1b252af1469e531eb62cee5995fe46dd01bcaff6b137a7bc3109e2e43,SOL,NO,medium,medium,medium,0.059999999999999956,0.0,0.0,0.0,0.0,False,1.0,0.059999999999999956
delay_2s_only,1,2026-06-24T18:05:24.753766+00:00,0x17dc5c06a8038c8b9fe98dc10caabed5e643e594aa096dfa257871e4e6fc79db,BTC,NO,medium,medium,high,0.05000000000000006,0.0,0.0,0.0,0.0,False,1.0,0.05000000000000006
delay_2s_only,1,2026-06-24T18:05:28.765310+00:00,0x17dc5c06a8038c8b9fe98dc10caabed5e643e594aa096dfa257871e4e6fc79db,BTC,NO,medium,medium,high,0.06999999999999997,0.0,0.10462723496817015,0.0,0.0,False,1.0,-0.03462723496817019
delay_2s_only,1,2026-06-24T18:05:36.760226+00:00,0x3d07d4fd8f80b13ff82b8a59ac4e27ef61cee1ca5f5e8b639dd421a3a7bc2fcb,SOL,NO,low,high,medium,0.04999999999999995,0.0,0.0,0.0,0.0,False,1.0,0.04999999999999995
delay_2s_only,1,2026-06-24T18:06:36.754811+00:00,0x3d07d4fd8f80b13ff82b8a59ac4e27ef61cee1ca5f5e8b639dd421a3a7bc2fcb,SOL,YES,low,medium,medium,0.039999999999999994,0.0,0.0,0.0,0.0,False,1.0,0.039999999999999994
delay_2s_only,1,2026-06-24T18:06:38.762149+00:00,0x3d07d4fd8f80b13ff82b8a59ac4e27ef61cee1ca5f5e8b639dd421a3a7bc2fcb,SOL,YES,low,medium,medium,0.09999999999999999,0.0,0.07955013046264003,0.0,0.0,False,1.0,0.020449869537359958
delay_2s_only,1,2026-06-24T18:10:32.759091+00:00,0xe3120089fce1f1a743fc240f0033561fca78ae3088352a0f3f52413a0a0b39cb,BTC,YES,low,medium,high,0.04999999999999995,0.0,0.0,0.0,0.0,False,1.0,0.04999999999999995
delay_2s_only,1,2026-06-24T18:10:48.754900+00:00,0x2a8f1b4db2834d8f740fa140f88d4c2cd7464241d37403fce3ab3bc53ee78792,ETH,NO,low,medium,high,0.06999999999999997,0.0,0.0,0.0,0.0,False,1.0,0.06999999999999997
delay_2s_only,1,2026-06-24T18:11:20.766968+00:00,0x2a8f1b4db2834d8f740fa140f88d4c2cd7464241d37403fce3ab3bc53ee78792,ETH,YES,low,medium,medium,-0.059999999999999984,0.0,0.0,0.0,0.0,False,1.0,-0.059999999999999984
delay_2s_only,1,2026-06-24T18:20:04.756204+00:00,0x3d34074cabf8c0c7082b719f8b1d246fbf3344709e9dceb7baf2a9e21d9dcd71,BTC,YES,low,medium,medium,-0.13000000000000003,0.0,0.0,0.0,0.0,False,1.0,-0.13000000000000003
delay_2s_only,1,2026-06-24T18:20:30.755092+00:00,0x3d34074cabf8c0c7082b719f8b1d246fbf3344709e9dceb7baf2a9e21d9dcd71,BTC,YES,low,medium,medium,-0.05499999999999998,0.0,0.0,0.0,0.0,False,1.0,-0.05499999999999998
delay_2s_only,1,2026-06-24T18:20:36.756990+00:00,0x063b6476f22b96ffa4e2b1b40b6be64b68228f02258cf4f2cb5ae83ecbf708fd,ETH,YES,medium,medium,medium,0.04999999999999995,0.0,0.0,0.0,0.0,False,1.0,0.04999999999999995
delay_2s_only,1,2026-06-24T18:20:40.753306+00:00,0x3d34074cabf8c0c7082b719f8b1d246fbf3344709e9dceb7baf2a9e21d9dcd71,BTC,YES,low,medium,medium,-0.059999999999999984,0.0,0.007586770368165449,0.0,0.0,False,1.0,-0.06758677036816543
delay_2s_only,1,2026-06-24T18:20:52.756246+00:00,0x3d34074cabf8c0c7082b719f8b1d246fbf3344709e9dceb7baf2a9e21d9dcd71,BTC,YES,low,medium,medium,0.039999999999999994,0.0,0.0,0.0,0.0,False,1.0,0.039999999999999994
delay_2s_only,1,2026-06-24T18:20:54.762187+00:00,0x3d34074cabf8c0c7082b719f8b1d246fbf3344709e9dceb7baf2a9e21d9dcd71,BTC,YES,low,medium,medium,0.010000000000000026,0.0,0.09966418123621829,0.0,0.0,False,1.0,-0.08966418123621826
delay_2s_only,1,2026-06-24T18:21:06.764841+00:00,0x3d34074cabf8c0c7082b719f8b1d246fbf3344709e9dceb7baf2a9e21d9dcd71,BTC,YES,low,medium,medium,-0.05000000000000003,0.0,0.06479859546681006,0.0,0.0,False,1.0,-0.1147985954668101
delay_2s_only,1,2026-06-24T18:21:10.764191+00:00,0x3d34074cabf8c0c7082b719f8b1d246fbf3344709e9dceb7baf2a9e21d9dcd71,BTC,YES,low,medium,medium,0.020000000000000035,0.0,0.0,0.0,0.0,False,1.0,0.020000000000000035
delay_2s_only,1,2026-06-24T18:21:12.754338+00:00,0x3d34074cabf8c0c7082b719f8b1d246fbf3344709e9dceb7baf2a9e21d9dcd71,BTC,YES,low,medium,medium,-0.06000000000000004,0.0,0.06540822295851223,0.0,0.0,False,1.0,-0.12540822295851228
delay_2s_only,1,2026-06-24T18:21:14.759655+00:00,0x3d34074cabf8c0c7082b719f8b1d246fbf3344709e9dceb7baf2a9e21d9dcd71,BTC,YES,low,high,medium,0.19499999999999998,0.0,0.0,0.0,0.0,False,1.0,0.19499999999999998
delay_2s_only,1,2026-06-24T18:23:18.758759+00:00,0x3d34074cabf8c0c7082b719f8b1d246fbf3344709e9dceb7baf2a9e21d9dcd71,BTC,YES,low,medium,medium,0.01500000000000003,0.0,0.06276408281262325,0.0,0.0,False,1.0,-0.04776408281262322
delay_2s_only,1,2026-06-24T18:26:40.754541+00:00,0x0f58baf57772722db394290841df2a23b89d3ef388a740790fe4356e58669164,ETH,NO,low,medium,medium,-0.38,0.0,0.0,0.0,0.0,False,1.0,-0.38
delay_2s_only,1,2026-06-24T18:32:18.765892+00:00,0xbde68413691d686e0741615c9dad23d2669c8cfcdd14efb81d2fd53260602d61,SOL,NO,low,medium,medium,0.05,0.0,0.019944698213542365,0.0,0.0,False,1.0,0.030055301786457638
delay_2s_only,1,2026-06-24T18:32:28.765868+00:00,0xbde68413691d686e0741615c9dad23d2669c8cfcdd14efb81d2fd53260602d61,SOL,NO,low,medium,medium,-0.10000000000000002,0.0,0.009907852061114568,0.0,0.0,False,1.0,-0.10990785206111459
delay_2s_only,1,2026-06-24T18:32:34.767339+00:00,0xbde68413691d686e0741615c9dad23d2669c8cfcdd14efb81d2fd53260602d61,SOL,NO,low,medium,medium,-0.09999999999999999,0.0,0.0,0.0,0.0,False,1.0,-0.09999999999999999
delay_2s_only,1,2026-06-24T18:32:36.756754+00:00,0xbde68413691d686e0741615c9dad23d2669c8cfcdd14efb81d2fd53260602d61,SOL,NO,low,medium,medium,0.025000000000000012,0.0,0.0,0.0,0.0,False,1.0,0.025000000000000012
delay_2s_only,1,2026-06-24T18:32:38.763486+00:00,0xbde68413691d686e0741615c9dad23d2669c8cfcdd14efb81d2fd53260602d61,SOL,NO,low,high,medium,-0.07500000000000002,0.0,0.10727625358288986,0.0,0.0,False,1.0,-0.1822762535828899
delay_2s_only,1,2026-06-24T18:32:40.753774+00:00,0xbde68413691d686e0741615c9dad23d2669c8cfcdd14efb81d2fd53260602d61,SOL,NO,low,medium,medium,0.030000000000000016,0.0,0.0,0.0,0.0,False,1.0,0.030000000000000016
delay_2s_only,1,2026-06-24T18:32:58.758626+00:00,0xbde68413691d686e0741615c9dad23d2669c8cfcdd14efb81d2fd53260602d61,SOL,NO,low,high,medium,-0.05000000000000003,0.0,0.0,0.0,0.0,False,1.0,-0.05000000000000003
delay_2s_only,1,2026-06-24T18:33:00.765000+00:00,0xbde68413691d686e0741615c9dad23d2669c8cfcdd14efb81d2fd53260602d61,SOL,NO,low,medium,medium,0.014999999999999975,0.0,0.0,0.0,0.0,False,1.0,0.014999999999999975
delay_2s_only,1,2026-06-24T18:51:52.760600+00:00,0x76ceb5966715afdbb09250dea84bccfc837e72c59d375b0ca15e03fcc417fb4e,SOL,YES,low,medium,medium,-0.06999999999999999,0.0,0.0,0.0,0.0,False,1.0,-0.06999999999999999
delay_2s_only,1,2026-06-24T18:51:54.765991+00:00,0x76ceb5966715afdbb09250dea84bccfc837e72c59d375b0ca15e03fcc417fb4e,SOL,YES,low,medium,medium,0.039999999999999994,0.0,0.0,0.0,0.0,False,1.0,0.039999999999999994
delay_2s_only,1,2026-06-24T18:51:56.756813+00:00,0x76ceb5966715afdbb09250dea84bccfc837e72c59d375b0ca15e03fcc417fb4e,SOL,YES,low,high,medium,0.01500000000000003,0.0,0.11560159404997641,0.0,0.0,False,1.0,-0.10060159404997639
delay_2s_only,1,2026-06-24T18:52:10.764773+00:00,0x768552d5316e123aaa73080f47f5e8f4e0ba7553daff6a1d32fa8d9ed5552775,ETH,YES,low,medium,medium,0.059999999999999956,0.0,0.0,0.0,0.0,False,1.0,0.059999999999999956
delay_2s_only,1,2026-06-24T18:52:48.766058+00:00,0x768552d5316e123aaa73080f47f5e8f4e0ba7553daff6a1d32fa8d9ed5552775,ETH,YES,low,low,medium,0.014999999999999975,0.0,0.0,0.0,0.0,False,1.0,0.014999999999999975
delay_2s_only,1,2026-06-24T18:52:48.766058+00:00,0x76ceb5966715afdbb09250dea84bccfc837e72c59d375b0ca15e03fcc417fb4e,SOL,YES,low,low,medium,-0.07000000000000005,0.0,0.0,0.0,0.0,False,1.0,-0.07000000000000005
delay_2s_only,1,2026-06-24T18:52:52.763973+00:00,0x76ceb5966715afdbb09250dea84bccfc837e72c59d375b0ca15e03fcc417fb4e,SOL,YES,low,medium,medium,0.020000000000000035,0.0,0.0,0.0,0.0,False,1.0,0.020000000000000035
delay_2s_only,1,2026-06-24T18:53:46.759987+00:00,0x76ceb5966715afdbb09250dea84bccfc837e72c59d375b0ca15e03fcc417fb4e,SOL,YES,medium,low,medium,0.09999999999999999,0.0,0.1103178913072521,0.0,0.0,False,1.0,-0.010317891307252108
delay_2s_only,1,2026-06-24T19:00:16.766958+00:00,0x6f14d199dafd35a5f545aad500e9cd65eaf22a2bf1a522817da62c57245246f4,SOL,NO,low,medium,medium,0.020000000000000035,0.0,0.0025235968590768144,0.0,0.0,False,1.0,0.01747640314092322
delay_2s_only,1,2026-06-24T19:00:20.764327+00:00,0x6f14d199dafd35a5f545aad500e9cd65eaf22a2bf1a522817da62c57245246f4,SOL,NO,low,high,medium,-0.06499999999999999,0.0,0.0,0.0,0.0,False,1.0,-0.06499999999999999
delay_2s_only,1,2026-06-24T19:00:26.766094+00:00,0x6f14d199dafd35a5f545aad500e9cd65eaf22a2bf1a522817da62c57245246f4,SOL,NO,low,medium,medium,0.014999999999999975,0.0,0.0,0.0,0.0,False,1.0,0.014999999999999975
delay_2s_only,1,2026-06-24T19:00:34.758570+00:00,0x6f14d199dafd35a5f545aad500e9cd65eaf22a2bf1a522817da62c57245246f4,SOL,NO,low,medium,medium,-0.06999999999999999,0.0,0.01745164561066002,0.0,0.0,False,1.0,-0.08745164561066002
delay_2s_only,1,2026-06-24T19:00:46.763874+00:00,0x6f14d199dafd35a5f545aad500e9cd65eaf22a2bf1a522817da62c57245246f4,SOL,NO,low,low,medium,0.010000000000000026,0.0,0.0,0.0,0.0,False,1.0,0.010000000000000026
delay_2s_only,1,2026-06-24T19:01:30.763622+00:00,0x6f14d199dafd35a5f545aad500e9cd65eaf22a2bf1a522817da62c57245246f4,SOL,NO,low,medium,medium,-0.05000000000000003,0.0,0.054856820397891956,0.0,0.0,False,1.0,-0.10485682039789199
delay_2s_only,1,2026-06-24T19:02:02.766777+00:00,0x9828065f135b73cbb04da613189035c96beca24508e8d4b15f9a9b670b7519eb,ETH,NO,low,medium,medium,0.01999999999999998,0.0,0.07469055181220287,0.0,0.0,False,1.0,-0.05469055181220289
delay_2s_only,1,2026-06-24T19:02:02.766777+00:00,0x6f14d199dafd35a5f545aad500e9cd65eaf22a2bf1a522817da62c57245246f4,SOL,NO,low,medium,high,0.06000000000000001,0.0,0.0,0.0,0.0,False,1.0,0.06000000000000001
delay_2s_only,1,2026-06-24T19:02:04.757011+00:00,0x6f14d199dafd35a5f545aad500e9cd65eaf22a2bf1a522817da62c57245246f4,SOL,NO,low,medium,medium,-0.11499999999999998,0.0,0.1207860768407754,0.0,0.0,False,1.0,-0.23578607684077538
delay_2s_only,1,2026-06-24T19:02:06.762138+00:00,0x6f14d199dafd35a5f545aad500e9cd65eaf22a2bf1a522817da62c57245246f4,SOL,NO,low,medium,medium,0.02999999999999999,0.0,0.0,0.0,0.0,False,1.0,0.02999999999999999
delay_2s_only,1,2026-06-24T19:02:08.753956+00:00,0x6f14d199dafd35a5f545aad500e9cd65eaf22a2bf1a522817da62c57245246f4,SOL,NO,low,high,medium,-0.06999999999999999,0.0,0.12298436928012166,0.0,0.0,False,1.0,-0.19298436928012164
delay_2s_only,1,2026-06-24T19:02:34.760304+00:00,0x6f14d199dafd35a5f545aad500e9cd65eaf22a2bf1a522817da62c57245246f4,SOL,NO,low,medium,medium,0.010000000000000026,0.0,0.0,0.0,0.0,False,1.0,0.010000000000000026
delay_2s_only,1,2026-06-24T19:12:34.759652+00:00,0x1aee94333f9f59a16641bfb6bb79781128bfc7c762e6ec35a3e28ae595c8f710,ETH,YES,low,low,medium,-0.03,0.0,0.0,0.0,0.0,False,1.0,-0.03
delay_2s_only,1,2026-06-24T19:15:48.754190+00:00,0x4982ded7e4b9233220595f26cc997fa151f1902c8893a0a78a52d656b5fdb3d4,ETH,NO,medium,medium,medium,-0.08,0.0,0.0,0.0,0.0,False,1.0,-0.08
delay_2s_only,1,2026-06-24T19:15:50.760306+00:00,0xb802375b899f20776320f8a3ad101bd8c4a32ff81a436fcc308a140cc33d96bf,BTC,NO,low,medium,medium,0.010000000000000026,0.0,0.0,0.0,0.0,False,1.0,0.010000000000000026
delay_2s_only,1,2026-06-24T19:15:50.760306+00:00,0x4982ded7e4b9233220595f26cc997fa151f1902c8893a0a78a52d656b5fdb3d4,ETH,NO,medium,medium,medium,0.03499999999999999,0.0,0.0,0.0,0.0,False,1.0,0.03499999999999999
delay_2s_only,1,2026-06-24T19:25:34.759452+00:00,0x6e39d066f4cd8679f901216c55834139a9ad2240af38a11b09b63b0473e2b84b,SOL,YES,low,medium,medium,0.010000000000000026,0.0,0.0,0.0,0.0,False,1.0,0.010000000000000026
delay_2s_only,1,2026-06-24T19:26:04.757062+00:00,0x6e39d066f4cd8679f901216c55834139a9ad2240af38a11b09b63b0473e2b84b,SOL,YES,low,medium,medium,0.07500000000000002,0.0,0.0,0.0,0.0,False,1.0,0.07500000000000002
delay_2s_only,1,2026-06-24T19:37:46.757371+00:00,0xfedc3df4cb1db1fc866524795ac2fcdf9941f43010b9c15e487a333e6f266394,SOL,YES,low,medium,high,0.010000000000000026,0.0,0.0,0.0,0.0,False,1.0,0.010000000000000026
delay_2s_only,1,2026-06-24T19:37:50.757198+00:00,0xfedc3df4cb1db1fc866524795ac2fcdf9941f43010b9c15e487a333e6f266394,SOL,YES,low,medium,medium,-0.09999999999999996,0.0,0.0,0.0,0.0,False,1.0,-0.09999999999999996
delay_2s_only,1,2026-06-24T19:41:20.756922+00:00,0x7001dd0099cdee5fbb1efe846336e41812c524e7585b6f7c9a0a5c9882f114b9,SOL,NO,low,medium,medium,0.03999999999999994,0.0,0.0,0.0,0.0,False,1.0,0.03999999999999994
delay_2s_only,1,2026-06-24T19:48:44.761661+00:00,0x4f55d140209fd0d5a7745de8f8a0f150f3b6097aedbaeee7d1a0618c0c3d7bb8,ETH,NO,low,medium,medium,0.06999999999999997,0.0,0.0,0.0,0.0,False,1.0,0.06999999999999997
delay_2s_only,1,2026-06-24T19:53:26.758012+00:00,0x3ba3b3f951b2628ef716722de268dd5e244f8d45fd355168fab2e3b85af75128,SOL,NO,low,medium,high,-0.0315,0.0,0.0,0.0,0.0,False,1.0,-0.0315
delay_2s_only,1,2026-06-24T20:01:06.759646+00:00,0x88fd0bf02fe557e16419750274baafa5fd89a12437e7d4215161d95a77cc069e,SOL,NO,low,medium,medium,-0.05,0.0,0.0,0.0,0.0,False,1.0,-0.05
delay_2s_only,1,2026-06-24T20:01:08.765938+00:00,0x99160df581693bc7fa4ad76b5fe823f5346ef5cb655f1e8650a60c30a642c0ac,BTC,YES,low,high,medium,0.29,0.0,0.12450055359045943,0.0,0.0,False,1.0,0.16549944640954056
delay_2s_only,1,2026-06-24T20:08:34.761066+00:00,0xd14dfda063d0d2dafe354fe938c73ea7643db9f344cf11598794d252f8d453a1,BTC,NO,low,low,medium,-0.018,0.0,0.0,0.0,0.0,False,1.0,-0.018
delay_2s_only,1,2026-06-24T20:13:52.754397+00:00,0xf8776b5271ce59d683b9da736a42f8139c58e4093ad342ae1288f9addc1b3cfe,BTC,NO,low,medium,medium,-0.06499999999999999,0.0,0.0,0.0,0.0,False,1.0,-0.06499999999999999
delay_2s_only,1,2026-06-24T20:13:56.764659+00:00,0xf8776b5271ce59d683b9da736a42f8139c58e4093ad342ae1288f9addc1b3cfe,BTC,NO,low,high,medium,-0.12999999999999998,0.0,0.0,0.0,0.0,False,1.0,-0.12999999999999998
delay_2s_only,1,2026-06-24T20:17:30.756983+00:00,0x9c3ac652cc797ed5fdf7c5717c58c9ce007e9fabecc76e1454bf2d8db03c7150,BTC,YES,low,medium,medium,-0.06000000000000004,0.0,0.0,0.0,0.0,False,1.0,-0.06000000000000004
delay_2s_only,1,2026-06-24T20:17:34.755355+00:00,0x9c3ac652cc797ed5fdf7c5717c58c9ce007e9fabecc76e1454bf2d8db03c7150,BTC,YES,low,medium,medium,0.020000000000000035,0.0,0.0,0.0,0.0,False,1.0,0.020000000000000035
delay_2s_only,1,2026-06-24T20:17:38.755356+00:00,0x9c3ac652cc797ed5fdf7c5717c58c9ce007e9fabecc76e1454bf2d8db03c7150,BTC,YES,low,medium,medium,0.010000000000000026,0.0,0.02012579996792957,0.0,0.0,False,1.0,-0.010125799967929543
delay_2s_only,1,2026-06-24T20:17:48.756472+00:00,0x9c3ac652cc797ed5fdf7c5717c58c9ce007e9fabecc76e1454bf2d8db03c7150,BTC,YES,low,low,medium,0.04999999999999995,0.0,0.010088175057686936,0.0,0.0,False,1.0,0.03991182494231301
delay_2s_only,1,2026-06-24T20:18:06.756462+00:00,0x9c3ac652cc797ed5fdf7c5717c58c9ce007e9fabecc76e1454bf2d8db03c7150,BTC,YES,medium,medium,medium,-0.055000000000000035,0.0,0.022440701953821106,0.0,0.0,False,1.0,-0.07744070195382113
delay_2s_only,1,2026-06-24T20:18:34.759712+00:00,0x9c3ac652cc797ed5fdf7c5717c58c9ce007e9fabecc76e1454bf2d8db03c7150,BTC,YES,low,medium,medium,0.029999999999999933,0.0,0.004923819614919918,0.0,0.0,False,1.0,0.025076180385080013
delay_2s_only,1,2026-06-24T20:18:42.754973+00:00,0x9c3ac652cc797ed5fdf7c5717c58c9ce007e9fabecc76e1454bf2d8db03c7150,BTC,YES,low,high,medium,0.01500000000000003,0.0,0.0,0.0,0.0,False,1.0,0.01500000000000003
delay_2s_only,1,2026-06-24T20:23:28.766404+00:00,0x664abf9e27ed69e80bbe4cc0517b8a125ca044c42ad3357a7c7af2ed9436c74e,SOL,NO,low,medium,medium,0.09999999999999999,0.0,0.019942540262867105,0.0,0.0,False,1.0,0.08005745973713288
delay_2s_only,1,2026-06-24T20:31:42.764262+00:00,0x4dd3a21158dc2341d429921b0f01d6ef1d5b1b88544a4e1166825c85360a31f3,SOL,YES,low,medium,medium,0.05000000000000006,0.0,0.0,0.0,0.0,False,1.0,0.05000000000000006
delay_2s_only,1,2026-06-24T20:50:08.762751+00:00,0x8faf001f0cb0420fe9216e45664d43db363e1235986c35e425847671efe887b9,SOL,NO,low,medium,high,0.35,0.0,0.0,0.0,0.0,False,1.0,0.35
delay_2s_only,1,2026-06-24T20:50:34.755582+00:00,0xb5b2cc6f7e364320387000357dcec77c8e290b19a91515fda9f1eba110a7206b,ETH,YES,low,medium,medium,-0.02,0.0,0.0,0.0,0.0,False,1.0,-0.02
delay_2s_only,1,2026-06-24T20:50:58.754381+00:00,0x8faf001f0cb0420fe9216e45664d43db363e1235986c35e425847671efe887b9,SOL,YES,medium,medium,high,-0.39,0.0,0.0,0.0,0.0,False,1.0,-0.39
delay_2s_only,1,2026-06-24T20:51:14.759775+00:00,0xa18f20c9d7af10ea829ba2117f462eed5781ccb83a3b11964e8464ea1bee0872,BTC,NO,medium,medium,high,0.010000000000000026,0.0,0.0,0.0,0.0,False,1.0,0.010000000000000026
delay_2s_only,1,2026-06-24T20:51:18.756585+00:00,0xb5b2cc6f7e364320387000357dcec77c8e290b19a91515fda9f1eba110a7206b,ETH,NO,medium,medium,high,-0.02,0.0,0.0,0.0,0.0,False,1.0,-0.02
delay_2s_only,1,2026-06-24T20:52:00.752541+00:00,0xa18f20c9d7af10ea829ba2117f462eed5781ccb83a3b11964e8464ea1bee0872,BTC,NO,medium,medium,medium,0.07499999999999997,0.0,0.0,0.0,0.0,False,1.0,0.07499999999999997
delay_2s_only,1,2026-06-24T21:05:24.762965+00:00,0xaa2029eae1454eff4dd2950180ce1a61bf2cc891c5bac51d9e0a15f22cddbee9,BTC,NO,low,medium,medium,-0.06000000000000004,0.0,0.0,0.0,0.0,False,1.0,-0.06000000000000004
delay_2s_only,1,2026-06-24T21:06:00.760134+00:00,0xaa2029eae1454eff4dd2950180ce1a61bf2cc891c5bac51d9e0a15f22cddbee9,BTC,NO,low,medium,medium,-0.08500000000000006,0.0,0.0,0.0,0.0,False,1.0,-0.08500000000000006
delay_2s_only,1,2026-06-24T21:06:02.752654+00:00,0xaa2029eae1454eff4dd2950180ce1a61bf2cc891c5bac51d9e0a15f22cddbee9,BTC,NO,low,medium,medium,-0.09000000000000001,0.0,0.0,0.0,0.0,False,1.0,-0.09000000000000001
delay_2s_only,1,2026-06-24T21:17:38.763105+00:00,0x937f6ce7ec05a5cf598e814d8b21ca1b03831a607d67f7a737b4b455195b6347,ETH,YES,low,medium,medium,0.02999999999999999,0.0,0.060090161851692685,0.0,0.0,False,1.0,-0.030090161851692696
delay_2s_only,1,2026-06-24T21:22:02.765156+00:00,0xc6ef5efefe52337535ef640dc5214f2cfca21f24db5da5f6461bb61b04d1757b,SOL,NO,medium,medium,medium,0.09999999999999994,0.0,0.0,0.0,0.0,False,1.0,0.09999999999999994
delay_2s_only,1,2026-06-24T21:22:20.752241+00:00,0xc6ef5efefe52337535ef640dc5214f2cfca21f24db5da5f6461bb61b04d1757b,SOL,NO,low,medium,medium,-0.12000000000000004,0.0,0.0,0.0,0.0,False,1.0,-0.12000000000000004
delay_2s_only,1,2026-06-24T21:23:58.762346+00:00,0xc6ef5efefe52337535ef640dc5214f2cfca21f24db5da5f6461bb61b04d1757b,SOL,NO,medium,medium,medium,0.2849999999999999,0.0,0.08963211542324463,0.0,0.0,False,1.0,0.1953678845767553
delay_2s_only,1,2026-06-24T22:03:08.763973+00:00,0x8d3e7e3c36b3e5d1112c98d87518a00383581755190d5a55edc69c26749c1f59,ETH,NO,low,medium,medium,0.05,0.0,0.027342110994940085,0.0,0.0,False,1.0,0.022657889005059918
delay_2s_only,1,2026-06-25T00:06:46.764238+00:00,0xd65cb4f9d9b3cd9e0726c6723aaedeea6270e2b27f07e8d8d75fb866fc66efda,SOL,YES,medium,high,medium,0.365,0.0,0.0,0.0,0.0,False,1.0,0.365
delay_2s_only,1,2026-06-25T02:56:12.762022+00:00,0xdc50528ddd95715389bece5e22c3924ab255ac03cc50a796d14fc1536f99e645,BTC,NO,low,medium,medium,0.14000000000000004,0.0,0.0,0.0,0.0,False,1.0,0.14000000000000004
delay_2s_only,1,2026-06-25T03:15:10.763656+00:00,0xd64b2ce5267698719de20d05b135368962c8a4f1835384f18f0605ccaac199d5,BTC,NO,medium,medium,medium,0.31999999999999995,0.0,0.014932386981331116,0.0,0.0,False,1.0,0.30506761301866886
delay_2s_only,1,2026-06-25T03:15:10.763656+00:00,0xe9b43bb6aa0a0aa923a5b7ea6e70758b5f517507971004160627be84bdb0dbe3,SOL,NO,medium,medium,medium,0.32999999999999996,0.0,0.0,0.0,0.0,False,1.0,0.32999999999999996
delay_2s_only,2,2026-06-25T20:08:34.804565+00:00,0xee90821efc94653c995d4583794da5c87e3c033a1e0a24f1f4ee824d2357c750,BTC,NO,low,medium,medium,-0.06000000000000004,0.0,0.0,0.0,0.0,False,1.0,-0.06000000000000004
delay_2s_only,2,2026-06-25T22:25:40.815254+00:00,0x42561c5c6f58ab741b19c250935435977309241d54a0c21753c74a382c8bf1ec,SOL,NO,low,high,medium,0.05500000000000001,0.0,0.0,0.0,0.0,False,1.0,0.05500000000000001
delay_2s_only,2,2026-06-25T23:30:14.811724+00:00,0x78e6a3146dd778fc3150db6ba5f2fe3b701ff446bbaff21453236e84bee5434d,SOL,NO,medium,high,medium,0.039999999999999994,0.0,0.0,0.0,0.0,False,1.0,0.039999999999999994
delay_2s_only,2,2026-06-25T23:37:52.815776+00:00,0x953e34839580df1f86da756ce29e11f3a83588f2d7c5a8b5146bbe13c3ad7f35,BTC,NO,low,medium,medium,0.38,0.0,0.06498568511514945,0.0,0.0,False,1.0,0.31501431488485054
delay_2s_only,2,2026-06-26T02:21:20.818691+00:00,0xe92b6aa7834be28be01989eb9239f7bc730eef595bb9081c81db7640532437a3,SOL,NO,low,medium,medium,0.020000000000000035,0.0,0.11429002127328672,0.0,0.0,False,1.0,-0.09429002127328669
delay_2s_only,2,2026-06-26T02:31:04.812637+00:00,0x0d8fce3554cb6a7e22dac3a088ee1b258895693bde0bdce58ef37a2d50eb0f3a,ETH,YES,low,medium,medium,0.035000000000000045,0.0,0.04236039397328602,0.0,0.0,False,1.0,-0.0073603939732859724
delay_2s_only,2,2026-06-26T02:35:42.806769+00:00,0x136e15d4a85563899e310f043e14992b3ea9f163c94c722c836f29143ac271f4,ETH,NO,low,medium,medium,0.04000000000000005,0.0,0.0,0.0,0.0,False,1.0,0.04000000000000005
delay_2s_only,2,2026-06-26T02:40:48.805212+00:00,0x8e4bcd7de404304d78ffd6801cda6a969cd3550ebe3dbc28e4c0b8ff9938a14a,SOL,YES,low,medium,medium,0.13999999999999999,0.0,0.0,0.0,0.0,False,1.0,0.13999999999999999
delay_2s_only,2,2026-06-26T02:51:38.817347+00:00,0xe508261496efeb201653b58e80e7f513fc39987412717485e6b55bb061579c69,ETH,NO,low,medium,medium,0.039999999999999994,0.0,0.029817506951012367,0.0,0.0,False,1.0,0.010182493048987627
delay_2s_only,2,2026-06-26T02:51:56.806004+00:00,0xe508261496efeb201653b58e80e7f513fc39987412717485e6b55bb061579c69,ETH,NO,low,medium,medium,0.030000000000000044,0.0,0.0,0.0,0.0,False,1.0,0.030000000000000044
delay_2s_only,2,2026-06-26T02:52:32.804179+00:00,0xc3f03ff87f66c7f90f0170c31343b35b3d222c9592259bb603fe0832409a0fdf,BTC,NO,low,medium,medium,0.02999999999999999,0.0,0.0,0.0,0.0,False,1.0,0.02999999999999999
delay_2s_only,2,2026-06-26T02:52:32.804179+00:00,0xe508261496efeb201653b58e80e7f513fc39987412717485e6b55bb061579c69,ETH,NO,low,medium,medium,0.06999999999999997,0.0,0.0,0.0,0.0,False,1.0,0.06999999999999997
delay_2s_only,2,2026-06-26T02:57:22.804967+00:00,0x26d1ef52a5ebf5babad8932669762730e15bd1a446a00e43d9be96da4efc83c4,ETH,NO,low,medium,medium,0.115,0.0,0.0,0.0,0.0,False,1.0,0.115
delay_2s_only,2,2026-06-26T03:00:38.803974+00:00,0x63edaf8ffd40b636dc86e7c49b6296c604d4ea5caa43b031869f3147e21dd62b,SOL,YES,low,high,medium,-0.085,0.0,0.0,0.0,0.0,False,1.0,-0.085
delay_2s_only,2,2026-06-26T03:01:24.814231+00:00,0xc358642287952e08f2fbbd5a90f7574d73a87685780ca454b0efda7e9e598cd4,ETH,NO,high,medium,medium,0.20500000000000004,0.0,0.0,0.0,0.0,False,1.0,0.20500000000000004
delay_2s_only,2,2026-06-26T03:03:32.816621+00:00,0x63edaf8ffd40b636dc86e7c49b6296c604d4ea5caa43b031869f3147e21dd62b,SOL,YES,low,medium,medium,0.19000000000000009,0.0,0.0,0.0,0.0,False,1.0,0.19000000000000009
delay_2s_only,2,2026-06-26T03:05:08.804343+00:00,0x45454c0281a47979043962ffc486828eaf366f6e60c61c60460810e7425f44a1,BTC,NO,low,medium,medium,0.059999999999999956,0.0,0.07512564701785959,0.0,0.0,False,1.0,-0.015125647017859636
delay_2s_only,2,2026-06-26T03:06:02.818025+00:00,0xa16a5cae23414513a2199fe036ffb3c48978064e3c53b7d9b2ae57ee97de8bff,ETH,NO,low,medium,medium,0.045,0.0,0.0,0.0,0.0,False,1.0,0.045
delay_2s_only,2,2026-06-26T03:06:28.814788+00:00,0x200710e3e43d33b143ccd80d0a2e3a265017d2dc75281f8951b674131c3f26bb,SOL,NO,medium,high,medium,0.08499999999999998,0.0,0.10713328285585055,0.0,0.0,False,1.0,-0.022133282855850575
delay_2s_only,2,2026-06-26T03:16:38.807970+00:00,0x3fa0111e36690372aa90e248420ec855bd7c896e4868c9f32998c6f075384169,ETH,YES,low,medium,medium,0.11,0.0,0.0,0.0,0.0,False,1.0,0.11
delay_2s_only,2,2026-06-26T03:32:26.818047+00:00,0x0b97e37bec2a876f4ff7b37c51c8895e26ea39d6e3a2d9cb9ddbe6b457ce8860,SOL,YES,high,high,medium,0.21000000000000005,0.0,0.09429375976736606,0.0,0.0,False,1.0,0.11570624023263398
delay_2s_only,2,2026-06-26T03:55:08.803525+00:00,0x4899182aad7398c555f2a57cd6737598b159c5e6aa63bb73b798e6026f8b0094,SOL,NO,medium,low,medium,0.07999999999999997,0.0,0.11786848860743782,0.0,0.0,False,1.0,-0.03786848860743784
delay_2s_only,2,2026-06-26T03:55:16.816237+00:00,0x4899182aad7398c555f2a57cd6737598b159c5e6aa63bb73b798e6026f8b0094,SOL,NO,low,low,medium,-0.08000000000000006,0.0,0.0,0.0,0.0,False,1.0,-0.08000000000000006
delay_2s_only,2,2026-06-26T03:57:48.804438+00:00,0x4899182aad7398c555f2a57cd6737598b159c5e6aa63bb73b798e6026f8b0094,SOL,NO,medium,high,medium,-0.055000000000000035,0.0,0.1232745108927387,0.0,0.0,False,1.0,-0.17827451089273874
delay_2s_only,2,2026-06-26T03:57:58.809960+00:00,0x4899182aad7398c555f2a57cd6737598b159c5e6aa63bb73b798e6026f8b0094,SOL,NO,low,high,medium,0.035000000000000045,0.0,0.012454507852108321,0.0,0.0,False,1.0,0.022545492147891723
delay_2s_only,2,2026-06-26T03:58:02.810248+00:00,0x4899182aad7398c555f2a57cd6737598b159c5e6aa63bb73b798e6026f8b0094,SOL,NO,medium,medium,medium,0.08999999999999998,0.0,0.0,0.0,0.0,False,1.0,0.08999999999999998
delay_2s_only,2,2026-06-26T03:58:28.812680+00:00,0x4899182aad7398c555f2a57cd6737598b159c5e6aa63bb73b798e6026f8b0094,SOL,NO,medium,medium,medium,0.059999999999999956,0.0,0.0,0.0,0.0,False,1.0,0.059999999999999956
delay_2s_only,2,2026-06-26T04:00:06.817578+00:00,0xa931c0e10d5530f989373caa003629057063609e4005786b743bae537c217c34,SOL,NO,low,medium,medium,0.05499999999999995,0.0,0.037310782443772256,0.0,0.0,False,1.0,0.017689217556227696
delay_2s_only,2,2026-06-26T04:00:20.812413+00:00,0x63cab951a7245a6f73b6e5e26a09e371e2feeeecc1e604537033a6353bf3944e,BTC,NO,medium,medium,medium,0.06500000000000002,0.0,0.10953889584872856,0.0,0.0,False,1.0,-0.04453889584872854
delay_2s_only,2,2026-06-26T04:00:22.803330+00:00,0x63cab951a7245a6f73b6e5e26a09e371e2feeeecc1e604537033a6353bf3944e,BTC,NO,medium,medium,medium,0.14499999999999993,0.0,0.10327104243442725,0.0,0.0,False,1.0,0.04172895756557268
delay_2s_only,2,2026-06-26T06:53:30.812574+00:00,0x4ff498fe655344b90bf7a5b904a79a24821ad4553fd49596772479324346a029,SOL,NO,medium,high,medium,0.024999999999999984,0.0,0.0,0.0,0.0,False,1.0,0.024999999999999984
delay_2s_only,2,2026-06-26T06:53:32.804327+00:00,0x4ff498fe655344b90bf7a5b904a79a24821ad4553fd49596772479324346a029,SOL,NO,medium,medium,medium,-0.06999999999999999,0.0,0.3356116950163403,0.0,0.0,False,1.0,-0.4056116950163403
delay_2s_only,2,2026-06-26T07:05:48.811781+00:00,0x43005d0675491621f54ab6875a6c632e3ee1d0ec2022689ceef619343b23aa90,SOL,NO,low,medium,medium,0.029999999999999933,0.0,0.027446054203778728,0.0,0.0,False,1.0,0.0025539457962212055
delay_2s_only,2,2026-06-26T07:06:38.804569+00:00,0x43005d0675491621f54ab6875a6c632e3ee1d0ec2022689ceef619343b23aa90,SOL,NO,low,medium,medium,-0.11000000000000003,0.0,0.0,0.0,0.0,False,1.0,-0.11000000000000003
delay_2s_only,2,2026-06-26T07:06:40.809802+00:00,0x43005d0675491621f54ab6875a6c632e3ee1d0ec2022689ceef619343b23aa90,SOL,NO,low,medium,medium,-0.059999999999999984,0.0,0.0,0.0,0.0,False,1.0,-0.059999999999999984
delay_2s_only,2,2026-06-26T07:08:32.818104+00:00,0x43005d0675491621f54ab6875a6c632e3ee1d0ec2022689ceef619343b23aa90,SOL,NO,low,medium,medium,-0.07000000000000005,0.0,0.05477656107445668,0.0,0.0,False,1.0,-0.12477656107445673
delay_2s_only,2,2026-06-26T07:40:34.806231+00:00,0xd26cee061a5b0d0f82fcb2457d5de1bb3334659b47dff621b8d511e56e10a868,BTC,NO,low,medium,medium,0.020000000000000035,0.0,0.0,0.0,0.0,False,1.0,0.020000000000000035
delay_2s_only,2,2026-06-26T07:40:34.806231+00:00,0xc84d4d834953770775dc2fef52283e2d3ae621102db7672f438730406001fa49,ETH,NO,low,medium,medium,0.11,0.0,0.0,0.0,0.0,False,1.0,0.11
delay_2s_only,2,2026-06-26T07:40:36.812020+00:00,0xd26cee061a5b0d0f82fcb2457d5de1bb3334659b47dff621b8d511e56e10a868,BTC,NO,low,medium,medium,0.019999999999999924,0.0,0.09231351154580553,0.0,0.0,False,1.0,-0.0723135115458056
delay_2s_only,2,2026-06-26T07:45:32.818637+00:00,0x7f26a6a9237c0ddf229911a7c90349ed1f8b495468cbf2c8182a92f7cfc7a0e8,ETH,YES,low,medium,medium,0.06000000000000001,0.0,0.0,0.0,0.0,False,1.0,0.06000000000000001
delay_2s_only,2,2026-06-26T07:45:38.808508+00:00,0x7f26a6a9237c0ddf229911a7c90349ed1f8b495468cbf2c8182a92f7cfc7a0e8,ETH,YES,low,medium,medium,0.039999999999999994,0.0,0.0,0.0,0.0,False,1.0,0.039999999999999994
delay_2s_only,2,2026-06-26T08:00:30.814345+00:00,0xe6a382ea25b9a95e964f4832e995c5e02cc31115908a9ef32975a67d8f3ede20,SOL,NO,low,medium,medium,0.10499999999999994,0.0,0.0,0.0,0.0,False,1.0,0.10499999999999994
delay_2s_only,3,2026-07-01T21:38:34.364551+00:00,0xccddd1603d20c4477f2ac4e9f226747d540c9f0fe9ebc85b76cbdd992afa90a5,SOL,YES,low,medium,low,0.18999999999999997,0.0,0.0,0.0,0.0,False,1.0,0.18999999999999997
delay_2s_only,3,2026-07-01T21:40:16.374459+00:00,0x1e62581fd9a1f2400a72b0ace91b1149d1dd03a3202a315563efea9499e0e23b,BTC,YES,low,medium,low,0.05000000000000006,0.0,0.0,0.0,0.0,False,1.0,0.05000000000000006
delay_2s_only,3,2026-07-01T21:40:22.365273+00:00,0x4c09abece310efe0c502e2b081a875d0020f5b30af3c45f19145efd6b791df0b,ETH,YES,medium,medium,low,0.06500000000000002,0.0,0.015060417247856646,0.0,0.0,False,1.0,0.04993958275214337
delay_2s_only,3,2026-07-01T21:40:22.365273+00:00,0x2729a97dbed765fa7f38618dc0399548892a2600fac0138be2d913602762d5e7,SOL,YES,low,medium,low,0.039999999999999994,0.0,0.0,0.0,0.0,False,1.0,0.039999999999999994
delay_2s_only,3,2026-07-01T21:40:24.371334+00:00,0x2729a97dbed765fa7f38618dc0399548892a2600fac0138be2d913602762d5e7,SOL,YES,low,medium,low,0.08999999999999998,0.0,0.08963771259744661,0.0,0.0,False,1.0,0.00036228740255336844
delay_2s_only,3,2026-07-01T21:41:12.371170+00:00,0x2729a97dbed765fa7f38618dc0399548892a2600fac0138be2d913602762d5e7,SOL,YES,low,medium,low,0.04000000000000005,0.0,0.0,0.0,0.0,False,1.0,0.04000000000000005
delay_2s_only,3,2026-07-01T21:41:40.369327+00:00,0x2729a97dbed765fa7f38618dc0399548892a2600fac0138be2d913602762d5e7,SOL,YES,low,medium,low,-0.059999999999999984,0.0,0.009891376354623598,0.0,0.0,False,1.0,-0.06989137635462359
delay_2s_only,3,2026-07-01T21:41:46.372488+00:00,0x2729a97dbed765fa7f38618dc0399548892a2600fac0138be2d913602762d5e7,SOL,YES,low,medium,low,0.039999999999999994,0.0,0.0,0.0,0.0,False,1.0,0.039999999999999994
delay_2s_only,3,2026-07-01T21:42:04.370096+00:00,0x2729a97dbed765fa7f38618dc0399548892a2600fac0138be2d913602762d5e7,SOL,YES,low,low,low,-0.07500000000000005,0.0,0.0,0.0,0.0,False,1.0,-0.07500000000000005
delay_2s_only,3,2026-07-01T21:43:34.364596+00:00,0x4c09abece310efe0c502e2b081a875d0020f5b30af3c45f19145efd6b791df0b,ETH,YES,low,medium,low,0.010000000000000026,0.0,0.0,0.0,0.0,False,1.0,0.010000000000000026
delay_2s_only,3,2026-07-01T21:43:36.369953+00:00,0x4c09abece310efe0c502e2b081a875d0020f5b30af3c45f19145efd6b791df0b,ETH,YES,low,medium,low,0.01999999999999998,0.0,0.044839826353069163,0.0,0.0,False,1.0,-0.024839826353069184
delay_2s_only,3,2026-07-01T21:43:40.367946+00:00,0x4c09abece310efe0c502e2b081a875d0020f5b30af3c45f19145efd6b791df0b,ETH,YES,low,medium,low,0.039999999999999994,0.0,0.060310539225813475,0.0,0.0,False,1.0,-0.02031053922581348
delay_2s_only,3,2026-07-01T21:52:36.373289+00:00,0x0dcd227003d8b96eb66b8db71c3ef9f315a3aae8716e4d49d11b359a8b6c27fa,ETH,YES,low,low,low,0.3499999999999999,0.0,0.05978003869597891,0.0,0.0,False,1.0,0.290219961304021
delay_2s_only,3,2026-07-01T22:25:06.371629+00:00,0x3eadf4ee01511b615676265099963fabcf242d0d9e7b7e4b982686e0262ce98b,ETH,YES,low,medium,medium,0.020000000000000035,0.0,0.0,0.0,0.0,False,1.0,0.020000000000000035
delay_2s_only,3,2026-07-01T22:25:44.366323+00:00,0x2b139d670d2706c6264dad011bc4e96df04633695a4fc75b669830f39f6693ce,BTC,NO,low,medium,medium,0.020000000000000035,0.0,0.0,0.0,0.0,False,1.0,0.020000000000000035
delay_2s_only,3,2026-07-01T22:25:46.373589+00:00,0x2b139d670d2706c6264dad011bc4e96df04633695a4fc75b669830f39f6693ce,BTC,NO,low,medium,low,0.020000000000000035,0.0,0.0572266071115414,0.0,0.0,False,1.0,-0.03722660711154137
delay_2s_only,3,2026-07-01T22:25:48.363737+00:00,0x2b139d670d2706c6264dad011bc4e96df04633695a4fc75b669830f39f6693ce,BTC,NO,low,low,low,0.03999999999999994,0.0,0.040370268637060724,0.0,0.0,False,1.0,-0.00037026863706078605
delay_2s_only,3,2026-07-01T22:25:50.368975+00:00,0x2b139d670d2706c6264dad011bc4e96df04633695a4fc75b669830f39f6693ce,BTC,NO,medium,low,medium,-0.05999999999999993,0.0,0.06964023973745181,0.0,0.0,False,1.0,-0.12964023973745176
delay_2s_only,3,2026-07-01T22:25:56.371175+00:00,0x2b139d670d2706c6264dad011bc4e96df04633695a4fc75b669830f39f6693ce,BTC,NO,medium,medium,medium,0.019999999999999924,0.0,0.0,0.0,0.0,False,1.0,0.019999999999999924
delay_2s_only,3,2026-07-01T22:25:58.364472+00:00,0x071de439b9cfba5f3b67356a7c3b0685206f6f943a789b6467311d34691aa135,SOL,NO,low,medium,low,0.010000000000000026,0.0,0.07533655973808083,0.0,0.0,False,1.0,-0.06533655973808081
delay_2s_only,3,2026-07-01T22:26:00.369709+00:00,0x2b139d670d2706c6264dad011bc4e96df04633695a4fc75b669830f39f6693ce,BTC,NO,medium,low,medium,0.02500000000000004,0.0,0.0,0.0,0.0,False,1.0,0.02500000000000004
delay_2s_only,3,2026-07-01T22:31:02.362104+00:00,0x5330f3288d309b2bb246086f6cf4d139e782acd5b44784839259604ae5e9f369,BTC,NO,low,low,low,0.05500000000000001,0.0,0.012589367114592596,0.0,0.0,False,1.0,0.04241063288540741
delay_2s_only,3,2026-07-01T22:31:16.364882+00:00,0x5330f3288d309b2bb246086f6cf4d139e782acd5b44784839259604ae5e9f369,BTC,NO,low,medium,low,0.03499999999999999,0.0,0.027649480494175486,0.0,0.0,False,1.0,0.007350519505824504
delay_2s_only,3,2026-07-01T22:31:16.364882+00:00,0x8145a3bfddc61cdf01d45026aed596f0878c260884e8315caa000f5e42143a61,ETH,NO,low,medium,low,0.039999999999999994,0.0,0.010119190319379452,0.0,0.0,False,1.0,0.02988080968062054
delay_2s_only,3,2026-07-01T22:31:18.370517+00:00,0x5330f3288d309b2bb246086f6cf4d139e782acd5b44784839259604ae5e9f369,BTC,NO,low,medium,medium,0.010000000000000026,0.0,0.06968896357393999,0.0,0.0,False,1.0,-0.05968896357393996
delay_2s_only,3,2026-07-01T22:31:20.361313+00:00,0x8145a3bfddc61cdf01d45026aed596f0878c260884e8315caa000f5e42143a61,ETH,NO,low,medium,low,-0.05000000000000003,0.0,0.05035228257071363,0.0,0.0,False,1.0,-0.10035228257071366
delay_2s_only,3,2026-07-01T22:31:22.369278+00:00,0x8145a3bfddc61cdf01d45026aed596f0878c260884e8315caa000f5e42143a61,ETH,NO,low,medium,low,-0.08999999999999996,0.0,0.0,0.0,0.0,False,1.0,-0.08999999999999996
delay_2s_only,3,2026-07-01T22:31:34.363478+00:00,0x5330f3288d309b2bb246086f6cf4d139e782acd5b44784839259604ae5e9f369,BTC,NO,low,medium,low,0.030000000000000044,0.0,0.0,0.0,0.0,False,1.0,0.030000000000000044
delay_2s_only,3,2026-07-01T22:32:00.371088+00:00,0x26690f30c8250f214c3c585bafacecfe21ca18c719caac4709c063c6d47267b4,SOL,NO,low,medium,medium,0.045,0.0,0.0,0.0,0.0,False,1.0,0.045
delay_2s_only,3,2026-07-01T22:32:02.361988+00:00,0x26690f30c8250f214c3c585bafacecfe21ca18c719caac4709c063c6d47267b4,SOL,NO,low,medium,medium,0.020000000000000035,0.0,0.11062018453184187,0.0,0.0,False,1.0,-0.09062018453184184
delay_2s_only,3,2026-07-01T22:32:06.360504+00:00,0x26690f30c8250f214c3c585bafacecfe21ca18c719caac4709c063c6d47267b4,SOL,NO,low,high,medium,-0.05000000000000003,0.0,0.050327447750196985,0.0,0.0,False,1.0,-0.10032744775019702
delay_2s_only,3,2026-07-01T22:32:10.374054+00:00,0x26690f30c8250f214c3c585bafacecfe21ca18c719caac4709c063c6d47267b4,SOL,NO,low,medium,low,-0.13999999999999999,0.0,0.0,0.0,0.0,False,1.0,-0.13999999999999999
delay_2s_only,3,2026-07-01T22:32:18.369405+00:00,0x8145a3bfddc61cdf01d45026aed596f0878c260884e8315caa000f5e42143a61,ETH,NO,low,medium,medium,0.059999999999999956,0.0,0.07997413183927884,0.0,0.0,False,1.0,-0.01997413183927889
delay_2s_only,3,2026-07-01T22:32:22.368939+00:00,0x5330f3288d309b2bb246086f6cf4d139e782acd5b44784839259604ae5e9f369,BTC,NO,low,medium,medium,0.010000000000000026,0.0,0.03507478105977715,0.0,0.0,False,1.0,-0.02507478105977712
delay_2s_only,3,2026-07-01T22:32:28.372665+00:00,0x8145a3bfddc61cdf01d45026aed596f0878c260884e8315caa000f5e42143a61,ETH,NO,low,medium,low,-0.09500000000000001,0.0,0.0,0.0,0.0,False,1.0,-0.09500000000000001
delay_2s_only,3,2026-07-01T22:32:54.365688+00:00,0x8145a3bfddc61cdf01d45026aed596f0878c260884e8315caa000f5e42143a61,ETH,NO,low,medium,low,0.05,0.0,0.0,0.0,0.0,False,1.0,0.05
delay_2s_only,3,2026-07-01T22:33:02.361345+00:00,0x5330f3288d309b2bb246086f6cf4d139e782acd5b44784839259604ae5e9f369,BTC,NO,medium,medium,medium,0.13000000000000003,0.0,0.005008310641103402,0.0,0.0,False,1.0,0.12499168935889662
delay_2s_only,3,2026-07-01T22:33:02.361345+00:00,0x8145a3bfddc61cdf01d45026aed596f0878c260884e8315caa000f5e42143a61,ETH,NO,low,medium,low,0.09999999999999999,0.0,0.0,0.0,0.0,False,1.0,0.09999999999999999
delay_2s_only,3,2026-07-01T22:33:02.361345+00:00,0x26690f30c8250f214c3c585bafacecfe21ca18c719caac4709c063c6d47267b4,SOL,NO,low,medium,low,0.07500000000000002,0.0,0.0,0.0,0.0,False,1.0,0.07500000000000002
delay_2s_only,3,2026-07-01T22:33:04.368866+00:00,0x26690f30c8250f214c3c585bafacecfe21ca18c719caac4709c063c6d47267b4,SOL,NO,low,medium,low,0.05,0.0,0.1593056414823209,0.0,0.0,False,1.0,-0.1093056414823209
delay_2s_only,3,2026-07-01T22:33:20.375116+00:00,0x5330f3288d309b2bb246086f6cf4d139e782acd5b44784839259604ae5e9f369,BTC,NO,low,medium,low,0.03999999999999994,0.0,0.0,0.0,0.0,False,1.0,0.03999999999999994
delay_2s_only,3,2026-07-01T22:33:22.368132+00:00,0x26690f30c8250f214c3c585bafacecfe21ca18c719caac4709c063c6d47267b4,SOL,NO,medium,medium,low,0.22000000000000006,0.0,0.04003178341819079,0.0,0.0,False,1.0,0.17996821658180928
delay_2s_only,3,2026-07-01T22:33:58.367410+00:00,0x26690f30c8250f214c3c585bafacecfe21ca18c719caac4709c063c6d47267b4,SOL,NO,low,medium,low,-0.12999999999999998,0.0,0.0,0.0,0.0,False,1.0,-0.12999999999999998
delay_2s_only,3,2026-07-01T22:36:04.365503+00:00,0x06bf7937a18769d86039ea4ed35e5e8edd2a5c73d2ee04faffe90363450f8e3c,SOL,YES,low,medium,low,0.12499999999999996,0.0,0.0,0.0,0.0,False,1.0,0.12499999999999996
delay_2s_only,3,2026-07-01T23:41:58.370401+00:00,0x8d22580ded9a1c9bb43a9581787566efeccc0dff2ba6843eef73d5789b5ad805,SOL,NO,low,low,medium,0.29,0.0,0.0,0.0,0.0,False,1.0,0.29
delay_2s_only,3,2026-07-02T00:15:04.370549+00:00,0xa961035fe332ff6a397489f4b23cb720ae57b84d866a526858b47a7300270c12,SOL,YES,low,medium,medium,0.06999999999999997,0.0,0.0,0.0,0.0,False,1.0,0.06999999999999997
delay_2s_only,3,2026-07-02T00:36:00.373439+00:00,0x0b7afa9b0852f4da0eb237bf817bcb7f8aef5e68dd95d52baba20abc06c16376,SOL,YES,low,medium,medium,0.010000000000000026,0.0,0.0,0.0,0.0,False,1.0,0.010000000000000026
delay_2s_only,3,2026-07-02T02:22:40.364603+00:00,0x8388cdf918fa7cb09ae4a5325b4c5f307e17be11af5350e73ae08cf56bb4fece,ETH,NO,low,medium,medium,0.059999999999999956,0.0,0.0,0.0,0.0,False,1.0,0.059999999999999956
delay_2s_only,3,2026-07-02T02:30:34.366427+00:00,0xb3e27db391946f1a5ab1d3c3b4a5b8c59d663d3684d960d98f37b7def0df3075,ETH,NO,low,low,medium,0.039999999999999994,0.0,0.0,0.0,0.0,False,1.0,0.039999999999999994
delay_2s_only,3,2026-07-02T02:30:38.363447+00:00,0xb3e27db391946f1a5ab1d3c3b4a5b8c59d663d3684d960d98f37b7def0df3075,ETH,NO,low,medium,medium,0.030000000000000044,0.0,0.07045684590843539,0.0,0.0,False,1.0,-0.040456845908435346
delay_2s_only,3,2026-07-02T03:06:42.363431+00:00,0xd97c09881b1dc40d77cafc681e2b0b8577f654e19c6a1a83914d678d7f9bdf2c,SOL,YES,low,medium,medium,0.059999999999999956,0.0,0.0,0.0,0.0,False,1.0,0.059999999999999956
delay_2s_only,3,2026-07-02T03:38:34.375507+00:00,0xd69c5b7ce1b66fe7745e070b544d04de2517e4b2093ff8309c5573bb8b38ce57,SOL,YES,low,medium,medium,0.13999999999999999,0.0,0.054717287639259544,0.0,0.0,False,1.0,0.08528271236074045
delay_2s_only,3,2026-07-02T03:50:04.372378+00:00,0xcd593facad3a6092d5974b7ee969c8f3ff778c58031a7baac893ebf627d14b9d,ETH,YES,high,medium,medium,0.24000000000000002,0.0,0.0,0.0,0.0,False,1.0,0.24000000000000002
delay_2s_only,3,2026-07-02T03:58:18.368322+00:00,0x947e5ddb9a353ecb65bc2faa7bce21ded36808053545239573a7c43756401557,SOL,NO,low,medium,medium,0.059999999999999956,0.0,0.059706287406136094,0.0,0.0,False,1.0,0.0002937125938638624
delay_2s_only,3,2026-07-02T04:22:28.365589+00:00,0x8552d47c45da4f6202022c51d4d7ff51b0064f2cd42e482f6fc524d37f7ed891,SOL,NO,low,medium,medium,0.08999999999999998,0.0,0.0,0.0,0.0,False,1.0,0.08999999999999998
delay_2s_only,3,2026-07-02T06:11:32.366824+00:00,0xbd4e2fd8dfbdf679456a5c936fa4db4595434055fa7990b727e863efdb73d6fe,SOL,YES,low,medium,medium,0.09999999999999999,0.0,0.0,0.0,0.0,False,1.0,0.09999999999999999
delay_2s_only,3,2026-07-02T07:55:46.373480+00:00,0x80bb349ee2b85081e290db4561ebb007ca2a8b5721eec05ce98488d10dbdc84f,ETH,NO,low,medium,medium,-0.07000000000000005,0.0,0.0,0.0,0.0,False,1.0,-0.07000000000000005
delay_2s_only,3,2026-07-02T07:57:42.360831+00:00,0xf9f5ce604030e965827e405652c34595fca9803264f266f106ead15d7fbb64ac,BTC,YES,low,medium,medium,-0.17,0.0,0.0,0.0,0.0,False,1.0,-0.17
delay_2s_only,3,2026-07-02T07:57:44.366499+00:00,0xf9f5ce604030e965827e405652c34595fca9803264f266f106ead15d7fbb64ac,BTC,YES,low,high,medium,0.08499999999999998,0.0,0.0,0.0,0.0,False,1.0,0.08499999999999998
delay_2s_only,3,2026-07-02T08:08:54.370330+00:00,0x217a508e23290f5918a6837d836f77a3f88255f2e4fe43a9a2cce242409a7db6,ETH,YES,low,medium,high,-0.02,0.0,0.0,0.0,0.0,False,1.0,-0.02
delay_2s_only,3,2026-07-02T08:31:14.363819+00:00,0x5d2ccbd18015d1eb9a97902f684b591555d9a4ff0610ff201c2f1f8538a929b1,SOL,YES,low,medium,medium,0.01999999999999998,0.0,0.15089841540279775,0.0,0.0,False,1.0,-0.13089841540279776
delay_2s_only,3,2026-07-02T08:31:18.364598+00:00,0x5d2ccbd18015d1eb9a97902f684b591555d9a4ff0610ff201c2f1f8538a929b1,SOL,YES,low,medium,medium,0.09500000000000004,0.0,0.020180958682436946,0.0,0.0,False,1.0,0.07481904131756309
delay_2s_only,3,2026-07-02T09:00:24.371490+00:00,0x96ddd482cd2ee1a173dbde4538ed2007620845c0e462dbfcc969d36209beb1ce,SOL,NO,low,medium,medium,-0.059999999999999984,0.0,0.0,0.0,0.0,False,1.0,-0.059999999999999984
delay_2s_only,3,2026-07-02T09:00:34.362867+00:00,0x96ddd482cd2ee1a173dbde4538ed2007620845c0e462dbfcc969d36209beb1ce,SOL,NO,low,medium,medium,0.09999999999999994,0.0,0.0,0.0,0.0,False,1.0,0.09999999999999994
delay_2s_only,3,2026-07-02T09:00:48.368690+00:00,0x96ddd482cd2ee1a173dbde4538ed2007620845c0e462dbfcc969d36209beb1ce,SOL,NO,low,high,medium,0.04499999999999994,0.0,0.0,0.0,0.0,False,1.0,0.04499999999999994
delay_2s_only,3,2026-07-02T09:00:52.369633+00:00,0x96ddd482cd2ee1a173dbde4538ed2007620845c0e462dbfcc969d36209beb1ce,SOL,NO,low,medium,medium,0.04999999999999995,0.0,0.0,0.0,0.0,False,1.0,0.04999999999999995
delay_2s_only,3,2026-07-02T09:01:04.370531+00:00,0x96ddd482cd2ee1a173dbde4538ed2007620845c0e462dbfcc969d36209beb1ce,SOL,NO,low,medium,medium,0.010000000000000026,0.0,0.0,0.0,0.0,False,1.0,0.010000000000000026
delay_2s_only,3,2026-07-02T09:01:06.361857+00:00,0x96ddd482cd2ee1a173dbde4538ed2007620845c0e462dbfcc969d36209beb1ce,SOL,NO,low,medium,medium,0.010000000000000026,0.0,0.09025569737942363,0.0,0.0,False,1.0,-0.0802556973794236
delay_2s_only,3,2026-07-02T09:10:36.374495+00:00,0xbe2fec169e982831aa0a3f5a98442f7e0793c4af803bb920266ae6a7d43b3101,SOL,YES,low,medium,medium,-0.06999999999999999,0.0,0.0,0.0,0.0,False,1.0,-0.06999999999999999
delay_2s_only,3,2026-07-02T09:11:08.370966+00:00,0xbe2fec169e982831aa0a3f5a98442f7e0793c4af803bb920266ae6a7d43b3101,SOL,YES,low,medium,medium,0.010000000000000026,0.0,0.0,0.0,0.0,False,1.0,0.010000000000000026
delay_2s_only,3,2026-07-02T09:26:52.371394+00:00,0xe41189d0cceabac9697f126f3ff12806192b7fb894edecb0106a0cc6738db731,ETH,YES,low,medium,medium,0.30999999999999994,0.0,0.2393050292076379,0.0,0.0,False,1.0,0.07069497079236203
delay_2s_only,3,2026-07-02T09:35:10.366702+00:00,0x22928e0772859e6323b5722fc85857ebc2843ce5f3002b574d2bfdaa76aefda9,SOL,YES,low,medium,medium,0.02999999999999999,0.0,0.030158989383541186,0.0,0.0,False,1.0,-0.00015898938354119707
delay_2s_only,3,2026-07-02T09:55:44.372085+00:00,0x76314474e6d37d9996d64a209cef82a7d8ccbce36c7c87add2f24e7497a7816c,BTC,NO,low,high,medium,0.09999999999999999,0.0,0.059702016585434885,0.0,0.0,False,1.0,0.04029798341456511
delay_2s_only,3,2026-07-02T09:55:54.363634+00:00,0x1f1dd57c6e8f84731f3eca11a122596fc016822900b9a36563483ec6f84c36d4,SOL,NO,low,medium,medium,-0.08,0.0,0.06017068973626695,0.0,0.0,False,1.0,-0.14017068973626695
delay_2s_only,3,2026-07-02T09:56:18.361978+00:00,0x1f1dd57c6e8f84731f3eca11a122596fc016822900b9a36563483ec6f84c36d4,SOL,NO,low,medium,medium,0.035000000000000045,0.0,0.0,0.0,0.0,False,1.0,0.035000000000000045
delay_2s_only,3,2026-07-02T09:56:24.369489+00:00,0x1f1dd57c6e8f84731f3eca11a122596fc016822900b9a36563483ec6f84c36d4,SOL,NO,low,medium,medium,0.059999999999999956,0.0,0.009993690495997447,0.0,0.0,False,1.0,0.050006309504002505
delay_2s_only,3,2026-07-02T09:56:42.365883+00:00,0x76314474e6d37d9996d64a209cef82a7d8ccbce36c7c87add2f24e7497a7816c,BTC,NO,low,medium,medium,0.03999999999999994,0.0,0.0,0.0,0.0,False,1.0,0.03999999999999994
delay_2s_only,3,2026-07-02T09:56:46.366917+00:00,0x76314474e6d37d9996d64a209cef82a7d8ccbce36c7c87add2f24e7497a7816c,BTC,NO,low,medium,medium,0.010000000000000026,0.0,0.050233202168900155,0.0,0.0,False,1.0,-0.040233202168900126
delay_2s_only,3,2026-07-02T09:58:16.363073+00:00,0x1f1dd57c6e8f84731f3eca11a122596fc016822900b9a36563483ec6f84c36d4,SOL,NO,low,medium,medium,0.03999999999999994,0.0,0.2358363243335072,0.0,0.0,False,1.0,-0.19583632433350728
delay_2s_only,3,2026-07-02T10:28:54.362470+00:00,0x5b8a5202ab816574a4572fb9d28ff7ada354d9668318b56a3644f04c39738f84,SOL,NO,low,medium,medium,0.04000000000000005,0.0,0.04531711058308344,0.0,0.0,False,1.0,-0.005317110583083394
delay_2s_only,3,2026-07-02T10:28:56.368829+00:00,0x5b8a5202ab816574a4572fb9d28ff7ada354d9668318b56a3644f04c39738f84,SOL,NO,low,medium,medium,0.01999999999999998,0.0,0.06960686900083225,0.0,0.0,False,1.0,-0.04960686900083228
delay_2s_only,3,2026-07-02T10:33:10.363766+00:00,0x6700add2442ac52e76696ea3dd458416e2e1d5ab9e770499a85347b7e866d616,SOL,YES,low,medium,medium,0.25,0.0,0.0,0.0,0.0,False,1.0,0.25
delay_2s_only,3,2026-07-02T10:37:00.364893+00:00,0x465c10bb8102a8ec311965c7f7b77727b332f80e8cd87847b212b6350accd796,SOL,YES,medium,medium,medium,0.06500000000000002,0.0,0.0,0.0,0.0,False,1.0,0.06500000000000002
delay_2s_only,3,2026-07-02T10:40:18.374682+00:00,0xb6fcc6f9d2dd9571635233fc09a863999351b0fdcf8df2b3a54b65954c4156d0,SOL,NO,medium,medium,medium,0.06999999999999997,0.0,0.08469761032792605,0.0,0.0,False,1.0,-0.014697610327926089
delay_2s_only,3,2026-07-02T10:55:06.372034+00:00,0x88416fcd563a9ffe6e611423ab3340c17488dc22b7d96f92571269bffc042195,SOL,NO,low,medium,medium,0.01499999999999992,0.0,0.10703682120387445,0.0,0.0,False,1.0,-0.09203682120387453
delay_2s_only,3,2026-07-02T11:00:12.369501+00:00,0x7a3fd80678cd42bf2a8b58076455dbb4318bf9108db524760e8b4127b426fa76,SOL,NO,low,medium,medium,0.03999999999999994,0.0,0.0,0.0,0.0,False,1.0,0.03999999999999994
delay_2s_only,3,2026-07-02T11:10:20.365901+00:00,0xae1161ad8055f5b09cd7c8038ea97feb7f79f231202f647ce33f68cdce265897,SOL,YES,high,high,medium,0.215,0.0,0.02262093622201386,0.0,0.0,False,1.0,0.19237906377798614
delay_2s_only,3,2026-07-02T12:10:22.361984+00:00,0x8362eee619c3c068724b9acc69306f29dd57c5fb122ca23de731c60f166d74d8,SOL,NO,low,medium,medium,0.010000000000000026,0.0,0.04505159912400239,0.0,0.0,False,1.0,-0.03505159912400237
delay_2s_only,3,2026-07-02T12:10:26.361078+00:00,0x8362eee619c3c068724b9acc69306f29dd57c5fb122ca23de731c60f166d74d8,SOL,NO,low,medium,medium,-0.059999999999999984,0.0,0.0,0.0,0.0,False,1.0,-0.059999999999999984
delay_2s_only,3,2026-07-02T12:11:18.362800+00:00,0x8362eee619c3c068724b9acc69306f29dd57c5fb122ca23de731c60f166d74d8,SOL,NO,low,medium,medium,0.05,0.0,0.03265553226102498,0.0,0.0,False,1.0,0.017344467738975022
delay_2s_only,3,2026-07-02T12:12:22.363070+00:00,0x8362eee619c3c068724b9acc69306f29dd57c5fb122ca23de731c60f166d74d8,SOL,NO,low,medium,medium,0.030000000000000044,0.0,0.0,0.0,0.0,False,1.0,0.030000000000000044
delay_2s_only,3,2026-07-02T12:13:38.365899+00:00,0x8362eee619c3c068724b9acc69306f29dd57c5fb122ca23de731c60f166d74d8,SOL,NO,medium,high,medium,0.23500000000000001,0.0,0.0,0.0,0.0,False,1.0,0.23500000000000001
delay_2s_only,3,2026-07-02T12:20:04.364161+00:00,0x94bb631dd01221e07f00ab03feccab66c46ce389a1e7d203fe282aa6d209c589,SOL,YES,low,medium,medium,0.029999999999999933,0.0,0.0,0.0,0.0,False,1.0,0.029999999999999933
delay_2s_only,3,2026-07-02T12:30:04.364786+00:00,0x9215a5c313d78c2a336728a748b73687bc826021a656e9a0d76746f2f5023043,BTC,YES,high,medium,medium,0.265,0.0,0.0,0.0,0.0,False,1.0,0.265
delay_2s_only,3,2026-07-02T12:30:16.366322+00:00,0xfdd4d7f9eadc398c0df23a59aadb9ee61a56855c54b6ac9520602a5973e42087,SOL,YES,low,high,medium,-0.13999999999999999,0.0,0.0,0.0,0.0,False,1.0,-0.13999999999999999
delay_2s_only,3,2026-07-02T12:30:20.366935+00:00,0xfdd4d7f9eadc398c0df23a59aadb9ee61a56855c54b6ac9520602a5973e42087,SOL,YES,low,high,medium,0.02999999999999999,0.0,0.0,0.0,0.0,False,1.0,0.02999999999999999
delay_2s_only,3,2026-07-02T12:30:22.364919+00:00,0xfdd4d7f9eadc398c0df23a59aadb9ee61a56855c54b6ac9520602a5973e42087,SOL,YES,low,medium,medium,-0.13999999999999999,0.0,0.13539416995773418,0.0,0.0,False,1.0,-0.27539416995773414
delay_2s_only,3,2026-07-02T12:30:36.362455+00:00,0xfdd4d7f9eadc398c0df23a59aadb9ee61a56855c54b6ac9520602a5973e42087,SOL,YES,low,medium,medium,0.12999999999999998,0.0,0.0,0.0,0.0,False,1.0,0.12999999999999998
delay_2s_only,3,2026-07-02T12:31:22.373383+00:00,0x988287eee8e697b0d1d2625d38528f0175f8d3b585148a236428390c8e5bd7a0,ETH,NO,low,medium,medium,0.034999999999999934,0.0,0.0,0.0,0.0,False,1.0,0.034999999999999934
delay_2s_only,3,2026-07-02T12:31:28.373272+00:00,0x9215a5c313d78c2a336728a748b73687bc826021a656e9a0d76746f2f5023043,BTC,NO,low,high,medium,0.05500000000000001,0.0,0.2179049051431154,0.0,0.0,False,1.0,-0.1629049051431154
delay_2s_only,3,2026-07-02T12:33:18.366598+00:00,0x9215a5c313d78c2a336728a748b73687bc826021a656e9a0d76746f2f5023043,BTC,NO,low,medium,medium,0.08999999999999998,0.0,0.0,0.0,0.0,False,1.0,0.08999999999999998
delay_2s_only,3,2026-07-02T12:40:48.374599+00:00,0xb38f8c90a79ba7fb9e3926511611e2a97e69f95d8567e5459f176624c5d78e7e,SOL,YES,low,medium,medium,0.04999999999999995,0.0,0.0,0.0,0.0,False,1.0,0.04999999999999995
delay_2s_only,3,2026-07-02T13:01:06.370199+00:00,0xfdc8ee5a5355786246c8c350b1b6d392d7b0b20b2f4112d995400e6d41587033,BTC,NO,low,medium,medium,0.08499999999999998,0.0,0.0,0.0,0.0,False,1.0,0.08499999999999998
delay_2s_only,3,2026-07-02T13:01:06.370199+00:00,0x7da2825f125571140c598bebdc47a2efcc90d5bbe3f36da9ed64a66a0758a57e,ETH,NO,low,low,medium,0.06499999999999996,0.0,0.029828247021419507,0.0,0.0,False,1.0,0.03517175297858045
delay_2s_only,3,2026-07-02T13:05:14.362350+00:00,0x7b81aecfe918b4400a38bb7e82faf16214e86526a59365a1a1f57891d5e02184,SOL,YES,low,medium,medium,0.12000000000000001,0.0,0.004997082211949127,0.0,0.0,False,1.0,0.11500291778805088
delay_2s_only,3,2026-07-02T13:10:08.372139+00:00,0x0b7e0ca6f5af7203bbc20de90e6a874b459992dfe7ec7d26ca84605690a8971f,SOL,NO,low,medium,medium,0.05499999999999995,0.0,0.014923428284857453,0.0,0.0,False,1.0,0.0400765717151425
delay_2s_only,3,2026-07-02T13:26:26.363015+00:00,0xabaf563b7f6a9dc2645946d31ce8af8645de6d2409cef51803fb0999c9061f3e,ETH,NO,low,medium,medium,-0.08,0.0,0.30051378900532505,0.0,0.0,False,1.0,-0.38051378900532506
delay_2s_only,3,2026-07-02T13:26:28.373900+00:00,0xabaf563b7f6a9dc2645946d31ce8af8645de6d2409cef51803fb0999c9061f3e,ETH,NO,low,medium,medium,0.11999999999999995,0.0,0.0,0.0,0.0,False,1.0,0.11999999999999995
delay_2s_only,3,2026-07-02T13:32:06.370617+00:00,0xbfdaa1afb46e82ff47ba344bc098d1ae028cd939a030c6672402ca1475988d70,ETH,NO,low,medium,medium,0.02,0.0,0.004992180966239125,0.0,0.0,False,1.0,0.015007819033760875
delay_2s_only,3,2026-07-02T13:32:14.374959+00:00,0xbfdaa1afb46e82ff47ba344bc098d1ae028cd939a030c6672402ca1475988d70,ETH,NO,high,medium,medium,-0.04000000000000001,0.0,0.0,0.0,0.0,False,1.0,-0.04000000000000001
delay_2s_only,3,2026-07-02T13:33:40.375151+00:00,0xbfdaa1afb46e82ff47ba344bc098d1ae028cd939a030c6672402ca1475988d70,ETH,YES,low,medium,high,-0.02,0.0,0.0,0.0,0.0,False,1.0,-0.02
delay_2s_only,3,2026-07-02T13:35:10.368025+00:00,0x7798cca819d8b656cf9130a5ea5d871975f4227bea6b3d22ec3b1b6de4584fc0,BTC,NO,medium,medium,medium,0.14499999999999993,0.0,0.0,0.0,0.0,False,1.0,0.14499999999999993
delay_2s_only,3,2026-07-02T13:37:02.366507+00:00,0xcd4afc8eb6c83c8d8dada852de775b7cc1e7cfaf722f03972c1d93abc1d9cf09,ETH,YES,low,medium,medium,-0.05499999999999998,0.0,0.16303894405195649,0.0,0.0,False,1.0,-0.21803894405195645
delay_2s_only,3,2026-07-02T13:37:06.370427+00:00,0x7798cca819d8b656cf9130a5ea5d871975f4227bea6b3d22ec3b1b6de4584fc0,BTC,NO,low,medium,medium,0.06499999999999996,0.0,0.0,0.0,0.0,False,1.0,0.06499999999999996
delay_2s_only,3,2026-07-02T13:37:14.375069+00:00,0x7798cca819d8b656cf9130a5ea5d871975f4227bea6b3d22ec3b1b6de4584fc0,BTC,NO,low,medium,medium,0.07499999999999997,0.0,0.0,0.0,0.0,False,1.0,0.07499999999999997
delay_2s_only,3,2026-07-02T13:45:04.364924+00:00,0x6b9167a59028831cc69fc27a631ba5f99da00742fcac16501ddd54b155929c85,ETH,YES,medium,medium,medium,0.014999999999999975,0.0,0.0,0.0,0.0,False,1.0,0.014999999999999975
delay_2s_only,3,2026-07-02T13:45:08.364326+00:00,0x6b9167a59028831cc69fc27a631ba5f99da00742fcac16501ddd54b155929c85,ETH,YES,low,medium,medium,0.02999999999999999,0.0,0.0,0.0,0.0,False,1.0,0.02999999999999999
delay_2s_only,3,2026-07-02T13:45:12.367704+00:00,0x6b9167a59028831cc69fc27a631ba5f99da00742fcac16501ddd54b155929c85,ETH,YES,low,medium,medium,-0.055000000000000035,0.0,0.03480881460554006,0.0,0.0,False,1.0,-0.0898088146055401
delay_2s_only,3,2026-07-02T13:46:08.369291+00:00,0x6b9167a59028831cc69fc27a631ba5f99da00742fcac16501ddd54b155929c85,ETH,YES,low,medium,medium,0.02999999999999999,0.0,0.06954824507520056,0.0,0.0,False,1.0,-0.03954824507520058
delay_2s_only,3,2026-07-02T13:46:10.366715+00:00,0x165f83111bc6b855ddff03cee955479de1945e82de0c22a4af0e20b7a4611166,SOL,YES,low,medium,medium,0.010000000000000026,0.0,0.0,0.0,0.0,False,1.0,0.010000000000000026
delay_2s_only,3,2026-07-02T13:46:12.374640+00:00,0x6b9167a59028831cc69fc27a631ba5f99da00742fcac16501ddd54b155929c85,ETH,YES,medium,medium,medium,0.01999999999999998,0.0,0.07460570338620684,0.0,0.0,False,1.0,-0.054605703386206864
delay_2s_only,3,2026-07-02T13:46:20.368608+00:00,0x6b9167a59028831cc69fc27a631ba5f99da00742fcac16501ddd54b155929c85,ETH,YES,medium,medium,medium,0.02999999999999999,0.0,0.0,0.0,0.0,False,1.0,0.02999999999999999
delay_2s_only,3,2026-07-02T13:46:22.365708+00:00,0x165f83111bc6b855ddff03cee955479de1945e82de0c22a4af0e20b7a4611166,SOL,YES,low,medium,medium,-0.06999999999999999,0.0,0.10510845905147284,0.0,0.0,False,1.0,-0.17510845905147282
delay_2s_only,3,2026-07-02T13:46:28.366021+00:00,0x6b9167a59028831cc69fc27a631ba5f99da00742fcac16501ddd54b155929c85,ETH,YES,low,medium,medium,-0.09000000000000001,0.0,0.0,0.0,0.0,False,1.0,-0.09000000000000001
delay_2s_only,3,2026-07-02T13:46:34.364544+00:00,0x6b9167a59028831cc69fc27a631ba5f99da00742fcac16501ddd54b155929c85,ETH,YES,low,medium,medium,0.030000000000000044,0.0,0.0,0.0,0.0,False,1.0,0.030000000000000044
delay_2s_only,3,2026-07-02T13:46:36.372134+00:00,0x6b9167a59028831cc69fc27a631ba5f99da00742fcac16501ddd54b155929c85,ETH,YES,low,low,medium,-0.07000000000000005,0.0,0.09457509182926019,0.0,0.0,False,1.0,-0.16457509182926022
delay_2s_only,3,2026-07-02T13:47:28.363479+00:00,0xdf1c68feb520af13e0b1073b5e17ac465273234950edc85062d074363f2f7ea0,BTC,YES,medium,medium,high,0.27499999999999997,0.0,0.0,0.0,0.0,False,1.0,0.27499999999999997
delay_2s_only,3,2026-07-02T13:47:30.370941+00:00,0x165f83111bc6b855ddff03cee955479de1945e82de0c22a4af0e20b7a4611166,SOL,YES,low,medium,high,0.19999999999999998,0.0,0.0,0.0,0.0,False,1.0,0.19999999999999998
delay_2s_only,3,2026-07-02T14:00:06.363105+00:00,0x100389b157cf172fa16809d99306f23ca1974adf6fbe025dc09758ed45771b51,BTC,NO,low,medium,medium,0.05500000000000006,0.0,0.03010996774033054,0.0,0.0,False,1.0,0.02489003225966952
delay_2s_only,3,2026-07-02T14:03:02.371420+00:00,0xba6acf8da6d345173ee24e2b41e7d98ae87fb2f39f6c0d1839c33229ec4b802b,SOL,NO,low,medium,medium,0.030000000000000044,0.0,0.0,0.0,0.0,False,1.0,0.030000000000000044
delay_2s_only,3,2026-07-02T14:16:42.366798+00:00,0x99bee988b471ce9b6fe317dc281d4f4c4f89040c4dcacef8d455c241ee2e99f8,ETH,NO,low,medium,high,0.3,0.0,0.0,0.0,0.0,False,1.0,0.3
delay_2s_only,3,2026-07-02T15:05:38.363627+00:00,0x647b9c08af3b94902afa9b362889527316a7fdbb46e4a6738ad42d290ca82805,BTC,NO,medium,medium,medium,0.035000000000000045,0.0,0.0,0.0,0.0,False,1.0,0.035000000000000045
delay_2s_only,3,2026-07-02T15:10:28.366751+00:00,0xcae0c95e9c034ca588baca33e8147b8845b1f312ff09b0d52f4d6e150cddad15,SOL,NO,low,medium,medium,0.04999999999999995,0.0,0.035080740931569175,0.0,0.0,False,1.0,0.014919259068430772
delay_2s_only,3,2026-07-02T15:36:32.363170+00:00,0x0a5061025dfe612b3722293195f769f012f8980bd848a20493e2c600f70d09dd,BTC,NO,low,medium,medium,0.28500000000000003,0.0,0.16328703864187954,0.0,0.0,False,1.0,0.12171296135812049
delay_2s_only,3,2026-07-02T16:01:28.361478+00:00,0x59496dfc9f417c17975e237fbb7ecfe259156cc15a360f25910162556810c516,SOL,NO,low,medium,medium,0.010000000000000026,0.0,0.0,0.0,0.0,False,1.0,0.010000000000000026
delay_2s_only,3,2026-07-02T17:00:24.370409+00:00,0x1be94953b760d89a9523766bd1abb42f2e881ac06074bf93aa46ad1a415fc189,SOL,NO,low,medium,medium,0.010000000000000026,0.0,0.0,0.0,0.0,False,1.0,0.010000000000000026
delay_2s_only,3,2026-07-02T17:13:30.362110+00:00,0x909723d937a75ac2c9c89d73711867c15953dd27d72b7a6933948473e399451d,ETH,YES,low,medium,medium,0.06000000000000001,0.0,0.0,0.0,0.0,False,1.0,0.06000000000000001
delay_2s_only,3,2026-07-02T17:23:18.371612+00:00,0x1f5ef0a23c68190a8a6d515b6c8e8b048078a8afa92d25abb3d94fb87f1f7027,BTC,YES,low,medium,medium,0.255,0.0,0.0,0.0,0.0,False,1.0,0.255
delay_2s_only,3,2026-07-02T17:23:20.364343+00:00,0x60608598239fe90ee375e38281310554148d5d349aca1ac07aa04e1ce390e6ad,SOL,YES,low,medium,high,0.11,0.0,0.0,0.0,0.0,False,1.0,0.11
delay_2s_only,3,2026-07-02T17:50:28.360872+00:00,0x0aff58c34608210967c4413fb4b4a6c7fa904dc09de162ecc564806689facc64,SOL,NO,low,medium,high,0.19000000000000003,0.0,0.0,0.0,0.0,False,1.0,0.19000000000000003
delay_2s_only,3,2026-07-02T18:35:46.363950+00:00,0x0fb6a0c7bcde0b6dd2c22b766ae91ab671463f01b2f4ec31f09491aa9dd4af91,SOL,NO,low,medium,medium,-0.07500000000000005,0.0,0.0,0.0,0.0,False,1.0,-0.07500000000000005
delay_2s_only,3,2026-07-02T18:35:48.373272+00:00,0x0fb6a0c7bcde0b6dd2c22b766ae91ab671463f01b2f4ec31f09491aa9dd4af91,SOL,NO,low,high,medium,-0.09999999999999996,0.0,0.0,0.0,0.0,False,1.0,-0.09999999999999996
delay_2s_only,3,2026-07-02T18:35:56.374508+00:00,0x0fb6a0c7bcde0b6dd2c22b766ae91ab671463f01b2f4ec31f09491aa9dd4af91,SOL,NO,low,medium,medium,0.05500000000000001,0.0,0.0,0.0,0.0,False,1.0,0.05500000000000001
delay_2s_only,3,2026-07-02T18:35:58.369803+00:00,0x0fb6a0c7bcde0b6dd2c22b766ae91ab671463f01b2f4ec31f09491aa9dd4af91,SOL,NO,low,medium,medium,-0.06999999999999999,0.0,0.1103594501330113,0.0,0.0,False,1.0,-0.1803594501330113
delay_2s_only,3,2026-07-02T18:51:30.371222+00:00,0x12f1ba09bc9913623cab1e5f36dab49519aed574c20e74febe167f480cf82772,SOL,NO,low,medium,medium,0.059999999999999956,0.0,0.0,0.0,0.0,False,1.0,0.059999999999999956
delay_2s_only,3,2026-07-02T19:01:18.365784+00:00,0x639421d64a6433150033c4d335d66cbee7357cad9e8b10bc943f74caf5d0d308,SOL,NO,low,medium,medium,-0.09499999999999996,0.0,0.08534269834427605,0.0,0.0,False,1.0,-0.18034269834427602
delay_2s_only,3,2026-07-02T19:03:24.368460+00:00,0x639421d64a6433150033c4d335d66cbee7357cad9e8b10bc943f74caf5d0d308,SOL,YES,low,medium,medium,0.11,0.0,0.0,0.0,0.0,False,1.0,0.11
delay_2s_only,3,2026-07-02T19:03:44.373982+00:00,0x639421d64a6433150033c4d335d66cbee7357cad9e8b10bc943f74caf5d0d308,SOL,YES,low,medium,medium,0.06000000000000001,0.0,0.0,0.0,0.0,False,1.0,0.06000000000000001
delay_2s_only,3,2026-07-02T19:05:14.369431+00:00,0xa1701695adebeed5da4000373df6e9883c29449ade56b49eb6379ee63ba7259b,SOL,NO,low,medium,high,0.07499999999999997,0.0,0.0,0.0,0.0,False,1.0,0.07499999999999997
delay_2s_only,3,2026-07-02T19:06:40.373607+00:00,0xa1701695adebeed5da4000373df6e9883c29449ade56b49eb6379ee63ba7259b,SOL,NO,low,high,medium,-0.06499999999999999,0.0,0.0,0.0,0.0,False,1.0,-0.06499999999999999
delay_2s_only,3,2026-07-02T19:31:18.372640+00:00,0x606a340a3aad1b6f683e99c5d598836d6731c972d5ddeb2642c52813a27308af,SOL,NO,low,medium,medium,0.05,0.0,0.014955839167905525,0.0,0.0,False,1.0,0.03504416083209448
delay_2s_only,3,2026-07-02T19:31:32.362271+00:00,0x606a340a3aad1b6f683e99c5d598836d6731c972d5ddeb2642c52813a27308af,SOL,NO,low,medium,medium,0.05000000000000006,0.0,0.0,0.0,0.0,False,1.0,0.05000000000000006
delay_2s_only,3,2026-07-02T19:31:40.366839+00:00,0x606a340a3aad1b6f683e99c5d598836d6731c972d5ddeb2642c52813a27308af,SOL,NO,low,medium,medium,0.05500000000000006,0.0,0.0,0.0,0.0,False,1.0,0.05500000000000006
delay_2s_only,3,2026-07-02T19:31:58.371790+00:00,0x606a340a3aad1b6f683e99c5d598836d6731c972d5ddeb2642c52813a27308af,SOL,NO,low,medium,medium,-0.09000000000000001,0.0,0.0,0.0,0.0,False,1.0,-0.09000000000000001
delay_2s_only,3,2026-07-02T19:51:32.364894+00:00,0x2cfc3ef023f8f6ebad847ce57292f2a190fd727fc452a4c2a7cc845fd16b56aa,SOL,NO,low,medium,medium,0.020000000000000007,0.0,0.0,0.0,0.0,False,1.0,0.020000000000000007
delay_2s_only,3,2026-07-02T19:51:34.373824+00:00,0x2cfc3ef023f8f6ebad847ce57292f2a190fd727fc452a4c2a7cc845fd16b56aa,SOL,NO,low,medium,medium,-0.06000000000000001,0.0,0.05964478299603161,0.0,0.0,False,1.0,-0.11964478299603162
delay_2s_only,3,2026-07-02T19:51:58.365557+00:00,0x2cfc3ef023f8f6ebad847ce57292f2a190fd727fc452a4c2a7cc845fd16b56aa,SOL,NO,low,medium,medium,-0.06,0.0,0.0,0.0,0.0,False,1.0,-0.06
delay_2s_only,3,2026-07-02T19:52:06.372072+00:00,0x2cfc3ef023f8f6ebad847ce57292f2a190fd727fc452a4c2a7cc845fd16b56aa,SOL,NO,low,medium,medium,0.03999999999999998,0.0,0.0,0.0,0.0,False,1.0,0.03999999999999998
delay_2s_only,3,2026-07-02T19:52:12.366157+00:00,0x2cfc3ef023f8f6ebad847ce57292f2a190fd727fc452a4c2a7cc845fd16b56aa,SOL,NO,low,medium,medium,0.015000000000000003,0.0,0.03771043930549342,0.0,0.0,False,1.0,-0.022710439305493418
delay_2s_only,3,2026-07-02T19:52:24.373550+00:00,0x2cfc3ef023f8f6ebad847ce57292f2a190fd727fc452a4c2a7cc845fd16b56aa,SOL,NO,medium,medium,medium,0.009999999999999998,0.0,0.0621597099600798,0.0,0.0,False,1.0,-0.052159709960079806
delay_2s_only,3,2026-07-02T19:52:30.368984+00:00,0x2cfc3ef023f8f6ebad847ce57292f2a190fd727fc452a4c2a7cc845fd16b56aa,SOL,NO,medium,medium,medium,0.11,0.0,0.007461525961626,0.0,0.0,False,1.0,0.102538474038374
delay_2s_only,3,2026-07-02T19:52:48.372495+00:00,0x2cfc3ef023f8f6ebad847ce57292f2a190fd727fc452a4c2a7cc845fd16b56aa,SOL,NO,medium,medium,medium,0.01500000000000003,0.0,0.14174975850609609,0.0,0.0,False,1.0,-0.12674975850609604
delay_2s_only,3,2026-07-02T19:53:00.364200+00:00,0x2cfc3ef023f8f6ebad847ce57292f2a190fd727fc452a4c2a7cc845fd16b56aa,SOL,NO,medium,high,medium,0.02999999999999999,0.0,0.07031941630925734,0.0,0.0,False,1.0,-0.04031941630925735
delay_2s_only,3,2026-07-02T19:53:04.368103+00:00,0x2cfc3ef023f8f6ebad847ce57292f2a190fd727fc452a4c2a7cc845fd16b56aa,SOL,NO,high,medium,medium,-0.06999999999999999,0.0,0.11537720610906399,0.0,0.0,False,1.0,-0.185377206109064
delay_2s_only,3,2026-07-02T19:53:10.364232+00:00,0x2cfc3ef023f8f6ebad847ce57292f2a190fd727fc452a4c2a7cc845fd16b56aa,SOL,NO,high,medium,medium,0.12000000000000001,0.0,0.0,0.0,0.0,False,1.0,0.12000000000000001
delay_2s_only,3,2026-07-02T19:53:42.364449+00:00,0x2cfc3ef023f8f6ebad847ce57292f2a190fd727fc452a4c2a7cc845fd16b56aa,SOL,NO,high,medium,medium,0.020000000000000035,0.0,0.0,0.0,0.0,False,1.0,0.020000000000000035
quote_age_only,1,2026-06-24T15:43:06.758948+00:00,0x80658216d4530ee5d8f87f3a84d6788c0505a016f5d1a52bfb8fc3c1afc1f1c2,ETH,YES,low,low,medium,-0.05,0.0,0.0,0.013086271859718767,0.0,False,1.0,-0.06308627185971877
quote_age_only,1,2026-06-24T15:48:20.766212+00:00,0x8e22e9bf1a5c5cf1e5a91126865227cf0b75a5ec64611f0e0b23348e2b8eebc6,SOL,YES,medium,low,medium,-0.05,0.0,0.0,0.005709278538639764,0.0,False,1.0,-0.055709278538639766
quote_age_only,1,2026-06-24T15:48:30.765676+00:00,0x8e22e9bf1a5c5cf1e5a91126865227cf0b75a5ec64611f0e0b23348e2b8eebc6,SOL,YES,medium,low,medium,-0.04,0.0,0.0,0.007609887823236495,0.0,False,1.0,-0.047609887823236496
quote_age_only,1,2026-06-24T16:03:06.764139+00:00,0x898e75f4a2714851629ab01153214fbf585c570d631964d411eb3f85d6f77427,ETH,NO,low,medium,high,0.07000000000000002,0.0,0.0,0.0,0.0,False,1.0,0.07000000000000002
quote_age_only,1,2026-06-24T16:03:34.761565+00:00,0x898e75f4a2714851629ab01153214fbf585c570d631964d411eb3f85d6f77427,ETH,NO,low,medium,medium,0.01999999999999998,0.0,0.0,0.0,0.0,False,1.0,0.01999999999999998
quote_age_only,1,2026-06-24T16:03:36.766733+00:00,0x898e75f4a2714851629ab01153214fbf585c570d631964d411eb3f85d6f77427,ETH,NO,low,medium,medium,0.020000000000000035,0.0,0.0,0.025750789958746623,0.0,False,1.0,-0.005750789958746588
quote_age_only,1,2026-06-24T16:03:56.765843+00:00,0x898e75f4a2714851629ab01153214fbf585c570d631964d411eb3f85d6f77427,ETH,NO,medium,medium,medium,-0.07000000000000002,0.0,0.0,0.040703216994722055,0.0,False,1.0,-0.11070321699472208
quote_age_only,1,2026-06-24T16:17:42.762123+00:00,0x16d9a49118c42f6c43e48602f4356b563fe7d62f03eace901d12f3671b7534cd,SOL,NO,low,medium,high,0.18000000000000002,0.0,0.0,0.0,0.0,False,1.0,0.18000000000000002
quote_age_only,1,2026-06-24T16:22:52.762411+00:00,0x76ee4df37777787c309b30aa15d0861f505cc65be0cea6ab16949e8fba9fa172,SOL,NO,medium,medium,medium,-0.11999999999999998,0.0,0.0,0.364279700517177,0.0,False,1.0,-0.484279700517177
quote_age_only,1,2026-06-24T16:22:54.752727+00:00,0x76ee4df37777787c309b30aa15d0861f505cc65be0cea6ab16949e8fba9fa172,SOL,NO,medium,medium,medium,-0.06500000000000002,0.0,0.0,0.06131506253278372,0.0,False,1.0,-0.12631506253278374
quote_age_only,1,2026-06-24T16:41:48.765478+00:00,0x54faa3af7fa6193533f340c3ceb42d2a8d405f5e3b23e2178d2a0212ac8cd968,ETH,YES,low,low,medium,-0.09500000000000001,0.0,0.0,0.09335664902505575,0.0,False,1.0,-0.18835664902505578
quote_age_only,1,2026-06-24T16:41:50.756781+00:00,0x54faa3af7fa6193533f340c3ceb42d2a8d405f5e3b23e2178d2a0212ac8cd968,ETH,YES,low,medium,low,-0.055000000000000035,0.0,0.0,0.037226523286511395,0.0,False,1.0,-0.09222652328651143
quote_age_only,1,2026-06-24T16:48:48.757094+00:00,0x6a9cd2dd7bc9c9807d3452c9f1a97c34ac7aedbc934b79054d8b3a0bfdcd4e42,BTC,YES,low,low,high,-0.0325,0.0,0.0,0.0,0.0,False,1.0,-0.0325
quote_age_only,1,2026-06-24T16:51:06.758502+00:00,0xabff544d3602969cb25677257451bdb7c6ad59b48e75d1d633afb248b012b06c,ETH,NO,low,medium,medium,0.30000000000000004,0.0,0.0,0.01488289916387536,0.0,False,1.0,0.2851171008361247
quote_age_only,1,2026-06-24T16:52:04.761668+00:00,0x7d0f63daa0e0bd4993d80fa4bcb62fd622043fb264ec4a7aa7b875871c6a353a,SOL,YES,medium,medium,medium,0.030000000000000002,0.0,0.0,0.0076564760444328035,0.0,False,1.0,0.0223435239555672
quote_age_only,1,2026-06-24T16:52:06.767562+00:00,0x7d0f63daa0e0bd4993d80fa4bcb62fd622043fb264ec4a7aa7b875871c6a353a,SOL,YES,high,medium,medium,0.05,0.0,0.0,0.03860575384342343,0.0,False,1.0,0.011394246156576575
quote_age_only,1,2026-06-24T16:53:18.759891+00:00,0x11be248eacf03fecfc51007bb9833cc1452e33e48c5226ab9c30e91656ca4fed,BTC,YES,low,medium,medium,-0.05,0.0,0.0,0.0076946148838835295,0.0,False,1.0,-0.057694614883883534
quote_age_only,1,2026-06-24T16:53:52.752947+00:00,0x7d0f63daa0e0bd4993d80fa4bcb62fd622043fb264ec4a7aa7b875871c6a353a,SOL,YES,high,low,medium,-0.05,0.0,0.0,0.038740885745220076,0.0,False,1.0,-0.08874088574522007
quote_age_only,1,2026-06-24T16:53:54.758545+00:00,0xabff544d3602969cb25677257451bdb7c6ad59b48e75d1d633afb248b012b06c,ETH,NO,high,low,medium,-0.02,0.0,0.0,0.0,0.0,False,1.0,-0.02
quote_age_only,1,2026-06-24T16:55:32.763105+00:00,0xdc4693598a20d019c083949d35703b04d5de73552f4d0fb762787cbe10eef7af,ETH,YES,low,medium,medium,0.035000000000000045,0.0,0.0,0.018742554331572143,0.0,False,1.0,0.016257445668427902
quote_age_only,1,2026-06-24T17:10:44.757531+00:00,0x6bcbfb85688c3516d74eda21ae1058775c9dbb0c3c2ed80679bea5efa4224f1f,SOL,YES,low,medium,medium,-0.09000000000000001,0.0,0.0,0.013389756691535352,0.0,False,1.0,-0.10338975669153536
quote_age_only,1,2026-06-24T17:10:48.752203+00:00,0x6bcbfb85688c3516d74eda21ae1058775c9dbb0c3c2ed80679bea5efa4224f1f,SOL,YES,low,medium,medium,0.07000000000000002,0.0,0.0,0.058158984208923466,0.0,False,1.0,0.011841015791076555
quote_age_only,1,2026-06-24T17:15:08.754027+00:00,0x2a87ba5465e5a39b23f5c245ce8daf4e9166a6b5d3a01f97e3c5cebe5f542667,ETH,YES,low,medium,medium,0.08999999999999998,0.0,0.0,0.019512428329489493,0.0,False,1.0,0.0704875716705105
quote_age_only,1,2026-06-24T17:15:32.759728+00:00,0xc6ddbe45253f77b8dbd808a9153ec3477a66b95ce3dcd40edbdbf5e69a9fad74,BTC,YES,low,medium,medium,-0.059999999999999984,0.0,0.0,0.029861368841842043,0.0,False,1.0,-0.08986136884184202
quote_age_only,1,2026-06-24T17:17:04.766209+00:00,0xc6ddbe45253f77b8dbd808a9153ec3477a66b95ce3dcd40edbdbf5e69a9fad74,BTC,YES,low,medium,medium,0.01999999999999998,0.0,0.0,0.0076882023144333985,0.0,False,1.0,0.012311797685566582
quote_age_only,1,2026-06-24T17:20:12.764868+00:00,0xd8e21b0124221e5a6948b65f0b5c1b7c563a3c7e6ea11a1e7d760638a2e885ba,SOL,NO,medium,medium,high,0.15500000000000005,0.0,0.0,0.0,0.0,False,1.0,0.15500000000000005
quote_age_only,1,2026-06-24T17:25:44.756279+00:00,0x0a15e96a2f8db3533603fd8a311915394fd8b8b6cbc3c3b90e5225964660bd94,ETH,YES,low,medium,high,0.030000000000000044,0.0,0.0,0.0,0.0,False,1.0,0.030000000000000044
quote_age_only,1,2026-06-24T17:26:36.761972+00:00,0x0a15e96a2f8db3533603fd8a311915394fd8b8b6cbc3c3b90e5225964660bd94,ETH,YES,low,medium,high,0.11,0.0,0.0,0.0,0.0,False,1.0,0.11
quote_age_only,1,2026-06-24T17:28:30.758436+00:00,0x8b89ebef2e337682d0c761c2d9ea76b14916b0fbaa6b07ab496782aa61d08092,SOL,NO,low,medium,medium,-0.03,0.0,0.0,0.0,0.0,False,1.0,-0.03
quote_age_only,1,2026-06-24T17:32:12.757879+00:00,0xc53755a72a77c13680d29f80e88a1ffcdaeda374fb64389c3801a5660e24deb8,SOL,NO,low,medium,medium,0.030000000000000044,0.0,0.0,0.031632207487252956,0.0,False,1.0,-0.0016322074872529117
quote_age_only,1,2026-06-24T17:40:50.764310+00:00,0xe162acce182a1c54de6efd4a047bee1957d9d0ce3a96723f622886a34ce9ef56,BTC,NO,low,medium,medium,-0.05000000000000003,0.0,0.0,0.046654445417181,0.0,False,1.0,-0.09665444541718103
quote_age_only,1,2026-06-24T17:46:02.756352+00:00,0x931296be6d3fc5e74df946ebeb47595bd30d0b51c747520c22454b54dbde783c,ETH,NO,medium,medium,high,0.16,0.0,0.0,0.0,0.0,False,1.0,0.16
quote_age_only,1,2026-06-24T17:50:26.761135+00:00,0xe0261c3af71ec76885a6befe78536d37f4f39622a19d0102257561caaca61811,SOL,NO,low,medium,medium,0.06000000000000001,0.0,0.0,0.04225405185921155,0.0,False,1.0,0.01774594814078846
quote_age_only,1,2026-06-24T18:00:58.760168+00:00,0x5a189bc1b252af1469e531eb62cee5995fe46dd01bcaff6b137a7bc3109e2e43,SOL,NO,medium,low,medium,-0.05000000000000003,0.0,0.0,0.033059401438366845,0.0,False,1.0,-0.08305940143836688
quote_age_only,1,2026-06-24T18:01:08.757617+00:00,0x5a189bc1b252af1469e531eb62cee5995fe46dd01bcaff6b137a7bc3109e2e43,SOL,NO,medium,medium,medium,0.010000000000000026,0.0,0.0,0.006707096678920831,0.0,False,1.0,0.003292903321079195
quote_age_only,1,2026-06-24T18:01:10.762661+00:00,0x5a189bc1b252af1469e531eb62cee5995fe46dd01bcaff6b137a7bc3109e2e43,SOL,NO,medium,medium,medium,-0.06999999999999999,0.0,0.0,0.022560559768264377,0.0,False,1.0,-0.09256055976826437
quote_age_only,1,2026-06-24T18:01:28.765791+00:00,0x5a189bc1b252af1469e531eb62cee5995fe46dd01bcaff6b137a7bc3109e2e43,SOL,NO,medium,medium,medium,-0.05000000000000003,0.0,0.0,0.019274226447821688,0.0,False,1.0,-0.06927422644782172
quote_age_only,1,2026-06-24T18:01:32.763050+00:00,0x5a189bc1b252af1469e531eb62cee5995fe46dd01bcaff6b137a7bc3109e2e43,SOL,NO,medium,medium,medium,0.07000000000000002,0.0,0.0,0.015660506267043024,0.0,False,1.0,0.054339493732956996
quote_age_only,1,2026-06-24T18:01:48.762400+00:00,0x5a189bc1b252af1469e531eb62cee5995fe46dd01bcaff6b137a7bc3109e2e43,SOL,NO,medium,medium,medium,0.059999999999999956,0.0,0.0,0.04634557634211991,0.0,False,1.0,0.013654423657880048
quote_age_only,1,2026-06-24T18:05:24.753766+00:00,0x17dc5c06a8038c8b9fe98dc10caabed5e643e594aa096dfa257871e4e6fc79db,BTC,NO,medium,medium,high,0.05000000000000006,0.0,0.0,0.0,0.0,False,1.0,0.05000000000000006
quote_age_only,1,2026-06-24T18:05:28.765310+00:00,0x17dc5c06a8038c8b9fe98dc10caabed5e643e594aa096dfa257871e4e6fc79db,BTC,NO,medium,medium,high,0.06999999999999997,0.0,0.0,0.10484782403808228,0.0,False,1.0,-0.034847824038082315
quote_age_only,1,2026-06-24T18:05:36.760226+00:00,0x3d07d4fd8f80b13ff82b8a59ac4e27ef61cee1ca5f5e8b639dd421a3a7bc2fcb,SOL,NO,low,high,medium,0.04999999999999995,0.0,0.0,0.030801851765964932,0.0,False,1.0,0.019198148234035015
quote_age_only,1,2026-06-24T18:06:36.754811+00:00,0x3d07d4fd8f80b13ff82b8a59ac4e27ef61cee1ca5f5e8b639dd421a3a7bc2fcb,SOL,YES,low,medium,medium,0.039999999999999994,0.0,0.0,0.015573965775379546,0.0,False,1.0,0.024426034224620446
quote_age_only,1,2026-06-24T18:06:38.762149+00:00,0x3d07d4fd8f80b13ff82b8a59ac4e27ef61cee1ca5f5e8b639dd421a3a7bc2fcb,SOL,YES,low,medium,medium,0.09999999999999999,0.0,0.0,0.04552520303008263,0.0,False,1.0,0.05447479696991736
quote_age_only,1,2026-06-24T18:10:32.759091+00:00,0xe3120089fce1f1a743fc240f0033561fca78ae3088352a0f3f52413a0a0b39cb,BTC,YES,low,medium,high,0.04999999999999995,0.0,0.0,0.0,0.0,False,1.0,0.04999999999999995
quote_age_only,1,2026-06-24T18:10:48.754900+00:00,0x2a8f1b4db2834d8f740fa140f88d4c2cd7464241d37403fce3ab3bc53ee78792,ETH,NO,low,medium,high,0.06999999999999997,0.0,0.0,0.0,0.0,False,1.0,0.06999999999999997
quote_age_only,1,2026-06-24T18:11:20.766968+00:00,0x2a8f1b4db2834d8f740fa140f88d4c2cd7464241d37403fce3ab3bc53ee78792,ETH,YES,low,medium,medium,-0.059999999999999984,0.0,0.0,0.08129188957170823,0.0,False,1.0,-0.1412918895717082
quote_age_only,1,2026-06-24T18:20:04.756204+00:00,0x3d34074cabf8c0c7082b719f8b1d246fbf3344709e9dceb7baf2a9e21d9dcd71,BTC,YES,low,medium,medium,-0.13000000000000003,0.0,0.0,0.0,0.0,False,1.0,-0.13000000000000003
quote_age_only,1,2026-06-24T18:20:30.755092+00:00,0x3d34074cabf8c0c7082b719f8b1d246fbf3344709e9dceb7baf2a9e21d9dcd71,BTC,YES,low,medium,medium,-0.05499999999999998,0.0,0.0,0.055360162146572994,0.0,False,1.0,-0.11036016214657297
quote_age_only,1,2026-06-24T18:20:36.756990+00:00,0x063b6476f22b96ffa4e2b1b40b6be64b68228f02258cf4f2cb5ae83ecbf708fd,ETH,YES,medium,medium,medium,0.04999999999999995,0.0,0.0,0.046795396704669145,0.0,False,1.0,0.003204603295330802
quote_age_only,1,2026-06-24T18:20:40.753306+00:00,0x3d34074cabf8c0c7082b719f8b1d246fbf3344709e9dceb7baf2a9e21d9dcd71,BTC,YES,low,medium,medium,-0.059999999999999984,0.0,0.0,0.007201810059347038,0.0,False,1.0,-0.06720181005934703
quote_age_only,1,2026-06-24T18:20:52.756246+00:00,0x3d34074cabf8c0c7082b719f8b1d246fbf3344709e9dceb7baf2a9e21d9dcd71,BTC,YES,low,medium,medium,0.039999999999999994,0.0,0.0,0.013431837811791705,0.0,False,1.0,0.02656816218820829
quote_age_only,1,2026-06-24T18:20:54.762187+00:00,0x3d34074cabf8c0c7082b719f8b1d246fbf3344709e9dceb7baf2a9e21d9dcd71,BTC,YES,low,medium,medium,0.010000000000000026,0.0,0.0,0.04640994426057397,0.0,False,1.0,-0.03640994426057394
quote_age_only,1,2026-06-24T18:21:06.764841+00:00,0x3d34074cabf8c0c7082b719f8b1d246fbf3344709e9dceb7baf2a9e21d9dcd71,BTC,YES,low,medium,medium,-0.05000000000000003,0.0,0.0,0.035553487289788466,0.0,False,1.0,-0.0855534872897885
quote_age_only,1,2026-06-24T18:21:10.764191+00:00,0x3d34074cabf8c0c7082b719f8b1d246fbf3344709e9dceb7baf2a9e21d9dcd71,BTC,YES,low,medium,medium,0.020000000000000035,0.0,0.0,0.007822541111346615,0.0,False,1.0,0.01217745888865342
quote_age_only,1,2026-06-24T18:21:12.754338+00:00,0x3d34074cabf8c0c7082b719f8b1d246fbf3344709e9dceb7baf2a9e21d9dcd71,BTC,YES,low,medium,medium,-0.06000000000000004,0.0,0.0,0.03111667630582065,0.0,False,1.0,-0.09111667630582068
quote_age_only,1,2026-06-24T18:21:14.759655+00:00,0x3d34074cabf8c0c7082b719f8b1d246fbf3344709e9dceb7baf2a9e21d9dcd71,BTC,YES,low,high,medium,0.19499999999999998,0.0,0.0,0.022337166642480987,0.0,False,1.0,0.172662833357519
quote_age_only,1,2026-06-24T18:23:18.758759+00:00,0x3d34074cabf8c0c7082b719f8b1d246fbf3344709e9dceb7baf2a9e21d9dcd71,BTC,YES,low,medium,medium,0.01500000000000003,0.0,0.0,0.007630942066611906,0.0,False,1.0,0.007369057933388125
quote_age_only,1,2026-06-24T18:26:40.754541+00:00,0x0f58baf57772722db394290841df2a23b89d3ef388a740790fe4356e58669164,ETH,NO,low,medium,medium,-0.38,0.0,0.0,0.03517243809772693,0.0,False,1.0,-0.4151724380977269
quote_age_only,1,2026-06-24T18:32:18.765892+00:00,0xbde68413691d686e0741615c9dad23d2669c8cfcdd14efb81d2fd53260602d61,SOL,NO,low,medium,medium,0.05,0.0,0.0,0.015491471167510174,0.0,False,1.0,0.03450852883248983
quote_age_only,1,2026-06-24T18:32:28.765868+00:00,0xbde68413691d686e0741615c9dad23d2669c8cfcdd14efb81d2fd53260602d61,SOL,NO,low,medium,medium,-0.10000000000000002,0.0,0.0,0.007893342189404236,0.0,False,1.0,-0.10789334218940426
quote_age_only,1,2026-06-24T18:32:34.767339+00:00,0xbde68413691d686e0741615c9dad23d2669c8cfcdd14efb81d2fd53260602d61,SOL,NO,low,medium,medium,-0.09999999999999999,0.0,0.0,0.041469480041419475,0.0,False,1.0,-0.14146948004141946
quote_age_only,1,2026-06-24T18:32:36.756754+00:00,0xbde68413691d686e0741615c9dad23d2669c8cfcdd14efb81d2fd53260602d61,SOL,NO,low,medium,medium,0.025000000000000012,0.0,0.0,0.06322972331062152,0.0,False,1.0,-0.03822972331062151
quote_age_only,1,2026-06-24T18:32:38.763486+00:00,0xbde68413691d686e0741615c9dad23d2669c8cfcdd14efb81d2fd53260602d61,SOL,NO,low,high,medium,-0.07500000000000002,0.0,0.0,0.03414677944040363,0.0,False,1.0,-0.10914677944040366
quote_age_only,1,2026-06-24T18:32:40.753774+00:00,0xbde68413691d686e0741615c9dad23d2669c8cfcdd14efb81d2fd53260602d61,SOL,NO,low,medium,medium,0.030000000000000016,0.0,0.0,0.04357599754407406,0.0,False,1.0,-0.013575997544074046
quote_age_only,1,2026-06-24T18:32:58.758626+00:00,0xbde68413691d686e0741615c9dad23d2669c8cfcdd14efb81d2fd53260602d61,SOL,NO,low,high,medium,-0.05000000000000003,0.0,0.0,0.02322558588392543,0.0,False,1.0,-0.07322558588392546
quote_age_only,1,2026-06-24T18:33:00.765000+00:00,0xbde68413691d686e0741615c9dad23d2669c8cfcdd14efb81d2fd53260602d61,SOL,NO,low,medium,medium,0.014999999999999975,0.0,0.0,0.022959328619688985,0.0,False,1.0,-0.00795932861968901
quote_age_only,1,2026-06-24T18:51:52.760600+00:00,0x76ceb5966715afdbb09250dea84bccfc837e72c59d375b0ca15e03fcc417fb4e,SOL,YES,low,medium,medium,-0.06999999999999999,0.0,0.0,0.024784274213660827,0.0,False,1.0,-0.09478427421366081
quote_age_only,1,2026-06-24T18:51:54.765991+00:00,0x76ceb5966715afdbb09250dea84bccfc837e72c59d375b0ca15e03fcc417fb4e,SOL,YES,low,medium,medium,0.039999999999999994,0.0,0.0,0.03802239812585176,0.0,False,1.0,0.0019776018741482354
quote_age_only,1,2026-06-24T18:51:56.756813+00:00,0x76ceb5966715afdbb09250dea84bccfc837e72c59d375b0ca15e03fcc417fb4e,SOL,YES,low,high,medium,0.01500000000000003,0.0,0.0,0.03482199312645731,0.0,False,1.0,-0.01982199312645728
quote_age_only,1,2026-06-24T18:52:10.764773+00:00,0x768552d5316e123aaa73080f47f5e8f4e0ba7553daff6a1d32fa8d9ed5552775,ETH,YES,low,medium,medium,0.059999999999999956,0.0,0.0,0.015665909077310032,0.0,False,1.0,0.044334090922689924
quote_age_only,1,2026-06-24T18:52:48.766058+00:00,0x768552d5316e123aaa73080f47f5e8f4e0ba7553daff6a1d32fa8d9ed5552775,ETH,YES,low,low,medium,0.014999999999999975,0.0,0.0,0.03425313156071509,0.0,False,1.0,-0.019253131560715116
quote_age_only,1,2026-06-24T18:52:48.766058+00:00,0x76ceb5966715afdbb09250dea84bccfc837e72c59d375b0ca15e03fcc417fb4e,SOL,YES,low,low,medium,-0.07000000000000005,0.0,0.0,0.05135725155885959,0.0,False,1.0,-0.12135725155885964
quote_age_only,1,2026-06-24T18:52:52.763973+00:00,0x76ceb5966715afdbb09250dea84bccfc837e72c59d375b0ca15e03fcc417fb4e,SOL,YES,low,medium,medium,0.020000000000000035,0.0,0.0,0.02787409364688919,0.0,False,1.0,-0.007874093646889156
quote_age_only,1,2026-06-24T18:53:46.759987+00:00,0x76ceb5966715afdbb09250dea84bccfc837e72c59d375b0ca15e03fcc417fb4e,SOL,YES,medium,low,medium,0.09999999999999999,0.0,0.0,0.0038072289787457097,0.0,False,1.0,0.09619277102125429
quote_age_only,1,2026-06-24T19:00:16.766958+00:00,0x6f14d199dafd35a5f545aad500e9cd65eaf22a2bf1a522817da62c57245246f4,SOL,NO,low,medium,medium,0.020000000000000035,0.0,0.0,0.011584312308420776,0.0,False,1.0,0.008415687691579259
quote_age_only,1,2026-06-24T19:00:20.764327+00:00,0x6f14d199dafd35a5f545aad500e9cd65eaf22a2bf1a522817da62c57245246f4,SOL,NO,low,high,medium,-0.06499999999999999,0.0,0.0,0.03081629113180823,0.0,False,1.0,-0.09581629113180821
quote_age_only,1,2026-06-24T19:00:26.766094+00:00,0x6f14d199dafd35a5f545aad500e9cd65eaf22a2bf1a522817da62c57245246f4,SOL,NO,low,medium,medium,0.014999999999999975,0.0,0.0,0.009801673376987811,0.0,False,1.0,0.005198326623012164
quote_age_only,1,2026-06-24T19:00:34.758570+00:00,0x6f14d199dafd35a5f545aad500e9cd65eaf22a2bf1a522817da62c57245246f4,SOL,NO,low,medium,medium,-0.06999999999999999,0.0,0.0,0.006606398225507734,0.0,False,1.0,-0.07660639822550773
quote_age_only,1,2026-06-24T19:00:46.763874+00:00,0x6f14d199dafd35a5f545aad500e9cd65eaf22a2bf1a522817da62c57245246f4,SOL,NO,low,low,medium,0.010000000000000026,0.0,0.0,0.05022252999956099,0.0,False,1.0,-0.04022252999956097
quote_age_only,1,2026-06-24T19:01:30.763622+00:00,0x6f14d199dafd35a5f545aad500e9cd65eaf22a2bf1a522817da62c57245246f4,SOL,NO,low,medium,medium,-0.05000000000000003,0.0,0.0,0.038974086953399045,0.0,False,1.0,-0.08897408695339908
quote_age_only,1,2026-06-24T19:02:02.766777+00:00,0x9828065f135b73cbb04da613189035c96beca24508e8d4b15f9a9b670b7519eb,ETH,NO,low,medium,medium,0.01999999999999998,0.0,0.0,0.039636581459695404,0.0,False,1.0,-0.019636581459695424
quote_age_only,1,2026-06-24T19:02:02.766777+00:00,0x6f14d199dafd35a5f545aad500e9cd65eaf22a2bf1a522817da62c57245246f4,SOL,NO,low,medium,high,0.06000000000000001,0.0,0.0,0.0,0.0,False,1.0,0.06000000000000001
quote_age_only,1,2026-06-24T19:02:04.757011+00:00,0x6f14d199dafd35a5f545aad500e9cd65eaf22a2bf1a522817da62c57245246f4,SOL,NO,low,medium,medium,-0.11499999999999998,0.0,0.0,0.08200062907175747,0.0,False,1.0,-0.19700062907175744
quote_age_only,1,2026-06-24T19:02:06.762138+00:00,0x6f14d199dafd35a5f545aad500e9cd65eaf22a2bf1a522817da62c57245246f4,SOL,NO,low,medium,medium,0.02999999999999999,0.0,0.0,0.07391379947504578,0.0,False,1.0,-0.0439137994750458
quote_age_only,1,2026-06-24T19:02:08.753956+00:00,0x6f14d199dafd35a5f545aad500e9cd65eaf22a2bf1a522817da62c57245246f4,SOL,NO,low,high,medium,-0.06999999999999999,0.0,0.0,0.03912199809420342,0.0,False,1.0,-0.10912199809420342
quote_age_only,1,2026-06-24T19:02:34.760304+00:00,0x6f14d199dafd35a5f545aad500e9cd65eaf22a2bf1a522817da62c57245246f4,SOL,NO,low,medium,medium,0.010000000000000026,0.0,0.0,0.011684049179142989,0.0,False,1.0,-0.0016840491791429626
quote_age_only,1,2026-06-24T19:12:34.759652+00:00,0x1aee94333f9f59a16641bfb6bb79781128bfc7c762e6ec35a3e28ae595c8f710,ETH,YES,low,low,medium,-0.03,0.0,0.0,0.0,0.0,False,1.0,-0.03
quote_age_only,1,2026-06-24T19:15:48.754190+00:00,0x4982ded7e4b9233220595f26cc997fa151f1902c8893a0a78a52d656b5fdb3d4,ETH,NO,medium,medium,medium,-0.08,0.0,0.0,0.06869781159249844,0.0,False,1.0,-0.14869781159249845
quote_age_only,1,2026-06-24T19:15:50.760306+00:00,0xb802375b899f20776320f8a3ad101bd8c4a32ff81a436fcc308a140cc33d96bf,BTC,NO,low,medium,medium,0.010000000000000026,0.0,0.0,0.041861577296626915,0.0,False,1.0,-0.03186157729662689
quote_age_only,1,2026-06-24T19:15:50.760306+00:00,0x4982ded7e4b9233220595f26cc997fa151f1902c8893a0a78a52d656b5fdb3d4,ETH,NO,medium,medium,medium,0.03499999999999999,0.0,0.0,0.04763392545595565,0.0,False,1.0,-0.01263392545595566
quote_age_only,1,2026-06-24T19:25:34.759452+00:00,0x6e39d066f4cd8679f901216c55834139a9ad2240af38a11b09b63b0473e2b84b,SOL,YES,low,medium,medium,0.010000000000000026,0.0,0.0,0.02363573704920978,0.0,False,1.0,-0.013635737049209753
quote_age_only,1,2026-06-24T19:26:04.757062+00:00,0x6e39d066f4cd8679f901216c55834139a9ad2240af38a11b09b63b0473e2b84b,SOL,YES,low,medium,medium,0.07500000000000002,0.0,0.0,0.05498813673393538,0.0,False,1.0,0.020011863266064647
quote_age_only,1,2026-06-24T19:37:46.757371+00:00,0xfedc3df4cb1db1fc866524795ac2fcdf9941f43010b9c15e487a333e6f266394,SOL,YES,low,medium,high,0.010000000000000026,0.0,0.0,0.0,0.0,False,1.0,0.010000000000000026
quote_age_only,1,2026-06-24T19:37:50.757198+00:00,0xfedc3df4cb1db1fc866524795ac2fcdf9941f43010b9c15e487a333e6f266394,SOL,YES,low,medium,medium,-0.09999999999999996,0.0,0.0,0.02341284735874949,0.0,False,1.0,-0.12341284735874945
quote_age_only,1,2026-06-24T19:41:20.756922+00:00,0x7001dd0099cdee5fbb1efe846336e41812c524e7585b6f7c9a0a5c9882f114b9,SOL,NO,low,medium,medium,0.03999999999999994,0.0,0.0,0.03943935706098799,0.0,False,1.0,0.0005606429390119516
quote_age_only,1,2026-06-24T19:48:44.761661+00:00,0x4f55d140209fd0d5a7745de8f8a0f150f3b6097aedbaeee7d1a0618c0c3d7bb8,ETH,NO,low,medium,medium,0.06999999999999997,0.0,0.0,0.05124397321651067,0.0,False,1.0,0.018756026783489296
quote_age_only,1,2026-06-24T19:53:26.758012+00:00,0x3ba3b3f951b2628ef716722de268dd5e244f8d45fd355168fab2e3b85af75128,SOL,NO,low,medium,high,-0.0315,0.0,0.0,0.0,0.0,False,1.0,-0.0315
quote_age_only,1,2026-06-24T20:01:06.759646+00:00,0x88fd0bf02fe557e16419750274baafa5fd89a12437e7d4215161d95a77cc069e,SOL,NO,low,medium,medium,-0.05,0.0,0.0,0.21972449212485815,0.0,False,1.0,-0.26972449212485816
quote_age_only,1,2026-06-24T20:01:08.765938+00:00,0x99160df581693bc7fa4ad76b5fe823f5346ef5cb655f1e8650a60c30a642c0ac,BTC,YES,low,high,medium,0.29,0.0,0.0,0.07210924930169683,0.0,False,1.0,0.21789075069830316
quote_age_only,1,2026-06-24T20:08:34.761066+00:00,0xd14dfda063d0d2dafe354fe938c73ea7643db9f344cf11598794d252f8d453a1,BTC,NO,low,low,medium,-0.018,0.0,0.0,0.0,0.0,False,1.0,-0.018
quote_age_only,1,2026-06-24T20:13:52.754397+00:00,0xf8776b5271ce59d683b9da736a42f8139c58e4093ad342ae1288f9addc1b3cfe,BTC,NO,low,medium,medium,-0.06499999999999999,0.0,0.0,0.023774727053138843,0.0,False,1.0,-0.08877472705313882
quote_age_only,1,2026-06-24T20:13:56.764659+00:00,0xf8776b5271ce59d683b9da736a42f8139c58e4093ad342ae1288f9addc1b3cfe,BTC,NO,low,high,medium,-0.12999999999999998,0.0,0.0,0.01586630482428255,0.0,False,1.0,-0.14586630482428253
quote_age_only,1,2026-06-24T20:17:30.756983+00:00,0x9c3ac652cc797ed5fdf7c5717c58c9ce007e9fabecc76e1454bf2d8db03c7150,BTC,YES,low,medium,medium,-0.06000000000000004,0.0,0.0,0.03386766106125526,0.0,False,1.0,-0.0938676610612553
quote_age_only,1,2026-06-24T20:17:34.755355+00:00,0x9c3ac652cc797ed5fdf7c5717c58c9ce007e9fabecc76e1454bf2d8db03c7150,BTC,YES,low,medium,medium,0.020000000000000035,0.0,0.0,0.03998436715218486,0.0,False,1.0,-0.019984367152184827
quote_age_only,1,2026-06-24T20:17:38.755356+00:00,0x9c3ac652cc797ed5fdf7c5717c58c9ce007e9fabecc76e1454bf2d8db03c7150,BTC,YES,low,medium,medium,0.010000000000000026,0.0,0.0,0.01562576677885171,0.0,False,1.0,-0.005625766778851685
quote_age_only,1,2026-06-24T20:17:48.756472+00:00,0x9c3ac652cc797ed5fdf7c5717c58c9ce007e9fabecc76e1454bf2d8db03c7150,BTC,YES,low,low,medium,0.04999999999999995,0.0,0.0,0.007321646053483078,0.0,False,1.0,0.04267835394651687
quote_age_only,1,2026-06-24T20:18:06.756462+00:00,0x9c3ac652cc797ed5fdf7c5717c58c9ce007e9fabecc76e1454bf2d8db03c7150,BTC,YES,medium,medium,medium,-0.055000000000000035,0.0,0.0,0.012014427278480297,0.0,False,1.0,-0.06701442727848034
quote_age_only,1,2026-06-24T20:18:34.759712+00:00,0x9c3ac652cc797ed5fdf7c5717c58c9ce007e9fabecc76e1454bf2d8db03c7150,BTC,YES,low,medium,medium,0.029999999999999933,0.0,0.0,0.00796250210541948,0.0,False,1.0,0.022037497894580454
quote_age_only,1,2026-06-24T20:18:42.754973+00:00,0x9c3ac652cc797ed5fdf7c5717c58c9ce007e9fabecc76e1454bf2d8db03c7150,BTC,YES,low,high,medium,0.01500000000000003,0.0,0.0,0.05615565127844483,0.0,False,1.0,-0.041155651278444796
quote_age_only,1,2026-06-24T20:23:28.766404+00:00,0x664abf9e27ed69e80bbe4cc0517b8a125ca044c42ad3357a7c7af2ed9436c74e,SOL,NO,low,medium,medium,0.09999999999999999,0.0,0.0,0.015429381783742709,0.0,False,1.0,0.08457061821625728
quote_age_only,1,2026-06-24T20:31:42.764262+00:00,0x4dd3a21158dc2341d429921b0f01d6ef1d5b1b88544a4e1166825c85360a31f3,SOL,YES,low,medium,medium,0.05000000000000006,0.0,0.0,0.0,0.0,False,1.0,0.05000000000000006
quote_age_only,1,2026-06-24T20:50:08.762751+00:00,0x8faf001f0cb0420fe9216e45664d43db363e1235986c35e425847671efe887b9,SOL,NO,low,medium,high,0.35,0.0,0.0,0.0,0.0,False,1.0,0.35
quote_age_only,1,2026-06-24T20:50:34.755582+00:00,0xb5b2cc6f7e364320387000357dcec77c8e290b19a91515fda9f1eba110a7206b,ETH,YES,low,medium,medium,-0.02,0.0,0.0,0.0,0.0,False,1.0,-0.02
quote_age_only,1,2026-06-24T20:50:58.754381+00:00,0x8faf001f0cb0420fe9216e45664d43db363e1235986c35e425847671efe887b9,SOL,YES,medium,medium,high,-0.39,0.0,0.0,0.0,0.0,False,1.0,-0.39
quote_age_only,1,2026-06-24T20:51:14.759775+00:00,0xa18f20c9d7af10ea829ba2117f462eed5781ccb83a3b11964e8464ea1bee0872,BTC,NO,medium,medium,high,0.010000000000000026,0.0,0.0,0.0,0.0,False,1.0,0.010000000000000026
quote_age_only,1,2026-06-24T20:51:18.756585+00:00,0xb5b2cc6f7e364320387000357dcec77c8e290b19a91515fda9f1eba110a7206b,ETH,NO,medium,medium,high,-0.02,0.0,0.0,0.0,0.0,False,1.0,-0.02
quote_age_only,1,2026-06-24T20:52:00.752541+00:00,0xa18f20c9d7af10ea829ba2117f462eed5781ccb83a3b11964e8464ea1bee0872,BTC,NO,medium,medium,medium,0.07499999999999997,0.0,0.0,0.019923227600310445,0.0,False,1.0,0.05507677239968953
quote_age_only,1,2026-06-24T21:05:24.762965+00:00,0xaa2029eae1454eff4dd2950180ce1a61bf2cc891c5bac51d9e0a15f22cddbee9,BTC,NO,low,medium,medium,-0.06000000000000004,0.0,0.0,0.04058147042107467,0.0,False,1.0,-0.10058147042107471
quote_age_only,1,2026-06-24T21:06:00.760134+00:00,0xaa2029eae1454eff4dd2950180ce1a61bf2cc891c5bac51d9e0a15f22cddbee9,BTC,NO,low,medium,medium,-0.08500000000000006,0.0,0.0,0.036578625171799925,0.0,False,1.0,-0.12157862517179999
quote_age_only,1,2026-06-24T21:06:02.752654+00:00,0xaa2029eae1454eff4dd2950180ce1a61bf2cc891c5bac51d9e0a15f22cddbee9,BTC,NO,low,medium,medium,-0.09000000000000001,0.0,0.0,0.05298880563306768,0.0,False,1.0,-0.1429888056330677
quote_age_only,1,2026-06-24T21:17:38.763105+00:00,0x937f6ce7ec05a5cf598e814d8b21ca1b03831a607d67f7a737b4b455195b6347,ETH,YES,low,medium,medium,0.02999999999999999,0.0,0.0,0.0,0.0,False,1.0,0.02999999999999999
quote_age_only,1,2026-06-24T21:22:02.765156+00:00,0xc6ef5efefe52337535ef640dc5214f2cfca21f24db5da5f6461bb61b04d1757b,SOL,NO,medium,medium,medium,0.09999999999999994,0.0,0.0,0.0,0.0,False,1.0,0.09999999999999994
quote_age_only,1,2026-06-24T21:22:20.752241+00:00,0xc6ef5efefe52337535ef640dc5214f2cfca21f24db5da5f6461bb61b04d1757b,SOL,NO,low,medium,medium,-0.12000000000000004,0.0,0.0,0.08550118088723846,0.0,False,1.0,-0.2055011808872385
quote_age_only,1,2026-06-24T21:23:58.762346+00:00,0xc6ef5efefe52337535ef640dc5214f2cfca21f24db5da5f6461bb61b04d1757b,SOL,NO,medium,medium,medium,0.2849999999999999,0.0,0.0,0.048949547766747876,0.0,False,1.0,0.23605045223325205
quote_age_only,1,2026-06-24T22:03:08.763973+00:00,0x8d3e7e3c36b3e5d1112c98d87518a00383581755190d5a55edc69c26749c1f59,ETH,NO,low,medium,medium,0.05,0.0,0.0,0.01633563328990411,0.0,False,1.0,0.03366436671009589
quote_age_only,1,2026-06-25T00:06:46.764238+00:00,0xd65cb4f9d9b3cd9e0726c6723aaedeea6270e2b27f07e8d8d75fb866fc66efda,SOL,YES,medium,high,medium,0.365,0.0,0.0,0.3709531878348284,0.0,False,1.0,-0.0059531878348283995
quote_age_only,1,2026-06-25T02:56:12.762022+00:00,0xdc50528ddd95715389bece5e22c3924ab255ac03cc50a796d14fc1536f99e645,BTC,NO,low,medium,medium,0.14000000000000004,0.0,0.0,0.008713043920242147,0.0,False,1.0,0.1312869560797579
quote_age_only,1,2026-06-25T03:15:10.763656+00:00,0xd64b2ce5267698719de20d05b135368962c8a4f1835384f18f0605ccaac199d5,BTC,NO,medium,medium,medium,0.31999999999999995,0.0,0.0,0.008741961042261529,0.0,False,1.0,0.3112580389577384
quote_age_only,1,2026-06-25T03:15:10.763656+00:00,0xe9b43bb6aa0a0aa923a5b7ea6e70758b5f517507971004160627be84bdb0dbe3,SOL,NO,medium,medium,medium,0.32999999999999996,0.0,0.0,0.008736977959826395,0.0,False,1.0,0.32126302204017354
quote_age_only,2,2026-06-25T20:08:34.804565+00:00,0xee90821efc94653c995d4583794da5c87e3c033a1e0a24f1f4ee824d2357c750,BTC,NO,low,medium,medium,-0.06000000000000004,0.0,0.0,0.023160665866694005,0.0,False,1.0,-0.08316066586669404
quote_age_only,2,2026-06-25T22:25:40.815254+00:00,0x42561c5c6f58ab741b19c250935435977309241d54a0c21753c74a382c8bf1ec,SOL,NO,low,high,medium,0.05500000000000001,0.0,0.0,0.16591198140186023,0.0,False,1.0,-0.11091198140186022
quote_age_only,2,2026-06-25T23:30:14.811724+00:00,0x78e6a3146dd778fc3150db6ba5f2fe3b701ff446bbaff21453236e84bee5434d,SOL,NO,medium,high,medium,0.039999999999999994,0.0,0.0,0.17110046708924972,0.0,False,1.0,-0.13110046708924972
quote_age_only,2,2026-06-25T23:37:52.815776+00:00,0x953e34839580df1f86da756ce29e11f3a83588f2d7c5a8b5146bbe13c3ad7f35,BTC,NO,low,medium,medium,0.38,0.0,0.0,0.006107409488640929,0.0,False,1.0,0.3738925905113591
quote_age_only,2,2026-06-26T02:21:20.818691+00:00,0xe92b6aa7834be28be01989eb9239f7bc730eef595bb9081c81db7640532437a3,SOL,NO,low,medium,medium,0.020000000000000035,0.0,0.0,0.050098083468240164,0.0,False,1.0,-0.03009808346824013
quote_age_only,2,2026-06-26T02:31:04.812637+00:00,0x0d8fce3554cb6a7e22dac3a088ee1b258895693bde0bdce58ef37a2d50eb0f3a,ETH,YES,low,medium,medium,0.035000000000000045,0.0,0.0,0.01618273100478833,0.0,False,1.0,0.018817268995211717
quote_age_only,2,2026-06-26T02:35:42.806769+00:00,0x136e15d4a85563899e310f043e14992b3ea9f163c94c722c836f29143ac271f4,ETH,NO,low,medium,medium,0.04000000000000005,0.0,0.0,0.026164475134764005,0.0,False,1.0,0.013835524865236044
quote_age_only,2,2026-06-26T02:40:48.805212+00:00,0x8e4bcd7de404304d78ffd6801cda6a969cd3550ebe3dbc28e4c0b8ff9938a14a,SOL,YES,low,medium,medium,0.13999999999999999,0.0,0.0,0.0,0.0,False,1.0,0.13999999999999999
quote_age_only,2,2026-06-26T02:51:38.817347+00:00,0xe508261496efeb201653b58e80e7f513fc39987412717485e6b55bb061579c69,ETH,NO,low,medium,medium,0.039999999999999994,0.0,0.0,0.013275818904954625,0.0,False,1.0,0.026724181095045367
quote_age_only,2,2026-06-26T02:51:56.806004+00:00,0xe508261496efeb201653b58e80e7f513fc39987412717485e6b55bb061579c69,ETH,NO,low,medium,medium,0.030000000000000044,0.0,0.0,0.018727100907988327,0.0,False,1.0,0.011272899092011717
quote_age_only,2,2026-06-26T02:52:32.804179+00:00,0xc3f03ff87f66c7f90f0170c31343b35b3d222c9592259bb603fe0832409a0fdf,BTC,NO,low,medium,medium,0.02999999999999999,0.0,0.0,0.055933160525828564,0.0,False,1.0,-0.025933160525828575
quote_age_only,2,2026-06-26T02:52:32.804179+00:00,0xe508261496efeb201653b58e80e7f513fc39987412717485e6b55bb061579c69,ETH,NO,low,medium,medium,0.06999999999999997,0.0,0.0,0.031124154465021814,0.0,False,1.0,0.03887584553497815
quote_age_only,2,2026-06-26T02:57:22.804967+00:00,0x26d1ef52a5ebf5babad8932669762730e15bd1a446a00e43d9be96da4efc83c4,ETH,NO,low,medium,medium,0.115,0.0,0.0,0.0,0.0,False,1.0,0.115
quote_age_only,2,2026-06-26T03:00:38.803974+00:00,0x63edaf8ffd40b636dc86e7c49b6296c604d4ea5caa43b031869f3147e21dd62b,SOL,YES,low,high,medium,-0.085,0.0,0.0,0.12989191869336358,0.0,False,1.0,-0.2148919186933636
quote_age_only,2,2026-06-26T03:01:24.814231+00:00,0xc358642287952e08f2fbbd5a90f7574d73a87685780ca454b0efda7e9e598cd4,ETH,NO,high,medium,medium,0.20500000000000004,0.0,0.0,0.006634324441651176,0.0,False,1.0,0.19836567555834886
quote_age_only,2,2026-06-26T03:03:32.816621+00:00,0x63edaf8ffd40b636dc86e7c49b6296c604d4ea5caa43b031869f3147e21dd62b,SOL,YES,low,medium,medium,0.19000000000000009,0.0,0.0,0.01267102707870649,0.0,False,1.0,0.1773289729212936
quote_age_only,2,2026-06-26T03:05:08.804343+00:00,0x45454c0281a47979043962ffc486828eaf366f6e60c61c60460810e7425f44a1,BTC,NO,low,medium,medium,0.059999999999999956,0.0,0.0,0.03131857665441299,0.0,False,1.0,0.028681423345586966
quote_age_only,2,2026-06-26T03:06:02.818025+00:00,0xa16a5cae23414513a2199fe036ffb3c48978064e3c53b7d9b2ae57ee97de8bff,ETH,NO,low,medium,medium,0.045,0.0,0.0,0.0,0.0,False,1.0,0.045
quote_age_only,2,2026-06-26T03:06:28.814788+00:00,0x200710e3e43d33b143ccd80d0a2e3a265017d2dc75281f8951b674131c3f26bb,SOL,NO,medium,high,medium,0.08499999999999998,0.0,0.0,0.036381257689821755,0.0,False,1.0,0.04861874231017822
quote_age_only,2,2026-06-26T03:16:38.807970+00:00,0x3fa0111e36690372aa90e248420ec855bd7c896e4868c9f32998c6f075384169,ETH,YES,low,medium,medium,0.11,0.0,0.0,0.006561199873437847,0.0,False,1.0,0.10343880012656215
quote_age_only,2,2026-06-26T03:32:26.818047+00:00,0x0b97e37bec2a876f4ff7b37c51c8895e26ea39d6e3a2d9cb9ddbe6b457ce8860,SOL,YES,high,high,medium,0.21000000000000005,0.0,0.0,0.051631463958436735,0.0,False,1.0,0.1583685360415633
quote_age_only,2,2026-06-26T03:55:08.803525+00:00,0x4899182aad7398c555f2a57cd6737598b159c5e6aa63bb73b798e6026f8b0094,SOL,NO,medium,low,medium,0.07999999999999997,0.0,0.0,0.056766136963805565,0.0,False,1.0,0.02323386303619441
quote_age_only,2,2026-06-26T03:55:16.816237+00:00,0x4899182aad7398c555f2a57cd6737598b159c5e6aa63bb73b798e6026f8b0094,SOL,NO,low,low,medium,-0.08000000000000006,0.0,0.0,0.03357867037171088,0.0,False,1.0,-0.11357867037171093
quote_age_only,2,2026-06-26T03:57:48.804438+00:00,0x4899182aad7398c555f2a57cd6737598b159c5e6aa63bb73b798e6026f8b0094,SOL,NO,medium,high,medium,-0.055000000000000035,0.0,0.0,0.06366313167549245,0.0,False,1.0,-0.11866313167549249
quote_age_only,2,2026-06-26T03:57:58.809960+00:00,0x4899182aad7398c555f2a57cd6737598b159c5e6aa63bb73b798e6026f8b0094,SOL,NO,low,high,medium,0.035000000000000045,0.0,0.0,0.003314004693906862,0.0,False,1.0,0.03168599530609318
quote_age_only,2,2026-06-26T03:58:02.810248+00:00,0x4899182aad7398c555f2a57cd6737598b159c5e6aa63bb73b798e6026f8b0094,SOL,NO,medium,medium,medium,0.08999999999999998,0.0,0.0,0.019424960055526058,0.0,False,1.0,0.07057503994447392
quote_age_only,2,2026-06-26T03:58:28.812680+00:00,0x4899182aad7398c555f2a57cd6737598b159c5e6aa63bb73b798e6026f8b0094,SOL,NO,medium,medium,medium,0.059999999999999956,0.0,0.0,0.0,0.0,False,1.0,0.059999999999999956
quote_age_only,2,2026-06-26T04:00:06.817578+00:00,0xa931c0e10d5530f989373caa003629057063609e4005786b743bae537c217c34,SOL,NO,low,medium,medium,0.05499999999999995,0.0,0.0,0.010055319163784613,0.0,False,1.0,0.04494468083621534
quote_age_only,2,2026-06-26T04:00:20.812413+00:00,0x63cab951a7245a6f73b6e5e26a09e371e2feeeecc1e604537033a6353bf3944e,BTC,NO,medium,medium,medium,0.06500000000000002,0.0,0.0,0.03241433840679165,0.0,False,1.0,0.032585661593208366
quote_age_only,2,2026-06-26T04:00:22.803330+00:00,0x63cab951a7245a6f73b6e5e26a09e371e2feeeecc1e604537033a6353bf3944e,BTC,NO,medium,medium,medium,0.14499999999999993,0.0,0.0,0.056853964781053166,0.0,False,1.0,0.08814603521894676
quote_age_only,2,2026-06-26T06:53:30.812574+00:00,0x4ff498fe655344b90bf7a5b904a79a24821ad4553fd49596772479324346a029,SOL,NO,medium,high,medium,0.024999999999999984,0.0,0.0,0.36776568895649164,0.0,False,1.0,-0.3427656889564917
quote_age_only,2,2026-06-26T06:53:32.804327+00:00,0x4ff498fe655344b90bf7a5b904a79a24821ad4553fd49596772479324346a029,SOL,NO,medium,medium,medium,-0.06999999999999999,0.0,0.0,0.031272631445766565,0.0,False,1.0,-0.10127263144576656
quote_age_only,2,2026-06-26T07:05:48.811781+00:00,0x43005d0675491621f54ab6875a6c632e3ee1d0ec2022689ceef619343b23aa90,SOL,NO,low,medium,medium,0.029999999999999933,0.0,0.0,0.006983665467498631,0.0,False,1.0,0.023016334532501303
quote_age_only,2,2026-06-26T07:06:38.804569+00:00,0x43005d0675491621f54ab6875a6c632e3ee1d0ec2022689ceef619343b23aa90,SOL,NO,low,medium,medium,-0.11000000000000003,0.0,0.0,0.06237670514165794,0.0,False,1.0,-0.17237670514165798
quote_age_only,2,2026-06-26T07:06:40.809802+00:00,0x43005d0675491621f54ab6875a6c632e3ee1d0ec2022689ceef619343b23aa90,SOL,NO,low,medium,medium,-0.059999999999999984,0.0,0.0,0.06271894089115826,0.0,False,1.0,-0.12271894089115824
quote_age_only,2,2026-06-26T07:08:32.818104+00:00,0x43005d0675491621f54ab6875a6c632e3ee1d0ec2022689ceef619343b23aa90,SOL,NO,low,medium,medium,-0.07000000000000005,0.0,0.0,0.02086944566898535,0.0,False,1.0,-0.0908694456689854
quote_age_only,2,2026-06-26T07:40:34.806231+00:00,0xd26cee061a5b0d0f82fcb2457d5de1bb3334659b47dff621b8d511e56e10a868,BTC,NO,low,medium,medium,0.020000000000000035,0.0,0.0,0.04586077221535141,0.0,False,1.0,-0.025860772215351376
quote_age_only,2,2026-06-26T07:40:34.806231+00:00,0xc84d4d834953770775dc2fef52283e2d3ae621102db7672f438730406001fa49,ETH,NO,low,medium,medium,0.11,0.0,0.0,0.03855671455478411,0.0,False,1.0,0.07144328544521589
quote_age_only,2,2026-06-26T07:40:36.812020+00:00,0xd26cee061a5b0d0f82fcb2457d5de1bb3334659b47dff621b8d511e56e10a868,BTC,NO,low,medium,medium,0.019999999999999924,0.0,0.0,0.02812878124269301,0.0,False,1.0,-0.008128781242693086
quote_age_only,2,2026-06-26T07:45:32.818637+00:00,0x7f26a6a9237c0ddf229911a7c90349ed1f8b495468cbf2c8182a92f7cfc7a0e8,ETH,YES,low,medium,medium,0.06000000000000001,0.0,0.0,0.0,0.0,False,1.0,0.06000000000000001
quote_age_only,2,2026-06-26T07:45:38.808508+00:00,0x7f26a6a9237c0ddf229911a7c90349ed1f8b495468cbf2c8182a92f7cfc7a0e8,ETH,YES,low,medium,medium,0.039999999999999994,0.0,0.0,0.07083026440713369,0.0,False,1.0,-0.030830264407133698
quote_age_only,2,2026-06-26T08:00:30.814345+00:00,0xe6a382ea25b9a95e964f4832e995c5e02cc31115908a9ef32975a67d8f3ede20,SOL,NO,low,medium,medium,0.10499999999999994,0.0,0.0,0.0,0.0,False,1.0,0.10499999999999994
quote_age_only,3,2026-07-01T21:38:34.364551+00:00,0xccddd1603d20c4477f2ac4e9f226747d540c9f0fe9ebc85b76cbdd992afa90a5,SOL,YES,low,medium,low,0.18999999999999997,0.0,0.0,0.0,0.0,False,1.0,0.18999999999999997
quote_age_only,3,2026-07-01T21:40:16.374459+00:00,0x1e62581fd9a1f2400a72b0ace91b1149d1dd03a3202a315563efea9499e0e23b,BTC,YES,low,medium,low,0.05000000000000006,0.0,0.0,0.004735415551305274,0.0,False,1.0,0.045264584448694786
quote_age_only,3,2026-07-01T21:40:22.365273+00:00,0x4c09abece310efe0c502e2b081a875d0020f5b30af3c45f19145efd6b791df0b,ETH,YES,medium,medium,low,0.06500000000000002,0.0,0.0,0.004692303988854462,0.0,False,1.0,0.06030769601114555
quote_age_only,3,2026-07-01T21:40:22.365273+00:00,0x2729a97dbed765fa7f38618dc0399548892a2600fac0138be2d913602762d5e7,SOL,YES,low,medium,low,0.039999999999999994,0.0,0.0,0.0,0.0,False,1.0,0.039999999999999994
quote_age_only,3,2026-07-01T21:40:24.371334+00:00,0x2729a97dbed765fa7f38618dc0399548892a2600fac0138be2d913602762d5e7,SOL,YES,low,medium,low,0.08999999999999998,0.0,0.0,0.029570396912157706,0.0,False,1.0,0.060429603087842274
quote_age_only,3,2026-07-01T21:41:12.371170+00:00,0x2729a97dbed765fa7f38618dc0399548892a2600fac0138be2d913602762d5e7,SOL,YES,low,medium,low,0.04000000000000005,0.0,0.0,0.009844339194549087,0.0,False,1.0,0.030155660805450964
quote_age_only,3,2026-07-01T21:41:40.369327+00:00,0x2729a97dbed765fa7f38618dc0399548892a2600fac0138be2d913602762d5e7,SOL,YES,low,medium,low,-0.059999999999999984,0.0,0.0,0.00955535840737257,0.0,False,1.0,-0.06955535840737255
quote_age_only,3,2026-07-01T21:41:46.372488+00:00,0x2729a97dbed765fa7f38618dc0399548892a2600fac0138be2d913602762d5e7,SOL,YES,low,medium,low,0.039999999999999994,0.0,0.0,0.019130738821696507,0.0,False,1.0,0.020869261178303487
quote_age_only,3,2026-07-01T21:42:04.370096+00:00,0x2729a97dbed765fa7f38618dc0399548892a2600fac0138be2d913602762d5e7,SOL,YES,low,low,low,-0.07500000000000005,0.0,0.0,0.06718663446543988,0.0,False,1.0,-0.14218663446543994
quote_age_only,3,2026-07-01T21:43:34.364596+00:00,0x4c09abece310efe0c502e2b081a875d0020f5b30af3c45f19145efd6b791df0b,ETH,YES,low,medium,low,0.010000000000000026,0.0,0.0,0.0,0.0,False,1.0,0.010000000000000026
quote_age_only,3,2026-07-01T21:43:36.369953+00:00,0x4c09abece310efe0c502e2b081a875d0020f5b30af3c45f19145efd6b791df0b,ETH,YES,low,medium,low,0.01999999999999998,0.0,0.0,0.014884778620465097,0.0,False,1.0,0.005115221379534882
quote_age_only,3,2026-07-01T21:43:40.367946+00:00,0x4c09abece310efe0c502e2b081a875d0020f5b30af3c45f19145efd6b791df0b,ETH,YES,low,medium,low,0.039999999999999994,0.0,0.0,0.018892441501520363,0.0,False,1.0,0.02110755849847963
quote_age_only,3,2026-07-01T21:52:36.373289+00:00,0x0dcd227003d8b96eb66b8db71c3ef9f315a3aae8716e4d49d11b359a8b6c27fa,ETH,YES,low,low,low,0.3499999999999999,0.0,0.0,0.019758376638853423,0.0,False,1.0,0.3302416233611465
quote_age_only,3,2026-07-01T22:25:06.371629+00:00,0x3eadf4ee01511b615676265099963fabcf242d0d9e7b7e4b982686e0262ce98b,ETH,YES,low,medium,medium,0.020000000000000035,0.0,0.0,0.0,0.0,False,1.0,0.020000000000000035
quote_age_only,3,2026-07-01T22:25:44.366323+00:00,0x2b139d670d2706c6264dad011bc4e96df04633695a4fc75b669830f39f6693ce,BTC,NO,low,medium,medium,0.020000000000000035,0.0,0.0,0.002816349645133338,0.0,False,1.0,0.017183650354866697
quote_age_only,3,2026-07-01T22:25:46.373589+00:00,0x2b139d670d2706c6264dad011bc4e96df04633695a4fc75b669830f39f6693ce,BTC,NO,low,medium,low,0.020000000000000035,0.0,0.0,0.018867344935848053,0.0,False,1.0,0.0011326550641519821
quote_age_only,3,2026-07-01T22:25:48.363737+00:00,0x2b139d670d2706c6264dad011bc4e96df04633695a4fc75b669830f39f6693ce,BTC,NO,low,low,low,0.03999999999999994,0.0,0.0,0.020046117173195176,0.0,False,1.0,0.019953882826804763
quote_age_only,3,2026-07-01T22:25:50.368975+00:00,0x2b139d670d2706c6264dad011bc4e96df04633695a4fc75b669830f39f6693ce,BTC,NO,medium,low,medium,-0.05999999999999993,0.0,0.0,0.030115751845915546,0.0,False,1.0,-0.09011575184591547
quote_age_only,3,2026-07-01T22:25:56.371175+00:00,0x2b139d670d2706c6264dad011bc4e96df04633695a4fc75b669830f39f6693ce,BTC,NO,medium,medium,medium,0.019999999999999924,0.0,0.0,0.005010623891785941,0.0,False,1.0,0.014989376108213983
quote_age_only,3,2026-07-01T22:25:58.364472+00:00,0x071de439b9cfba5f3b67356a7c3b0685206f6f943a789b6467311d34691aa135,SOL,NO,low,medium,low,0.010000000000000026,0.0,0.0,0.023898495808702888,0.0,False,1.0,-0.013898495808702862
quote_age_only,3,2026-07-01T22:26:00.369709+00:00,0x2b139d670d2706c6264dad011bc4e96df04633695a4fc75b669830f39f6693ce,BTC,NO,medium,low,medium,0.02500000000000004,0.0,0.0,0.005070994101944064,0.0,False,1.0,0.019929005898055976
quote_age_only,3,2026-07-01T22:31:02.362104+00:00,0x5330f3288d309b2bb246086f6cf4d139e782acd5b44784839259604ae5e9f369,BTC,NO,low,low,low,0.05500000000000001,0.0,0.0,0.005006176390064531,0.0,False,1.0,0.04999382360993548
quote_age_only,3,2026-07-01T22:31:16.364882+00:00,0x5330f3288d309b2bb246086f6cf4d139e782acd5b44784839259604ae5e9f369,BTC,NO,low,medium,low,0.03499999999999999,0.0,0.0,0.011709214505298274,0.0,False,1.0,0.023290785494701715
quote_age_only,3,2026-07-01T22:31:16.364882+00:00,0x8145a3bfddc61cdf01d45026aed596f0878c260884e8315caa000f5e42143a61,ETH,NO,low,medium,low,0.039999999999999994,0.0,0.0,0.009257042271179428,0.0,False,1.0,0.030742957728820568
quote_age_only,3,2026-07-01T22:31:18.370517+00:00,0x5330f3288d309b2bb246086f6cf4d139e782acd5b44784839259604ae5e9f369,BTC,NO,low,medium,medium,0.010000000000000026,0.0,0.0,0.02810168226023182,0.0,False,1.0,-0.018101682260231795
quote_age_only,3,2026-07-01T22:31:20.361313+00:00,0x8145a3bfddc61cdf01d45026aed596f0878c260884e8315caa000f5e42143a61,ETH,NO,low,medium,low,-0.05000000000000003,0.0,0.0,0.02003533260062811,0.0,False,1.0,-0.07003533260062814
quote_age_only,3,2026-07-01T22:31:22.369278+00:00,0x8145a3bfddc61cdf01d45026aed596f0878c260884e8315caa000f5e42143a61,ETH,NO,low,medium,low,-0.08999999999999996,0.0,0.0,0.01323188900204935,0.0,False,1.0,-0.1032318890020493
quote_age_only,3,2026-07-01T22:31:34.363478+00:00,0x5330f3288d309b2bb246086f6cf4d139e782acd5b44784839259604ae5e9f369,BTC,NO,low,medium,low,0.030000000000000044,0.0,0.0,0.004558722829808468,0.0,False,1.0,0.025441277170191574
quote_age_only,3,2026-07-01T22:32:00.371088+00:00,0x26690f30c8250f214c3c585bafacecfe21ca18c719caac4709c063c6d47267b4,SOL,NO,low,medium,medium,0.045,0.0,0.0,0.023322525800677597,0.0,False,1.0,0.0216774741993224
quote_age_only,3,2026-07-01T22:32:02.361988+00:00,0x26690f30c8250f214c3c585bafacecfe21ca18c719caac4709c063c6d47267b4,SOL,NO,low,medium,medium,0.020000000000000035,0.0,0.0,0.032909543422572685,0.0,False,1.0,-0.01290954342257265
quote_age_only,3,2026-07-01T22:32:06.360504+00:00,0x26690f30c8250f214c3c585bafacecfe21ca18c719caac4709c063c6d47267b4,SOL,NO,low,high,medium,-0.05000000000000003,0.0,0.0,0.0177624940659937,0.0,False,1.0,-0.06776249406599373
quote_age_only,3,2026-07-01T22:32:10.374054+00:00,0x26690f30c8250f214c3c585bafacecfe21ca18c719caac4709c063c6d47267b4,SOL,NO,low,medium,low,-0.13999999999999999,0.0,0.0,0.023052236263210745,0.0,False,1.0,-0.16305223626321072
quote_age_only,3,2026-07-01T22:32:18.369405+00:00,0x8145a3bfddc61cdf01d45026aed596f0878c260884e8315caa000f5e42143a61,ETH,NO,low,medium,medium,0.059999999999999956,0.0,0.0,0.005009498428147263,0.0,False,1.0,0.054990501571852694
quote_age_only,3,2026-07-01T22:32:22.368939+00:00,0x5330f3288d309b2bb246086f6cf4d139e782acd5b44784839259604ae5e9f369,BTC,NO,low,medium,medium,0.010000000000000026,0.0,0.0,0.0050900583580568625,0.0,False,1.0,0.004909941641943164
quote_age_only,3,2026-07-01T22:32:28.372665+00:00,0x8145a3bfddc61cdf01d45026aed596f0878c260884e8315caa000f5e42143a61,ETH,NO,low,medium,low,-0.09500000000000001,0.0,0.0,0.019598945442967263,0.0,False,1.0,-0.11459894544296728
quote_age_only,3,2026-07-01T22:32:54.365688+00:00,0x8145a3bfddc61cdf01d45026aed596f0878c260884e8315caa000f5e42143a61,ETH,NO,low,medium,low,0.05,0.0,0.0,0.015038974818589766,0.0,False,1.0,0.03496102518141024
quote_age_only,3,2026-07-01T22:33:02.361345+00:00,0x5330f3288d309b2bb246086f6cf4d139e782acd5b44784839259604ae5e9f369,BTC,NO,medium,medium,medium,0.13000000000000003,0.0,0.0,0.0,0.0,False,1.0,0.13000000000000003
quote_age_only,3,2026-07-01T22:33:02.361345+00:00,0x8145a3bfddc61cdf01d45026aed596f0878c260884e8315caa000f5e42143a61,ETH,NO,low,medium,low,0.09999999999999999,0.0,0.0,0.014802179949030379,0.0,False,1.0,0.08519782005096961
quote_age_only,3,2026-07-01T22:33:02.361345+00:00,0x26690f30c8250f214c3c585bafacecfe21ca18c719caac4709c063c6d47267b4,SOL,NO,low,medium,low,0.07500000000000002,0.0,0.0,0.017576906576268342,0.0,False,1.0,0.05742309342373168
quote_age_only,3,2026-07-01T22:33:04.368866+00:00,0x26690f30c8250f214c3c585bafacecfe21ca18c719caac4709c063c6d47267b4,SOL,NO,low,medium,low,0.05,0.0,0.0,0.04502375566681493,0.0,False,1.0,0.0049762443331850745
quote_age_only,3,2026-07-01T22:33:20.375116+00:00,0x5330f3288d309b2bb246086f6cf4d139e782acd5b44784839259604ae5e9f369,BTC,NO,low,medium,low,0.03999999999999994,0.0,0.0,0.04979572307976153,0.0,False,1.0,-0.009795723079761592
quote_age_only,3,2026-07-01T22:33:22.368132+00:00,0x26690f30c8250f214c3c585bafacecfe21ca18c719caac4709c063c6d47267b4,SOL,NO,medium,medium,low,0.22000000000000006,0.0,0.0,0.0,0.0,False,1.0,0.22000000000000006
quote_age_only,3,2026-07-01T22:33:58.367410+00:00,0x26690f30c8250f214c3c585bafacecfe21ca18c719caac4709c063c6d47267b4,SOL,NO,low,medium,low,-0.12999999999999998,0.0,0.0,0.041344775204407526,0.0,False,1.0,-0.1713447752044075
quote_age_only,3,2026-07-01T22:36:04.365503+00:00,0x06bf7937a18769d86039ea4ed35e5e8edd2a5c73d2ee04faffe90363450f8e3c,SOL,YES,low,medium,low,0.12499999999999996,0.0,0.0,0.004787945885383509,0.0,False,1.0,0.12021205411461645
quote_age_only,3,2026-07-01T23:41:58.370401+00:00,0x8d22580ded9a1c9bb43a9581787566efeccc0dff2ba6843eef73d5789b5ad805,SOL,NO,low,low,medium,0.29,0.0,0.0,0.00502219938550069,0.0,False,1.0,0.2849778006144993
quote_age_only,3,2026-07-02T00:15:04.370549+00:00,0xa961035fe332ff6a397489f4b23cb720ae57b84d866a526858b47a7300270c12,SOL,YES,low,medium,medium,0.06999999999999997,0.0,0.0,0.007684620716820789,0.0,False,1.0,0.06231537928317918
quote_age_only,3,2026-07-02T00:36:00.373439+00:00,0x0b7afa9b0852f4da0eb237bf817bcb7f8aef5e68dd95d52baba20abc06c16376,SOL,YES,low,medium,medium,0.010000000000000026,0.0,0.0,0.0052279007280639925,0.0,False,1.0,0.004772099271936034
quote_age_only,3,2026-07-02T02:22:40.364603+00:00,0x8388cdf918fa7cb09ae4a5325b4c5f307e17be11af5350e73ae08cf56bb4fece,ETH,NO,low,medium,medium,0.059999999999999956,0.0,0.0,0.04068585543559998,0.0,False,1.0,0.019314144564399977
quote_age_only,3,2026-07-02T02:30:34.366427+00:00,0xb3e27db391946f1a5ab1d3c3b4a5b8c59d663d3684d960d98f37b7def0df3075,ETH,NO,low,low,medium,0.039999999999999994,0.0,0.0,0.04599564094948938,0.0,False,1.0,-0.005995640949489386
quote_age_only,3,2026-07-02T02:30:38.363447+00:00,0xb3e27db391946f1a5ab1d3c3b4a5b8c59d663d3684d960d98f37b7def0df3075,ETH,NO,low,medium,medium,0.030000000000000044,0.0,0.0,0.026980154875058164,0.0,False,1.0,0.00301984512494188
quote_age_only,3,2026-07-02T03:06:42.363431+00:00,0xd97c09881b1dc40d77cafc681e2b0b8577f654e19c6a1a83914d678d7f9bdf2c,SOL,YES,low,medium,medium,0.059999999999999956,0.0,0.0,0.08690015255733209,0.0,False,1.0,-0.026900152557332135
quote_age_only,3,2026-07-02T03:38:34.375507+00:00,0xd69c5b7ce1b66fe7745e070b544d04de2517e4b2093ff8309c5573bb8b38ce57,SOL,YES,low,medium,medium,0.13999999999999999,0.0,0.0,0.02652986519910464,0.0,False,1.0,0.11347013480089535
quote_age_only,3,2026-07-02T03:50:04.372378+00:00,0xcd593facad3a6092d5974b7ee969c8f3ff778c58031a7baac893ebf627d14b9d,ETH,YES,high,medium,medium,0.24000000000000002,0.0,0.0,0.0,0.0,False,1.0,0.24000000000000002
quote_age_only,3,2026-07-02T03:58:18.368322+00:00,0x947e5ddb9a353ecb65bc2faa7bce21ded36808053545239573a7c43756401557,SOL,NO,low,medium,medium,0.059999999999999956,0.0,0.0,0.027710568573911343,0.0,False,1.0,0.032289431426088616
quote_age_only,3,2026-07-02T04:22:28.365589+00:00,0x8552d47c45da4f6202022c51d4d7ff51b0064f2cd42e482f6fc524d37f7ed891,SOL,NO,low,medium,medium,0.08999999999999998,0.0,0.0,0.01086734455769393,0.0,False,1.0,0.07913265544230605
quote_age_only,3,2026-07-02T06:11:32.366824+00:00,0xbd4e2fd8dfbdf679456a5c936fa4db4595434055fa7990b727e863efdb73d6fe,SOL,YES,low,medium,medium,0.09999999999999999,0.0,0.0,0.07204224140724914,0.0,False,1.0,0.027957758592750848
quote_age_only,3,2026-07-02T07:55:46.373480+00:00,0x80bb349ee2b85081e290db4561ebb007ca2a8b5721eec05ce98488d10dbdc84f,ETH,NO,low,medium,medium,-0.07000000000000005,0.0,0.0,0.028303762919663234,0.0,False,1.0,-0.09830376291966328
quote_age_only,3,2026-07-02T07:57:42.360831+00:00,0xf9f5ce604030e965827e405652c34595fca9803264f266f106ead15d7fbb64ac,BTC,YES,low,medium,medium,-0.17,0.0,0.0,0.11416837025230646,0.0,False,1.0,-0.28416837025230646
quote_age_only,3,2026-07-02T07:57:44.366499+00:00,0xf9f5ce604030e965827e405652c34595fca9803264f266f106ead15d7fbb64ac,BTC,YES,low,high,medium,0.08499999999999998,0.0,0.0,0.0852022493254118,0.0,False,1.0,-0.00020224932541182405
quote_age_only,3,2026-07-02T08:08:54.370330+00:00,0x217a508e23290f5918a6837d836f77a3f88255f2e4fe43a9a2cce242409a7db6,ETH,YES,low,medium,high,-0.02,0.0,0.0,0.0,0.0,False,1.0,-0.02
quote_age_only,3,2026-07-02T08:31:14.363819+00:00,0x5d2ccbd18015d1eb9a97902f684b591555d9a4ff0610ff201c2f1f8538a929b1,SOL,YES,low,medium,medium,0.01999999999999998,0.0,0.0,0.060013555552653725,0.0,False,1.0,-0.04001355555265375
quote_age_only,3,2026-07-02T08:31:18.364598+00:00,0x5d2ccbd18015d1eb9a97902f684b591555d9a4ff0610ff201c2f1f8538a929b1,SOL,YES,low,medium,medium,0.09500000000000004,0.0,0.0,0.012096304461915872,0.0,False,1.0,0.08290369553808417
quote_age_only,3,2026-07-02T09:00:24.371490+00:00,0x96ddd482cd2ee1a173dbde4538ed2007620845c0e462dbfcc969d36209beb1ce,SOL,NO,low,medium,medium,-0.059999999999999984,0.0,0.0,0.041973652815116905,0.0,False,1.0,-0.10197365281511689
quote_age_only,3,2026-07-02T09:00:34.362867+00:00,0x96ddd482cd2ee1a173dbde4538ed2007620845c0e462dbfcc969d36209beb1ce,SOL,NO,low,medium,medium,0.09999999999999994,0.0,0.0,0.020410041436949133,0.0,False,1.0,0.0795899585630508
quote_age_only,3,2026-07-02T09:00:48.368690+00:00,0x96ddd482cd2ee1a173dbde4538ed2007620845c0e462dbfcc969d36209beb1ce,SOL,NO,low,high,medium,0.04499999999999994,0.0,0.0,0.0358577880803414,0.0,False,1.0,0.009142211919658541
quote_age_only,3,2026-07-02T09:00:52.369633+00:00,0x96ddd482cd2ee1a173dbde4538ed2007620845c0e462dbfcc969d36209beb1ce,SOL,NO,low,medium,medium,0.04999999999999995,0.0,0.0,0.04773891162716117,0.0,False,1.0,0.002261088372838775
quote_age_only,3,2026-07-02T09:01:04.370531+00:00,0x96ddd482cd2ee1a173dbde4538ed2007620845c0e462dbfcc969d36209beb1ce,SOL,NO,low,medium,medium,0.010000000000000026,0.0,0.0,0.05108266296727142,0.0,False,1.0,-0.041082662967271394
quote_age_only,3,2026-07-02T09:01:06.361857+00:00,0x96ddd482cd2ee1a173dbde4538ed2007620845c0e462dbfcc969d36209beb1ce,SOL,NO,low,medium,medium,0.010000000000000026,0.0,0.0,0.017956806168352157,0.0,False,1.0,-0.007956806168352131
quote_age_only,3,2026-07-02T09:10:36.374495+00:00,0xbe2fec169e982831aa0a3f5a98442f7e0793c4af803bb920266ae6a7d43b3101,SOL,YES,low,medium,medium,-0.06999999999999999,0.0,0.0,0.06316544698573705,0.0,False,1.0,-0.13316544698573704
quote_age_only,3,2026-07-02T09:11:08.370966+00:00,0xbe2fec169e982831aa0a3f5a98442f7e0793c4af803bb920266ae6a7d43b3101,SOL,YES,low,medium,medium,0.010000000000000026,0.0,0.0,0.005912246252075677,0.0,False,1.0,0.00408775374792435
quote_age_only,3,2026-07-02T09:26:52.371394+00:00,0xe41189d0cceabac9697f126f3ff12806192b7fb894edecb0106a0cc6738db731,ETH,YES,low,medium,medium,0.30999999999999994,0.0,0.0,0.04861582496176032,0.0,False,1.0,0.26138417503823963
quote_age_only,3,2026-07-02T09:35:10.366702+00:00,0x22928e0772859e6323b5722fc85857ebc2843ce5f3002b574d2bfdaa76aefda9,SOL,YES,low,medium,medium,0.02999999999999999,0.0,0.0,0.01738625309166361,0.0,False,1.0,0.012613746908336377
quote_age_only,3,2026-07-02T09:55:44.372085+00:00,0x76314474e6d37d9996d64a209cef82a7d8ccbce36c7c87add2f24e7497a7816c,BTC,NO,low,high,medium,0.09999999999999999,0.0,0.0,0.0270706121136911,0.0,False,1.0,0.0729293878863089
quote_age_only,3,2026-07-02T09:55:54.363634+00:00,0x1f1dd57c6e8f84731f3eca11a122596fc016822900b9a36563483ec6f84c36d4,SOL,NO,low,medium,medium,-0.08,0.0,0.0,0.01204501173048803,0.0,False,1.0,-0.09204501173048803
quote_age_only,3,2026-07-02T09:56:18.361978+00:00,0x1f1dd57c6e8f84731f3eca11a122596fc016822900b9a36563483ec6f84c36d4,SOL,NO,low,medium,medium,0.035000000000000045,0.0,0.0,0.027493996895110267,0.0,False,1.0,0.007506003104889778
quote_age_only,3,2026-07-02T09:56:24.369489+00:00,0x1f1dd57c6e8f84731f3eca11a122596fc016822900b9a36563483ec6f84c36d4,SOL,NO,low,medium,medium,0.059999999999999956,0.0,0.0,0.0,0.0,False,1.0,0.059999999999999956
quote_age_only,3,2026-07-02T09:56:42.365883+00:00,0x76314474e6d37d9996d64a209cef82a7d8ccbce36c7c87add2f24e7497a7816c,BTC,NO,low,medium,medium,0.03999999999999994,0.0,0.0,0.012169356433308184,0.0,False,1.0,0.027830643566691755
quote_age_only,3,2026-07-02T09:56:46.366917+00:00,0x76314474e6d37d9996d64a209cef82a7d8ccbce36c7c87add2f24e7497a7816c,BTC,NO,low,medium,medium,0.010000000000000026,0.0,0.0,0.023796788574735134,0.0,False,1.0,-0.013796788574735108
quote_age_only,3,2026-07-02T09:58:16.363073+00:00,0x1f1dd57c6e8f84731f3eca11a122596fc016822900b9a36563483ec6f84c36d4,SOL,NO,low,medium,medium,0.03999999999999994,0.0,0.0,0.09408636847843797,0.0,False,1.0,-0.054086368478438035
quote_age_only,3,2026-07-02T10:28:54.362470+00:00,0x5b8a5202ab816574a4572fb9d28ff7ada354d9668318b56a3644f04c39738f84,SOL,NO,low,medium,medium,0.04000000000000005,0.0,0.0,0.024438102427477775,0.0,False,1.0,0.015561897572522274
quote_age_only,3,2026-07-02T10:28:56.368829+00:00,0x5b8a5202ab816574a4572fb9d28ff7ada354d9668318b56a3644f04c39738f84,SOL,NO,low,medium,medium,0.01999999999999998,0.0,0.0,0.036765538968848585,0.0,False,1.0,-0.016765538968848605
quote_age_only,3,2026-07-02T10:33:10.363766+00:00,0x6700add2442ac52e76696ea3dd458416e2e1d5ab9e770499a85347b7e866d616,SOL,YES,low,medium,medium,0.25,0.0,0.0,0.017721666965066173,0.0,False,1.0,0.23227833303493384
quote_age_only,3,2026-07-02T10:37:00.364893+00:00,0x465c10bb8102a8ec311965c7f7b77727b332f80e8cd87847b212b6350accd796,SOL,YES,medium,medium,medium,0.06500000000000002,0.0,0.0,0.012227360561790317,0.0,False,1.0,0.0527726394382097
quote_age_only,3,2026-07-02T10:40:18.374682+00:00,0xb6fcc6f9d2dd9571635233fc09a863999351b0fdcf8df2b3a54b65954c4156d0,SOL,NO,medium,medium,medium,0.06999999999999997,0.0,0.0,0.024447440158779487,0.0,False,1.0,0.045552559841220475
quote_age_only,3,2026-07-02T10:55:06.372034+00:00,0x88416fcd563a9ffe6e611423ab3340c17488dc22b7d96f92571269bffc042195,SOL,NO,low,medium,medium,0.01499999999999992,0.0,0.0,0.03066440452342294,0.0,False,1.0,-0.01566440452342302
quote_age_only,3,2026-07-02T11:00:12.369501+00:00,0x7a3fd80678cd42bf2a8b58076455dbb4318bf9108db524760e8b4127b426fa76,SOL,NO,low,medium,medium,0.03999999999999994,0.0,0.0,0.02457837124137418,0.0,False,1.0,0.01542162875862576
quote_age_only,3,2026-07-02T11:10:20.365901+00:00,0xae1161ad8055f5b09cd7c8038ea97feb7f79f231202f647ce33f68cdce265897,SOL,YES,high,high,medium,0.215,0.0,0.0,0.009246717333223534,0.0,False,1.0,0.20575328266677645
quote_age_only,3,2026-07-02T12:10:22.361984+00:00,0x8362eee619c3c068724b9acc69306f29dd57c5fb122ca23de731c60f166d74d8,SOL,NO,low,medium,medium,0.010000000000000026,0.0,0.0,0.03086070218013548,0.0,False,1.0,-0.020860702180135453
quote_age_only,3,2026-07-02T12:10:26.361078+00:00,0x8362eee619c3c068724b9acc69306f29dd57c5fb122ca23de731c60f166d74d8,SOL,NO,low,medium,medium,-0.059999999999999984,0.0,0.0,0.018766957132048886,0.0,False,1.0,-0.07876695713204887
quote_age_only,3,2026-07-02T12:11:18.362800+00:00,0x8362eee619c3c068724b9acc69306f29dd57c5fb122ca23de731c60f166d74d8,SOL,NO,low,medium,medium,0.05,0.0,0.0,0.011810492001764957,0.0,False,1.0,0.03818950799823505
quote_age_only,3,2026-07-02T12:12:22.363070+00:00,0x8362eee619c3c068724b9acc69306f29dd57c5fb122ca23de731c60f166d74d8,SOL,NO,low,medium,medium,0.030000000000000044,0.0,0.0,0.06253642004840292,0.0,False,1.0,-0.032536420048402875
quote_age_only,3,2026-07-02T12:13:38.365899+00:00,0x8362eee619c3c068724b9acc69306f29dd57c5fb122ca23de731c60f166d74d8,SOL,NO,medium,high,medium,0.23500000000000001,0.0,0.0,0.1909440370967346,0.0,False,1.0,0.04405596290326541
quote_age_only,3,2026-07-02T12:20:04.364161+00:00,0x94bb631dd01221e07f00ab03feccab66c46ce389a1e7d203fe282aa6d209c589,SOL,YES,low,medium,medium,0.029999999999999933,0.0,0.0,0.0,0.0,False,1.0,0.029999999999999933
quote_age_only,3,2026-07-02T12:30:04.364786+00:00,0x9215a5c313d78c2a336728a748b73687bc826021a656e9a0d76746f2f5023043,BTC,YES,high,medium,medium,0.265,0.0,0.0,0.0,0.0,False,1.0,0.265
quote_age_only,3,2026-07-02T12:30:16.366322+00:00,0xfdd4d7f9eadc398c0df23a59aadb9ee61a56855c54b6ac9520602a5973e42087,SOL,YES,low,high,medium,-0.13999999999999999,0.0,0.0,0.1453434659761012,0.0,False,1.0,-0.28534346597610116
quote_age_only,3,2026-07-02T12:30:20.366935+00:00,0xfdd4d7f9eadc398c0df23a59aadb9ee61a56855c54b6ac9520602a5973e42087,SOL,YES,low,high,medium,0.02999999999999999,0.0,0.0,0.0754090913882128,0.0,False,1.0,-0.04540909138821282
quote_age_only,3,2026-07-02T12:30:22.364919+00:00,0xfdd4d7f9eadc398c0df23a59aadb9ee61a56855c54b6ac9520602a5973e42087,SOL,YES,low,medium,medium,-0.13999999999999999,0.0,0.0,0.0302169461817512,0.0,False,1.0,-0.17021694618175118
quote_age_only,3,2026-07-02T12:30:36.362455+00:00,0xfdd4d7f9eadc398c0df23a59aadb9ee61a56855c54b6ac9520602a5973e42087,SOL,YES,low,medium,medium,0.12999999999999998,0.0,0.0,0.003137392263562267,0.0,False,1.0,0.1268626077364377
quote_age_only,3,2026-07-02T12:31:22.373383+00:00,0x988287eee8e697b0d1d2625d38528f0175f8d3b585148a236428390c8e5bd7a0,ETH,NO,low,medium,medium,0.034999999999999934,0.0,0.0,0.03895953440417027,0.0,False,1.0,-0.003959534404170337
quote_age_only,3,2026-07-02T12:31:28.373272+00:00,0x9215a5c313d78c2a336728a748b73687bc826021a656e9a0d76746f2f5023043,BTC,NO,low,high,medium,0.05500000000000001,0.0,0.0,0.10852115122578287,0.0,False,1.0,-0.05352115122578287
quote_age_only,3,2026-07-02T12:33:18.366598+00:00,0x9215a5c313d78c2a336728a748b73687bc826021a656e9a0d76746f2f5023043,BTC,NO,low,medium,medium,0.08999999999999998,0.0,0.0,0.006294863742550015,0.0,False,1.0,0.08370513625744996
quote_age_only,3,2026-07-02T12:40:48.374599+00:00,0xb38f8c90a79ba7fb9e3926511611e2a97e69f95d8567e5459f176624c5d78e7e,SOL,YES,low,medium,medium,0.04999999999999995,0.0,0.0,0.0,0.0,False,1.0,0.04999999999999995
quote_age_only,3,2026-07-02T13:01:06.370199+00:00,0xfdc8ee5a5355786246c8c350b1b6d392d7b0b20b2f4112d995400e6d41587033,BTC,NO,low,medium,medium,0.08499999999999998,0.0,0.0,0.0,0.0,False,1.0,0.08499999999999998
quote_age_only,3,2026-07-02T13:01:06.370199+00:00,0x7da2825f125571140c598bebdc47a2efcc90d5bbe3f36da9ed64a66a0758a57e,ETH,NO,low,low,medium,0.06499999999999996,0.0,0.0,0.012566744364578093,0.0,False,1.0,0.052433255635421866
quote_age_only,3,2026-07-02T13:05:14.362350+00:00,0x7b81aecfe918b4400a38bb7e82faf16214e86526a59365a1a1f57891d5e02184,SOL,YES,low,medium,medium,0.12000000000000001,0.0,0.0,0.0,0.0,False,1.0,0.12000000000000001
quote_age_only,3,2026-07-02T13:10:08.372139+00:00,0x0b7e0ca6f5af7203bbc20de90e6a874b459992dfe7ec7d26ca84605690a8971f,SOL,NO,low,medium,medium,0.05499999999999995,0.0,0.0,0.00634593468925046,0.0,False,1.0,0.04865406531074949
quote_age_only,3,2026-07-02T13:26:26.363015+00:00,0xabaf563b7f6a9dc2645946d31ce8af8645de6d2409cef51803fb0999c9061f3e,ETH,NO,low,medium,medium,-0.08,0.0,0.0,0.14748128045540831,0.0,False,1.0,-0.22748128045540833
quote_age_only,3,2026-07-02T13:26:28.373900+00:00,0xabaf563b7f6a9dc2645946d31ce8af8645de6d2409cef51803fb0999c9061f3e,ETH,NO,low,medium,medium,0.11999999999999995,0.0,0.0,0.03747454478998056,0.0,False,1.0,0.08252545521001939
quote_age_only,3,2026-07-02T13:32:06.370617+00:00,0xbfdaa1afb46e82ff47ba344bc098d1ae028cd939a030c6672402ca1475988d70,ETH,NO,low,medium,medium,0.02,0.0,0.0,0.0,0.0,False,1.0,0.02
quote_age_only,3,2026-07-02T13:32:14.374959+00:00,0xbfdaa1afb46e82ff47ba344bc098d1ae028cd939a030c6672402ca1475988d70,ETH,NO,high,medium,medium,-0.04000000000000001,0.0,0.0,0.012734011761096755,0.0,False,1.0,-0.052734011761096766
quote_age_only,3,2026-07-02T13:33:40.375151+00:00,0xbfdaa1afb46e82ff47ba344bc098d1ae028cd939a030c6672402ca1475988d70,ETH,YES,low,medium,high,-0.02,0.0,0.0,0.0,0.0,False,1.0,-0.02
quote_age_only,3,2026-07-02T13:35:10.368025+00:00,0x7798cca819d8b656cf9130a5ea5d871975f4227bea6b3d22ec3b1b6de4584fc0,BTC,NO,medium,medium,medium,0.14499999999999993,0.0,0.0,0.0063189965362509684,0.0,False,1.0,0.13868100346374895
quote_age_only,3,2026-07-02T13:37:02.366507+00:00,0xcd4afc8eb6c83c8d8dada852de775b7cc1e7cfaf722f03972c1d93abc1d9cf09,ETH,YES,low,medium,medium,-0.05499999999999998,0.0,0.0,0.06675600653891617,0.0,False,1.0,-0.12175600653891615
quote_age_only,3,2026-07-02T13:37:06.370427+00:00,0x7798cca819d8b656cf9130a5ea5d871975f4227bea6b3d22ec3b1b6de4584fc0,BTC,NO,low,medium,medium,0.06499999999999996,0.0,0.0,0.0,0.0,False,1.0,0.06499999999999996
quote_age_only,3,2026-07-02T13:37:14.375069+00:00,0x7798cca819d8b656cf9130a5ea5d871975f4227bea6b3d22ec3b1b6de4584fc0,BTC,NO,low,medium,medium,0.07499999999999997,0.0,0.0,0.03830837612115719,0.0,False,1.0,0.03669162387884278
quote_age_only,3,2026-07-02T13:45:04.364924+00:00,0x6b9167a59028831cc69fc27a631ba5f99da00742fcac16501ddd54b155929c85,ETH,YES,medium,medium,medium,0.014999999999999975,0.0,0.0,0.021660354193393183,0.0,False,1.0,-0.006660354193393208
quote_age_only,3,2026-07-02T13:45:08.364326+00:00,0x6b9167a59028831cc69fc27a631ba5f99da00742fcac16501ddd54b155929c85,ETH,YES,low,medium,medium,0.02999999999999999,0.0,0.0,0.0480555706147986,0.0,False,1.0,-0.01805557061479861
quote_age_only,3,2026-07-02T13:45:12.367704+00:00,0x6b9167a59028831cc69fc27a631ba5f99da00742fcac16501ddd54b155929c85,ETH,YES,low,medium,medium,-0.055000000000000035,0.0,0.0,0.019146122773563857,0.0,False,1.0,-0.07414612277356389
quote_age_only,3,2026-07-02T13:46:08.369291+00:00,0x6b9167a59028831cc69fc27a631ba5f99da00742fcac16501ddd54b155929c85,ETH,YES,low,medium,medium,0.02999999999999999,0.0,0.0,0.04147568940999678,0.0,False,1.0,-0.011475689409996794
quote_age_only,3,2026-07-02T13:46:10.366715+00:00,0x165f83111bc6b855ddff03cee955479de1945e82de0c22a4af0e20b7a4611166,SOL,YES,low,medium,medium,0.010000000000000026,0.0,0.0,0.003112402524451496,0.0,False,1.0,0.00688759747554853
quote_age_only,3,2026-07-02T13:46:12.374640+00:00,0x6b9167a59028831cc69fc27a631ba5f99da00742fcac16501ddd54b155929c85,ETH,YES,medium,medium,medium,0.01999999999999998,0.0,0.0,0.03196882353673567,0.0,False,1.0,-0.01196882353673569
quote_age_only,3,2026-07-02T13:46:20.368608+00:00,0x6b9167a59028831cc69fc27a631ba5f99da00742fcac16501ddd54b155929c85,ETH,YES,medium,medium,medium,0.02999999999999999,0.0,0.0,0.019521510507680244,0.0,False,1.0,0.010478489492319745
quote_age_only,3,2026-07-02T13:46:22.365708+00:00,0x165f83111bc6b855ddff03cee955479de1945e82de0c22a4af0e20b7a4611166,SOL,YES,low,medium,medium,-0.06999999999999999,0.0,0.0,0.0336222372440038,0.0,False,1.0,-0.1036222372440038
quote_age_only,3,2026-07-02T13:46:28.366021+00:00,0x6b9167a59028831cc69fc27a631ba5f99da00742fcac16501ddd54b155929c85,ETH,YES,low,medium,medium,-0.09000000000000001,0.0,0.0,0.0366247371893424,0.0,False,1.0,-0.12662473718934242
quote_age_only,3,2026-07-02T13:46:34.364544+00:00,0x6b9167a59028831cc69fc27a631ba5f99da00742fcac16501ddd54b155929c85,ETH,YES,low,medium,medium,0.030000000000000044,0.0,0.0,0.024660556632644905,0.0,False,1.0,0.005339443367355139
quote_age_only,3,2026-07-02T13:46:36.372134+00:00,0x6b9167a59028831cc69fc27a631ba5f99da00742fcac16501ddd54b155929c85,ETH,YES,low,low,medium,-0.07000000000000005,0.0,0.0,0.0318184240806141,0.0,False,1.0,-0.10181842408061414
quote_age_only,3,2026-07-02T13:47:28.363479+00:00,0xdf1c68feb520af13e0b1073b5e17ac465273234950edc85062d074363f2f7ea0,BTC,YES,medium,medium,high,0.27499999999999997,0.0,0.0,0.0,0.0,False,1.0,0.27499999999999997
quote_age_only,3,2026-07-02T13:47:30.370941+00:00,0x165f83111bc6b855ddff03cee955479de1945e82de0c22a4af0e20b7a4611166,SOL,YES,low,medium,high,0.19999999999999998,0.0,0.0,0.0,0.0,False,1.0,0.19999999999999998
quote_age_only,3,2026-07-02T14:00:06.363105+00:00,0x100389b157cf172fa16809d99306f23ca1974adf6fbe025dc09758ed45771b51,BTC,NO,low,medium,medium,0.05500000000000006,0.0,0.0,0.00638438001071629,0.0,False,1.0,0.04861561998928377
quote_age_only,3,2026-07-02T14:03:02.371420+00:00,0xba6acf8da6d345173ee24e2b41e7d98ae87fb2f39f6c0d1839c33229ec4b802b,SOL,NO,low,medium,medium,0.030000000000000044,0.0,0.0,0.019150896897823864,0.0,False,1.0,0.01084910310217618
quote_age_only,3,2026-07-02T14:16:42.366798+00:00,0x99bee988b471ce9b6fe317dc281d4f4c4f89040c4dcacef8d455c241ee2e99f8,ETH,NO,low,medium,high,0.3,0.0,0.0,0.0,0.0,False,1.0,0.3
quote_age_only,3,2026-07-02T15:05:38.363627+00:00,0x647b9c08af3b94902afa9b362889527316a7fdbb46e4a6738ad42d290ca82805,BTC,NO,medium,medium,medium,0.035000000000000045,0.0,0.0,0.0032766228817516143,0.0,False,1.0,0.03172337711824843
quote_age_only,3,2026-07-02T15:10:28.366751+00:00,0xcae0c95e9c034ca588baca33e8147b8845b1f312ff09b0d52f4d6e150cddad15,SOL,NO,low,medium,medium,0.04999999999999995,0.0,0.0,0.012437267435596115,0.0,False,1.0,0.03756273256440383
quote_age_only,3,2026-07-02T15:36:32.363170+00:00,0x0a5061025dfe612b3722293195f769f012f8980bd848a20493e2c600f70d09dd,BTC,NO,low,medium,medium,0.28500000000000003,0.0,0.0,0.061484793363865746,0.0,False,1.0,0.22351520663613428
quote_age_only,3,2026-07-02T16:01:28.361478+00:00,0x59496dfc9f417c17975e237fbb7ecfe259156cc15a360f25910162556810c516,SOL,NO,low,medium,medium,0.010000000000000026,0.0,0.0,0.0198429765340695,0.0,False,1.0,-0.009842976534069472
quote_age_only,3,2026-07-02T17:00:24.370409+00:00,0x1be94953b760d89a9523766bd1abb42f2e881ac06074bf93aa46ad1a415fc189,SOL,NO,low,medium,medium,0.010000000000000026,0.0,0.0,0.027595650699191357,0.0,False,1.0,-0.01759565069919133
quote_age_only,3,2026-07-02T17:13:30.362110+00:00,0x909723d937a75ac2c9c89d73711867c15953dd27d72b7a6933948473e399451d,ETH,YES,low,medium,medium,0.06000000000000001,0.0,0.0,0.00684623249048769,0.0,False,1.0,0.05315376750951232
quote_age_only,3,2026-07-02T17:23:18.371612+00:00,0x1f5ef0a23c68190a8a6d515b6c8e8b048078a8afa92d25abb3d94fb87f1f7027,BTC,YES,low,medium,medium,0.255,0.0,0.0,0.013452295291418608,0.0,False,1.0,0.2415477047085814
quote_age_only,3,2026-07-02T17:23:20.364343+00:00,0x60608598239fe90ee375e38281310554148d5d349aca1ac07aa04e1ce390e6ad,SOL,YES,low,medium,high,0.11,0.0,0.0,0.0,0.0,False,1.0,0.11
quote_age_only,3,2026-07-02T17:50:28.360872+00:00,0x0aff58c34608210967c4413fb4b4a6c7fa904dc09de162ecc564806689facc64,SOL,NO,low,medium,high,0.19000000000000003,0.0,0.0,0.0,0.0,False,1.0,0.19000000000000003
quote_age_only,3,2026-07-02T18:35:46.363950+00:00,0x0fb6a0c7bcde0b6dd2c22b766ae91ab671463f01b2f4ec31f09491aa9dd4af91,SOL,NO,low,medium,medium,-0.07500000000000005,0.0,0.0,0.023545822410950698,0.0,False,1.0,-0.09854582241095075
quote_age_only,3,2026-07-02T18:35:48.373272+00:00,0x0fb6a0c7bcde0b6dd2c22b766ae91ab671463f01b2f4ec31f09491aa9dd4af91,SOL,NO,low,high,medium,-0.09999999999999996,0.0,0.0,0.0366143306050499,0.0,False,1.0,-0.13661433060504985
quote_age_only,3,2026-07-02T18:35:56.374508+00:00,0x0fb6a0c7bcde0b6dd2c22b766ae91ab671463f01b2f4ec31f09491aa9dd4af91,SOL,NO,low,medium,medium,0.05500000000000001,0.0,0.0,0.0032656716923058575,0.0,False,1.0,0.05173432830769415
quote_age_only,3,2026-07-02T18:35:58.369803+00:00,0x0fb6a0c7bcde0b6dd2c22b766ae91ab671463f01b2f4ec31f09491aa9dd4af91,SOL,NO,low,medium,medium,-0.06999999999999999,0.0,0.0,0.047959130103568615,0.0,False,1.0,-0.11795913010356861
quote_age_only,3,2026-07-02T18:51:30.371222+00:00,0x12f1ba09bc9913623cab1e5f36dab49519aed574c20e74febe167f480cf82772,SOL,NO,low,medium,medium,0.059999999999999956,0.0,0.0,0.01768269156071162,0.0,False,1.0,0.04231730843928834
quote_age_only,3,2026-07-02T19:01:18.365784+00:00,0x639421d64a6433150033c4d335d66cbee7357cad9e8b10bc943f74caf5d0d308,SOL,NO,low,medium,medium,-0.09499999999999996,0.0,0.0,0.02007393785808949,0.0,False,1.0,-0.11507393785808945
quote_age_only,3,2026-07-02T19:03:24.368460+00:00,0x639421d64a6433150033c4d335d66cbee7357cad9e8b10bc943f74caf5d0d308,SOL,YES,low,medium,medium,0.11,0.0,0.0,0.06644709113065626,0.0,False,1.0,0.04355290886934374
quote_age_only,3,2026-07-02T19:03:44.373982+00:00,0x639421d64a6433150033c4d335d66cbee7357cad9e8b10bc943f74caf5d0d308,SOL,YES,low,medium,medium,0.06000000000000001,0.0,0.0,0.0764299562242,0.0,False,1.0,-0.016429956224199987
quote_age_only,3,2026-07-02T19:05:14.369431+00:00,0xa1701695adebeed5da4000373df6e9883c29449ade56b49eb6379ee63ba7259b,SOL,NO,low,medium,high,0.07499999999999997,0.0,0.0,0.0,0.0,False,1.0,0.07499999999999997
quote_age_only,3,2026-07-02T19:06:40.373607+00:00,0xa1701695adebeed5da4000373df6e9883c29449ade56b49eb6379ee63ba7259b,SOL,NO,low,high,medium,-0.06499999999999999,0.0,0.0,0.030326562207866108,0.0,False,1.0,-0.09532656220786609
quote_age_only,3,2026-07-02T19:31:18.372640+00:00,0x606a340a3aad1b6f683e99c5d598836d6731c972d5ddeb2642c52813a27308af,SOL,NO,low,medium,medium,0.05,0.0,0.0,0.0033702772487109837,0.0,False,1.0,0.046629722751289016
quote_age_only,3,2026-07-02T19:31:32.362271+00:00,0x606a340a3aad1b6f683e99c5d598836d6731c972d5ddeb2642c52813a27308af,SOL,NO,low,medium,medium,0.05000000000000006,0.0,0.0,0.0034118554681326846,0.0,False,1.0,0.046588144531867375
quote_age_only,3,2026-07-02T19:31:40.366839+00:00,0x606a340a3aad1b6f683e99c5d598836d6731c972d5ddeb2642c52813a27308af,SOL,NO,low,medium,medium,0.05500000000000006,0.0,0.0,0.027559432585546377,0.0,False,1.0,0.027440567414453686
quote_age_only,3,2026-07-02T19:31:58.371790+00:00,0x606a340a3aad1b6f683e99c5d598836d6731c972d5ddeb2642c52813a27308af,SOL,NO,low,medium,medium,-0.09000000000000001,0.0,0.0,0.01990394066838693,0.0,False,1.0,-0.10990394066838693
quote_age_only,3,2026-07-02T19:51:32.364894+00:00,0x2cfc3ef023f8f6ebad847ce57292f2a190fd727fc452a4c2a7cc845fd16b56aa,SOL,NO,low,medium,medium,0.020000000000000007,0.0,0.0,0.0,0.0,False,1.0,0.020000000000000007
quote_age_only,3,2026-07-02T19:51:34.373824+00:00,0x2cfc3ef023f8f6ebad847ce57292f2a190fd727fc452a4c2a7cc845fd16b56aa,SOL,NO,low,medium,medium,-0.06000000000000001,0.0,0.0,0.024011030747711493,0.0,False,1.0,-0.0840110307477115
quote_age_only,3,2026-07-02T19:51:58.365557+00:00,0x2cfc3ef023f8f6ebad847ce57292f2a190fd727fc452a4c2a7cc845fd16b56aa,SOL,NO,low,medium,medium,-0.06,0.0,0.0,0.0,0.0,False,1.0,-0.06
quote_age_only,3,2026-07-02T19:52:06.372072+00:00,0x2cfc3ef023f8f6ebad847ce57292f2a190fd727fc452a4c2a7cc845fd16b56aa,SOL,NO,low,medium,medium,0.03999999999999998,0.0,0.0,0.01711081843463454,0.0,False,1.0,0.02288918156536544
quote_age_only,3,2026-07-02T19:52:12.366157+00:00,0x2cfc3ef023f8f6ebad847ce57292f2a190fd727fc452a4c2a7cc845fd16b56aa,SOL,NO,low,medium,medium,0.015000000000000003,0.0,0.0,0.020696275786087497,0.0,False,1.0,-0.005696275786087494
quote_age_only,3,2026-07-02T19:52:24.373550+00:00,0x2cfc3ef023f8f6ebad847ce57292f2a190fd727fc452a4c2a7cc845fd16b56aa,SOL,NO,medium,medium,medium,0.009999999999999998,0.0,0.0,0.024129675176277083,0.0,False,1.0,-0.014129675176277084
quote_age_only,3,2026-07-02T19:52:30.368984+00:00,0x2cfc3ef023f8f6ebad847ce57292f2a190fd727fc452a4c2a7cc845fd16b56aa,SOL,NO,medium,medium,medium,0.11,0.0,0.0,0.0029560519033416843,0.0,False,1.0,0.10704394809665832
quote_age_only,3,2026-07-02T19:52:48.372495+00:00,0x2cfc3ef023f8f6ebad847ce57292f2a190fd727fc452a4c2a7cc845fd16b56aa,SOL,NO,medium,medium,medium,0.01500000000000003,0.0,0.0,0.06958321480897692,0.0,False,1.0,-0.05458321480897689
quote_age_only,3,2026-07-02T19:53:00.364200+00:00,0x2cfc3ef023f8f6ebad847ce57292f2a190fd727fc452a4c2a7cc845fd16b56aa,SOL,NO,medium,high,medium,0.02999999999999999,0.0,0.0,0.027532430267212686,0.0,False,1.0,0.0024675697327873024
quote_age_only,3,2026-07-02T19:53:04.368103+00:00,0x2cfc3ef023f8f6ebad847ce57292f2a190fd727fc452a4c2a7cc845fd16b56aa,SOL,NO,high,medium,medium,-0.06999999999999999,0.0,0.0,0.046859062203068125,0.0,False,1.0,-0.11685906220306812
quote_age_only,3,2026-07-02T19:53:10.364232+00:00,0x2cfc3ef023f8f6ebad847ce57292f2a190fd727fc452a4c2a7cc845fd16b56aa,SOL,NO,high,medium,medium,0.12000000000000001,0.0,0.0,0.03927821477599523,0.0,False,1.0,0.08072178522400478
quote_age_only,3,2026-07-02T19:53:42.364449+00:00,0x2cfc3ef023f8f6ebad847ce57292f2a190fd727fc452a4c2a7cc845fd16b56aa,SOL,NO,high,medium,medium,0.020000000000000035,0.0,0.0,0.08392379128712096,0.0,False,1.0,-0.06392379128712093
latency_only,1,2026-06-24T15:43:06.758948+00:00,0x80658216d4530ee5d8f87f3a84d6788c0505a016f5d1a52bfb8fc3c1afc1f1c2,ETH,YES,low,low,medium,-0.05,0.0,0.029898026039611794,0.013086271859718767,0.0,False,1.0,-0.09298429789933056
latency_only,1,2026-06-24T15:48:20.766212+00:00,0x8e22e9bf1a5c5cf1e5a91126865227cf0b75a5ec64611f0e0b23348e2b8eebc6,SOL,YES,medium,low,medium,-0.05,0.0,0.019916127968550024,0.005709278538639764,0.0,False,1.0,-0.0756254065071898
latency_only,1,2026-06-24T15:48:30.765676+00:00,0x8e22e9bf1a5c5cf1e5a91126865227cf0b75a5ec64611f0e0b23348e2b8eebc6,SOL,YES,medium,low,medium,-0.04,0.0,0.0,0.007609887823236495,0.0,False,1.0,-0.047609887823236496
latency_only,1,2026-06-24T16:03:06.764139+00:00,0x898e75f4a2714851629ab01153214fbf585c570d631964d411eb3f85d6f77427,ETH,NO,low,medium,high,0.07000000000000002,0.0,0.0,0.0,0.0,False,1.0,0.07000000000000002
latency_only,1,2026-06-24T16:03:34.761565+00:00,0x898e75f4a2714851629ab01153214fbf585c570d631964d411eb3f85d6f77427,ETH,NO,low,medium,medium,0.01999999999999998,0.0,0.0,0.0,0.0,False,1.0,0.01999999999999998
latency_only,1,2026-06-24T16:03:36.766733+00:00,0x898e75f4a2714851629ab01153214fbf585c570d631964d411eb3f85d6f77427,ETH,NO,low,medium,medium,0.020000000000000035,0.0,0.059793945641401794,0.025750789958746623,0.0,False,1.0,-0.06554473560014838
latency_only,1,2026-06-24T16:03:56.765843+00:00,0x898e75f4a2714851629ab01153214fbf585c570d631964d411eb3f85d6f77427,ETH,NO,medium,medium,medium,-0.07000000000000002,0.0,0.0,0.040703216994722055,0.0,False,1.0,-0.11070321699472208
latency_only,1,2026-06-24T16:17:42.762123+00:00,0x16d9a49118c42f6c43e48602f4356b563fe7d62f03eace901d12f3671b7534cd,SOL,NO,low,medium,high,0.18000000000000002,0.0,0.0,0.0,0.0,False,1.0,0.18000000000000002
latency_only,1,2026-06-24T16:22:52.762411+00:00,0x76ee4df37777787c309b30aa15d0861f505cc65be0cea6ab16949e8fba9fa172,SOL,NO,medium,medium,medium,-0.11999999999999998,0.0,0.0,0.364279700517177,0.0,False,1.0,-0.484279700517177
latency_only,1,2026-06-24T16:22:54.752727+00:00,0x76ee4df37777787c309b30aa15d0861f505cc65be0cea6ab16949e8fba9fa172,SOL,NO,medium,medium,medium,-0.06500000000000002,0.0,0.09962524350337215,0.06131506253278372,0.0,False,1.0,-0.2259403060361559
latency_only,1,2026-06-24T16:41:48.765478+00:00,0x54faa3af7fa6193533f340c3ceb42d2a8d405f5e3b23e2178d2a0212ac8cd968,ETH,YES,low,low,medium,-0.09500000000000001,0.0,0.0,0.09335664902505575,0.0,False,1.0,-0.18835664902505578
latency_only,1,2026-06-24T16:41:50.756781+00:00,0x54faa3af7fa6193533f340c3ceb42d2a8d405f5e3b23e2178d2a0212ac8cd968,ETH,YES,low,medium,low,-0.055000000000000035,0.0,0.0,0.037226523286511395,0.0,False,1.0,-0.09222652328651143
latency_only,1,2026-06-24T16:48:48.757094+00:00,0x6a9cd2dd7bc9c9807d3452c9f1a97c34ac7aedbc934b79054d8b3a0bfdcd4e42,BTC,YES,low,low,high,-0.0325,0.0,0.0,0.0,0.0,False,1.0,-0.0325
latency_only,1,2026-06-24T16:51:06.758502+00:00,0xabff544d3602969cb25677257451bdb7c6ad59b48e75d1d633afb248b012b06c,ETH,NO,low,medium,medium,0.30000000000000004,0.0,0.0,0.01488289916387536,0.0,False,1.0,0.2851171008361247
latency_only,1,2026-06-24T16:52:04.761668+00:00,0x7d0f63daa0e0bd4993d80fa4bcb62fd622043fb264ec4a7aa7b875871c6a353a,SOL,YES,medium,medium,medium,0.030000000000000002,0.0,0.014947423361419212,0.0076564760444328035,0.0,False,1.0,0.007396100594147987
latency_only,1,2026-06-24T16:52:06.767562+00:00,0x7d0f63daa0e0bd4993d80fa4bcb62fd622043fb264ec4a7aa7b875871c6a353a,SOL,YES,high,medium,medium,0.05,0.0,0.06973418764073958,0.03860575384342343,0.0,False,1.0,-0.058339941484163
latency_only,1,2026-06-24T16:53:18.759891+00:00,0x11be248eacf03fecfc51007bb9833cc1452e33e48c5226ab9c30e91656ca4fed,BTC,YES,low,medium,medium,-0.05,0.0,0.01009048910844298,0.0076946148838835295,0.0,False,1.0,-0.06778510399232651
latency_only,1,2026-06-24T16:53:52.752947+00:00,0x7d0f63daa0e0bd4993d80fa4bcb62fd622043fb264ec4a7aa7b875871c6a353a,SOL,YES,high,low,medium,-0.05,0.0,0.0,0.038740885745220076,0.0,False,1.0,-0.08874088574522007
latency_only,1,2026-06-24T16:53:54.758545+00:00,0xabff544d3602969cb25677257451bdb7c6ad59b48e75d1d633afb248b012b06c,ETH,NO,high,low,medium,-0.02,0.0,0.0,0.0,0.0,False,1.0,-0.02
latency_only,1,2026-06-24T16:55:32.763105+00:00,0xdc4693598a20d019c083949d35703b04d5de73552f4d0fb762787cbe10eef7af,ETH,YES,low,medium,medium,0.035000000000000045,0.0,0.044805486305437084,0.018742554331572143,0.0,False,1.0,-0.028548040637009182
latency_only,1,2026-06-24T17:10:44.757531+00:00,0x6bcbfb85688c3516d74eda21ae1058775c9dbb0c3c2ed80679bea5efa4224f1f,SOL,YES,low,medium,medium,-0.09000000000000001,0.0,0.0,0.013389756691535352,0.0,False,1.0,-0.10338975669153536
latency_only,1,2026-06-24T17:10:48.752203+00:00,0x6bcbfb85688c3516d74eda21ae1058775c9dbb0c3c2ed80679bea5efa4224f1f,SOL,YES,low,medium,medium,0.07000000000000002,0.0,0.0,0.058158984208923466,0.0,False,1.0,0.011841015791076555
latency_only,1,2026-06-24T17:15:08.754027+00:00,0x2a87ba5465e5a39b23f5c245ce8daf4e9166a6b5d3a01f97e3c5cebe5f542667,ETH,YES,low,medium,medium,0.08999999999999998,0.0,0.030208607458403373,0.019512428329489493,0.0,False,1.0,0.040278964212107124
latency_only,1,2026-06-24T17:15:32.759728+00:00,0xc6ddbe45253f77b8dbd808a9153ec3477a66b95ce3dcd40edbdbf5e69a9fad74,BTC,YES,low,medium,medium,-0.059999999999999984,0.0,0.0,0.029861368841842043,0.0,False,1.0,-0.08986136884184202
latency_only,1,2026-06-24T17:17:04.766209+00:00,0xc6ddbe45253f77b8dbd808a9153ec3477a66b95ce3dcd40edbdbf5e69a9fad74,BTC,YES,low,medium,medium,0.01999999999999998,0.0,0.009978703086617448,0.0076882023144333985,0.0,False,1.0,0.0023330945989491333
latency_only,1,2026-06-24T17:20:12.764868+00:00,0xd8e21b0124221e5a6948b65f0b5c1b7c563a3c7e6ea11a1e7d760638a2e885ba,SOL,NO,medium,medium,high,0.15500000000000005,0.0,0.0,0.0,0.0,False,1.0,0.15500000000000005
latency_only,1,2026-06-24T17:25:44.756279+00:00,0x0a15e96a2f8db3533603fd8a311915394fd8b8b6cbc3c3b90e5225964660bd94,ETH,YES,low,medium,high,0.030000000000000044,0.0,0.0,0.0,0.0,False,1.0,0.030000000000000044
latency_only,1,2026-06-24T17:26:36.761972+00:00,0x0a15e96a2f8db3533603fd8a311915394fd8b8b6cbc3c3b90e5225964660bd94,ETH,YES,low,medium,high,0.11,0.0,0.0,0.0,0.0,False,1.0,0.11
latency_only,1,2026-06-24T17:28:30.758436+00:00,0x8b89ebef2e337682d0c761c2d9ea76b14916b0fbaa6b07ab496782aa61d08092,SOL,NO,low,medium,medium,-0.03,0.0,0.0,0.0,0.0,False,1.0,-0.03
latency_only,1,2026-06-24T17:32:12.757879+00:00,0xc53755a72a77c13680d29f80e88a1ffcdaeda374fb64389c3801a5660e24deb8,SOL,NO,low,medium,medium,0.030000000000000044,0.0,0.0,0.031632207487252956,0.0,False,1.0,-0.0016322074872529117
latency_only,1,2026-06-24T17:40:50.764310+00:00,0xe162acce182a1c54de6efd4a047bee1957d9d0ce3a96723f622886a34ce9ef56,BTC,NO,low,medium,medium,-0.05000000000000003,0.0,0.0,0.046654445417181,0.0,False,1.0,-0.09665444541718103
latency_only,1,2026-06-24T17:46:02.756352+00:00,0x931296be6d3fc5e74df946ebeb47595bd30d0b51c747520c22454b54dbde783c,ETH,NO,medium,medium,high,0.16,0.0,0.0,0.0,0.0,False,1.0,0.16
latency_only,1,2026-06-24T17:50:26.761135+00:00,0xe0261c3af71ec76885a6befe78536d37f4f39622a19d0102257561caaca61811,SOL,NO,low,medium,medium,0.06000000000000001,0.0,0.0,0.04225405185921155,0.0,False,1.0,0.01774594814078846
latency_only,1,2026-06-24T18:00:58.760168+00:00,0x5a189bc1b252af1469e531eb62cee5995fe46dd01bcaff6b137a7bc3109e2e43,SOL,NO,medium,low,medium,-0.05000000000000003,0.0,0.0,0.033059401438366845,0.0,False,1.0,-0.08305940143836688
latency_only,1,2026-06-24T18:01:08.757617+00:00,0x5a189bc1b252af1469e531eb62cee5995fe46dd01bcaff6b137a7bc3109e2e43,SOL,NO,medium,medium,medium,0.010000000000000026,0.0,0.004949172011109114,0.006707096678920831,0.0,False,1.0,-0.0016562686900299184
latency_only,1,2026-06-24T18:01:10.762661+00:00,0x5a189bc1b252af1469e531eb62cee5995fe46dd01bcaff6b137a7bc3109e2e43,SOL,NO,medium,medium,medium,-0.06999999999999999,0.0,0.04985940149443546,0.022560559768264377,0.0,False,1.0,-0.14241996126269985
latency_only,1,2026-06-24T18:01:28.765791+00:00,0x5a189bc1b252af1469e531eb62cee5995fe46dd01bcaff6b137a7bc3109e2e43,SOL,NO,medium,medium,medium,-0.05000000000000003,0.0,0.0,0.019274226447821688,0.0,False,1.0,-0.06927422644782172
latency_only,1,2026-06-24T18:01:32.763050+00:00,0x5a189bc1b252af1469e531eb62cee5995fe46dd01bcaff6b137a7bc3109e2e43,SOL,NO,medium,medium,medium,0.07000000000000002,0.0,0.0,0.015660506267043024,0.0,False,1.0,0.054339493732956996
latency_only,1,2026-06-24T18:01:48.762400+00:00,0x5a189bc1b252af1469e531eb62cee5995fe46dd01bcaff6b137a7bc3109e2e43,SOL,NO,medium,medium,medium,0.059999999999999956,0.0,0.0,0.04634557634211991,0.0,False,1.0,0.013654423657880048
latency_only,1,2026-06-24T18:05:24.753766+00:00,0x17dc5c06a8038c8b9fe98dc10caabed5e643e594aa096dfa257871e4e6fc79db,BTC,NO,medium,medium,high,0.05000000000000006,0.0,0.0,0.0,0.0,False,1.0,0.05000000000000006
latency_only,1,2026-06-24T18:05:28.765310+00:00,0x17dc5c06a8038c8b9fe98dc10caabed5e643e594aa096dfa257871e4e6fc79db,BTC,NO,medium,medium,high,0.06999999999999997,0.0,0.10462723496817015,0.10484782403808228,0.0,False,1.0,-0.13947505900625246
latency_only,1,2026-06-24T18:05:36.760226+00:00,0x3d07d4fd8f80b13ff82b8a59ac4e27ef61cee1ca5f5e8b639dd421a3a7bc2fcb,SOL,NO,low,high,medium,0.04999999999999995,0.0,0.0,0.030801851765964932,0.0,False,1.0,0.019198148234035015
latency_only,1,2026-06-24T18:06:36.754811+00:00,0x3d07d4fd8f80b13ff82b8a59ac4e27ef61cee1ca5f5e8b639dd421a3a7bc2fcb,SOL,YES,low,medium,medium,0.039999999999999994,0.0,0.0,0.015573965775379546,0.0,False,1.0,0.024426034224620446
latency_only,1,2026-06-24T18:06:38.762149+00:00,0x3d07d4fd8f80b13ff82b8a59ac4e27ef61cee1ca5f5e8b639dd421a3a7bc2fcb,SOL,YES,low,medium,medium,0.09999999999999999,0.0,0.07955013046264003,0.04552520303008263,0.0,False,1.0,-0.025075333492722673
latency_only,1,2026-06-24T18:10:32.759091+00:00,0xe3120089fce1f1a743fc240f0033561fca78ae3088352a0f3f52413a0a0b39cb,BTC,YES,low,medium,high,0.04999999999999995,0.0,0.0,0.0,0.0,False,1.0,0.04999999999999995
latency_only,1,2026-06-24T18:10:48.754900+00:00,0x2a8f1b4db2834d8f740fa140f88d4c2cd7464241d37403fce3ab3bc53ee78792,ETH,NO,low,medium,high,0.06999999999999997,0.0,0.0,0.0,0.0,False,1.0,0.06999999999999997
latency_only,1,2026-06-24T18:11:20.766968+00:00,0x2a8f1b4db2834d8f740fa140f88d4c2cd7464241d37403fce3ab3bc53ee78792,ETH,YES,low,medium,medium,-0.059999999999999984,0.0,0.0,0.08129188957170823,0.0,False,1.0,-0.1412918895717082
latency_only,1,2026-06-24T18:20:04.756204+00:00,0x3d34074cabf8c0c7082b719f8b1d246fbf3344709e9dceb7baf2a9e21d9dcd71,BTC,YES,low,medium,medium,-0.13000000000000003,0.0,0.0,0.0,0.0,False,1.0,-0.13000000000000003
latency_only,1,2026-06-24T18:20:30.755092+00:00,0x3d34074cabf8c0c7082b719f8b1d246fbf3344709e9dceb7baf2a9e21d9dcd71,BTC,YES,low,medium,medium,-0.05499999999999998,0.0,0.0,0.055360162146572994,0.0,False,1.0,-0.11036016214657297
latency_only,1,2026-06-24T18:20:36.756990+00:00,0x063b6476f22b96ffa4e2b1b40b6be64b68228f02258cf4f2cb5ae83ecbf708fd,ETH,YES,medium,medium,medium,0.04999999999999995,0.0,0.0,0.046795396704669145,0.0,False,1.0,0.003204603295330802
latency_only,1,2026-06-24T18:20:40.753306+00:00,0x3d34074cabf8c0c7082b719f8b1d246fbf3344709e9dceb7baf2a9e21d9dcd71,BTC,YES,low,medium,medium,-0.059999999999999984,0.0,0.007586770368165449,0.007201810059347038,0.0,False,1.0,-0.07478858042751248
latency_only,1,2026-06-24T18:20:52.756246+00:00,0x3d34074cabf8c0c7082b719f8b1d246fbf3344709e9dceb7baf2a9e21d9dcd71,BTC,YES,low,medium,medium,0.039999999999999994,0.0,0.0,0.013431837811791705,0.0,False,1.0,0.02656816218820829
latency_only,1,2026-06-24T18:20:54.762187+00:00,0x3d34074cabf8c0c7082b719f8b1d246fbf3344709e9dceb7baf2a9e21d9dcd71,BTC,YES,low,medium,medium,0.010000000000000026,0.0,0.09966418123621829,0.04640994426057397,0.0,False,1.0,-0.13607412549679224
latency_only,1,2026-06-24T18:21:06.764841+00:00,0x3d34074cabf8c0c7082b719f8b1d246fbf3344709e9dceb7baf2a9e21d9dcd71,BTC,YES,low,medium,medium,-0.05000000000000003,0.0,0.06479859546681006,0.035553487289788466,0.0,False,1.0,-0.15035208275659856
latency_only,1,2026-06-24T18:21:10.764191+00:00,0x3d34074cabf8c0c7082b719f8b1d246fbf3344709e9dceb7baf2a9e21d9dcd71,BTC,YES,low,medium,medium,0.020000000000000035,0.0,0.0,0.007822541111346615,0.0,False,1.0,0.01217745888865342
latency_only,1,2026-06-24T18:21:12.754338+00:00,0x3d34074cabf8c0c7082b719f8b1d246fbf3344709e9dceb7baf2a9e21d9dcd71,BTC,YES,low,medium,medium,-0.06000000000000004,0.0,0.06540822295851223,0.03111667630582065,0.0,False,1.0,-0.15652489926433294
latency_only,1,2026-06-24T18:21:14.759655+00:00,0x3d34074cabf8c0c7082b719f8b1d246fbf3344709e9dceb7baf2a9e21d9dcd71,BTC,YES,low,high,medium,0.19499999999999998,0.0,0.0,0.022337166642480987,0.0,False,1.0,0.172662833357519
latency_only,1,2026-06-24T18:23:18.758759+00:00,0x3d34074cabf8c0c7082b719f8b1d246fbf3344709e9dceb7baf2a9e21d9dcd71,BTC,YES,low,medium,medium,0.01500000000000003,0.0,0.06276408281262325,0.007630942066611906,0.0,False,1.0,-0.05539502487923512
latency_only,1,2026-06-24T18:26:40.754541+00:00,0x0f58baf57772722db394290841df2a23b89d3ef388a740790fe4356e58669164,ETH,NO,low,medium,medium,-0.38,0.0,0.0,0.03517243809772693,0.0,False,1.0,-0.4151724380977269
latency_only,1,2026-06-24T18:32:18.765892+00:00,0xbde68413691d686e0741615c9dad23d2669c8cfcdd14efb81d2fd53260602d61,SOL,NO,low,medium,medium,0.05,0.0,0.019944698213542365,0.015491471167510174,0.0,False,1.0,0.014563830618947464
latency_only,1,2026-06-24T18:32:28.765868+00:00,0xbde68413691d686e0741615c9dad23d2669c8cfcdd14efb81d2fd53260602d61,SOL,NO,low,medium,medium,-0.10000000000000002,0.0,0.009907852061114568,0.007893342189404236,0.0,False,1.0,-0.11780119425051883
latency_only,1,2026-06-24T18:32:34.767339+00:00,0xbde68413691d686e0741615c9dad23d2669c8cfcdd14efb81d2fd53260602d61,SOL,NO,low,medium,medium,-0.09999999999999999,0.0,0.0,0.041469480041419475,0.0,False,1.0,-0.14146948004141946
latency_only,1,2026-06-24T18:32:36.756754+00:00,0xbde68413691d686e0741615c9dad23d2669c8cfcdd14efb81d2fd53260602d61,SOL,NO,low,medium,medium,0.025000000000000012,0.0,0.0,0.06322972331062152,0.0,False,1.0,-0.03822972331062151
latency_only,1,2026-06-24T18:32:38.763486+00:00,0xbde68413691d686e0741615c9dad23d2669c8cfcdd14efb81d2fd53260602d61,SOL,NO,low,high,medium,-0.07500000000000002,0.0,0.10727625358288986,0.03414677944040363,0.0,False,1.0,-0.21642303302329352
latency_only,1,2026-06-24T18:32:40.753774+00:00,0xbde68413691d686e0741615c9dad23d2669c8cfcdd14efb81d2fd53260602d61,SOL,NO,low,medium,medium,0.030000000000000016,0.0,0.0,0.04357599754407406,0.0,False,1.0,-0.013575997544074046
latency_only,1,2026-06-24T18:32:58.758626+00:00,0xbde68413691d686e0741615c9dad23d2669c8cfcdd14efb81d2fd53260602d61,SOL,NO,low,high,medium,-0.05000000000000003,0.0,0.0,0.02322558588392543,0.0,False,1.0,-0.07322558588392546
latency_only,1,2026-06-24T18:33:00.765000+00:00,0xbde68413691d686e0741615c9dad23d2669c8cfcdd14efb81d2fd53260602d61,SOL,NO,low,medium,medium,0.014999999999999975,0.0,0.0,0.022959328619688985,0.0,False,1.0,-0.00795932861968901
latency_only,1,2026-06-24T18:51:52.760600+00:00,0x76ceb5966715afdbb09250dea84bccfc837e72c59d375b0ca15e03fcc417fb4e,SOL,YES,low,medium,medium,-0.06999999999999999,0.0,0.0,0.024784274213660827,0.0,False,1.0,-0.09478427421366081
latency_only,1,2026-06-24T18:51:54.765991+00:00,0x76ceb5966715afdbb09250dea84bccfc837e72c59d375b0ca15e03fcc417fb4e,SOL,YES,low,medium,medium,0.039999999999999994,0.0,0.0,0.03802239812585176,0.0,False,1.0,0.0019776018741482354
latency_only,1,2026-06-24T18:51:56.756813+00:00,0x76ceb5966715afdbb09250dea84bccfc837e72c59d375b0ca15e03fcc417fb4e,SOL,YES,low,high,medium,0.01500000000000003,0.0,0.11560159404997641,0.03482199312645731,0.0,False,1.0,-0.1354235871764337
latency_only,1,2026-06-24T18:52:10.764773+00:00,0x768552d5316e123aaa73080f47f5e8f4e0ba7553daff6a1d32fa8d9ed5552775,ETH,YES,low,medium,medium,0.059999999999999956,0.0,0.0,0.015665909077310032,0.0,False,1.0,0.044334090922689924
latency_only,1,2026-06-24T18:52:48.766058+00:00,0x768552d5316e123aaa73080f47f5e8f4e0ba7553daff6a1d32fa8d9ed5552775,ETH,YES,low,low,medium,0.014999999999999975,0.0,0.0,0.03425313156071509,0.0,False,1.0,-0.019253131560715116
latency_only,1,2026-06-24T18:52:48.766058+00:00,0x76ceb5966715afdbb09250dea84bccfc837e72c59d375b0ca15e03fcc417fb4e,SOL,YES,low,low,medium,-0.07000000000000005,0.0,0.0,0.05135725155885959,0.0,False,1.0,-0.12135725155885964
latency_only,1,2026-06-24T18:52:52.763973+00:00,0x76ceb5966715afdbb09250dea84bccfc837e72c59d375b0ca15e03fcc417fb4e,SOL,YES,low,medium,medium,0.020000000000000035,0.0,0.0,0.02787409364688919,0.0,False,1.0,-0.007874093646889156
latency_only,1,2026-06-24T18:53:46.759987+00:00,0x76ceb5966715afdbb09250dea84bccfc837e72c59d375b0ca15e03fcc417fb4e,SOL,YES,medium,low,medium,0.09999999999999999,0.0,0.1103178913072521,0.0038072289787457097,0.0,False,1.0,-0.014125120285997817
latency_only,1,2026-06-24T19:00:16.766958+00:00,0x6f14d199dafd35a5f545aad500e9cd65eaf22a2bf1a522817da62c57245246f4,SOL,NO,low,medium,medium,0.020000000000000035,0.0,0.0025235968590768144,0.011584312308420776,0.0,False,1.0,0.005892090832502443
latency_only,1,2026-06-24T19:00:20.764327+00:00,0x6f14d199dafd35a5f545aad500e9cd65eaf22a2bf1a522817da62c57245246f4,SOL,NO,low,high,medium,-0.06499999999999999,0.0,0.0,0.03081629113180823,0.0,False,1.0,-0.09581629113180821
latency_only,1,2026-06-24T19:00:26.766094+00:00,0x6f14d199dafd35a5f545aad500e9cd65eaf22a2bf1a522817da62c57245246f4,SOL,NO,low,medium,medium,0.014999999999999975,0.0,0.0,0.009801673376987811,0.0,False,1.0,0.005198326623012164
latency_only,1,2026-06-24T19:00:34.758570+00:00,0x6f14d199dafd35a5f545aad500e9cd65eaf22a2bf1a522817da62c57245246f4,SOL,NO,low,medium,medium,-0.06999999999999999,0.0,0.01745164561066002,0.006606398225507734,0.0,False,1.0,-0.09405804383616775
latency_only,1,2026-06-24T19:00:46.763874+00:00,0x6f14d199dafd35a5f545aad500e9cd65eaf22a2bf1a522817da62c57245246f4,SOL,NO,low,low,medium,0.010000000000000026,0.0,0.0,0.05022252999956099,0.0,False,1.0,-0.04022252999956097
latency_only,1,2026-06-24T19:01:30.763622+00:00,0x6f14d199dafd35a5f545aad500e9cd65eaf22a2bf1a522817da62c57245246f4,SOL,NO,low,medium,medium,-0.05000000000000003,0.0,0.054856820397891956,0.038974086953399045,0.0,False,1.0,-0.14383090735129103
latency_only,1,2026-06-24T19:02:02.766777+00:00,0x9828065f135b73cbb04da613189035c96beca24508e8d4b15f9a9b670b7519eb,ETH,NO,low,medium,medium,0.01999999999999998,0.0,0.07469055181220287,0.039636581459695404,0.0,False,1.0,-0.09432713327189829
latency_only,1,2026-06-24T19:02:02.766777+00:00,0x6f14d199dafd35a5f545aad500e9cd65eaf22a2bf1a522817da62c57245246f4,SOL,NO,low,medium,high,0.06000000000000001,0.0,0.0,0.0,0.0,False,1.0,0.06000000000000001
latency_only,1,2026-06-24T19:02:04.757011+00:00,0x6f14d199dafd35a5f545aad500e9cd65eaf22a2bf1a522817da62c57245246f4,SOL,NO,low,medium,medium,-0.11499999999999998,0.0,0.1207860768407754,0.08200062907175747,0.0,False,1.0,-0.31778670591253283
latency_only,1,2026-06-24T19:02:06.762138+00:00,0x6f14d199dafd35a5f545aad500e9cd65eaf22a2bf1a522817da62c57245246f4,SOL,NO,low,medium,medium,0.02999999999999999,0.0,0.0,0.07391379947504578,0.0,False,1.0,-0.0439137994750458
latency_only,1,2026-06-24T19:02:08.753956+00:00,0x6f14d199dafd35a5f545aad500e9cd65eaf22a2bf1a522817da62c57245246f4,SOL,NO,low,high,medium,-0.06999999999999999,0.0,0.12298436928012166,0.03912199809420342,0.0,False,1.0,-0.23210636737432505
latency_only,1,2026-06-24T19:02:34.760304+00:00,0x6f14d199dafd35a5f545aad500e9cd65eaf22a2bf1a522817da62c57245246f4,SOL,NO,low,medium,medium,0.010000000000000026,0.0,0.0,0.011684049179142989,0.0,False,1.0,-0.0016840491791429626
latency_only,1,2026-06-24T19:12:34.759652+00:00,0x1aee94333f9f59a16641bfb6bb79781128bfc7c762e6ec35a3e28ae595c8f710,ETH,YES,low,low,medium,-0.03,0.0,0.0,0.0,0.0,False,1.0,-0.03
latency_only,1,2026-06-24T19:15:48.754190+00:00,0x4982ded7e4b9233220595f26cc997fa151f1902c8893a0a78a52d656b5fdb3d4,ETH,NO,medium,medium,medium,-0.08,0.0,0.0,0.06869781159249844,0.0,False,1.0,-0.14869781159249845
latency_only,1,2026-06-24T19:15:50.760306+00:00,0xb802375b899f20776320f8a3ad101bd8c4a32ff81a436fcc308a140cc33d96bf,BTC,NO,low,medium,medium,0.010000000000000026,0.0,0.0,0.041861577296626915,0.0,False,1.0,-0.03186157729662689
latency_only,1,2026-06-24T19:15:50.760306+00:00,0x4982ded7e4b9233220595f26cc997fa151f1902c8893a0a78a52d656b5fdb3d4,ETH,NO,medium,medium,medium,0.03499999999999999,0.0,0.0,0.04763392545595565,0.0,False,1.0,-0.01263392545595566
latency_only,1,2026-06-24T19:25:34.759452+00:00,0x6e39d066f4cd8679f901216c55834139a9ad2240af38a11b09b63b0473e2b84b,SOL,YES,low,medium,medium,0.010000000000000026,0.0,0.0,0.02363573704920978,0.0,False,1.0,-0.013635737049209753
latency_only,1,2026-06-24T19:26:04.757062+00:00,0x6e39d066f4cd8679f901216c55834139a9ad2240af38a11b09b63b0473e2b84b,SOL,YES,low,medium,medium,0.07500000000000002,0.0,0.0,0.05498813673393538,0.0,False,1.0,0.020011863266064647
latency_only,1,2026-06-24T19:37:46.757371+00:00,0xfedc3df4cb1db1fc866524795ac2fcdf9941f43010b9c15e487a333e6f266394,SOL,YES,low,medium,high,0.010000000000000026,0.0,0.0,0.0,0.0,False,1.0,0.010000000000000026
latency_only,1,2026-06-24T19:37:50.757198+00:00,0xfedc3df4cb1db1fc866524795ac2fcdf9941f43010b9c15e487a333e6f266394,SOL,YES,low,medium,medium,-0.09999999999999996,0.0,0.0,0.02341284735874949,0.0,False,1.0,-0.12341284735874945
latency_only,1,2026-06-24T19:41:20.756922+00:00,0x7001dd0099cdee5fbb1efe846336e41812c524e7585b6f7c9a0a5c9882f114b9,SOL,NO,low,medium,medium,0.03999999999999994,0.0,0.0,0.03943935706098799,0.0,False,1.0,0.0005606429390119516
latency_only,1,2026-06-24T19:48:44.761661+00:00,0x4f55d140209fd0d5a7745de8f8a0f150f3b6097aedbaeee7d1a0618c0c3d7bb8,ETH,NO,low,medium,medium,0.06999999999999997,0.0,0.0,0.05124397321651067,0.0,False,1.0,0.018756026783489296
latency_only,1,2026-06-24T19:53:26.758012+00:00,0x3ba3b3f951b2628ef716722de268dd5e244f8d45fd355168fab2e3b85af75128,SOL,NO,low,medium,high,-0.0315,0.0,0.0,0.0,0.0,False,1.0,-0.0315
latency_only,1,2026-06-24T20:01:06.759646+00:00,0x88fd0bf02fe557e16419750274baafa5fd89a12437e7d4215161d95a77cc069e,SOL,NO,low,medium,medium,-0.05,0.0,0.0,0.21972449212485815,0.0,False,1.0,-0.26972449212485816
latency_only,1,2026-06-24T20:01:08.765938+00:00,0x99160df581693bc7fa4ad76b5fe823f5346ef5cb655f1e8650a60c30a642c0ac,BTC,YES,low,high,medium,0.29,0.0,0.12450055359045943,0.07210924930169683,0.0,False,1.0,0.09339019710784373
latency_only,1,2026-06-24T20:08:34.761066+00:00,0xd14dfda063d0d2dafe354fe938c73ea7643db9f344cf11598794d252f8d453a1,BTC,NO,low,low,medium,-0.018,0.0,0.0,0.0,0.0,False,1.0,-0.018
latency_only,1,2026-06-24T20:13:52.754397+00:00,0xf8776b5271ce59d683b9da736a42f8139c58e4093ad342ae1288f9addc1b3cfe,BTC,NO,low,medium,medium,-0.06499999999999999,0.0,0.0,0.023774727053138843,0.0,False,1.0,-0.08877472705313882
latency_only,1,2026-06-24T20:13:56.764659+00:00,0xf8776b5271ce59d683b9da736a42f8139c58e4093ad342ae1288f9addc1b3cfe,BTC,NO,low,high,medium,-0.12999999999999998,0.0,0.0,0.01586630482428255,0.0,False,1.0,-0.14586630482428253
latency_only,1,2026-06-24T20:17:30.756983+00:00,0x9c3ac652cc797ed5fdf7c5717c58c9ce007e9fabecc76e1454bf2d8db03c7150,BTC,YES,low,medium,medium,-0.06000000000000004,0.0,0.0,0.03386766106125526,0.0,False,1.0,-0.0938676610612553
latency_only,1,2026-06-24T20:17:34.755355+00:00,0x9c3ac652cc797ed5fdf7c5717c58c9ce007e9fabecc76e1454bf2d8db03c7150,BTC,YES,low,medium,medium,0.020000000000000035,0.0,0.0,0.03998436715218486,0.0,False,1.0,-0.019984367152184827
latency_only,1,2026-06-24T20:17:38.755356+00:00,0x9c3ac652cc797ed5fdf7c5717c58c9ce007e9fabecc76e1454bf2d8db03c7150,BTC,YES,low,medium,medium,0.010000000000000026,0.0,0.02012579996792957,0.01562576677885171,0.0,False,1.0,-0.025751566746781255
latency_only,1,2026-06-24T20:17:48.756472+00:00,0x9c3ac652cc797ed5fdf7c5717c58c9ce007e9fabecc76e1454bf2d8db03c7150,BTC,YES,low,low,medium,0.04999999999999995,0.0,0.010088175057686936,0.007321646053483078,0.0,False,1.0,0.03259017888882993
latency_only,1,2026-06-24T20:18:06.756462+00:00,0x9c3ac652cc797ed5fdf7c5717c58c9ce007e9fabecc76e1454bf2d8db03c7150,BTC,YES,medium,medium,medium,-0.055000000000000035,0.0,0.022440701953821106,0.012014427278480297,0.0,False,1.0,-0.08945512923230144
latency_only,1,2026-06-24T20:18:34.759712+00:00,0x9c3ac652cc797ed5fdf7c5717c58c9ce007e9fabecc76e1454bf2d8db03c7150,BTC,YES,low,medium,medium,0.029999999999999933,0.0,0.004923819614919918,0.00796250210541948,0.0,False,1.0,0.01711367827966053
latency_only,1,2026-06-24T20:18:42.754973+00:00,0x9c3ac652cc797ed5fdf7c5717c58c9ce007e9fabecc76e1454bf2d8db03c7150,BTC,YES,low,high,medium,0.01500000000000003,0.0,0.0,0.05615565127844483,0.0,False,1.0,-0.041155651278444796
latency_only,1,2026-06-24T20:23:28.766404+00:00,0x664abf9e27ed69e80bbe4cc0517b8a125ca044c42ad3357a7c7af2ed9436c74e,SOL,NO,low,medium,medium,0.09999999999999999,0.0,0.019942540262867105,0.015429381783742709,0.0,False,1.0,0.06462807795339018
latency_only,1,2026-06-24T20:31:42.764262+00:00,0x4dd3a21158dc2341d429921b0f01d6ef1d5b1b88544a4e1166825c85360a31f3,SOL,YES,low,medium,medium,0.05000000000000006,0.0,0.0,0.0,0.0,False,1.0,0.05000000000000006
latency_only,1,2026-06-24T20:50:08.762751+00:00,0x8faf001f0cb0420fe9216e45664d43db363e1235986c35e425847671efe887b9,SOL,NO,low,medium,high,0.35,0.0,0.0,0.0,0.0,False,1.0,0.35
latency_only,1,2026-06-24T20:50:34.755582+00:00,0xb5b2cc6f7e364320387000357dcec77c8e290b19a91515fda9f1eba110a7206b,ETH,YES,low,medium,medium,-0.02,0.0,0.0,0.0,0.0,False,1.0,-0.02
latency_only,1,2026-06-24T20:50:58.754381+00:00,0x8faf001f0cb0420fe9216e45664d43db363e1235986c35e425847671efe887b9,SOL,YES,medium,medium,high,-0.39,0.0,0.0,0.0,0.0,False,1.0,-0.39
latency_only,1,2026-06-24T20:51:14.759775+00:00,0xa18f20c9d7af10ea829ba2117f462eed5781ccb83a3b11964e8464ea1bee0872,BTC,NO,medium,medium,high,0.010000000000000026,0.0,0.0,0.0,0.0,False,1.0,0.010000000000000026
latency_only,1,2026-06-24T20:51:18.756585+00:00,0xb5b2cc6f7e364320387000357dcec77c8e290b19a91515fda9f1eba110a7206b,ETH,NO,medium,medium,high,-0.02,0.0,0.0,0.0,0.0,False,1.0,-0.02
latency_only,1,2026-06-24T20:52:00.752541+00:00,0xa18f20c9d7af10ea829ba2117f462eed5781ccb83a3b11964e8464ea1bee0872,BTC,NO,medium,medium,medium,0.07499999999999997,0.0,0.0,0.019923227600310445,0.0,False,1.0,0.05507677239968953
latency_only,1,2026-06-24T21:05:24.762965+00:00,0xaa2029eae1454eff4dd2950180ce1a61bf2cc891c5bac51d9e0a15f22cddbee9,BTC,NO,low,medium,medium,-0.06000000000000004,0.0,0.0,0.04058147042107467,0.0,False,1.0,-0.10058147042107471
latency_only,1,2026-06-24T21:06:00.760134+00:00,0xaa2029eae1454eff4dd2950180ce1a61bf2cc891c5bac51d9e0a15f22cddbee9,BTC,NO,low,medium,medium,-0.08500000000000006,0.0,0.0,0.036578625171799925,0.0,False,1.0,-0.12157862517179999
latency_only,1,2026-06-24T21:06:02.752654+00:00,0xaa2029eae1454eff4dd2950180ce1a61bf2cc891c5bac51d9e0a15f22cddbee9,BTC,NO,low,medium,medium,-0.09000000000000001,0.0,0.0,0.05298880563306768,0.0,False,1.0,-0.1429888056330677
latency_only,1,2026-06-24T21:17:38.763105+00:00,0x937f6ce7ec05a5cf598e814d8b21ca1b03831a607d67f7a737b4b455195b6347,ETH,YES,low,medium,medium,0.02999999999999999,0.0,0.060090161851692685,0.0,0.0,False,1.0,-0.030090161851692696
latency_only,1,2026-06-24T21:22:02.765156+00:00,0xc6ef5efefe52337535ef640dc5214f2cfca21f24db5da5f6461bb61b04d1757b,SOL,NO,medium,medium,medium,0.09999999999999994,0.0,0.0,0.0,0.0,False,1.0,0.09999999999999994
latency_only,1,2026-06-24T21:22:20.752241+00:00,0xc6ef5efefe52337535ef640dc5214f2cfca21f24db5da5f6461bb61b04d1757b,SOL,NO,low,medium,medium,-0.12000000000000004,0.0,0.0,0.08550118088723846,0.0,False,1.0,-0.2055011808872385
latency_only,1,2026-06-24T21:23:58.762346+00:00,0xc6ef5efefe52337535ef640dc5214f2cfca21f24db5da5f6461bb61b04d1757b,SOL,NO,medium,medium,medium,0.2849999999999999,0.0,0.08963211542324463,0.048949547766747876,0.0,False,1.0,0.14641833681000743
latency_only,1,2026-06-24T22:03:08.763973+00:00,0x8d3e7e3c36b3e5d1112c98d87518a00383581755190d5a55edc69c26749c1f59,ETH,NO,low,medium,medium,0.05,0.0,0.027342110994940085,0.01633563328990411,0.0,False,1.0,0.006322255715155808
latency_only,1,2026-06-25T00:06:46.764238+00:00,0xd65cb4f9d9b3cd9e0726c6723aaedeea6270e2b27f07e8d8d75fb866fc66efda,SOL,YES,medium,high,medium,0.365,0.0,0.0,0.3709531878348284,0.0,False,1.0,-0.0059531878348283995
latency_only,1,2026-06-25T02:56:12.762022+00:00,0xdc50528ddd95715389bece5e22c3924ab255ac03cc50a796d14fc1536f99e645,BTC,NO,low,medium,medium,0.14000000000000004,0.0,0.0,0.008713043920242147,0.0,False,1.0,0.1312869560797579
latency_only,1,2026-06-25T03:15:10.763656+00:00,0xd64b2ce5267698719de20d05b135368962c8a4f1835384f18f0605ccaac199d5,BTC,NO,medium,medium,medium,0.31999999999999995,0.0,0.014932386981331116,0.008741961042261529,0.0,False,1.0,0.2963256519764073
latency_only,1,2026-06-25T03:15:10.763656+00:00,0xe9b43bb6aa0a0aa923a5b7ea6e70758b5f517507971004160627be84bdb0dbe3,SOL,NO,medium,medium,medium,0.32999999999999996,0.0,0.0,0.008736977959826395,0.0,False,1.0,0.32126302204017354
latency_only,2,2026-06-25T20:08:34.804565+00:00,0xee90821efc94653c995d4583794da5c87e3c033a1e0a24f1f4ee824d2357c750,BTC,NO,low,medium,medium,-0.06000000000000004,0.0,0.0,0.023160665866694005,0.0,False,1.0,-0.08316066586669404
latency_only,2,2026-06-25T22:25:40.815254+00:00,0x42561c5c6f58ab741b19c250935435977309241d54a0c21753c74a382c8bf1ec,SOL,NO,low,high,medium,0.05500000000000001,0.0,0.0,0.16591198140186023,0.0,False,1.0,-0.11091198140186022
latency_only,2,2026-06-25T23:30:14.811724+00:00,0x78e6a3146dd778fc3150db6ba5f2fe3b701ff446bbaff21453236e84bee5434d,SOL,NO,medium,high,medium,0.039999999999999994,0.0,0.0,0.17110046708924972,0.0,False,1.0,-0.13110046708924972
latency_only,2,2026-06-25T23:37:52.815776+00:00,0x953e34839580df1f86da756ce29e11f3a83588f2d7c5a8b5146bbe13c3ad7f35,BTC,NO,low,medium,medium,0.38,0.0,0.06498568511514945,0.006107409488640929,0.0,False,1.0,0.30890690539620963
latency_only,2,2026-06-26T02:21:20.818691+00:00,0xe92b6aa7834be28be01989eb9239f7bc730eef595bb9081c81db7640532437a3,SOL,NO,low,medium,medium,0.020000000000000035,0.0,0.11429002127328672,0.050098083468240164,0.0,False,1.0,-0.14438810474152686
latency_only,2,2026-06-26T02:31:04.812637+00:00,0x0d8fce3554cb6a7e22dac3a088ee1b258895693bde0bdce58ef37a2d50eb0f3a,ETH,YES,low,medium,medium,0.035000000000000045,0.0,0.04236039397328602,0.01618273100478833,0.0,False,1.0,-0.0235431249780743
latency_only,2,2026-06-26T02:35:42.806769+00:00,0x136e15d4a85563899e310f043e14992b3ea9f163c94c722c836f29143ac271f4,ETH,NO,low,medium,medium,0.04000000000000005,0.0,0.0,0.026164475134764005,0.0,False,1.0,0.013835524865236044
latency_only,2,2026-06-26T02:40:48.805212+00:00,0x8e4bcd7de404304d78ffd6801cda6a969cd3550ebe3dbc28e4c0b8ff9938a14a,SOL,YES,low,medium,medium,0.13999999999999999,0.0,0.0,0.0,0.0,False,1.0,0.13999999999999999
latency_only,2,2026-06-26T02:51:38.817347+00:00,0xe508261496efeb201653b58e80e7f513fc39987412717485e6b55bb061579c69,ETH,NO,low,medium,medium,0.039999999999999994,0.0,0.029817506951012367,0.013275818904954625,0.0,False,1.0,-0.003093325855966998
latency_only,2,2026-06-26T02:51:56.806004+00:00,0xe508261496efeb201653b58e80e7f513fc39987412717485e6b55bb061579c69,ETH,NO,low,medium,medium,0.030000000000000044,0.0,0.0,0.018727100907988327,0.0,False,1.0,0.011272899092011717
latency_only,2,2026-06-26T02:52:32.804179+00:00,0xc3f03ff87f66c7f90f0170c31343b35b3d222c9592259bb603fe0832409a0fdf,BTC,NO,low,medium,medium,0.02999999999999999,0.0,0.0,0.055933160525828564,0.0,False,1.0,-0.025933160525828575
latency_only,2,2026-06-26T02:52:32.804179+00:00,0xe508261496efeb201653b58e80e7f513fc39987412717485e6b55bb061579c69,ETH,NO,low,medium,medium,0.06999999999999997,0.0,0.0,0.031124154465021814,0.0,False,1.0,0.03887584553497815
latency_only,2,2026-06-26T02:57:22.804967+00:00,0x26d1ef52a5ebf5babad8932669762730e15bd1a446a00e43d9be96da4efc83c4,ETH,NO,low,medium,medium,0.115,0.0,0.0,0.0,0.0,False,1.0,0.115
latency_only,2,2026-06-26T03:00:38.803974+00:00,0x63edaf8ffd40b636dc86e7c49b6296c604d4ea5caa43b031869f3147e21dd62b,SOL,YES,low,high,medium,-0.085,0.0,0.0,0.12989191869336358,0.0,False,1.0,-0.2148919186933636
latency_only,2,2026-06-26T03:01:24.814231+00:00,0xc358642287952e08f2fbbd5a90f7574d73a87685780ca454b0efda7e9e598cd4,ETH,NO,high,medium,medium,0.20500000000000004,0.0,0.0,0.006634324441651176,0.0,False,1.0,0.19836567555834886
latency_only,2,2026-06-26T03:03:32.816621+00:00,0x63edaf8ffd40b636dc86e7c49b6296c604d4ea5caa43b031869f3147e21dd62b,SOL,YES,low,medium,medium,0.19000000000000009,0.0,0.0,0.01267102707870649,0.0,False,1.0,0.1773289729212936
latency_only,2,2026-06-26T03:05:08.804343+00:00,0x45454c0281a47979043962ffc486828eaf366f6e60c61c60460810e7425f44a1,BTC,NO,low,medium,medium,0.059999999999999956,0.0,0.07512564701785959,0.03131857665441299,0.0,False,1.0,-0.046444223672272626
latency_only,2,2026-06-26T03:06:02.818025+00:00,0xa16a5cae23414513a2199fe036ffb3c48978064e3c53b7d9b2ae57ee97de8bff,ETH,NO,low,medium,medium,0.045,0.0,0.0,0.0,0.0,False,1.0,0.045
latency_only,2,2026-06-26T03:06:28.814788+00:00,0x200710e3e43d33b143ccd80d0a2e3a265017d2dc75281f8951b674131c3f26bb,SOL,NO,medium,high,medium,0.08499999999999998,0.0,0.10713328285585055,0.036381257689821755,0.0,False,1.0,-0.05851454054567233
latency_only,2,2026-06-26T03:16:38.807970+00:00,0x3fa0111e36690372aa90e248420ec855bd7c896e4868c9f32998c6f075384169,ETH,YES,low,medium,medium,0.11,0.0,0.0,0.006561199873437847,0.0,False,1.0,0.10343880012656215
latency_only,2,2026-06-26T03:32:26.818047+00:00,0x0b97e37bec2a876f4ff7b37c51c8895e26ea39d6e3a2d9cb9ddbe6b457ce8860,SOL,YES,high,high,medium,0.21000000000000005,0.0,0.09429375976736606,0.051631463958436735,0.0,False,1.0,0.06407477627419725
latency_only,2,2026-06-26T03:55:08.803525+00:00,0x4899182aad7398c555f2a57cd6737598b159c5e6aa63bb73b798e6026f8b0094,SOL,NO,medium,low,medium,0.07999999999999997,0.0,0.11786848860743782,0.056766136963805565,0.0,False,1.0,-0.09463462557124341
latency_only,2,2026-06-26T03:55:16.816237+00:00,0x4899182aad7398c555f2a57cd6737598b159c5e6aa63bb73b798e6026f8b0094,SOL,NO,low,low,medium,-0.08000000000000006,0.0,0.0,0.03357867037171088,0.0,False,1.0,-0.11357867037171093
latency_only,2,2026-06-26T03:57:48.804438+00:00,0x4899182aad7398c555f2a57cd6737598b159c5e6aa63bb73b798e6026f8b0094,SOL,NO,medium,high,medium,-0.055000000000000035,0.0,0.1232745108927387,0.06366313167549245,0.0,False,1.0,-0.2419376425682312
latency_only,2,2026-06-26T03:57:58.809960+00:00,0x4899182aad7398c555f2a57cd6737598b159c5e6aa63bb73b798e6026f8b0094,SOL,NO,low,high,medium,0.035000000000000045,0.0,0.012454507852108321,0.003314004693906862,0.0,False,1.0,0.019231487453984862
latency_only,2,2026-06-26T03:58:02.810248+00:00,0x4899182aad7398c555f2a57cd6737598b159c5e6aa63bb73b798e6026f8b0094,SOL,NO,medium,medium,medium,0.08999999999999998,0.0,0.0,0.019424960055526058,0.0,False,1.0,0.07057503994447392
latency_only,2,2026-06-26T03:58:28.812680+00:00,0x4899182aad7398c555f2a57cd6737598b159c5e6aa63bb73b798e6026f8b0094,SOL,NO,medium,medium,medium,0.059999999999999956,0.0,0.0,0.0,0.0,False,1.0,0.059999999999999956
latency_only,2,2026-06-26T04:00:06.817578+00:00,0xa931c0e10d5530f989373caa003629057063609e4005786b743bae537c217c34,SOL,NO,low,medium,medium,0.05499999999999995,0.0,0.037310782443772256,0.010055319163784613,0.0,False,1.0,0.007633898392443083
latency_only,2,2026-06-26T04:00:20.812413+00:00,0x63cab951a7245a6f73b6e5e26a09e371e2feeeecc1e604537033a6353bf3944e,BTC,NO,medium,medium,medium,0.06500000000000002,0.0,0.10953889584872856,0.03241433840679165,0.0,False,1.0,-0.0769532342555202
latency_only,2,2026-06-26T04:00:22.803330+00:00,0x63cab951a7245a6f73b6e5e26a09e371e2feeeecc1e604537033a6353bf3944e,BTC,NO,medium,medium,medium,0.14499999999999993,0.0,0.10327104243442725,0.056853964781053166,0.0,False,1.0,-0.015125007215480483
latency_only,2,2026-06-26T06:53:30.812574+00:00,0x4ff498fe655344b90bf7a5b904a79a24821ad4553fd49596772479324346a029,SOL,NO,medium,high,medium,0.024999999999999984,0.0,0.0,0.36776568895649164,0.0,False,1.0,-0.3427656889564917
latency_only,2,2026-06-26T06:53:32.804327+00:00,0x4ff498fe655344b90bf7a5b904a79a24821ad4553fd49596772479324346a029,SOL,NO,medium,medium,medium,-0.06999999999999999,0.0,0.3356116950163403,0.031272631445766565,0.0,False,1.0,-0.4368843264621069
latency_only,2,2026-06-26T07:05:48.811781+00:00,0x43005d0675491621f54ab6875a6c632e3ee1d0ec2022689ceef619343b23aa90,SOL,NO,low,medium,medium,0.029999999999999933,0.0,0.027446054203778728,0.006983665467498631,0.0,False,1.0,-0.0044297196712774255
latency_only,2,2026-06-26T07:06:38.804569+00:00,0x43005d0675491621f54ab6875a6c632e3ee1d0ec2022689ceef619343b23aa90,SOL,NO,low,medium,medium,-0.11000000000000003,0.0,0.0,0.06237670514165794,0.0,False,1.0,-0.17237670514165798
latency_only,2,2026-06-26T07:06:40.809802+00:00,0x43005d0675491621f54ab6875a6c632e3ee1d0ec2022689ceef619343b23aa90,SOL,NO,low,medium,medium,-0.059999999999999984,0.0,0.0,0.06271894089115826,0.0,False,1.0,-0.12271894089115824
latency_only,2,2026-06-26T07:08:32.818104+00:00,0x43005d0675491621f54ab6875a6c632e3ee1d0ec2022689ceef619343b23aa90,SOL,NO,low,medium,medium,-0.07000000000000005,0.0,0.05477656107445668,0.02086944566898535,0.0,False,1.0,-0.14564600674344208
latency_only,2,2026-06-26T07:40:34.806231+00:00,0xd26cee061a5b0d0f82fcb2457d5de1bb3334659b47dff621b8d511e56e10a868,BTC,NO,low,medium,medium,0.020000000000000035,0.0,0.0,0.04586077221535141,0.0,False,1.0,-0.025860772215351376
latency_only,2,2026-06-26T07:40:34.806231+00:00,0xc84d4d834953770775dc2fef52283e2d3ae621102db7672f438730406001fa49,ETH,NO,low,medium,medium,0.11,0.0,0.0,0.03855671455478411,0.0,False,1.0,0.07144328544521589
latency_only,2,2026-06-26T07:40:36.812020+00:00,0xd26cee061a5b0d0f82fcb2457d5de1bb3334659b47dff621b8d511e56e10a868,BTC,NO,low,medium,medium,0.019999999999999924,0.0,0.09231351154580553,0.02812878124269301,0.0,False,1.0,-0.10044229278849862
latency_only,2,2026-06-26T07:45:32.818637+00:00,0x7f26a6a9237c0ddf229911a7c90349ed1f8b495468cbf2c8182a92f7cfc7a0e8,ETH,YES,low,medium,medium,0.06000000000000001,0.0,0.0,0.0,0.0,False,1.0,0.06000000000000001
latency_only,2,2026-06-26T07:45:38.808508+00:00,0x7f26a6a9237c0ddf229911a7c90349ed1f8b495468cbf2c8182a92f7cfc7a0e8,ETH,YES,low,medium,medium,0.039999999999999994,0.0,0.0,0.07083026440713369,0.0,False,1.0,-0.030830264407133698
latency_only,2,2026-06-26T08:00:30.814345+00:00,0xe6a382ea25b9a95e964f4832e995c5e02cc31115908a9ef32975a67d8f3ede20,SOL,NO,low,medium,medium,0.10499999999999994,0.0,0.0,0.0,0.0,False,1.0,0.10499999999999994
latency_only,3,2026-07-01T21:38:34.364551+00:00,0xccddd1603d20c4477f2ac4e9f226747d540c9f0fe9ebc85b76cbdd992afa90a5,SOL,YES,low,medium,low,0.18999999999999997,0.0,0.0,0.0,0.0,False,1.0,0.18999999999999997
latency_only,3,2026-07-01T21:40:16.374459+00:00,0x1e62581fd9a1f2400a72b0ace91b1149d1dd03a3202a315563efea9499e0e23b,BTC,YES,low,medium,low,0.05000000000000006,0.0,0.0,0.004735415551305274,0.0,False,1.0,0.045264584448694786
latency_only,3,2026-07-01T21:40:22.365273+00:00,0x4c09abece310efe0c502e2b081a875d0020f5b30af3c45f19145efd6b791df0b,ETH,YES,medium,medium,low,0.06500000000000002,0.0,0.015060417247856646,0.004692303988854462,0.0,False,1.0,0.045247278763288906
latency_only,3,2026-07-01T21:40:22.365273+00:00,0x2729a97dbed765fa7f38618dc0399548892a2600fac0138be2d913602762d5e7,SOL,YES,low,medium,low,0.039999999999999994,0.0,0.0,0.0,0.0,False,1.0,0.039999999999999994
latency_only,3,2026-07-01T21:40:24.371334+00:00,0x2729a97dbed765fa7f38618dc0399548892a2600fac0138be2d913602762d5e7,SOL,YES,low,medium,low,0.08999999999999998,0.0,0.08963771259744661,0.029570396912157706,0.0,False,1.0,-0.029208109509604337
latency_only,3,2026-07-01T21:41:12.371170+00:00,0x2729a97dbed765fa7f38618dc0399548892a2600fac0138be2d913602762d5e7,SOL,YES,low,medium,low,0.04000000000000005,0.0,0.0,0.009844339194549087,0.0,False,1.0,0.030155660805450964
latency_only,3,2026-07-01T21:41:40.369327+00:00,0x2729a97dbed765fa7f38618dc0399548892a2600fac0138be2d913602762d5e7,SOL,YES,low,medium,low,-0.059999999999999984,0.0,0.009891376354623598,0.00955535840737257,0.0,False,1.0,-0.07944673476199615
latency_only,3,2026-07-01T21:41:46.372488+00:00,0x2729a97dbed765fa7f38618dc0399548892a2600fac0138be2d913602762d5e7,SOL,YES,low,medium,low,0.039999999999999994,0.0,0.0,0.019130738821696507,0.0,False,1.0,0.020869261178303487
latency_only,3,2026-07-01T21:42:04.370096+00:00,0x2729a97dbed765fa7f38618dc0399548892a2600fac0138be2d913602762d5e7,SOL,YES,low,low,low,-0.07500000000000005,0.0,0.0,0.06718663446543988,0.0,False,1.0,-0.14218663446543994
latency_only,3,2026-07-01T21:43:34.364596+00:00,0x4c09abece310efe0c502e2b081a875d0020f5b30af3c45f19145efd6b791df0b,ETH,YES,low,medium,low,0.010000000000000026,0.0,0.0,0.0,0.0,False,1.0,0.010000000000000026
latency_only,3,2026-07-01T21:43:36.369953+00:00,0x4c09abece310efe0c502e2b081a875d0020f5b30af3c45f19145efd6b791df0b,ETH,YES,low,medium,low,0.01999999999999998,0.0,0.044839826353069163,0.014884778620465097,0.0,False,1.0,-0.03972460497353428
latency_only,3,2026-07-01T21:43:40.367946+00:00,0x4c09abece310efe0c502e2b081a875d0020f5b30af3c45f19145efd6b791df0b,ETH,YES,low,medium,low,0.039999999999999994,0.0,0.060310539225813475,0.018892441501520363,0.0,False,1.0,-0.039202980727333844
latency_only,3,2026-07-01T21:52:36.373289+00:00,0x0dcd227003d8b96eb66b8db71c3ef9f315a3aae8716e4d49d11b359a8b6c27fa,ETH,YES,low,low,low,0.3499999999999999,0.0,0.05978003869597891,0.019758376638853423,0.0,False,1.0,0.27046158466516756
latency_only,3,2026-07-01T22:25:06.371629+00:00,0x3eadf4ee01511b615676265099963fabcf242d0d9e7b7e4b982686e0262ce98b,ETH,YES,low,medium,medium,0.020000000000000035,0.0,0.0,0.0,0.0,False,1.0,0.020000000000000035
latency_only,3,2026-07-01T22:25:44.366323+00:00,0x2b139d670d2706c6264dad011bc4e96df04633695a4fc75b669830f39f6693ce,BTC,NO,low,medium,medium,0.020000000000000035,0.0,0.0,0.002816349645133338,0.0,False,1.0,0.017183650354866697
latency_only,3,2026-07-01T22:25:46.373589+00:00,0x2b139d670d2706c6264dad011bc4e96df04633695a4fc75b669830f39f6693ce,BTC,NO,low,medium,low,0.020000000000000035,0.0,0.0572266071115414,0.018867344935848053,0.0,False,1.0,-0.05609395204738942
latency_only,3,2026-07-01T22:25:48.363737+00:00,0x2b139d670d2706c6264dad011bc4e96df04633695a4fc75b669830f39f6693ce,BTC,NO,low,low,low,0.03999999999999994,0.0,0.040370268637060724,0.020046117173195176,0.0,False,1.0,-0.02041638581025596
latency_only,3,2026-07-01T22:25:50.368975+00:00,0x2b139d670d2706c6264dad011bc4e96df04633695a4fc75b669830f39f6693ce,BTC,NO,medium,low,medium,-0.05999999999999993,0.0,0.06964023973745181,0.030115751845915546,0.0,False,1.0,-0.1597559915833673
latency_only,3,2026-07-01T22:25:56.371175+00:00,0x2b139d670d2706c6264dad011bc4e96df04633695a4fc75b669830f39f6693ce,BTC,NO,medium,medium,medium,0.019999999999999924,0.0,0.0,0.005010623891785941,0.0,False,1.0,0.014989376108213983
latency_only,3,2026-07-01T22:25:58.364472+00:00,0x071de439b9cfba5f3b67356a7c3b0685206f6f943a789b6467311d34691aa135,SOL,NO,low,medium,low,0.010000000000000026,0.0,0.07533655973808083,0.023898495808702888,0.0,False,1.0,-0.0892350555467837
latency_only,3,2026-07-01T22:26:00.369709+00:00,0x2b139d670d2706c6264dad011bc4e96df04633695a4fc75b669830f39f6693ce,BTC,NO,medium,low,medium,0.02500000000000004,0.0,0.0,0.005070994101944064,0.0,False,1.0,0.019929005898055976
latency_only,3,2026-07-01T22:31:02.362104+00:00,0x5330f3288d309b2bb246086f6cf4d139e782acd5b44784839259604ae5e9f369,BTC,NO,low,low,low,0.05500000000000001,0.0,0.012589367114592596,0.005006176390064531,0.0,False,1.0,0.03740445649534288
latency_only,3,2026-07-01T22:31:16.364882+00:00,0x5330f3288d309b2bb246086f6cf4d139e782acd5b44784839259604ae5e9f369,BTC,NO,low,medium,low,0.03499999999999999,0.0,0.027649480494175486,0.011709214505298274,0.0,False,1.0,-0.004358694999473771
latency_only,3,2026-07-01T22:31:16.364882+00:00,0x8145a3bfddc61cdf01d45026aed596f0878c260884e8315caa000f5e42143a61,ETH,NO,low,medium,low,0.039999999999999994,0.0,0.010119190319379452,0.009257042271179428,0.0,False,1.0,0.020623767409441114
latency_only,3,2026-07-01T22:31:18.370517+00:00,0x5330f3288d309b2bb246086f6cf4d139e782acd5b44784839259604ae5e9f369,BTC,NO,low,medium,medium,0.010000000000000026,0.0,0.06968896357393999,0.02810168226023182,0.0,False,1.0,-0.08779064583417179
latency_only,3,2026-07-01T22:31:20.361313+00:00,0x8145a3bfddc61cdf01d45026aed596f0878c260884e8315caa000f5e42143a61,ETH,NO,low,medium,low,-0.05000000000000003,0.0,0.05035228257071363,0.02003533260062811,0.0,False,1.0,-0.12038761517134176
latency_only,3,2026-07-01T22:31:22.369278+00:00,0x8145a3bfddc61cdf01d45026aed596f0878c260884e8315caa000f5e42143a61,ETH,NO,low,medium,low,-0.08999999999999996,0.0,0.0,0.01323188900204935,0.0,False,1.0,-0.1032318890020493
latency_only,3,2026-07-01T22:31:34.363478+00:00,0x5330f3288d309b2bb246086f6cf4d139e782acd5b44784839259604ae5e9f369,BTC,NO,low,medium,low,0.030000000000000044,0.0,0.0,0.004558722829808468,0.0,False,1.0,0.025441277170191574
latency_only,3,2026-07-01T22:32:00.371088+00:00,0x26690f30c8250f214c3c585bafacecfe21ca18c719caac4709c063c6d47267b4,SOL,NO,low,medium,medium,0.045,0.0,0.0,0.023322525800677597,0.0,False,1.0,0.0216774741993224
latency_only,3,2026-07-01T22:32:02.361988+00:00,0x26690f30c8250f214c3c585bafacecfe21ca18c719caac4709c063c6d47267b4,SOL,NO,low,medium,medium,0.020000000000000035,0.0,0.11062018453184187,0.032909543422572685,0.0,False,1.0,-0.12352972795441453
latency_only,3,2026-07-01T22:32:06.360504+00:00,0x26690f30c8250f214c3c585bafacecfe21ca18c719caac4709c063c6d47267b4,SOL,NO,low,high,medium,-0.05000000000000003,0.0,0.050327447750196985,0.0177624940659937,0.0,False,1.0,-0.11808994181619072
latency_only,3,2026-07-01T22:32:10.374054+00:00,0x26690f30c8250f214c3c585bafacecfe21ca18c719caac4709c063c6d47267b4,SOL,NO,low,medium,low,-0.13999999999999999,0.0,0.0,0.023052236263210745,0.0,False,1.0,-0.16305223626321072
latency_only,3,2026-07-01T22:32:18.369405+00:00,0x8145a3bfddc61cdf01d45026aed596f0878c260884e8315caa000f5e42143a61,ETH,NO,low,medium,medium,0.059999999999999956,0.0,0.07997413183927884,0.005009498428147263,0.0,False,1.0,-0.02498363026742615
latency_only,3,2026-07-01T22:32:22.368939+00:00,0x5330f3288d309b2bb246086f6cf4d139e782acd5b44784839259604ae5e9f369,BTC,NO,low,medium,medium,0.010000000000000026,0.0,0.03507478105977715,0.0050900583580568625,0.0,False,1.0,-0.030164839417833985
latency_only,3,2026-07-01T22:32:28.372665+00:00,0x8145a3bfddc61cdf01d45026aed596f0878c260884e8315caa000f5e42143a61,ETH,NO,low,medium,low,-0.09500000000000001,0.0,0.0,0.019598945442967263,0.0,False,1.0,-0.11459894544296728
latency_only,3,2026-07-01T22:32:54.365688+00:00,0x8145a3bfddc61cdf01d45026aed596f0878c260884e8315caa000f5e42143a61,ETH,NO,low,medium,low,0.05,0.0,0.0,0.015038974818589766,0.0,False,1.0,0.03496102518141024
latency_only,3,2026-07-01T22:33:02.361345+00:00,0x5330f3288d309b2bb246086f6cf4d139e782acd5b44784839259604ae5e9f369,BTC,NO,medium,medium,medium,0.13000000000000003,0.0,0.005008310641103402,0.0,0.0,False,1.0,0.12499168935889662
latency_only,3,2026-07-01T22:33:02.361345+00:00,0x8145a3bfddc61cdf01d45026aed596f0878c260884e8315caa000f5e42143a61,ETH,NO,low,medium,low,0.09999999999999999,0.0,0.0,0.014802179949030379,0.0,False,1.0,0.08519782005096961
latency_only,3,2026-07-01T22:33:02.361345+00:00,0x26690f30c8250f214c3c585bafacecfe21ca18c719caac4709c063c6d47267b4,SOL,NO,low,medium,low,0.07500000000000002,0.0,0.0,0.017576906576268342,0.0,False,1.0,0.05742309342373168
latency_only,3,2026-07-01T22:33:04.368866+00:00,0x26690f30c8250f214c3c585bafacecfe21ca18c719caac4709c063c6d47267b4,SOL,NO,low,medium,low,0.05,0.0,0.1593056414823209,0.04502375566681493,0.0,False,1.0,-0.15432939714913582
latency_only,3,2026-07-01T22:33:20.375116+00:00,0x5330f3288d309b2bb246086f6cf4d139e782acd5b44784839259604ae5e9f369,BTC,NO,low,medium,low,0.03999999999999994,0.0,0.0,0.04979572307976153,0.0,False,1.0,-0.009795723079761592
latency_only,3,2026-07-01T22:33:22.368132+00:00,0x26690f30c8250f214c3c585bafacecfe21ca18c719caac4709c063c6d47267b4,SOL,NO,medium,medium,low,0.22000000000000006,0.0,0.04003178341819079,0.0,0.0,False,1.0,0.17996821658180928
latency_only,3,2026-07-01T22:33:58.367410+00:00,0x26690f30c8250f214c3c585bafacecfe21ca18c719caac4709c063c6d47267b4,SOL,NO,low,medium,low,-0.12999999999999998,0.0,0.0,0.041344775204407526,0.0,False,1.0,-0.1713447752044075
latency_only,3,2026-07-01T22:36:04.365503+00:00,0x06bf7937a18769d86039ea4ed35e5e8edd2a5c73d2ee04faffe90363450f8e3c,SOL,YES,low,medium,low,0.12499999999999996,0.0,0.0,0.004787945885383509,0.0,False,1.0,0.12021205411461645
latency_only,3,2026-07-01T23:41:58.370401+00:00,0x8d22580ded9a1c9bb43a9581787566efeccc0dff2ba6843eef73d5789b5ad805,SOL,NO,low,low,medium,0.29,0.0,0.0,0.00502219938550069,0.0,False,1.0,0.2849778006144993
latency_only,3,2026-07-02T00:15:04.370549+00:00,0xa961035fe332ff6a397489f4b23cb720ae57b84d866a526858b47a7300270c12,SOL,YES,low,medium,medium,0.06999999999999997,0.0,0.0,0.007684620716820789,0.0,False,1.0,0.06231537928317918
latency_only,3,2026-07-02T00:36:00.373439+00:00,0x0b7afa9b0852f4da0eb237bf817bcb7f8aef5e68dd95d52baba20abc06c16376,SOL,YES,low,medium,medium,0.010000000000000026,0.0,0.0,0.0052279007280639925,0.0,False,1.0,0.004772099271936034
latency_only,3,2026-07-02T02:22:40.364603+00:00,0x8388cdf918fa7cb09ae4a5325b4c5f307e17be11af5350e73ae08cf56bb4fece,ETH,NO,low,medium,medium,0.059999999999999956,0.0,0.0,0.04068585543559998,0.0,False,1.0,0.019314144564399977
latency_only,3,2026-07-02T02:30:34.366427+00:00,0xb3e27db391946f1a5ab1d3c3b4a5b8c59d663d3684d960d98f37b7def0df3075,ETH,NO,low,low,medium,0.039999999999999994,0.0,0.0,0.04599564094948938,0.0,False,1.0,-0.005995640949489386
latency_only,3,2026-07-02T02:30:38.363447+00:00,0xb3e27db391946f1a5ab1d3c3b4a5b8c59d663d3684d960d98f37b7def0df3075,ETH,NO,low,medium,medium,0.030000000000000044,0.0,0.07045684590843539,0.026980154875058164,0.0,False,1.0,-0.06743700078349352
latency_only,3,2026-07-02T03:06:42.363431+00:00,0xd97c09881b1dc40d77cafc681e2b0b8577f654e19c6a1a83914d678d7f9bdf2c,SOL,YES,low,medium,medium,0.059999999999999956,0.0,0.0,0.08690015255733209,0.0,False,1.0,-0.026900152557332135
latency_only,3,2026-07-02T03:38:34.375507+00:00,0xd69c5b7ce1b66fe7745e070b544d04de2517e4b2093ff8309c5573bb8b38ce57,SOL,YES,low,medium,medium,0.13999999999999999,0.0,0.054717287639259544,0.02652986519910464,0.0,False,1.0,0.05875284716163581
latency_only,3,2026-07-02T03:50:04.372378+00:00,0xcd593facad3a6092d5974b7ee969c8f3ff778c58031a7baac893ebf627d14b9d,ETH,YES,high,medium,medium,0.24000000000000002,0.0,0.0,0.0,0.0,False,1.0,0.24000000000000002
latency_only,3,2026-07-02T03:58:18.368322+00:00,0x947e5ddb9a353ecb65bc2faa7bce21ded36808053545239573a7c43756401557,SOL,NO,low,medium,medium,0.059999999999999956,0.0,0.059706287406136094,0.027710568573911343,0.0,False,1.0,-0.02741685598004748
latency_only,3,2026-07-02T04:22:28.365589+00:00,0x8552d47c45da4f6202022c51d4d7ff51b0064f2cd42e482f6fc524d37f7ed891,SOL,NO,low,medium,medium,0.08999999999999998,0.0,0.0,0.01086734455769393,0.0,False,1.0,0.07913265544230605
latency_only,3,2026-07-02T06:11:32.366824+00:00,0xbd4e2fd8dfbdf679456a5c936fa4db4595434055fa7990b727e863efdb73d6fe,SOL,YES,low,medium,medium,0.09999999999999999,0.0,0.0,0.07204224140724914,0.0,False,1.0,0.027957758592750848
latency_only,3,2026-07-02T07:55:46.373480+00:00,0x80bb349ee2b85081e290db4561ebb007ca2a8b5721eec05ce98488d10dbdc84f,ETH,NO,low,medium,medium,-0.07000000000000005,0.0,0.0,0.028303762919663234,0.0,False,1.0,-0.09830376291966328
latency_only,3,2026-07-02T07:57:42.360831+00:00,0xf9f5ce604030e965827e405652c34595fca9803264f266f106ead15d7fbb64ac,BTC,YES,low,medium,medium,-0.17,0.0,0.0,0.11416837025230646,0.0,False,1.0,-0.28416837025230646
latency_only,3,2026-07-02T07:57:44.366499+00:00,0xf9f5ce604030e965827e405652c34595fca9803264f266f106ead15d7fbb64ac,BTC,YES,low,high,medium,0.08499999999999998,0.0,0.0,0.0852022493254118,0.0,False,1.0,-0.00020224932541182405
latency_only,3,2026-07-02T08:08:54.370330+00:00,0x217a508e23290f5918a6837d836f77a3f88255f2e4fe43a9a2cce242409a7db6,ETH,YES,low,medium,high,-0.02,0.0,0.0,0.0,0.0,False,1.0,-0.02
latency_only,3,2026-07-02T08:31:14.363819+00:00,0x5d2ccbd18015d1eb9a97902f684b591555d9a4ff0610ff201c2f1f8538a929b1,SOL,YES,low,medium,medium,0.01999999999999998,0.0,0.15089841540279775,0.060013555552653725,0.0,False,1.0,-0.19091197095545148
latency_only,3,2026-07-02T08:31:18.364598+00:00,0x5d2ccbd18015d1eb9a97902f684b591555d9a4ff0610ff201c2f1f8538a929b1,SOL,YES,low,medium,medium,0.09500000000000004,0.0,0.020180958682436946,0.012096304461915872,0.0,False,1.0,0.06272273685564722
latency_only,3,2026-07-02T09:00:24.371490+00:00,0x96ddd482cd2ee1a173dbde4538ed2007620845c0e462dbfcc969d36209beb1ce,SOL,NO,low,medium,medium,-0.059999999999999984,0.0,0.0,0.041973652815116905,0.0,False,1.0,-0.10197365281511689
latency_only,3,2026-07-02T09:00:34.362867+00:00,0x96ddd482cd2ee1a173dbde4538ed2007620845c0e462dbfcc969d36209beb1ce,SOL,NO,low,medium,medium,0.09999999999999994,0.0,0.0,0.020410041436949133,0.0,False,1.0,0.0795899585630508
latency_only,3,2026-07-02T09:00:48.368690+00:00,0x96ddd482cd2ee1a173dbde4538ed2007620845c0e462dbfcc969d36209beb1ce,SOL,NO,low,high,medium,0.04499999999999994,0.0,0.0,0.0358577880803414,0.0,False,1.0,0.009142211919658541
latency_only,3,2026-07-02T09:00:52.369633+00:00,0x96ddd482cd2ee1a173dbde4538ed2007620845c0e462dbfcc969d36209beb1ce,SOL,NO,low,medium,medium,0.04999999999999995,0.0,0.0,0.04773891162716117,0.0,False,1.0,0.002261088372838775
latency_only,3,2026-07-02T09:01:04.370531+00:00,0x96ddd482cd2ee1a173dbde4538ed2007620845c0e462dbfcc969d36209beb1ce,SOL,NO,low,medium,medium,0.010000000000000026,0.0,0.0,0.05108266296727142,0.0,False,1.0,-0.041082662967271394
latency_only,3,2026-07-02T09:01:06.361857+00:00,0x96ddd482cd2ee1a173dbde4538ed2007620845c0e462dbfcc969d36209beb1ce,SOL,NO,low,medium,medium,0.010000000000000026,0.0,0.09025569737942363,0.017956806168352157,0.0,False,1.0,-0.09821250354777576
latency_only,3,2026-07-02T09:10:36.374495+00:00,0xbe2fec169e982831aa0a3f5a98442f7e0793c4af803bb920266ae6a7d43b3101,SOL,YES,low,medium,medium,-0.06999999999999999,0.0,0.0,0.06316544698573705,0.0,False,1.0,-0.13316544698573704
latency_only,3,2026-07-02T09:11:08.370966+00:00,0xbe2fec169e982831aa0a3f5a98442f7e0793c4af803bb920266ae6a7d43b3101,SOL,YES,low,medium,medium,0.010000000000000026,0.0,0.0,0.005912246252075677,0.0,False,1.0,0.00408775374792435
latency_only,3,2026-07-02T09:26:52.371394+00:00,0xe41189d0cceabac9697f126f3ff12806192b7fb894edecb0106a0cc6738db731,ETH,YES,low,medium,medium,0.30999999999999994,0.0,0.2393050292076379,0.04861582496176032,0.0,False,1.0,0.022079145830601714
latency_only,3,2026-07-02T09:35:10.366702+00:00,0x22928e0772859e6323b5722fc85857ebc2843ce5f3002b574d2bfdaa76aefda9,SOL,YES,low,medium,medium,0.02999999999999999,0.0,0.030158989383541186,0.01738625309166361,0.0,False,1.0,-0.01754524247520481
latency_only,3,2026-07-02T09:55:44.372085+00:00,0x76314474e6d37d9996d64a209cef82a7d8ccbce36c7c87add2f24e7497a7816c,BTC,NO,low,high,medium,0.09999999999999999,0.0,0.059702016585434885,0.0270706121136911,0.0,False,1.0,0.013227371300874008
latency_only,3,2026-07-02T09:55:54.363634+00:00,0x1f1dd57c6e8f84731f3eca11a122596fc016822900b9a36563483ec6f84c36d4,SOL,NO,low,medium,medium,-0.08,0.0,0.06017068973626695,0.01204501173048803,0.0,False,1.0,-0.15221570146675498
latency_only,3,2026-07-02T09:56:18.361978+00:00,0x1f1dd57c6e8f84731f3eca11a122596fc016822900b9a36563483ec6f84c36d4,SOL,NO,low,medium,medium,0.035000000000000045,0.0,0.0,0.027493996895110267,0.0,False,1.0,0.007506003104889778
latency_only,3,2026-07-02T09:56:24.369489+00:00,0x1f1dd57c6e8f84731f3eca11a122596fc016822900b9a36563483ec6f84c36d4,SOL,NO,low,medium,medium,0.059999999999999956,0.0,0.009993690495997447,0.0,0.0,False,1.0,0.050006309504002505
latency_only,3,2026-07-02T09:56:42.365883+00:00,0x76314474e6d37d9996d64a209cef82a7d8ccbce36c7c87add2f24e7497a7816c,BTC,NO,low,medium,medium,0.03999999999999994,0.0,0.0,0.012169356433308184,0.0,False,1.0,0.027830643566691755
latency_only,3,2026-07-02T09:56:46.366917+00:00,0x76314474e6d37d9996d64a209cef82a7d8ccbce36c7c87add2f24e7497a7816c,BTC,NO,low,medium,medium,0.010000000000000026,0.0,0.050233202168900155,0.023796788574735134,0.0,False,1.0,-0.06402999074363526
latency_only,3,2026-07-02T09:58:16.363073+00:00,0x1f1dd57c6e8f84731f3eca11a122596fc016822900b9a36563483ec6f84c36d4,SOL,NO,low,medium,medium,0.03999999999999994,0.0,0.2358363243335072,0.09408636847843797,0.0,False,1.0,-0.28992269281194527
latency_only,3,2026-07-02T10:28:54.362470+00:00,0x5b8a5202ab816574a4572fb9d28ff7ada354d9668318b56a3644f04c39738f84,SOL,NO,low,medium,medium,0.04000000000000005,0.0,0.04531711058308344,0.024438102427477775,0.0,False,1.0,-0.02975521301056117
latency_only,3,2026-07-02T10:28:56.368829+00:00,0x5b8a5202ab816574a4572fb9d28ff7ada354d9668318b56a3644f04c39738f84,SOL,NO,low,medium,medium,0.01999999999999998,0.0,0.06960686900083225,0.036765538968848585,0.0,False,1.0,-0.08637240796968086
latency_only,3,2026-07-02T10:33:10.363766+00:00,0x6700add2442ac52e76696ea3dd458416e2e1d5ab9e770499a85347b7e866d616,SOL,YES,low,medium,medium,0.25,0.0,0.0,0.017721666965066173,0.0,False,1.0,0.23227833303493384
latency_only,3,2026-07-02T10:37:00.364893+00:00,0x465c10bb8102a8ec311965c7f7b77727b332f80e8cd87847b212b6350accd796,SOL,YES,medium,medium,medium,0.06500000000000002,0.0,0.0,0.012227360561790317,0.0,False,1.0,0.0527726394382097
latency_only,3,2026-07-02T10:40:18.374682+00:00,0xb6fcc6f9d2dd9571635233fc09a863999351b0fdcf8df2b3a54b65954c4156d0,SOL,NO,medium,medium,medium,0.06999999999999997,0.0,0.08469761032792605,0.024447440158779487,0.0,False,1.0,-0.03914505048670558
latency_only,3,2026-07-02T10:55:06.372034+00:00,0x88416fcd563a9ffe6e611423ab3340c17488dc22b7d96f92571269bffc042195,SOL,NO,low,medium,medium,0.01499999999999992,0.0,0.10703682120387445,0.03066440452342294,0.0,False,1.0,-0.12270122572729747
latency_only,3,2026-07-02T11:00:12.369501+00:00,0x7a3fd80678cd42bf2a8b58076455dbb4318bf9108db524760e8b4127b426fa76,SOL,NO,low,medium,medium,0.03999999999999994,0.0,0.0,0.02457837124137418,0.0,False,1.0,0.01542162875862576
latency_only,3,2026-07-02T11:10:20.365901+00:00,0xae1161ad8055f5b09cd7c8038ea97feb7f79f231202f647ce33f68cdce265897,SOL,YES,high,high,medium,0.215,0.0,0.02262093622201386,0.009246717333223534,0.0,False,1.0,0.18313234644476262
latency_only,3,2026-07-02T12:10:22.361984+00:00,0x8362eee619c3c068724b9acc69306f29dd57c5fb122ca23de731c60f166d74d8,SOL,NO,low,medium,medium,0.010000000000000026,0.0,0.04505159912400239,0.03086070218013548,0.0,False,1.0,-0.06591230130413785
latency_only,3,2026-07-02T12:10:26.361078+00:00,0x8362eee619c3c068724b9acc69306f29dd57c5fb122ca23de731c60f166d74d8,SOL,NO,low,medium,medium,-0.059999999999999984,0.0,0.0,0.018766957132048886,0.0,False,1.0,-0.07876695713204887
latency_only,3,2026-07-02T12:11:18.362800+00:00,0x8362eee619c3c068724b9acc69306f29dd57c5fb122ca23de731c60f166d74d8,SOL,NO,low,medium,medium,0.05,0.0,0.03265553226102498,0.011810492001764957,0.0,False,1.0,0.005533975737210066
latency_only,3,2026-07-02T12:12:22.363070+00:00,0x8362eee619c3c068724b9acc69306f29dd57c5fb122ca23de731c60f166d74d8,SOL,NO,low,medium,medium,0.030000000000000044,0.0,0.0,0.06253642004840292,0.0,False,1.0,-0.032536420048402875
latency_only,3,2026-07-02T12:13:38.365899+00:00,0x8362eee619c3c068724b9acc69306f29dd57c5fb122ca23de731c60f166d74d8,SOL,NO,medium,high,medium,0.23500000000000001,0.0,0.0,0.1909440370967346,0.0,False,1.0,0.04405596290326541
latency_only,3,2026-07-02T12:20:04.364161+00:00,0x94bb631dd01221e07f00ab03feccab66c46ce389a1e7d203fe282aa6d209c589,SOL,YES,low,medium,medium,0.029999999999999933,0.0,0.0,0.0,0.0,False,1.0,0.029999999999999933
latency_only,3,2026-07-02T12:30:04.364786+00:00,0x9215a5c313d78c2a336728a748b73687bc826021a656e9a0d76746f2f5023043,BTC,YES,high,medium,medium,0.265,0.0,0.0,0.0,0.0,False,1.0,0.265
latency_only,3,2026-07-02T12:30:16.366322+00:00,0xfdd4d7f9eadc398c0df23a59aadb9ee61a56855c54b6ac9520602a5973e42087,SOL,YES,low,high,medium,-0.13999999999999999,0.0,0.0,0.1453434659761012,0.0,False,1.0,-0.28534346597610116
latency_only,3,2026-07-02T12:30:20.366935+00:00,0xfdd4d7f9eadc398c0df23a59aadb9ee61a56855c54b6ac9520602a5973e42087,SOL,YES,low,high,medium,0.02999999999999999,0.0,0.0,0.0754090913882128,0.0,False,1.0,-0.04540909138821282
latency_only,3,2026-07-02T12:30:22.364919+00:00,0xfdd4d7f9eadc398c0df23a59aadb9ee61a56855c54b6ac9520602a5973e42087,SOL,YES,low,medium,medium,-0.13999999999999999,0.0,0.13539416995773418,0.0302169461817512,0.0,False,1.0,-0.30561111613948533
latency_only,3,2026-07-02T12:30:36.362455+00:00,0xfdd4d7f9eadc398c0df23a59aadb9ee61a56855c54b6ac9520602a5973e42087,SOL,YES,low,medium,medium,0.12999999999999998,0.0,0.0,0.003137392263562267,0.0,False,1.0,0.1268626077364377
latency_only,3,2026-07-02T12:31:22.373383+00:00,0x988287eee8e697b0d1d2625d38528f0175f8d3b585148a236428390c8e5bd7a0,ETH,NO,low,medium,medium,0.034999999999999934,0.0,0.0,0.03895953440417027,0.0,False,1.0,-0.003959534404170337
latency_only,3,2026-07-02T12:31:28.373272+00:00,0x9215a5c313d78c2a336728a748b73687bc826021a656e9a0d76746f2f5023043,BTC,NO,low,high,medium,0.05500000000000001,0.0,0.2179049051431154,0.10852115122578287,0.0,False,1.0,-0.27142605636889827
latency_only,3,2026-07-02T12:33:18.366598+00:00,0x9215a5c313d78c2a336728a748b73687bc826021a656e9a0d76746f2f5023043,BTC,NO,low,medium,medium,0.08999999999999998,0.0,0.0,0.006294863742550015,0.0,False,1.0,0.08370513625744996
latency_only,3,2026-07-02T12:40:48.374599+00:00,0xb38f8c90a79ba7fb9e3926511611e2a97e69f95d8567e5459f176624c5d78e7e,SOL,YES,low,medium,medium,0.04999999999999995,0.0,0.0,0.0,0.0,False,1.0,0.04999999999999995
latency_only,3,2026-07-02T13:01:06.370199+00:00,0xfdc8ee5a5355786246c8c350b1b6d392d7b0b20b2f4112d995400e6d41587033,BTC,NO,low,medium,medium,0.08499999999999998,0.0,0.0,0.0,0.0,False,1.0,0.08499999999999998
latency_only,3,2026-07-02T13:01:06.370199+00:00,0x7da2825f125571140c598bebdc47a2efcc90d5bbe3f36da9ed64a66a0758a57e,ETH,NO,low,low,medium,0.06499999999999996,0.0,0.029828247021419507,0.012566744364578093,0.0,False,1.0,0.02260500861400236
latency_only,3,2026-07-02T13:05:14.362350+00:00,0x7b81aecfe918b4400a38bb7e82faf16214e86526a59365a1a1f57891d5e02184,SOL,YES,low,medium,medium,0.12000000000000001,0.0,0.004997082211949127,0.0,0.0,False,1.0,0.11500291778805088
latency_only,3,2026-07-02T13:10:08.372139+00:00,0x0b7e0ca6f5af7203bbc20de90e6a874b459992dfe7ec7d26ca84605690a8971f,SOL,NO,low,medium,medium,0.05499999999999995,0.0,0.014923428284857453,0.00634593468925046,0.0,False,1.0,0.03373063702589204
latency_only,3,2026-07-02T13:26:26.363015+00:00,0xabaf563b7f6a9dc2645946d31ce8af8645de6d2409cef51803fb0999c9061f3e,ETH,NO,low,medium,medium,-0.08,0.0,0.30051378900532505,0.14748128045540831,0.0,False,1.0,-0.5279950694607334
latency_only,3,2026-07-02T13:26:28.373900+00:00,0xabaf563b7f6a9dc2645946d31ce8af8645de6d2409cef51803fb0999c9061f3e,ETH,NO,low,medium,medium,0.11999999999999995,0.0,0.0,0.03747454478998056,0.0,False,1.0,0.08252545521001939
latency_only,3,2026-07-02T13:32:06.370617+00:00,0xbfdaa1afb46e82ff47ba344bc098d1ae028cd939a030c6672402ca1475988d70,ETH,NO,low,medium,medium,0.02,0.0,0.004992180966239125,0.0,0.0,False,1.0,0.015007819033760875
latency_only,3,2026-07-02T13:32:14.374959+00:00,0xbfdaa1afb46e82ff47ba344bc098d1ae028cd939a030c6672402ca1475988d70,ETH,NO,high,medium,medium,-0.04000000000000001,0.0,0.0,0.012734011761096755,0.0,False,1.0,-0.052734011761096766
latency_only,3,2026-07-02T13:33:40.375151+00:00,0xbfdaa1afb46e82ff47ba344bc098d1ae028cd939a030c6672402ca1475988d70,ETH,YES,low,medium,high,-0.02,0.0,0.0,0.0,0.0,False,1.0,-0.02
latency_only,3,2026-07-02T13:35:10.368025+00:00,0x7798cca819d8b656cf9130a5ea5d871975f4227bea6b3d22ec3b1b6de4584fc0,BTC,NO,medium,medium,medium,0.14499999999999993,0.0,0.0,0.0063189965362509684,0.0,False,1.0,0.13868100346374895
latency_only,3,2026-07-02T13:37:02.366507+00:00,0xcd4afc8eb6c83c8d8dada852de775b7cc1e7cfaf722f03972c1d93abc1d9cf09,ETH,YES,low,medium,medium,-0.05499999999999998,0.0,0.16303894405195649,0.06675600653891617,0.0,False,1.0,-0.2847949505908726
latency_only,3,2026-07-02T13:37:06.370427+00:00,0x7798cca819d8b656cf9130a5ea5d871975f4227bea6b3d22ec3b1b6de4584fc0,BTC,NO,low,medium,medium,0.06499999999999996,0.0,0.0,0.0,0.0,False,1.0,0.06499999999999996
latency_only,3,2026-07-02T13:37:14.375069+00:00,0x7798cca819d8b656cf9130a5ea5d871975f4227bea6b3d22ec3b1b6de4584fc0,BTC,NO,low,medium,medium,0.07499999999999997,0.0,0.0,0.03830837612115719,0.0,False,1.0,0.03669162387884278
latency_only,3,2026-07-02T13:45:04.364924+00:00,0x6b9167a59028831cc69fc27a631ba5f99da00742fcac16501ddd54b155929c85,ETH,YES,medium,medium,medium,0.014999999999999975,0.0,0.0,0.021660354193393183,0.0,False,1.0,-0.006660354193393208
latency_only,3,2026-07-02T13:45:08.364326+00:00,0x6b9167a59028831cc69fc27a631ba5f99da00742fcac16501ddd54b155929c85,ETH,YES,low,medium,medium,0.02999999999999999,0.0,0.0,0.0480555706147986,0.0,False,1.0,-0.01805557061479861
latency_only,3,2026-07-02T13:45:12.367704+00:00,0x6b9167a59028831cc69fc27a631ba5f99da00742fcac16501ddd54b155929c85,ETH,YES,low,medium,medium,-0.055000000000000035,0.0,0.03480881460554006,0.019146122773563857,0.0,False,1.0,-0.10895493737910396
latency_only,3,2026-07-02T13:46:08.369291+00:00,0x6b9167a59028831cc69fc27a631ba5f99da00742fcac16501ddd54b155929c85,ETH,YES,low,medium,medium,0.02999999999999999,0.0,0.06954824507520056,0.04147568940999678,0.0,False,1.0,-0.08102393448519736
latency_only,3,2026-07-02T13:46:10.366715+00:00,0x165f83111bc6b855ddff03cee955479de1945e82de0c22a4af0e20b7a4611166,SOL,YES,low,medium,medium,0.010000000000000026,0.0,0.0,0.003112402524451496,0.0,False,1.0,0.00688759747554853
latency_only,3,2026-07-02T13:46:12.374640+00:00,0x6b9167a59028831cc69fc27a631ba5f99da00742fcac16501ddd54b155929c85,ETH,YES,medium,medium,medium,0.01999999999999998,0.0,0.07460570338620684,0.03196882353673567,0.0,False,1.0,-0.08657452692294254
latency_only,3,2026-07-02T13:46:20.368608+00:00,0x6b9167a59028831cc69fc27a631ba5f99da00742fcac16501ddd54b155929c85,ETH,YES,medium,medium,medium,0.02999999999999999,0.0,0.0,0.019521510507680244,0.0,False,1.0,0.010478489492319745
latency_only,3,2026-07-02T13:46:22.365708+00:00,0x165f83111bc6b855ddff03cee955479de1945e82de0c22a4af0e20b7a4611166,SOL,YES,low,medium,medium,-0.06999999999999999,0.0,0.10510845905147284,0.0336222372440038,0.0,False,1.0,-0.20873069629547664
latency_only,3,2026-07-02T13:46:28.366021+00:00,0x6b9167a59028831cc69fc27a631ba5f99da00742fcac16501ddd54b155929c85,ETH,YES,low,medium,medium,-0.09000000000000001,0.0,0.0,0.0366247371893424,0.0,False,1.0,-0.12662473718934242
latency_only,3,2026-07-02T13:46:34.364544+00:00,0x6b9167a59028831cc69fc27a631ba5f99da00742fcac16501ddd54b155929c85,ETH,YES,low,medium,medium,0.030000000000000044,0.0,0.0,0.024660556632644905,0.0,False,1.0,0.005339443367355139
latency_only,3,2026-07-02T13:46:36.372134+00:00,0x6b9167a59028831cc69fc27a631ba5f99da00742fcac16501ddd54b155929c85,ETH,YES,low,low,medium,-0.07000000000000005,0.0,0.09457509182926019,0.0318184240806141,0.0,False,1.0,-0.1963935159098743
latency_only,3,2026-07-02T13:47:28.363479+00:00,0xdf1c68feb520af13e0b1073b5e17ac465273234950edc85062d074363f2f7ea0,BTC,YES,medium,medium,high,0.27499999999999997,0.0,0.0,0.0,0.0,False,1.0,0.27499999999999997
latency_only,3,2026-07-02T13:47:30.370941+00:00,0x165f83111bc6b855ddff03cee955479de1945e82de0c22a4af0e20b7a4611166,SOL,YES,low,medium,high,0.19999999999999998,0.0,0.0,0.0,0.0,False,1.0,0.19999999999999998
latency_only,3,2026-07-02T14:00:06.363105+00:00,0x100389b157cf172fa16809d99306f23ca1974adf6fbe025dc09758ed45771b51,BTC,NO,low,medium,medium,0.05500000000000006,0.0,0.03010996774033054,0.00638438001071629,0.0,False,1.0,0.01850565224895323
latency_only,3,2026-07-02T14:03:02.371420+00:00,0xba6acf8da6d345173ee24e2b41e7d98ae87fb2f39f6c0d1839c33229ec4b802b,SOL,NO,low,medium,medium,0.030000000000000044,0.0,0.0,0.019150896897823864,0.0,False,1.0,0.01084910310217618
latency_only,3,2026-07-02T14:16:42.366798+00:00,0x99bee988b471ce9b6fe317dc281d4f4c4f89040c4dcacef8d455c241ee2e99f8,ETH,NO,low,medium,high,0.3,0.0,0.0,0.0,0.0,False,1.0,0.3
latency_only,3,2026-07-02T15:05:38.363627+00:00,0x647b9c08af3b94902afa9b362889527316a7fdbb46e4a6738ad42d290ca82805,BTC,NO,medium,medium,medium,0.035000000000000045,0.0,0.0,0.0032766228817516143,0.0,False,1.0,0.03172337711824843
latency_only,3,2026-07-02T15:10:28.366751+00:00,0xcae0c95e9c034ca588baca33e8147b8845b1f312ff09b0d52f4d6e150cddad15,SOL,NO,low,medium,medium,0.04999999999999995,0.0,0.035080740931569175,0.012437267435596115,0.0,False,1.0,0.0024819916328346573
latency_only,3,2026-07-02T15:36:32.363170+00:00,0x0a5061025dfe612b3722293195f769f012f8980bd848a20493e2c600f70d09dd,BTC,NO,low,medium,medium,0.28500000000000003,0.0,0.16328703864187954,0.061484793363865746,0.0,False,1.0,0.06022816799425474
latency_only,3,2026-07-02T16:01:28.361478+00:00,0x59496dfc9f417c17975e237fbb7ecfe259156cc15a360f25910162556810c516,SOL,NO,low,medium,medium,0.010000000000000026,0.0,0.0,0.0198429765340695,0.0,False,1.0,-0.009842976534069472
latency_only,3,2026-07-02T17:00:24.370409+00:00,0x1be94953b760d89a9523766bd1abb42f2e881ac06074bf93aa46ad1a415fc189,SOL,NO,low,medium,medium,0.010000000000000026,0.0,0.0,0.027595650699191357,0.0,False,1.0,-0.01759565069919133
latency_only,3,2026-07-02T17:13:30.362110+00:00,0x909723d937a75ac2c9c89d73711867c15953dd27d72b7a6933948473e399451d,ETH,YES,low,medium,medium,0.06000000000000001,0.0,0.0,0.00684623249048769,0.0,False,1.0,0.05315376750951232
latency_only,3,2026-07-02T17:23:18.371612+00:00,0x1f5ef0a23c68190a8a6d515b6c8e8b048078a8afa92d25abb3d94fb87f1f7027,BTC,YES,low,medium,medium,0.255,0.0,0.0,0.013452295291418608,0.0,False,1.0,0.2415477047085814
latency_only,3,2026-07-02T17:23:20.364343+00:00,0x60608598239fe90ee375e38281310554148d5d349aca1ac07aa04e1ce390e6ad,SOL,YES,low,medium,high,0.11,0.0,0.0,0.0,0.0,False,1.0,0.11
latency_only,3,2026-07-02T17:50:28.360872+00:00,0x0aff58c34608210967c4413fb4b4a6c7fa904dc09de162ecc564806689facc64,SOL,NO,low,medium,high,0.19000000000000003,0.0,0.0,0.0,0.0,False,1.0,0.19000000000000003
latency_only,3,2026-07-02T18:35:46.363950+00:00,0x0fb6a0c7bcde0b6dd2c22b766ae91ab671463f01b2f4ec31f09491aa9dd4af91,SOL,NO,low,medium,medium,-0.07500000000000005,0.0,0.0,0.023545822410950698,0.0,False,1.0,-0.09854582241095075
latency_only,3,2026-07-02T18:35:48.373272+00:00,0x0fb6a0c7bcde0b6dd2c22b766ae91ab671463f01b2f4ec31f09491aa9dd4af91,SOL,NO,low,high,medium,-0.09999999999999996,0.0,0.0,0.0366143306050499,0.0,False,1.0,-0.13661433060504985
latency_only,3,2026-07-02T18:35:56.374508+00:00,0x0fb6a0c7bcde0b6dd2c22b766ae91ab671463f01b2f4ec31f09491aa9dd4af91,SOL,NO,low,medium,medium,0.05500000000000001,0.0,0.0,0.0032656716923058575,0.0,False,1.0,0.05173432830769415
latency_only,3,2026-07-02T18:35:58.369803+00:00,0x0fb6a0c7bcde0b6dd2c22b766ae91ab671463f01b2f4ec31f09491aa9dd4af91,SOL,NO,low,medium,medium,-0.06999999999999999,0.0,0.1103594501330113,0.047959130103568615,0.0,False,1.0,-0.22831858023657992
latency_only,3,2026-07-02T18:51:30.371222+00:00,0x12f1ba09bc9913623cab1e5f36dab49519aed574c20e74febe167f480cf82772,SOL,NO,low,medium,medium,0.059999999999999956,0.0,0.0,0.01768269156071162,0.0,False,1.0,0.04231730843928834
latency_only,3,2026-07-02T19:01:18.365784+00:00,0x639421d64a6433150033c4d335d66cbee7357cad9e8b10bc943f74caf5d0d308,SOL,NO,low,medium,medium,-0.09499999999999996,0.0,0.08534269834427605,0.02007393785808949,0.0,False,1.0,-0.2004166362023655
latency_only,3,2026-07-02T19:03:24.368460+00:00,0x639421d64a6433150033c4d335d66cbee7357cad9e8b10bc943f74caf5d0d308,SOL,YES,low,medium,medium,0.11,0.0,0.0,0.06644709113065626,0.0,False,1.0,0.04355290886934374
latency_only,3,2026-07-02T19:03:44.373982+00:00,0x639421d64a6433150033c4d335d66cbee7357cad9e8b10bc943f74caf5d0d308,SOL,YES,low,medium,medium,0.06000000000000001,0.0,0.0,0.0764299562242,0.0,False,1.0,-0.016429956224199987
latency_only,3,2026-07-02T19:05:14.369431+00:00,0xa1701695adebeed5da4000373df6e9883c29449ade56b49eb6379ee63ba7259b,SOL,NO,low,medium,high,0.07499999999999997,0.0,0.0,0.0,0.0,False,1.0,0.07499999999999997
latency_only,3,2026-07-02T19:06:40.373607+00:00,0xa1701695adebeed5da4000373df6e9883c29449ade56b49eb6379ee63ba7259b,SOL,NO,low,high,medium,-0.06499999999999999,0.0,0.0,0.030326562207866108,0.0,False,1.0,-0.09532656220786609
latency_only,3,2026-07-02T19:31:18.372640+00:00,0x606a340a3aad1b6f683e99c5d598836d6731c972d5ddeb2642c52813a27308af,SOL,NO,low,medium,medium,0.05,0.0,0.014955839167905525,0.0033702772487109837,0.0,False,1.0,0.031673883583383494
latency_only,3,2026-07-02T19:31:32.362271+00:00,0x606a340a3aad1b6f683e99c5d598836d6731c972d5ddeb2642c52813a27308af,SOL,NO,low,medium,medium,0.05000000000000006,0.0,0.0,0.0034118554681326846,0.0,False,1.0,0.046588144531867375
latency_only,3,2026-07-02T19:31:40.366839+00:00,0x606a340a3aad1b6f683e99c5d598836d6731c972d5ddeb2642c52813a27308af,SOL,NO,low,medium,medium,0.05500000000000006,0.0,0.0,0.027559432585546377,0.0,False,1.0,0.027440567414453686
latency_only,3,2026-07-02T19:31:58.371790+00:00,0x606a340a3aad1b6f683e99c5d598836d6731c972d5ddeb2642c52813a27308af,SOL,NO,low,medium,medium,-0.09000000000000001,0.0,0.0,0.01990394066838693,0.0,False,1.0,-0.10990394066838693
latency_only,3,2026-07-02T19:51:32.364894+00:00,0x2cfc3ef023f8f6ebad847ce57292f2a190fd727fc452a4c2a7cc845fd16b56aa,SOL,NO,low,medium,medium,0.020000000000000007,0.0,0.0,0.0,0.0,False,1.0,0.020000000000000007
latency_only,3,2026-07-02T19:51:34.373824+00:00,0x2cfc3ef023f8f6ebad847ce57292f2a190fd727fc452a4c2a7cc845fd16b56aa,SOL,NO,low,medium,medium,-0.06000000000000001,0.0,0.05964478299603161,0.024011030747711493,0.0,False,1.0,-0.14365581374374312
latency_only,3,2026-07-02T19:51:58.365557+00:00,0x2cfc3ef023f8f6ebad847ce57292f2a190fd727fc452a4c2a7cc845fd16b56aa,SOL,NO,low,medium,medium,-0.06,0.0,0.0,0.0,0.0,False,1.0,-0.06
latency_only,3,2026-07-02T19:52:06.372072+00:00,0x2cfc3ef023f8f6ebad847ce57292f2a190fd727fc452a4c2a7cc845fd16b56aa,SOL,NO,low,medium,medium,0.03999999999999998,0.0,0.0,0.01711081843463454,0.0,False,1.0,0.02288918156536544
latency_only,3,2026-07-02T19:52:12.366157+00:00,0x2cfc3ef023f8f6ebad847ce57292f2a190fd727fc452a4c2a7cc845fd16b56aa,SOL,NO,low,medium,medium,0.015000000000000003,0.0,0.03771043930549342,0.020696275786087497,0.0,False,1.0,-0.043406715091580915
latency_only,3,2026-07-02T19:52:24.373550+00:00,0x2cfc3ef023f8f6ebad847ce57292f2a190fd727fc452a4c2a7cc845fd16b56aa,SOL,NO,medium,medium,medium,0.009999999999999998,0.0,0.0621597099600798,0.024129675176277083,0.0,False,1.0,-0.07628938513635689
latency_only,3,2026-07-02T19:52:30.368984+00:00,0x2cfc3ef023f8f6ebad847ce57292f2a190fd727fc452a4c2a7cc845fd16b56aa,SOL,NO,medium,medium,medium,0.11,0.0,0.007461525961626,0.0029560519033416843,0.0,False,1.0,0.09958242213503232
latency_only,3,2026-07-02T19:52:48.372495+00:00,0x2cfc3ef023f8f6ebad847ce57292f2a190fd727fc452a4c2a7cc845fd16b56aa,SOL,NO,medium,medium,medium,0.01500000000000003,0.0,0.14174975850609609,0.06958321480897692,0.0,False,1.0,-0.19633297331507296
latency_only,3,2026-07-02T19:53:00.364200+00:00,0x2cfc3ef023f8f6ebad847ce57292f2a190fd727fc452a4c2a7cc845fd16b56aa,SOL,NO,medium,high,medium,0.02999999999999999,0.0,0.07031941630925734,0.027532430267212686,0.0,False,1.0,-0.06785184657647003
latency_only,3,2026-07-02T19:53:04.368103+00:00,0x2cfc3ef023f8f6ebad847ce57292f2a190fd727fc452a4c2a7cc845fd16b56aa,SOL,NO,high,medium,medium,-0.06999999999999999,0.0,0.11537720610906399,0.046859062203068125,0.0,False,1.0,-0.23223626831213212
latency_only,3,2026-07-02T19:53:10.364232+00:00,0x2cfc3ef023f8f6ebad847ce57292f2a190fd727fc452a4c2a7cc845fd16b56aa,SOL,NO,high,medium,medium,0.12000000000000001,0.0,0.0,0.03927821477599523,0.0,False,1.0,0.08072178522400478
latency_only,3,2026-07-02T19:53:42.364449+00:00,0x2cfc3ef023f8f6ebad847ce57292f2a190fd727fc452a4c2a7cc845fd16b56aa,SOL,NO,high,medium,medium,0.020000000000000035,0.0,0.0,0.08392379128712096,0.0,False,1.0,-0.06392379128712093
spread_only,1,2026-06-24T15:43:06.758948+00:00,0x80658216d4530ee5d8f87f3a84d6788c0505a016f5d1a52bfb8fc3c1afc1f1c2,ETH,YES,low,low,medium,-0.05,0.0049999999999999975,0.0,0.0,0.0,False,1.0,-0.055
spread_only,1,2026-06-24T15:48:20.766212+00:00,0x8e22e9bf1a5c5cf1e5a91126865227cf0b75a5ec64611f0e0b23348e2b8eebc6,SOL,YES,medium,low,medium,-0.05,0.0049999999999999975,0.0,0.0,0.0,False,1.0,-0.055
spread_only,1,2026-06-24T15:48:30.765676+00:00,0x8e22e9bf1a5c5cf1e5a91126865227cf0b75a5ec64611f0e0b23348e2b8eebc6,SOL,YES,medium,low,medium,-0.04,0.004999999999999999,0.0,0.0,0.0,False,1.0,-0.045
spread_only,1,2026-06-24T16:03:06.764139+00:00,0x898e75f4a2714851629ab01153214fbf585c570d631964d411eb3f85d6f77427,ETH,NO,low,medium,high,0.07000000000000002,0.0050000000000000044,0.0,0.0,0.0,False,1.0,0.06500000000000002
spread_only,1,2026-06-24T16:03:34.761565+00:00,0x898e75f4a2714851629ab01153214fbf585c570d631964d411eb3f85d6f77427,ETH,NO,low,medium,medium,0.01999999999999998,0.0050000000000000044,0.0,0.0,0.0,False,1.0,0.014999999999999975
spread_only,1,2026-06-24T16:03:36.766733+00:00,0x898e75f4a2714851629ab01153214fbf585c570d631964d411eb3f85d6f77427,ETH,NO,low,medium,medium,0.020000000000000035,0.0050000000000000044,0.0,0.0,0.0,False,1.0,0.01500000000000003
spread_only,1,2026-06-24T16:03:56.765843+00:00,0x898e75f4a2714851629ab01153214fbf585c570d631964d411eb3f85d6f77427,ETH,NO,medium,medium,medium,-0.07000000000000002,0.0050000000000000044,0.0,0.0,0.0,False,1.0,-0.07500000000000002
spread_only,1,2026-06-24T16:17:42.762123+00:00,0x16d9a49118c42f6c43e48602f4356b563fe7d62f03eace901d12f3671b7534cd,SOL,NO,low,medium,high,0.18000000000000002,0.0050000000000000044,0.0,0.0,0.0,False,1.0,0.17500000000000002
spread_only,1,2026-06-24T16:22:52.762411+00:00,0x76ee4df37777787c309b30aa15d0861f505cc65be0cea6ab16949e8fba9fa172,SOL,NO,medium,medium,medium,-0.11999999999999998,0.010000000000000009,0.0,0.0,0.0,False,1.0,-0.13
spread_only,1,2026-06-24T16:22:54.752727+00:00,0x76ee4df37777787c309b30aa15d0861f505cc65be0cea6ab16949e8fba9fa172,SOL,NO,medium,medium,medium,-0.06500000000000002,0.010000000000000009,0.0,0.0,0.0,False,1.0,-0.07500000000000002
spread_only,1,2026-06-24T16:41:48.765478+00:00,0x54faa3af7fa6193533f340c3ceb42d2a8d405f5e3b23e2178d2a0212ac8cd968,ETH,YES,low,low,medium,-0.09500000000000001,0.004999999999999977,0.0,0.0,0.0,False,1.0,-0.09999999999999999
spread_only,1,2026-06-24T16:41:50.756781+00:00,0x54faa3af7fa6193533f340c3ceb42d2a8d405f5e3b23e2178d2a0212ac8cd968,ETH,YES,low,medium,low,-0.055000000000000035,0.010000000000000009,0.0,0.0,0.0,False,1.0,-0.06500000000000004
spread_only,1,2026-06-24T16:48:48.757094+00:00,0x6a9cd2dd7bc9c9807d3452c9f1a97c34ac7aedbc934b79054d8b3a0bfdcd4e42,BTC,YES,low,low,high,-0.0325,0.005,0.0,0.0,0.0,False,1.0,-0.0375
spread_only,1,2026-06-24T16:51:06.758502+00:00,0xabff544d3602969cb25677257451bdb7c6ad59b48e75d1d633afb248b012b06c,ETH,NO,low,medium,medium,0.30000000000000004,0.0050000000000000044,0.0,0.0,0.0,False,1.0,0.29500000000000004
spread_only,1,2026-06-24T16:52:04.761668+00:00,0x7d0f63daa0e0bd4993d80fa4bcb62fd622043fb264ec4a7aa7b875871c6a353a,SOL,YES,medium,medium,medium,0.030000000000000002,0.005000000000000001,0.0,0.0,0.0,False,1.0,0.025
spread_only,1,2026-06-24T16:52:06.767562+00:00,0x7d0f63daa0e0bd4993d80fa4bcb62fd622043fb264ec4a7aa7b875871c6a353a,SOL,YES,high,medium,medium,0.05,0.0050000000000000044,0.0,0.0,0.0,False,1.0,0.045
spread_only,1,2026-06-24T16:53:18.759891+00:00,0x11be248eacf03fecfc51007bb9833cc1452e33e48c5226ab9c30e91656ca4fed,BTC,YES,low,medium,medium,-0.05,0.0050000000000000044,0.0,0.0,0.0,False,1.0,-0.05500000000000001
spread_only,1,2026-06-24T16:53:52.752947+00:00,0x7d0f63daa0e0bd4993d80fa4bcb62fd622043fb264ec4a7aa7b875871c6a353a,SOL,YES,high,low,medium,-0.05,0.0049999999999999975,0.0,0.0,0.0,False,1.0,-0.055
spread_only,1,2026-06-24T16:53:54.758545+00:00,0xabff544d3602969cb25677257451bdb7c6ad59b48e75d1d633afb248b012b06c,ETH,NO,high,low,medium,-0.02,0.004,0.0,0.0,0.0,False,1.0,-0.024
spread_only,1,2026-06-24T16:55:32.763105+00:00,0xdc4693598a20d019c083949d35703b04d5de73552f4d0fb762787cbe10eef7af,ETH,YES,low,medium,medium,0.035000000000000045,0.0050000000000000044,0.0,0.0,0.0,False,1.0,0.03000000000000004
spread_only,1,2026-06-24T17:10:44.757531+00:00,0x6bcbfb85688c3516d74eda21ae1058775c9dbb0c3c2ed80679bea5efa4224f1f,SOL,YES,low,medium,medium,-0.09000000000000001,0.0050000000000000044,0.0,0.0,0.0,False,1.0,-0.09500000000000001
spread_only,1,2026-06-24T17:10:48.752203+00:00,0x6bcbfb85688c3516d74eda21ae1058775c9dbb0c3c2ed80679bea5efa4224f1f,SOL,YES,low,medium,medium,0.07000000000000002,0.0050000000000000044,0.0,0.0,0.0,False,1.0,0.06500000000000002
spread_only,1,2026-06-24T17:15:08.754027+00:00,0x2a87ba5465e5a39b23f5c245ce8daf4e9166a6b5d3a01f97e3c5cebe5f542667,ETH,YES,low,medium,medium,0.08999999999999998,0.0050000000000000044,0.0,0.0,0.0,False,1.0,0.08499999999999998
spread_only,1,2026-06-24T17:15:32.759728+00:00,0xc6ddbe45253f77b8dbd808a9153ec3477a66b95ce3dcd40edbdbf5e69a9fad74,BTC,YES,low,medium,medium,-0.059999999999999984,0.0050000000000000044,0.0,0.0,0.0,False,1.0,-0.06499999999999999
spread_only,1,2026-06-24T17:17:04.766209+00:00,0xc6ddbe45253f77b8dbd808a9153ec3477a66b95ce3dcd40edbdbf5e69a9fad74,BTC,YES,low,medium,medium,0.01999999999999998,0.0050000000000000044,0.0,0.0,0.0,False,1.0,0.014999999999999975
spread_only,1,2026-06-24T17:20:12.764868+00:00,0xd8e21b0124221e5a6948b65f0b5c1b7c563a3c7e6ea11a1e7d760638a2e885ba,SOL,NO,medium,medium,high,0.15500000000000005,0.010000000000000009,0.0,0.0,0.0,False,1.0,0.14500000000000005
spread_only,1,2026-06-24T17:25:44.756279+00:00,0x0a15e96a2f8db3533603fd8a311915394fd8b8b6cbc3c3b90e5225964660bd94,ETH,YES,low,medium,high,0.030000000000000044,0.0050000000000000044,0.0,0.0,0.0,False,1.0,0.02500000000000004
spread_only,1,2026-06-24T17:26:36.761972+00:00,0x0a15e96a2f8db3533603fd8a311915394fd8b8b6cbc3c3b90e5225964660bd94,ETH,YES,low,medium,high,0.11,0.0050000000000000044,0.0,0.0,0.0,False,1.0,0.105
spread_only,1,2026-06-24T17:28:30.758436+00:00,0x8b89ebef2e337682d0c761c2d9ea76b14916b0fbaa6b07ab496782aa61d08092,SOL,NO,low,medium,medium,-0.03,0.0050000000000000044,0.0,0.0,0.0,False,1.0,-0.035
spread_only,1,2026-06-24T17:32:12.757879+00:00,0xc53755a72a77c13680d29f80e88a1ffcdaeda374fb64389c3801a5660e24deb8,SOL,NO,low,medium,medium,0.030000000000000044,0.0050000000000000044,0.0,0.0,0.0,False,1.0,0.02500000000000004
spread_only,1,2026-06-24T17:40:50.764310+00:00,0xe162acce182a1c54de6efd4a047bee1957d9d0ce3a96723f622886a34ce9ef56,BTC,NO,low,medium,medium,-0.05000000000000003,0.0050000000000000044,0.0,0.0,0.0,False,1.0,-0.055000000000000035
spread_only,1,2026-06-24T17:46:02.756352+00:00,0x931296be6d3fc5e74df946ebeb47595bd30d0b51c747520c22454b54dbde783c,ETH,NO,medium,medium,high,0.16,0.0050000000000000044,0.0,0.0,0.0,False,1.0,0.155
spread_only,1,2026-06-24T17:50:26.761135+00:00,0xe0261c3af71ec76885a6befe78536d37f4f39622a19d0102257561caaca61811,SOL,NO,low,medium,medium,0.06000000000000001,0.0050000000000000044,0.0,0.0,0.0,False,1.0,0.05500000000000001
spread_only,1,2026-06-24T18:00:58.760168+00:00,0x5a189bc1b252af1469e531eb62cee5995fe46dd01bcaff6b137a7bc3109e2e43,SOL,NO,medium,low,medium,-0.05000000000000003,0.004999999999999949,0.0,0.0,0.0,False,1.0,-0.05499999999999998
spread_only,1,2026-06-24T18:01:08.757617+00:00,0x5a189bc1b252af1469e531eb62cee5995fe46dd01bcaff6b137a7bc3109e2e43,SOL,NO,medium,medium,medium,0.010000000000000026,0.0050000000000000044,0.0,0.0,0.0,False,1.0,0.005000000000000022
spread_only,1,2026-06-24T18:01:10.762661+00:00,0x5a189bc1b252af1469e531eb62cee5995fe46dd01bcaff6b137a7bc3109e2e43,SOL,NO,medium,medium,medium,-0.06999999999999999,0.014999999999999958,0.0,0.0,0.0,False,1.0,-0.08499999999999995
spread_only,1,2026-06-24T18:01:28.765791+00:00,0x5a189bc1b252af1469e531eb62cee5995fe46dd01bcaff6b137a7bc3109e2e43,SOL,NO,medium,medium,medium,-0.05000000000000003,0.0050000000000000044,0.0,0.0,0.0,False,1.0,-0.055000000000000035
spread_only,1,2026-06-24T18:01:32.763050+00:00,0x5a189bc1b252af1469e531eb62cee5995fe46dd01bcaff6b137a7bc3109e2e43,SOL,NO,medium,medium,medium,0.07000000000000002,0.0050000000000000044,0.0,0.0,0.0,False,1.0,0.06500000000000002
spread_only,1,2026-06-24T18:01:48.762400+00:00,0x5a189bc1b252af1469e531eb62cee5995fe46dd01bcaff6b137a7bc3109e2e43,SOL,NO,medium,medium,medium,0.059999999999999956,0.0050000000000000044,0.0,0.0,0.0,False,1.0,0.05499999999999995
spread_only,1,2026-06-24T18:05:24.753766+00:00,0x17dc5c06a8038c8b9fe98dc10caabed5e643e594aa096dfa257871e4e6fc79db,BTC,NO,medium,medium,high,0.05000000000000006,0.0050000000000000044,0.0,0.0,0.0,False,1.0,0.045000000000000054
spread_only,1,2026-06-24T18:05:28.765310+00:00,0x17dc5c06a8038c8b9fe98dc10caabed5e643e594aa096dfa257871e4e6fc79db,BTC,NO,medium,medium,high,0.06999999999999997,0.0050000000000000044,0.0,0.0,0.0,False,1.0,0.06499999999999996
spread_only,1,2026-06-24T18:05:36.760226+00:00,0x3d07d4fd8f80b13ff82b8a59ac4e27ef61cee1ca5f5e8b639dd421a3a7bc2fcb,SOL,NO,low,high,medium,0.04999999999999995,0.015000000000000013,0.0,0.0,0.0,False,1.0,0.034999999999999934
spread_only,1,2026-06-24T18:06:36.754811+00:00,0x3d07d4fd8f80b13ff82b8a59ac4e27ef61cee1ca5f5e8b639dd421a3a7bc2fcb,SOL,YES,low,medium,medium,0.039999999999999994,0.0050000000000000044,0.0,0.0,0.0,False,1.0,0.03499999999999999
spread_only,1,2026-06-24T18:06:38.762149+00:00,0x3d07d4fd8f80b13ff82b8a59ac4e27ef61cee1ca5f5e8b639dd421a3a7bc2fcb,SOL,YES,low,medium,medium,0.09999999999999999,0.0050000000000000044,0.0,0.0,0.0,False,1.0,0.09499999999999999
spread_only,1,2026-06-24T18:10:32.759091+00:00,0xe3120089fce1f1a743fc240f0033561fca78ae3088352a0f3f52413a0a0b39cb,BTC,YES,low,medium,high,0.04999999999999995,0.0050000000000000044,0.0,0.0,0.0,False,1.0,0.04499999999999994
spread_only,1,2026-06-24T18:10:48.754900+00:00,0x2a8f1b4db2834d8f740fa140f88d4c2cd7464241d37403fce3ab3bc53ee78792,ETH,NO,low,medium,high,0.06999999999999997,0.0050000000000000044,0.0,0.0,0.0,False,1.0,0.06499999999999996
spread_only,1,2026-06-24T18:11:20.766968+00:00,0x2a8f1b4db2834d8f740fa140f88d4c2cd7464241d37403fce3ab3bc53ee78792,ETH,YES,low,medium,medium,-0.059999999999999984,0.0050000000000000044,0.0,0.0,0.0,False,1.0,-0.06499999999999999
spread_only,1,2026-06-24T18:20:04.756204+00:00,0x3d34074cabf8c0c7082b719f8b1d246fbf3344709e9dceb7baf2a9e21d9dcd71,BTC,YES,low,medium,medium,-0.13000000000000003,0.0050000000000000044,0.0,0.0,0.0,False,1.0,-0.13500000000000004
spread_only,1,2026-06-24T18:20:30.755092+00:00,0x3d34074cabf8c0c7082b719f8b1d246fbf3344709e9dceb7baf2a9e21d9dcd71,BTC,YES,low,medium,medium,-0.05499999999999998,0.0050000000000000044,0.0,0.0,0.0,False,1.0,-0.059999999999999984
spread_only,1,2026-06-24T18:20:36.756990+00:00,0x063b6476f22b96ffa4e2b1b40b6be64b68228f02258cf4f2cb5ae83ecbf708fd,ETH,YES,medium,medium,medium,0.04999999999999995,0.0050000000000000044,0.0,0.0,0.0,False,1.0,0.04499999999999994
spread_only,1,2026-06-24T18:20:40.753306+00:00,0x3d34074cabf8c0c7082b719f8b1d246fbf3344709e9dceb7baf2a9e21d9dcd71,BTC,YES,low,medium,medium,-0.059999999999999984,0.0050000000000000044,0.0,0.0,0.0,False,1.0,-0.06499999999999999
spread_only,1,2026-06-24T18:20:52.756246+00:00,0x3d34074cabf8c0c7082b719f8b1d246fbf3344709e9dceb7baf2a9e21d9dcd71,BTC,YES,low,medium,medium,0.039999999999999994,0.0050000000000000044,0.0,0.0,0.0,False,1.0,0.03499999999999999
spread_only,1,2026-06-24T18:20:54.762187+00:00,0x3d34074cabf8c0c7082b719f8b1d246fbf3344709e9dceb7baf2a9e21d9dcd71,BTC,YES,low,medium,medium,0.010000000000000026,0.0050000000000000044,0.0,0.0,0.0,False,1.0,0.005000000000000022
spread_only,1,2026-06-24T18:21:06.764841+00:00,0x3d34074cabf8c0c7082b719f8b1d246fbf3344709e9dceb7baf2a9e21d9dcd71,BTC,YES,low,medium,medium,-0.05000000000000003,0.0050000000000000044,0.0,0.0,0.0,False,1.0,-0.055000000000000035
spread_only,1,2026-06-24T18:21:10.764191+00:00,0x3d34074cabf8c0c7082b719f8b1d246fbf3344709e9dceb7baf2a9e21d9dcd71,BTC,YES,low,medium,medium,0.020000000000000035,0.0050000000000000044,0.0,0.0,0.0,False,1.0,0.01500000000000003
spread_only,1,2026-06-24T18:21:12.754338+00:00,0x3d34074cabf8c0c7082b719f8b1d246fbf3344709e9dceb7baf2a9e21d9dcd71,BTC,YES,low,medium,medium,-0.06000000000000004,0.0050000000000000044,0.0,0.0,0.0,False,1.0,-0.06500000000000004
spread_only,1,2026-06-24T18:21:14.759655+00:00,0x3d34074cabf8c0c7082b719f8b1d246fbf3344709e9dceb7baf2a9e21d9dcd71,BTC,YES,low,high,medium,0.19499999999999998,0.015000000000000013,0.0,0.0,0.0,False,1.0,0.17999999999999997
spread_only,1,2026-06-24T18:23:18.758759+00:00,0x3d34074cabf8c0c7082b719f8b1d246fbf3344709e9dceb7baf2a9e21d9dcd71,BTC,YES,low,medium,medium,0.01500000000000003,0.010000000000000009,0.0,0.0,0.0,False,1.0,0.005000000000000022
spread_only,1,2026-06-24T18:26:40.754541+00:00,0x0f58baf57772722db394290841df2a23b89d3ef388a740790fe4356e58669164,ETH,NO,low,medium,medium,-0.38,0.010000000000000009,0.0,0.0,0.0,False,1.0,-0.39
spread_only,1,2026-06-24T18:32:18.765892+00:00,0xbde68413691d686e0741615c9dad23d2669c8cfcdd14efb81d2fd53260602d61,SOL,NO,low,medium,medium,0.05,0.0050000000000000044,0.0,0.0,0.0,False,1.0,0.045
spread_only,1,2026-06-24T18:32:28.765868+00:00,0xbde68413691d686e0741615c9dad23d2669c8cfcdd14efb81d2fd53260602d61,SOL,NO,low,medium,medium,-0.10000000000000002,0.0050000000000000044,0.0,0.0,0.0,False,1.0,-0.10500000000000002
spread_only,1,2026-06-24T18:32:34.767339+00:00,0xbde68413691d686e0741615c9dad23d2669c8cfcdd14efb81d2fd53260602d61,SOL,NO,low,medium,medium,-0.09999999999999999,0.0050000000000000044,0.0,0.0,0.0,False,1.0,-0.105
spread_only,1,2026-06-24T18:32:36.756754+00:00,0xbde68413691d686e0741615c9dad23d2669c8cfcdd14efb81d2fd53260602d61,SOL,NO,low,medium,medium,0.025000000000000012,0.0050000000000000044,0.0,0.0,0.0,False,1.0,0.020000000000000007
spread_only,1,2026-06-24T18:32:38.763486+00:00,0xbde68413691d686e0741615c9dad23d2669c8cfcdd14efb81d2fd53260602d61,SOL,NO,low,high,medium,-0.07500000000000002,0.030000000000000027,0.0,0.0,0.0,False,1.0,-0.10500000000000005
spread_only,1,2026-06-24T18:32:40.753774+00:00,0xbde68413691d686e0741615c9dad23d2669c8cfcdd14efb81d2fd53260602d61,SOL,NO,low,medium,medium,0.030000000000000016,0.0050000000000000044,0.0,0.0,0.0,False,1.0,0.025000000000000012
spread_only,1,2026-06-24T18:32:58.758626+00:00,0xbde68413691d686e0741615c9dad23d2669c8cfcdd14efb81d2fd53260602d61,SOL,NO,low,high,medium,-0.05000000000000003,0.02999999999999997,0.0,0.0,0.0,False,1.0,-0.08
spread_only,1,2026-06-24T18:33:00.765000+00:00,0xbde68413691d686e0741615c9dad23d2669c8cfcdd14efb81d2fd53260602d61,SOL,NO,low,medium,medium,0.014999999999999975,0.009999999999999953,0.0,0.0,0.0,False,1.0,0.005000000000000022
spread_only,1,2026-06-24T18:51:52.760600+00:00,0x76ceb5966715afdbb09250dea84bccfc837e72c59d375b0ca15e03fcc417fb4e,SOL,YES,low,medium,medium,-0.06999999999999999,0.0050000000000000044,0.0,0.0,0.0,False,1.0,-0.075
spread_only,1,2026-06-24T18:51:54.765991+00:00,0x76ceb5966715afdbb09250dea84bccfc837e72c59d375b0ca15e03fcc417fb4e,SOL,YES,low,medium,medium,0.039999999999999994,0.0050000000000000044,0.0,0.0,0.0,False,1.0,0.03499999999999999
spread_only,1,2026-06-24T18:51:56.756813+00:00,0x76ceb5966715afdbb09250dea84bccfc837e72c59d375b0ca15e03fcc417fb4e,SOL,YES,low,high,medium,0.01500000000000003,0.015000000000000013,0.0,0.0,0.0,False,1.0,1.734723475976807e-17
spread_only,1,2026-06-24T18:52:10.764773+00:00,0x768552d5316e123aaa73080f47f5e8f4e0ba7553daff6a1d32fa8d9ed5552775,ETH,YES,low,medium,medium,0.059999999999999956,0.0050000000000000044,0.0,0.0,0.0,False,1.0,0.05499999999999995
spread_only,1,2026-06-24T18:52:48.766058+00:00,0x768552d5316e123aaa73080f47f5e8f4e0ba7553daff6a1d32fa8d9ed5552775,ETH,YES,low,low,medium,0.014999999999999975,0.004999999999999977,0.0,0.0,0.0,False,1.0,0.009999999999999998
spread_only,1,2026-06-24T18:52:48.766058+00:00,0x76ceb5966715afdbb09250dea84bccfc837e72c59d375b0ca15e03fcc417fb4e,SOL,YES,low,low,medium,-0.07000000000000005,0.004999999999999977,0.0,0.0,0.0,False,1.0,-0.07500000000000002
spread_only,1,2026-06-24T18:52:52.763973+00:00,0x76ceb5966715afdbb09250dea84bccfc837e72c59d375b0ca15e03fcc417fb4e,SOL,YES,low,medium,medium,0.020000000000000035,0.0050000000000000044,0.0,0.0,0.0,False,1.0,0.01500000000000003
spread_only,1,2026-06-24T18:53:46.759987+00:00,0x76ceb5966715afdbb09250dea84bccfc837e72c59d375b0ca15e03fcc417fb4e,SOL,YES,medium,low,medium,0.09999999999999999,0.004999999999999977,0.0,0.0,0.0,False,1.0,0.09500000000000001
spread_only,1,2026-06-24T19:00:16.766958+00:00,0x6f14d199dafd35a5f545aad500e9cd65eaf22a2bf1a522817da62c57245246f4,SOL,NO,low,medium,medium,0.020000000000000035,0.0050000000000000044,0.0,0.0,0.0,False,1.0,0.01500000000000003
spread_only,1,2026-06-24T19:00:20.764327+00:00,0x6f14d199dafd35a5f545aad500e9cd65eaf22a2bf1a522817da62c57245246f4,SOL,NO,low,high,medium,-0.06499999999999999,0.025000000000000022,0.0,0.0,0.0,False,1.0,-0.09000000000000001
spread_only,1,2026-06-24T19:00:26.766094+00:00,0x6f14d199dafd35a5f545aad500e9cd65eaf22a2bf1a522817da62c57245246f4,SOL,NO,low,medium,medium,0.014999999999999975,0.009999999999999953,0.0,0.0,0.0,False,1.0,0.005000000000000022
spread_only,1,2026-06-24T19:00:34.758570+00:00,0x6f14d199dafd35a5f545aad500e9cd65eaf22a2bf1a522817da62c57245246f4,SOL,NO,low,medium,medium,-0.06999999999999999,0.0050000000000000044,0.0,0.0,0.0,False,1.0,-0.075
spread_only,1,2026-06-24T19:00:46.763874+00:00,0x6f14d199dafd35a5f545aad500e9cd65eaf22a2bf1a522817da62c57245246f4,SOL,NO,low,low,medium,0.010000000000000026,0.004999999999999949,0.0,0.0,0.0,False,1.0,0.005000000000000077
spread_only,1,2026-06-24T19:01:30.763622+00:00,0x6f14d199dafd35a5f545aad500e9cd65eaf22a2bf1a522817da62c57245246f4,SOL,NO,low,medium,medium,-0.05000000000000003,0.0050000000000000044,0.0,0.0,0.0,False,1.0,-0.055000000000000035
spread_only,1,2026-06-24T19:02:02.766777+00:00,0x9828065f135b73cbb04da613189035c96beca24508e8d4b15f9a9b670b7519eb,ETH,NO,low,medium,medium,0.01999999999999998,0.0050000000000000044,0.0,0.0,0.0,False,1.0,0.014999999999999975
spread_only,1,2026-06-24T19:02:02.766777+00:00,0x6f14d199dafd35a5f545aad500e9cd65eaf22a2bf1a522817da62c57245246f4,SOL,NO,low,medium,high,0.06000000000000001,0.010000000000000009,0.0,0.0,0.0,False,1.0,0.05
spread_only,1,2026-06-24T19:02:04.757011+00:00,0x6f14d199dafd35a5f545aad500e9cd65eaf22a2bf1a522817da62c57245246f4,SOL,NO,low,medium,medium,-0.11499999999999998,0.009999999999999953,0.0,0.0,0.0,False,1.0,-0.12499999999999993
spread_only,1,2026-06-24T19:02:06.762138+00:00,0x6f14d199dafd35a5f545aad500e9cd65eaf22a2bf1a522817da62c57245246f4,SOL,NO,low,medium,medium,0.02999999999999999,0.0050000000000000044,0.0,0.0,0.0,False,1.0,0.024999999999999984
spread_only,1,2026-06-24T19:02:08.753956+00:00,0x6f14d199dafd35a5f545aad500e9cd65eaf22a2bf1a522817da62c57245246f4,SOL,NO,low,high,medium,-0.06999999999999999,0.015000000000000013,0.0,0.0,0.0,False,1.0,-0.085
spread_only,1,2026-06-24T19:02:34.760304+00:00,0x6f14d199dafd35a5f545aad500e9cd65eaf22a2bf1a522817da62c57245246f4,SOL,NO,low,medium,medium,0.010000000000000026,0.0050000000000000044,0.0,0.0,0.0,False,1.0,0.005000000000000022
spread_only,1,2026-06-24T19:12:34.759652+00:00,0x1aee94333f9f59a16641bfb6bb79781128bfc7c762e6ec35a3e28ae595c8f710,ETH,YES,low,low,medium,-0.03,0.005,0.0,0.0,0.0,False,1.0,-0.034999999999999996
spread_only,1,2026-06-24T19:15:48.754190+00:00,0x4982ded7e4b9233220595f26cc997fa151f1902c8893a0a78a52d656b5fdb3d4,ETH,NO,medium,medium,medium,-0.08,0.0050000000000000044,0.0,0.0,0.0,False,1.0,-0.085
spread_only,1,2026-06-24T19:15:50.760306+00:00,0xb802375b899f20776320f8a3ad101bd8c4a32ff81a436fcc308a140cc33d96bf,BTC,NO,low,medium,medium,0.010000000000000026,0.0050000000000000044,0.0,0.0,0.0,False,1.0,0.005000000000000022
spread_only,1,2026-06-24T19:15:50.760306+00:00,0x4982ded7e4b9233220595f26cc997fa151f1902c8893a0a78a52d656b5fdb3d4,ETH,NO,medium,medium,medium,0.03499999999999999,0.0050000000000000044,0.0,0.0,0.0,False,1.0,0.029999999999999985
spread_only,1,2026-06-24T19:25:34.759452+00:00,0x6e39d066f4cd8679f901216c55834139a9ad2240af38a11b09b63b0473e2b84b,SOL,YES,low,medium,medium,0.010000000000000026,0.0050000000000000044,0.0,0.0,0.0,False,1.0,0.005000000000000022
spread_only,1,2026-06-24T19:26:04.757062+00:00,0x6e39d066f4cd8679f901216c55834139a9ad2240af38a11b09b63b0473e2b84b,SOL,YES,low,medium,medium,0.07500000000000002,0.0050000000000000044,0.0,0.0,0.0,False,1.0,0.07000000000000002
spread_only,1,2026-06-24T19:37:46.757371+00:00,0xfedc3df4cb1db1fc866524795ac2fcdf9941f43010b9c15e487a333e6f266394,SOL,YES,low,medium,high,0.010000000000000026,0.0050000000000000044,0.0,0.0,0.0,False,1.0,0.005000000000000022
spread_only,1,2026-06-24T19:37:50.757198+00:00,0xfedc3df4cb1db1fc866524795ac2fcdf9941f43010b9c15e487a333e6f266394,SOL,YES,low,medium,medium,-0.09999999999999996,0.0050000000000000044,0.0,0.0,0.0,False,1.0,-0.10499999999999997
spread_only,1,2026-06-24T19:41:20.756922+00:00,0x7001dd0099cdee5fbb1efe846336e41812c524e7585b6f7c9a0a5c9882f114b9,SOL,NO,low,medium,medium,0.03999999999999994,0.0050000000000000044,0.0,0.0,0.0,False,1.0,0.034999999999999934
spread_only,1,2026-06-24T19:48:44.761661+00:00,0x4f55d140209fd0d5a7745de8f8a0f150f3b6097aedbaeee7d1a0618c0c3d7bb8,ETH,NO,low,medium,medium,0.06999999999999997,0.0050000000000000044,0.0,0.0,0.0,False,1.0,0.06499999999999996
spread_only,1,2026-06-24T19:53:26.758012+00:00,0x3ba3b3f951b2628ef716722de268dd5e244f8d45fd355168fab2e3b85af75128,SOL,NO,low,medium,high,-0.0315,0.0050000000000000044,0.0,0.0,0.0,False,1.0,-0.036500000000000005
spread_only,1,2026-06-24T20:01:06.759646+00:00,0x88fd0bf02fe557e16419750274baafa5fd89a12437e7d4215161d95a77cc069e,SOL,NO,low,medium,medium,-0.05,0.0050000000000000044,0.0,0.0,0.0,False,1.0,-0.05500000000000001
spread_only,1,2026-06-24T20:01:08.765938+00:00,0x99160df581693bc7fa4ad76b5fe823f5346ef5cb655f1e8650a60c30a642c0ac,BTC,YES,low,high,medium,0.29,0.024999999999999994,0.0,0.0,0.0,False,1.0,0.265
spread_only,1,2026-06-24T20:08:34.761066+00:00,0xd14dfda063d0d2dafe354fe938c73ea7643db9f344cf11598794d252f8d453a1,BTC,NO,low,low,medium,-0.018,0.0025000000000000022,0.0,0.0,0.0,False,1.0,-0.0205
spread_only,1,2026-06-24T20:13:52.754397+00:00,0xf8776b5271ce59d683b9da736a42f8139c58e4093ad342ae1288f9addc1b3cfe,BTC,NO,low,medium,medium,-0.06499999999999999,0.010000000000000009,0.0,0.0,0.0,False,1.0,-0.075
spread_only,1,2026-06-24T20:13:56.764659+00:00,0xf8776b5271ce59d683b9da736a42f8139c58e4093ad342ae1288f9addc1b3cfe,BTC,NO,low,high,medium,-0.12999999999999998,0.015000000000000013,0.0,0.0,0.0,False,1.0,-0.145
spread_only,1,2026-06-24T20:17:30.756983+00:00,0x9c3ac652cc797ed5fdf7c5717c58c9ce007e9fabecc76e1454bf2d8db03c7150,BTC,YES,low,medium,medium,-0.06000000000000004,0.0050000000000000044,0.0,0.0,0.0,False,1.0,-0.06500000000000004
spread_only,1,2026-06-24T20:17:34.755355+00:00,0x9c3ac652cc797ed5fdf7c5717c58c9ce007e9fabecc76e1454bf2d8db03c7150,BTC,YES,low,medium,medium,0.020000000000000035,0.0050000000000000044,0.0,0.0,0.0,False,1.0,0.01500000000000003
spread_only,1,2026-06-24T20:17:38.755356+00:00,0x9c3ac652cc797ed5fdf7c5717c58c9ce007e9fabecc76e1454bf2d8db03c7150,BTC,YES,low,medium,medium,0.010000000000000026,0.0050000000000000044,0.0,0.0,0.0,False,1.0,0.005000000000000022
spread_only,1,2026-06-24T20:17:48.756472+00:00,0x9c3ac652cc797ed5fdf7c5717c58c9ce007e9fabecc76e1454bf2d8db03c7150,BTC,YES,low,low,medium,0.04999999999999995,0.004999999999999949,0.0,0.0,0.0,False,1.0,0.045
spread_only,1,2026-06-24T20:18:06.756462+00:00,0x9c3ac652cc797ed5fdf7c5717c58c9ce007e9fabecc76e1454bf2d8db03c7150,BTC,YES,medium,medium,medium,-0.055000000000000035,0.009999999999999953,0.0,0.0,0.0,False,1.0,-0.06499999999999999
spread_only,1,2026-06-24T20:18:34.759712+00:00,0x9c3ac652cc797ed5fdf7c5717c58c9ce007e9fabecc76e1454bf2d8db03c7150,BTC,YES,low,medium,medium,0.029999999999999933,0.0050000000000000044,0.0,0.0,0.0,False,1.0,0.02499999999999993
spread_only,1,2026-06-24T20:18:42.754973+00:00,0x9c3ac652cc797ed5fdf7c5717c58c9ce007e9fabecc76e1454bf2d8db03c7150,BTC,YES,low,high,medium,0.01500000000000003,0.019999999999999962,0.0,0.0,0.0,False,1.0,-0.004999999999999932
spread_only,1,2026-06-24T20:23:28.766404+00:00,0x664abf9e27ed69e80bbe4cc0517b8a125ca044c42ad3357a7c7af2ed9436c74e,SOL,NO,low,medium,medium,0.09999999999999999,0.0050000000000000044,0.0,0.0,0.0,False,1.0,0.09499999999999999
spread_only,1,2026-06-24T20:31:42.764262+00:00,0x4dd3a21158dc2341d429921b0f01d6ef1d5b1b88544a4e1166825c85360a31f3,SOL,YES,low,medium,medium,0.05000000000000006,0.0050000000000000044,0.0,0.0,0.0,False,1.0,0.045000000000000054
spread_only,1,2026-06-24T20:50:08.762751+00:00,0x8faf001f0cb0420fe9216e45664d43db363e1235986c35e425847671efe887b9,SOL,NO,low,medium,high,0.35,0.0050000000000000044,0.0,0.0,0.0,False,1.0,0.345
spread_only,1,2026-06-24T20:50:34.755582+00:00,0xb5b2cc6f7e364320387000357dcec77c8e290b19a91515fda9f1eba110a7206b,ETH,YES,low,medium,medium,-0.02,0.0050000000000000044,0.0,0.0,0.0,False,1.0,-0.025000000000000005
spread_only,1,2026-06-24T20:50:58.754381+00:00,0x8faf001f0cb0420fe9216e45664d43db363e1235986c35e425847671efe887b9,SOL,YES,medium,medium,high,-0.39,0.0050000000000000044,0.0,0.0,0.0,False,1.0,-0.395
spread_only,1,2026-06-24T20:51:14.759775+00:00,0xa18f20c9d7af10ea829ba2117f462eed5781ccb83a3b11964e8464ea1bee0872,BTC,NO,medium,medium,high,0.010000000000000026,0.0050000000000000044,0.0,0.0,0.0,False,1.0,0.005000000000000022
spread_only,1,2026-06-24T20:51:18.756585+00:00,0xb5b2cc6f7e364320387000357dcec77c8e290b19a91515fda9f1eba110a7206b,ETH,NO,medium,medium,high,-0.02,0.0050000000000000044,0.0,0.0,0.0,False,1.0,-0.025000000000000005
spread_only,1,2026-06-24T20:52:00.752541+00:00,0xa18f20c9d7af10ea829ba2117f462eed5781ccb83a3b11964e8464ea1bee0872,BTC,NO,medium,medium,medium,0.07499999999999997,0.010000000000000009,0.0,0.0,0.0,False,1.0,0.06499999999999996
spread_only,1,2026-06-24T21:05:24.762965+00:00,0xaa2029eae1454eff4dd2950180ce1a61bf2cc891c5bac51d9e0a15f22cddbee9,BTC,NO,low,medium,medium,-0.06000000000000004,0.0050000000000000044,0.0,0.0,0.0,False,1.0,-0.06500000000000004
spread_only,1,2026-06-24T21:06:00.760134+00:00,0xaa2029eae1454eff4dd2950180ce1a61bf2cc891c5bac51d9e0a15f22cddbee9,BTC,NO,low,medium,medium,-0.08500000000000006,0.010000000000000009,0.0,0.0,0.0,False,1.0,-0.09500000000000007
spread_only,1,2026-06-24T21:06:02.752654+00:00,0xaa2029eae1454eff4dd2950180ce1a61bf2cc891c5bac51d9e0a15f22cddbee9,BTC,NO,low,medium,medium,-0.09000000000000001,0.0050000000000000044,0.0,0.0,0.0,False,1.0,-0.09500000000000001
spread_only,1,2026-06-24T21:17:38.763105+00:00,0x937f6ce7ec05a5cf598e814d8b21ca1b03831a607d67f7a737b4b455195b6347,ETH,YES,low,medium,medium,0.02999999999999999,0.0050000000000000044,0.0,0.0,0.0,False,1.0,0.024999999999999984
spread_only,1,2026-06-24T21:22:02.765156+00:00,0xc6ef5efefe52337535ef640dc5214f2cfca21f24db5da5f6461bb61b04d1757b,SOL,NO,medium,medium,medium,0.09999999999999994,0.0050000000000000044,0.0,0.0,0.0,False,1.0,0.09499999999999993
spread_only,1,2026-06-24T21:22:20.752241+00:00,0xc6ef5efefe52337535ef640dc5214f2cfca21f24db5da5f6461bb61b04d1757b,SOL,NO,low,medium,medium,-0.12000000000000004,0.0050000000000000044,0.0,0.0,0.0,False,1.0,-0.12500000000000006
spread_only,1,2026-06-24T21:23:58.762346+00:00,0xc6ef5efefe52337535ef640dc5214f2cfca21f24db5da5f6461bb61b04d1757b,SOL,NO,medium,medium,medium,0.2849999999999999,0.0050000000000000044,0.0,0.0,0.0,False,1.0,0.2799999999999999
spread_only,1,2026-06-24T22:03:08.763973+00:00,0x8d3e7e3c36b3e5d1112c98d87518a00383581755190d5a55edc69c26749c1f59,ETH,NO,low,medium,medium,0.05,0.0050000000000000044,0.0,0.0,0.0,False,1.0,0.045
spread_only,1,2026-06-25T00:06:46.764238+00:00,0xd65cb4f9d9b3cd9e0726c6723aaedeea6270e2b27f07e8d8d75fb866fc66efda,SOL,YES,medium,high,medium,0.365,0.43000000000000005,0.0,0.0,0.0,False,1.0,-0.06500000000000006
spread_only,1,2026-06-25T02:56:12.762022+00:00,0xdc50528ddd95715389bece5e22c3924ab255ac03cc50a796d14fc1536f99e645,BTC,NO,low,medium,medium,0.14000000000000004,0.0050000000000000044,0.0,0.0,0.0,False,1.0,0.13500000000000004
spread_only,1,2026-06-25T03:15:10.763656+00:00,0xd64b2ce5267698719de20d05b135368962c8a4f1835384f18f0605ccaac199d5,BTC,NO,medium,medium,medium,0.31999999999999995,0.0050000000000000044,0.0,0.0,0.0,False,1.0,0.31499999999999995
spread_only,1,2026-06-25T03:15:10.763656+00:00,0xe9b43bb6aa0a0aa923a5b7ea6e70758b5f517507971004160627be84bdb0dbe3,SOL,NO,medium,medium,medium,0.32999999999999996,0.0050000000000000044,0.0,0.0,0.0,False,1.0,0.32499999999999996
spread_only,2,2026-06-25T20:08:34.804565+00:00,0xee90821efc94653c995d4583794da5c87e3c033a1e0a24f1f4ee824d2357c750,BTC,NO,low,medium,medium,-0.06000000000000004,0.0050000000000000044,0.0,0.0,0.0,False,1.0,-0.06500000000000004
spread_only,2,2026-06-25T22:25:40.815254+00:00,0x42561c5c6f58ab741b19c250935435977309241d54a0c21753c74a382c8bf1ec,SOL,NO,low,high,medium,0.05500000000000001,0.02999999999999997,0.0,0.0,0.0,False,1.0,0.025000000000000036
spread_only,2,2026-06-25T23:30:14.811724+00:00,0x78e6a3146dd778fc3150db6ba5f2fe3b701ff446bbaff21453236e84bee5434d,SOL,NO,medium,high,medium,0.039999999999999994,0.024999999999999967,0.0,0.0,0.0,False,1.0,0.015000000000000027
spread_only,2,2026-06-25T23:37:52.815776+00:00,0x953e34839580df1f86da756ce29e11f3a83588f2d7c5a8b5146bbe13c3ad7f35,BTC,NO,low,medium,medium,0.38,0.0050000000000000044,0.0,0.0,0.0,False,1.0,0.375
spread_only,2,2026-06-26T02:21:20.818691+00:00,0xe92b6aa7834be28be01989eb9239f7bc730eef595bb9081c81db7640532437a3,SOL,NO,low,medium,medium,0.020000000000000035,0.0050000000000000044,0.0,0.0,0.0,False,1.0,0.01500000000000003
spread_only,2,2026-06-26T02:31:04.812637+00:00,0x0d8fce3554cb6a7e22dac3a088ee1b258895693bde0bdce58ef37a2d50eb0f3a,ETH,YES,low,medium,medium,0.035000000000000045,0.010000000000000009,0.0,0.0,0.0,False,1.0,0.025000000000000036
spread_only,2,2026-06-26T02:35:42.806769+00:00,0x136e15d4a85563899e310f043e14992b3ea9f163c94c722c836f29143ac271f4,ETH,NO,low,medium,medium,0.04000000000000005,0.0050000000000000044,0.0,0.0,0.0,False,1.0,0.035000000000000045
spread_only,2,2026-06-26T02:40:48.805212+00:00,0x8e4bcd7de404304d78ffd6801cda6a969cd3550ebe3dbc28e4c0b8ff9938a14a,SOL,YES,low,medium,medium,0.13999999999999999,0.0050000000000000044,0.0,0.0,0.0,False,1.0,0.13499999999999998
spread_only,2,2026-06-26T02:51:38.817347+00:00,0xe508261496efeb201653b58e80e7f513fc39987412717485e6b55bb061579c69,ETH,NO,low,medium,medium,0.039999999999999994,0.0050000000000000044,0.0,0.0,0.0,False,1.0,0.03499999999999999
spread_only,2,2026-06-26T02:51:56.806004+00:00,0xe508261496efeb201653b58e80e7f513fc39987412717485e6b55bb061579c69,ETH,NO,low,medium,medium,0.030000000000000044,0.0050000000000000044,0.0,0.0,0.0,False,1.0,0.02500000000000004
spread_only,2,2026-06-26T02:52:32.804179+00:00,0xc3f03ff87f66c7f90f0170c31343b35b3d222c9592259bb603fe0832409a0fdf,BTC,NO,low,medium,medium,0.02999999999999999,0.0050000000000000044,0.0,0.0,0.0,False,1.0,0.024999999999999984
spread_only,2,2026-06-26T02:52:32.804179+00:00,0xe508261496efeb201653b58e80e7f513fc39987412717485e6b55bb061579c69,ETH,NO,low,medium,medium,0.06999999999999997,0.0050000000000000044,0.0,0.0,0.0,False,1.0,0.06499999999999996
spread_only,2,2026-06-26T02:57:22.804967+00:00,0x26d1ef52a5ebf5babad8932669762730e15bd1a446a00e43d9be96da4efc83c4,ETH,NO,low,medium,medium,0.115,0.0050000000000000044,0.0,0.0,0.0,False,1.0,0.11
spread_only,2,2026-06-26T03:00:38.803974+00:00,0x63edaf8ffd40b636dc86e7c49b6296c604d4ea5caa43b031869f3147e21dd62b,SOL,YES,low,high,medium,-0.085,0.05000000000000002,0.0,0.0,0.0,False,1.0,-0.135
spread_only,2,2026-06-26T03:01:24.814231+00:00,0xc358642287952e08f2fbbd5a90f7574d73a87685780ca454b0efda7e9e598cd4,ETH,NO,high,medium,medium,0.20500000000000004,0.0050000000000000044,0.0,0.0,0.0,False,1.0,0.20000000000000004
spread_only,2,2026-06-26T03:03:32.816621+00:00,0x63edaf8ffd40b636dc86e7c49b6296c604d4ea5caa43b031869f3147e21dd62b,SOL,YES,low,medium,medium,0.19000000000000009,0.0050000000000000044,0.0,0.0,0.0,False,1.0,0.18500000000000008
spread_only,2,2026-06-26T03:05:08.804343+00:00,0x45454c0281a47979043962ffc486828eaf366f6e60c61c60460810e7425f44a1,BTC,NO,low,medium,medium,0.059999999999999956,0.0050000000000000044,0.0,0.0,0.0,False,1.0,0.05499999999999995
spread_only,2,2026-06-26T03:06:02.818025+00:00,0xa16a5cae23414513a2199fe036ffb3c48978064e3c53b7d9b2ae57ee97de8bff,ETH,NO,low,medium,medium,0.045,0.0050000000000000044,0.0,0.0,0.0,False,1.0,0.039999999999999994
spread_only,2,2026-06-26T03:06:28.814788+00:00,0x200710e3e43d33b143ccd80d0a2e3a265017d2dc75281f8951b674131c3f26bb,SOL,NO,medium,high,medium,0.08499999999999998,0.020000000000000018,0.0,0.0,0.0,False,1.0,0.06499999999999996
spread_only,2,2026-06-26T03:16:38.807970+00:00,0x3fa0111e36690372aa90e248420ec855bd7c896e4868c9f32998c6f075384169,ETH,YES,low,medium,medium,0.11,0.0050000000000000044,0.0,0.0,0.0,False,1.0,0.105
spread_only,2,2026-06-26T03:32:26.818047+00:00,0x0b97e37bec2a876f4ff7b37c51c8895e26ea39d6e3a2d9cb9ddbe6b457ce8860,SOL,YES,high,high,medium,0.21000000000000005,0.024999999999999994,0.0,0.0,0.0,False,1.0,0.18500000000000005
spread_only,2,2026-06-26T03:55:08.803525+00:00,0x4899182aad7398c555f2a57cd6737598b159c5e6aa63bb73b798e6026f8b0094,SOL,NO,medium,low,medium,0.07999999999999997,0.004999999999999977,0.0,0.0,0.0,False,1.0,0.075
spread_only,2,2026-06-26T03:55:16.816237+00:00,0x4899182aad7398c555f2a57cd6737598b159c5e6aa63bb73b798e6026f8b0094,SOL,NO,low,low,medium,-0.08000000000000006,0.004999999999999977,0.0,0.0,0.0,False,1.0,-0.08500000000000003
spread_only,2,2026-06-26T03:57:48.804438+00:00,0x4899182aad7398c555f2a57cd6737598b159c5e6aa63bb73b798e6026f8b0094,SOL,NO,medium,high,medium,-0.055000000000000035,0.03,0.0,0.0,0.0,False,1.0,-0.08500000000000003
spread_only,2,2026-06-26T03:57:58.809960+00:00,0x4899182aad7398c555f2a57cd6737598b159c5e6aa63bb73b798e6026f8b0094,SOL,NO,low,high,medium,0.035000000000000045,0.020000000000000018,0.0,0.0,0.0,False,1.0,0.015000000000000027
spread_only,2,2026-06-26T03:58:02.810248+00:00,0x4899182aad7398c555f2a57cd6737598b159c5e6aa63bb73b798e6026f8b0094,SOL,NO,medium,medium,medium,0.08999999999999998,0.0050000000000000044,0.0,0.0,0.0,False,1.0,0.08499999999999998
spread_only,2,2026-06-26T03:58:28.812680+00:00,0x4899182aad7398c555f2a57cd6737598b159c5e6aa63bb73b798e6026f8b0094,SOL,NO,medium,medium,medium,0.059999999999999956,0.0050000000000000044,0.0,0.0,0.0,False,1.0,0.05499999999999995
spread_only,2,2026-06-26T04:00:06.817578+00:00,0xa931c0e10d5530f989373caa003629057063609e4005786b743bae537c217c34,SOL,NO,low,medium,medium,0.05499999999999995,0.010000000000000009,0.0,0.0,0.0,False,1.0,0.04499999999999994
spread_only,2,2026-06-26T04:00:20.812413+00:00,0x63cab951a7245a6f73b6e5e26a09e371e2feeeecc1e604537033a6353bf3944e,BTC,NO,medium,medium,medium,0.06500000000000002,0.0050000000000000044,0.0,0.0,0.0,False,1.0,0.06000000000000001
spread_only,2,2026-06-26T04:00:22.803330+00:00,0x63cab951a7245a6f73b6e5e26a09e371e2feeeecc1e604537033a6353bf3944e,BTC,NO,medium,medium,medium,0.14499999999999993,0.009999999999999981,0.0,0.0,0.0,False,1.0,0.13499999999999995
spread_only,2,2026-06-26T06:53:30.812574+00:00,0x4ff498fe655344b90bf7a5b904a79a24821ad4553fd49596772479324346a029,SOL,NO,medium,high,medium,0.024999999999999984,0.03999999999999998,0.0,0.0,0.0,False,1.0,-0.014999999999999996
spread_only,2,2026-06-26T06:53:32.804327+00:00,0x4ff498fe655344b90bf7a5b904a79a24821ad4553fd49596772479324346a029,SOL,NO,medium,medium,medium,-0.06999999999999999,0.0050000000000000044,0.0,0.0,0.0,False,1.0,-0.075
spread_only,2,2026-06-26T07:05:48.811781+00:00,0x43005d0675491621f54ab6875a6c632e3ee1d0ec2022689ceef619343b23aa90,SOL,NO,low,medium,medium,0.029999999999999933,0.0050000000000000044,0.0,0.0,0.0,False,1.0,0.02499999999999993
spread_only,2,2026-06-26T07:06:38.804569+00:00,0x43005d0675491621f54ab6875a6c632e3ee1d0ec2022689ceef619343b23aa90,SOL,NO,low,medium,medium,-0.11000000000000003,0.0050000000000000044,0.0,0.0,0.0,False,1.0,-0.11500000000000003
spread_only,2,2026-06-26T07:06:40.809802+00:00,0x43005d0675491621f54ab6875a6c632e3ee1d0ec2022689ceef619343b23aa90,SOL,NO,low,medium,medium,-0.059999999999999984,0.0050000000000000044,0.0,0.0,0.0,False,1.0,-0.06499999999999999
spread_only,2,2026-06-26T07:08:32.818104+00:00,0x43005d0675491621f54ab6875a6c632e3ee1d0ec2022689ceef619343b23aa90,SOL,NO,low,medium,medium,-0.07000000000000005,0.0050000000000000044,0.0,0.0,0.0,False,1.0,-0.07500000000000005
spread_only,2,2026-06-26T07:40:34.806231+00:00,0xd26cee061a5b0d0f82fcb2457d5de1bb3334659b47dff621b8d511e56e10a868,BTC,NO,low,medium,medium,0.020000000000000035,0.0050000000000000044,0.0,0.0,0.0,False,1.0,0.01500000000000003
spread_only,2,2026-06-26T07:40:34.806231+00:00,0xc84d4d834953770775dc2fef52283e2d3ae621102db7672f438730406001fa49,ETH,NO,low,medium,medium,0.11,0.010000000000000009,0.0,0.0,0.0,False,1.0,0.09999999999999999
spread_only,2,2026-06-26T07:40:36.812020+00:00,0xd26cee061a5b0d0f82fcb2457d5de1bb3334659b47dff621b8d511e56e10a868,BTC,NO,low,medium,medium,0.019999999999999924,0.0050000000000000044,0.0,0.0,0.0,False,1.0,0.01499999999999992
spread_only,2,2026-06-26T07:45:32.818637+00:00,0x7f26a6a9237c0ddf229911a7c90349ed1f8b495468cbf2c8182a92f7cfc7a0e8,ETH,YES,low,medium,medium,0.06000000000000001,0.0050000000000000044,0.0,0.0,0.0,False,1.0,0.05500000000000001
spread_only,2,2026-06-26T07:45:38.808508+00:00,0x7f26a6a9237c0ddf229911a7c90349ed1f8b495468cbf2c8182a92f7cfc7a0e8,ETH,YES,low,medium,medium,0.039999999999999994,0.0050000000000000044,0.0,0.0,0.0,False,1.0,0.03499999999999999
spread_only,2,2026-06-26T08:00:30.814345+00:00,0xe6a382ea25b9a95e964f4832e995c5e02cc31115908a9ef32975a67d8f3ede20,SOL,NO,low,medium,medium,0.10499999999999994,0.0050000000000000044,0.0,0.0,0.0,False,1.0,0.09999999999999994
spread_only,3,2026-07-01T21:38:34.364551+00:00,0xccddd1603d20c4477f2ac4e9f226747d540c9f0fe9ebc85b76cbdd992afa90a5,SOL,YES,low,medium,low,0.18999999999999997,0.0050000000000000044,0.0,0.0,0.0,False,1.0,0.18499999999999997
spread_only,3,2026-07-01T21:40:16.374459+00:00,0x1e62581fd9a1f2400a72b0ace91b1149d1dd03a3202a315563efea9499e0e23b,BTC,YES,low,medium,low,0.05000000000000006,0.0050000000000000044,0.0,0.0,0.0,False,1.0,0.045000000000000054
spread_only,3,2026-07-01T21:40:22.365273+00:00,0x4c09abece310efe0c502e2b081a875d0020f5b30af3c45f19145efd6b791df0b,ETH,YES,medium,medium,low,0.06500000000000002,0.0050000000000000044,0.0,0.0,0.0,False,1.0,0.06000000000000001
spread_only,3,2026-07-01T21:40:22.365273+00:00,0x2729a97dbed765fa7f38618dc0399548892a2600fac0138be2d913602762d5e7,SOL,YES,low,medium,low,0.039999999999999994,0.0050000000000000044,0.0,0.0,0.0,False,1.0,0.03499999999999999
spread_only,3,2026-07-01T21:40:24.371334+00:00,0x2729a97dbed765fa7f38618dc0399548892a2600fac0138be2d913602762d5e7,SOL,YES,low,medium,low,0.08999999999999998,0.0050000000000000044,0.0,0.0,0.0,False,1.0,0.08499999999999998
spread_only,3,2026-07-01T21:41:12.371170+00:00,0x2729a97dbed765fa7f38618dc0399548892a2600fac0138be2d913602762d5e7,SOL,YES,low,medium,low,0.04000000000000005,0.0050000000000000044,0.0,0.0,0.0,False,1.0,0.035000000000000045
spread_only,3,2026-07-01T21:41:40.369327+00:00,0x2729a97dbed765fa7f38618dc0399548892a2600fac0138be2d913602762d5e7,SOL,YES,low,medium,low,-0.059999999999999984,0.0050000000000000044,0.0,0.0,0.0,False,1.0,-0.06499999999999999
spread_only,3,2026-07-01T21:41:46.372488+00:00,0x2729a97dbed765fa7f38618dc0399548892a2600fac0138be2d913602762d5e7,SOL,YES,low,medium,low,0.039999999999999994,0.0050000000000000044,0.0,0.0,0.0,False,1.0,0.03499999999999999
spread_only,3,2026-07-01T21:42:04.370096+00:00,0x2729a97dbed765fa7f38618dc0399548892a2600fac0138be2d913602762d5e7,SOL,YES,low,low,low,-0.07500000000000005,0.004999999999999977,0.0,0.0,0.0,False,1.0,-0.08000000000000003
spread_only,3,2026-07-01T21:43:34.364596+00:00,0x4c09abece310efe0c502e2b081a875d0020f5b30af3c45f19145efd6b791df0b,ETH,YES,low,medium,low,0.010000000000000026,0.0050000000000000044,0.0,0.0,0.0,False,1.0,0.005000000000000022
spread_only,3,2026-07-01T21:43:36.369953+00:00,0x4c09abece310efe0c502e2b081a875d0020f5b30af3c45f19145efd6b791df0b,ETH,YES,low,medium,low,0.01999999999999998,0.0050000000000000044,0.0,0.0,0.0,False,1.0,0.014999999999999975
spread_only,3,2026-07-01T21:43:40.367946+00:00,0x4c09abece310efe0c502e2b081a875d0020f5b30af3c45f19145efd6b791df0b,ETH,YES,low,medium,low,0.039999999999999994,0.0050000000000000044,0.0,0.0,0.0,False,1.0,0.03499999999999999
spread_only,3,2026-07-01T21:52:36.373289+00:00,0x0dcd227003d8b96eb66b8db71c3ef9f315a3aae8716e4d49d11b359a8b6c27fa,ETH,YES,low,low,low,0.3499999999999999,0.004999999999999977,0.0,0.0,0.0,False,1.0,0.345
spread_only,3,2026-07-01T22:25:06.371629+00:00,0x3eadf4ee01511b615676265099963fabcf242d0d9e7b7e4b982686e0262ce98b,ETH,YES,low,medium,medium,0.020000000000000035,0.0050000000000000044,0.0,0.0,0.0,False,1.0,0.01500000000000003
spread_only,3,2026-07-01T22:25:44.366323+00:00,0x2b139d670d2706c6264dad011bc4e96df04633695a4fc75b669830f39f6693ce,BTC,NO,low,medium,medium,0.020000000000000035,0.0050000000000000044,0.0,0.0,0.0,False,1.0,0.01500000000000003
spread_only,3,2026-07-01T22:25:46.373589+00:00,0x2b139d670d2706c6264dad011bc4e96df04633695a4fc75b669830f39f6693ce,BTC,NO,low,medium,low,0.020000000000000035,0.0050000000000000044,0.0,0.0,0.0,False,1.0,0.01500000000000003
spread_only,3,2026-07-01T22:25:48.363737+00:00,0x2b139d670d2706c6264dad011bc4e96df04633695a4fc75b669830f39f6693ce,BTC,NO,low,low,low,0.03999999999999994,0.004999999999999977,0.0,0.0,0.0,False,1.0,0.03499999999999996
spread_only,3,2026-07-01T22:25:50.368975+00:00,0x2b139d670d2706c6264dad011bc4e96df04633695a4fc75b669830f39f6693ce,BTC,NO,medium,low,medium,-0.05999999999999993,0.004999999999999977,0.0,0.0,0.0,False,1.0,-0.0649999999999999
spread_only,3,2026-07-01T22:25:56.371175+00:00,0x2b139d670d2706c6264dad011bc4e96df04633695a4fc75b669830f39f6693ce,BTC,NO,medium,medium,medium,0.019999999999999924,0.0050000000000000044,0.0,0.0,0.0,False,1.0,0.01499999999999992
spread_only,3,2026-07-01T22:25:58.364472+00:00,0x071de439b9cfba5f3b67356a7c3b0685206f6f943a789b6467311d34691aa135,SOL,NO,low,medium,low,0.010000000000000026,0.0050000000000000044,0.0,0.0,0.0,False,1.0,0.005000000000000022
spread_only,3,2026-07-01T22:26:00.369709+00:00,0x2b139d670d2706c6264dad011bc4e96df04633695a4fc75b669830f39f6693ce,BTC,NO,medium,low,medium,0.02500000000000004,0.004999999999999977,0.0,0.0,0.0,False,1.0,0.020000000000000063
spread_only,3,2026-07-01T22:31:02.362104+00:00,0x5330f3288d309b2bb246086f6cf4d139e782acd5b44784839259604ae5e9f369,BTC,NO,low,low,low,0.05500000000000001,0.004999999999999949,0.0,0.0,0.0,False,1.0,0.05000000000000006
spread_only,3,2026-07-01T22:31:16.364882+00:00,0x5330f3288d309b2bb246086f6cf4d139e782acd5b44784839259604ae5e9f369,BTC,NO,low,medium,low,0.03499999999999999,0.010000000000000009,0.0,0.0,0.0,False,1.0,0.02499999999999998
spread_only,3,2026-07-01T22:31:16.364882+00:00,0x8145a3bfddc61cdf01d45026aed596f0878c260884e8315caa000f5e42143a61,ETH,NO,low,medium,low,0.039999999999999994,0.014999999999999958,0.0,0.0,0.0,False,1.0,0.025000000000000036
spread_only,3,2026-07-01T22:31:18.370517+00:00,0x5330f3288d309b2bb246086f6cf4d139e782acd5b44784839259604ae5e9f369,BTC,NO,low,medium,medium,0.010000000000000026,0.0050000000000000044,0.0,0.0,0.0,False,1.0,0.005000000000000022
spread_only,3,2026-07-01T22:31:20.361313+00:00,0x8145a3bfddc61cdf01d45026aed596f0878c260884e8315caa000f5e42143a61,ETH,NO,low,medium,low,-0.05000000000000003,0.0050000000000000044,0.0,0.0,0.0,False,1.0,-0.055000000000000035
spread_only,3,2026-07-01T22:31:22.369278+00:00,0x8145a3bfddc61cdf01d45026aed596f0878c260884e8315caa000f5e42143a61,ETH,NO,low,medium,low,-0.08999999999999996,0.0050000000000000044,0.0,0.0,0.0,False,1.0,-0.09499999999999996
spread_only,3,2026-07-01T22:31:34.363478+00:00,0x5330f3288d309b2bb246086f6cf4d139e782acd5b44784839259604ae5e9f369,BTC,NO,low,medium,low,0.030000000000000044,0.0050000000000000044,0.0,0.0,0.0,False,1.0,0.02500000000000004
spread_only,3,2026-07-01T22:32:00.371088+00:00,0x26690f30c8250f214c3c585bafacecfe21ca18c719caac4709c063c6d47267b4,SOL,NO,low,medium,medium,0.045,0.010000000000000009,0.0,0.0,0.0,False,1.0,0.03499999999999999
spread_only,3,2026-07-01T22:32:02.361988+00:00,0x26690f30c8250f214c3c585bafacecfe21ca18c719caac4709c063c6d47267b4,SOL,NO,low,medium,medium,0.020000000000000035,0.0050000000000000044,0.0,0.0,0.0,False,1.0,0.01500000000000003
spread_only,3,2026-07-01T22:32:06.360504+00:00,0x26690f30c8250f214c3c585bafacecfe21ca18c719caac4709c063c6d47267b4,SOL,NO,low,high,medium,-0.05000000000000003,0.015000000000000013,0.0,0.0,0.0,False,1.0,-0.06500000000000004
spread_only,3,2026-07-01T22:32:10.374054+00:00,0x26690f30c8250f214c3c585bafacecfe21ca18c719caac4709c063c6d47267b4,SOL,NO,low,medium,low,-0.13999999999999999,0.0050000000000000044,0.0,0.0,0.0,False,1.0,-0.145
spread_only,3,2026-07-01T22:32:18.369405+00:00,0x8145a3bfddc61cdf01d45026aed596f0878c260884e8315caa000f5e42143a61,ETH,NO,low,medium,medium,0.059999999999999956,0.0050000000000000044,0.0,0.0,0.0,False,1.0,0.05499999999999995
spread_only,3,2026-07-01T22:32:22.368939+00:00,0x5330f3288d309b2bb246086f6cf4d139e782acd5b44784839259604ae5e9f369,BTC,NO,low,medium,medium,0.010000000000000026,0.0050000000000000044,0.0,0.0,0.0,False,1.0,0.005000000000000022
spread_only,3,2026-07-01T22:32:28.372665+00:00,0x8145a3bfddc61cdf01d45026aed596f0878c260884e8315caa000f5e42143a61,ETH,NO,low,medium,low,-0.09500000000000001,0.0050000000000000044,0.0,0.0,0.0,False,1.0,-0.10000000000000002
spread_only,3,2026-07-01T22:32:54.365688+00:00,0x8145a3bfddc61cdf01d45026aed596f0878c260884e8315caa000f5e42143a61,ETH,NO,low,medium,low,0.05,0.0050000000000000044,0.0,0.0,0.0,False,1.0,0.045
spread_only,3,2026-07-01T22:33:02.361345+00:00,0x5330f3288d309b2bb246086f6cf4d139e782acd5b44784839259604ae5e9f369,BTC,NO,medium,medium,medium,0.13000000000000003,0.0050000000000000044,0.0,0.0,0.0,False,1.0,0.12500000000000003
spread_only,3,2026-07-01T22:33:02.361345+00:00,0x8145a3bfddc61cdf01d45026aed596f0878c260884e8315caa000f5e42143a61,ETH,NO,low,medium,low,0.09999999999999999,0.0050000000000000044,0.0,0.0,0.0,False,1.0,0.09499999999999999
spread_only,3,2026-07-01T22:33:02.361345+00:00,0x26690f30c8250f214c3c585bafacecfe21ca18c719caac4709c063c6d47267b4,SOL,NO,low,medium,low,0.07500000000000002,0.010000000000000009,0.0,0.0,0.0,False,1.0,0.06500000000000002
spread_only,3,2026-07-01T22:33:04.368866+00:00,0x26690f30c8250f214c3c585bafacecfe21ca18c719caac4709c063c6d47267b4,SOL,NO,low,medium,low,0.05,0.0050000000000000044,0.0,0.0,0.0,False,1.0,0.045
spread_only,3,2026-07-01T22:33:20.375116+00:00,0x5330f3288d309b2bb246086f6cf4d139e782acd5b44784839259604ae5e9f369,BTC,NO,low,medium,low,0.03999999999999994,0.0050000000000000044,0.0,0.0,0.0,False,1.0,0.034999999999999934
spread_only,3,2026-07-01T22:33:22.368132+00:00,0x26690f30c8250f214c3c585bafacecfe21ca18c719caac4709c063c6d47267b4,SOL,NO,medium,medium,low,0.22000000000000006,0.0050000000000000044,0.0,0.0,0.0,False,1.0,0.21500000000000005
spread_only,3,2026-07-01T22:33:58.367410+00:00,0x26690f30c8250f214c3c585bafacecfe21ca18c719caac4709c063c6d47267b4,SOL,NO,low,medium,low,-0.12999999999999998,0.0050000000000000044,0.0,0.0,0.0,False,1.0,-0.13499999999999998
spread_only,3,2026-07-01T22:36:04.365503+00:00,0x06bf7937a18769d86039ea4ed35e5e8edd2a5c73d2ee04faffe90363450f8e3c,SOL,YES,low,medium,low,0.12499999999999996,0.0050000000000000044,0.0,0.0,0.0,False,1.0,0.11999999999999995
spread_only,3,2026-07-01T23:41:58.370401+00:00,0x8d22580ded9a1c9bb43a9581787566efeccc0dff2ba6843eef73d5789b5ad805,SOL,NO,low,low,medium,0.29,0.004999999999999949,0.0,0.0,0.0,False,1.0,0.28500000000000003
spread_only,3,2026-07-02T00:15:04.370549+00:00,0xa961035fe332ff6a397489f4b23cb720ae57b84d866a526858b47a7300270c12,SOL,YES,low,medium,medium,0.06999999999999997,0.0050000000000000044,0.0,0.0,0.0,False,1.0,0.06499999999999996
spread_only,3,2026-07-02T00:36:00.373439+00:00,0x0b7afa9b0852f4da0eb237bf817bcb7f8aef5e68dd95d52baba20abc06c16376,SOL,YES,low,medium,medium,0.010000000000000026,0.0050000000000000044,0.0,0.0,0.0,False,1.0,0.005000000000000022
spread_only,3,2026-07-02T02:22:40.364603+00:00,0x8388cdf918fa7cb09ae4a5325b4c5f307e17be11af5350e73ae08cf56bb4fece,ETH,NO,low,medium,medium,0.059999999999999956,0.0050000000000000044,0.0,0.0,0.0,False,1.0,0.05499999999999995
spread_only,3,2026-07-02T02:30:34.366427+00:00,0xb3e27db391946f1a5ab1d3c3b4a5b8c59d663d3684d960d98f37b7def0df3075,ETH,NO,low,low,medium,0.039999999999999994,0.004999999999999949,0.0,0.0,0.0,False,1.0,0.035000000000000045
spread_only,3,2026-07-02T02:30:38.363447+00:00,0xb3e27db391946f1a5ab1d3c3b4a5b8c59d663d3684d960d98f37b7def0df3075,ETH,NO,low,medium,medium,0.030000000000000044,0.0050000000000000044,0.0,0.0,0.0,False,1.0,0.02500000000000004
spread_only,3,2026-07-02T03:06:42.363431+00:00,0xd97c09881b1dc40d77cafc681e2b0b8577f654e19c6a1a83914d678d7f9bdf2c,SOL,YES,low,medium,medium,0.059999999999999956,0.0050000000000000044,0.0,0.0,0.0,False,1.0,0.05499999999999995
spread_only,3,2026-07-02T03:38:34.375507+00:00,0xd69c5b7ce1b66fe7745e070b544d04de2517e4b2093ff8309c5573bb8b38ce57,SOL,YES,low,medium,medium,0.13999999999999999,0.0050000000000000044,0.0,0.0,0.0,False,1.0,0.13499999999999998
spread_only,3,2026-07-02T03:50:04.372378+00:00,0xcd593facad3a6092d5974b7ee969c8f3ff778c58031a7baac893ebf627d14b9d,ETH,YES,high,medium,medium,0.24000000000000002,0.0050000000000000044,0.0,0.0,0.0,False,1.0,0.23500000000000001
spread_only,3,2026-07-02T03:58:18.368322+00:00,0x947e5ddb9a353ecb65bc2faa7bce21ded36808053545239573a7c43756401557,SOL,NO,low,medium,medium,0.059999999999999956,0.0050000000000000044,0.0,0.0,0.0,False,1.0,0.05499999999999995
spread_only,3,2026-07-02T04:22:28.365589+00:00,0x8552d47c45da4f6202022c51d4d7ff51b0064f2cd42e482f6fc524d37f7ed891,SOL,NO,low,medium,medium,0.08999999999999998,0.0050000000000000044,0.0,0.0,0.0,False,1.0,0.08499999999999998
spread_only,3,2026-07-02T06:11:32.366824+00:00,0xbd4e2fd8dfbdf679456a5c936fa4db4595434055fa7990b727e863efdb73d6fe,SOL,YES,low,medium,medium,0.09999999999999999,0.010000000000000009,0.0,0.0,0.0,False,1.0,0.08999999999999998
spread_only,3,2026-07-02T07:55:46.373480+00:00,0x80bb349ee2b85081e290db4561ebb007ca2a8b5721eec05ce98488d10dbdc84f,ETH,NO,low,medium,medium,-0.07000000000000005,0.0050000000000000044,0.0,0.0,0.0,False,1.0,-0.07500000000000005
spread_only,3,2026-07-02T07:57:42.360831+00:00,0xf9f5ce604030e965827e405652c34595fca9803264f266f106ead15d7fbb64ac,BTC,YES,low,medium,medium,-0.17,0.010000000000000009,0.0,0.0,0.0,False,1.0,-0.18000000000000002
spread_only,3,2026-07-02T07:57:44.366499+00:00,0xf9f5ce604030e965827e405652c34595fca9803264f266f106ead15d7fbb64ac,BTC,YES,low,high,medium,0.08499999999999998,0.020000000000000004,0.0,0.0,0.0,False,1.0,0.06499999999999997
spread_only,3,2026-07-02T08:08:54.370330+00:00,0x217a508e23290f5918a6837d836f77a3f88255f2e4fe43a9a2cce242409a7db6,ETH,YES,low,medium,high,-0.02,0.0050000000000000044,0.0,0.0,0.0,False,1.0,-0.025000000000000005
spread_only,3,2026-07-02T08:31:14.363819+00:00,0x5d2ccbd18015d1eb9a97902f684b591555d9a4ff0610ff201c2f1f8538a929b1,SOL,YES,low,medium,medium,0.01999999999999998,0.0050000000000000044,0.0,0.0,0.0,False,1.0,0.014999999999999975
spread_only,3,2026-07-02T08:31:18.364598+00:00,0x5d2ccbd18015d1eb9a97902f684b591555d9a4ff0610ff201c2f1f8538a929b1,SOL,YES,low,medium,medium,0.09500000000000004,0.0050000000000000044,0.0,0.0,0.0,False,1.0,0.09000000000000004
spread_only,3,2026-07-02T09:00:24.371490+00:00,0x96ddd482cd2ee1a173dbde4538ed2007620845c0e462dbfcc969d36209beb1ce,SOL,NO,low,medium,medium,-0.059999999999999984,0.0050000000000000044,0.0,0.0,0.0,False,1.0,-0.06499999999999999
spread_only,3,2026-07-02T09:00:34.362867+00:00,0x96ddd482cd2ee1a173dbde4538ed2007620845c0e462dbfcc969d36209beb1ce,SOL,NO,low,medium,medium,0.09999999999999994,0.0050000000000000044,0.0,0.0,0.0,False,1.0,0.09499999999999993
spread_only,3,2026-07-02T09:00:48.368690+00:00,0x96ddd482cd2ee1a173dbde4538ed2007620845c0e462dbfcc969d36209beb1ce,SOL,NO,low,high,medium,0.04499999999999994,0.020000000000000018,0.0,0.0,0.0,False,1.0,0.024999999999999925
spread_only,3,2026-07-02T09:00:52.369633+00:00,0x96ddd482cd2ee1a173dbde4538ed2007620845c0e462dbfcc969d36209beb1ce,SOL,NO,low,medium,medium,0.04999999999999995,0.0050000000000000044,0.0,0.0,0.0,False,1.0,0.04499999999999994
spread_only,3,2026-07-02T09:01:04.370531+00:00,0x96ddd482cd2ee1a173dbde4538ed2007620845c0e462dbfcc969d36209beb1ce,SOL,NO,low,medium,medium,0.010000000000000026,0.0050000000000000044,0.0,0.0,0.0,False,1.0,0.005000000000000022
spread_only,3,2026-07-02T09:01:06.361857+00:00,0x96ddd482cd2ee1a173dbde4538ed2007620845c0e462dbfcc969d36209beb1ce,SOL,NO,low,medium,medium,0.010000000000000026,0.0050000000000000044,0.0,0.0,0.0,False,1.0,0.005000000000000022
spread_only,3,2026-07-02T09:10:36.374495+00:00,0xbe2fec169e982831aa0a3f5a98442f7e0793c4af803bb920266ae6a7d43b3101,SOL,YES,low,medium,medium,-0.06999999999999999,0.0050000000000000044,0.0,0.0,0.0,False,1.0,-0.075
spread_only,3,2026-07-02T09:11:08.370966+00:00,0xbe2fec169e982831aa0a3f5a98442f7e0793c4af803bb920266ae6a7d43b3101,SOL,YES,low,medium,medium,0.010000000000000026,0.0050000000000000044,0.0,0.0,0.0,False,1.0,0.005000000000000022
spread_only,3,2026-07-02T09:26:52.371394+00:00,0xe41189d0cceabac9697f126f3ff12806192b7fb894edecb0106a0cc6738db731,ETH,YES,low,medium,medium,0.30999999999999994,0.0050000000000000044,0.0,0.0,0.0,False,1.0,0.30499999999999994
spread_only,3,2026-07-02T09:35:10.366702+00:00,0x22928e0772859e6323b5722fc85857ebc2843ce5f3002b574d2bfdaa76aefda9,SOL,YES,low,medium,medium,0.02999999999999999,0.0050000000000000044,0.0,0.0,0.0,False,1.0,0.024999999999999984
spread_only,3,2026-07-02T09:55:44.372085+00:00,0x76314474e6d37d9996d64a209cef82a7d8ccbce36c7c87add2f24e7497a7816c,BTC,NO,low,high,medium,0.09999999999999999,0.035,0.0,0.0,0.0,False,1.0,0.06499999999999999
spread_only,3,2026-07-02T09:55:54.363634+00:00,0x1f1dd57c6e8f84731f3eca11a122596fc016822900b9a36563483ec6f84c36d4,SOL,NO,low,medium,medium,-0.08,0.0050000000000000044,0.0,0.0,0.0,False,1.0,-0.085
spread_only,3,2026-07-02T09:56:18.361978+00:00,0x1f1dd57c6e8f84731f3eca11a122596fc016822900b9a36563483ec6f84c36d4,SOL,NO,low,medium,medium,0.035000000000000045,0.010000000000000009,0.0,0.0,0.0,False,1.0,0.025000000000000036
spread_only,3,2026-07-02T09:56:24.369489+00:00,0x1f1dd57c6e8f84731f3eca11a122596fc016822900b9a36563483ec6f84c36d4,SOL,NO,low,medium,medium,0.059999999999999956,0.0050000000000000044,0.0,0.0,0.0,False,1.0,0.05499999999999995
spread_only,3,2026-07-02T09:56:42.365883+00:00,0x76314474e6d37d9996d64a209cef82a7d8ccbce36c7c87add2f24e7497a7816c,BTC,NO,low,medium,medium,0.03999999999999994,0.0050000000000000044,0.0,0.0,0.0,False,1.0,0.034999999999999934
spread_only,3,2026-07-02T09:56:46.366917+00:00,0x76314474e6d37d9996d64a209cef82a7d8ccbce36c7c87add2f24e7497a7816c,BTC,NO,low,medium,medium,0.010000000000000026,0.0050000000000000044,0.0,0.0,0.0,False,1.0,0.005000000000000022
spread_only,3,2026-07-02T09:58:16.363073+00:00,0x1f1dd57c6e8f84731f3eca11a122596fc016822900b9a36563483ec6f84c36d4,SOL,NO,low,medium,medium,0.03999999999999994,0.0050000000000000044,0.0,0.0,0.0,False,1.0,0.034999999999999934
spread_only,3,2026-07-02T10:28:54.362470+00:00,0x5b8a5202ab816574a4572fb9d28ff7ada354d9668318b56a3644f04c39738f84,SOL,NO,low,medium,medium,0.04000000000000005,0.0050000000000000044,0.0,0.0,0.0,False,1.0,0.035000000000000045
spread_only,3,2026-07-02T10:28:56.368829+00:00,0x5b8a5202ab816574a4572fb9d28ff7ada354d9668318b56a3644f04c39738f84,SOL,NO,low,medium,medium,0.01999999999999998,0.0050000000000000044,0.0,0.0,0.0,False,1.0,0.014999999999999975
spread_only,3,2026-07-02T10:33:10.363766+00:00,0x6700add2442ac52e76696ea3dd458416e2e1d5ab9e770499a85347b7e866d616,SOL,YES,low,medium,medium,0.25,0.0050000000000000044,0.0,0.0,0.0,False,1.0,0.245
spread_only,3,2026-07-02T10:37:00.364893+00:00,0x465c10bb8102a8ec311965c7f7b77727b332f80e8cd87847b212b6350accd796,SOL,YES,medium,medium,medium,0.06500000000000002,0.0050000000000000044,0.0,0.0,0.0,False,1.0,0.06000000000000001
spread_only,3,2026-07-02T10:40:18.374682+00:00,0xb6fcc6f9d2dd9571635233fc09a863999351b0fdcf8df2b3a54b65954c4156d0,SOL,NO,medium,medium,medium,0.06999999999999997,0.0050000000000000044,0.0,0.0,0.0,False,1.0,0.06499999999999996
spread_only,3,2026-07-02T10:55:06.372034+00:00,0x88416fcd563a9ffe6e611423ab3340c17488dc22b7d96f92571269bffc042195,SOL,NO,low,medium,medium,0.01499999999999992,0.0050000000000000044,0.0,0.0,0.0,False,1.0,0.009999999999999915
spread_only,3,2026-07-02T11:00:12.369501+00:00,0x7a3fd80678cd42bf2a8b58076455dbb4318bf9108db524760e8b4127b426fa76,SOL,NO,low,medium,medium,0.03999999999999994,0.0050000000000000044,0.0,0.0,0.0,False,1.0,0.034999999999999934
spread_only,3,2026-07-02T11:10:20.365901+00:00,0xae1161ad8055f5b09cd7c8038ea97feb7f79f231202f647ce33f68cdce265897,SOL,YES,high,high,medium,0.215,0.01999999999999999,0.0,0.0,0.0,False,1.0,0.195
spread_only,3,2026-07-02T12:10:22.361984+00:00,0x8362eee619c3c068724b9acc69306f29dd57c5fb122ca23de731c60f166d74d8,SOL,NO,low,medium,medium,0.010000000000000026,0.0050000000000000044,0.0,0.0,0.0,False,1.0,0.005000000000000022
spread_only,3,2026-07-02T12:10:26.361078+00:00,0x8362eee619c3c068724b9acc69306f29dd57c5fb122ca23de731c60f166d74d8,SOL,NO,low,medium,medium,-0.059999999999999984,0.0050000000000000044,0.0,0.0,0.0,False,1.0,-0.06499999999999999
spread_only,3,2026-07-02T12:11:18.362800+00:00,0x8362eee619c3c068724b9acc69306f29dd57c5fb122ca23de731c60f166d74d8,SOL,NO,low,medium,medium,0.05,0.0050000000000000044,0.0,0.0,0.0,False,1.0,0.045
spread_only,3,2026-07-02T12:12:22.363070+00:00,0x8362eee619c3c068724b9acc69306f29dd57c5fb122ca23de731c60f166d74d8,SOL,NO,low,medium,medium,0.030000000000000044,0.0050000000000000044,0.0,0.0,0.0,False,1.0,0.02500000000000004
spread_only,3,2026-07-02T12:13:38.365899+00:00,0x8362eee619c3c068724b9acc69306f29dd57c5fb122ca23de731c60f166d74d8,SOL,NO,medium,high,medium,0.23500000000000001,0.06999999999999998,0.0,0.0,0.0,False,1.0,0.16500000000000004
spread_only,3,2026-07-02T12:20:04.364161+00:00,0x94bb631dd01221e07f00ab03feccab66c46ce389a1e7d203fe282aa6d209c589,SOL,YES,low,medium,medium,0.029999999999999933,0.0050000000000000044,0.0,0.0,0.0,False,1.0,0.02499999999999993
spread_only,3,2026-07-02T12:30:04.364786+00:00,0x9215a5c313d78c2a336728a748b73687bc826021a656e9a0d76746f2f5023043,BTC,YES,high,medium,medium,0.265,0.009999999999999981,0.0,0.0,0.0,False,1.0,0.255
spread_only,3,2026-07-02T12:30:16.366322+00:00,0xfdd4d7f9eadc398c0df23a59aadb9ee61a56855c54b6ac9520602a5973e42087,SOL,YES,low,high,medium,-0.13999999999999999,0.035,0.0,0.0,0.0,False,1.0,-0.175
spread_only,3,2026-07-02T12:30:20.366935+00:00,0xfdd4d7f9eadc398c0df23a59aadb9ee61a56855c54b6ac9520602a5973e42087,SOL,YES,low,high,medium,0.02999999999999999,0.015000000000000013,0.0,0.0,0.0,False,1.0,0.014999999999999975
spread_only,3,2026-07-02T12:30:22.364919+00:00,0xfdd4d7f9eadc398c0df23a59aadb9ee61a56855c54b6ac9520602a5973e42087,SOL,YES,low,medium,medium,-0.13999999999999999,0.0050000000000000044,0.0,0.0,0.0,False,1.0,-0.145
spread_only,3,2026-07-02T12:30:36.362455+00:00,0xfdd4d7f9eadc398c0df23a59aadb9ee61a56855c54b6ac9520602a5973e42087,SOL,YES,low,medium,medium,0.12999999999999998,0.0050000000000000044,0.0,0.0,0.0,False,1.0,0.12499999999999997
spread_only,3,2026-07-02T12:31:22.373383+00:00,0x988287eee8e697b0d1d2625d38528f0175f8d3b585148a236428390c8e5bd7a0,ETH,NO,low,medium,medium,0.034999999999999934,0.010000000000000009,0.0,0.0,0.0,False,1.0,0.024999999999999925
spread_only,3,2026-07-02T12:31:28.373272+00:00,0x9215a5c313d78c2a336728a748b73687bc826021a656e9a0d76746f2f5023043,BTC,NO,low,high,medium,0.05500000000000001,0.03999999999999998,0.0,0.0,0.0,False,1.0,0.015000000000000027
spread_only,3,2026-07-02T12:33:18.366598+00:00,0x9215a5c313d78c2a336728a748b73687bc826021a656e9a0d76746f2f5023043,BTC,NO,low,medium,medium,0.08999999999999998,0.0050000000000000044,0.0,0.0,0.0,False,1.0,0.08499999999999998
spread_only,3,2026-07-02T12:40:48.374599+00:00,0xb38f8c90a79ba7fb9e3926511611e2a97e69f95d8567e5459f176624c5d78e7e,SOL,YES,low,medium,medium,0.04999999999999995,0.0050000000000000044,0.0,0.0,0.0,False,1.0,0.04499999999999994
spread_only,3,2026-07-02T13:01:06.370199+00:00,0xfdc8ee5a5355786246c8c350b1b6d392d7b0b20b2f4112d995400e6d41587033,BTC,NO,low,medium,medium,0.08499999999999998,0.0050000000000000044,0.0,0.0,0.0,False,1.0,0.07999999999999997
spread_only,3,2026-07-02T13:01:06.370199+00:00,0x7da2825f125571140c598bebdc47a2efcc90d5bbe3f36da9ed64a66a0758a57e,ETH,NO,low,low,medium,0.06499999999999996,0.004999999999999977,0.0,0.0,0.0,False,1.0,0.059999999999999984
spread_only,3,2026-07-02T13:05:14.362350+00:00,0x7b81aecfe918b4400a38bb7e82faf16214e86526a59365a1a1f57891d5e02184,SOL,YES,low,medium,medium,0.12000000000000001,0.0050000000000000044,0.0,0.0,0.0,False,1.0,0.115
spread_only,3,2026-07-02T13:10:08.372139+00:00,0x0b7e0ca6f5af7203bbc20de90e6a874b459992dfe7ec7d26ca84605690a8971f,SOL,NO,low,medium,medium,0.05499999999999995,0.0050000000000000044,0.0,0.0,0.0,False,1.0,0.04999999999999995
spread_only,3,2026-07-02T13:26:26.363015+00:00,0xabaf563b7f6a9dc2645946d31ce8af8645de6d2409cef51803fb0999c9061f3e,ETH,NO,low,medium,medium,-0.08,0.0050000000000000044,0.0,0.0,0.0,False,1.0,-0.085
spread_only,3,2026-07-02T13:26:28.373900+00:00,0xabaf563b7f6a9dc2645946d31ce8af8645de6d2409cef51803fb0999c9061f3e,ETH,NO,low,medium,medium,0.11999999999999995,0.0050000000000000044,0.0,0.0,0.0,False,1.0,0.11499999999999995
spread_only,3,2026-07-02T13:32:06.370617+00:00,0xbfdaa1afb46e82ff47ba344bc098d1ae028cd939a030c6672402ca1475988d70,ETH,NO,low,medium,medium,0.02,0.0050000000000000044,0.0,0.0,0.0,False,1.0,0.014999999999999996
spread_only,3,2026-07-02T13:32:14.374959+00:00,0xbfdaa1afb46e82ff47ba344bc098d1ae028cd939a030c6672402ca1475988d70,ETH,NO,high,medium,medium,-0.04000000000000001,0.0050000000000000044,0.0,0.0,0.0,False,1.0,-0.04500000000000001
spread_only,3,2026-07-02T13:33:40.375151+00:00,0xbfdaa1afb46e82ff47ba344bc098d1ae028cd939a030c6672402ca1475988d70,ETH,YES,low,medium,high,-0.02,0.0050000000000000044,0.0,0.0,0.0,False,1.0,-0.025000000000000005
spread_only,3,2026-07-02T13:35:10.368025+00:00,0x7798cca819d8b656cf9130a5ea5d871975f4227bea6b3d22ec3b1b6de4584fc0,BTC,NO,medium,medium,medium,0.14499999999999993,0.010000000000000009,0.0,0.0,0.0,False,1.0,0.13499999999999993
spread_only,3,2026-07-02T13:37:02.366507+00:00,0xcd4afc8eb6c83c8d8dada852de775b7cc1e7cfaf722f03972c1d93abc1d9cf09,ETH,YES,low,medium,medium,-0.05499999999999998,0.010000000000000009,0.0,0.0,0.0,False,1.0,-0.06499999999999999
spread_only,3,2026-07-02T13:37:06.370427+00:00,0x7798cca819d8b656cf9130a5ea5d871975f4227bea6b3d22ec3b1b6de4584fc0,BTC,NO,low,medium,medium,0.06499999999999996,0.0050000000000000044,0.0,0.0,0.0,False,1.0,0.059999999999999956
spread_only,3,2026-07-02T13:37:14.375069+00:00,0x7798cca819d8b656cf9130a5ea5d871975f4227bea6b3d22ec3b1b6de4584fc0,BTC,NO,low,medium,medium,0.07499999999999997,0.0050000000000000044,0.0,0.0,0.0,False,1.0,0.06999999999999997
spread_only,3,2026-07-02T13:45:04.364924+00:00,0x6b9167a59028831cc69fc27a631ba5f99da00742fcac16501ddd54b155929c85,ETH,YES,medium,medium,medium,0.014999999999999975,0.010000000000000009,0.0,0.0,0.0,False,1.0,0.004999999999999966
spread_only,3,2026-07-02T13:45:08.364326+00:00,0x6b9167a59028831cc69fc27a631ba5f99da00742fcac16501ddd54b155929c85,ETH,YES,low,medium,medium,0.02999999999999999,0.0050000000000000044,0.0,0.0,0.0,False,1.0,0.024999999999999984
spread_only,3,2026-07-02T13:45:12.367704+00:00,0x6b9167a59028831cc69fc27a631ba5f99da00742fcac16501ddd54b155929c85,ETH,YES,low,medium,medium,-0.055000000000000035,0.0050000000000000044,0.0,0.0,0.0,False,1.0,-0.06000000000000004
spread_only,3,2026-07-02T13:46:08.369291+00:00,0x6b9167a59028831cc69fc27a631ba5f99da00742fcac16501ddd54b155929c85,ETH,YES,low,medium,medium,0.02999999999999999,0.0050000000000000044,0.0,0.0,0.0,False,1.0,0.024999999999999984
spread_only,3,2026-07-02T13:46:10.366715+00:00,0x165f83111bc6b855ddff03cee955479de1945e82de0c22a4af0e20b7a4611166,SOL,YES,low,medium,medium,0.010000000000000026,0.0050000000000000044,0.0,0.0,0.0,False,1.0,0.005000000000000022
spread_only,3,2026-07-02T13:46:12.374640+00:00,0x6b9167a59028831cc69fc27a631ba5f99da00742fcac16501ddd54b155929c85,ETH,YES,medium,medium,medium,0.01999999999999998,0.0050000000000000044,0.0,0.0,0.0,False,1.0,0.014999999999999975
spread_only,3,2026-07-02T13:46:20.368608+00:00,0x6b9167a59028831cc69fc27a631ba5f99da00742fcac16501ddd54b155929c85,ETH,YES,medium,medium,medium,0.02999999999999999,0.0050000000000000044,0.0,0.0,0.0,False,1.0,0.024999999999999984
spread_only,3,2026-07-02T13:46:22.365708+00:00,0x165f83111bc6b855ddff03cee955479de1945e82de0c22a4af0e20b7a4611166,SOL,YES,low,medium,medium,-0.06999999999999999,0.0050000000000000044,0.0,0.0,0.0,False,1.0,-0.075
spread_only,3,2026-07-02T13:46:28.366021+00:00,0x6b9167a59028831cc69fc27a631ba5f99da00742fcac16501ddd54b155929c85,ETH,YES,low,medium,medium,-0.09000000000000001,0.0050000000000000044,0.0,0.0,0.0,False,1.0,-0.09500000000000001
spread_only,3,2026-07-02T13:46:34.364544+00:00,0x6b9167a59028831cc69fc27a631ba5f99da00742fcac16501ddd54b155929c85,ETH,YES,low,medium,medium,0.030000000000000044,0.0050000000000000044,0.0,0.0,0.0,False,1.0,0.02500000000000004
spread_only,3,2026-07-02T13:46:36.372134+00:00,0x6b9167a59028831cc69fc27a631ba5f99da00742fcac16501ddd54b155929c85,ETH,YES,low,low,medium,-0.07000000000000005,0.004999999999999977,0.0,0.0,0.0,False,1.0,-0.07500000000000002
spread_only,3,2026-07-02T13:47:28.363479+00:00,0xdf1c68feb520af13e0b1073b5e17ac465273234950edc85062d074363f2f7ea0,BTC,YES,medium,medium,high,0.27499999999999997,0.009999999999999981,0.0,0.0,0.0,False,1.0,0.265
spread_only,3,2026-07-02T13:47:30.370941+00:00,0x165f83111bc6b855ddff03cee955479de1945e82de0c22a4af0e20b7a4611166,SOL,YES,low,medium,high,0.19999999999999998,0.0050000000000000044,0.0,0.0,0.0,False,1.0,0.19499999999999998
spread_only,3,2026-07-02T14:00:06.363105+00:00,0x100389b157cf172fa16809d99306f23ca1974adf6fbe025dc09758ed45771b51,BTC,NO,low,medium,medium,0.05500000000000006,0.0050000000000000044,0.0,0.0,0.0,False,1.0,0.05000000000000006
spread_only,3,2026-07-02T14:03:02.371420+00:00,0xba6acf8da6d345173ee24e2b41e7d98ae87fb2f39f6c0d1839c33229ec4b802b,SOL,NO,low,medium,medium,0.030000000000000044,0.0050000000000000044,0.0,0.0,0.0,False,1.0,0.02500000000000004
spread_only,3,2026-07-02T14:16:42.366798+00:00,0x99bee988b471ce9b6fe317dc281d4f4c4f89040c4dcacef8d455c241ee2e99f8,ETH,NO,low,medium,high,0.3,0.0050000000000000044,0.0,0.0,0.0,False,1.0,0.295
spread_only,3,2026-07-02T15:05:38.363627+00:00,0x647b9c08af3b94902afa9b362889527316a7fdbb46e4a6738ad42d290ca82805,BTC,NO,medium,medium,medium,0.035000000000000045,0.010000000000000009,0.0,0.0,0.0,False,1.0,0.025000000000000036
spread_only,3,2026-07-02T15:10:28.366751+00:00,0xcae0c95e9c034ca588baca33e8147b8845b1f312ff09b0d52f4d6e150cddad15,SOL,NO,low,medium,medium,0.04999999999999995,0.0050000000000000044,0.0,0.0,0.0,False,1.0,0.04499999999999994
spread_only,3,2026-07-02T15:36:32.363170+00:00,0x0a5061025dfe612b3722293195f769f012f8980bd848a20493e2c600f70d09dd,BTC,NO,low,medium,medium,0.28500000000000003,0.010000000000000009,0.0,0.0,0.0,False,1.0,0.275
spread_only,3,2026-07-02T16:01:28.361478+00:00,0x59496dfc9f417c17975e237fbb7ecfe259156cc15a360f25910162556810c516,SOL,NO,low,medium,medium,0.010000000000000026,0.0050000000000000044,0.0,0.0,0.0,False,1.0,0.005000000000000022
spread_only,3,2026-07-02T17:00:24.370409+00:00,0x1be94953b760d89a9523766bd1abb42f2e881ac06074bf93aa46ad1a415fc189,SOL,NO,low,medium,medium,0.010000000000000026,0.0050000000000000044,0.0,0.0,0.0,False,1.0,0.005000000000000022
spread_only,3,2026-07-02T17:13:30.362110+00:00,0x909723d937a75ac2c9c89d73711867c15953dd27d72b7a6933948473e399451d,ETH,YES,low,medium,medium,0.06000000000000001,0.0050000000000000044,0.0,0.0,0.0,False,1.0,0.05500000000000001
spread_only,3,2026-07-02T17:23:18.371612+00:00,0x1f5ef0a23c68190a8a6d515b6c8e8b048078a8afa92d25abb3d94fb87f1f7027,BTC,YES,low,medium,medium,0.255,0.0050000000000000044,0.0,0.0,0.0,False,1.0,0.25
spread_only,3,2026-07-02T17:23:20.364343+00:00,0x60608598239fe90ee375e38281310554148d5d349aca1ac07aa04e1ce390e6ad,SOL,YES,low,medium,high,0.11,0.0050000000000000044,0.0,0.0,0.0,False,1.0,0.105
spread_only,3,2026-07-02T17:50:28.360872+00:00,0x0aff58c34608210967c4413fb4b4a6c7fa904dc09de162ecc564806689facc64,SOL,NO,low,medium,high,0.19000000000000003,0.0050000000000000044,0.0,0.0,0.0,False,1.0,0.18500000000000003
spread_only,3,2026-07-02T18:35:46.363950+00:00,0x0fb6a0c7bcde0b6dd2c22b766ae91ab671463f01b2f4ec31f09491aa9dd4af91,SOL,NO,low,medium,medium,-0.07500000000000005,0.0050000000000000044,0.0,0.0,0.0,False,1.0,-0.08000000000000006
spread_only,3,2026-07-02T18:35:48.373272+00:00,0x0fb6a0c7bcde0b6dd2c22b766ae91ab671463f01b2f4ec31f09491aa9dd4af91,SOL,NO,low,high,medium,-0.09999999999999996,0.03999999999999998,0.0,0.0,0.0,False,1.0,-0.13999999999999996
spread_only,3,2026-07-02T18:35:56.374508+00:00,0x0fb6a0c7bcde0b6dd2c22b766ae91ab671463f01b2f4ec31f09491aa9dd4af91,SOL,NO,low,medium,medium,0.05500000000000001,0.010000000000000009,0.0,0.0,0.0,False,1.0,0.045
spread_only,3,2026-07-02T18:35:58.369803+00:00,0x0fb6a0c7bcde0b6dd2c22b766ae91ab671463f01b2f4ec31f09491aa9dd4af91,SOL,NO,low,medium,medium,-0.06999999999999999,0.0050000000000000044,0.0,0.0,0.0,False,1.0,-0.075
spread_only,3,2026-07-02T18:51:30.371222+00:00,0x12f1ba09bc9913623cab1e5f36dab49519aed574c20e74febe167f480cf82772,SOL,NO,low,medium,medium,0.059999999999999956,0.0050000000000000044,0.0,0.0,0.0,False,1.0,0.05499999999999995
spread_only,3,2026-07-02T19:01:18.365784+00:00,0x639421d64a6433150033c4d335d66cbee7357cad9e8b10bc943f74caf5d0d308,SOL,NO,low,medium,medium,-0.09499999999999996,0.0050000000000000044,0.0,0.0,0.0,False,1.0,-0.09999999999999996
spread_only,3,2026-07-02T19:03:24.368460+00:00,0x639421d64a6433150033c4d335d66cbee7357cad9e8b10bc943f74caf5d0d308,SOL,YES,low,medium,medium,0.11,0.0050000000000000044,0.0,0.0,0.0,False,1.0,0.105
spread_only,3,2026-07-02T19:03:44.373982+00:00,0x639421d64a6433150033c4d335d66cbee7357cad9e8b10bc943f74caf5d0d308,SOL,YES,low,medium,medium,0.06000000000000001,0.0050000000000000044,0.0,0.0,0.0,False,1.0,0.05500000000000001
spread_only,3,2026-07-02T19:05:14.369431+00:00,0xa1701695adebeed5da4000373df6e9883c29449ade56b49eb6379ee63ba7259b,SOL,NO,low,medium,high,0.07499999999999997,0.0050000000000000044,0.0,0.0,0.0,False,1.0,0.06999999999999997
spread_only,3,2026-07-02T19:06:40.373607+00:00,0xa1701695adebeed5da4000373df6e9883c29449ade56b49eb6379ee63ba7259b,SOL,NO,low,high,medium,-0.06499999999999999,0.020000000000000018,0.0,0.0,0.0,False,1.0,-0.085
spread_only,3,2026-07-02T19:31:18.372640+00:00,0x606a340a3aad1b6f683e99c5d598836d6731c972d5ddeb2642c52813a27308af,SOL,NO,low,medium,medium,0.05,0.0050000000000000044,0.0,0.0,0.0,False,1.0,0.045
spread_only,3,2026-07-02T19:31:32.362271+00:00,0x606a340a3aad1b6f683e99c5d598836d6731c972d5ddeb2642c52813a27308af,SOL,NO,low,medium,medium,0.05000000000000006,0.0050000000000000044,0.0,0.0,0.0,False,1.0,0.045000000000000054
spread_only,3,2026-07-02T19:31:40.366839+00:00,0x606a340a3aad1b6f683e99c5d598836d6731c972d5ddeb2642c52813a27308af,SOL,NO,low,medium,medium,0.05500000000000006,0.0050000000000000044,0.0,0.0,0.0,False,1.0,0.05000000000000006
spread_only,3,2026-07-02T19:31:58.371790+00:00,0x606a340a3aad1b6f683e99c5d598836d6731c972d5ddeb2642c52813a27308af,SOL,NO,low,medium,medium,-0.09000000000000001,0.0050000000000000044,0.0,0.0,0.0,False,1.0,-0.09500000000000001
spread_only,3,2026-07-02T19:51:32.364894+00:00,0x2cfc3ef023f8f6ebad847ce57292f2a190fd727fc452a4c2a7cc845fd16b56aa,SOL,NO,low,medium,medium,0.020000000000000007,0.0050000000000000044,0.0,0.0,0.0,False,1.0,0.015000000000000003
spread_only,3,2026-07-02T19:51:34.373824+00:00,0x2cfc3ef023f8f6ebad847ce57292f2a190fd727fc452a4c2a7cc845fd16b56aa,SOL,NO,low,medium,medium,-0.06000000000000001,0.0050000000000000044,0.0,0.0,0.0,False,1.0,-0.06500000000000002
spread_only,3,2026-07-02T19:51:58.365557+00:00,0x2cfc3ef023f8f6ebad847ce57292f2a190fd727fc452a4c2a7cc845fd16b56aa,SOL,NO,low,medium,medium,-0.06,0.0050000000000000044,0.0,0.0,0.0,False,1.0,-0.065
spread_only,3,2026-07-02T19:52:06.372072+00:00,0x2cfc3ef023f8f6ebad847ce57292f2a190fd727fc452a4c2a7cc845fd16b56aa,SOL,NO,low,medium,medium,0.03999999999999998,0.0050000000000000044,0.0,0.0,0.0,False,1.0,0.034999999999999976
spread_only,3,2026-07-02T19:52:12.366157+00:00,0x2cfc3ef023f8f6ebad847ce57292f2a190fd727fc452a4c2a7cc845fd16b56aa,SOL,NO,low,medium,medium,0.015000000000000003,0.0050000000000000044,0.0,0.0,0.0,False,1.0,0.009999999999999998
spread_only,3,2026-07-02T19:52:24.373550+00:00,0x2cfc3ef023f8f6ebad847ce57292f2a190fd727fc452a4c2a7cc845fd16b56aa,SOL,NO,medium,medium,medium,0.009999999999999998,0.010000000000000009,0.0,0.0,0.0,False,1.0,-1.0408340855860843e-17
spread_only,3,2026-07-02T19:52:30.368984+00:00,0x2cfc3ef023f8f6ebad847ce57292f2a190fd727fc452a4c2a7cc845fd16b56aa,SOL,NO,medium,medium,medium,0.11,0.010000000000000009,0.0,0.0,0.0,False,1.0,0.09999999999999999
spread_only,3,2026-07-02T19:52:48.372495+00:00,0x2cfc3ef023f8f6ebad847ce57292f2a190fd727fc452a4c2a7cc845fd16b56aa,SOL,NO,medium,medium,medium,0.01500000000000003,0.010000000000000009,0.0,0.0,0.0,False,1.0,0.005000000000000022
spread_only,3,2026-07-02T19:53:00.364200+00:00,0x2cfc3ef023f8f6ebad847ce57292f2a190fd727fc452a4c2a7cc845fd16b56aa,SOL,NO,medium,high,medium,0.02999999999999999,0.015000000000000013,0.0,0.0,0.0,False,1.0,0.014999999999999975
spread_only,3,2026-07-02T19:53:04.368103+00:00,0x2cfc3ef023f8f6ebad847ce57292f2a190fd727fc452a4c2a7cc845fd16b56aa,SOL,NO,high,medium,medium,-0.06999999999999999,0.0050000000000000044,0.0,0.0,0.0,False,1.0,-0.075
spread_only,3,2026-07-02T19:53:10.364232+00:00,0x2cfc3ef023f8f6ebad847ce57292f2a190fd727fc452a4c2a7cc845fd16b56aa,SOL,NO,high,medium,medium,0.12000000000000001,0.0050000000000000044,0.0,0.0,0.0,False,1.0,0.115
spread_only,3,2026-07-02T19:53:42.364449+00:00,0x2cfc3ef023f8f6ebad847ce57292f2a190fd727fc452a4c2a7cc845fd16b56aa,SOL,NO,high,medium,medium,0.020000000000000035,0.0050000000000000044,0.0,0.0,0.0,False,1.0,0.01500000000000003
transaction_cost_only,1,2026-06-24T15:43:06.758948+00:00,0x80658216d4530ee5d8f87f3a84d6788c0505a016f5d1a52bfb8fc3c1afc1f1c2,ETH,YES,low,low,medium,-0.05,0.0,0.0,0.0,0.005,False,1.0,-0.055
transaction_cost_only,1,2026-06-24T15:48:20.766212+00:00,0x8e22e9bf1a5c5cf1e5a91126865227cf0b75a5ec64611f0e0b23348e2b8eebc6,SOL,YES,medium,low,medium,-0.05,0.0,0.0,0.0,0.005,False,1.0,-0.055
transaction_cost_only,1,2026-06-24T15:48:30.765676+00:00,0x8e22e9bf1a5c5cf1e5a91126865227cf0b75a5ec64611f0e0b23348e2b8eebc6,SOL,YES,medium,low,medium,-0.04,0.0,0.0,0.0,0.005,False,1.0,-0.045
transaction_cost_only,1,2026-06-24T16:03:06.764139+00:00,0x898e75f4a2714851629ab01153214fbf585c570d631964d411eb3f85d6f77427,ETH,NO,low,medium,high,0.07000000000000002,0.0,0.0,0.0,0.005,False,1.0,0.06500000000000002
transaction_cost_only,1,2026-06-24T16:03:34.761565+00:00,0x898e75f4a2714851629ab01153214fbf585c570d631964d411eb3f85d6f77427,ETH,NO,low,medium,medium,0.01999999999999998,0.0,0.0,0.0,0.005,False,1.0,0.014999999999999979
transaction_cost_only,1,2026-06-24T16:03:36.766733+00:00,0x898e75f4a2714851629ab01153214fbf585c570d631964d411eb3f85d6f77427,ETH,NO,low,medium,medium,0.020000000000000035,0.0,0.0,0.0,0.005,False,1.0,0.015000000000000034
transaction_cost_only,1,2026-06-24T16:03:56.765843+00:00,0x898e75f4a2714851629ab01153214fbf585c570d631964d411eb3f85d6f77427,ETH,NO,medium,medium,medium,-0.07000000000000002,0.0,0.0,0.0,0.005,False,1.0,-0.07500000000000002
transaction_cost_only,1,2026-06-24T16:17:42.762123+00:00,0x16d9a49118c42f6c43e48602f4356b563fe7d62f03eace901d12f3671b7534cd,SOL,NO,low,medium,high,0.18000000000000002,0.0,0.0,0.0,0.005,False,1.0,0.17500000000000002
transaction_cost_only,1,2026-06-24T16:22:52.762411+00:00,0x76ee4df37777787c309b30aa15d0861f505cc65be0cea6ab16949e8fba9fa172,SOL,NO,medium,medium,medium,-0.11999999999999998,0.0,0.0,0.0,0.005,False,1.0,-0.12499999999999999
transaction_cost_only,1,2026-06-24T16:22:54.752727+00:00,0x76ee4df37777787c309b30aa15d0861f505cc65be0cea6ab16949e8fba9fa172,SOL,NO,medium,medium,medium,-0.06500000000000002,0.0,0.0,0.0,0.005,False,1.0,-0.07000000000000002
transaction_cost_only,1,2026-06-24T16:41:48.765478+00:00,0x54faa3af7fa6193533f340c3ceb42d2a8d405f5e3b23e2178d2a0212ac8cd968,ETH,YES,low,low,medium,-0.09500000000000001,0.0,0.0,0.0,0.005,False,1.0,-0.10000000000000002
transaction_cost_only,1,2026-06-24T16:41:50.756781+00:00,0x54faa3af7fa6193533f340c3ceb42d2a8d405f5e3b23e2178d2a0212ac8cd968,ETH,YES,low,medium,low,-0.055000000000000035,0.0,0.0,0.0,0.005,False,1.0,-0.06000000000000003
transaction_cost_only,1,2026-06-24T16:48:48.757094+00:00,0x6a9cd2dd7bc9c9807d3452c9f1a97c34ac7aedbc934b79054d8b3a0bfdcd4e42,BTC,YES,low,low,high,-0.0325,0.0,0.0,0.0,0.005,False,1.0,-0.0375
transaction_cost_only,1,2026-06-24T16:51:06.758502+00:00,0xabff544d3602969cb25677257451bdb7c6ad59b48e75d1d633afb248b012b06c,ETH,NO,low,medium,medium,0.30000000000000004,0.0,0.0,0.0,0.005,False,1.0,0.29500000000000004
transaction_cost_only,1,2026-06-24T16:52:04.761668+00:00,0x7d0f63daa0e0bd4993d80fa4bcb62fd622043fb264ec4a7aa7b875871c6a353a,SOL,YES,medium,medium,medium,0.030000000000000002,0.0,0.0,0.0,0.005,False,1.0,0.025
transaction_cost_only,1,2026-06-24T16:52:06.767562+00:00,0x7d0f63daa0e0bd4993d80fa4bcb62fd622043fb264ec4a7aa7b875871c6a353a,SOL,YES,high,medium,medium,0.05,0.0,0.0,0.0,0.005,False,1.0,0.045000000000000005
transaction_cost_only,1,2026-06-24T16:53:18.759891+00:00,0x11be248eacf03fecfc51007bb9833cc1452e33e48c5226ab9c30e91656ca4fed,BTC,YES,low,medium,medium,-0.05,0.0,0.0,0.0,0.005,False,1.0,-0.055
transaction_cost_only,1,2026-06-24T16:53:52.752947+00:00,0x7d0f63daa0e0bd4993d80fa4bcb62fd622043fb264ec4a7aa7b875871c6a353a,SOL,YES,high,low,medium,-0.05,0.0,0.0,0.0,0.005,False,1.0,-0.055
transaction_cost_only,1,2026-06-24T16:53:54.758545+00:00,0xabff544d3602969cb25677257451bdb7c6ad59b48e75d1d633afb248b012b06c,ETH,NO,high,low,medium,-0.02,0.0,0.0,0.0,0.005,False,1.0,-0.025
transaction_cost_only,1,2026-06-24T16:55:32.763105+00:00,0xdc4693598a20d019c083949d35703b04d5de73552f4d0fb762787cbe10eef7af,ETH,YES,low,medium,medium,0.035000000000000045,0.0,0.0,0.0,0.005,False,1.0,0.030000000000000044
transaction_cost_only,1,2026-06-24T17:10:44.757531+00:00,0x6bcbfb85688c3516d74eda21ae1058775c9dbb0c3c2ed80679bea5efa4224f1f,SOL,YES,low,medium,medium,-0.09000000000000001,0.0,0.0,0.0,0.005,False,1.0,-0.09500000000000001
transaction_cost_only,1,2026-06-24T17:10:48.752203+00:00,0x6bcbfb85688c3516d74eda21ae1058775c9dbb0c3c2ed80679bea5efa4224f1f,SOL,YES,low,medium,medium,0.07000000000000002,0.0,0.0,0.0,0.005,False,1.0,0.06500000000000002
transaction_cost_only,1,2026-06-24T17:15:08.754027+00:00,0x2a87ba5465e5a39b23f5c245ce8daf4e9166a6b5d3a01f97e3c5cebe5f542667,ETH,YES,low,medium,medium,0.08999999999999998,0.0,0.0,0.0,0.005,False,1.0,0.08499999999999998
transaction_cost_only,1,2026-06-24T17:15:32.759728+00:00,0xc6ddbe45253f77b8dbd808a9153ec3477a66b95ce3dcd40edbdbf5e69a9fad74,BTC,YES,low,medium,medium,-0.059999999999999984,0.0,0.0,0.0,0.005,False,1.0,-0.06499999999999999
transaction_cost_only,1,2026-06-24T17:17:04.766209+00:00,0xc6ddbe45253f77b8dbd808a9153ec3477a66b95ce3dcd40edbdbf5e69a9fad74,BTC,YES,low,medium,medium,0.01999999999999998,0.0,0.0,0.0,0.005,False,1.0,0.014999999999999979
transaction_cost_only,1,2026-06-24T17:20:12.764868+00:00,0xd8e21b0124221e5a6948b65f0b5c1b7c563a3c7e6ea11a1e7d760638a2e885ba,SOL,NO,medium,medium,high,0.15500000000000005,0.0,0.0,0.0,0.005,False,1.0,0.15000000000000005
transaction_cost_only,1,2026-06-24T17:25:44.756279+00:00,0x0a15e96a2f8db3533603fd8a311915394fd8b8b6cbc3c3b90e5225964660bd94,ETH,YES,low,medium,high,0.030000000000000044,0.0,0.0,0.0,0.005,False,1.0,0.025000000000000043
transaction_cost_only,1,2026-06-24T17:26:36.761972+00:00,0x0a15e96a2f8db3533603fd8a311915394fd8b8b6cbc3c3b90e5225964660bd94,ETH,YES,low,medium,high,0.11,0.0,0.0,0.0,0.005,False,1.0,0.105
transaction_cost_only,1,2026-06-24T17:28:30.758436+00:00,0x8b89ebef2e337682d0c761c2d9ea76b14916b0fbaa6b07ab496782aa61d08092,SOL,NO,low,medium,medium,-0.03,0.0,0.0,0.0,0.005,False,1.0,-0.034999999999999996
transaction_cost_only,1,2026-06-24T17:32:12.757879+00:00,0xc53755a72a77c13680d29f80e88a1ffcdaeda374fb64389c3801a5660e24deb8,SOL,NO,low,medium,medium,0.030000000000000044,0.0,0.0,0.0,0.005,False,1.0,0.025000000000000043
transaction_cost_only,1,2026-06-24T17:40:50.764310+00:00,0xe162acce182a1c54de6efd4a047bee1957d9d0ce3a96723f622886a34ce9ef56,BTC,NO,low,medium,medium,-0.05000000000000003,0.0,0.0,0.0,0.005,False,1.0,-0.05500000000000003
transaction_cost_only,1,2026-06-24T17:46:02.756352+00:00,0x931296be6d3fc5e74df946ebeb47595bd30d0b51c747520c22454b54dbde783c,ETH,NO,medium,medium,high,0.16,0.0,0.0,0.0,0.005,False,1.0,0.155
transaction_cost_only,1,2026-06-24T17:50:26.761135+00:00,0xe0261c3af71ec76885a6befe78536d37f4f39622a19d0102257561caaca61811,SOL,NO,low,medium,medium,0.06000000000000001,0.0,0.0,0.0,0.005,False,1.0,0.055000000000000014
transaction_cost_only,1,2026-06-24T18:00:58.760168+00:00,0x5a189bc1b252af1469e531eb62cee5995fe46dd01bcaff6b137a7bc3109e2e43,SOL,NO,medium,low,medium,-0.05000000000000003,0.0,0.0,0.0,0.005,False,1.0,-0.05500000000000003
transaction_cost_only,1,2026-06-24T18:01:08.757617+00:00,0x5a189bc1b252af1469e531eb62cee5995fe46dd01bcaff6b137a7bc3109e2e43,SOL,NO,medium,medium,medium,0.010000000000000026,0.0,0.0,0.0,0.005,False,1.0,0.005000000000000026
transaction_cost_only,1,2026-06-24T18:01:10.762661+00:00,0x5a189bc1b252af1469e531eb62cee5995fe46dd01bcaff6b137a7bc3109e2e43,SOL,NO,medium,medium,medium,-0.06999999999999999,0.0,0.0,0.0,0.005,False,1.0,-0.075
transaction_cost_only,1,2026-06-24T18:01:28.765791+00:00,0x5a189bc1b252af1469e531eb62cee5995fe46dd01bcaff6b137a7bc3109e2e43,SOL,NO,medium,medium,medium,-0.05000000000000003,0.0,0.0,0.0,0.005,False,1.0,-0.05500000000000003
transaction_cost_only,1,2026-06-24T18:01:32.763050+00:00,0x5a189bc1b252af1469e531eb62cee5995fe46dd01bcaff6b137a7bc3109e2e43,SOL,NO,medium,medium,medium,0.07000000000000002,0.0,0.0,0.0,0.005,False,1.0,0.06500000000000002
transaction_cost_only,1,2026-06-24T18:01:48.762400+00:00,0x5a189bc1b252af1469e531eb62cee5995fe46dd01bcaff6b137a7bc3109e2e43,SOL,NO,medium,medium,medium,0.059999999999999956,0.0,0.0,0.0,0.005,False,1.0,0.05499999999999996
transaction_cost_only,1,2026-06-24T18:05:24.753766+00:00,0x17dc5c06a8038c8b9fe98dc10caabed5e643e594aa096dfa257871e4e6fc79db,BTC,NO,medium,medium,high,0.05000000000000006,0.0,0.0,0.0,0.005,False,1.0,0.04500000000000006
transaction_cost_only,1,2026-06-24T18:05:28.765310+00:00,0x17dc5c06a8038c8b9fe98dc10caabed5e643e594aa096dfa257871e4e6fc79db,BTC,NO,medium,medium,high,0.06999999999999997,0.0,0.0,0.0,0.005,False,1.0,0.06499999999999996
transaction_cost_only,1,2026-06-24T18:05:36.760226+00:00,0x3d07d4fd8f80b13ff82b8a59ac4e27ef61cee1ca5f5e8b639dd421a3a7bc2fcb,SOL,NO,low,high,medium,0.04999999999999995,0.0,0.0,0.0,0.005,False,1.0,0.04499999999999995
transaction_cost_only,1,2026-06-24T18:06:36.754811+00:00,0x3d07d4fd8f80b13ff82b8a59ac4e27ef61cee1ca5f5e8b639dd421a3a7bc2fcb,SOL,YES,low,medium,medium,0.039999999999999994,0.0,0.0,0.0,0.005,False,1.0,0.034999999999999996
transaction_cost_only,1,2026-06-24T18:06:38.762149+00:00,0x3d07d4fd8f80b13ff82b8a59ac4e27ef61cee1ca5f5e8b639dd421a3a7bc2fcb,SOL,YES,low,medium,medium,0.09999999999999999,0.0,0.0,0.0,0.005,False,1.0,0.09499999999999999
transaction_cost_only,1,2026-06-24T18:10:32.759091+00:00,0xe3120089fce1f1a743fc240f0033561fca78ae3088352a0f3f52413a0a0b39cb,BTC,YES,low,medium,high,0.04999999999999995,0.0,0.0,0.0,0.005,False,1.0,0.04499999999999995
transaction_cost_only,1,2026-06-24T18:10:48.754900+00:00,0x2a8f1b4db2834d8f740fa140f88d4c2cd7464241d37403fce3ab3bc53ee78792,ETH,NO,low,medium,high,0.06999999999999997,0.0,0.0,0.0,0.005,False,1.0,0.06499999999999996
transaction_cost_only,1,2026-06-24T18:11:20.766968+00:00,0x2a8f1b4db2834d8f740fa140f88d4c2cd7464241d37403fce3ab3bc53ee78792,ETH,YES,low,medium,medium,-0.059999999999999984,0.0,0.0,0.0,0.005,False,1.0,-0.06499999999999999
transaction_cost_only,1,2026-06-24T18:20:04.756204+00:00,0x3d34074cabf8c0c7082b719f8b1d246fbf3344709e9dceb7baf2a9e21d9dcd71,BTC,YES,low,medium,medium,-0.13000000000000003,0.0,0.0,0.0,0.005,False,1.0,-0.13500000000000004
transaction_cost_only,1,2026-06-24T18:20:30.755092+00:00,0x3d34074cabf8c0c7082b719f8b1d246fbf3344709e9dceb7baf2a9e21d9dcd71,BTC,YES,low,medium,medium,-0.05499999999999998,0.0,0.0,0.0,0.005,False,1.0,-0.05999999999999998
transaction_cost_only,1,2026-06-24T18:20:36.756990+00:00,0x063b6476f22b96ffa4e2b1b40b6be64b68228f02258cf4f2cb5ae83ecbf708fd,ETH,YES,medium,medium,medium,0.04999999999999995,0.0,0.0,0.0,0.005,False,1.0,0.04499999999999995
transaction_cost_only,1,2026-06-24T18:20:40.753306+00:00,0x3d34074cabf8c0c7082b719f8b1d246fbf3344709e9dceb7baf2a9e21d9dcd71,BTC,YES,low,medium,medium,-0.059999999999999984,0.0,0.0,0.0,0.005,False,1.0,-0.06499999999999999
transaction_cost_only,1,2026-06-24T18:20:52.756246+00:00,0x3d34074cabf8c0c7082b719f8b1d246fbf3344709e9dceb7baf2a9e21d9dcd71,BTC,YES,low,medium,medium,0.039999999999999994,0.0,0.0,0.0,0.005,False,1.0,0.034999999999999996
transaction_cost_only,1,2026-06-24T18:20:54.762187+00:00,0x3d34074cabf8c0c7082b719f8b1d246fbf3344709e9dceb7baf2a9e21d9dcd71,BTC,YES,low,medium,medium,0.010000000000000026,0.0,0.0,0.0,0.005,False,1.0,0.005000000000000026
transaction_cost_only,1,2026-06-24T18:21:06.764841+00:00,0x3d34074cabf8c0c7082b719f8b1d246fbf3344709e9dceb7baf2a9e21d9dcd71,BTC,YES,low,medium,medium,-0.05000000000000003,0.0,0.0,0.0,0.005,False,1.0,-0.05500000000000003
transaction_cost_only,1,2026-06-24T18:21:10.764191+00:00,0x3d34074cabf8c0c7082b719f8b1d246fbf3344709e9dceb7baf2a9e21d9dcd71,BTC,YES,low,medium,medium,0.020000000000000035,0.0,0.0,0.0,0.005,False,1.0,0.015000000000000034
transaction_cost_only,1,2026-06-24T18:21:12.754338+00:00,0x3d34074cabf8c0c7082b719f8b1d246fbf3344709e9dceb7baf2a9e21d9dcd71,BTC,YES,low,medium,medium,-0.06000000000000004,0.0,0.0,0.0,0.005,False,1.0,-0.06500000000000004
transaction_cost_only,1,2026-06-24T18:21:14.759655+00:00,0x3d34074cabf8c0c7082b719f8b1d246fbf3344709e9dceb7baf2a9e21d9dcd71,BTC,YES,low,high,medium,0.19499999999999998,0.0,0.0,0.0,0.005,False,1.0,0.18999999999999997
transaction_cost_only,1,2026-06-24T18:23:18.758759+00:00,0x3d34074cabf8c0c7082b719f8b1d246fbf3344709e9dceb7baf2a9e21d9dcd71,BTC,YES,low,medium,medium,0.01500000000000003,0.0,0.0,0.0,0.005,False,1.0,0.01000000000000003
transaction_cost_only,1,2026-06-24T18:26:40.754541+00:00,0x0f58baf57772722db394290841df2a23b89d3ef388a740790fe4356e58669164,ETH,NO,low,medium,medium,-0.38,0.0,0.0,0.0,0.005,False,1.0,-0.385
transaction_cost_only,1,2026-06-24T18:32:18.765892+00:00,0xbde68413691d686e0741615c9dad23d2669c8cfcdd14efb81d2fd53260602d61,SOL,NO,low,medium,medium,0.05,0.0,0.0,0.0,0.005,False,1.0,0.045000000000000005
transaction_cost_only,1,2026-06-24T18:32:28.765868+00:00,0xbde68413691d686e0741615c9dad23d2669c8cfcdd14efb81d2fd53260602d61,SOL,NO,low,medium,medium,-0.10000000000000002,0.0,0.0,0.0,0.005,False,1.0,-0.10500000000000002
transaction_cost_only,1,2026-06-24T18:32:34.767339+00:00,0xbde68413691d686e0741615c9dad23d2669c8cfcdd14efb81d2fd53260602d61,SOL,NO,low,medium,medium,-0.09999999999999999,0.0,0.0,0.0,0.005,False,1.0,-0.105
transaction_cost_only,1,2026-06-24T18:32:36.756754+00:00,0xbde68413691d686e0741615c9dad23d2669c8cfcdd14efb81d2fd53260602d61,SOL,NO,low,medium,medium,0.025000000000000012,0.0,0.0,0.0,0.005,False,1.0,0.02000000000000001
transaction_cost_only,1,2026-06-24T18:32:38.763486+00:00,0xbde68413691d686e0741615c9dad23d2669c8cfcdd14efb81d2fd53260602d61,SOL,NO,low,high,medium,-0.07500000000000002,0.0,0.0,0.0,0.005,False,1.0,-0.08000000000000003
transaction_cost_only,1,2026-06-24T18:32:40.753774+00:00,0xbde68413691d686e0741615c9dad23d2669c8cfcdd14efb81d2fd53260602d61,SOL,NO,low,medium,medium,0.030000000000000016,0.0,0.0,0.0,0.005,False,1.0,0.025000000000000015
transaction_cost_only,1,2026-06-24T18:32:58.758626+00:00,0xbde68413691d686e0741615c9dad23d2669c8cfcdd14efb81d2fd53260602d61,SOL,NO,low,high,medium,-0.05000000000000003,0.0,0.0,0.0,0.005,False,1.0,-0.05500000000000003
transaction_cost_only,1,2026-06-24T18:33:00.765000+00:00,0xbde68413691d686e0741615c9dad23d2669c8cfcdd14efb81d2fd53260602d61,SOL,NO,low,medium,medium,0.014999999999999975,0.0,0.0,0.0,0.005,False,1.0,0.009999999999999974
transaction_cost_only,1,2026-06-24T18:51:52.760600+00:00,0x76ceb5966715afdbb09250dea84bccfc837e72c59d375b0ca15e03fcc417fb4e,SOL,YES,low,medium,medium,-0.06999999999999999,0.0,0.0,0.0,0.005,False,1.0,-0.075
transaction_cost_only,1,2026-06-24T18:51:54.765991+00:00,0x76ceb5966715afdbb09250dea84bccfc837e72c59d375b0ca15e03fcc417fb4e,SOL,YES,low,medium,medium,0.039999999999999994,0.0,0.0,0.0,0.005,False,1.0,0.034999999999999996
transaction_cost_only,1,2026-06-24T18:51:56.756813+00:00,0x76ceb5966715afdbb09250dea84bccfc837e72c59d375b0ca15e03fcc417fb4e,SOL,YES,low,high,medium,0.01500000000000003,0.0,0.0,0.0,0.005,False,1.0,0.01000000000000003
transaction_cost_only,1,2026-06-24T18:52:10.764773+00:00,0x768552d5316e123aaa73080f47f5e8f4e0ba7553daff6a1d32fa8d9ed5552775,ETH,YES,low,medium,medium,0.059999999999999956,0.0,0.0,0.0,0.005,False,1.0,0.05499999999999996
transaction_cost_only,1,2026-06-24T18:52:48.766058+00:00,0x768552d5316e123aaa73080f47f5e8f4e0ba7553daff6a1d32fa8d9ed5552775,ETH,YES,low,low,medium,0.014999999999999975,0.0,0.0,0.0,0.005,False,1.0,0.009999999999999974
transaction_cost_only,1,2026-06-24T18:52:48.766058+00:00,0x76ceb5966715afdbb09250dea84bccfc837e72c59d375b0ca15e03fcc417fb4e,SOL,YES,low,low,medium,-0.07000000000000005,0.0,0.0,0.0,0.005,False,1.0,-0.07500000000000005
transaction_cost_only,1,2026-06-24T18:52:52.763973+00:00,0x76ceb5966715afdbb09250dea84bccfc837e72c59d375b0ca15e03fcc417fb4e,SOL,YES,low,medium,medium,0.020000000000000035,0.0,0.0,0.0,0.005,False,1.0,0.015000000000000034
transaction_cost_only,1,2026-06-24T18:53:46.759987+00:00,0x76ceb5966715afdbb09250dea84bccfc837e72c59d375b0ca15e03fcc417fb4e,SOL,YES,medium,low,medium,0.09999999999999999,0.0,0.0,0.0,0.005,False,1.0,0.09499999999999999
transaction_cost_only,1,2026-06-24T19:00:16.766958+00:00,0x6f14d199dafd35a5f545aad500e9cd65eaf22a2bf1a522817da62c57245246f4,SOL,NO,low,medium,medium,0.020000000000000035,0.0,0.0,0.0,0.005,False,1.0,0.015000000000000034
transaction_cost_only,1,2026-06-24T19:00:20.764327+00:00,0x6f14d199dafd35a5f545aad500e9cd65eaf22a2bf1a522817da62c57245246f4,SOL,NO,low,high,medium,-0.06499999999999999,0.0,0.0,0.0,0.005,False,1.0,-0.06999999999999999
transaction_cost_only,1,2026-06-24T19:00:26.766094+00:00,0x6f14d199dafd35a5f545aad500e9cd65eaf22a2bf1a522817da62c57245246f4,SOL,NO,low,medium,medium,0.014999999999999975,0.0,0.0,0.0,0.005,False,1.0,0.009999999999999974
transaction_cost_only,1,2026-06-24T19:00:34.758570+00:00,0x6f14d199dafd35a5f545aad500e9cd65eaf22a2bf1a522817da62c57245246f4,SOL,NO,low,medium,medium,-0.06999999999999999,0.0,0.0,0.0,0.005,False,1.0,-0.075
transaction_cost_only,1,2026-06-24T19:00:46.763874+00:00,0x6f14d199dafd35a5f545aad500e9cd65eaf22a2bf1a522817da62c57245246f4,SOL,NO,low,low,medium,0.010000000000000026,0.0,0.0,0.0,0.005,False,1.0,0.005000000000000026
transaction_cost_only,1,2026-06-24T19:01:30.763622+00:00,0x6f14d199dafd35a5f545aad500e9cd65eaf22a2bf1a522817da62c57245246f4,SOL,NO,low,medium,medium,-0.05000000000000003,0.0,0.0,0.0,0.005,False,1.0,-0.05500000000000003
transaction_cost_only,1,2026-06-24T19:02:02.766777+00:00,0x9828065f135b73cbb04da613189035c96beca24508e8d4b15f9a9b670b7519eb,ETH,NO,low,medium,medium,0.01999999999999998,0.0,0.0,0.0,0.005,False,1.0,0.014999999999999979
transaction_cost_only,1,2026-06-24T19:02:02.766777+00:00,0x6f14d199dafd35a5f545aad500e9cd65eaf22a2bf1a522817da62c57245246f4,SOL,NO,low,medium,high,0.06000000000000001,0.0,0.0,0.0,0.005,False,1.0,0.055000000000000014
transaction_cost_only,1,2026-06-24T19:02:04.757011+00:00,0x6f14d199dafd35a5f545aad500e9cd65eaf22a2bf1a522817da62c57245246f4,SOL,NO,low,medium,medium,-0.11499999999999998,0.0,0.0,0.0,0.005,False,1.0,-0.11999999999999998
transaction_cost_only,1,2026-06-24T19:02:06.762138+00:00,0x6f14d199dafd35a5f545aad500e9cd65eaf22a2bf1a522817da62c57245246f4,SOL,NO,low,medium,medium,0.02999999999999999,0.0,0.0,0.0,0.005,False,1.0,0.024999999999999988
transaction_cost_only,1,2026-06-24T19:02:08.753956+00:00,0x6f14d199dafd35a5f545aad500e9cd65eaf22a2bf1a522817da62c57245246f4,SOL,NO,low,high,medium,-0.06999999999999999,0.0,0.0,0.0,0.005,False,1.0,-0.075
transaction_cost_only,1,2026-06-24T19:02:34.760304+00:00,0x6f14d199dafd35a5f545aad500e9cd65eaf22a2bf1a522817da62c57245246f4,SOL,NO,low,medium,medium,0.010000000000000026,0.0,0.0,0.0,0.005,False,1.0,0.005000000000000026
transaction_cost_only,1,2026-06-24T19:12:34.759652+00:00,0x1aee94333f9f59a16641bfb6bb79781128bfc7c762e6ec35a3e28ae595c8f710,ETH,YES,low,low,medium,-0.03,0.0,0.0,0.0,0.005,False,1.0,-0.034999999999999996
transaction_cost_only,1,2026-06-24T19:15:48.754190+00:00,0x4982ded7e4b9233220595f26cc997fa151f1902c8893a0a78a52d656b5fdb3d4,ETH,NO,medium,medium,medium,-0.08,0.0,0.0,0.0,0.005,False,1.0,-0.085
transaction_cost_only,1,2026-06-24T19:15:50.760306+00:00,0xb802375b899f20776320f8a3ad101bd8c4a32ff81a436fcc308a140cc33d96bf,BTC,NO,low,medium,medium,0.010000000000000026,0.0,0.0,0.0,0.005,False,1.0,0.005000000000000026
transaction_cost_only,1,2026-06-24T19:15:50.760306+00:00,0x4982ded7e4b9233220595f26cc997fa151f1902c8893a0a78a52d656b5fdb3d4,ETH,NO,medium,medium,medium,0.03499999999999999,0.0,0.0,0.0,0.005,False,1.0,0.02999999999999999
transaction_cost_only,1,2026-06-24T19:25:34.759452+00:00,0x6e39d066f4cd8679f901216c55834139a9ad2240af38a11b09b63b0473e2b84b,SOL,YES,low,medium,medium,0.010000000000000026,0.0,0.0,0.0,0.005,False,1.0,0.005000000000000026
transaction_cost_only,1,2026-06-24T19:26:04.757062+00:00,0x6e39d066f4cd8679f901216c55834139a9ad2240af38a11b09b63b0473e2b84b,SOL,YES,low,medium,medium,0.07500000000000002,0.0,0.0,0.0,0.005,False,1.0,0.07000000000000002
transaction_cost_only,1,2026-06-24T19:37:46.757371+00:00,0xfedc3df4cb1db1fc866524795ac2fcdf9941f43010b9c15e487a333e6f266394,SOL,YES,low,medium,high,0.010000000000000026,0.0,0.0,0.0,0.005,False,1.0,0.005000000000000026
transaction_cost_only,1,2026-06-24T19:37:50.757198+00:00,0xfedc3df4cb1db1fc866524795ac2fcdf9941f43010b9c15e487a333e6f266394,SOL,YES,low,medium,medium,-0.09999999999999996,0.0,0.0,0.0,0.005,False,1.0,-0.10499999999999997
transaction_cost_only,1,2026-06-24T19:41:20.756922+00:00,0x7001dd0099cdee5fbb1efe846336e41812c524e7585b6f7c9a0a5c9882f114b9,SOL,NO,low,medium,medium,0.03999999999999994,0.0,0.0,0.0,0.005,False,1.0,0.03499999999999994
transaction_cost_only,1,2026-06-24T19:48:44.761661+00:00,0x4f55d140209fd0d5a7745de8f8a0f150f3b6097aedbaeee7d1a0618c0c3d7bb8,ETH,NO,low,medium,medium,0.06999999999999997,0.0,0.0,0.0,0.005,False,1.0,0.06499999999999996
transaction_cost_only,1,2026-06-24T19:53:26.758012+00:00,0x3ba3b3f951b2628ef716722de268dd5e244f8d45fd355168fab2e3b85af75128,SOL,NO,low,medium,high,-0.0315,0.0,0.0,0.0,0.005,False,1.0,-0.0365
transaction_cost_only,1,2026-06-24T20:01:06.759646+00:00,0x88fd0bf02fe557e16419750274baafa5fd89a12437e7d4215161d95a77cc069e,SOL,NO,low,medium,medium,-0.05,0.0,0.0,0.0,0.005,False,1.0,-0.055
transaction_cost_only,1,2026-06-24T20:01:08.765938+00:00,0x99160df581693bc7fa4ad76b5fe823f5346ef5cb655f1e8650a60c30a642c0ac,BTC,YES,low,high,medium,0.29,0.0,0.0,0.0,0.005,False,1.0,0.285
transaction_cost_only,1,2026-06-24T20:08:34.761066+00:00,0xd14dfda063d0d2dafe354fe938c73ea7643db9f344cf11598794d252f8d453a1,BTC,NO,low,low,medium,-0.018,0.0,0.0,0.0,0.005,False,1.0,-0.023
transaction_cost_only,1,2026-06-24T20:13:52.754397+00:00,0xf8776b5271ce59d683b9da736a42f8139c58e4093ad342ae1288f9addc1b3cfe,BTC,NO,low,medium,medium,-0.06499999999999999,0.0,0.0,0.0,0.005,False,1.0,-0.06999999999999999
transaction_cost_only,1,2026-06-24T20:13:56.764659+00:00,0xf8776b5271ce59d683b9da736a42f8139c58e4093ad342ae1288f9addc1b3cfe,BTC,NO,low,high,medium,-0.12999999999999998,0.0,0.0,0.0,0.005,False,1.0,-0.13499999999999998
transaction_cost_only,1,2026-06-24T20:17:30.756983+00:00,0x9c3ac652cc797ed5fdf7c5717c58c9ce007e9fabecc76e1454bf2d8db03c7150,BTC,YES,low,medium,medium,-0.06000000000000004,0.0,0.0,0.0,0.005,False,1.0,-0.06500000000000004
transaction_cost_only,1,2026-06-24T20:17:34.755355+00:00,0x9c3ac652cc797ed5fdf7c5717c58c9ce007e9fabecc76e1454bf2d8db03c7150,BTC,YES,low,medium,medium,0.020000000000000035,0.0,0.0,0.0,0.005,False,1.0,0.015000000000000034
transaction_cost_only,1,2026-06-24T20:17:38.755356+00:00,0x9c3ac652cc797ed5fdf7c5717c58c9ce007e9fabecc76e1454bf2d8db03c7150,BTC,YES,low,medium,medium,0.010000000000000026,0.0,0.0,0.0,0.005,False,1.0,0.005000000000000026
transaction_cost_only,1,2026-06-24T20:17:48.756472+00:00,0x9c3ac652cc797ed5fdf7c5717c58c9ce007e9fabecc76e1454bf2d8db03c7150,BTC,YES,low,low,medium,0.04999999999999995,0.0,0.0,0.0,0.005,False,1.0,0.04499999999999995
transaction_cost_only,1,2026-06-24T20:18:06.756462+00:00,0x9c3ac652cc797ed5fdf7c5717c58c9ce007e9fabecc76e1454bf2d8db03c7150,BTC,YES,medium,medium,medium,-0.055000000000000035,0.0,0.0,0.0,0.005,False,1.0,-0.06000000000000003
transaction_cost_only,1,2026-06-24T20:18:34.759712+00:00,0x9c3ac652cc797ed5fdf7c5717c58c9ce007e9fabecc76e1454bf2d8db03c7150,BTC,YES,low,medium,medium,0.029999999999999933,0.0,0.0,0.0,0.005,False,1.0,0.024999999999999932
transaction_cost_only,1,2026-06-24T20:18:42.754973+00:00,0x9c3ac652cc797ed5fdf7c5717c58c9ce007e9fabecc76e1454bf2d8db03c7150,BTC,YES,low,high,medium,0.01500000000000003,0.0,0.0,0.0,0.005,False,1.0,0.01000000000000003
transaction_cost_only,1,2026-06-24T20:23:28.766404+00:00,0x664abf9e27ed69e80bbe4cc0517b8a125ca044c42ad3357a7c7af2ed9436c74e,SOL,NO,low,medium,medium,0.09999999999999999,0.0,0.0,0.0,0.005,False,1.0,0.09499999999999999
transaction_cost_only,1,2026-06-24T20:31:42.764262+00:00,0x4dd3a21158dc2341d429921b0f01d6ef1d5b1b88544a4e1166825c85360a31f3,SOL,YES,low,medium,medium,0.05000000000000006,0.0,0.0,0.0,0.005,False,1.0,0.04500000000000006
transaction_cost_only,1,2026-06-24T20:50:08.762751+00:00,0x8faf001f0cb0420fe9216e45664d43db363e1235986c35e425847671efe887b9,SOL,NO,low,medium,high,0.35,0.0,0.0,0.0,0.005,False,1.0,0.345
transaction_cost_only,1,2026-06-24T20:50:34.755582+00:00,0xb5b2cc6f7e364320387000357dcec77c8e290b19a91515fda9f1eba110a7206b,ETH,YES,low,medium,medium,-0.02,0.0,0.0,0.0,0.005,False,1.0,-0.025
transaction_cost_only,1,2026-06-24T20:50:58.754381+00:00,0x8faf001f0cb0420fe9216e45664d43db363e1235986c35e425847671efe887b9,SOL,YES,medium,medium,high,-0.39,0.0,0.0,0.0,0.005,False,1.0,-0.395
transaction_cost_only,1,2026-06-24T20:51:14.759775+00:00,0xa18f20c9d7af10ea829ba2117f462eed5781ccb83a3b11964e8464ea1bee0872,BTC,NO,medium,medium,high,0.010000000000000026,0.0,0.0,0.0,0.005,False,1.0,0.005000000000000026
transaction_cost_only,1,2026-06-24T20:51:18.756585+00:00,0xb5b2cc6f7e364320387000357dcec77c8e290b19a91515fda9f1eba110a7206b,ETH,NO,medium,medium,high,-0.02,0.0,0.0,0.0,0.005,False,1.0,-0.025
transaction_cost_only,1,2026-06-24T20:52:00.752541+00:00,0xa18f20c9d7af10ea829ba2117f462eed5781ccb83a3b11964e8464ea1bee0872,BTC,NO,medium,medium,medium,0.07499999999999997,0.0,0.0,0.0,0.005,False,1.0,0.06999999999999997
transaction_cost_only,1,2026-06-24T21:05:24.762965+00:00,0xaa2029eae1454eff4dd2950180ce1a61bf2cc891c5bac51d9e0a15f22cddbee9,BTC,NO,low,medium,medium,-0.06000000000000004,0.0,0.0,0.0,0.005,False,1.0,-0.06500000000000004
transaction_cost_only,1,2026-06-24T21:06:00.760134+00:00,0xaa2029eae1454eff4dd2950180ce1a61bf2cc891c5bac51d9e0a15f22cddbee9,BTC,NO,low,medium,medium,-0.08500000000000006,0.0,0.0,0.0,0.005,False,1.0,-0.09000000000000007
transaction_cost_only,1,2026-06-24T21:06:02.752654+00:00,0xaa2029eae1454eff4dd2950180ce1a61bf2cc891c5bac51d9e0a15f22cddbee9,BTC,NO,low,medium,medium,-0.09000000000000001,0.0,0.0,0.0,0.005,False,1.0,-0.09500000000000001
transaction_cost_only,1,2026-06-24T21:17:38.763105+00:00,0x937f6ce7ec05a5cf598e814d8b21ca1b03831a607d67f7a737b4b455195b6347,ETH,YES,low,medium,medium,0.02999999999999999,0.0,0.0,0.0,0.005,False,1.0,0.024999999999999988
transaction_cost_only,1,2026-06-24T21:22:02.765156+00:00,0xc6ef5efefe52337535ef640dc5214f2cfca21f24db5da5f6461bb61b04d1757b,SOL,NO,medium,medium,medium,0.09999999999999994,0.0,0.0,0.0,0.005,False,1.0,0.09499999999999993
transaction_cost_only,1,2026-06-24T21:22:20.752241+00:00,0xc6ef5efefe52337535ef640dc5214f2cfca21f24db5da5f6461bb61b04d1757b,SOL,NO,low,medium,medium,-0.12000000000000004,0.0,0.0,0.0,0.005,False,1.0,-0.12500000000000003
transaction_cost_only,1,2026-06-24T21:23:58.762346+00:00,0xc6ef5efefe52337535ef640dc5214f2cfca21f24db5da5f6461bb61b04d1757b,SOL,NO,medium,medium,medium,0.2849999999999999,0.0,0.0,0.0,0.005,False,1.0,0.2799999999999999
transaction_cost_only,1,2026-06-24T22:03:08.763973+00:00,0x8d3e7e3c36b3e5d1112c98d87518a00383581755190d5a55edc69c26749c1f59,ETH,NO,low,medium,medium,0.05,0.0,0.0,0.0,0.005,False,1.0,0.045000000000000005
transaction_cost_only,1,2026-06-25T00:06:46.764238+00:00,0xd65cb4f9d9b3cd9e0726c6723aaedeea6270e2b27f07e8d8d75fb866fc66efda,SOL,YES,medium,high,medium,0.365,0.0,0.0,0.0,0.005,False,1.0,0.36
transaction_cost_only,1,2026-06-25T02:56:12.762022+00:00,0xdc50528ddd95715389bece5e22c3924ab255ac03cc50a796d14fc1536f99e645,BTC,NO,low,medium,medium,0.14000000000000004,0.0,0.0,0.0,0.005,False,1.0,0.13500000000000004
transaction_cost_only,1,2026-06-25T03:15:10.763656+00:00,0xd64b2ce5267698719de20d05b135368962c8a4f1835384f18f0605ccaac199d5,BTC,NO,medium,medium,medium,0.31999999999999995,0.0,0.0,0.0,0.005,False,1.0,0.31499999999999995
transaction_cost_only,1,2026-06-25T03:15:10.763656+00:00,0xe9b43bb6aa0a0aa923a5b7ea6e70758b5f517507971004160627be84bdb0dbe3,SOL,NO,medium,medium,medium,0.32999999999999996,0.0,0.0,0.0,0.005,False,1.0,0.32499999999999996
transaction_cost_only,2,2026-06-25T20:08:34.804565+00:00,0xee90821efc94653c995d4583794da5c87e3c033a1e0a24f1f4ee824d2357c750,BTC,NO,low,medium,medium,-0.06000000000000004,0.0,0.0,0.0,0.005,False,1.0,-0.06500000000000004
transaction_cost_only,2,2026-06-25T22:25:40.815254+00:00,0x42561c5c6f58ab741b19c250935435977309241d54a0c21753c74a382c8bf1ec,SOL,NO,low,high,medium,0.05500000000000001,0.0,0.0,0.0,0.005,False,1.0,0.05000000000000001
transaction_cost_only,2,2026-06-25T23:30:14.811724+00:00,0x78e6a3146dd778fc3150db6ba5f2fe3b701ff446bbaff21453236e84bee5434d,SOL,NO,medium,high,medium,0.039999999999999994,0.0,0.0,0.0,0.005,False,1.0,0.034999999999999996
transaction_cost_only,2,2026-06-25T23:37:52.815776+00:00,0x953e34839580df1f86da756ce29e11f3a83588f2d7c5a8b5146bbe13c3ad7f35,BTC,NO,low,medium,medium,0.38,0.0,0.0,0.0,0.005,False,1.0,0.375
transaction_cost_only,2,2026-06-26T02:21:20.818691+00:00,0xe92b6aa7834be28be01989eb9239f7bc730eef595bb9081c81db7640532437a3,SOL,NO,low,medium,medium,0.020000000000000035,0.0,0.0,0.0,0.005,False,1.0,0.015000000000000034
transaction_cost_only,2,2026-06-26T02:31:04.812637+00:00,0x0d8fce3554cb6a7e22dac3a088ee1b258895693bde0bdce58ef37a2d50eb0f3a,ETH,YES,low,medium,medium,0.035000000000000045,0.0,0.0,0.0,0.005,False,1.0,0.030000000000000044
transaction_cost_only,2,2026-06-26T02:35:42.806769+00:00,0x136e15d4a85563899e310f043e14992b3ea9f163c94c722c836f29143ac271f4,ETH,NO,low,medium,medium,0.04000000000000005,0.0,0.0,0.0,0.005,False,1.0,0.03500000000000005
transaction_cost_only,2,2026-06-26T02:40:48.805212+00:00,0x8e4bcd7de404304d78ffd6801cda6a969cd3550ebe3dbc28e4c0b8ff9938a14a,SOL,YES,low,medium,medium,0.13999999999999999,0.0,0.0,0.0,0.005,False,1.0,0.13499999999999998
transaction_cost_only,2,2026-06-26T02:51:38.817347+00:00,0xe508261496efeb201653b58e80e7f513fc39987412717485e6b55bb061579c69,ETH,NO,low,medium,medium,0.039999999999999994,0.0,0.0,0.0,0.005,False,1.0,0.034999999999999996
transaction_cost_only,2,2026-06-26T02:51:56.806004+00:00,0xe508261496efeb201653b58e80e7f513fc39987412717485e6b55bb061579c69,ETH,NO,low,medium,medium,0.030000000000000044,0.0,0.0,0.0,0.005,False,1.0,0.025000000000000043
transaction_cost_only,2,2026-06-26T02:52:32.804179+00:00,0xc3f03ff87f66c7f90f0170c31343b35b3d222c9592259bb603fe0832409a0fdf,BTC,NO,low,medium,medium,0.02999999999999999,0.0,0.0,0.0,0.005,False,1.0,0.024999999999999988
transaction_cost_only,2,2026-06-26T02:52:32.804179+00:00,0xe508261496efeb201653b58e80e7f513fc39987412717485e6b55bb061579c69,ETH,NO,low,medium,medium,0.06999999999999997,0.0,0.0,0.0,0.005,False,1.0,0.06499999999999996
transaction_cost_only,2,2026-06-26T02:57:22.804967+00:00,0x26d1ef52a5ebf5babad8932669762730e15bd1a446a00e43d9be96da4efc83c4,ETH,NO,low,medium,medium,0.115,0.0,0.0,0.0,0.005,False,1.0,0.11
transaction_cost_only,2,2026-06-26T03:00:38.803974+00:00,0x63edaf8ffd40b636dc86e7c49b6296c604d4ea5caa43b031869f3147e21dd62b,SOL,YES,low,high,medium,-0.085,0.0,0.0,0.0,0.005,False,1.0,-0.09000000000000001
transaction_cost_only,2,2026-06-26T03:01:24.814231+00:00,0xc358642287952e08f2fbbd5a90f7574d73a87685780ca454b0efda7e9e598cd4,ETH,NO,high,medium,medium,0.20500000000000004,0.0,0.0,0.0,0.005,False,1.0,0.20000000000000004
transaction_cost_only,2,2026-06-26T03:03:32.816621+00:00,0x63edaf8ffd40b636dc86e7c49b6296c604d4ea5caa43b031869f3147e21dd62b,SOL,YES,low,medium,medium,0.19000000000000009,0.0,0.0,0.0,0.005,False,1.0,0.18500000000000008
transaction_cost_only,2,2026-06-26T03:05:08.804343+00:00,0x45454c0281a47979043962ffc486828eaf366f6e60c61c60460810e7425f44a1,BTC,NO,low,medium,medium,0.059999999999999956,0.0,0.0,0.0,0.005,False,1.0,0.05499999999999996
transaction_cost_only,2,2026-06-26T03:06:02.818025+00:00,0xa16a5cae23414513a2199fe036ffb3c48978064e3c53b7d9b2ae57ee97de8bff,ETH,NO,low,medium,medium,0.045,0.0,0.0,0.0,0.005,False,1.0,0.04
transaction_cost_only,2,2026-06-26T03:06:28.814788+00:00,0x200710e3e43d33b143ccd80d0a2e3a265017d2dc75281f8951b674131c3f26bb,SOL,NO,medium,high,medium,0.08499999999999998,0.0,0.0,0.0,0.005,False,1.0,0.07999999999999997
transaction_cost_only,2,2026-06-26T03:16:38.807970+00:00,0x3fa0111e36690372aa90e248420ec855bd7c896e4868c9f32998c6f075384169,ETH,YES,low,medium,medium,0.11,0.0,0.0,0.0,0.005,False,1.0,0.105
transaction_cost_only,2,2026-06-26T03:32:26.818047+00:00,0x0b97e37bec2a876f4ff7b37c51c8895e26ea39d6e3a2d9cb9ddbe6b457ce8860,SOL,YES,high,high,medium,0.21000000000000005,0.0,0.0,0.0,0.005,False,1.0,0.20500000000000004
transaction_cost_only,2,2026-06-26T03:55:08.803525+00:00,0x4899182aad7398c555f2a57cd6737598b159c5e6aa63bb73b798e6026f8b0094,SOL,NO,medium,low,medium,0.07999999999999997,0.0,0.0,0.0,0.005,False,1.0,0.07499999999999997
transaction_cost_only,2,2026-06-26T03:55:16.816237+00:00,0x4899182aad7398c555f2a57cd6737598b159c5e6aa63bb73b798e6026f8b0094,SOL,NO,low,low,medium,-0.08000000000000006,0.0,0.0,0.0,0.005,False,1.0,-0.08500000000000006
transaction_cost_only,2,2026-06-26T03:57:48.804438+00:00,0x4899182aad7398c555f2a57cd6737598b159c5e6aa63bb73b798e6026f8b0094,SOL,NO,medium,high,medium,-0.055000000000000035,0.0,0.0,0.0,0.005,False,1.0,-0.06000000000000003
transaction_cost_only,2,2026-06-26T03:57:58.809960+00:00,0x4899182aad7398c555f2a57cd6737598b159c5e6aa63bb73b798e6026f8b0094,SOL,NO,low,high,medium,0.035000000000000045,0.0,0.0,0.0,0.005,False,1.0,0.030000000000000044
transaction_cost_only,2,2026-06-26T03:58:02.810248+00:00,0x4899182aad7398c555f2a57cd6737598b159c5e6aa63bb73b798e6026f8b0094,SOL,NO,medium,medium,medium,0.08999999999999998,0.0,0.0,0.0,0.005,False,1.0,0.08499999999999998
transaction_cost_only,2,2026-06-26T03:58:28.812680+00:00,0x4899182aad7398c555f2a57cd6737598b159c5e6aa63bb73b798e6026f8b0094,SOL,NO,medium,medium,medium,0.059999999999999956,0.0,0.0,0.0,0.005,False,1.0,0.05499999999999996
transaction_cost_only,2,2026-06-26T04:00:06.817578+00:00,0xa931c0e10d5530f989373caa003629057063609e4005786b743bae537c217c34,SOL,NO,low,medium,medium,0.05499999999999995,0.0,0.0,0.0,0.005,False,1.0,0.049999999999999954
transaction_cost_only,2,2026-06-26T04:00:20.812413+00:00,0x63cab951a7245a6f73b6e5e26a09e371e2feeeecc1e604537033a6353bf3944e,BTC,NO,medium,medium,medium,0.06500000000000002,0.0,0.0,0.0,0.005,False,1.0,0.06000000000000002
transaction_cost_only,2,2026-06-26T04:00:22.803330+00:00,0x63cab951a7245a6f73b6e5e26a09e371e2feeeecc1e604537033a6353bf3944e,BTC,NO,medium,medium,medium,0.14499999999999993,0.0,0.0,0.0,0.005,False,1.0,0.13999999999999993
transaction_cost_only,2,2026-06-26T06:53:30.812574+00:00,0x4ff498fe655344b90bf7a5b904a79a24821ad4553fd49596772479324346a029,SOL,NO,medium,high,medium,0.024999999999999984,0.0,0.0,0.0,0.005,False,1.0,0.019999999999999983
transaction_cost_only,2,2026-06-26T06:53:32.804327+00:00,0x4ff498fe655344b90bf7a5b904a79a24821ad4553fd49596772479324346a029,SOL,NO,medium,medium,medium,-0.06999999999999999,0.0,0.0,0.0,0.005,False,1.0,-0.075
transaction_cost_only,2,2026-06-26T07:05:48.811781+00:00,0x43005d0675491621f54ab6875a6c632e3ee1d0ec2022689ceef619343b23aa90,SOL,NO,low,medium,medium,0.029999999999999933,0.0,0.0,0.0,0.005,False,1.0,0.024999999999999932
transaction_cost_only,2,2026-06-26T07:06:38.804569+00:00,0x43005d0675491621f54ab6875a6c632e3ee1d0ec2022689ceef619343b23aa90,SOL,NO,low,medium,medium,-0.11000000000000003,0.0,0.0,0.0,0.005,False,1.0,-0.11500000000000003
transaction_cost_only,2,2026-06-26T07:06:40.809802+00:00,0x43005d0675491621f54ab6875a6c632e3ee1d0ec2022689ceef619343b23aa90,SOL,NO,low,medium,medium,-0.059999999999999984,0.0,0.0,0.0,0.005,False,1.0,-0.06499999999999999
transaction_cost_only,2,2026-06-26T07:08:32.818104+00:00,0x43005d0675491621f54ab6875a6c632e3ee1d0ec2022689ceef619343b23aa90,SOL,NO,low,medium,medium,-0.07000000000000005,0.0,0.0,0.0,0.005,False,1.0,-0.07500000000000005
transaction_cost_only,2,2026-06-26T07:40:34.806231+00:00,0xd26cee061a5b0d0f82fcb2457d5de1bb3334659b47dff621b8d511e56e10a868,BTC,NO,low,medium,medium,0.020000000000000035,0.0,0.0,0.0,0.005,False,1.0,0.015000000000000034
transaction_cost_only,2,2026-06-26T07:40:34.806231+00:00,0xc84d4d834953770775dc2fef52283e2d3ae621102db7672f438730406001fa49,ETH,NO,low,medium,medium,0.11,0.0,0.0,0.0,0.005,False,1.0,0.105
transaction_cost_only,2,2026-06-26T07:40:36.812020+00:00,0xd26cee061a5b0d0f82fcb2457d5de1bb3334659b47dff621b8d511e56e10a868,BTC,NO,low,medium,medium,0.019999999999999924,0.0,0.0,0.0,0.005,False,1.0,0.014999999999999923
transaction_cost_only,2,2026-06-26T07:45:32.818637+00:00,0x7f26a6a9237c0ddf229911a7c90349ed1f8b495468cbf2c8182a92f7cfc7a0e8,ETH,YES,low,medium,medium,0.06000000000000001,0.0,0.0,0.0,0.005,False,1.0,0.055000000000000014
transaction_cost_only,2,2026-06-26T07:45:38.808508+00:00,0x7f26a6a9237c0ddf229911a7c90349ed1f8b495468cbf2c8182a92f7cfc7a0e8,ETH,YES,low,medium,medium,0.039999999999999994,0.0,0.0,0.0,0.005,False,1.0,0.034999999999999996
transaction_cost_only,2,2026-06-26T08:00:30.814345+00:00,0xe6a382ea25b9a95e964f4832e995c5e02cc31115908a9ef32975a67d8f3ede20,SOL,NO,low,medium,medium,0.10499999999999994,0.0,0.0,0.0,0.005,False,1.0,0.09999999999999994
transaction_cost_only,3,2026-07-01T21:38:34.364551+00:00,0xccddd1603d20c4477f2ac4e9f226747d540c9f0fe9ebc85b76cbdd992afa90a5,SOL,YES,low,medium,low,0.18999999999999997,0.0,0.0,0.0,0.005,False,1.0,0.18499999999999997
transaction_cost_only,3,2026-07-01T21:40:16.374459+00:00,0x1e62581fd9a1f2400a72b0ace91b1149d1dd03a3202a315563efea9499e0e23b,BTC,YES,low,medium,low,0.05000000000000006,0.0,0.0,0.0,0.005,False,1.0,0.04500000000000006
transaction_cost_only,3,2026-07-01T21:40:22.365273+00:00,0x4c09abece310efe0c502e2b081a875d0020f5b30af3c45f19145efd6b791df0b,ETH,YES,medium,medium,low,0.06500000000000002,0.0,0.0,0.0,0.005,False,1.0,0.06000000000000002
transaction_cost_only,3,2026-07-01T21:40:22.365273+00:00,0x2729a97dbed765fa7f38618dc0399548892a2600fac0138be2d913602762d5e7,SOL,YES,low,medium,low,0.039999999999999994,0.0,0.0,0.0,0.005,False,1.0,0.034999999999999996
transaction_cost_only,3,2026-07-01T21:40:24.371334+00:00,0x2729a97dbed765fa7f38618dc0399548892a2600fac0138be2d913602762d5e7,SOL,YES,low,medium,low,0.08999999999999998,0.0,0.0,0.0,0.005,False,1.0,0.08499999999999998
transaction_cost_only,3,2026-07-01T21:41:12.371170+00:00,0x2729a97dbed765fa7f38618dc0399548892a2600fac0138be2d913602762d5e7,SOL,YES,low,medium,low,0.04000000000000005,0.0,0.0,0.0,0.005,False,1.0,0.03500000000000005
transaction_cost_only,3,2026-07-01T21:41:40.369327+00:00,0x2729a97dbed765fa7f38618dc0399548892a2600fac0138be2d913602762d5e7,SOL,YES,low,medium,low,-0.059999999999999984,0.0,0.0,0.0,0.005,False,1.0,-0.06499999999999999
transaction_cost_only,3,2026-07-01T21:41:46.372488+00:00,0x2729a97dbed765fa7f38618dc0399548892a2600fac0138be2d913602762d5e7,SOL,YES,low,medium,low,0.039999999999999994,0.0,0.0,0.0,0.005,False,1.0,0.034999999999999996
transaction_cost_only,3,2026-07-01T21:42:04.370096+00:00,0x2729a97dbed765fa7f38618dc0399548892a2600fac0138be2d913602762d5e7,SOL,YES,low,low,low,-0.07500000000000005,0.0,0.0,0.0,0.005,False,1.0,-0.08000000000000006
transaction_cost_only,3,2026-07-01T21:43:34.364596+00:00,0x4c09abece310efe0c502e2b081a875d0020f5b30af3c45f19145efd6b791df0b,ETH,YES,low,medium,low,0.010000000000000026,0.0,0.0,0.0,0.005,False,1.0,0.005000000000000026
transaction_cost_only,3,2026-07-01T21:43:36.369953+00:00,0x4c09abece310efe0c502e2b081a875d0020f5b30af3c45f19145efd6b791df0b,ETH,YES,low,medium,low,0.01999999999999998,0.0,0.0,0.0,0.005,False,1.0,0.014999999999999979
transaction_cost_only,3,2026-07-01T21:43:40.367946+00:00,0x4c09abece310efe0c502e2b081a875d0020f5b30af3c45f19145efd6b791df0b,ETH,YES,low,medium,low,0.039999999999999994,0.0,0.0,0.0,0.005,False,1.0,0.034999999999999996
transaction_cost_only,3,2026-07-01T21:52:36.373289+00:00,0x0dcd227003d8b96eb66b8db71c3ef9f315a3aae8716e4d49d11b359a8b6c27fa,ETH,YES,low,low,low,0.3499999999999999,0.0,0.0,0.0,0.005,False,1.0,0.3449999999999999
transaction_cost_only,3,2026-07-01T22:25:06.371629+00:00,0x3eadf4ee01511b615676265099963fabcf242d0d9e7b7e4b982686e0262ce98b,ETH,YES,low,medium,medium,0.020000000000000035,0.0,0.0,0.0,0.005,False,1.0,0.015000000000000034
transaction_cost_only,3,2026-07-01T22:25:44.366323+00:00,0x2b139d670d2706c6264dad011bc4e96df04633695a4fc75b669830f39f6693ce,BTC,NO,low,medium,medium,0.020000000000000035,0.0,0.0,0.0,0.005,False,1.0,0.015000000000000034
transaction_cost_only,3,2026-07-01T22:25:46.373589+00:00,0x2b139d670d2706c6264dad011bc4e96df04633695a4fc75b669830f39f6693ce,BTC,NO,low,medium,low,0.020000000000000035,0.0,0.0,0.0,0.005,False,1.0,0.015000000000000034
transaction_cost_only,3,2026-07-01T22:25:48.363737+00:00,0x2b139d670d2706c6264dad011bc4e96df04633695a4fc75b669830f39f6693ce,BTC,NO,low,low,low,0.03999999999999994,0.0,0.0,0.0,0.005,False,1.0,0.03499999999999994
transaction_cost_only,3,2026-07-01T22:25:50.368975+00:00,0x2b139d670d2706c6264dad011bc4e96df04633695a4fc75b669830f39f6693ce,BTC,NO,medium,low,medium,-0.05999999999999993,0.0,0.0,0.0,0.005,False,1.0,-0.06499999999999993
transaction_cost_only,3,2026-07-01T22:25:56.371175+00:00,0x2b139d670d2706c6264dad011bc4e96df04633695a4fc75b669830f39f6693ce,BTC,NO,medium,medium,medium,0.019999999999999924,0.0,0.0,0.0,0.005,False,1.0,0.014999999999999923
transaction_cost_only,3,2026-07-01T22:25:58.364472+00:00,0x071de439b9cfba5f3b67356a7c3b0685206f6f943a789b6467311d34691aa135,SOL,NO,low,medium,low,0.010000000000000026,0.0,0.0,0.0,0.005,False,1.0,0.005000000000000026
transaction_cost_only,3,2026-07-01T22:26:00.369709+00:00,0x2b139d670d2706c6264dad011bc4e96df04633695a4fc75b669830f39f6693ce,BTC,NO,medium,low,medium,0.02500000000000004,0.0,0.0,0.0,0.005,False,1.0,0.02000000000000004
transaction_cost_only,3,2026-07-01T22:31:02.362104+00:00,0x5330f3288d309b2bb246086f6cf4d139e782acd5b44784839259604ae5e9f369,BTC,NO,low,low,low,0.05500000000000001,0.0,0.0,0.0,0.005,False,1.0,0.05000000000000001
transaction_cost_only,3,2026-07-01T22:31:16.364882+00:00,0x5330f3288d309b2bb246086f6cf4d139e782acd5b44784839259604ae5e9f369,BTC,NO,low,medium,low,0.03499999999999999,0.0,0.0,0.0,0.005,False,1.0,0.02999999999999999
transaction_cost_only,3,2026-07-01T22:31:16.364882+00:00,0x8145a3bfddc61cdf01d45026aed596f0878c260884e8315caa000f5e42143a61,ETH,NO,low,medium,low,0.039999999999999994,0.0,0.0,0.0,0.005,False,1.0,0.034999999999999996
transaction_cost_only,3,2026-07-01T22:31:18.370517+00:00,0x5330f3288d309b2bb246086f6cf4d139e782acd5b44784839259604ae5e9f369,BTC,NO,low,medium,medium,0.010000000000000026,0.0,0.0,0.0,0.005,False,1.0,0.005000000000000026
transaction_cost_only,3,2026-07-01T22:31:20.361313+00:00,0x8145a3bfddc61cdf01d45026aed596f0878c260884e8315caa000f5e42143a61,ETH,NO,low,medium,low,-0.05000000000000003,0.0,0.0,0.0,0.005,False,1.0,-0.05500000000000003
transaction_cost_only,3,2026-07-01T22:31:22.369278+00:00,0x8145a3bfddc61cdf01d45026aed596f0878c260884e8315caa000f5e42143a61,ETH,NO,low,medium,low,-0.08999999999999996,0.0,0.0,0.0,0.005,False,1.0,-0.09499999999999996
transaction_cost_only,3,2026-07-01T22:31:34.363478+00:00,0x5330f3288d309b2bb246086f6cf4d139e782acd5b44784839259604ae5e9f369,BTC,NO,low,medium,low,0.030000000000000044,0.0,0.0,0.0,0.005,False,1.0,0.025000000000000043
transaction_cost_only,3,2026-07-01T22:32:00.371088+00:00,0x26690f30c8250f214c3c585bafacecfe21ca18c719caac4709c063c6d47267b4,SOL,NO,low,medium,medium,0.045,0.0,0.0,0.0,0.005,False,1.0,0.04
transaction_cost_only,3,2026-07-01T22:32:02.361988+00:00,0x26690f30c8250f214c3c585bafacecfe21ca18c719caac4709c063c6d47267b4,SOL,NO,low,medium,medium,0.020000000000000035,0.0,0.0,0.0,0.005,False,1.0,0.015000000000000034
transaction_cost_only,3,2026-07-01T22:32:06.360504+00:00,0x26690f30c8250f214c3c585bafacecfe21ca18c719caac4709c063c6d47267b4,SOL,NO,low,high,medium,-0.05000000000000003,0.0,0.0,0.0,0.005,False,1.0,-0.05500000000000003
transaction_cost_only,3,2026-07-01T22:32:10.374054+00:00,0x26690f30c8250f214c3c585bafacecfe21ca18c719caac4709c063c6d47267b4,SOL,NO,low,medium,low,-0.13999999999999999,0.0,0.0,0.0,0.005,False,1.0,-0.145
transaction_cost_only,3,2026-07-01T22:32:18.369405+00:00,0x8145a3bfddc61cdf01d45026aed596f0878c260884e8315caa000f5e42143a61,ETH,NO,low,medium,medium,0.059999999999999956,0.0,0.0,0.0,0.005,False,1.0,0.05499999999999996
transaction_cost_only,3,2026-07-01T22:32:22.368939+00:00,0x5330f3288d309b2bb246086f6cf4d139e782acd5b44784839259604ae5e9f369,BTC,NO,low,medium,medium,0.010000000000000026,0.0,0.0,0.0,0.005,False,1.0,0.005000000000000026
transaction_cost_only,3,2026-07-01T22:32:28.372665+00:00,0x8145a3bfddc61cdf01d45026aed596f0878c260884e8315caa000f5e42143a61,ETH,NO,low,medium,low,-0.09500000000000001,0.0,0.0,0.0,0.005,False,1.0,-0.10000000000000002
transaction_cost_only,3,2026-07-01T22:32:54.365688+00:00,0x8145a3bfddc61cdf01d45026aed596f0878c260884e8315caa000f5e42143a61,ETH,NO,low,medium,low,0.05,0.0,0.0,0.0,0.005,False,1.0,0.045000000000000005
transaction_cost_only,3,2026-07-01T22:33:02.361345+00:00,0x5330f3288d309b2bb246086f6cf4d139e782acd5b44784839259604ae5e9f369,BTC,NO,medium,medium,medium,0.13000000000000003,0.0,0.0,0.0,0.005,False,1.0,0.12500000000000003
transaction_cost_only,3,2026-07-01T22:33:02.361345+00:00,0x8145a3bfddc61cdf01d45026aed596f0878c260884e8315caa000f5e42143a61,ETH,NO,low,medium,low,0.09999999999999999,0.0,0.0,0.0,0.005,False,1.0,0.09499999999999999
transaction_cost_only,3,2026-07-01T22:33:02.361345+00:00,0x26690f30c8250f214c3c585bafacecfe21ca18c719caac4709c063c6d47267b4,SOL,NO,low,medium,low,0.07500000000000002,0.0,0.0,0.0,0.005,False,1.0,0.07000000000000002
transaction_cost_only,3,2026-07-01T22:33:04.368866+00:00,0x26690f30c8250f214c3c585bafacecfe21ca18c719caac4709c063c6d47267b4,SOL,NO,low,medium,low,0.05,0.0,0.0,0.0,0.005,False,1.0,0.045000000000000005
transaction_cost_only,3,2026-07-01T22:33:20.375116+00:00,0x5330f3288d309b2bb246086f6cf4d139e782acd5b44784839259604ae5e9f369,BTC,NO,low,medium,low,0.03999999999999994,0.0,0.0,0.0,0.005,False,1.0,0.03499999999999994
transaction_cost_only,3,2026-07-01T22:33:22.368132+00:00,0x26690f30c8250f214c3c585bafacecfe21ca18c719caac4709c063c6d47267b4,SOL,NO,medium,medium,low,0.22000000000000006,0.0,0.0,0.0,0.005,False,1.0,0.21500000000000005
transaction_cost_only,3,2026-07-01T22:33:58.367410+00:00,0x26690f30c8250f214c3c585bafacecfe21ca18c719caac4709c063c6d47267b4,SOL,NO,low,medium,low,-0.12999999999999998,0.0,0.0,0.0,0.005,False,1.0,-0.13499999999999998
transaction_cost_only,3,2026-07-01T22:36:04.365503+00:00,0x06bf7937a18769d86039ea4ed35e5e8edd2a5c73d2ee04faffe90363450f8e3c,SOL,YES,low,medium,low,0.12499999999999996,0.0,0.0,0.0,0.005,False,1.0,0.11999999999999995
transaction_cost_only,3,2026-07-01T23:41:58.370401+00:00,0x8d22580ded9a1c9bb43a9581787566efeccc0dff2ba6843eef73d5789b5ad805,SOL,NO,low,low,medium,0.29,0.0,0.0,0.0,0.005,False,1.0,0.285
transaction_cost_only,3,2026-07-02T00:15:04.370549+00:00,0xa961035fe332ff6a397489f4b23cb720ae57b84d866a526858b47a7300270c12,SOL,YES,low,medium,medium,0.06999999999999997,0.0,0.0,0.0,0.005,False,1.0,0.06499999999999996
transaction_cost_only,3,2026-07-02T00:36:00.373439+00:00,0x0b7afa9b0852f4da0eb237bf817bcb7f8aef5e68dd95d52baba20abc06c16376,SOL,YES,low,medium,medium,0.010000000000000026,0.0,0.0,0.0,0.005,False,1.0,0.005000000000000026
transaction_cost_only,3,2026-07-02T02:22:40.364603+00:00,0x8388cdf918fa7cb09ae4a5325b4c5f307e17be11af5350e73ae08cf56bb4fece,ETH,NO,low,medium,medium,0.059999999999999956,0.0,0.0,0.0,0.005,False,1.0,0.05499999999999996
transaction_cost_only,3,2026-07-02T02:30:34.366427+00:00,0xb3e27db391946f1a5ab1d3c3b4a5b8c59d663d3684d960d98f37b7def0df3075,ETH,NO,low,low,medium,0.039999999999999994,0.0,0.0,0.0,0.005,False,1.0,0.034999999999999996
transaction_cost_only,3,2026-07-02T02:30:38.363447+00:00,0xb3e27db391946f1a5ab1d3c3b4a5b8c59d663d3684d960d98f37b7def0df3075,ETH,NO,low,medium,medium,0.030000000000000044,0.0,0.0,0.0,0.005,False,1.0,0.025000000000000043
transaction_cost_only,3,2026-07-02T03:06:42.363431+00:00,0xd97c09881b1dc40d77cafc681e2b0b8577f654e19c6a1a83914d678d7f9bdf2c,SOL,YES,low,medium,medium,0.059999999999999956,0.0,0.0,0.0,0.005,False,1.0,0.05499999999999996
transaction_cost_only,3,2026-07-02T03:38:34.375507+00:00,0xd69c5b7ce1b66fe7745e070b544d04de2517e4b2093ff8309c5573bb8b38ce57,SOL,YES,low,medium,medium,0.13999999999999999,0.0,0.0,0.0,0.005,False,1.0,0.13499999999999998
transaction_cost_only,3,2026-07-02T03:50:04.372378+00:00,0xcd593facad3a6092d5974b7ee969c8f3ff778c58031a7baac893ebf627d14b9d,ETH,YES,high,medium,medium,0.24000000000000002,0.0,0.0,0.0,0.005,False,1.0,0.23500000000000001
transaction_cost_only,3,2026-07-02T03:58:18.368322+00:00,0x947e5ddb9a353ecb65bc2faa7bce21ded36808053545239573a7c43756401557,SOL,NO,low,medium,medium,0.059999999999999956,0.0,0.0,0.0,0.005,False,1.0,0.05499999999999996
transaction_cost_only,3,2026-07-02T04:22:28.365589+00:00,0x8552d47c45da4f6202022c51d4d7ff51b0064f2cd42e482f6fc524d37f7ed891,SOL,NO,low,medium,medium,0.08999999999999998,0.0,0.0,0.0,0.005,False,1.0,0.08499999999999998
transaction_cost_only,3,2026-07-02T06:11:32.366824+00:00,0xbd4e2fd8dfbdf679456a5c936fa4db4595434055fa7990b727e863efdb73d6fe,SOL,YES,low,medium,medium,0.09999999999999999,0.0,0.0,0.0,0.005,False,1.0,0.09499999999999999
transaction_cost_only,3,2026-07-02T07:55:46.373480+00:00,0x80bb349ee2b85081e290db4561ebb007ca2a8b5721eec05ce98488d10dbdc84f,ETH,NO,low,medium,medium,-0.07000000000000005,0.0,0.0,0.0,0.005,False,1.0,-0.07500000000000005
transaction_cost_only,3,2026-07-02T07:57:42.360831+00:00,0xf9f5ce604030e965827e405652c34595fca9803264f266f106ead15d7fbb64ac,BTC,YES,low,medium,medium,-0.17,0.0,0.0,0.0,0.005,False,1.0,-0.17500000000000002
transaction_cost_only,3,2026-07-02T07:57:44.366499+00:00,0xf9f5ce604030e965827e405652c34595fca9803264f266f106ead15d7fbb64ac,BTC,YES,low,high,medium,0.08499999999999998,0.0,0.0,0.0,0.005,False,1.0,0.07999999999999997
transaction_cost_only,3,2026-07-02T08:08:54.370330+00:00,0x217a508e23290f5918a6837d836f77a3f88255f2e4fe43a9a2cce242409a7db6,ETH,YES,low,medium,high,-0.02,0.0,0.0,0.0,0.005,False,1.0,-0.025
transaction_cost_only,3,2026-07-02T08:31:14.363819+00:00,0x5d2ccbd18015d1eb9a97902f684b591555d9a4ff0610ff201c2f1f8538a929b1,SOL,YES,low,medium,medium,0.01999999999999998,0.0,0.0,0.0,0.005,False,1.0,0.014999999999999979
transaction_cost_only,3,2026-07-02T08:31:18.364598+00:00,0x5d2ccbd18015d1eb9a97902f684b591555d9a4ff0610ff201c2f1f8538a929b1,SOL,YES,low,medium,medium,0.09500000000000004,0.0,0.0,0.0,0.005,False,1.0,0.09000000000000004
transaction_cost_only,3,2026-07-02T09:00:24.371490+00:00,0x96ddd482cd2ee1a173dbde4538ed2007620845c0e462dbfcc969d36209beb1ce,SOL,NO,low,medium,medium,-0.059999999999999984,0.0,0.0,0.0,0.005,False,1.0,-0.06499999999999999
transaction_cost_only,3,2026-07-02T09:00:34.362867+00:00,0x96ddd482cd2ee1a173dbde4538ed2007620845c0e462dbfcc969d36209beb1ce,SOL,NO,low,medium,medium,0.09999999999999994,0.0,0.0,0.0,0.005,False,1.0,0.09499999999999993
transaction_cost_only,3,2026-07-02T09:00:48.368690+00:00,0x96ddd482cd2ee1a173dbde4538ed2007620845c0e462dbfcc969d36209beb1ce,SOL,NO,low,high,medium,0.04499999999999994,0.0,0.0,0.0,0.005,False,1.0,0.039999999999999945
transaction_cost_only,3,2026-07-02T09:00:52.369633+00:00,0x96ddd482cd2ee1a173dbde4538ed2007620845c0e462dbfcc969d36209beb1ce,SOL,NO,low,medium,medium,0.04999999999999995,0.0,0.0,0.0,0.005,False,1.0,0.04499999999999995
transaction_cost_only,3,2026-07-02T09:01:04.370531+00:00,0x96ddd482cd2ee1a173dbde4538ed2007620845c0e462dbfcc969d36209beb1ce,SOL,NO,low,medium,medium,0.010000000000000026,0.0,0.0,0.0,0.005,False,1.0,0.005000000000000026
transaction_cost_only,3,2026-07-02T09:01:06.361857+00:00,0x96ddd482cd2ee1a173dbde4538ed2007620845c0e462dbfcc969d36209beb1ce,SOL,NO,low,medium,medium,0.010000000000000026,0.0,0.0,0.0,0.005,False,1.0,0.005000000000000026
transaction_cost_only,3,2026-07-02T09:10:36.374495+00:00,0xbe2fec169e982831aa0a3f5a98442f7e0793c4af803bb920266ae6a7d43b3101,SOL,YES,low,medium,medium,-0.06999999999999999,0.0,0.0,0.0,0.005,False,1.0,-0.075
transaction_cost_only,3,2026-07-02T09:11:08.370966+00:00,0xbe2fec169e982831aa0a3f5a98442f7e0793c4af803bb920266ae6a7d43b3101,SOL,YES,low,medium,medium,0.010000000000000026,0.0,0.0,0.0,0.005,False,1.0,0.005000000000000026
transaction_cost_only,3,2026-07-02T09:26:52.371394+00:00,0xe41189d0cceabac9697f126f3ff12806192b7fb894edecb0106a0cc6738db731,ETH,YES,low,medium,medium,0.30999999999999994,0.0,0.0,0.0,0.005,False,1.0,0.30499999999999994
transaction_cost_only,3,2026-07-02T09:35:10.366702+00:00,0x22928e0772859e6323b5722fc85857ebc2843ce5f3002b574d2bfdaa76aefda9,SOL,YES,low,medium,medium,0.02999999999999999,0.0,0.0,0.0,0.005,False,1.0,0.024999999999999988
transaction_cost_only,3,2026-07-02T09:55:44.372085+00:00,0x76314474e6d37d9996d64a209cef82a7d8ccbce36c7c87add2f24e7497a7816c,BTC,NO,low,high,medium,0.09999999999999999,0.0,0.0,0.0,0.005,False,1.0,0.09499999999999999
transaction_cost_only,3,2026-07-02T09:55:54.363634+00:00,0x1f1dd57c6e8f84731f3eca11a122596fc016822900b9a36563483ec6f84c36d4,SOL,NO,low,medium,medium,-0.08,0.0,0.0,0.0,0.005,False,1.0,-0.085
transaction_cost_only,3,2026-07-02T09:56:18.361978+00:00,0x1f1dd57c6e8f84731f3eca11a122596fc016822900b9a36563483ec6f84c36d4,SOL,NO,low,medium,medium,0.035000000000000045,0.0,0.0,0.0,0.005,False,1.0,0.030000000000000044
transaction_cost_only,3,2026-07-02T09:56:24.369489+00:00,0x1f1dd57c6e8f84731f3eca11a122596fc016822900b9a36563483ec6f84c36d4,SOL,NO,low,medium,medium,0.059999999999999956,0.0,0.0,0.0,0.005,False,1.0,0.05499999999999996
transaction_cost_only,3,2026-07-02T09:56:42.365883+00:00,0x76314474e6d37d9996d64a209cef82a7d8ccbce36c7c87add2f24e7497a7816c,BTC,NO,low,medium,medium,0.03999999999999994,0.0,0.0,0.0,0.005,False,1.0,0.03499999999999994
transaction_cost_only,3,2026-07-02T09:56:46.366917+00:00,0x76314474e6d37d9996d64a209cef82a7d8ccbce36c7c87add2f24e7497a7816c,BTC,NO,low,medium,medium,0.010000000000000026,0.0,0.0,0.0,0.005,False,1.0,0.005000000000000026
transaction_cost_only,3,2026-07-02T09:58:16.363073+00:00,0x1f1dd57c6e8f84731f3eca11a122596fc016822900b9a36563483ec6f84c36d4,SOL,NO,low,medium,medium,0.03999999999999994,0.0,0.0,0.0,0.005,False,1.0,0.03499999999999994
transaction_cost_only,3,2026-07-02T10:28:54.362470+00:00,0x5b8a5202ab816574a4572fb9d28ff7ada354d9668318b56a3644f04c39738f84,SOL,NO,low,medium,medium,0.04000000000000005,0.0,0.0,0.0,0.005,False,1.0,0.03500000000000005
transaction_cost_only,3,2026-07-02T10:28:56.368829+00:00,0x5b8a5202ab816574a4572fb9d28ff7ada354d9668318b56a3644f04c39738f84,SOL,NO,low,medium,medium,0.01999999999999998,0.0,0.0,0.0,0.005,False,1.0,0.014999999999999979
transaction_cost_only,3,2026-07-02T10:33:10.363766+00:00,0x6700add2442ac52e76696ea3dd458416e2e1d5ab9e770499a85347b7e866d616,SOL,YES,low,medium,medium,0.25,0.0,0.0,0.0,0.005,False,1.0,0.245
transaction_cost_only,3,2026-07-02T10:37:00.364893+00:00,0x465c10bb8102a8ec311965c7f7b77727b332f80e8cd87847b212b6350accd796,SOL,YES,medium,medium,medium,0.06500000000000002,0.0,0.0,0.0,0.005,False,1.0,0.06000000000000002
transaction_cost_only,3,2026-07-02T10:40:18.374682+00:00,0xb6fcc6f9d2dd9571635233fc09a863999351b0fdcf8df2b3a54b65954c4156d0,SOL,NO,medium,medium,medium,0.06999999999999997,0.0,0.0,0.0,0.005,False,1.0,0.06499999999999996
transaction_cost_only,3,2026-07-02T10:55:06.372034+00:00,0x88416fcd563a9ffe6e611423ab3340c17488dc22b7d96f92571269bffc042195,SOL,NO,low,medium,medium,0.01499999999999992,0.0,0.0,0.0,0.005,False,1.0,0.009999999999999919
transaction_cost_only,3,2026-07-02T11:00:12.369501+00:00,0x7a3fd80678cd42bf2a8b58076455dbb4318bf9108db524760e8b4127b426fa76,SOL,NO,low,medium,medium,0.03999999999999994,0.0,0.0,0.0,0.005,False,1.0,0.03499999999999994
transaction_cost_only,3,2026-07-02T11:10:20.365901+00:00,0xae1161ad8055f5b09cd7c8038ea97feb7f79f231202f647ce33f68cdce265897,SOL,YES,high,high,medium,0.215,0.0,0.0,0.0,0.005,False,1.0,0.21
transaction_cost_only,3,2026-07-02T12:10:22.361984+00:00,0x8362eee619c3c068724b9acc69306f29dd57c5fb122ca23de731c60f166d74d8,SOL,NO,low,medium,medium,0.010000000000000026,0.0,0.0,0.0,0.005,False,1.0,0.005000000000000026
transaction_cost_only,3,2026-07-02T12:10:26.361078+00:00,0x8362eee619c3c068724b9acc69306f29dd57c5fb122ca23de731c60f166d74d8,SOL,NO,low,medium,medium,-0.059999999999999984,0.0,0.0,0.0,0.005,False,1.0,-0.06499999999999999
transaction_cost_only,3,2026-07-02T12:11:18.362800+00:00,0x8362eee619c3c068724b9acc69306f29dd57c5fb122ca23de731c60f166d74d8,SOL,NO,low,medium,medium,0.05,0.0,0.0,0.0,0.005,False,1.0,0.045000000000000005
transaction_cost_only,3,2026-07-02T12:12:22.363070+00:00,0x8362eee619c3c068724b9acc69306f29dd57c5fb122ca23de731c60f166d74d8,SOL,NO,low,medium,medium,0.030000000000000044,0.0,0.0,0.0,0.005,False,1.0,0.025000000000000043
transaction_cost_only,3,2026-07-02T12:13:38.365899+00:00,0x8362eee619c3c068724b9acc69306f29dd57c5fb122ca23de731c60f166d74d8,SOL,NO,medium,high,medium,0.23500000000000001,0.0,0.0,0.0,0.005,False,1.0,0.23
transaction_cost_only,3,2026-07-02T12:20:04.364161+00:00,0x94bb631dd01221e07f00ab03feccab66c46ce389a1e7d203fe282aa6d209c589,SOL,YES,low,medium,medium,0.029999999999999933,0.0,0.0,0.0,0.005,False,1.0,0.024999999999999932
transaction_cost_only,3,2026-07-02T12:30:04.364786+00:00,0x9215a5c313d78c2a336728a748b73687bc826021a656e9a0d76746f2f5023043,BTC,YES,high,medium,medium,0.265,0.0,0.0,0.0,0.005,False,1.0,0.26
transaction_cost_only,3,2026-07-02T12:30:16.366322+00:00,0xfdd4d7f9eadc398c0df23a59aadb9ee61a56855c54b6ac9520602a5973e42087,SOL,YES,low,high,medium,-0.13999999999999999,0.0,0.0,0.0,0.005,False,1.0,-0.145
transaction_cost_only,3,2026-07-02T12:30:20.366935+00:00,0xfdd4d7f9eadc398c0df23a59aadb9ee61a56855c54b6ac9520602a5973e42087,SOL,YES,low,high,medium,0.02999999999999999,0.0,0.0,0.0,0.005,False,1.0,0.024999999999999988
transaction_cost_only,3,2026-07-02T12:30:22.364919+00:00,0xfdd4d7f9eadc398c0df23a59aadb9ee61a56855c54b6ac9520602a5973e42087,SOL,YES,low,medium,medium,-0.13999999999999999,0.0,0.0,0.0,0.005,False,1.0,-0.145
transaction_cost_only,3,2026-07-02T12:30:36.362455+00:00,0xfdd4d7f9eadc398c0df23a59aadb9ee61a56855c54b6ac9520602a5973e42087,SOL,YES,low,medium,medium,0.12999999999999998,0.0,0.0,0.0,0.005,False,1.0,0.12499999999999997
transaction_cost_only,3,2026-07-02T12:31:22.373383+00:00,0x988287eee8e697b0d1d2625d38528f0175f8d3b585148a236428390c8e5bd7a0,ETH,NO,low,medium,medium,0.034999999999999934,0.0,0.0,0.0,0.005,False,1.0,0.029999999999999933
transaction_cost_only,3,2026-07-02T12:31:28.373272+00:00,0x9215a5c313d78c2a336728a748b73687bc826021a656e9a0d76746f2f5023043,BTC,NO,low,high,medium,0.05500000000000001,0.0,0.0,0.0,0.005,False,1.0,0.05000000000000001
transaction_cost_only,3,2026-07-02T12:33:18.366598+00:00,0x9215a5c313d78c2a336728a748b73687bc826021a656e9a0d76746f2f5023043,BTC,NO,low,medium,medium,0.08999999999999998,0.0,0.0,0.0,0.005,False,1.0,0.08499999999999998
transaction_cost_only,3,2026-07-02T12:40:48.374599+00:00,0xb38f8c90a79ba7fb9e3926511611e2a97e69f95d8567e5459f176624c5d78e7e,SOL,YES,low,medium,medium,0.04999999999999995,0.0,0.0,0.0,0.005,False,1.0,0.04499999999999995
transaction_cost_only,3,2026-07-02T13:01:06.370199+00:00,0xfdc8ee5a5355786246c8c350b1b6d392d7b0b20b2f4112d995400e6d41587033,BTC,NO,low,medium,medium,0.08499999999999998,0.0,0.0,0.0,0.005,False,1.0,0.07999999999999997
transaction_cost_only,3,2026-07-02T13:01:06.370199+00:00,0x7da2825f125571140c598bebdc47a2efcc90d5bbe3f36da9ed64a66a0758a57e,ETH,NO,low,low,medium,0.06499999999999996,0.0,0.0,0.0,0.005,False,1.0,0.05999999999999996
transaction_cost_only,3,2026-07-02T13:05:14.362350+00:00,0x7b81aecfe918b4400a38bb7e82faf16214e86526a59365a1a1f57891d5e02184,SOL,YES,low,medium,medium,0.12000000000000001,0.0,0.0,0.0,0.005,False,1.0,0.115
transaction_cost_only,3,2026-07-02T13:10:08.372139+00:00,0x0b7e0ca6f5af7203bbc20de90e6a874b459992dfe7ec7d26ca84605690a8971f,SOL,NO,low,medium,medium,0.05499999999999995,0.0,0.0,0.0,0.005,False,1.0,0.049999999999999954
transaction_cost_only,3,2026-07-02T13:26:26.363015+00:00,0xabaf563b7f6a9dc2645946d31ce8af8645de6d2409cef51803fb0999c9061f3e,ETH,NO,low,medium,medium,-0.08,0.0,0.0,0.0,0.005,False,1.0,-0.085
transaction_cost_only,3,2026-07-02T13:26:28.373900+00:00,0xabaf563b7f6a9dc2645946d31ce8af8645de6d2409cef51803fb0999c9061f3e,ETH,NO,low,medium,medium,0.11999999999999995,0.0,0.0,0.0,0.005,False,1.0,0.11499999999999995
transaction_cost_only,3,2026-07-02T13:32:06.370617+00:00,0xbfdaa1afb46e82ff47ba344bc098d1ae028cd939a030c6672402ca1475988d70,ETH,NO,low,medium,medium,0.02,0.0,0.0,0.0,0.005,False,1.0,0.015
transaction_cost_only,3,2026-07-02T13:32:14.374959+00:00,0xbfdaa1afb46e82ff47ba344bc098d1ae028cd939a030c6672402ca1475988d70,ETH,NO,high,medium,medium,-0.04000000000000001,0.0,0.0,0.0,0.005,False,1.0,-0.045000000000000005
transaction_cost_only,3,2026-07-02T13:33:40.375151+00:00,0xbfdaa1afb46e82ff47ba344bc098d1ae028cd939a030c6672402ca1475988d70,ETH,YES,low,medium,high,-0.02,0.0,0.0,0.0,0.005,False,1.0,-0.025
transaction_cost_only,3,2026-07-02T13:35:10.368025+00:00,0x7798cca819d8b656cf9130a5ea5d871975f4227bea6b3d22ec3b1b6de4584fc0,BTC,NO,medium,medium,medium,0.14499999999999993,0.0,0.0,0.0,0.005,False,1.0,0.13999999999999993
transaction_cost_only,3,2026-07-02T13:37:02.366507+00:00,0xcd4afc8eb6c83c8d8dada852de775b7cc1e7cfaf722f03972c1d93abc1d9cf09,ETH,YES,low,medium,medium,-0.05499999999999998,0.0,0.0,0.0,0.005,False,1.0,-0.05999999999999998
transaction_cost_only,3,2026-07-02T13:37:06.370427+00:00,0x7798cca819d8b656cf9130a5ea5d871975f4227bea6b3d22ec3b1b6de4584fc0,BTC,NO,low,medium,medium,0.06499999999999996,0.0,0.0,0.0,0.005,False,1.0,0.05999999999999996
transaction_cost_only,3,2026-07-02T13:37:14.375069+00:00,0x7798cca819d8b656cf9130a5ea5d871975f4227bea6b3d22ec3b1b6de4584fc0,BTC,NO,low,medium,medium,0.07499999999999997,0.0,0.0,0.0,0.005,False,1.0,0.06999999999999997
transaction_cost_only,3,2026-07-02T13:45:04.364924+00:00,0x6b9167a59028831cc69fc27a631ba5f99da00742fcac16501ddd54b155929c85,ETH,YES,medium,medium,medium,0.014999999999999975,0.0,0.0,0.0,0.005,False,1.0,0.009999999999999974
transaction_cost_only,3,2026-07-02T13:45:08.364326+00:00,0x6b9167a59028831cc69fc27a631ba5f99da00742fcac16501ddd54b155929c85,ETH,YES,low,medium,medium,0.02999999999999999,0.0,0.0,0.0,0.005,False,1.0,0.024999999999999988
transaction_cost_only,3,2026-07-02T13:45:12.367704+00:00,0x6b9167a59028831cc69fc27a631ba5f99da00742fcac16501ddd54b155929c85,ETH,YES,low,medium,medium,-0.055000000000000035,0.0,0.0,0.0,0.005,False,1.0,-0.06000000000000003
transaction_cost_only,3,2026-07-02T13:46:08.369291+00:00,0x6b9167a59028831cc69fc27a631ba5f99da00742fcac16501ddd54b155929c85,ETH,YES,low,medium,medium,0.02999999999999999,0.0,0.0,0.0,0.005,False,1.0,0.024999999999999988
transaction_cost_only,3,2026-07-02T13:46:10.366715+00:00,0x165f83111bc6b855ddff03cee955479de1945e82de0c22a4af0e20b7a4611166,SOL,YES,low,medium,medium,0.010000000000000026,0.0,0.0,0.0,0.005,False,1.0,0.005000000000000026
transaction_cost_only,3,2026-07-02T13:46:12.374640+00:00,0x6b9167a59028831cc69fc27a631ba5f99da00742fcac16501ddd54b155929c85,ETH,YES,medium,medium,medium,0.01999999999999998,0.0,0.0,0.0,0.005,False,1.0,0.014999999999999979
transaction_cost_only,3,2026-07-02T13:46:20.368608+00:00,0x6b9167a59028831cc69fc27a631ba5f99da00742fcac16501ddd54b155929c85,ETH,YES,medium,medium,medium,0.02999999999999999,0.0,0.0,0.0,0.005,False,1.0,0.024999999999999988
transaction_cost_only,3,2026-07-02T13:46:22.365708+00:00,0x165f83111bc6b855ddff03cee955479de1945e82de0c22a4af0e20b7a4611166,SOL,YES,low,medium,medium,-0.06999999999999999,0.0,0.0,0.0,0.005,False,1.0,-0.075
transaction_cost_only,3,2026-07-02T13:46:28.366021+00:00,0x6b9167a59028831cc69fc27a631ba5f99da00742fcac16501ddd54b155929c85,ETH,YES,low,medium,medium,-0.09000000000000001,0.0,0.0,0.0,0.005,False,1.0,-0.09500000000000001
transaction_cost_only,3,2026-07-02T13:46:34.364544+00:00,0x6b9167a59028831cc69fc27a631ba5f99da00742fcac16501ddd54b155929c85,ETH,YES,low,medium,medium,0.030000000000000044,0.0,0.0,0.0,0.005,False,1.0,0.025000000000000043
transaction_cost_only,3,2026-07-02T13:46:36.372134+00:00,0x6b9167a59028831cc69fc27a631ba5f99da00742fcac16501ddd54b155929c85,ETH,YES,low,low,medium,-0.07000000000000005,0.0,0.0,0.0,0.005,False,1.0,-0.07500000000000005
transaction_cost_only,3,2026-07-02T13:47:28.363479+00:00,0xdf1c68feb520af13e0b1073b5e17ac465273234950edc85062d074363f2f7ea0,BTC,YES,medium,medium,high,0.27499999999999997,0.0,0.0,0.0,0.005,False,1.0,0.26999999999999996
transaction_cost_only,3,2026-07-02T13:47:30.370941+00:00,0x165f83111bc6b855ddff03cee955479de1945e82de0c22a4af0e20b7a4611166,SOL,YES,low,medium,high,0.19999999999999998,0.0,0.0,0.0,0.005,False,1.0,0.19499999999999998
transaction_cost_only,3,2026-07-02T14:00:06.363105+00:00,0x100389b157cf172fa16809d99306f23ca1974adf6fbe025dc09758ed45771b51,BTC,NO,low,medium,medium,0.05500000000000006,0.0,0.0,0.0,0.005,False,1.0,0.050000000000000065
transaction_cost_only,3,2026-07-02T14:03:02.371420+00:00,0xba6acf8da6d345173ee24e2b41e7d98ae87fb2f39f6c0d1839c33229ec4b802b,SOL,NO,low,medium,medium,0.030000000000000044,0.0,0.0,0.0,0.005,False,1.0,0.025000000000000043
transaction_cost_only,3,2026-07-02T14:16:42.366798+00:00,0x99bee988b471ce9b6fe317dc281d4f4c4f89040c4dcacef8d455c241ee2e99f8,ETH,NO,low,medium,high,0.3,0.0,0.0,0.0,0.005,False,1.0,0.295
transaction_cost_only,3,2026-07-02T15:05:38.363627+00:00,0x647b9c08af3b94902afa9b362889527316a7fdbb46e4a6738ad42d290ca82805,BTC,NO,medium,medium,medium,0.035000000000000045,0.0,0.0,0.0,0.005,False,1.0,0.030000000000000044
transaction_cost_only,3,2026-07-02T15:10:28.366751+00:00,0xcae0c95e9c034ca588baca33e8147b8845b1f312ff09b0d52f4d6e150cddad15,SOL,NO,low,medium,medium,0.04999999999999995,0.0,0.0,0.0,0.005,False,1.0,0.04499999999999995
transaction_cost_only,3,2026-07-02T15:36:32.363170+00:00,0x0a5061025dfe612b3722293195f769f012f8980bd848a20493e2c600f70d09dd,BTC,NO,low,medium,medium,0.28500000000000003,0.0,0.0,0.0,0.005,False,1.0,0.28
transaction_cost_only,3,2026-07-02T16:01:28.361478+00:00,0x59496dfc9f417c17975e237fbb7ecfe259156cc15a360f25910162556810c516,SOL,NO,low,medium,medium,0.010000000000000026,0.0,0.0,0.0,0.005,False,1.0,0.005000000000000026
transaction_cost_only,3,2026-07-02T17:00:24.370409+00:00,0x1be94953b760d89a9523766bd1abb42f2e881ac06074bf93aa46ad1a415fc189,SOL,NO,low,medium,medium,0.010000000000000026,0.0,0.0,0.0,0.005,False,1.0,0.005000000000000026
transaction_cost_only,3,2026-07-02T17:13:30.362110+00:00,0x909723d937a75ac2c9c89d73711867c15953dd27d72b7a6933948473e399451d,ETH,YES,low,medium,medium,0.06000000000000001,0.0,0.0,0.0,0.005,False,1.0,0.055000000000000014
transaction_cost_only,3,2026-07-02T17:23:18.371612+00:00,0x1f5ef0a23c68190a8a6d515b6c8e8b048078a8afa92d25abb3d94fb87f1f7027,BTC,YES,low,medium,medium,0.255,0.0,0.0,0.0,0.005,False,1.0,0.25
transaction_cost_only,3,2026-07-02T17:23:20.364343+00:00,0x60608598239fe90ee375e38281310554148d5d349aca1ac07aa04e1ce390e6ad,SOL,YES,low,medium,high,0.11,0.0,0.0,0.0,0.005,False,1.0,0.105
transaction_cost_only,3,2026-07-02T17:50:28.360872+00:00,0x0aff58c34608210967c4413fb4b4a6c7fa904dc09de162ecc564806689facc64,SOL,NO,low,medium,high,0.19000000000000003,0.0,0.0,0.0,0.005,False,1.0,0.18500000000000003
transaction_cost_only,3,2026-07-02T18:35:46.363950+00:00,0x0fb6a0c7bcde0b6dd2c22b766ae91ab671463f01b2f4ec31f09491aa9dd4af91,SOL,NO,low,medium,medium,-0.07500000000000005,0.0,0.0,0.0,0.005,False,1.0,-0.08000000000000006
transaction_cost_only,3,2026-07-02T18:35:48.373272+00:00,0x0fb6a0c7bcde0b6dd2c22b766ae91ab671463f01b2f4ec31f09491aa9dd4af91,SOL,NO,low,high,medium,-0.09999999999999996,0.0,0.0,0.0,0.005,False,1.0,-0.10499999999999997
transaction_cost_only,3,2026-07-02T18:35:56.374508+00:00,0x0fb6a0c7bcde0b6dd2c22b766ae91ab671463f01b2f4ec31f09491aa9dd4af91,SOL,NO,low,medium,medium,0.05500000000000001,0.0,0.0,0.0,0.005,False,1.0,0.05000000000000001
transaction_cost_only,3,2026-07-02T18:35:58.369803+00:00,0x0fb6a0c7bcde0b6dd2c22b766ae91ab671463f01b2f4ec31f09491aa9dd4af91,SOL,NO,low,medium,medium,-0.06999999999999999,0.0,0.0,0.0,0.005,False,1.0,-0.075
transaction_cost_only,3,2026-07-02T18:51:30.371222+00:00,0x12f1ba09bc9913623cab1e5f36dab49519aed574c20e74febe167f480cf82772,SOL,NO,low,medium,medium,0.059999999999999956,0.0,0.0,0.0,0.005,False,1.0,0.05499999999999996
transaction_cost_only,3,2026-07-02T19:01:18.365784+00:00,0x639421d64a6433150033c4d335d66cbee7357cad9e8b10bc943f74caf5d0d308,SOL,NO,low,medium,medium,-0.09499999999999996,0.0,0.0,0.0,0.005,False,1.0,-0.09999999999999996
transaction_cost_only,3,2026-07-02T19:03:24.368460+00:00,0x639421d64a6433150033c4d335d66cbee7357cad9e8b10bc943f74caf5d0d308,SOL,YES,low,medium,medium,0.11,0.0,0.0,0.0,0.005,False,1.0,0.105
transaction_cost_only,3,2026-07-02T19:03:44.373982+00:00,0x639421d64a6433150033c4d335d66cbee7357cad9e8b10bc943f74caf5d0d308,SOL,YES,low,medium,medium,0.06000000000000001,0.0,0.0,0.0,0.005,False,1.0,0.055000000000000014
transaction_cost_only,3,2026-07-02T19:05:14.369431+00:00,0xa1701695adebeed5da4000373df6e9883c29449ade56b49eb6379ee63ba7259b,SOL,NO,low,medium,high,0.07499999999999997,0.0,0.0,0.0,0.005,False,1.0,0.06999999999999997
transaction_cost_only,3,2026-07-02T19:06:40.373607+00:00,0xa1701695adebeed5da4000373df6e9883c29449ade56b49eb6379ee63ba7259b,SOL,NO,low,high,medium,-0.06499999999999999,0.0,0.0,0.0,0.005,False,1.0,-0.06999999999999999
transaction_cost_only,3,2026-07-02T19:31:18.372640+00:00,0x606a340a3aad1b6f683e99c5d598836d6731c972d5ddeb2642c52813a27308af,SOL,NO,low,medium,medium,0.05,0.0,0.0,0.0,0.005,False,1.0,0.045000000000000005
transaction_cost_only,3,2026-07-02T19:31:32.362271+00:00,0x606a340a3aad1b6f683e99c5d598836d6731c972d5ddeb2642c52813a27308af,SOL,NO,low,medium,medium,0.05000000000000006,0.0,0.0,0.0,0.005,False,1.0,0.04500000000000006
transaction_cost_only,3,2026-07-02T19:31:40.366839+00:00,0x606a340a3aad1b6f683e99c5d598836d6731c972d5ddeb2642c52813a27308af,SOL,NO,low,medium,medium,0.05500000000000006,0.0,0.0,0.0,0.005,False,1.0,0.050000000000000065
transaction_cost_only,3,2026-07-02T19:31:58.371790+00:00,0x606a340a3aad1b6f683e99c5d598836d6731c972d5ddeb2642c52813a27308af,SOL,NO,low,medium,medium,-0.09000000000000001,0.0,0.0,0.0,0.005,False,1.0,-0.09500000000000001
transaction_cost_only,3,2026-07-02T19:51:32.364894+00:00,0x2cfc3ef023f8f6ebad847ce57292f2a190fd727fc452a4c2a7cc845fd16b56aa,SOL,NO,low,medium,medium,0.020000000000000007,0.0,0.0,0.0,0.005,False,1.0,0.015000000000000006
transaction_cost_only,3,2026-07-02T19:51:34.373824+00:00,0x2cfc3ef023f8f6ebad847ce57292f2a190fd727fc452a4c2a7cc845fd16b56aa,SOL,NO,low,medium,medium,-0.06000000000000001,0.0,0.0,0.0,0.005,False,1.0,-0.06500000000000002
transaction_cost_only,3,2026-07-02T19:51:58.365557+00:00,0x2cfc3ef023f8f6ebad847ce57292f2a190fd727fc452a4c2a7cc845fd16b56aa,SOL,NO,low,medium,medium,-0.06,0.0,0.0,0.0,0.005,False,1.0,-0.065
transaction_cost_only,3,2026-07-02T19:52:06.372072+00:00,0x2cfc3ef023f8f6ebad847ce57292f2a190fd727fc452a4c2a7cc845fd16b56aa,SOL,NO,low,medium,medium,0.03999999999999998,0.0,0.0,0.0,0.005,False,1.0,0.03499999999999998
transaction_cost_only,3,2026-07-02T19:52:12.366157+00:00,0x2cfc3ef023f8f6ebad847ce57292f2a190fd727fc452a4c2a7cc845fd16b56aa,SOL,NO,low,medium,medium,0.015000000000000003,0.0,0.0,0.0,0.005,False,1.0,0.010000000000000002
transaction_cost_only,3,2026-07-02T19:52:24.373550+00:00,0x2cfc3ef023f8f6ebad847ce57292f2a190fd727fc452a4c2a7cc845fd16b56aa,SOL,NO,medium,medium,medium,0.009999999999999998,0.0,0.0,0.0,0.005,False,1.0,0.004999999999999998
transaction_cost_only,3,2026-07-02T19:52:30.368984+00:00,0x2cfc3ef023f8f6ebad847ce57292f2a190fd727fc452a4c2a7cc845fd16b56aa,SOL,NO,medium,medium,medium,0.11,0.0,0.0,0.0,0.005,False,1.0,0.105
transaction_cost_only,3,2026-07-02T19:52:48.372495+00:00,0x2cfc3ef023f8f6ebad847ce57292f2a190fd727fc452a4c2a7cc845fd16b56aa,SOL,NO,medium,medium,medium,0.01500000000000003,0.0,0.0,0.0,0.005,False,1.0,0.01000000000000003
transaction_cost_only,3,2026-07-02T19:53:00.364200+00:00,0x2cfc3ef023f8f6ebad847ce57292f2a190fd727fc452a4c2a7cc845fd16b56aa,SOL,NO,medium,high,medium,0.02999999999999999,0.0,0.0,0.0,0.005,False,1.0,0.024999999999999988
transaction_cost_only,3,2026-07-02T19:53:04.368103+00:00,0x2cfc3ef023f8f6ebad847ce57292f2a190fd727fc452a4c2a7cc845fd16b56aa,SOL,NO,high,medium,medium,-0.06999999999999999,0.0,0.0,0.0,0.005,False,1.0,-0.075
transaction_cost_only,3,2026-07-02T19:53:10.364232+00:00,0x2cfc3ef023f8f6ebad847ce57292f2a190fd727fc452a4c2a7cc845fd16b56aa,SOL,NO,high,medium,medium,0.12000000000000001,0.0,0.0,0.0,0.005,False,1.0,0.115
transaction_cost_only,3,2026-07-02T19:53:42.364449+00:00,0x2cfc3ef023f8f6ebad847ce57292f2a190fd727fc452a4c2a7cc845fd16b56aa,SOL,NO,high,medium,medium,0.020000000000000035,0.0,0.0,0.0,0.005,False,1.0,0.015000000000000034
fill_impairment_only,1,2026-06-24T15:43:06.758948+00:00,0x80658216d4530ee5d8f87f3a84d6788c0505a016f5d1a52bfb8fc3c1afc1f1c2,ETH,YES,low,low,medium,-0.05,0.0,0.0,0.0,0.0,True,0.0,-0.0
fill_impairment_only,1,2026-06-24T15:48:20.766212+00:00,0x8e22e9bf1a5c5cf1e5a91126865227cf0b75a5ec64611f0e0b23348e2b8eebc6,SOL,YES,medium,low,medium,-0.05,0.0,0.0,0.0,0.0,False,0.1,-0.005000000000000001
fill_impairment_only,1,2026-06-24T15:48:30.765676+00:00,0x8e22e9bf1a5c5cf1e5a91126865227cf0b75a5ec64611f0e0b23348e2b8eebc6,SOL,YES,medium,low,medium,-0.04,0.0,0.0,0.0,0.0,False,0.39,-0.015600000000000001
fill_impairment_only,1,2026-06-24T16:03:06.764139+00:00,0x898e75f4a2714851629ab01153214fbf585c570d631964d411eb3f85d6f77427,ETH,NO,low,medium,high,0.07000000000000002,0.0,0.0,0.0,0.0,False,0.3,0.021000000000000005
fill_impairment_only,1,2026-06-24T16:03:34.761565+00:00,0x898e75f4a2714851629ab01153214fbf585c570d631964d411eb3f85d6f77427,ETH,NO,low,medium,medium,0.01999999999999998,0.0,0.0,0.0,0.0,False,0.41,0.00819999999999999
fill_impairment_only,1,2026-06-24T16:03:36.766733+00:00,0x898e75f4a2714851629ab01153214fbf585c570d631964d411eb3f85d6f77427,ETH,NO,low,medium,medium,0.020000000000000035,0.0,0.0,0.0,0.0,False,0.473,0.009460000000000015
fill_impairment_only,1,2026-06-24T16:03:56.765843+00:00,0x898e75f4a2714851629ab01153214fbf585c570d631964d411eb3f85d6f77427,ETH,NO,medium,medium,medium,-0.07000000000000002,0.0,0.0,0.0,0.0,False,0.75,-0.05250000000000002
fill_impairment_only,1,2026-06-24T16:17:42.762123+00:00,0x16d9a49118c42f6c43e48602f4356b563fe7d62f03eace901d12f3671b7534cd,SOL,NO,low,medium,high,0.18000000000000002,0.0,0.0,0.0,0.0,False,0.05,0.009000000000000001
fill_impairment_only,1,2026-06-24T16:22:52.762411+00:00,0x76ee4df37777787c309b30aa15d0861f505cc65be0cea6ab16949e8fba9fa172,SOL,NO,medium,medium,medium,-0.11999999999999998,0.0,0.0,0.0,0.0,False,0.75,-0.08999999999999998
fill_impairment_only,1,2026-06-24T16:22:54.752727+00:00,0x76ee4df37777787c309b30aa15d0861f505cc65be0cea6ab16949e8fba9fa172,SOL,NO,medium,medium,medium,-0.06500000000000002,0.0,0.0,0.0,0.0,True,0.0,-0.0
fill_impairment_only,1,2026-06-24T16:41:48.765478+00:00,0x54faa3af7fa6193533f340c3ceb42d2a8d405f5e3b23e2178d2a0212ac8cd968,ETH,YES,low,low,medium,-0.09500000000000001,0.0,0.0,0.0,0.0,False,0.12890000000000001,-0.012245500000000003
fill_impairment_only,1,2026-06-24T16:41:50.756781+00:00,0x54faa3af7fa6193533f340c3ceb42d2a8d405f5e3b23e2178d2a0212ac8cd968,ETH,YES,low,medium,low,-0.055000000000000035,0.0,0.0,0.0,0.0,False,0.15,-0.008250000000000006
fill_impairment_only,1,2026-06-24T16:48:48.757094+00:00,0x6a9cd2dd7bc9c9807d3452c9f1a97c34ac7aedbc934b79054d8b3a0bfdcd4e42,BTC,YES,low,low,high,-0.0325,0.0,0.0,0.0,0.0,False,0.75,-0.024375
fill_impairment_only,1,2026-06-24T16:51:06.758502+00:00,0xabff544d3602969cb25677257451bdb7c6ad59b48e75d1d633afb248b012b06c,ETH,NO,low,medium,medium,0.30000000000000004,0.0,0.0,0.0,0.0,False,0.75,0.22500000000000003
fill_impairment_only,1,2026-06-24T16:52:04.761668+00:00,0x7d0f63daa0e0bd4993d80fa4bcb62fd622043fb264ec4a7aa7b875871c6a353a,SOL,YES,medium,medium,medium,0.030000000000000002,0.0,0.0,0.0,0.0,False,0.75,0.022500000000000003
fill_impairment_only,1,2026-06-24T16:52:06.767562+00:00,0x7d0f63daa0e0bd4993d80fa4bcb62fd622043fb264ec4a7aa7b875871c6a353a,SOL,YES,high,medium,medium,0.05,0.0,0.0,0.0,0.0,False,0.16,0.008
fill_impairment_only,1,2026-06-24T16:53:18.759891+00:00,0x11be248eacf03fecfc51007bb9833cc1452e33e48c5226ab9c30e91656ca4fed,BTC,YES,low,medium,medium,-0.05,0.0,0.0,0.0,0.0,False,0.75,-0.037500000000000006
fill_impairment_only,1,2026-06-24T16:53:52.752947+00:00,0x7d0f63daa0e0bd4993d80fa4bcb62fd622043fb264ec4a7aa7b875871c6a353a,SOL,YES,high,low,medium,-0.05,0.0,0.0,0.0,0.0,False,0.75,-0.037500000000000006
fill_impairment_only,1,2026-06-24T16:53:54.758545+00:00,0xabff544d3602969cb25677257451bdb7c6ad59b48e75d1d633afb248b012b06c,ETH,NO,high,low,medium,-0.02,0.0,0.0,0.0,0.0,False,0.7431,-0.014862
fill_impairment_only,1,2026-06-24T16:55:32.763105+00:00,0xdc4693598a20d019c083949d35703b04d5de73552f4d0fb762787cbe10eef7af,ETH,YES,low,medium,medium,0.035000000000000045,0.0,0.0,0.0,0.0,False,0.474,0.01659000000000002
fill_impairment_only,1,2026-06-24T17:10:44.757531+00:00,0x6bcbfb85688c3516d74eda21ae1058775c9dbb0c3c2ed80679bea5efa4224f1f,SOL,YES,low,medium,medium,-0.09000000000000001,0.0,0.0,0.0,0.0,False,0.3557,-0.03201300000000001
fill_impairment_only,1,2026-06-24T17:10:48.752203+00:00,0x6bcbfb85688c3516d74eda21ae1058775c9dbb0c3c2ed80679bea5efa4224f1f,SOL,YES,low,medium,medium,0.07000000000000002,0.0,0.0,0.0,0.0,False,0.0127,0.0008890000000000003
fill_impairment_only,1,2026-06-24T17:15:08.754027+00:00,0x2a87ba5465e5a39b23f5c245ce8daf4e9166a6b5d3a01f97e3c5cebe5f542667,ETH,YES,low,medium,medium,0.08999999999999998,0.0,0.0,0.0,0.0,False,0.0321,0.002888999999999999
fill_impairment_only,1,2026-06-24T17:15:32.759728+00:00,0xc6ddbe45253f77b8dbd808a9153ec3477a66b95ce3dcd40edbdbf5e69a9fad74,BTC,YES,low,medium,medium,-0.059999999999999984,0.0,0.0,0.0,0.0,False,0.75,-0.044999999999999984
fill_impairment_only,1,2026-06-24T17:17:04.766209+00:00,0xc6ddbe45253f77b8dbd808a9153ec3477a66b95ce3dcd40edbdbf5e69a9fad74,BTC,YES,low,medium,medium,0.01999999999999998,0.0,0.0,0.0,0.0,False,0.2639,0.005277999999999995
fill_impairment_only,1,2026-06-24T17:20:12.764868+00:00,0xd8e21b0124221e5a6948b65f0b5c1b7c563a3c7e6ea11a1e7d760638a2e885ba,SOL,NO,medium,medium,high,0.15500000000000005,0.0,0.0,0.0,0.0,False,0.05,0.007750000000000003
fill_impairment_only,1,2026-06-24T17:25:44.756279+00:00,0x0a15e96a2f8db3533603fd8a311915394fd8b8b6cbc3c3b90e5225964660bd94,ETH,YES,low,medium,high,0.030000000000000044,0.0,0.0,0.0,0.0,False,0.26,0.007800000000000012
fill_impairment_only,1,2026-06-24T17:26:36.761972+00:00,0x0a15e96a2f8db3533603fd8a311915394fd8b8b6cbc3c3b90e5225964660bd94,ETH,YES,low,medium,high,0.11,0.0,0.0,0.0,0.0,False,0.75,0.0825
fill_impairment_only,1,2026-06-24T17:28:30.758436+00:00,0x8b89ebef2e337682d0c761c2d9ea76b14916b0fbaa6b07ab496782aa61d08092,SOL,NO,low,medium,medium,-0.03,0.0,0.0,0.0,0.0,False,0.5127,-0.015381
fill_impairment_only,1,2026-06-24T17:32:12.757879+00:00,0xc53755a72a77c13680d29f80e88a1ffcdaeda374fb64389c3801a5660e24deb8,SOL,NO,low,medium,medium,0.030000000000000044,0.0,0.0,0.0,0.0,False,0.75,0.022500000000000034
fill_impairment_only,1,2026-06-24T17:40:50.764310+00:00,0xe162acce182a1c54de6efd4a047bee1957d9d0ce3a96723f622886a34ce9ef56,BTC,NO,low,medium,medium,-0.05000000000000003,0.0,0.0,0.0,0.0,True,0.0,-0.0
fill_impairment_only,1,2026-06-24T17:46:02.756352+00:00,0x931296be6d3fc5e74df946ebeb47595bd30d0b51c747520c22454b54dbde783c,ETH,NO,medium,medium,high,0.16,0.0,0.0,0.0,0.0,False,0.14429999999999998,0.023087999999999997
fill_impairment_only,1,2026-06-24T17:50:26.761135+00:00,0xe0261c3af71ec76885a6befe78536d37f4f39622a19d0102257561caaca61811,SOL,NO,low,medium,medium,0.06000000000000001,0.0,0.0,0.0,0.0,False,0.436,0.026160000000000006
fill_impairment_only,1,2026-06-24T18:00:58.760168+00:00,0x5a189bc1b252af1469e531eb62cee5995fe46dd01bcaff6b137a7bc3109e2e43,SOL,NO,medium,low,medium,-0.05000000000000003,0.0,0.0,0.0,0.0,False,0.05,-0.002500000000000002
fill_impairment_only,1,2026-06-24T18:01:08.757617+00:00,0x5a189bc1b252af1469e531eb62cee5995fe46dd01bcaff6b137a7bc3109e2e43,SOL,NO,medium,medium,medium,0.010000000000000026,0.0,0.0,0.0,0.0,False,0.75,0.00750000000000002
fill_impairment_only,1,2026-06-24T18:01:10.762661+00:00,0x5a189bc1b252af1469e531eb62cee5995fe46dd01bcaff6b137a7bc3109e2e43,SOL,NO,medium,medium,medium,-0.06999999999999999,0.0,0.0,0.0,0.0,False,0.05,-0.0034999999999999996
fill_impairment_only,1,2026-06-24T18:01:28.765791+00:00,0x5a189bc1b252af1469e531eb62cee5995fe46dd01bcaff6b137a7bc3109e2e43,SOL,NO,medium,medium,medium,-0.05000000000000003,0.0,0.0,0.0,0.0,False,0.75,-0.03750000000000002
fill_impairment_only,1,2026-06-24T18:01:32.763050+00:00,0x5a189bc1b252af1469e531eb62cee5995fe46dd01bcaff6b137a7bc3109e2e43,SOL,NO,medium,medium,medium,0.07000000000000002,0.0,0.0,0.0,0.0,False,0.75,0.05250000000000002
fill_impairment_only,1,2026-06-24T18:01:48.762400+00:00,0x5a189bc1b252af1469e531eb62cee5995fe46dd01bcaff6b137a7bc3109e2e43,SOL,NO,medium,medium,medium,0.059999999999999956,0.0,0.0,0.0,0.0,False,0.75,0.04499999999999997
fill_impairment_only,1,2026-06-24T18:05:24.753766+00:00,0x17dc5c06a8038c8b9fe98dc10caabed5e643e594aa096dfa257871e4e6fc79db,BTC,NO,medium,medium,high,0.05000000000000006,0.0,0.0,0.0,0.0,False,0.4457,0.022285000000000024
fill_impairment_only,1,2026-06-24T18:05:28.765310+00:00,0x17dc5c06a8038c8b9fe98dc10caabed5e643e594aa096dfa257871e4e6fc79db,BTC,NO,medium,medium,high,0.06999999999999997,0.0,0.0,0.0,0.0,False,0.05,0.0034999999999999983
fill_impairment_only,1,2026-06-24T18:05:36.760226+00:00,0x3d07d4fd8f80b13ff82b8a59ac4e27ef61cee1ca5f5e8b639dd421a3a7bc2fcb,SOL,NO,low,high,medium,0.04999999999999995,0.0,0.0,0.0,0.0,False,0.05,0.0024999999999999974
fill_impairment_only,1,2026-06-24T18:06:36.754811+00:00,0x3d07d4fd8f80b13ff82b8a59ac4e27ef61cee1ca5f5e8b639dd421a3a7bc2fcb,SOL,YES,low,medium,medium,0.039999999999999994,0.0,0.0,0.0,0.0,False,0.34119999999999995,0.013647999999999995
fill_impairment_only,1,2026-06-24T18:06:38.762149+00:00,0x3d07d4fd8f80b13ff82b8a59ac4e27ef61cee1ca5f5e8b639dd421a3a7bc2fcb,SOL,YES,low,medium,medium,0.09999999999999999,0.0,0.0,0.0,0.0,False,0.055999999999999994,0.005599999999999999
fill_impairment_only,1,2026-06-24T18:10:32.759091+00:00,0xe3120089fce1f1a743fc240f0033561fca78ae3088352a0f3f52413a0a0b39cb,BTC,YES,low,medium,high,0.04999999999999995,0.0,0.0,0.0,0.0,False,0.75,0.037499999999999964
fill_impairment_only,1,2026-06-24T18:10:48.754900+00:00,0x2a8f1b4db2834d8f740fa140f88d4c2cd7464241d37403fce3ab3bc53ee78792,ETH,NO,low,medium,high,0.06999999999999997,0.0,0.0,0.0,0.0,False,0.3317,0.02321899999999999
fill_impairment_only,1,2026-06-24T18:11:20.766968+00:00,0x2a8f1b4db2834d8f740fa140f88d4c2cd7464241d37403fce3ab3bc53ee78792,ETH,YES,low,medium,medium,-0.059999999999999984,0.0,0.0,0.0,0.0,False,0.46,-0.027599999999999993
fill_impairment_only,1,2026-06-24T18:20:04.756204+00:00,0x3d34074cabf8c0c7082b719f8b1d246fbf3344709e9dceb7baf2a9e21d9dcd71,BTC,YES,low,medium,medium,-0.13000000000000003,0.0,0.0,0.0,0.0,False,0.75,-0.09750000000000003
fill_impairment_only,1,2026-06-24T18:20:30.755092+00:00,0x3d34074cabf8c0c7082b719f8b1d246fbf3344709e9dceb7baf2a9e21d9dcd71,BTC,YES,low,medium,medium,-0.05499999999999998,0.0,0.0,0.0,0.0,False,0.41659999999999997,-0.02291299999999999
fill_impairment_only,1,2026-06-24T18:20:36.756990+00:00,0x063b6476f22b96ffa4e2b1b40b6be64b68228f02258cf4f2cb5ae83ecbf708fd,ETH,YES,medium,medium,medium,0.04999999999999995,0.0,0.0,0.0,0.0,False,0.20600000000000002,0.01029999999999999
fill_impairment_only,1,2026-06-24T18:20:40.753306+00:00,0x3d34074cabf8c0c7082b719f8b1d246fbf3344709e9dceb7baf2a9e21d9dcd71,BTC,YES,low,medium,medium,-0.059999999999999984,0.0,0.0,0.0,0.0,False,0.75,-0.044999999999999984
fill_impairment_only,1,2026-06-24T18:20:52.756246+00:00,0x3d34074cabf8c0c7082b719f8b1d246fbf3344709e9dceb7baf2a9e21d9dcd71,BTC,YES,low,medium,medium,0.039999999999999994,0.0,0.0,0.0,0.0,False,0.75,0.029999999999999995
fill_impairment_only,1,2026-06-24T18:20:54.762187+00:00,0x3d34074cabf8c0c7082b719f8b1d246fbf3344709e9dceb7baf2a9e21d9dcd71,BTC,YES,low,medium,medium,0.010000000000000026,0.0,0.0,0.0,0.0,False,0.75,0.00750000000000002
fill_impairment_only,1,2026-06-24T18:21:06.764841+00:00,0x3d34074cabf8c0c7082b719f8b1d246fbf3344709e9dceb7baf2a9e21d9dcd71,BTC,YES,low,medium,medium,-0.05000000000000003,0.0,0.0,0.0,0.0,False,0.5615,-0.028075000000000017
fill_impairment_only,1,2026-06-24T18:21:10.764191+00:00,0x3d34074cabf8c0c7082b719f8b1d246fbf3344709e9dceb7baf2a9e21d9dcd71,BTC,YES,low,medium,medium,0.020000000000000035,0.0,0.0,0.0,0.0,False,0.75,0.015000000000000027
fill_impairment_only,1,2026-06-24T18:21:12.754338+00:00,0x3d34074cabf8c0c7082b719f8b1d246fbf3344709e9dceb7baf2a9e21d9dcd71,BTC,YES,low,medium,medium,-0.06000000000000004,0.0,0.0,0.0,0.0,False,0.75,-0.045000000000000026
fill_impairment_only,1,2026-06-24T18:21:14.759655+00:00,0x3d34074cabf8c0c7082b719f8b1d246fbf3344709e9dceb7baf2a9e21d9dcd71,BTC,YES,low,high,medium,0.19499999999999998,0.0,0.0,0.0,0.0,False,0.4,0.078
fill_impairment_only,1,2026-06-24T18:23:18.758759+00:00,0x3d34074cabf8c0c7082b719f8b1d246fbf3344709e9dceb7baf2a9e21d9dcd71,BTC,YES,low,medium,medium,0.01500000000000003,0.0,0.0,0.0,0.0,False,0.7148,0.010722000000000021
fill_impairment_only,1,2026-06-24T18:26:40.754541+00:00,0x0f58baf57772722db394290841df2a23b89d3ef388a740790fe4356e58669164,ETH,NO,low,medium,medium,-0.38,0.0,0.0,0.0,0.0,False,0.1,-0.038000000000000006
fill_impairment_only,1,2026-06-24T18:32:18.765892+00:00,0xbde68413691d686e0741615c9dad23d2669c8cfcdd14efb81d2fd53260602d61,SOL,NO,low,medium,medium,0.05,0.0,0.0,0.0,0.0,False,0.05,0.0025000000000000005
fill_impairment_only,1,2026-06-24T18:32:28.765868+00:00,0xbde68413691d686e0741615c9dad23d2669c8cfcdd14efb81d2fd53260602d61,SOL,NO,low,medium,medium,-0.10000000000000002,0.0,0.0,0.0,0.0,False,0.11199999999999999,-0.011200000000000002
fill_impairment_only,1,2026-06-24T18:32:34.767339+00:00,0xbde68413691d686e0741615c9dad23d2669c8cfcdd14efb81d2fd53260602d61,SOL,NO,low,medium,medium,-0.09999999999999999,0.0,0.0,0.0,0.0,False,0.52,-0.052
fill_impairment_only,1,2026-06-24T18:32:36.756754+00:00,0xbde68413691d686e0741615c9dad23d2669c8cfcdd14efb81d2fd53260602d61,SOL,NO,low,medium,medium,0.025000000000000012,0.0,0.0,0.0,0.0,False,0.05,0.0012500000000000007
fill_impairment_only,1,2026-06-24T18:32:38.763486+00:00,0xbde68413691d686e0741615c9dad23d2669c8cfcdd14efb81d2fd53260602d61,SOL,NO,low,high,medium,-0.07500000000000002,0.0,0.0,0.0,0.0,False,0.3318,-0.024885000000000008
fill_impairment_only,1,2026-06-24T18:32:40.753774+00:00,0xbde68413691d686e0741615c9dad23d2669c8cfcdd14efb81d2fd53260602d61,SOL,NO,low,medium,medium,0.030000000000000016,0.0,0.0,0.0,0.0,True,0.0,0.0
fill_impairment_only,1,2026-06-24T18:32:58.758626+00:00,0xbde68413691d686e0741615c9dad23d2669c8cfcdd14efb81d2fd53260602d61,SOL,NO,low,high,medium,-0.05000000000000003,0.0,0.0,0.0,0.0,False,0.75,-0.03750000000000002
fill_impairment_only,1,2026-06-24T18:33:00.765000+00:00,0xbde68413691d686e0741615c9dad23d2669c8cfcdd14efb81d2fd53260602d61,SOL,NO,low,medium,medium,0.014999999999999975,0.0,0.0,0.0,0.0,False,0.306,0.0045899999999999925
fill_impairment_only,1,2026-06-24T18:51:52.760600+00:00,0x76ceb5966715afdbb09250dea84bccfc837e72c59d375b0ca15e03fcc417fb4e,SOL,YES,low,medium,medium,-0.06999999999999999,0.0,0.0,0.0,0.0,False,0.75,-0.05249999999999999
fill_impairment_only,1,2026-06-24T18:51:54.765991+00:00,0x76ceb5966715afdbb09250dea84bccfc837e72c59d375b0ca15e03fcc417fb4e,SOL,YES,low,medium,medium,0.039999999999999994,0.0,0.0,0.0,0.0,False,0.05,0.0019999999999999996
fill_impairment_only,1,2026-06-24T18:51:56.756813+00:00,0x76ceb5966715afdbb09250dea84bccfc837e72c59d375b0ca15e03fcc417fb4e,SOL,YES,low,high,medium,0.01500000000000003,0.0,0.0,0.0,0.0,False,0.48560000000000003,0.007284000000000015
fill_impairment_only,1,2026-06-24T18:52:10.764773+00:00,0x768552d5316e123aaa73080f47f5e8f4e0ba7553daff6a1d32fa8d9ed5552775,ETH,YES,low,medium,medium,0.059999999999999956,0.0,0.0,0.0,0.0,False,0.13570000000000002,0.008141999999999995
fill_impairment_only,1,2026-06-24T18:52:48.766058+00:00,0x768552d5316e123aaa73080f47f5e8f4e0ba7553daff6a1d32fa8d9ed5552775,ETH,YES,low,low,medium,0.014999999999999975,0.0,0.0,0.0,0.0,False,0.75,0.011249999999999982
fill_impairment_only,1,2026-06-24T18:52:48.766058+00:00,0x76ceb5966715afdbb09250dea84bccfc837e72c59d375b0ca15e03fcc417fb4e,SOL,YES,low,low,medium,-0.07000000000000005,0.0,0.0,0.0,0.0,False,0.05,-0.0035000000000000027
fill_impairment_only,1,2026-06-24T18:52:52.763973+00:00,0x76ceb5966715afdbb09250dea84bccfc837e72c59d375b0ca15e03fcc417fb4e,SOL,YES,low,medium,medium,0.020000000000000035,0.0,0.0,0.0,0.0,False,0.33,0.006600000000000012
fill_impairment_only,1,2026-06-24T18:53:46.759987+00:00,0x76ceb5966715afdbb09250dea84bccfc837e72c59d375b0ca15e03fcc417fb4e,SOL,YES,medium,low,medium,0.09999999999999999,0.0,0.0,0.0,0.0,False,0.75,0.075
fill_impairment_only,1,2026-06-24T19:00:16.766958+00:00,0x6f14d199dafd35a5f545aad500e9cd65eaf22a2bf1a522817da62c57245246f4,SOL,NO,low,medium,medium,0.020000000000000035,0.0,0.0,0.0,0.0,True,0.0,0.0
fill_impairment_only,1,2026-06-24T19:00:20.764327+00:00,0x6f14d199dafd35a5f545aad500e9cd65eaf22a2bf1a522817da62c57245246f4,SOL,NO,low,high,medium,-0.06499999999999999,0.0,0.0,0.0,0.0,False,0.11199999999999999,-0.007279999999999998
fill_impairment_only,1,2026-06-24T19:00:26.766094+00:00,0x6f14d199dafd35a5f545aad500e9cd65eaf22a2bf1a522817da62c57245246f4,SOL,NO,low,medium,medium,0.014999999999999975,0.0,0.0,0.0,0.0,False,0.43,0.00644999999999999
fill_impairment_only,1,2026-06-24T19:00:34.758570+00:00,0x6f14d199dafd35a5f545aad500e9cd65eaf22a2bf1a522817da62c57245246f4,SOL,NO,low,medium,medium,-0.06999999999999999,0.0,0.0,0.0,0.0,True,0.0,-0.0
fill_impairment_only,1,2026-06-24T19:00:46.763874+00:00,0x6f14d199dafd35a5f545aad500e9cd65eaf22a2bf1a522817da62c57245246f4,SOL,NO,low,low,medium,0.010000000000000026,0.0,0.0,0.0,0.0,False,0.2,0.0020000000000000052
fill_impairment_only,1,2026-06-24T19:01:30.763622+00:00,0x6f14d199dafd35a5f545aad500e9cd65eaf22a2bf1a522817da62c57245246f4,SOL,NO,low,medium,medium,-0.05000000000000003,0.0,0.0,0.0,0.0,False,0.3712,-0.01856000000000001
fill_impairment_only,1,2026-06-24T19:02:02.766777+00:00,0x9828065f135b73cbb04da613189035c96beca24508e8d4b15f9a9b670b7519eb,ETH,NO,low,medium,medium,0.01999999999999998,0.0,0.0,0.0,0.0,False,0.24050000000000002,0.004809999999999996
fill_impairment_only,1,2026-06-24T19:02:02.766777+00:00,0x6f14d199dafd35a5f545aad500e9cd65eaf22a2bf1a522817da62c57245246f4,SOL,NO,low,medium,high,0.06000000000000001,0.0,0.0,0.0,0.0,False,0.324,0.019440000000000006
fill_impairment_only,1,2026-06-24T19:02:04.757011+00:00,0x6f14d199dafd35a5f545aad500e9cd65eaf22a2bf1a522817da62c57245246f4,SOL,NO,low,medium,medium,-0.11499999999999998,0.0,0.0,0.0,0.0,False,0.05,-0.005749999999999999
fill_impairment_only,1,2026-06-24T19:02:06.762138+00:00,0x6f14d199dafd35a5f545aad500e9cd65eaf22a2bf1a522817da62c57245246f4,SOL,NO,low,medium,medium,0.02999999999999999,0.0,0.0,0.0,0.0,False,0.11199999999999999,0.0033599999999999984
fill_impairment_only,1,2026-06-24T19:02:08.753956+00:00,0x6f14d199dafd35a5f545aad500e9cd65eaf22a2bf1a522817da62c57245246f4,SOL,NO,low,high,medium,-0.06999999999999999,0.0,0.0,0.0,0.0,False,0.05,-0.0034999999999999996
fill_impairment_only,1,2026-06-24T19:02:34.760304+00:00,0x6f14d199dafd35a5f545aad500e9cd65eaf22a2bf1a522817da62c57245246f4,SOL,NO,low,medium,medium,0.010000000000000026,0.0,0.0,0.0,0.0,False,0.174,0.0017400000000000043
fill_impairment_only,1,2026-06-24T19:12:34.759652+00:00,0x1aee94333f9f59a16641bfb6bb79781128bfc7c762e6ec35a3e28ae595c8f710,ETH,YES,low,low,medium,-0.03,0.0,0.0,0.0,0.0,True,0.0,-0.0
fill_impairment_only,1,2026-06-24T19:15:48.754190+00:00,0x4982ded7e4b9233220595f26cc997fa151f1902c8893a0a78a52d656b5fdb3d4,ETH,NO,medium,medium,medium,-0.08,0.0,0.0,0.0,0.0,False,0.35,-0.027999999999999997
fill_impairment_only,1,2026-06-24T19:15:50.760306+00:00,0xb802375b899f20776320f8a3ad101bd8c4a32ff81a436fcc308a140cc33d96bf,BTC,NO,low,medium,medium,0.010000000000000026,0.0,0.0,0.0,0.0,False,0.75,0.00750000000000002
fill_impairment_only,1,2026-06-24T19:15:50.760306+00:00,0x4982ded7e4b9233220595f26cc997fa151f1902c8893a0a78a52d656b5fdb3d4,ETH,NO,medium,medium,medium,0.03499999999999999,0.0,0.0,0.0,0.0,False,0.3788,0.013257999999999997
fill_impairment_only,1,2026-06-24T19:25:34.759452+00:00,0x6e39d066f4cd8679f901216c55834139a9ad2240af38a11b09b63b0473e2b84b,SOL,YES,low,medium,medium,0.010000000000000026,0.0,0.0,0.0,0.0,False,0.672,0.006720000000000018
fill_impairment_only,1,2026-06-24T19:26:04.757062+00:00,0x6e39d066f4cd8679f901216c55834139a9ad2240af38a11b09b63b0473e2b84b,SOL,YES,low,medium,medium,0.07500000000000002,0.0,0.0,0.0,0.0,False,0.21,0.015750000000000004
fill_impairment_only,1,2026-06-24T19:37:46.757371+00:00,0xfedc3df4cb1db1fc866524795ac2fcdf9941f43010b9c15e487a333e6f266394,SOL,YES,low,medium,high,0.010000000000000026,0.0,0.0,0.0,0.0,False,0.75,0.00750000000000002
fill_impairment_only,1,2026-06-24T19:37:50.757198+00:00,0xfedc3df4cb1db1fc866524795ac2fcdf9941f43010b9c15e487a333e6f266394,SOL,YES,low,medium,medium,-0.09999999999999996,0.0,0.0,0.0,0.0,False,0.38049999999999995,-0.03804999999999998
fill_impairment_only,1,2026-06-24T19:41:20.756922+00:00,0x7001dd0099cdee5fbb1efe846336e41812c524e7585b6f7c9a0a5c9882f114b9,SOL,NO,low,medium,medium,0.03999999999999994,0.0,0.0,0.0,0.0,False,0.36200000000000004,0.014479999999999979
fill_impairment_only,1,2026-06-24T19:48:44.761661+00:00,0x4f55d140209fd0d5a7745de8f8a0f150f3b6097aedbaeee7d1a0618c0c3d7bb8,ETH,NO,low,medium,medium,0.06999999999999997,0.0,0.0,0.0,0.0,False,0.166,0.011619999999999995
fill_impairment_only,1,2026-06-24T19:53:26.758012+00:00,0x3ba3b3f951b2628ef716722de268dd5e244f8d45fd355168fab2e3b85af75128,SOL,NO,low,medium,high,-0.0315,0.0,0.0,0.0,0.0,False,0.75,-0.023625
fill_impairment_only,1,2026-06-24T20:01:06.759646+00:00,0x88fd0bf02fe557e16419750274baafa5fd89a12437e7d4215161d95a77cc069e,SOL,NO,low,medium,medium,-0.05,0.0,0.0,0.0,0.0,False,0.1,-0.005000000000000001
fill_impairment_only,1,2026-06-24T20:01:08.765938+00:00,0x99160df581693bc7fa4ad76b5fe823f5346ef5cb655f1e8650a60c30a642c0ac,BTC,YES,low,high,medium,0.29,0.0,0.0,0.0,0.0,True,0.0,0.0
fill_impairment_only,1,2026-06-24T20:08:34.761066+00:00,0xd14dfda063d0d2dafe354fe938c73ea7643db9f344cf11598794d252f8d453a1,BTC,NO,low,low,medium,-0.018,0.0,0.0,0.0,0.0,False,0.75,-0.013499999999999998
fill_impairment_only,1,2026-06-24T20:13:52.754397+00:00,0xf8776b5271ce59d683b9da736a42f8139c58e4093ad342ae1288f9addc1b3cfe,BTC,NO,low,medium,medium,-0.06499999999999999,0.0,0.0,0.0,0.0,False,0.75,-0.04874999999999999
fill_impairment_only,1,2026-06-24T20:13:56.764659+00:00,0xf8776b5271ce59d683b9da736a42f8139c58e4093ad342ae1288f9addc1b3cfe,BTC,NO,low,high,medium,-0.12999999999999998,0.0,0.0,0.0,0.0,False,0.75,-0.09749999999999998
fill_impairment_only,1,2026-06-24T20:17:30.756983+00:00,0x9c3ac652cc797ed5fdf7c5717c58c9ce007e9fabecc76e1454bf2d8db03c7150,BTC,YES,low,medium,medium,-0.06000000000000004,0.0,0.0,0.0,0.0,False,0.75,-0.045000000000000026
fill_impairment_only,1,2026-06-24T20:17:34.755355+00:00,0x9c3ac652cc797ed5fdf7c5717c58c9ce007e9fabecc76e1454bf2d8db03c7150,BTC,YES,low,medium,medium,0.020000000000000035,0.0,0.0,0.0,0.0,False,0.75,0.015000000000000027
fill_impairment_only,1,2026-06-24T20:17:38.755356+00:00,0x9c3ac652cc797ed5fdf7c5717c58c9ce007e9fabecc76e1454bf2d8db03c7150,BTC,YES,low,medium,medium,0.010000000000000026,0.0,0.0,0.0,0.0,True,0.0,0.0
fill_impairment_only,1,2026-06-24T20:17:48.756472+00:00,0x9c3ac652cc797ed5fdf7c5717c58c9ce007e9fabecc76e1454bf2d8db03c7150,BTC,YES,low,low,medium,0.04999999999999995,0.0,0.0,0.0,0.0,False,0.2025,0.01012499999999999
fill_impairment_only,1,2026-06-24T20:18:06.756462+00:00,0x9c3ac652cc797ed5fdf7c5717c58c9ce007e9fabecc76e1454bf2d8db03c7150,BTC,YES,medium,medium,medium,-0.055000000000000035,0.0,0.0,0.0,0.0,False,0.75,-0.04125000000000002
fill_impairment_only,1,2026-06-24T20:18:34.759712+00:00,0x9c3ac652cc797ed5fdf7c5717c58c9ce007e9fabecc76e1454bf2d8db03c7150,BTC,YES,low,medium,medium,0.029999999999999933,0.0,0.0,0.0,0.0,True,0.0,0.0
fill_impairment_only,1,2026-06-24T20:18:42.754973+00:00,0x9c3ac652cc797ed5fdf7c5717c58c9ce007e9fabecc76e1454bf2d8db03c7150,BTC,YES,low,high,medium,0.01500000000000003,0.0,0.0,0.0,0.0,False,0.7204,0.010806000000000022
fill_impairment_only,1,2026-06-24T20:23:28.766404+00:00,0x664abf9e27ed69e80bbe4cc0517b8a125ca044c42ad3357a7c7af2ed9436c74e,SOL,NO,low,medium,medium,0.09999999999999999,0.0,0.0,0.0,0.0,False,0.2352,0.023519999999999996
fill_impairment_only,1,2026-06-24T20:31:42.764262+00:00,0x4dd3a21158dc2341d429921b0f01d6ef1d5b1b88544a4e1166825c85360a31f3,SOL,YES,low,medium,medium,0.05000000000000006,0.0,0.0,0.0,0.0,True,0.0,0.0
fill_impairment_only,1,2026-06-24T20:50:08.762751+00:00,0x8faf001f0cb0420fe9216e45664d43db363e1235986c35e425847671efe887b9,SOL,NO,low,medium,high,0.35,0.0,0.0,0.0,0.0,False,0.2,0.06999999999999999
fill_impairment_only,1,2026-06-24T20:50:34.755582+00:00,0xb5b2cc6f7e364320387000357dcec77c8e290b19a91515fda9f1eba110a7206b,ETH,YES,low,medium,medium,-0.02,0.0,0.0,0.0,0.0,False,0.2,-0.004
fill_impairment_only,1,2026-06-24T20:50:58.754381+00:00,0x8faf001f0cb0420fe9216e45664d43db363e1235986c35e425847671efe887b9,SOL,YES,medium,medium,high,-0.39,0.0,0.0,0.0,0.0,False,0.25,-0.0975
fill_impairment_only,1,2026-06-24T20:51:14.759775+00:00,0xa18f20c9d7af10ea829ba2117f462eed5781ccb83a3b11964e8464ea1bee0872,BTC,NO,medium,medium,high,0.010000000000000026,0.0,0.0,0.0,0.0,False,0.75,0.00750000000000002
fill_impairment_only,1,2026-06-24T20:51:18.756585+00:00,0xb5b2cc6f7e364320387000357dcec77c8e290b19a91515fda9f1eba110a7206b,ETH,NO,medium,medium,high,-0.02,0.0,0.0,0.0,0.0,False,0.2,-0.004
fill_impairment_only,1,2026-06-24T20:52:00.752541+00:00,0xa18f20c9d7af10ea829ba2117f462eed5781ccb83a3b11964e8464ea1bee0872,BTC,NO,medium,medium,medium,0.07499999999999997,0.0,0.0,0.0,0.0,False,0.6,0.04499999999999998
fill_impairment_only,1,2026-06-24T21:05:24.762965+00:00,0xaa2029eae1454eff4dd2950180ce1a61bf2cc891c5bac51d9e0a15f22cddbee9,BTC,NO,low,medium,medium,-0.06000000000000004,0.0,0.0,0.0,0.0,False,0.75,-0.045000000000000026
fill_impairment_only,1,2026-06-24T21:06:00.760134+00:00,0xaa2029eae1454eff4dd2950180ce1a61bf2cc891c5bac51d9e0a15f22cddbee9,BTC,NO,low,medium,medium,-0.08500000000000006,0.0,0.0,0.0,0.0,False,0.75,-0.06375000000000004
fill_impairment_only,1,2026-06-24T21:06:02.752654+00:00,0xaa2029eae1454eff4dd2950180ce1a61bf2cc891c5bac51d9e0a15f22cddbee9,BTC,NO,low,medium,medium,-0.09000000000000001,0.0,0.0,0.0,0.0,False,0.75,-0.0675
fill_impairment_only,1,2026-06-24T21:17:38.763105+00:00,0x937f6ce7ec05a5cf598e814d8b21ca1b03831a607d67f7a737b4b455195b6347,ETH,YES,low,medium,medium,0.02999999999999999,0.0,0.0,0.0,0.0,False,0.51,0.015299999999999994
fill_impairment_only,1,2026-06-24T21:22:02.765156+00:00,0xc6ef5efefe52337535ef640dc5214f2cfca21f24db5da5f6461bb61b04d1757b,SOL,NO,medium,medium,medium,0.09999999999999994,0.0,0.0,0.0,0.0,False,0.055999999999999994,0.005599999999999996
fill_impairment_only,1,2026-06-24T21:22:20.752241+00:00,0xc6ef5efefe52337535ef640dc5214f2cfca21f24db5da5f6461bb61b04d1757b,SOL,NO,low,medium,medium,-0.12000000000000004,0.0,0.0,0.0,0.0,False,0.43520000000000003,-0.05222400000000002
fill_impairment_only,1,2026-06-24T21:23:58.762346+00:00,0xc6ef5efefe52337535ef640dc5214f2cfca21f24db5da5f6461bb61b04d1757b,SOL,NO,medium,medium,medium,0.2849999999999999,0.0,0.0,0.0,0.0,False,0.05,0.014249999999999997
fill_impairment_only,1,2026-06-24T22:03:08.763973+00:00,0x8d3e7e3c36b3e5d1112c98d87518a00383581755190d5a55edc69c26749c1f59,ETH,NO,low,medium,medium,0.05,0.0,0.0,0.0,0.0,False,0.75,0.037500000000000006
fill_impairment_only,1,2026-06-25T00:06:46.764238+00:00,0xd65cb4f9d9b3cd9e0726c6723aaedeea6270e2b27f07e8d8d75fb866fc66efda,SOL,YES,medium,high,medium,0.365,0.0,0.0,0.0,0.0,False,0.068,0.024820000000000002
fill_impairment_only,1,2026-06-25T02:56:12.762022+00:00,0xdc50528ddd95715389bece5e22c3924ab255ac03cc50a796d14fc1536f99e645,BTC,NO,low,medium,medium,0.14000000000000004,0.0,0.0,0.0,0.0,False,0.75,0.10500000000000004
fill_impairment_only,1,2026-06-25T03:15:10.763656+00:00,0xd64b2ce5267698719de20d05b135368962c8a4f1835384f18f0605ccaac199d5,BTC,NO,medium,medium,medium,0.31999999999999995,0.0,0.0,0.0,0.0,False,0.75,0.23999999999999996
fill_impairment_only,1,2026-06-25T03:15:10.763656+00:00,0xe9b43bb6aa0a0aa923a5b7ea6e70758b5f517507971004160627be84bdb0dbe3,SOL,NO,medium,medium,medium,0.32999999999999996,0.0,0.0,0.0,0.0,False,0.2,0.06599999999999999
fill_impairment_only,2,2026-06-25T20:08:34.804565+00:00,0xee90821efc94653c995d4583794da5c87e3c033a1e0a24f1f4ee824d2357c750,BTC,NO,low,medium,medium,-0.06000000000000004,0.0,0.0,0.0,0.0,False,0.75,-0.045000000000000026
fill_impairment_only,2,2026-06-25T22:25:40.815254+00:00,0x42561c5c6f58ab741b19c250935435977309241d54a0c21753c74a382c8bf1ec,SOL,NO,low,high,medium,0.05500000000000001,0.0,0.0,0.0,0.0,False,0.34,0.018700000000000005
fill_impairment_only,2,2026-06-25T23:30:14.811724+00:00,0x78e6a3146dd778fc3150db6ba5f2fe3b701ff446bbaff21453236e84bee5434d,SOL,NO,medium,high,medium,0.039999999999999994,0.0,0.0,0.0,0.0,False,0.05,0.0019999999999999996
fill_impairment_only,2,2026-06-25T23:37:52.815776+00:00,0x953e34839580df1f86da756ce29e11f3a83588f2d7c5a8b5146bbe13c3ad7f35,BTC,NO,low,medium,medium,0.38,0.0,0.0,0.0,0.0,True,0.0,0.0
fill_impairment_only,2,2026-06-26T02:21:20.818691+00:00,0xe92b6aa7834be28be01989eb9239f7bc730eef595bb9081c81db7640532437a3,SOL,NO,low,medium,medium,0.020000000000000035,0.0,0.0,0.0,0.0,False,0.106,0.002120000000000004
fill_impairment_only,2,2026-06-26T02:31:04.812637+00:00,0x0d8fce3554cb6a7e22dac3a088ee1b258895693bde0bdce58ef37a2d50eb0f3a,ETH,YES,low,medium,medium,0.035000000000000045,0.0,0.0,0.0,0.0,False,0.050300000000000004,0.0017605000000000025
fill_impairment_only,2,2026-06-26T02:35:42.806769+00:00,0x136e15d4a85563899e310f043e14992b3ea9f163c94c722c836f29143ac271f4,ETH,NO,low,medium,medium,0.04000000000000005,0.0,0.0,0.0,0.0,False,0.05,0.0020000000000000026
fill_impairment_only,2,2026-06-26T02:40:48.805212+00:00,0x8e4bcd7de404304d78ffd6801cda6a969cd3550ebe3dbc28e4c0b8ff9938a14a,SOL,YES,low,medium,medium,0.13999999999999999,0.0,0.0,0.0,0.0,True,0.0,0.0
fill_impairment_only,2,2026-06-26T02:51:38.817347+00:00,0xe508261496efeb201653b58e80e7f513fc39987412717485e6b55bb061579c69,ETH,NO,low,medium,medium,0.039999999999999994,0.0,0.0,0.0,0.0,False,0.22649999999999998,0.009059999999999999
fill_impairment_only,2,2026-06-26T02:51:56.806004+00:00,0xe508261496efeb201653b58e80e7f513fc39987412717485e6b55bb061579c69,ETH,NO,low,medium,medium,0.030000000000000044,0.0,0.0,0.0,0.0,False,0.1158,0.0034740000000000053
fill_impairment_only,2,2026-06-26T02:52:32.804179+00:00,0xc3f03ff87f66c7f90f0170c31343b35b3d222c9592259bb603fe0832409a0fdf,BTC,NO,low,medium,medium,0.02999999999999999,0.0,0.0,0.0,0.0,False,0.4,0.011999999999999997
fill_impairment_only,2,2026-06-26T02:52:32.804179+00:00,0xe508261496efeb201653b58e80e7f513fc39987412717485e6b55bb061579c69,ETH,NO,low,medium,medium,0.06999999999999997,0.0,0.0,0.0,0.0,False,0.36,0.025199999999999986
fill_impairment_only,2,2026-06-26T02:57:22.804967+00:00,0x26d1ef52a5ebf5babad8932669762730e15bd1a446a00e43d9be96da4efc83c4,ETH,NO,low,medium,medium,0.115,0.0,0.0,0.0,0.0,False,0.5,0.0575
fill_impairment_only,2,2026-06-26T03:00:38.803974+00:00,0x63edaf8ffd40b636dc86e7c49b6296c604d4ea5caa43b031869f3147e21dd62b,SOL,YES,low,high,medium,-0.085,0.0,0.0,0.0,0.0,False,0.31980000000000003,-0.027183000000000006
fill_impairment_only,2,2026-06-26T03:01:24.814231+00:00,0xc358642287952e08f2fbbd5a90f7574d73a87685780ca454b0efda7e9e598cd4,ETH,NO,high,medium,medium,0.20500000000000004,0.0,0.0,0.0,0.0,False,0.13,0.026650000000000007
fill_impairment_only,2,2026-06-26T03:03:32.816621+00:00,0x63edaf8ffd40b636dc86e7c49b6296c604d4ea5caa43b031869f3147e21dd62b,SOL,YES,low,medium,medium,0.19000000000000009,0.0,0.0,0.0,0.0,False,0.1,0.01900000000000001
fill_impairment_only,2,2026-06-26T03:05:08.804343+00:00,0x45454c0281a47979043962ffc486828eaf366f6e60c61c60460810e7425f44a1,BTC,NO,low,medium,medium,0.059999999999999956,0.0,0.0,0.0,0.0,False,0.2261,0.01356599999999999
fill_impairment_only,2,2026-06-26T03:06:02.818025+00:00,0xa16a5cae23414513a2199fe036ffb3c48978064e3c53b7d9b2ae57ee97de8bff,ETH,NO,low,medium,medium,0.045,0.0,0.0,0.0,0.0,False,0.1,0.0045
fill_impairment_only,2,2026-06-26T03:06:28.814788+00:00,0x200710e3e43d33b143ccd80d0a2e3a265017d2dc75281f8951b674131c3f26bb,SOL,NO,medium,high,medium,0.08499999999999998,0.0,0.0,0.0,0.0,False,0.06,0.005099999999999999
fill_impairment_only,2,2026-06-26T03:16:38.807970+00:00,0x3fa0111e36690372aa90e248420ec855bd7c896e4868c9f32998c6f075384169,ETH,YES,low,medium,medium,0.11,0.0,0.0,0.0,0.0,False,0.1,0.011000000000000001
fill_impairment_only,2,2026-06-26T03:32:26.818047+00:00,0x0b97e37bec2a876f4ff7b37c51c8895e26ea39d6e3a2d9cb9ddbe6b457ce8860,SOL,YES,high,high,medium,0.21000000000000005,0.0,0.0,0.0,0.0,False,0.05,0.010500000000000002
fill_impairment_only,2,2026-06-26T03:55:08.803525+00:00,0x4899182aad7398c555f2a57cd6737598b159c5e6aa63bb73b798e6026f8b0094,SOL,NO,medium,low,medium,0.07999999999999997,0.0,0.0,0.0,0.0,True,0.0,0.0
fill_impairment_only,2,2026-06-26T03:55:16.816237+00:00,0x4899182aad7398c555f2a57cd6737598b159c5e6aa63bb73b798e6026f8b0094,SOL,NO,low,low,medium,-0.08000000000000006,0.0,0.0,0.0,0.0,False,0.11359999999999999,-0.009088000000000006
fill_impairment_only,2,2026-06-26T03:57:48.804438+00:00,0x4899182aad7398c555f2a57cd6737598b159c5e6aa63bb73b798e6026f8b0094,SOL,NO,medium,high,medium,-0.055000000000000035,0.0,0.0,0.0,0.0,False,0.055999999999999994,-0.0030800000000000016
fill_impairment_only,2,2026-06-26T03:57:58.809960+00:00,0x4899182aad7398c555f2a57cd6737598b159c5e6aa63bb73b798e6026f8b0094,SOL,NO,low,high,medium,0.035000000000000045,0.0,0.0,0.0,0.0,False,0.25,0.008750000000000011
fill_impairment_only,2,2026-06-26T03:58:02.810248+00:00,0x4899182aad7398c555f2a57cd6737598b159c5e6aa63bb73b798e6026f8b0094,SOL,NO,medium,medium,medium,0.08999999999999998,0.0,0.0,0.0,0.0,False,0.05,0.0045
fill_impairment_only,2,2026-06-26T03:58:28.812680+00:00,0x4899182aad7398c555f2a57cd6737598b159c5e6aa63bb73b798e6026f8b0094,SOL,NO,medium,medium,medium,0.059999999999999956,0.0,0.0,0.0,0.0,False,0.06,0.0035999999999999973
fill_impairment_only,2,2026-06-26T04:00:06.817578+00:00,0xa931c0e10d5530f989373caa003629057063609e4005786b743bae537c217c34,SOL,NO,low,medium,medium,0.05499999999999995,0.0,0.0,0.0,0.0,False,0.07,0.003849999999999997
fill_impairment_only,2,2026-06-26T04:00:20.812413+00:00,0x63cab951a7245a6f73b6e5e26a09e371e2feeeecc1e604537033a6353bf3944e,BTC,NO,medium,medium,medium,0.06500000000000002,0.0,0.0,0.0,0.0,True,0.0,0.0
fill_impairment_only,2,2026-06-26T04:00:22.803330+00:00,0x63cab951a7245a6f73b6e5e26a09e371e2feeeecc1e604537033a6353bf3944e,BTC,NO,medium,medium,medium,0.14499999999999993,0.0,0.0,0.0,0.0,False,0.0666,0.009656999999999997
fill_impairment_only,2,2026-06-26T06:53:30.812574+00:00,0x4ff498fe655344b90bf7a5b904a79a24821ad4553fd49596772479324346a029,SOL,NO,medium,high,medium,0.024999999999999984,0.0,0.0,0.0,0.0,False,0.05,0.0012499999999999994
fill_impairment_only,2,2026-06-26T06:53:32.804327+00:00,0x4ff498fe655344b90bf7a5b904a79a24821ad4553fd49596772479324346a029,SOL,NO,medium,medium,medium,-0.06999999999999999,0.0,0.0,0.0,0.0,False,0.5622,-0.039354
fill_impairment_only,2,2026-06-26T07:05:48.811781+00:00,0x43005d0675491621f54ab6875a6c632e3ee1d0ec2022689ceef619343b23aa90,SOL,NO,low,medium,medium,0.029999999999999933,0.0,0.0,0.0,0.0,True,0.0,0.0
fill_impairment_only,2,2026-06-26T07:06:38.804569+00:00,0x43005d0675491621f54ab6875a6c632e3ee1d0ec2022689ceef619343b23aa90,SOL,NO,low,medium,medium,-0.11000000000000003,0.0,0.0,0.0,0.0,False,0.263,-0.028930000000000008
fill_impairment_only,2,2026-06-26T07:06:40.809802+00:00,0x43005d0675491621f54ab6875a6c632e3ee1d0ec2022689ceef619343b23aa90,SOL,NO,low,medium,medium,-0.059999999999999984,0.0,0.0,0.0,0.0,False,0.11,-0.006599999999999998
fill_impairment_only,2,2026-06-26T07:08:32.818104+00:00,0x43005d0675491621f54ab6875a6c632e3ee1d0ec2022689ceef619343b23aa90,SOL,NO,low,medium,medium,-0.07000000000000005,0.0,0.0,0.0,0.0,False,0.055999999999999994,-0.0039200000000000025
fill_impairment_only,2,2026-06-26T07:40:34.806231+00:00,0xd26cee061a5b0d0f82fcb2457d5de1bb3334659b47dff621b8d511e56e10a868,BTC,NO,low,medium,medium,0.020000000000000035,0.0,0.0,0.0,0.0,True,0.0,0.0
fill_impairment_only,2,2026-06-26T07:40:34.806231+00:00,0xc84d4d834953770775dc2fef52283e2d3ae621102db7672f438730406001fa49,ETH,NO,low,medium,medium,0.11,0.0,0.0,0.0,0.0,False,0.15,0.0165
fill_impairment_only,2,2026-06-26T07:40:36.812020+00:00,0xd26cee061a5b0d0f82fcb2457d5de1bb3334659b47dff621b8d511e56e10a868,BTC,NO,low,medium,medium,0.019999999999999924,0.0,0.0,0.0,0.0,False,0.75,0.014999999999999944
fill_impairment_only,2,2026-06-26T07:45:32.818637+00:00,0x7f26a6a9237c0ddf229911a7c90349ed1f8b495468cbf2c8182a92f7cfc7a0e8,ETH,YES,low,medium,medium,0.06000000000000001,0.0,0.0,0.0,0.0,False,0.6339,0.038034000000000005
fill_impairment_only,2,2026-06-26T07:45:38.808508+00:00,0x7f26a6a9237c0ddf229911a7c90349ed1f8b495468cbf2c8182a92f7cfc7a0e8,ETH,YES,low,medium,medium,0.039999999999999994,0.0,0.0,0.0,0.0,False,0.5065999999999999,0.020263999999999994
fill_impairment_only,2,2026-06-26T08:00:30.814345+00:00,0xe6a382ea25b9a95e964f4832e995c5e02cc31115908a9ef32975a67d8f3ede20,SOL,NO,low,medium,medium,0.10499999999999994,0.0,0.0,0.0,0.0,False,0.34119999999999995,0.035825999999999976
fill_impairment_only,3,2026-07-01T21:38:34.364551+00:00,0xccddd1603d20c4477f2ac4e9f226747d540c9f0fe9ebc85b76cbdd992afa90a5,SOL,YES,low,medium,low,0.18999999999999997,0.0,0.0,0.0,0.0,False,0.05,0.0095
fill_impairment_only,3,2026-07-01T21:40:16.374459+00:00,0x1e62581fd9a1f2400a72b0ace91b1149d1dd03a3202a315563efea9499e0e23b,BTC,YES,low,medium,low,0.05000000000000006,0.0,0.0,0.0,0.0,False,0.0287,0.0014350000000000016
fill_impairment_only,3,2026-07-01T21:40:22.365273+00:00,0x4c09abece310efe0c502e2b081a875d0020f5b30af3c45f19145efd6b791df0b,ETH,YES,medium,medium,low,0.06500000000000002,0.0,0.0,0.0,0.0,False,0.26,0.016900000000000005
fill_impairment_only,3,2026-07-01T21:40:22.365273+00:00,0x2729a97dbed765fa7f38618dc0399548892a2600fac0138be2d913602762d5e7,SOL,YES,low,medium,low,0.039999999999999994,0.0,0.0,0.0,0.0,False,0.042,0.0016799999999999999
fill_impairment_only,3,2026-07-01T21:40:24.371334+00:00,0x2729a97dbed765fa7f38618dc0399548892a2600fac0138be2d913602762d5e7,SOL,YES,low,medium,low,0.08999999999999998,0.0,0.0,0.0,0.0,False,0.2545,0.022904999999999995
fill_impairment_only,3,2026-07-01T21:41:12.371170+00:00,0x2729a97dbed765fa7f38618dc0399548892a2600fac0138be2d913602762d5e7,SOL,YES,low,medium,low,0.04000000000000005,0.0,0.0,0.0,0.0,False,0.75,0.030000000000000037
fill_impairment_only,3,2026-07-01T21:41:40.369327+00:00,0x2729a97dbed765fa7f38618dc0399548892a2600fac0138be2d913602762d5e7,SOL,YES,low,medium,low,-0.059999999999999984,0.0,0.0,0.0,0.0,False,0.75,-0.044999999999999984
fill_impairment_only,3,2026-07-01T21:41:46.372488+00:00,0x2729a97dbed765fa7f38618dc0399548892a2600fac0138be2d913602762d5e7,SOL,YES,low,medium,low,0.039999999999999994,0.0,0.0,0.0,0.0,True,0.0,0.0
fill_impairment_only,3,2026-07-01T21:42:04.370096+00:00,0x2729a97dbed765fa7f38618dc0399548892a2600fac0138be2d913602762d5e7,SOL,YES,low,low,low,-0.07500000000000005,0.0,0.0,0.0,0.0,False,0.2868,-0.021510000000000015
fill_impairment_only,3,2026-07-01T21:43:34.364596+00:00,0x4c09abece310efe0c502e2b081a875d0020f5b30af3c45f19145efd6b791df0b,ETH,YES,low,medium,low,0.010000000000000026,0.0,0.0,0.0,0.0,False,0.244,0.0024400000000000064
fill_impairment_only,3,2026-07-01T21:43:36.369953+00:00,0x4c09abece310efe0c502e2b081a875d0020f5b30af3c45f19145efd6b791df0b,ETH,YES,low,medium,low,0.01999999999999998,0.0,0.0,0.0,0.0,False,0.4832,0.00966399999999999
fill_impairment_only,3,2026-07-01T21:43:40.367946+00:00,0x4c09abece310efe0c502e2b081a875d0020f5b30af3c45f19145efd6b791df0b,ETH,YES,low,medium,low,0.039999999999999994,0.0,0.0,0.0,0.0,False,0.252,0.010079999999999999
fill_impairment_only,3,2026-07-01T21:52:36.373289+00:00,0x0dcd227003d8b96eb66b8db71c3ef9f315a3aae8716e4d49d11b359a8b6c27fa,ETH,YES,low,low,low,0.3499999999999999,0.0,0.0,0.0,0.0,True,0.0,0.0
fill_impairment_only,3,2026-07-01T22:25:06.371629+00:00,0x3eadf4ee01511b615676265099963fabcf242d0d9e7b7e4b982686e0262ce98b,ETH,YES,low,medium,medium,0.020000000000000035,0.0,0.0,0.0,0.0,False,0.2939,0.00587800000000001
fill_impairment_only,3,2026-07-01T22:25:44.366323+00:00,0x2b139d670d2706c6264dad011bc4e96df04633695a4fc75b669830f39f6693ce,BTC,NO,low,medium,medium,0.020000000000000035,0.0,0.0,0.0,0.0,False,0.5793,0.011586000000000022
fill_impairment_only,3,2026-07-01T22:25:46.373589+00:00,0x2b139d670d2706c6264dad011bc4e96df04633695a4fc75b669830f39f6693ce,BTC,NO,low,medium,low,0.020000000000000035,0.0,0.0,0.0,0.0,False,0.3982,0.007964000000000014
fill_impairment_only,3,2026-07-01T22:25:48.363737+00:00,0x2b139d670d2706c6264dad011bc4e96df04633695a4fc75b669830f39f6693ce,BTC,NO,low,low,low,0.03999999999999994,0.0,0.0,0.0,0.0,False,0.75,0.029999999999999954
fill_impairment_only,3,2026-07-01T22:25:50.368975+00:00,0x2b139d670d2706c6264dad011bc4e96df04633695a4fc75b669830f39f6693ce,BTC,NO,medium,low,medium,-0.05999999999999993,0.0,0.0,0.0,0.0,False,0.4511,-0.02706599999999997
fill_impairment_only,3,2026-07-01T22:25:56.371175+00:00,0x2b139d670d2706c6264dad011bc4e96df04633695a4fc75b669830f39f6693ce,BTC,NO,medium,medium,medium,0.019999999999999924,0.0,0.0,0.0,0.0,False,0.75,0.014999999999999944
fill_impairment_only,3,2026-07-01T22:25:58.364472+00:00,0x071de439b9cfba5f3b67356a7c3b0685206f6f943a789b6467311d34691aa135,SOL,NO,low,medium,low,0.010000000000000026,0.0,0.0,0.0,0.0,False,0.3912,0.00391200000000001
fill_impairment_only,3,2026-07-01T22:26:00.369709+00:00,0x2b139d670d2706c6264dad011bc4e96df04633695a4fc75b669830f39f6693ce,BTC,NO,medium,low,medium,0.02500000000000004,0.0,0.0,0.0,0.0,False,0.5161,0.01290250000000002
fill_impairment_only,3,2026-07-01T22:31:02.362104+00:00,0x5330f3288d309b2bb246086f6cf4d139e782acd5b44784839259604ae5e9f369,BTC,NO,low,low,low,0.05500000000000001,0.0,0.0,0.0,0.0,False,0.75,0.04125000000000001
fill_impairment_only,3,2026-07-01T22:31:16.364882+00:00,0x5330f3288d309b2bb246086f6cf4d139e782acd5b44784839259604ae5e9f369,BTC,NO,low,medium,low,0.03499999999999999,0.0,0.0,0.0,0.0,False,0.044500000000000005,0.0015574999999999996
fill_impairment_only,3,2026-07-01T22:31:16.364882+00:00,0x8145a3bfddc61cdf01d45026aed596f0878c260884e8315caa000f5e42143a61,ETH,NO,low,medium,low,0.039999999999999994,0.0,0.0,0.0,0.0,False,0.24,0.009599999999999997
fill_impairment_only,3,2026-07-01T22:31:18.370517+00:00,0x5330f3288d309b2bb246086f6cf4d139e782acd5b44784839259604ae5e9f369,BTC,NO,low,medium,medium,0.010000000000000026,0.0,0.0,0.0,0.0,False,0.322,0.0032200000000000084
fill_impairment_only,3,2026-07-01T22:31:20.361313+00:00,0x8145a3bfddc61cdf01d45026aed596f0878c260884e8315caa000f5e42143a61,ETH,NO,low,medium,low,-0.05000000000000003,0.0,0.0,0.0,0.0,False,0.6498,-0.03249000000000002
fill_impairment_only,3,2026-07-01T22:31:22.369278+00:00,0x8145a3bfddc61cdf01d45026aed596f0878c260884e8315caa000f5e42143a61,ETH,NO,low,medium,low,-0.08999999999999996,0.0,0.0,0.0,0.0,False,0.75,-0.06749999999999996
fill_impairment_only,3,2026-07-01T22:31:34.363478+00:00,0x5330f3288d309b2bb246086f6cf4d139e782acd5b44784839259604ae5e9f369,BTC,NO,low,medium,low,0.030000000000000044,0.0,0.0,0.0,0.0,False,0.75,0.022500000000000034
fill_impairment_only,3,2026-07-01T22:32:00.371088+00:00,0x26690f30c8250f214c3c585bafacecfe21ca18c719caac4709c063c6d47267b4,SOL,NO,low,medium,medium,0.045,0.0,0.0,0.0,0.0,False,0.494,0.02223
fill_impairment_only,3,2026-07-01T22:32:02.361988+00:00,0x26690f30c8250f214c3c585bafacecfe21ca18c719caac4709c063c6d47267b4,SOL,NO,low,medium,medium,0.020000000000000035,0.0,0.0,0.0,0.0,False,0.2198,0.0043960000000000075
fill_impairment_only,3,2026-07-01T22:32:06.360504+00:00,0x26690f30c8250f214c3c585bafacecfe21ca18c719caac4709c063c6d47267b4,SOL,NO,low,high,medium,-0.05000000000000003,0.0,0.0,0.0,0.0,False,0.07,-0.0035000000000000027
fill_impairment_only,3,2026-07-01T22:32:10.374054+00:00,0x26690f30c8250f214c3c585bafacecfe21ca18c719caac4709c063c6d47267b4,SOL,NO,low,medium,low,-0.13999999999999999,0.0,0.0,0.0,0.0,False,0.7,-0.09799999999999999
fill_impairment_only,3,2026-07-01T22:32:18.369405+00:00,0x8145a3bfddc61cdf01d45026aed596f0878c260884e8315caa000f5e42143a61,ETH,NO,low,medium,medium,0.059999999999999956,0.0,0.0,0.0,0.0,False,0.2034,0.012203999999999991
fill_impairment_only,3,2026-07-01T22:32:22.368939+00:00,0x5330f3288d309b2bb246086f6cf4d139e782acd5b44784839259604ae5e9f369,BTC,NO,low,medium,medium,0.010000000000000026,0.0,0.0,0.0,0.0,True,0.0,0.0
fill_impairment_only,3,2026-07-01T22:32:28.372665+00:00,0x8145a3bfddc61cdf01d45026aed596f0878c260884e8315caa000f5e42143a61,ETH,NO,low,medium,low,-0.09500000000000001,0.0,0.0,0.0,0.0,False,0.75,-0.07125000000000001
fill_impairment_only,3,2026-07-01T22:32:54.365688+00:00,0x8145a3bfddc61cdf01d45026aed596f0878c260884e8315caa000f5e42143a61,ETH,NO,low,medium,low,0.05,0.0,0.0,0.0,0.0,False,0.27440000000000003,0.013720000000000003
fill_impairment_only,3,2026-07-01T22:33:02.361345+00:00,0x5330f3288d309b2bb246086f6cf4d139e782acd5b44784839259604ae5e9f369,BTC,NO,medium,medium,medium,0.13000000000000003,0.0,0.0,0.0,0.0,False,0.75,0.09750000000000003
fill_impairment_only,3,2026-07-01T22:33:02.361345+00:00,0x8145a3bfddc61cdf01d45026aed596f0878c260884e8315caa000f5e42143a61,ETH,NO,low,medium,low,0.09999999999999999,0.0,0.0,0.0,0.0,True,0.0,0.0
fill_impairment_only,3,2026-07-01T22:33:02.361345+00:00,0x26690f30c8250f214c3c585bafacecfe21ca18c719caac4709c063c6d47267b4,SOL,NO,low,medium,low,0.07500000000000002,0.0,0.0,0.0,0.0,False,0.368,0.02760000000000001
fill_impairment_only,3,2026-07-01T22:33:04.368866+00:00,0x26690f30c8250f214c3c585bafacecfe21ca18c719caac4709c063c6d47267b4,SOL,NO,low,medium,low,0.05,0.0,0.0,0.0,0.0,False,0.2912,0.014560000000000002
fill_impairment_only,3,2026-07-01T22:33:20.375116+00:00,0x5330f3288d309b2bb246086f6cf4d139e782acd5b44784839259604ae5e9f369,BTC,NO,low,medium,low,0.03999999999999994,0.0,0.0,0.0,0.0,False,0.1,0.003999999999999994
fill_impairment_only,3,2026-07-01T22:33:22.368132+00:00,0x26690f30c8250f214c3c585bafacecfe21ca18c719caac4709c063c6d47267b4,SOL,NO,medium,medium,low,0.22000000000000006,0.0,0.0,0.0,0.0,False,0.05,0.011000000000000003
fill_impairment_only,3,2026-07-01T22:33:58.367410+00:00,0x26690f30c8250f214c3c585bafacecfe21ca18c719caac4709c063c6d47267b4,SOL,NO,low,medium,low,-0.12999999999999998,0.0,0.0,0.0,0.0,False,0.45030000000000003,-0.058538999999999994
fill_impairment_only,3,2026-07-01T22:36:04.365503+00:00,0x06bf7937a18769d86039ea4ed35e5e8edd2a5c73d2ee04faffe90363450f8e3c,SOL,YES,low,medium,low,0.12499999999999996,0.0,0.0,0.0,0.0,True,0.0,0.0
fill_impairment_only,3,2026-07-01T23:41:58.370401+00:00,0x8d22580ded9a1c9bb43a9581787566efeccc0dff2ba6843eef73d5789b5ad805,SOL,NO,low,low,medium,0.29,0.0,0.0,0.0,0.0,False,0.45,0.1305
fill_impairment_only,3,2026-07-02T00:15:04.370549+00:00,0xa961035fe332ff6a397489f4b23cb720ae57b84d866a526858b47a7300270c12,SOL,YES,low,medium,medium,0.06999999999999997,0.0,0.0,0.0,0.0,False,0.25,0.01749999999999999
fill_impairment_only,3,2026-07-02T00:36:00.373439+00:00,0x0b7afa9b0852f4da0eb237bf817bcb7f8aef5e68dd95d52baba20abc06c16376,SOL,YES,low,medium,medium,0.010000000000000026,0.0,0.0,0.0,0.0,False,0.75,0.00750000000000002
fill_impairment_only,3,2026-07-02T02:22:40.364603+00:00,0x8388cdf918fa7cb09ae4a5325b4c5f307e17be11af5350e73ae08cf56bb4fece,ETH,NO,low,medium,medium,0.059999999999999956,0.0,0.0,0.0,0.0,False,0.33,0.019799999999999988
fill_impairment_only,3,2026-07-02T02:30:34.366427+00:00,0xb3e27db391946f1a5ab1d3c3b4a5b8c59d663d3684d960d98f37b7def0df3075,ETH,NO,low,low,medium,0.039999999999999994,0.0,0.0,0.0,0.0,False,0.35,0.013999999999999997
fill_impairment_only,3,2026-07-02T02:30:38.363447+00:00,0xb3e27db391946f1a5ab1d3c3b4a5b8c59d663d3684d960d98f37b7def0df3075,ETH,NO,low,medium,medium,0.030000000000000044,0.0,0.0,0.0,0.0,False,0.4089,0.012267000000000017
fill_impairment_only,3,2026-07-02T03:06:42.363431+00:00,0xd97c09881b1dc40d77cafc681e2b0b8577f654e19c6a1a83914d678d7f9bdf2c,SOL,YES,low,medium,medium,0.059999999999999956,0.0,0.0,0.0,0.0,False,0.7118000000000001,0.042707999999999975
fill_impairment_only,3,2026-07-02T03:38:34.375507+00:00,0xd69c5b7ce1b66fe7745e070b544d04de2517e4b2093ff8309c5573bb8b38ce57,SOL,YES,low,medium,medium,0.13999999999999999,0.0,0.0,0.0,0.0,False,0.34119999999999995,0.04776799999999999
fill_impairment_only,3,2026-07-02T03:50:04.372378+00:00,0xcd593facad3a6092d5974b7ee969c8f3ff778c58031a7baac893ebf627d14b9d,ETH,YES,high,medium,medium,0.24000000000000002,0.0,0.0,0.0,0.0,False,0.5535,0.13284
fill_impairment_only,3,2026-07-02T03:58:18.368322+00:00,0x947e5ddb9a353ecb65bc2faa7bce21ded36808053545239573a7c43756401557,SOL,NO,low,medium,medium,0.059999999999999956,0.0,0.0,0.0,0.0,False,0.75,0.04499999999999997
fill_impairment_only,3,2026-07-02T04:22:28.365589+00:00,0x8552d47c45da4f6202022c51d4d7ff51b0064f2cd42e482f6fc524d37f7ed891,SOL,NO,low,medium,medium,0.08999999999999998,0.0,0.0,0.0,0.0,False,0.05,0.0045
fill_impairment_only,3,2026-07-02T06:11:32.366824+00:00,0xbd4e2fd8dfbdf679456a5c936fa4db4595434055fa7990b727e863efdb73d6fe,SOL,YES,low,medium,medium,0.09999999999999999,0.0,0.0,0.0,0.0,False,0.05,0.005
fill_impairment_only,3,2026-07-02T07:55:46.373480+00:00,0x80bb349ee2b85081e290db4561ebb007ca2a8b5721eec05ce98488d10dbdc84f,ETH,NO,low,medium,medium,-0.07000000000000005,0.0,0.0,0.0,0.0,False,0.053099999999999994,-0.003717000000000002
fill_impairment_only,3,2026-07-02T07:57:42.360831+00:00,0xf9f5ce604030e965827e405652c34595fca9803264f266f106ead15d7fbb64ac,BTC,YES,low,medium,medium,-0.17,0.0,0.0,0.0,0.0,False,0.75,-0.1275
fill_impairment_only,3,2026-07-02T07:57:44.366499+00:00,0xf9f5ce604030e965827e405652c34595fca9803264f266f106ead15d7fbb64ac,BTC,YES,low,high,medium,0.08499999999999998,0.0,0.0,0.0,0.0,True,0.0,0.0
fill_impairment_only,3,2026-07-02T08:08:54.370330+00:00,0x217a508e23290f5918a6837d836f77a3f88255f2e4fe43a9a2cce242409a7db6,ETH,YES,low,medium,high,-0.02,0.0,0.0,0.0,0.0,False,0.64,-0.0128
fill_impairment_only,3,2026-07-02T08:31:14.363819+00:00,0x5d2ccbd18015d1eb9a97902f684b591555d9a4ff0610ff201c2f1f8538a929b1,SOL,YES,low,medium,medium,0.01999999999999998,0.0,0.0,0.0,0.0,False,0.17920000000000003,0.003583999999999997
fill_impairment_only,3,2026-07-02T08:31:18.364598+00:00,0x5d2ccbd18015d1eb9a97902f684b591555d9a4ff0610ff201c2f1f8538a929b1,SOL,YES,low,medium,medium,0.09500000000000004,0.0,0.0,0.0,0.0,False,0.3592,0.034124000000000015
fill_impairment_only,3,2026-07-02T09:00:24.371490+00:00,0x96ddd482cd2ee1a173dbde4538ed2007620845c0e462dbfcc969d36209beb1ce,SOL,NO,low,medium,medium,-0.059999999999999984,0.0,0.0,0.0,0.0,True,0.0,-0.0
fill_impairment_only,3,2026-07-02T09:00:34.362867+00:00,0x96ddd482cd2ee1a173dbde4538ed2007620845c0e462dbfcc969d36209beb1ce,SOL,NO,low,medium,medium,0.09999999999999994,0.0,0.0,0.0,0.0,False,0.05,0.0049999999999999975
fill_impairment_only,3,2026-07-02T09:00:48.368690+00:00,0x96ddd482cd2ee1a173dbde4538ed2007620845c0e462dbfcc969d36209beb1ce,SOL,NO,low,high,medium,0.04499999999999994,0.0,0.0,0.0,0.0,False,0.05,0.0022499999999999972
fill_impairment_only,3,2026-07-02T09:00:52.369633+00:00,0x96ddd482cd2ee1a173dbde4538ed2007620845c0e462dbfcc969d36209beb1ce,SOL,NO,low,medium,medium,0.04999999999999995,0.0,0.0,0.0,0.0,False,0.75,0.037499999999999964
fill_impairment_only,3,2026-07-02T09:01:04.370531+00:00,0x96ddd482cd2ee1a173dbde4538ed2007620845c0e462dbfcc969d36209beb1ce,SOL,NO,low,medium,medium,0.010000000000000026,0.0,0.0,0.0,0.0,False,0.05,0.0005000000000000013
fill_impairment_only,3,2026-07-02T09:01:06.361857+00:00,0x96ddd482cd2ee1a173dbde4538ed2007620845c0e462dbfcc969d36209beb1ce,SOL,NO,low,medium,medium,0.010000000000000026,0.0,0.0,0.0,0.0,False,0.5999,0.005999000000000016
fill_impairment_only,3,2026-07-02T09:10:36.374495+00:00,0xbe2fec169e982831aa0a3f5a98442f7e0793c4af803bb920266ae6a7d43b3101,SOL,YES,low,medium,medium,-0.06999999999999999,0.0,0.0,0.0,0.0,False,0.41859999999999997,-0.029301999999999995
fill_impairment_only,3,2026-07-02T09:11:08.370966+00:00,0xbe2fec169e982831aa0a3f5a98442f7e0793c4af803bb920266ae6a7d43b3101,SOL,YES,low,medium,medium,0.010000000000000026,0.0,0.0,0.0,0.0,False,0.05,0.0005000000000000013
fill_impairment_only,3,2026-07-02T09:26:52.371394+00:00,0xe41189d0cceabac9697f126f3ff12806192b7fb894edecb0106a0cc6738db731,ETH,YES,low,medium,medium,0.30999999999999994,0.0,0.0,0.0,0.0,False,0.05,0.015499999999999998
fill_impairment_only,3,2026-07-02T09:35:10.366702+00:00,0x22928e0772859e6323b5722fc85857ebc2843ce5f3002b574d2bfdaa76aefda9,SOL,YES,low,medium,medium,0.02999999999999999,0.0,0.0,0.0,0.0,False,0.05,0.0014999999999999996
fill_impairment_only,3,2026-07-02T09:55:44.372085+00:00,0x76314474e6d37d9996d64a209cef82a7d8ccbce36c7c87add2f24e7497a7816c,BTC,NO,low,high,medium,0.09999999999999999,0.0,0.0,0.0,0.0,False,0.75,0.075
fill_impairment_only,3,2026-07-02T09:55:54.363634+00:00,0x1f1dd57c6e8f84731f3eca11a122596fc016822900b9a36563483ec6f84c36d4,SOL,NO,low,medium,medium,-0.08,0.0,0.0,0.0,0.0,False,0.0304,-0.002432
fill_impairment_only,3,2026-07-02T09:56:18.361978+00:00,0x1f1dd57c6e8f84731f3eca11a122596fc016822900b9a36563483ec6f84c36d4,SOL,NO,low,medium,medium,0.035000000000000045,0.0,0.0,0.0,0.0,False,0.743,0.02600500000000003
fill_impairment_only,3,2026-07-02T09:56:24.369489+00:00,0x1f1dd57c6e8f84731f3eca11a122596fc016822900b9a36563483ec6f84c36d4,SOL,NO,low,medium,medium,0.059999999999999956,0.0,0.0,0.0,0.0,False,0.75,0.04499999999999997
fill_impairment_only,3,2026-07-02T09:56:42.365883+00:00,0x76314474e6d37d9996d64a209cef82a7d8ccbce36c7c87add2f24e7497a7816c,BTC,NO,low,medium,medium,0.03999999999999994,0.0,0.0,0.0,0.0,False,0.39840000000000003,0.015935999999999978
fill_impairment_only,3,2026-07-02T09:56:46.366917+00:00,0x76314474e6d37d9996d64a209cef82a7d8ccbce36c7c87add2f24e7497a7816c,BTC,NO,low,medium,medium,0.010000000000000026,0.0,0.0,0.0,0.0,False,0.75,0.00750000000000002
fill_impairment_only,3,2026-07-02T09:58:16.363073+00:00,0x1f1dd57c6e8f84731f3eca11a122596fc016822900b9a36563483ec6f84c36d4,SOL,NO,low,medium,medium,0.03999999999999994,0.0,0.0,0.0,0.0,False,0.24850000000000003,0.009939999999999985
fill_impairment_only,3,2026-07-02T10:28:54.362470+00:00,0x5b8a5202ab816574a4572fb9d28ff7ada354d9668318b56a3644f04c39738f84,SOL,NO,low,medium,medium,0.04000000000000005,0.0,0.0,0.0,0.0,False,0.17920000000000003,0.00716800000000001
fill_impairment_only,3,2026-07-02T10:28:56.368829+00:00,0x5b8a5202ab816574a4572fb9d28ff7ada354d9668318b56a3644f04c39738f84,SOL,NO,low,medium,medium,0.01999999999999998,0.0,0.0,0.0,0.0,False,0.4412,0.00882399999999999
fill_impairment_only,3,2026-07-02T10:33:10.363766+00:00,0x6700add2442ac52e76696ea3dd458416e2e1d5ab9e770499a85347b7e866d616,SOL,YES,low,medium,medium,0.25,0.0,0.0,0.0,0.0,False,0.1,0.025
fill_impairment_only,3,2026-07-02T10:37:00.364893+00:00,0x465c10bb8102a8ec311965c7f7b77727b332f80e8cd87847b212b6350accd796,SOL,YES,medium,medium,medium,0.06500000000000002,0.0,0.0,0.0,0.0,False,0.05,0.003250000000000001
fill_impairment_only,3,2026-07-02T10:40:18.374682+00:00,0xb6fcc6f9d2dd9571635233fc09a863999351b0fdcf8df2b3a54b65954c4156d0,SOL,NO,medium,medium,medium,0.06999999999999997,0.0,0.0,0.0,0.0,False,0.22,0.015399999999999992
fill_impairment_only,3,2026-07-02T10:55:06.372034+00:00,0x88416fcd563a9ffe6e611423ab3340c17488dc22b7d96f92571269bffc042195,SOL,NO,low,medium,medium,0.01499999999999992,0.0,0.0,0.0,0.0,False,0.05,0.000749999999999996
fill_impairment_only,3,2026-07-02T11:00:12.369501+00:00,0x7a3fd80678cd42bf2a8b58076455dbb4318bf9108db524760e8b4127b426fa76,SOL,NO,low,medium,medium,0.03999999999999994,0.0,0.0,0.0,0.0,False,0.75,0.029999999999999954
fill_impairment_only,3,2026-07-02T11:10:20.365901+00:00,0xae1161ad8055f5b09cd7c8038ea97feb7f79f231202f647ce33f68cdce265897,SOL,YES,high,high,medium,0.215,0.0,0.0,0.0,0.0,False,0.109,0.023435
fill_impairment_only,3,2026-07-02T12:10:22.361984+00:00,0x8362eee619c3c068724b9acc69306f29dd57c5fb122ca23de731c60f166d74d8,SOL,NO,low,medium,medium,0.010000000000000026,0.0,0.0,0.0,0.0,False,0.6512,0.006512000000000017
fill_impairment_only,3,2026-07-02T12:10:26.361078+00:00,0x8362eee619c3c068724b9acc69306f29dd57c5fb122ca23de731c60f166d74d8,SOL,NO,low,medium,medium,-0.059999999999999984,0.0,0.0,0.0,0.0,False,0.27399999999999997,-0.016439999999999993
fill_impairment_only,3,2026-07-02T12:11:18.362800+00:00,0x8362eee619c3c068724b9acc69306f29dd57c5fb122ca23de731c60f166d74d8,SOL,NO,low,medium,medium,0.05,0.0,0.0,0.0,0.0,False,0.05,0.0025000000000000005
fill_impairment_only,3,2026-07-02T12:12:22.363070+00:00,0x8362eee619c3c068724b9acc69306f29dd57c5fb122ca23de731c60f166d74d8,SOL,NO,low,medium,medium,0.030000000000000044,0.0,0.0,0.0,0.0,False,0.75,0.022500000000000034
fill_impairment_only,3,2026-07-02T12:13:38.365899+00:00,0x8362eee619c3c068724b9acc69306f29dd57c5fb122ca23de731c60f166d74d8,SOL,NO,medium,high,medium,0.23500000000000001,0.0,0.0,0.0,0.0,True,0.0,0.0
fill_impairment_only,3,2026-07-02T12:20:04.364161+00:00,0x94bb631dd01221e07f00ab03feccab66c46ce389a1e7d203fe282aa6d209c589,SOL,YES,low,medium,medium,0.029999999999999933,0.0,0.0,0.0,0.0,False,0.10640000000000001,0.003191999999999993
fill_impairment_only,3,2026-07-02T12:30:04.364786+00:00,0x9215a5c313d78c2a336728a748b73687bc826021a656e9a0d76746f2f5023043,BTC,YES,high,medium,medium,0.265,0.0,0.0,0.0,0.0,False,0.75,0.19875
fill_impairment_only,3,2026-07-02T12:30:16.366322+00:00,0xfdd4d7f9eadc398c0df23a59aadb9ee61a56855c54b6ac9520602a5973e42087,SOL,YES,low,high,medium,-0.13999999999999999,0.0,0.0,0.0,0.0,False,0.75,-0.10499999999999998
fill_impairment_only,3,2026-07-02T12:30:20.366935+00:00,0xfdd4d7f9eadc398c0df23a59aadb9ee61a56855c54b6ac9520602a5973e42087,SOL,YES,low,high,medium,0.02999999999999999,0.0,0.0,0.0,0.0,False,0.75,0.022499999999999992
fill_impairment_only,3,2026-07-02T12:30:22.364919+00:00,0xfdd4d7f9eadc398c0df23a59aadb9ee61a56855c54b6ac9520602a5973e42087,SOL,YES,low,medium,medium,-0.13999999999999999,0.0,0.0,0.0,0.0,False,0.632,-0.08847999999999999
fill_impairment_only,3,2026-07-02T12:30:36.362455+00:00,0xfdd4d7f9eadc398c0df23a59aadb9ee61a56855c54b6ac9520602a5973e42087,SOL,YES,low,medium,medium,0.12999999999999998,0.0,0.0,0.0,0.0,False,0.2,0.025999999999999995
fill_impairment_only,3,2026-07-02T12:31:22.373383+00:00,0x988287eee8e697b0d1d2625d38528f0175f8d3b585148a236428390c8e5bd7a0,ETH,NO,low,medium,medium,0.034999999999999934,0.0,0.0,0.0,0.0,False,0.75,0.02624999999999995
fill_impairment_only,3,2026-07-02T12:31:28.373272+00:00,0x9215a5c313d78c2a336728a748b73687bc826021a656e9a0d76746f2f5023043,BTC,NO,low,high,medium,0.05500000000000001,0.0,0.0,0.0,0.0,False,0.75,0.04125000000000001
fill_impairment_only,3,2026-07-02T12:33:18.366598+00:00,0x9215a5c313d78c2a336728a748b73687bc826021a656e9a0d76746f2f5023043,BTC,NO,low,medium,medium,0.08999999999999998,0.0,0.0,0.0,0.0,False,0.0277,0.0024929999999999996
fill_impairment_only,3,2026-07-02T12:40:48.374599+00:00,0xb38f8c90a79ba7fb9e3926511611e2a97e69f95d8567e5459f176624c5d78e7e,SOL,YES,low,medium,medium,0.04999999999999995,0.0,0.0,0.0,0.0,False,0.41840000000000005,0.02091999999999998
fill_impairment_only,3,2026-07-02T13:01:06.370199+00:00,0xfdc8ee5a5355786246c8c350b1b6d392d7b0b20b2f4112d995400e6d41587033,BTC,NO,low,medium,medium,0.08499999999999998,0.0,0.0,0.0,0.0,False,0.75,0.06374999999999999
fill_impairment_only,3,2026-07-02T13:01:06.370199+00:00,0x7da2825f125571140c598bebdc47a2efcc90d5bbe3f36da9ed64a66a0758a57e,ETH,NO,low,low,medium,0.06499999999999996,0.0,0.0,0.0,0.0,False,0.0706,0.004588999999999997
fill_impairment_only,3,2026-07-02T13:05:14.362350+00:00,0x7b81aecfe918b4400a38bb7e82faf16214e86526a59365a1a1f57891d5e02184,SOL,YES,low,medium,medium,0.12000000000000001,0.0,0.0,0.0,0.0,False,0.33520000000000005,0.04022400000000001
fill_impairment_only,3,2026-07-02T13:10:08.372139+00:00,0x0b7e0ca6f5af7203bbc20de90e6a874b459992dfe7ec7d26ca84605690a8971f,SOL,NO,low,medium,medium,0.05499999999999995,0.0,0.0,0.0,0.0,False,0.05,0.0027499999999999977
fill_impairment_only,3,2026-07-02T13:26:26.363015+00:00,0xabaf563b7f6a9dc2645946d31ce8af8645de6d2409cef51803fb0999c9061f3e,ETH,NO,low,medium,medium,-0.08,0.0,0.0,0.0,0.0,False,0.3299,-0.026392000000000002
fill_impairment_only,3,2026-07-02T13:26:28.373900+00:00,0xabaf563b7f6a9dc2645946d31ce8af8645de6d2409cef51803fb0999c9061f3e,ETH,NO,low,medium,medium,0.11999999999999995,0.0,0.0,0.0,0.0,False,0.20809999999999998,0.024971999999999987
fill_impairment_only,3,2026-07-02T13:32:06.370617+00:00,0xbfdaa1afb46e82ff47ba344bc098d1ae028cd939a030c6672402ca1475988d70,ETH,NO,low,medium,medium,0.02,0.0,0.0,0.0,0.0,False,0.75,0.015
fill_impairment_only,3,2026-07-02T13:32:14.374959+00:00,0xbfdaa1afb46e82ff47ba344bc098d1ae028cd939a030c6672402ca1475988d70,ETH,NO,high,medium,medium,-0.04000000000000001,0.0,0.0,0.0,0.0,False,0.24,-0.009600000000000001
fill_impairment_only,3,2026-07-02T13:33:40.375151+00:00,0xbfdaa1afb46e82ff47ba344bc098d1ae028cd939a030c6672402ca1475988d70,ETH,YES,low,medium,high,-0.02,0.0,0.0,0.0,0.0,True,0.0,-0.0
fill_impairment_only,3,2026-07-02T13:35:10.368025+00:00,0x7798cca819d8b656cf9130a5ea5d871975f4227bea6b3d22ec3b1b6de4584fc0,BTC,NO,medium,medium,medium,0.14499999999999993,0.0,0.0,0.0,0.0,False,0.75,0.10874999999999996
fill_impairment_only,3,2026-07-02T13:37:02.366507+00:00,0xcd4afc8eb6c83c8d8dada852de775b7cc1e7cfaf722f03972c1d93abc1d9cf09,ETH,YES,low,medium,medium,-0.05499999999999998,0.0,0.0,0.0,0.0,False,0.7348,-0.040413999999999985
fill_impairment_only,3,2026-07-02T13:37:06.370427+00:00,0x7798cca819d8b656cf9130a5ea5d871975f4227bea6b3d22ec3b1b6de4584fc0,BTC,NO,low,medium,medium,0.06499999999999996,0.0,0.0,0.0,0.0,False,0.75,0.048749999999999974
fill_impairment_only,3,2026-07-02T13:37:14.375069+00:00,0x7798cca819d8b656cf9130a5ea5d871975f4227bea6b3d22ec3b1b6de4584fc0,BTC,NO,low,medium,medium,0.07499999999999997,0.0,0.0,0.0,0.0,False,0.5379,0.04034249999999999
fill_impairment_only,3,2026-07-02T13:45:04.364924+00:00,0x6b9167a59028831cc69fc27a631ba5f99da00742fcac16501ddd54b155929c85,ETH,YES,medium,medium,medium,0.014999999999999975,0.0,0.0,0.0,0.0,False,0.0545,0.0008174999999999987
fill_impairment_only,3,2026-07-02T13:45:08.364326+00:00,0x6b9167a59028831cc69fc27a631ba5f99da00742fcac16501ddd54b155929c85,ETH,YES,low,medium,medium,0.02999999999999999,0.0,0.0,0.0,0.0,False,0.05,0.0014999999999999996
fill_impairment_only,3,2026-07-02T13:45:12.367704+00:00,0x6b9167a59028831cc69fc27a631ba5f99da00742fcac16501ddd54b155929c85,ETH,YES,low,medium,medium,-0.055000000000000035,0.0,0.0,0.0,0.0,False,0.0579,-0.003184500000000002
fill_impairment_only,3,2026-07-02T13:46:08.369291+00:00,0x6b9167a59028831cc69fc27a631ba5f99da00742fcac16501ddd54b155929c85,ETH,YES,low,medium,medium,0.02999999999999999,0.0,0.0,0.0,0.0,False,0.18899999999999997,0.005669999999999997
fill_impairment_only,3,2026-07-02T13:46:10.366715+00:00,0x165f83111bc6b855ddff03cee955479de1945e82de0c22a4af0e20b7a4611166,SOL,YES,low,medium,medium,0.010000000000000026,0.0,0.0,0.0,0.0,False,0.11199999999999999,0.0011200000000000027
fill_impairment_only,3,2026-07-02T13:46:12.374640+00:00,0x6b9167a59028831cc69fc27a631ba5f99da00742fcac16501ddd54b155929c85,ETH,YES,medium,medium,medium,0.01999999999999998,0.0,0.0,0.0,0.0,False,0.24,0.004799999999999995
fill_impairment_only,3,2026-07-02T13:46:20.368608+00:00,0x6b9167a59028831cc69fc27a631ba5f99da00742fcac16501ddd54b155929c85,ETH,YES,medium,medium,medium,0.02999999999999999,0.0,0.0,0.0,0.0,False,0.4481,0.013442999999999995
fill_impairment_only,3,2026-07-02T13:46:22.365708+00:00,0x165f83111bc6b855ddff03cee955479de1945e82de0c22a4af0e20b7a4611166,SOL,YES,low,medium,medium,-0.06999999999999999,0.0,0.0,0.0,0.0,False,0.05,-0.0034999999999999996
fill_impairment_only,3,2026-07-02T13:46:28.366021+00:00,0x6b9167a59028831cc69fc27a631ba5f99da00742fcac16501ddd54b155929c85,ETH,YES,low,medium,medium,-0.09000000000000001,0.0,0.0,0.0,0.0,False,0.75,-0.0675
fill_impairment_only,3,2026-07-02T13:46:34.364544+00:00,0x6b9167a59028831cc69fc27a631ba5f99da00742fcac16501ddd54b155929c85,ETH,YES,low,medium,medium,0.030000000000000044,0.0,0.0,0.0,0.0,False,0.17,0.005100000000000008
fill_impairment_only,3,2026-07-02T13:46:36.372134+00:00,0x6b9167a59028831cc69fc27a631ba5f99da00742fcac16501ddd54b155929c85,ETH,YES,low,low,medium,-0.07000000000000005,0.0,0.0,0.0,0.0,False,0.75,-0.05250000000000003
fill_impairment_only,3,2026-07-02T13:47:28.363479+00:00,0xdf1c68feb520af13e0b1073b5e17ac465273234950edc85062d074363f2f7ea0,BTC,YES,medium,medium,high,0.27499999999999997,0.0,0.0,0.0,0.0,False,0.4481,0.12322749999999999
fill_impairment_only,3,2026-07-02T13:47:30.370941+00:00,0x165f83111bc6b855ddff03cee955479de1945e82de0c22a4af0e20b7a4611166,SOL,YES,low,medium,high,0.19999999999999998,0.0,0.0,0.0,0.0,False,0.01,0.002
fill_impairment_only,3,2026-07-02T14:00:06.363105+00:00,0x100389b157cf172fa16809d99306f23ca1974adf6fbe025dc09758ed45771b51,BTC,NO,low,medium,medium,0.05500000000000006,0.0,0.0,0.0,0.0,False,0.75,0.04125000000000005
fill_impairment_only,3,2026-07-02T14:03:02.371420+00:00,0xba6acf8da6d345173ee24e2b41e7d98ae87fb2f39f6c0d1839c33229ec4b802b,SOL,NO,low,medium,medium,0.030000000000000044,0.0,0.0,0.0,0.0,False,0.1,0.0030000000000000044
fill_impairment_only,3,2026-07-02T14:16:42.366798+00:00,0x99bee988b471ce9b6fe317dc281d4f4c4f89040c4dcacef8d455c241ee2e99f8,ETH,NO,low,medium,high,0.3,0.0,0.0,0.0,0.0,False,0.05,0.015
fill_impairment_only,3,2026-07-02T15:05:38.363627+00:00,0x647b9c08af3b94902afa9b362889527316a7fdbb46e4a6738ad42d290ca82805,BTC,NO,medium,medium,medium,0.035000000000000045,0.0,0.0,0.0,0.0,False,0.36,0.012600000000000016
fill_impairment_only,3,2026-07-02T15:10:28.366751+00:00,0xcae0c95e9c034ca588baca33e8147b8845b1f312ff09b0d52f4d6e150cddad15,SOL,NO,low,medium,medium,0.04999999999999995,0.0,0.0,0.0,0.0,False,0.1,0.004999999999999995
fill_impairment_only,3,2026-07-02T15:36:32.363170+00:00,0x0a5061025dfe612b3722293195f769f012f8980bd848a20493e2c600f70d09dd,BTC,NO,low,medium,medium,0.28500000000000003,0.0,0.0,0.0,0.0,False,0.75,0.21375000000000002
fill_impairment_only,3,2026-07-02T16:01:28.361478+00:00,0x59496dfc9f417c17975e237fbb7ecfe259156cc15a360f25910162556810c516,SOL,NO,low,medium,medium,0.010000000000000026,0.0,0.0,0.0,0.0,False,0.11199999999999999,0.0011200000000000027
fill_impairment_only,3,2026-07-02T17:00:24.370409+00:00,0x1be94953b760d89a9523766bd1abb42f2e881ac06074bf93aa46ad1a415fc189,SOL,NO,low,medium,medium,0.010000000000000026,0.0,0.0,0.0,0.0,False,0.0576,0.0005760000000000015
fill_impairment_only,3,2026-07-02T17:13:30.362110+00:00,0x909723d937a75ac2c9c89d73711867c15953dd27d72b7a6933948473e399451d,ETH,YES,low,medium,medium,0.06000000000000001,0.0,0.0,0.0,0.0,False,0.306,0.018360000000000005
fill_impairment_only,3,2026-07-02T17:23:18.371612+00:00,0x1f5ef0a23c68190a8a6d515b6c8e8b048078a8afa92d25abb3d94fb87f1f7027,BTC,YES,low,medium,medium,0.255,0.0,0.0,0.0,0.0,False,0.75,0.19125
fill_impairment_only,3,2026-07-02T17:23:20.364343+00:00,0x60608598239fe90ee375e38281310554148d5d349aca1ac07aa04e1ce390e6ad,SOL,YES,low,medium,high,0.11,0.0,0.0,0.0,0.0,False,0.182,0.02002
fill_impairment_only,3,2026-07-02T17:50:28.360872+00:00,0x0aff58c34608210967c4413fb4b4a6c7fa904dc09de162ecc564806689facc64,SOL,NO,low,medium,high,0.19000000000000003,0.0,0.0,0.0,0.0,False,0.75,0.14250000000000002
fill_impairment_only,3,2026-07-02T18:35:46.363950+00:00,0x0fb6a0c7bcde0b6dd2c22b766ae91ab671463f01b2f4ec31f09491aa9dd4af91,SOL,NO,low,medium,medium,-0.07500000000000005,0.0,0.0,0.0,0.0,False,0.75,-0.056250000000000036
fill_impairment_only,3,2026-07-02T18:35:48.373272+00:00,0x0fb6a0c7bcde0b6dd2c22b766ae91ab671463f01b2f4ec31f09491aa9dd4af91,SOL,NO,low,high,medium,-0.09999999999999996,0.0,0.0,0.0,0.0,False,0.4167,-0.041669999999999985
fill_impairment_only,3,2026-07-02T18:35:56.374508+00:00,0x0fb6a0c7bcde0b6dd2c22b766ae91ab671463f01b2f4ec31f09491aa9dd4af91,SOL,NO,low,medium,medium,0.05500000000000001,0.0,0.0,0.0,0.0,False,0.1058,0.005819000000000001
fill_impairment_only,3,2026-07-02T18:35:58.369803+00:00,0x0fb6a0c7bcde0b6dd2c22b766ae91ab671463f01b2f4ec31f09491aa9dd4af91,SOL,NO,low,medium,medium,-0.06999999999999999,0.0,0.0,0.0,0.0,False,0.05,-0.0034999999999999996
fill_impairment_only,3,2026-07-02T18:51:30.371222+00:00,0x12f1ba09bc9913623cab1e5f36dab49519aed574c20e74febe167f480cf82772,SOL,NO,low,medium,medium,0.059999999999999956,0.0,0.0,0.0,0.0,False,0.75,0.04499999999999997
fill_impairment_only,3,2026-07-02T19:01:18.365784+00:00,0x639421d64a6433150033c4d335d66cbee7357cad9e8b10bc943f74caf5d0d308,SOL,NO,low,medium,medium,-0.09499999999999996,0.0,0.0,0.0,0.0,False,0.14,-0.013299999999999996
fill_impairment_only,3,2026-07-02T19:03:24.368460+00:00,0x639421d64a6433150033c4d335d66cbee7357cad9e8b10bc943f74caf5d0d308,SOL,YES,low,medium,medium,0.11,0.0,0.0,0.0,0.0,True,0.0,0.0
fill_impairment_only,3,2026-07-02T19:03:44.373982+00:00,0x639421d64a6433150033c4d335d66cbee7357cad9e8b10bc943f74caf5d0d308,SOL,YES,low,medium,medium,0.06000000000000001,0.0,0.0,0.0,0.0,False,0.1,0.006000000000000002
fill_impairment_only,3,2026-07-02T19:05:14.369431+00:00,0xa1701695adebeed5da4000373df6e9883c29449ade56b49eb6379ee63ba7259b,SOL,NO,low,medium,high,0.07499999999999997,0.0,0.0,0.0,0.0,False,0.1576,0.011819999999999994
fill_impairment_only,3,2026-07-02T19:06:40.373607+00:00,0xa1701695adebeed5da4000373df6e9883c29449ade56b49eb6379ee63ba7259b,SOL,NO,low,high,medium,-0.06499999999999999,0.0,0.0,0.0,0.0,False,0.05,-0.0032499999999999994
fill_impairment_only,3,2026-07-02T19:31:18.372640+00:00,0x606a340a3aad1b6f683e99c5d598836d6731c972d5ddeb2642c52813a27308af,SOL,NO,low,medium,medium,0.05,0.0,0.0,0.0,0.0,False,0.05,0.0025000000000000005
fill_impairment_only,3,2026-07-02T19:31:32.362271+00:00,0x606a340a3aad1b6f683e99c5d598836d6731c972d5ddeb2642c52813a27308af,SOL,NO,low,medium,medium,0.05000000000000006,0.0,0.0,0.0,0.0,False,0.168,0.00840000000000001
fill_impairment_only,3,2026-07-02T19:31:40.366839+00:00,0x606a340a3aad1b6f683e99c5d598836d6731c972d5ddeb2642c52813a27308af,SOL,NO,low,medium,medium,0.05500000000000006,0.0,0.0,0.0,0.0,False,0.22870000000000001,0.012578500000000015
fill_impairment_only,3,2026-07-02T19:31:58.371790+00:00,0x606a340a3aad1b6f683e99c5d598836d6731c972d5ddeb2642c52813a27308af,SOL,NO,low,medium,medium,-0.09000000000000001,0.0,0.0,0.0,0.0,False,0.75,-0.0675
fill_impairment_only,3,2026-07-02T19:51:32.364894+00:00,0x2cfc3ef023f8f6ebad847ce57292f2a190fd727fc452a4c2a7cc845fd16b56aa,SOL,NO,low,medium,medium,0.020000000000000007,0.0,0.0,0.0,0.0,False,0.75,0.015000000000000006
fill_impairment_only,3,2026-07-02T19:51:34.373824+00:00,0x2cfc3ef023f8f6ebad847ce57292f2a190fd727fc452a4c2a7cc845fd16b56aa,SOL,NO,low,medium,medium,-0.06000000000000001,0.0,0.0,0.0,0.0,False,0.75,-0.04500000000000001
fill_impairment_only,3,2026-07-02T19:51:58.365557+00:00,0x2cfc3ef023f8f6ebad847ce57292f2a190fd727fc452a4c2a7cc845fd16b56aa,SOL,NO,low,medium,medium,-0.06,0.0,0.0,0.0,0.0,False,0.05,-0.003
fill_impairment_only,3,2026-07-02T19:52:06.372072+00:00,0x2cfc3ef023f8f6ebad847ce57292f2a190fd727fc452a4c2a7cc845fd16b56aa,SOL,NO,low,medium,medium,0.03999999999999998,0.0,0.0,0.0,0.0,False,0.053200000000000004,0.0021279999999999992
fill_impairment_only,3,2026-07-02T19:52:12.366157+00:00,0x2cfc3ef023f8f6ebad847ce57292f2a190fd727fc452a4c2a7cc845fd16b56aa,SOL,NO,low,medium,medium,0.015000000000000003,0.0,0.0,0.0,0.0,False,0.3693,0.005539500000000001
fill_impairment_only,3,2026-07-02T19:52:24.373550+00:00,0x2cfc3ef023f8f6ebad847ce57292f2a190fd727fc452a4c2a7cc845fd16b56aa,SOL,NO,medium,medium,medium,0.009999999999999998,0.0,0.0,0.0,0.0,False,0.1575,0.0015749999999999998
fill_impairment_only,3,2026-07-02T19:52:30.368984+00:00,0x2cfc3ef023f8f6ebad847ce57292f2a190fd727fc452a4c2a7cc845fd16b56aa,SOL,NO,medium,medium,medium,0.11,0.0,0.0,0.0,0.0,False,0.75,0.0825
fill_impairment_only,3,2026-07-02T19:52:48.372495+00:00,0x2cfc3ef023f8f6ebad847ce57292f2a190fd727fc452a4c2a7cc845fd16b56aa,SOL,NO,medium,medium,medium,0.01500000000000003,0.0,0.0,0.0,0.0,False,0.45,0.006750000000000014
fill_impairment_only,3,2026-07-02T19:53:00.364200+00:00,0x2cfc3ef023f8f6ebad847ce57292f2a190fd727fc452a4c2a7cc845fd16b56aa,SOL,NO,medium,high,medium,0.02999999999999999,0.0,0.0,0.0,0.0,False,0.2851,0.008552999999999998
fill_impairment_only,3,2026-07-02T19:53:04.368103+00:00,0x2cfc3ef023f8f6ebad847ce57292f2a190fd727fc452a4c2a7cc845fd16b56aa,SOL,NO,high,medium,medium,-0.06999999999999999,0.0,0.0,0.0,0.0,False,0.2,-0.013999999999999999
fill_impairment_only,3,2026-07-02T19:53:10.364232+00:00,0x2cfc3ef023f8f6ebad847ce57292f2a190fd727fc452a4c2a7cc845fd16b56aa,SOL,NO,high,medium,medium,0.12000000000000001,0.0,0.0,0.0,0.0,False,0.030600000000000002,0.0036720000000000004
fill_impairment_only,3,2026-07-02T19:53:42.364449+00:00,0x2cfc3ef023f8f6ebad847ce57292f2a190fd727fc452a4c2a7cc845fd16b56aa,SOL,NO,high,medium,medium,0.020000000000000035,0.0,0.0,0.0,0.0,False,0.75,0.015000000000000027
moderate_execution,1,2026-06-24T15:43:06.758948+00:00,0x80658216d4530ee5d8f87f3a84d6788c0505a016f5d1a52bfb8fc3c1afc1f1c2,ETH,YES,low,low,medium,-0.05,0.0049999999999999975,0.029898026039611794,0.013086271859718767,0.005,True,0.0,-0.0
moderate_execution,1,2026-06-24T15:48:20.766212+00:00,0x8e22e9bf1a5c5cf1e5a91126865227cf0b75a5ec64611f0e0b23348e2b8eebc6,SOL,YES,medium,low,medium,-0.05,0.0049999999999999975,0.019916127968550024,0.005709278538639764,0.005,False,0.1,-0.008562540650718979
moderate_execution,1,2026-06-24T15:48:30.765676+00:00,0x8e22e9bf1a5c5cf1e5a91126865227cf0b75a5ec64611f0e0b23348e2b8eebc6,SOL,YES,medium,low,medium,-0.04,0.004999999999999999,0.0,0.007609887823236495,0.005,False,0.39,-0.02246785625106223
moderate_execution,1,2026-06-24T16:03:06.764139+00:00,0x898e75f4a2714851629ab01153214fbf585c570d631964d411eb3f85d6f77427,ETH,NO,low,medium,high,0.07000000000000002,0.0050000000000000044,0.0,0.0,0.005,False,0.3,0.018000000000000006
moderate_execution,1,2026-06-24T16:03:34.761565+00:00,0x898e75f4a2714851629ab01153214fbf585c570d631964d411eb3f85d6f77427,ETH,NO,low,medium,medium,0.01999999999999998,0.0050000000000000044,0.0,0.0,0.005,False,0.41,0.004099999999999989
moderate_execution,1,2026-06-24T16:03:36.766733+00:00,0x898e75f4a2714851629ab01153214fbf585c570d631964d411eb3f85d6f77427,ETH,NO,low,medium,medium,0.020000000000000035,0.0050000000000000044,0.059793945641401794,0.025750789958746623,0.005,False,0.473,-0.03573265993887019
moderate_execution,1,2026-06-24T16:03:56.765843+00:00,0x898e75f4a2714851629ab01153214fbf585c570d631964d411eb3f85d6f77427,ETH,NO,medium,medium,medium,-0.07000000000000002,0.0050000000000000044,0.0,0.040703216994722055,0.005,False,0.75,-0.09052741274604156
moderate_execution,1,2026-06-24T16:17:42.762123+00:00,0x16d9a49118c42f6c43e48602f4356b563fe7d62f03eace901d12f3671b7534cd,SOL,NO,low,medium,high,0.18000000000000002,0.0050000000000000044,0.0,0.0,0.005,False,0.05,0.0085
moderate_execution,1,2026-06-24T16:22:52.762411+00:00,0x76ee4df37777787c309b30aa15d0861f505cc65be0cea6ab16949e8fba9fa172,SOL,NO,medium,medium,medium,-0.11999999999999998,0.010000000000000009,0.0,0.364279700517177,0.005,False,0.75,-0.3744597753878828
moderate_execution,1,2026-06-24T16:22:54.752727+00:00,0x76ee4df37777787c309b30aa15d0861f505cc65be0cea6ab16949e8fba9fa172,SOL,NO,medium,medium,medium,-0.06500000000000002,0.010000000000000009,0.09962524350337215,0.06131506253278372,0.005,True,0.0,-0.0
moderate_execution,1,2026-06-24T16:41:48.765478+00:00,0x54faa3af7fa6193533f340c3ceb42d2a8d405f5e3b23e2178d2a0212ac8cd968,ETH,YES,low,low,medium,-0.09500000000000001,0.004999999999999977,0.0,0.09335664902505575,0.005,False,0.12890000000000001,-0.025568172059329687
moderate_execution,1,2026-06-24T16:41:50.756781+00:00,0x54faa3af7fa6193533f340c3ceb42d2a8d405f5e3b23e2178d2a0212ac8cd968,ETH,YES,low,medium,low,-0.055000000000000035,0.010000000000000009,0.0,0.037226523286511395,0.005,False,0.15,-0.016083978492976717
moderate_execution,1,2026-06-24T16:48:48.757094+00:00,0x6a9cd2dd7bc9c9807d3452c9f1a97c34ac7aedbc934b79054d8b3a0bfdcd4e42,BTC,YES,low,low,high,-0.0325,0.005,0.0,0.0,0.005,False,0.75,-0.031875
moderate_execution,1,2026-06-24T16:51:06.758502+00:00,0xabff544d3602969cb25677257451bdb7c6ad59b48e75d1d633afb248b012b06c,ETH,NO,low,medium,medium,0.30000000000000004,0.0050000000000000044,0.0,0.01488289916387536,0.005,False,0.75,0.20633782562709352
moderate_execution,1,2026-06-24T16:52:04.761668+00:00,0x7d0f63daa0e0bd4993d80fa4bcb62fd622043fb264ec4a7aa7b875871c6a353a,SOL,YES,medium,medium,medium,0.030000000000000002,0.005000000000000001,0.014947423361419212,0.0076564760444328035,0.005,False,0.75,-0.0019529245543890106
moderate_execution,1,2026-06-24T16:52:06.767562+00:00,0x7d0f63daa0e0bd4993d80fa4bcb62fd622043fb264ec4a7aa7b875871c6a353a,SOL,YES,high,medium,medium,0.05,0.0050000000000000044,0.06973418764073958,0.03860575384342343,0.005,False,0.16,-0.01093439063746608
moderate_execution,1,2026-06-24T16:53:18.759891+00:00,0x11be248eacf03fecfc51007bb9833cc1452e33e48c5226ab9c30e91656ca4fed,BTC,YES,low,medium,medium,-0.05,0.0050000000000000044,0.01009048910844298,0.0076946148838835295,0.005,False,0.75,-0.05833882799424489
moderate_execution,1,2026-06-24T16:53:52.752947+00:00,0x7d0f63daa0e0bd4993d80fa4bcb62fd622043fb264ec4a7aa7b875871c6a353a,SOL,YES,high,low,medium,-0.05,0.0049999999999999975,0.0,0.038740885745220076,0.005,False,0.75,-0.07405566430891505
moderate_execution,1,2026-06-24T16:53:54.758545+00:00,0xabff544d3602969cb25677257451bdb7c6ad59b48e75d1d633afb248b012b06c,ETH,NO,high,low,medium,-0.02,0.004,0.0,0.0,0.005,False,0.7431,-0.0215499
moderate_execution,1,2026-06-24T16:55:32.763105+00:00,0xdc4693598a20d019c083949d35703b04d5de73552f4d0fb762787cbe10eef7af,ETH,YES,low,medium,medium,0.035000000000000045,0.0050000000000000044,0.044805486305437084,0.018742554331572143,0.005,False,0.474,-0.01827177126194235
moderate_execution,1,2026-06-24T17:10:44.757531+00:00,0x6bcbfb85688c3516d74eda21ae1058775c9dbb0c3c2ed80679bea5efa4224f1f,SOL,YES,low,medium,medium,-0.09000000000000001,0.0050000000000000044,0.0,0.013389756691535352,0.005,False,0.3557,-0.04033273645517913
moderate_execution,1,2026-06-24T17:10:48.752203+00:00,0x6bcbfb85688c3516d74eda21ae1058775c9dbb0c3c2ed80679bea5efa4224f1f,SOL,YES,low,medium,medium,0.07000000000000002,0.0050000000000000044,0.0,0.058158984208923466,0.005,False,0.0127,2.3380900546672186e-05
moderate_execution,1,2026-06-24T17:15:08.754027+00:00,0x2a87ba5465e5a39b23f5c245ce8daf4e9166a6b5d3a01f97e3c5cebe5f542667,ETH,YES,low,medium,medium,0.08999999999999998,0.0050000000000000044,0.030208607458403373,0.019512428329489493,0.005,False,0.0321,0.0009719547512086384
moderate_execution,1,2026-06-24T17:15:32.759728+00:00,0xc6ddbe45253f77b8dbd808a9153ec3477a66b95ce3dcd40edbdbf5e69a9fad74,BTC,YES,low,medium,medium,-0.059999999999999984,0.0050000000000000044,0.0,0.029861368841842043,0.005,False,0.75,-0.07489602663138152
moderate_execution,1,2026-06-24T17:17:04.766209+00:00,0xc6ddbe45253f77b8dbd808a9153ec3477a66b95ce3dcd40edbdbf5e69a9fad74,BTC,YES,low,medium,medium,0.01999999999999998,0.0050000000000000044,0.009978703086617448,0.0076882023144333985,0.005,False,0.2639,-0.002023296335337325
moderate_execution,1,2026-06-24T17:20:12.764868+00:00,0xd8e21b0124221e5a6948b65f0b5c1b7c563a3c7e6ea11a1e7d760638a2e885ba,SOL,NO,medium,medium,high,0.15500000000000005,0.010000000000000009,0.0,0.0,0.005,False,0.05,0.007000000000000003
moderate_execution,1,2026-06-24T17:25:44.756279+00:00,0x0a15e96a2f8db3533603fd8a311915394fd8b8b6cbc3c3b90e5225964660bd94,ETH,YES,low,medium,high,0.030000000000000044,0.0050000000000000044,0.0,0.0,0.005,False,0.26,0.00520000000000001
moderate_execution,1,2026-06-24T17:26:36.761972+00:00,0x0a15e96a2f8db3533603fd8a311915394fd8b8b6cbc3c3b90e5225964660bd94,ETH,YES,low,medium,high,0.11,0.0050000000000000044,0.0,0.0,0.005,False,0.75,0.075
moderate_execution,1,2026-06-24T17:28:30.758436+00:00,0x8b89ebef2e337682d0c761c2d9ea76b14916b0fbaa6b07ab496782aa61d08092,SOL,NO,low,medium,medium,-0.03,0.0050000000000000044,0.0,0.0,0.005,False,0.5127,-0.020508000000000002
moderate_execution,1,2026-06-24T17:32:12.757879+00:00,0xc53755a72a77c13680d29f80e88a1ffcdaeda374fb64389c3801a5660e24deb8,SOL,NO,low,medium,medium,0.030000000000000044,0.0050000000000000044,0.0,0.031632207487252956,0.005,False,0.75,-0.008724155615439688
moderate_execution,1,2026-06-24T17:40:50.764310+00:00,0xe162acce182a1c54de6efd4a047bee1957d9d0ce3a96723f622886a34ce9ef56,BTC,NO,low,medium,medium,-0.05000000000000003,0.0050000000000000044,0.0,0.046654445417181,0.005,True,0.0,-0.0
moderate_execution,1,2026-06-24T17:46:02.756352+00:00,0x931296be6d3fc5e74df946ebeb47595bd30d0b51c747520c22454b54dbde783c,ETH,NO,medium,medium,high,0.16,0.0050000000000000044,0.0,0.0,0.005,False,0.14429999999999998,0.021644999999999998
moderate_execution,1,2026-06-24T17:50:26.761135+00:00,0xe0261c3af71ec76885a6befe78536d37f4f39622a19d0102257561caaca61811,SOL,NO,low,medium,medium,0.06000000000000001,0.0050000000000000044,0.0,0.04225405185921155,0.005,False,0.436,0.0033772333893837673
moderate_execution,1,2026-06-24T18:00:58.760168+00:00,0x5a189bc1b252af1469e531eb62cee5995fe46dd01bcaff6b137a7bc3109e2e43,SOL,NO,medium,low,medium,-0.05000000000000003,0.004999999999999949,0.0,0.033059401438366845,0.005,False,0.05,-0.004652970071918341
moderate_execution,1,2026-06-24T18:01:08.757617+00:00,0x5a189bc1b252af1469e531eb62cee5995fe46dd01bcaff6b137a7bc3109e2e43,SOL,NO,medium,medium,medium,0.010000000000000026,0.0050000000000000044,0.004949172011109114,0.006707096678920831,0.005,False,0.75,-0.008742201517522443
moderate_execution,1,2026-06-24T18:01:10.762661+00:00,0x5a189bc1b252af1469e531eb62cee5995fe46dd01bcaff6b137a7bc3109e2e43,SOL,NO,medium,medium,medium,-0.06999999999999999,0.014999999999999958,0.04985940149443546,0.022560559768264377,0.005,False,0.05,-0.008120998063134991
moderate_execution,1,2026-06-24T18:01:28.765791+00:00,0x5a189bc1b252af1469e531eb62cee5995fe46dd01bcaff6b137a7bc3109e2e43,SOL,NO,medium,medium,medium,-0.05000000000000003,0.0050000000000000044,0.0,0.019274226447821688,0.005,False,0.75,-0.059455669835866296
moderate_execution,1,2026-06-24T18:01:32.763050+00:00,0x5a189bc1b252af1469e531eb62cee5995fe46dd01bcaff6b137a7bc3109e2e43,SOL,NO,medium,medium,medium,0.07000000000000002,0.0050000000000000044,0.0,0.015660506267043024,0.005,False,0.75,0.03325462029971775
moderate_execution,1,2026-06-24T18:01:48.762400+00:00,0x5a189bc1b252af1469e531eb62cee5995fe46dd01bcaff6b137a7bc3109e2e43,SOL,NO,medium,medium,medium,0.059999999999999956,0.0050000000000000044,0.0,0.04634557634211991,0.005,False,0.75,0.0027408177434100327
moderate_execution,1,2026-06-24T18:05:24.753766+00:00,0x17dc5c06a8038c8b9fe98dc10caabed5e643e594aa096dfa257871e4e6fc79db,BTC,NO,medium,medium,high,0.05000000000000006,0.0050000000000000044,0.0,0.0,0.005,False,0.4457,0.017828000000000024
moderate_execution,1,2026-06-24T18:05:28.765310+00:00,0x17dc5c06a8038c8b9fe98dc10caabed5e643e594aa096dfa257871e4e6fc79db,BTC,NO,medium,medium,high,0.06999999999999997,0.0050000000000000044,0.10462723496817015,0.10484782403808228,0.005,False,0.05,-0.007473752950312624
moderate_execution,1,2026-06-24T18:05:36.760226+00:00,0x3d07d4fd8f80b13ff82b8a59ac4e27ef61cee1ca5f5e8b639dd421a3a7bc2fcb,SOL,NO,low,high,medium,0.04999999999999995,0.015000000000000013,0.0,0.030801851765964932,0.005,False,0.05,-4.009258829824991e-05
moderate_execution,1,2026-06-24T18:06:36.754811+00:00,0x3d07d4fd8f80b13ff82b8a59ac4e27ef61cee1ca5f5e8b639dd421a3a7bc2fcb,SOL,YES,low,medium,medium,0.039999999999999994,0.0050000000000000044,0.0,0.015573965775379546,0.005,False,0.34119999999999995,0.004922162877440493
moderate_execution,1,2026-06-24T18:06:38.762149+00:00,0x3d07d4fd8f80b13ff82b8a59ac4e27ef61cee1ca5f5e8b639dd421a3a7bc2fcb,SOL,YES,low,medium,medium,0.09999999999999999,0.0050000000000000044,0.07955013046264003,0.04552520303008263,0.005,False,0.055999999999999994,-0.0019642186755924698
moderate_execution,1,2026-06-24T18:10:32.759091+00:00,0xe3120089fce1f1a743fc240f0033561fca78ae3088352a0f3f52413a0a0b39cb,BTC,YES,low,medium,high,0.04999999999999995,0.0050000000000000044,0.0,0.0,0.005,False,0.75,0.029999999999999957
moderate_execution,1,2026-06-24T18:10:48.754900+00:00,0x2a8f1b4db2834d8f740fa140f88d4c2cd7464241d37403fce3ab3bc53ee78792,ETH,NO,low,medium,high,0.06999999999999997,0.0050000000000000044,0.0,0.0,0.005,False,0.3317,0.01990199999999999
moderate_execution,1,2026-06-24T18:11:20.766968+00:00,0x2a8f1b4db2834d8f740fa140f88d4c2cd7464241d37403fce3ab3bc53ee78792,ETH,YES,low,medium,medium,-0.059999999999999984,0.0050000000000000044,0.0,0.08129188957170823,0.005,False,0.46,-0.06959426920298578
moderate_execution,1,2026-06-24T18:20:04.756204+00:00,0x3d34074cabf8c0c7082b719f8b1d246fbf3344709e9dceb7baf2a9e21d9dcd71,BTC,YES,low,medium,medium,-0.13000000000000003,0.0050000000000000044,0.0,0.0,0.005,False,0.75,-0.10500000000000004
moderate_execution,1,2026-06-24T18:20:30.755092+00:00,0x3d34074cabf8c0c7082b719f8b1d246fbf3344709e9dceb7baf2a9e21d9dcd71,BTC,YES,low,medium,medium,-0.05499999999999998,0.0050000000000000044,0.0,0.055360162146572994,0.005,False,0.41659999999999997,-0.0501420435502623
moderate_execution,1,2026-06-24T18:20:36.756990+00:00,0x063b6476f22b96ffa4e2b1b40b6be64b68228f02258cf4f2cb5ae83ecbf708fd,ETH,YES,medium,medium,medium,0.04999999999999995,0.0050000000000000044,0.0,0.046795396704669145,0.005,False,0.20600000000000002,-0.0013998517211618558
moderate_execution,1,2026-06-24T18:20:40.753306+00:00,0x3d34074cabf8c0c7082b719f8b1d246fbf3344709e9dceb7baf2a9e21d9dcd71,BTC,YES,low,medium,medium,-0.059999999999999984,0.0050000000000000044,0.007586770368165449,0.007201810059347038,0.005,False,0.75,-0.06359143532063437
moderate_execution,1,2026-06-24T18:20:52.756246+00:00,0x3d34074cabf8c0c7082b719f8b1d246fbf3344709e9dceb7baf2a9e21d9dcd71,BTC,YES,low,medium,medium,0.039999999999999994,0.0050000000000000044,0.0,0.013431837811791705,0.005,False,0.75,0.012426121641156213
moderate_execution,1,2026-06-24T18:20:54.762187+00:00,0x3d34074cabf8c0c7082b719f8b1d246fbf3344709e9dceb7baf2a9e21d9dcd71,BTC,YES,low,medium,medium,0.010000000000000026,0.0050000000000000044,0.09966418123621829,0.04640994426057397,0.005,False,0.75,-0.10955559412259419
moderate_execution,1,2026-06-24T18:21:06.764841+00:00,0x3d34074cabf8c0c7082b719f8b1d246fbf3344709e9dceb7baf2a9e21d9dcd71,BTC,YES,low,medium,medium,-0.05000000000000003,0.0050000000000000044,0.06479859546681006,0.035553487289788466,0.005,False,0.5615,-0.0900376944678301
moderate_execution,1,2026-06-24T18:21:10.764191+00:00,0x3d34074cabf8c0c7082b719f8b1d246fbf3344709e9dceb7baf2a9e21d9dcd71,BTC,YES,low,medium,medium,0.020000000000000035,0.0050000000000000044,0.0,0.007822541111346615,0.005,False,0.75,0.0016330941664900618
moderate_execution,1,2026-06-24T18:21:12.754338+00:00,0x3d34074cabf8c0c7082b719f8b1d246fbf3344709e9dceb7baf2a9e21d9dcd71,BTC,YES,low,medium,medium,-0.06000000000000004,0.0050000000000000044,0.06540822295851223,0.03111667630582065,0.005,False,0.75,-0.12489367444824971
moderate_execution,1,2026-06-24T18:21:14.759655+00:00,0x3d34074cabf8c0c7082b719f8b1d246fbf3344709e9dceb7baf2a9e21d9dcd71,BTC,YES,low,high,medium,0.19499999999999998,0.015000000000000013,0.0,0.022337166642480987,0.005,False,0.4,0.061065133343007595
moderate_execution,1,2026-06-24T18:23:18.758759+00:00,0x3d34074cabf8c0c7082b719f8b1d246fbf3344709e9dceb7baf2a9e21d9dcd71,BTC,YES,low,medium,medium,0.01500000000000003,0.010000000000000009,0.06276408281262325,0.007630942066611906,0.005,False,0.7148,-0.05031836378367728
moderate_execution,1,2026-06-24T18:26:40.754541+00:00,0x0f58baf57772722db394290841df2a23b89d3ef388a740790fe4356e58669164,ETH,NO,low,medium,medium,-0.38,0.010000000000000009,0.0,0.03517243809772693,0.005,False,0.1,-0.0430172438097727
moderate_execution,1,2026-06-24T18:32:18.765892+00:00,0xbde68413691d686e0741615c9dad23d2669c8cfcdd14efb81d2fd53260602d61,SOL,NO,low,medium,medium,0.05,0.0050000000000000044,0.019944698213542365,0.015491471167510174,0.005,False,0.05,0.000228191530947373
moderate_execution,1,2026-06-24T18:32:28.765868+00:00,0xbde68413691d686e0741615c9dad23d2669c8cfcdd14efb81d2fd53260602d61,SOL,NO,low,medium,medium,-0.10000000000000002,0.0050000000000000044,0.009907852061114568,0.007893342189404236,0.005,False,0.11199999999999999,-0.014313733756058109
moderate_execution,1,2026-06-24T18:32:34.767339+00:00,0xbde68413691d686e0741615c9dad23d2669c8cfcdd14efb81d2fd53260602d61,SOL,NO,low,medium,medium,-0.09999999999999999,0.0050000000000000044,0.0,0.041469480041419475,0.005,False,0.52,-0.07876412962153813
moderate_execution,1,2026-06-24T18:32:36.756754+00:00,0xbde68413691d686e0741615c9dad23d2669c8cfcdd14efb81d2fd53260602d61,SOL,NO,low,medium,medium,0.025000000000000012,0.0050000000000000044,0.0,0.06322972331062152,0.005,False,0.05,-0.002411486165531076
moderate_execution,1,2026-06-24T18:32:38.763486+00:00,0xbde68413691d686e0741615c9dad23d2669c8cfcdd14efb81d2fd53260602d61,SOL,NO,low,high,medium,-0.07500000000000002,0.030000000000000027,0.10727625358288986,0.03414677944040363,0.005,False,0.3318,-0.08342216235712879
moderate_execution,1,2026-06-24T18:32:40.753774+00:00,0xbde68413691d686e0741615c9dad23d2669c8cfcdd14efb81d2fd53260602d61,SOL,NO,low,medium,medium,0.030000000000000016,0.0050000000000000044,0.0,0.04357599754407406,0.005,True,0.0,-0.0
moderate_execution,1,2026-06-24T18:32:58.758626+00:00,0xbde68413691d686e0741615c9dad23d2669c8cfcdd14efb81d2fd53260602d61,SOL,NO,low,high,medium,-0.05000000000000003,0.02999999999999997,0.0,0.02322558588392543,0.005,False,0.75,-0.08116918941294407
moderate_execution,1,2026-06-24T18:33:00.765000+00:00,0xbde68413691d686e0741615c9dad23d2669c8cfcdd14efb81d2fd53260602d61,SOL,NO,low,medium,medium,0.014999999999999975,0.009999999999999953,0.0,0.022959328619688985,0.005,False,0.306,-0.007025554557624823
moderate_execution,1,2026-06-24T18:51:52.760600+00:00,0x76ceb5966715afdbb09250dea84bccfc837e72c59d375b0ca15e03fcc417fb4e,SOL,YES,low,medium,medium,-0.06999999999999999,0.0050000000000000044,0.0,0.024784274213660827,0.005,False,0.75,-0.07858820566024562
moderate_execution,1,2026-06-24T18:51:54.765991+00:00,0x76ceb5966715afdbb09250dea84bccfc837e72c59d375b0ca15e03fcc417fb4e,SOL,YES,low,medium,medium,0.039999999999999994,0.0050000000000000044,0.0,0.03802239812585176,0.005,False,0.05,-0.0004011199062925885
moderate_execution,1,2026-06-24T18:51:56.756813+00:00,0x76ceb5966715afdbb09250dea84bccfc837e72c59d375b0ca15e03fcc417fb4e,SOL,YES,low,high,medium,0.01500000000000003,0.015000000000000013,0.11560159404997641,0.03482199312645731,0.005,False,0.48560000000000003,-0.07547369393287623
moderate_execution,1,2026-06-24T18:52:10.764773+00:00,0x768552d5316e123aaa73080f47f5e8f4e0ba7553daff6a1d32fa8d9ed5552775,ETH,YES,low,medium,medium,0.059999999999999956,0.0050000000000000044,0.0,0.015665909077310032,0.005,False,0.13570000000000002,0.004659136138209023
moderate_execution,1,2026-06-24T18:52:48.766058+00:00,0x768552d5316e123aaa73080f47f5e8f4e0ba7553daff6a1d32fa8d9ed5552775,ETH,YES,low,low,medium,0.014999999999999975,0.004999999999999977,0.0,0.03425313156071509,0.005,False,0.75,-0.02193984867053632
moderate_execution,1,2026-06-24T18:52:48.766058+00:00,0x76ceb5966715afdbb09250dea84bccfc837e72c59d375b0ca15e03fcc417fb4e,SOL,YES,low,low,medium,-0.07000000000000005,0.004999999999999977,0.0,0.05135725155885959,0.005,False,0.05,-0.006567862577942982
moderate_execution,1,2026-06-24T18:52:52.763973+00:00,0x76ceb5966715afdbb09250dea84bccfc837e72c59d375b0ca15e03fcc417fb4e,SOL,YES,low,medium,medium,0.020000000000000035,0.0050000000000000044,0.0,0.02787409364688919,0.005,False,0.33,-0.005898450903473423
moderate_execution,1,2026-06-24T18:53:46.759987+00:00,0x76ceb5966715afdbb09250dea84bccfc837e72c59d375b0ca15e03fcc417fb4e,SOL,YES,medium,low,medium,0.09999999999999999,0.004999999999999977,0.1103178913072521,0.0038072289787457097,0.005,False,0.75,-0.018093840214498346
moderate_execution,1,2026-06-24T19:00:16.766958+00:00,0x6f14d199dafd35a5f545aad500e9cd65eaf22a2bf1a522817da62c57245246f4,SOL,NO,low,medium,medium,0.020000000000000035,0.0050000000000000044,0.0025235968590768144,0.011584312308420776,0.005,True,0.0,-0.0
moderate_execution,1,2026-06-24T19:00:20.764327+00:00,0x6f14d199dafd35a5f545aad500e9cd65eaf22a2bf1a522817da62c57245246f4,SOL,NO,low,high,medium,-0.06499999999999999,0.025000000000000022,0.0,0.03081629113180823,0.005,False,0.11199999999999999,-0.01409142460676252
moderate_execution,1,2026-06-24T19:00:26.766094+00:00,0x6f14d199dafd35a5f545aad500e9cd65eaf22a2bf1a522817da62c57245246f4,SOL,NO,low,medium,medium,0.014999999999999975,0.009999999999999953,0.0,0.009801673376987811,0.005,False,0.43,-0.004214719552104749
moderate_execution,1,2026-06-24T19:00:34.758570+00:00,0x6f14d199dafd35a5f545aad500e9cd65eaf22a2bf1a522817da62c57245246f4,SOL,NO,low,medium,medium,-0.06999999999999999,0.0050000000000000044,0.01745164561066002,0.006606398225507734,0.005,True,0.0,-0.0
moderate_execution,1,2026-06-24T19:00:46.763874+00:00,0x6f14d199dafd35a5f545aad500e9cd65eaf22a2bf1a522817da62c57245246f4,SOL,NO,low,low,medium,0.010000000000000026,0.004999999999999949,0.0,0.05022252999956099,0.005,False,0.2,-0.010044505999912183
moderate_execution,1,2026-06-24T19:01:30.763622+00:00,0x6f14d199dafd35a5f545aad500e9cd65eaf22a2bf1a522817da62c57245246f4,SOL,NO,low,medium,medium,-0.05000000000000003,0.0050000000000000044,0.054856820397891956,0.038974086953399045,0.005,False,0.3712,-0.05710203280879923
moderate_execution,1,2026-06-24T19:02:02.766777+00:00,0x9828065f135b73cbb04da613189035c96beca24508e8d4b15f9a9b670b7519eb,ETH,NO,low,medium,medium,0.01999999999999998,0.0050000000000000044,0.07469055181220287,0.039636581459695404,0.005,False,0.24050000000000002,-0.025090675551891543
moderate_execution,1,2026-06-24T19:02:02.766777+00:00,0x6f14d199dafd35a5f545aad500e9cd65eaf22a2bf1a522817da62c57245246f4,SOL,NO,low,medium,high,0.06000000000000001,0.010000000000000009,0.0,0.0,0.005,False,0.324,0.014580000000000003
moderate_execution,1,2026-06-24T19:02:04.757011+00:00,0x6f14d199dafd35a5f545aad500e9cd65eaf22a2bf1a522817da62c57245246f4,SOL,NO,low,medium,medium,-0.11499999999999998,0.009999999999999953,0.1207860768407754,0.08200062907175747,0.005,False,0.05,-0.01663933529562664
moderate_execution,1,2026-06-24T19:02:06.762138+00:00,0x6f14d199dafd35a5f545aad500e9cd65eaf22a2bf1a522817da62c57245246f4,SOL,NO,low,medium,medium,0.02999999999999999,0.0050000000000000044,0.0,0.07391379947504578,0.005,False,0.11199999999999999,-0.006038345541205129
moderate_execution,1,2026-06-24T19:02:08.753956+00:00,0x6f14d199dafd35a5f545aad500e9cd65eaf22a2bf1a522817da62c57245246f4,SOL,NO,low,high,medium,-0.06999999999999999,0.015000000000000013,0.12298436928012166,0.03912199809420342,0.005,False,0.05,-0.012605318368716254
moderate_execution,1,2026-06-24T19:02:34.760304+00:00,0x6f14d199dafd35a5f545aad500e9cd65eaf22a2bf1a522817da62c57245246f4,SOL,NO,low,medium,medium,0.010000000000000026,0.0050000000000000044,0.0,0.011684049179142989,0.005,False,0.174,-0.002033024557170876
moderate_execution,1,2026-06-24T19:12:34.759652+00:00,0x1aee94333f9f59a16641bfb6bb79781128bfc7c762e6ec35a3e28ae595c8f710,ETH,YES,low,low,medium,-0.03,0.005,0.0,0.0,0.005,True,0.0,-0.0
moderate_execution,1,2026-06-24T19:15:48.754190+00:00,0x4982ded7e4b9233220595f26cc997fa151f1902c8893a0a78a52d656b5fdb3d4,ETH,NO,medium,medium,medium,-0.08,0.0050000000000000044,0.0,0.06869781159249844,0.005,False,0.35,-0.05554423405737446
moderate_execution,1,2026-06-24T19:15:50.760306+00:00,0xb802375b899f20776320f8a3ad101bd8c4a32ff81a436fcc308a140cc33d96bf,BTC,NO,low,medium,medium,0.010000000000000026,0.0050000000000000044,0.0,0.041861577296626915,0.005,False,0.75,-0.03139618297247017
moderate_execution,1,2026-06-24T19:15:50.760306+00:00,0x4982ded7e4b9233220595f26cc997fa151f1902c8893a0a78a52d656b5fdb3d4,ETH,NO,medium,medium,medium,0.03499999999999999,0.0050000000000000044,0.0,0.04763392545595565,0.005,False,0.3788,-0.008573730962716006
moderate_execution,1,2026-06-24T19:25:34.759452+00:00,0x6e39d066f4cd8679f901216c55834139a9ad2240af38a11b09b63b0473e2b84b,SOL,YES,low,medium,medium,0.010000000000000026,0.0050000000000000044,0.0,0.02363573704920978,0.005,False,0.672,-0.01588321529706896
moderate_execution,1,2026-06-24T19:26:04.757062+00:00,0x6e39d066f4cd8679f901216c55834139a9ad2240af38a11b09b63b0473e2b84b,SOL,YES,low,medium,medium,0.07500000000000002,0.0050000000000000044,0.0,0.05498813673393538,0.005,False,0.21,0.0021024912858735745
moderate_execution,1,2026-06-24T19:37:46.757371+00:00,0xfedc3df4cb1db1fc866524795ac2fcdf9941f43010b9c15e487a333e6f266394,SOL,YES,low,medium,high,0.010000000000000026,0.0050000000000000044,0.0,0.0,0.005,False,0.75,1.6263032587282567e-17
moderate_execution,1,2026-06-24T19:37:50.757198+00:00,0xfedc3df4cb1db1fc866524795ac2fcdf9941f43010b9c15e487a333e6f266394,SOL,YES,low,medium,medium,-0.09999999999999996,0.0050000000000000044,0.0,0.02341284735874949,0.005,False,0.38049999999999995,-0.05076358842000417
moderate_execution,1,2026-06-24T19:41:20.756922+00:00,0x7001dd0099cdee5fbb1efe846336e41812c524e7585b6f7c9a0a5c9882f114b9,SOL,NO,low,medium,medium,0.03999999999999994,0.0050000000000000044,0.0,0.03943935706098799,0.005,False,0.36200000000000004,-0.003417047256077676
moderate_execution,1,2026-06-24T19:48:44.761661+00:00,0x4f55d140209fd0d5a7745de8f8a0f150f3b6097aedbaeee7d1a0618c0c3d7bb8,ETH,NO,low,medium,medium,0.06999999999999997,0.0050000000000000044,0.0,0.05124397321651067,0.005,False,0.166,0.0014535004460592223
moderate_execution,1,2026-06-24T19:53:26.758012+00:00,0x3ba3b3f951b2628ef716722de268dd5e244f8d45fd355168fab2e3b85af75128,SOL,NO,low,medium,high,-0.0315,0.0050000000000000044,0.0,0.0,0.005,False,0.75,-0.031125
moderate_execution,1,2026-06-24T20:01:06.759646+00:00,0x88fd0bf02fe557e16419750274baafa5fd89a12437e7d4215161d95a77cc069e,SOL,NO,low,medium,medium,-0.05,0.0050000000000000044,0.0,0.21972449212485815,0.005,False,0.1,-0.027972449212485817
moderate_execution,1,2026-06-24T20:01:08.765938+00:00,0x99160df581693bc7fa4ad76b5fe823f5346ef5cb655f1e8650a60c30a642c0ac,BTC,YES,low,high,medium,0.29,0.024999999999999994,0.12450055359045943,0.07210924930169683,0.005,True,0.0,0.0
moderate_execution,1,2026-06-24T20:08:34.761066+00:00,0xd14dfda063d0d2dafe354fe938c73ea7643db9f344cf11598794d252f8d453a1,BTC,NO,low,low,medium,-0.018,0.0025000000000000022,0.0,0.0,0.005,False,0.75,-0.019125000000000003
moderate_execution,1,2026-06-24T20:13:52.754397+00:00,0xf8776b5271ce59d683b9da736a42f8139c58e4093ad342ae1288f9addc1b3cfe,BTC,NO,low,medium,medium,-0.06499999999999999,0.010000000000000009,0.0,0.023774727053138843,0.005,False,0.75,-0.07783104528985413
moderate_execution,1,2026-06-24T20:13:56.764659+00:00,0xf8776b5271ce59d683b9da736a42f8139c58e4093ad342ae1288f9addc1b3cfe,BTC,NO,low,high,medium,-0.12999999999999998,0.015000000000000013,0.0,0.01586630482428255,0.005,False,0.75,-0.12439972861821191
moderate_execution,1,2026-06-24T20:17:30.756983+00:00,0x9c3ac652cc797ed5fdf7c5717c58c9ce007e9fabecc76e1454bf2d8db03c7150,BTC,YES,low,medium,medium,-0.06000000000000004,0.0050000000000000044,0.0,0.03386766106125526,0.005,False,0.75,-0.07790074579594147
moderate_execution,1,2026-06-24T20:17:34.755355+00:00,0x9c3ac652cc797ed5fdf7c5717c58c9ce007e9fabecc76e1454bf2d8db03c7150,BTC,YES,low,medium,medium,0.020000000000000035,0.0050000000000000044,0.0,0.03998436715218486,0.005,False,0.75,-0.022488275364138624
moderate_execution,1,2026-06-24T20:17:38.755356+00:00,0x9c3ac652cc797ed5fdf7c5717c58c9ce007e9fabecc76e1454bf2d8db03c7150,BTC,YES,low,medium,medium,0.010000000000000026,0.0050000000000000044,0.02012579996792957,0.01562576677885171,0.005,True,0.0,-0.0
moderate_execution,1,2026-06-24T20:17:48.756472+00:00,0x9c3ac652cc797ed5fdf7c5717c58c9ce007e9fabecc76e1454bf2d8db03c7150,BTC,YES,low,low,medium,0.04999999999999995,0.004999999999999949,0.010088175057686936,0.007321646053483078,0.005,False,0.2025,0.004574511224988072
moderate_execution,1,2026-06-24T20:18:06.756462+00:00,0x9c3ac652cc797ed5fdf7c5717c58c9ce007e9fabecc76e1454bf2d8db03c7150,BTC,YES,medium,medium,medium,-0.055000000000000035,0.009999999999999953,0.022440701953821106,0.012014427278480297,0.005,False,0.75,-0.07834134692422605
moderate_execution,1,2026-06-24T20:18:34.759712+00:00,0x9c3ac652cc797ed5fdf7c5717c58c9ce007e9fabecc76e1454bf2d8db03c7150,BTC,YES,low,medium,medium,0.029999999999999933,0.0050000000000000044,0.004923819614919918,0.00796250210541948,0.005,True,0.0,0.0
moderate_execution,1,2026-06-24T20:18:42.754973+00:00,0x9c3ac652cc797ed5fdf7c5717c58c9ce007e9fabecc76e1454bf2d8db03c7150,BTC,YES,low,high,medium,0.01500000000000003,0.019999999999999962,0.0,0.05615565127844483,0.005,False,0.7204,-0.04765853118099161
moderate_execution,1,2026-06-24T20:23:28.766404+00:00,0x664abf9e27ed69e80bbe4cc0517b8a125ca044c42ad3357a7c7af2ed9436c74e,SOL,NO,low,medium,medium,0.09999999999999999,0.0050000000000000044,0.019942540262867105,0.015429381783742709,0.005,False,0.2352,0.012848523934637368
moderate_execution,1,2026-06-24T20:31:42.764262+00:00,0x4dd3a21158dc2341d429921b0f01d6ef1d5b1b88544a4e1166825c85360a31f3,SOL,YES,low,medium,medium,0.05000000000000006,0.0050000000000000044,0.0,0.0,0.005,True,0.0,0.0
moderate_execution,1,2026-06-24T20:50:08.762751+00:00,0x8faf001f0cb0420fe9216e45664d43db363e1235986c35e425847671efe887b9,SOL,NO,low,medium,high,0.35,0.0050000000000000044,0.0,0.0,0.005,False,0.2,0.06799999999999999
moderate_execution,1,2026-06-24T20:50:34.755582+00:00,0xb5b2cc6f7e364320387000357dcec77c8e290b19a91515fda9f1eba110a7206b,ETH,YES,low,medium,medium,-0.02,0.0050000000000000044,0.0,0.0,0.005,False,0.2,-0.006000000000000002
moderate_execution,1,2026-06-24T20:50:58.754381+00:00,0x8faf001f0cb0420fe9216e45664d43db363e1235986c35e425847671efe887b9,SOL,YES,medium,medium,high,-0.39,0.0050000000000000044,0.0,0.0,0.005,False,0.25,-0.1
moderate_execution,1,2026-06-24T20:51:14.759775+00:00,0xa18f20c9d7af10ea829ba2117f462eed5781ccb83a3b11964e8464ea1bee0872,BTC,NO,medium,medium,high,0.010000000000000026,0.0050000000000000044,0.0,0.0,0.005,False,0.75,1.6263032587282567e-17
moderate_execution,1,2026-06-24T20:51:18.756585+00:00,0xb5b2cc6f7e364320387000357dcec77c8e290b19a91515fda9f1eba110a7206b,ETH,NO,medium,medium,high,-0.02,0.0050000000000000044,0.0,0.0,0.005,False,0.2,-0.006000000000000002
moderate_execution,1,2026-06-24T20:52:00.752541+00:00,0xa18f20c9d7af10ea829ba2117f462eed5781ccb83a3b11964e8464ea1bee0872,BTC,NO,medium,medium,medium,0.07499999999999997,0.010000000000000009,0.0,0.019923227600310445,0.005,False,0.6,0.024046063439813713
moderate_execution,1,2026-06-24T21:05:24.762965+00:00,0xaa2029eae1454eff4dd2950180ce1a61bf2cc891c5bac51d9e0a15f22cddbee9,BTC,NO,low,medium,medium,-0.06000000000000004,0.0050000000000000044,0.0,0.04058147042107467,0.005,False,0.75,-0.08293610281580605
moderate_execution,1,2026-06-24T21:06:00.760134+00:00,0xaa2029eae1454eff4dd2950180ce1a61bf2cc891c5bac51d9e0a15f22cddbee9,BTC,NO,low,medium,medium,-0.08500000000000006,0.010000000000000009,0.0,0.036578625171799925,0.005,False,0.75,-0.10243396887885
moderate_execution,1,2026-06-24T21:06:02.752654+00:00,0xaa2029eae1454eff4dd2950180ce1a61bf2cc891c5bac51d9e0a15f22cddbee9,BTC,NO,low,medium,medium,-0.09000000000000001,0.0050000000000000044,0.0,0.05298880563306768,0.005,False,0.75,-0.11474160422480079
moderate_execution,1,2026-06-24T21:17:38.763105+00:00,0x937f6ce7ec05a5cf598e814d8b21ca1b03831a607d67f7a737b4b455195b6347,ETH,YES,low,medium,medium,0.02999999999999999,0.0050000000000000044,0.060090161851692685,0.0,0.005,False,0.51,-0.020445982544363275
moderate_execution,1,2026-06-24T21:22:02.765156+00:00,0xc6ef5efefe52337535ef640dc5214f2cfca21f24db5da5f6461bb61b04d1757b,SOL,NO,medium,medium,medium,0.09999999999999994,0.0050000000000000044,0.0,0.0,0.005,False,0.055999999999999994,0.005039999999999995
moderate_execution,1,2026-06-24T21:22:20.752241+00:00,0xc6ef5efefe52337535ef640dc5214f2cfca21f24db5da5f6461bb61b04d1757b,SOL,NO,low,medium,medium,-0.12000000000000004,0.0050000000000000044,0.0,0.08550118088723846,0.005,False,0.43520000000000003,-0.09378611392212621
moderate_execution,1,2026-06-24T21:23:58.762346+00:00,0xc6ef5efefe52337535ef640dc5214f2cfca21f24db5da5f6461bb61b04d1757b,SOL,NO,medium,medium,medium,0.2849999999999999,0.0050000000000000044,0.08963211542324463,0.048949547766747876,0.005,False,0.05,0.006820916840500371
moderate_execution,1,2026-06-24T22:03:08.763973+00:00,0x8d3e7e3c36b3e5d1112c98d87518a00383581755190d5a55edc69c26749c1f59,ETH,NO,low,medium,medium,0.05,0.0050000000000000044,0.027342110994940085,0.01633563328990411,0.005,False,0.75,-0.002758308213633147
moderate_execution,1,2026-06-25T00:06:46.764238+00:00,0xd65cb4f9d9b3cd9e0726c6723aaedeea6270e2b27f07e8d8d75fb866fc66efda,SOL,YES,medium,high,medium,0.365,0.43000000000000005,0.0,0.3709531878348284,0.005,False,0.068,-0.029984816772768336
moderate_execution,1,2026-06-25T02:56:12.762022+00:00,0xdc50528ddd95715389bece5e22c3924ab255ac03cc50a796d14fc1536f99e645,BTC,NO,low,medium,medium,0.14000000000000004,0.0050000000000000044,0.0,0.008713043920242147,0.005,False,0.75,0.09096521705981842
moderate_execution,1,2026-06-25T03:15:10.763656+00:00,0xd64b2ce5267698719de20d05b135368962c8a4f1835384f18f0605ccaac199d5,BTC,NO,medium,medium,medium,0.31999999999999995,0.0050000000000000044,0.014932386981331116,0.008741961042261529,0.005,False,0.75,0.2147442389823055
moderate_execution,1,2026-06-25T03:15:10.763656+00:00,0xe9b43bb6aa0a0aa923a5b7ea6e70758b5f517507971004160627be84bdb0dbe3,SOL,NO,medium,medium,medium,0.32999999999999996,0.0050000000000000044,0.0,0.008736977959826395,0.005,False,0.2,0.062252604408034706
moderate_execution,2,2026-06-25T20:08:34.804565+00:00,0xee90821efc94653c995d4583794da5c87e3c033a1e0a24f1f4ee824d2357c750,BTC,NO,low,medium,medium,-0.06000000000000004,0.0050000000000000044,0.0,0.023160665866694005,0.005,False,0.75,-0.06987049940002055
moderate_execution,2,2026-06-25T22:25:40.815254+00:00,0x42561c5c6f58ab741b19c250935435977309241d54a0c21753c74a382c8bf1ec,SOL,NO,low,high,medium,0.05500000000000001,0.02999999999999997,0.0,0.16591198140186023,0.005,False,0.34,-0.04961007367663246
moderate_execution,2,2026-06-25T23:30:14.811724+00:00,0x78e6a3146dd778fc3150db6ba5f2fe3b701ff446bbaff21453236e84bee5434d,SOL,NO,medium,high,medium,0.039999999999999994,0.024999999999999967,0.0,0.17110046708924972,0.005,False,0.05,-0.008055023354462485
moderate_execution,2,2026-06-25T23:37:52.815776+00:00,0x953e34839580df1f86da756ce29e11f3a83588f2d7c5a8b5146bbe13c3ad7f35,BTC,NO,low,medium,medium,0.38,0.0050000000000000044,0.06498568511514945,0.006107409488640929,0.005,True,0.0,0.0
moderate_execution,2,2026-06-26T02:21:20.818691+00:00,0xe92b6aa7834be28be01989eb9239f7bc730eef595bb9081c81db7640532437a3,SOL,NO,low,medium,medium,0.020000000000000035,0.0050000000000000044,0.11429002127328672,0.050098083468240164,0.005,False,0.106,-0.016365139102601848
moderate_execution,2,2026-06-26T02:31:04.812637+00:00,0x0d8fce3554cb6a7e22dac3a088ee1b258895693bde0bdce58ef37a2d50eb0f3a,ETH,YES,low,medium,medium,0.035000000000000045,0.010000000000000009,0.04236039397328602,0.01618273100478833,0.005,False,0.050300000000000004,-0.0019387191863971377
moderate_execution,2,2026-06-26T02:35:42.806769+00:00,0x136e15d4a85563899e310f043e14992b3ea9f163c94c722c836f29143ac271f4,ETH,NO,low,medium,medium,0.04000000000000005,0.0050000000000000044,0.0,0.026164475134764005,0.005,False,0.05,0.000191776243261802
moderate_execution,2,2026-06-26T02:40:48.805212+00:00,0x8e4bcd7de404304d78ffd6801cda6a969cd3550ebe3dbc28e4c0b8ff9938a14a,SOL,YES,low,medium,medium,0.13999999999999999,0.0050000000000000044,0.0,0.0,0.005,True,0.0,0.0
moderate_execution,2,2026-06-26T02:51:38.817347+00:00,0xe508261496efeb201653b58e80e7f513fc39987412717485e6b55bb061579c69,ETH,NO,low,medium,medium,0.039999999999999994,0.0050000000000000044,0.029817506951012367,0.013275818904954625,0.005,False,0.22649999999999998,-0.0029656383063765258
moderate_execution,2,2026-06-26T02:51:56.806004+00:00,0xe508261496efeb201653b58e80e7f513fc39987412717485e6b55bb061579c69,ETH,NO,low,medium,medium,0.030000000000000044,0.0050000000000000044,0.0,0.018727100907988327,0.005,False,0.1158,0.0001474017148549563
moderate_execution,2,2026-06-26T02:52:32.804179+00:00,0xc3f03ff87f66c7f90f0170c31343b35b3d222c9592259bb603fe0832409a0fdf,BTC,NO,low,medium,medium,0.02999999999999999,0.0050000000000000044,0.0,0.055933160525828564,0.005,False,0.4,-0.014373264210331433
moderate_execution,2,2026-06-26T02:52:32.804179+00:00,0xe508261496efeb201653b58e80e7f513fc39987412717485e6b55bb061579c69,ETH,NO,low,medium,medium,0.06999999999999997,0.0050000000000000044,0.0,0.031124154465021814,0.005,False,0.36,0.010395304392592132
moderate_execution,2,2026-06-26T02:57:22.804967+00:00,0x26d1ef52a5ebf5babad8932669762730e15bd1a446a00e43d9be96da4efc83c4,ETH,NO,low,medium,medium,0.115,0.0050000000000000044,0.0,0.0,0.005,False,0.5,0.0525
moderate_execution,2,2026-06-26T03:00:38.803974+00:00,0x63edaf8ffd40b636dc86e7c49b6296c604d4ea5caa43b031869f3147e21dd62b,SOL,YES,low,high,medium,-0.085,0.05000000000000002,0.0,0.12989191869336358,0.005,False,0.31980000000000003,-0.08631143559813768
moderate_execution,2,2026-06-26T03:01:24.814231+00:00,0xc358642287952e08f2fbbd5a90f7574d73a87685780ca454b0efda7e9e598cd4,ETH,NO,high,medium,medium,0.20500000000000004,0.0050000000000000044,0.0,0.006634324441651176,0.005,False,0.13,0.02448753782258535
moderate_execution,2,2026-06-26T03:03:32.816621+00:00,0x63edaf8ffd40b636dc86e7c49b6296c604d4ea5caa43b031869f3147e21dd62b,SOL,YES,low,medium,medium,0.19000000000000009,0.0050000000000000044,0.0,0.01267102707870649,0.005,False,0.1,0.01673289729212936
moderate_execution,2,2026-06-26T03:05:08.804343+00:00,0x45454c0281a47979043962ffc486828eaf366f6e60c61c60460810e7425f44a1,BTC,NO,low,medium,medium,0.059999999999999956,0.0050000000000000044,0.07512564701785959,0.03131857665441299,0.005,False,0.2261,-0.01276203897230084
moderate_execution,2,2026-06-26T03:06:02.818025+00:00,0xa16a5cae23414513a2199fe036ffb3c48978064e3c53b7d9b2ae57ee97de8bff,ETH,NO,low,medium,medium,0.045,0.0050000000000000044,0.0,0.0,0.005,False,0.1,0.0034999999999999996
moderate_execution,2,2026-06-26T03:06:28.814788+00:00,0x200710e3e43d33b143ccd80d0a2e3a265017d2dc75281f8951b674131c3f26bb,SOL,NO,medium,high,medium,0.08499999999999998,0.020000000000000018,0.10713328285585055,0.036381257689821755,0.005,False,0.06,-0.005010872432740341
moderate_execution,2,2026-06-26T03:16:38.807970+00:00,0x3fa0111e36690372aa90e248420ec855bd7c896e4868c9f32998c6f075384169,ETH,YES,low,medium,medium,0.11,0.0050000000000000044,0.0,0.006561199873437847,0.005,False,0.1,0.009343880012656213
moderate_execution,2,2026-06-26T03:32:26.818047+00:00,0x0b97e37bec2a876f4ff7b37c51c8895e26ea39d6e3a2d9cb9ddbe6b457ce8860,SOL,YES,high,high,medium,0.21000000000000005,0.024999999999999994,0.09429375976736606,0.051631463958436735,0.005,False,0.05,0.001703738813709863
moderate_execution,2,2026-06-26T03:55:08.803525+00:00,0x4899182aad7398c555f2a57cd6737598b159c5e6aa63bb73b798e6026f8b0094,SOL,NO,medium,low,medium,0.07999999999999997,0.004999999999999977,0.11786848860743782,0.056766136963805565,0.005,True,0.0,-0.0
moderate_execution,2,2026-06-26T03:55:16.816237+00:00,0x4899182aad7398c555f2a57cd6737598b159c5e6aa63bb73b798e6026f8b0094,SOL,NO,low,low,medium,-0.08000000000000006,0.004999999999999977,0.0,0.03357867037171088,0.005,False,0.11359999999999999,-0.014038536954226358
moderate_execution,2,2026-06-26T03:57:48.804438+00:00,0x4899182aad7398c555f2a57cd6737598b159c5e6aa63bb73b798e6026f8b0094,SOL,NO,medium,high,medium,-0.055000000000000035,0.03,0.1232745108927387,0.06366313167549245,0.005,False,0.055999999999999994,-0.015508507983820944
moderate_execution,2,2026-06-26T03:57:58.809960+00:00,0x4899182aad7398c555f2a57cd6737598b159c5e6aa63bb73b798e6026f8b0094,SOL,NO,low,high,medium,0.035000000000000045,0.020000000000000018,0.012454507852108321,0.003314004693906862,0.005,False,0.25,-0.0014421281365037892
moderate_execution,2,2026-06-26T03:58:02.810248+00:00,0x4899182aad7398c555f2a57cd6737598b159c5e6aa63bb73b798e6026f8b0094,SOL,NO,medium,medium,medium,0.08999999999999998,0.0050000000000000044,0.0,0.019424960055526058,0.005,False,0.05,0.003028751997223696
moderate_execution,2,2026-06-26T03:58:28.812680+00:00,0x4899182aad7398c555f2a57cd6737598b159c5e6aa63bb73b798e6026f8b0094,SOL,NO,medium,medium,medium,0.059999999999999956,0.0050000000000000044,0.0,0.0,0.005,False,0.06,0.002999999999999997
moderate_execution,2,2026-06-26T04:00:06.817578+00:00,0xa931c0e10d5530f989373caa003629057063609e4005786b743bae537c217c34,SOL,NO,low,medium,medium,0.05499999999999995,0.010000000000000009,0.037310782443772256,0.010055319163784613,0.005,False,0.07,-0.0005156271125289849
moderate_execution,2,2026-06-26T04:00:20.812413+00:00,0x63cab951a7245a6f73b6e5e26a09e371e2feeeecc1e604537033a6353bf3944e,BTC,NO,medium,medium,medium,0.06500000000000002,0.0050000000000000044,0.10953889584872856,0.03241433840679165,0.005,True,0.0,-0.0
moderate_execution,2,2026-06-26T04:00:22.803330+00:00,0x63cab951a7245a6f73b6e5e26a09e371e2feeeecc1e604537033a6353bf3944e,BTC,NO,medium,medium,medium,0.14499999999999993,0.009999999999999981,0.10327104243442725,0.056853964781053166,0.005,False,0.0666,-0.0020063254805509994
moderate_execution,2,2026-06-26T06:53:30.812574+00:00,0x4ff498fe655344b90bf7a5b904a79a24821ad4553fd49596772479324346a029,SOL,NO,medium,high,medium,0.024999999999999984,0.03999999999999998,0.0,0.36776568895649164,0.005,False,0.05,-0.019388284447824585
moderate_execution,2,2026-06-26T06:53:32.804327+00:00,0x4ff498fe655344b90bf7a5b904a79a24821ad4553fd49596772479324346a029,SOL,NO,medium,medium,medium,-0.06999999999999999,0.0050000000000000044,0.3356116950163403,0.031272631445766565,0.005,False,0.5622,-0.25123836833699653
moderate_execution,2,2026-06-26T07:05:48.811781+00:00,0x43005d0675491621f54ab6875a6c632e3ee1d0ec2022689ceef619343b23aa90,SOL,NO,low,medium,medium,0.029999999999999933,0.0050000000000000044,0.027446054203778728,0.006983665467498631,0.005,True,0.0,-0.0
moderate_execution,2,2026-06-26T07:06:38.804569+00:00,0x43005d0675491621f54ab6875a6c632e3ee1d0ec2022689ceef619343b23aa90,SOL,NO,low,medium,medium,-0.11000000000000003,0.0050000000000000044,0.0,0.06237670514165794,0.005,False,0.263,-0.047965073452256056
moderate_execution,2,2026-06-26T07:06:40.809802+00:00,0x43005d0675491621f54ab6875a6c632e3ee1d0ec2022689ceef619343b23aa90,SOL,NO,low,medium,medium,-0.059999999999999984,0.0050000000000000044,0.0,0.06271894089115826,0.005,False,0.11,-0.01459908349802741
moderate_execution,2,2026-06-26T07:08:32.818104+00:00,0x43005d0675491621f54ab6875a6c632e3ee1d0ec2022689ceef619343b23aa90,SOL,NO,low,medium,medium,-0.07000000000000005,0.0050000000000000044,0.05477656107445668,0.02086944566898535,0.005,False,0.055999999999999994,-0.008716176377632756
moderate_execution,2,2026-06-26T07:40:34.806231+00:00,0xd26cee061a5b0d0f82fcb2457d5de1bb3334659b47dff621b8d511e56e10a868,BTC,NO,low,medium,medium,0.020000000000000035,0.0050000000000000044,0.0,0.04586077221535141,0.005,True,0.0,-0.0
moderate_execution,2,2026-06-26T07:40:34.806231+00:00,0xc84d4d834953770775dc2fef52283e2d3ae621102db7672f438730406001fa49,ETH,NO,low,medium,medium,0.11,0.010000000000000009,0.0,0.03855671455478411,0.005,False,0.15,0.008466492816782382
moderate_execution,2,2026-06-26T07:40:36.812020+00:00,0xd26cee061a5b0d0f82fcb2457d5de1bb3334659b47dff621b8d511e56e10a868,BTC,NO,low,medium,medium,0.019999999999999924,0.0050000000000000044,0.09231351154580553,0.02812878124269301,0.005,False,0.75,-0.08283171959137398
moderate_execution,2,2026-06-26T07:45:32.818637+00:00,0x7f26a6a9237c0ddf229911a7c90349ed1f8b495468cbf2c8182a92f7cfc7a0e8,ETH,YES,low,medium,medium,0.06000000000000001,0.0050000000000000044,0.0,0.0,0.005,False,0.6339,0.03169500000000001
moderate_execution,2,2026-06-26T07:45:38.808508+00:00,0x7f26a6a9237c0ddf229911a7c90349ed1f8b495468cbf2c8182a92f7cfc7a0e8,ETH,YES,low,medium,medium,0.039999999999999994,0.0050000000000000044,0.0,0.07083026440713369,0.005,False,0.5065999999999999,-0.02068461194865393
moderate_execution,2,2026-06-26T08:00:30.814345+00:00,0xe6a382ea25b9a95e964f4832e995c5e02cc31115908a9ef32975a67d8f3ede20,SOL,NO,low,medium,medium,0.10499999999999994,0.0050000000000000044,0.0,0.0,0.005,False,0.34119999999999995,0.03241399999999997
moderate_execution,3,2026-07-01T21:38:34.364551+00:00,0xccddd1603d20c4477f2ac4e9f226747d540c9f0fe9ebc85b76cbdd992afa90a5,SOL,YES,low,medium,low,0.18999999999999997,0.0050000000000000044,0.0,0.0,0.005,False,0.05,0.009
moderate_execution,3,2026-07-01T21:40:16.374459+00:00,0x1e62581fd9a1f2400a72b0ace91b1149d1dd03a3202a315563efea9499e0e23b,BTC,YES,low,medium,low,0.05000000000000006,0.0050000000000000044,0.0,0.004735415551305274,0.005,False,0.0287,0.0010120935736775403
moderate_execution,3,2026-07-01T21:40:22.365273+00:00,0x4c09abece310efe0c502e2b081a875d0020f5b30af3c45f19145efd6b791df0b,ETH,YES,medium,medium,low,0.06500000000000002,0.0050000000000000044,0.015060417247856646,0.004692303988854462,0.005,False,0.26,0.009164292478455115
moderate_execution,3,2026-07-01T21:40:22.365273+00:00,0x2729a97dbed765fa7f38618dc0399548892a2600fac0138be2d913602762d5e7,SOL,YES,low,medium,low,0.039999999999999994,0.0050000000000000044,0.0,0.0,0.005,False,0.042,0.0012599999999999996
moderate_execution,3,2026-07-01T21:40:24.371334+00:00,0x2729a97dbed765fa7f38618dc0399548892a2600fac0138be2d913602762d5e7,SOL,YES,low,medium,low,0.08999999999999998,0.0050000000000000044,0.08963771259744661,0.029570396912157706,0.005,False,0.2545,-0.009978463870194305
moderate_execution,3,2026-07-01T21:41:12.371170+00:00,0x2729a97dbed765fa7f38618dc0399548892a2600fac0138be2d913602762d5e7,SOL,YES,low,medium,low,0.04000000000000005,0.0050000000000000044,0.0,0.009844339194549087,0.005,False,0.75,0.015116745604088218
moderate_execution,3,2026-07-01T21:41:40.369327+00:00,0x2729a97dbed765fa7f38618dc0399548892a2600fac0138be2d913602762d5e7,SOL,YES,low,medium,low,-0.059999999999999984,0.0050000000000000044,0.009891376354623598,0.00955535840737257,0.005,False,0.75,-0.06708505107149712
moderate_execution,3,2026-07-01T21:41:46.372488+00:00,0x2729a97dbed765fa7f38618dc0399548892a2600fac0138be2d913602762d5e7,SOL,YES,low,medium,low,0.039999999999999994,0.0050000000000000044,0.0,0.019130738821696507,0.005,True,0.0,0.0
moderate_execution,3,2026-07-01T21:42:04.370096+00:00,0x2729a97dbed765fa7f38618dc0399548892a2600fac0138be2d913602762d5e7,SOL,YES,low,low,low,-0.07500000000000005,0.004999999999999977,0.0,0.06718663446543988,0.005,False,0.2868,-0.04364712676468816
moderate_execution,3,2026-07-01T21:43:34.364596+00:00,0x4c09abece310efe0c502e2b081a875d0020f5b30af3c45f19145efd6b791df0b,ETH,YES,low,medium,low,0.010000000000000026,0.0050000000000000044,0.0,0.0,0.005,False,0.244,5.290906601729261e-18
moderate_execution,3,2026-07-01T21:43:36.369953+00:00,0x4c09abece310efe0c502e2b081a875d0020f5b30af3c45f19145efd6b791df0b,ETH,YES,low,medium,low,0.01999999999999998,0.0050000000000000044,0.044839826353069163,0.014884778620465097,0.005,False,0.4832,-0.024026929123211766
moderate_execution,3,2026-07-01T21:43:40.367946+00:00,0x4c09abece310efe0c502e2b081a875d0020f5b30af3c45f19145efd6b791df0b,ETH,YES,low,medium,low,0.039999999999999994,0.0050000000000000044,0.060310539225813475,0.018892441501520363,0.005,False,0.252,-0.012399151143288129
moderate_execution,3,2026-07-01T21:52:36.373289+00:00,0x0dcd227003d8b96eb66b8db71c3ef9f315a3aae8716e4d49d11b359a8b6c27fa,ETH,YES,low,low,low,0.3499999999999999,0.004999999999999977,0.05978003869597891,0.019758376638853423,0.005,True,0.0,0.0
moderate_execution,3,2026-07-01T22:25:06.371629+00:00,0x3eadf4ee01511b615676265099963fabcf242d0d9e7b7e4b982686e0262ce98b,ETH,YES,low,medium,medium,0.020000000000000035,0.0050000000000000044,0.0,0.0,0.005,False,0.2939,0.002939000000000009
moderate_execution,3,2026-07-01T22:25:44.366323+00:00,0x2b139d670d2706c6264dad011bc4e96df04633695a4fc75b669830f39f6693ce,BTC,NO,low,medium,medium,0.020000000000000035,0.0050000000000000044,0.0,0.002816349645133338,0.005,False,0.5793,0.004161488650574275
moderate_execution,3,2026-07-01T22:25:46.373589+00:00,0x2b139d670d2706c6264dad011bc4e96df04633695a4fc75b669830f39f6693ce,BTC,NO,low,medium,low,0.020000000000000035,0.0050000000000000044,0.0572266071115414,0.018867344935848053,0.005,False,0.3982,-0.02631861170527047
moderate_execution,3,2026-07-01T22:25:48.363737+00:00,0x2b139d670d2706c6264dad011bc4e96df04633695a4fc75b669830f39f6693ce,BTC,NO,low,low,low,0.03999999999999994,0.004999999999999977,0.040370268637060724,0.020046117173195176,0.005,False,0.75,-0.022812289357691955
moderate_execution,3,2026-07-01T22:25:50.368975+00:00,0x2b139d670d2706c6264dad011bc4e96df04633695a4fc75b669830f39f6693ce,BTC,NO,medium,low,medium,-0.05999999999999993,0.004999999999999977,0.06964023973745181,0.030115751845915546,0.005,False,0.4511,-0.07657692780325698
moderate_execution,3,2026-07-01T22:25:56.371175+00:00,0x2b139d670d2706c6264dad011bc4e96df04633695a4fc75b669830f39f6693ce,BTC,NO,medium,medium,medium,0.019999999999999924,0.0050000000000000044,0.0,0.005010623891785941,0.005,False,0.75,0.003742032081160484
moderate_execution,3,2026-07-01T22:25:58.364472+00:00,0x071de439b9cfba5f3b67356a7c3b0685206f6f943a789b6467311d34691aa135,SOL,NO,low,medium,low,0.010000000000000026,0.0050000000000000044,0.07533655973808083,0.023898495808702888,0.005,False,0.3912,-0.038820753729901784
moderate_execution,3,2026-07-01T22:26:00.369709+00:00,0x2b139d670d2706c6264dad011bc4e96df04633695a4fc75b669830f39f6693ce,BTC,NO,medium,low,medium,0.02500000000000004,0.004999999999999977,0.0,0.005070994101944064,0.005,False,0.5161,0.005124359943986701
moderate_execution,3,2026-07-01T22:31:02.362104+00:00,0x5330f3288d309b2bb246086f6cf4d139e782acd5b44784839259604ae5e9f369,BTC,NO,low,low,low,0.05500000000000001,0.004999999999999949,0.012589367114592596,0.005006176390064531,0.005,False,0.75,0.0205533423715072
moderate_execution,3,2026-07-01T22:31:16.364882+00:00,0x5330f3288d309b2bb246086f6cf4d139e782acd5b44784839259604ae5e9f369,BTC,NO,low,medium,low,0.03499999999999999,0.010000000000000009,0.027649480494175486,0.011709214505298274,0.005,False,0.044500000000000005,-0.0008614619274765834
moderate_execution,3,2026-07-01T22:31:16.364882+00:00,0x8145a3bfddc61cdf01d45026aed596f0878c260884e8315caa000f5e42143a61,ETH,NO,low,medium,low,0.039999999999999994,0.014999999999999958,0.010119190319379452,0.009257042271179428,0.005,False,0.24,0.0001497041782658775
moderate_execution,3,2026-07-01T22:31:18.370517+00:00,0x5330f3288d309b2bb246086f6cf4d139e782acd5b44784839259604ae5e9f369,BTC,NO,low,medium,medium,0.010000000000000026,0.0050000000000000044,0.06968896357393999,0.02810168226023182,0.005,False,0.322,-0.03148858795860332
moderate_execution,3,2026-07-01T22:31:20.361313+00:00,0x8145a3bfddc61cdf01d45026aed596f0878c260884e8315caa000f5e42143a61,ETH,NO,low,medium,low,-0.05000000000000003,0.0050000000000000044,0.05035228257071363,0.02003533260062811,0.005,False,0.6498,-0.0847258723383379
moderate_execution,3,2026-07-01T22:31:22.369278+00:00,0x8145a3bfddc61cdf01d45026aed596f0878c260884e8315caa000f5e42143a61,ETH,NO,low,medium,low,-0.08999999999999996,0.0050000000000000044,0.0,0.01323188900204935,0.005,False,0.75,-0.08492391675153699
moderate_execution,3,2026-07-01T22:31:34.363478+00:00,0x5330f3288d309b2bb246086f6cf4d139e782acd5b44784839259604ae5e9f369,BTC,NO,low,medium,low,0.030000000000000044,0.0050000000000000044,0.0,0.004558722829808468,0.005,False,0.75,0.011580957877643676
moderate_execution,3,2026-07-01T22:32:00.371088+00:00,0x26690f30c8250f214c3c585bafacecfe21ca18c719caac4709c063c6d47267b4,SOL,NO,low,medium,medium,0.045,0.010000000000000009,0.0,0.023322525800677597,0.005,False,0.494,0.0032986722544652617
moderate_execution,3,2026-07-01T22:32:02.361988+00:00,0x26690f30c8250f214c3c585bafacecfe21ca18c719caac4709c063c6d47267b4,SOL,NO,low,medium,medium,0.020000000000000035,0.0050000000000000044,0.11062018453184187,0.032909543422572685,0.005,False,0.2198,-0.029349834204380313
moderate_execution,3,2026-07-01T22:32:06.360504+00:00,0x26690f30c8250f214c3c585bafacecfe21ca18c719caac4709c063c6d47267b4,SOL,NO,low,high,medium,-0.05000000000000003,0.015000000000000013,0.050327447750196985,0.0177624940659937,0.005,False,0.07,-0.009666295927133351
moderate_execution,3,2026-07-01T22:32:10.374054+00:00,0x26690f30c8250f214c3c585bafacecfe21ca18c719caac4709c063c6d47267b4,SOL,NO,low,medium,low,-0.13999999999999999,0.0050000000000000044,0.0,0.023052236263210745,0.005,False,0.7,-0.1211365653842475
moderate_execution,3,2026-07-01T22:32:18.369405+00:00,0x8145a3bfddc61cdf01d45026aed596f0878c260884e8315caa000f5e42143a61,ETH,NO,low,medium,medium,0.059999999999999956,0.0050000000000000044,0.07997413183927884,0.005009498428147263,0.005,False,0.2034,-0.007115670396394479
moderate_execution,3,2026-07-01T22:32:22.368939+00:00,0x5330f3288d309b2bb246086f6cf4d139e782acd5b44784839259604ae5e9f369,BTC,NO,low,medium,medium,0.010000000000000026,0.0050000000000000044,0.03507478105977715,0.0050900583580568625,0.005,True,0.0,-0.0
moderate_execution,3,2026-07-01T22:32:28.372665+00:00,0x8145a3bfddc61cdf01d45026aed596f0878c260884e8315caa000f5e42143a61,ETH,NO,low,medium,low,-0.09500000000000001,0.0050000000000000044,0.0,0.019598945442967263,0.005,False,0.75,-0.09344920908222547
moderate_execution,3,2026-07-01T22:32:54.365688+00:00,0x8145a3bfddc61cdf01d45026aed596f0878c260884e8315caa000f5e42143a61,ETH,NO,low,medium,low,0.05,0.0050000000000000044,0.0,0.015038974818589766,0.005,False,0.27440000000000003,0.006849305309778968
moderate_execution,3,2026-07-01T22:33:02.361345+00:00,0x5330f3288d309b2bb246086f6cf4d139e782acd5b44784839259604ae5e9f369,BTC,NO,medium,medium,medium,0.13000000000000003,0.0050000000000000044,0.005008310641103402,0.0,0.005,False,0.75,0.08624376701917247
moderate_execution,3,2026-07-01T22:33:02.361345+00:00,0x8145a3bfddc61cdf01d45026aed596f0878c260884e8315caa000f5e42143a61,ETH,NO,low,medium,low,0.09999999999999999,0.0050000000000000044,0.0,0.014802179949030379,0.005,True,0.0,0.0
moderate_execution,3,2026-07-01T22:33:02.361345+00:00,0x26690f30c8250f214c3c585bafacecfe21ca18c719caac4709c063c6d47267b4,SOL,NO,low,medium,low,0.07500000000000002,0.010000000000000009,0.0,0.017576906576268342,0.005,False,0.368,0.015611698379933257
moderate_execution,3,2026-07-01T22:33:04.368866+00:00,0x26690f30c8250f214c3c585bafacecfe21ca18c719caac4709c063c6d47267b4,SOL,NO,low,medium,low,0.05,0.0050000000000000044,0.1593056414823209,0.04502375566681493,0.005,False,0.2912,-0.047852720449828356
moderate_execution,3,2026-07-01T22:33:20.375116+00:00,0x5330f3288d309b2bb246086f6cf4d139e782acd5b44784839259604ae5e9f369,BTC,NO,low,medium,low,0.03999999999999994,0.0050000000000000044,0.0,0.04979572307976153,0.005,False,0.1,-0.00197957230797616
moderate_execution,3,2026-07-01T22:33:22.368132+00:00,0x26690f30c8250f214c3c585bafacecfe21ca18c719caac4709c063c6d47267b4,SOL,NO,medium,medium,low,0.22000000000000006,0.0050000000000000044,0.04003178341819079,0.0,0.005,False,0.05,0.008498410829090464
moderate_execution,3,2026-07-01T22:33:58.367410+00:00,0x26690f30c8250f214c3c585bafacecfe21ca18c719caac4709c063c6d47267b4,SOL,NO,low,medium,low,-0.12999999999999998,0.0050000000000000044,0.0,0.041344775204407526,0.005,False,0.45030000000000003,-0.0816595522745447
moderate_execution,3,2026-07-01T22:36:04.365503+00:00,0x06bf7937a18769d86039ea4ed35e5e8edd2a5c73d2ee04faffe90363450f8e3c,SOL,YES,low,medium,low,0.12499999999999996,0.0050000000000000044,0.0,0.004787945885383509,0.005,True,0.0,0.0
moderate_execution,3,2026-07-01T23:41:58.370401+00:00,0x8d22580ded9a1c9bb43a9581787566efeccc0dff2ba6843eef73d5789b5ad805,SOL,NO,low,low,medium,0.29,0.004999999999999949,0.0,0.00502219938550069,0.005,False,0.45,0.1237400102765247
moderate_execution,3,2026-07-02T00:15:04.370549+00:00,0xa961035fe332ff6a397489f4b23cb720ae57b84d866a526858b47a7300270c12,SOL,YES,low,medium,medium,0.06999999999999997,0.0050000000000000044,0.0,0.007684620716820789,0.005,False,0.25,0.013078844820794794
moderate_execution,3,2026-07-02T00:36:00.373439+00:00,0x0b7afa9b0852f4da0eb237bf817bcb7f8aef5e68dd95d52baba20abc06c16376,SOL,YES,low,medium,medium,0.010000000000000026,0.0050000000000000044,0.0,0.0052279007280639925,0.005,False,0.75,-0.003920925546047978
moderate_execution,3,2026-07-02T02:22:40.364603+00:00,0x8388cdf918fa7cb09ae4a5325b4c5f307e17be11af5350e73ae08cf56bb4fece,ETH,NO,low,medium,medium,0.059999999999999956,0.0050000000000000044,0.0,0.04068585543559998,0.005,False,0.33,0.0030736677062519905
moderate_execution,3,2026-07-02T02:30:34.366427+00:00,0xb3e27db391946f1a5ab1d3c3b4a5b8c59d663d3684d960d98f37b7def0df3075,ETH,NO,low,low,medium,0.039999999999999994,0.004999999999999949,0.0,0.04599564094948938,0.005,False,0.35,-0.005598474332321268
moderate_execution,3,2026-07-02T02:30:38.363447+00:00,0xb3e27db391946f1a5ab1d3c3b4a5b8c59d663d3684d960d98f37b7def0df3075,ETH,NO,low,medium,medium,0.030000000000000044,0.0050000000000000044,0.07045684590843539,0.026980154875058164,0.005,False,0.4089,-0.0316639896203705
moderate_execution,3,2026-07-02T03:06:42.363431+00:00,0xd97c09881b1dc40d77cafc681e2b0b8577f654e19c6a1a83914d678d7f9bdf2c,SOL,YES,low,medium,medium,0.059999999999999956,0.0050000000000000044,0.0,0.08690015255733209,0.005,False,0.7118000000000001,-0.02626552859030902
moderate_execution,3,2026-07-02T03:38:34.375507+00:00,0xd69c5b7ce1b66fe7745e070b544d04de2517e4b2093ff8309c5573bb8b38ce57,SOL,YES,low,medium,medium,0.13999999999999999,0.0050000000000000044,0.054717287639259544,0.02652986519910464,0.005,False,0.34119999999999995,0.016634471451550135
moderate_execution,3,2026-07-02T03:50:04.372378+00:00,0xcd593facad3a6092d5974b7ee969c8f3ff778c58031a7baac893ebf627d14b9d,ETH,YES,high,medium,medium,0.24000000000000002,0.0050000000000000044,0.0,0.0,0.005,False,0.5535,0.127305
moderate_execution,3,2026-07-02T03:58:18.368322+00:00,0x947e5ddb9a353ecb65bc2faa7bce21ded36808053545239573a7c43756401557,SOL,NO,low,medium,medium,0.059999999999999956,0.0050000000000000044,0.059706287406136094,0.027710568573911343,0.005,False,0.75,-0.028062641985035608
moderate_execution,3,2026-07-02T04:22:28.365589+00:00,0x8552d47c45da4f6202022c51d4d7ff51b0064f2cd42e482f6fc524d37f7ed891,SOL,NO,low,medium,medium,0.08999999999999998,0.0050000000000000044,0.0,0.01086734455769393,0.005,False,0.05,0.003456632772115302
moderate_execution,3,2026-07-02T06:11:32.366824+00:00,0xbd4e2fd8dfbdf679456a5c936fa4db4595434055fa7990b727e863efdb73d6fe,SOL,YES,low,medium,medium,0.09999999999999999,0.010000000000000009,0.0,0.07204224140724914,0.005,False,0.05,0.000647887929637542
moderate_execution,3,2026-07-02T07:55:46.373480+00:00,0x80bb349ee2b85081e290db4561ebb007ca2a8b5721eec05ce98488d10dbdc84f,ETH,NO,low,medium,medium,-0.07000000000000005,0.0050000000000000044,0.0,0.028303762919663234,0.005,False,0.053099999999999994,-0.00575092981103412
moderate_execution,3,2026-07-02T07:57:42.360831+00:00,0xf9f5ce604030e965827e405652c34595fca9803264f266f106ead15d7fbb64ac,BTC,YES,low,medium,medium,-0.17,0.010000000000000009,0.0,0.11416837025230646,0.005,False,0.75,-0.22437627768922985
moderate_execution,3,2026-07-02T07:57:44.366499+00:00,0xf9f5ce604030e965827e405652c34595fca9803264f266f106ead15d7fbb64ac,BTC,YES,low,high,medium,0.08499999999999998,0.020000000000000004,0.0,0.0852022493254118,0.005,True,0.0,-0.0
moderate_execution,3,2026-07-02T08:08:54.370330+00:00,0x217a508e23290f5918a6837d836f77a3f88255f2e4fe43a9a2cce242409a7db6,ETH,YES,low,medium,high,-0.02,0.0050000000000000044,0.0,0.0,0.005,False,0.64,-0.019200000000000005
moderate_execution,3,2026-07-02T08:31:14.363819+00:00,0x5d2ccbd18015d1eb9a97902f684b591555d9a4ff0610ff201c2f1f8538a929b1,SOL,YES,low,medium,medium,0.01999999999999998,0.0050000000000000044,0.15089841540279775,0.060013555552653725,0.005,False,0.17920000000000003,-0.03600342519521691
moderate_execution,3,2026-07-02T08:31:18.364598+00:00,0x5d2ccbd18015d1eb9a97902f684b591555d9a4ff0610ff201c2f1f8538a929b1,SOL,YES,low,medium,medium,0.09500000000000004,0.0050000000000000044,0.020180958682436946,0.012096304461915872,0.005,False,0.3592,0.018938007078548483
moderate_execution,3,2026-07-02T09:00:24.371490+00:00,0x96ddd482cd2ee1a173dbde4538ed2007620845c0e462dbfcc969d36209beb1ce,SOL,NO,low,medium,medium,-0.059999999999999984,0.0050000000000000044,0.0,0.041973652815116905,0.005,True,0.0,-0.0
moderate_execution,3,2026-07-02T09:00:34.362867+00:00,0x96ddd482cd2ee1a173dbde4538ed2007620845c0e462dbfcc969d36209beb1ce,SOL,NO,low,medium,medium,0.09999999999999994,0.0050000000000000044,0.0,0.020410041436949133,0.005,False,0.05,0.00347949792815254
moderate_execution,3,2026-07-02T09:00:48.368690+00:00,0x96ddd482cd2ee1a173dbde4538ed2007620845c0e462dbfcc969d36209beb1ce,SOL,NO,low,high,medium,0.04499999999999994,0.020000000000000018,0.0,0.0358577880803414,0.005,False,0.05,-0.0007928894040170739
moderate_execution,3,2026-07-02T09:00:52.369633+00:00,0x96ddd482cd2ee1a173dbde4538ed2007620845c0e462dbfcc969d36209beb1ce,SOL,NO,low,medium,medium,0.04999999999999995,0.0050000000000000044,0.0,0.04773891162716117,0.005,False,0.75,-0.005804183720370922
moderate_execution,3,2026-07-02T09:01:04.370531+00:00,0x96ddd482cd2ee1a173dbde4538ed2007620845c0e462dbfcc969d36209beb1ce,SOL,NO,low,medium,medium,0.010000000000000026,0.0050000000000000044,0.0,0.05108266296727142,0.005,False,0.05,-0.00255413314836357
moderate_execution,3,2026-07-02T09:01:06.361857+00:00,0x96ddd482cd2ee1a173dbde4538ed2007620845c0e462dbfcc969d36209beb1ce,SOL,NO,low,medium,medium,0.010000000000000026,0.0050000000000000044,0.09025569737942363,0.017956806168352157,0.005,False,0.5999,-0.06491668087831068
moderate_execution,3,2026-07-02T09:10:36.374495+00:00,0xbe2fec169e982831aa0a3f5a98442f7e0793c4af803bb920266ae6a7d43b3101,SOL,YES,low,medium,medium,-0.06999999999999999,0.0050000000000000044,0.0,0.06316544698573705,0.005,False,0.41859999999999997,-0.059929056108229524
moderate_execution,3,2026-07-02T09:11:08.370966+00:00,0xbe2fec169e982831aa0a3f5a98442f7e0793c4af803bb920266ae6a7d43b3101,SOL,YES,low,medium,medium,0.010000000000000026,0.0050000000000000044,0.0,0.005912246252075677,0.005,False,0.05,-0.00029561231260378276
moderate_execution,3,2026-07-02T09:26:52.371394+00:00,0xe41189d0cceabac9697f126f3ff12806192b7fb894edecb0106a0cc6738db731,ETH,YES,low,medium,medium,0.30999999999999994,0.0050000000000000044,0.2393050292076379,0.04861582496176032,0.005,False,0.05,0.0006039572915300855
moderate_execution,3,2026-07-02T09:35:10.366702+00:00,0x22928e0772859e6323b5722fc85857ebc2843ce5f3002b574d2bfdaa76aefda9,SOL,YES,low,medium,medium,0.02999999999999999,0.0050000000000000044,0.030158989383541186,0.01738625309166361,0.005,False,0.05,-0.0013772621237602407
moderate_execution,3,2026-07-02T09:55:44.372085+00:00,0x76314474e6d37d9996d64a209cef82a7d8ccbce36c7c87add2f24e7497a7816c,BTC,NO,low,high,medium,0.09999999999999999,0.035,0.059702016585434885,0.0270706121136911,0.005,False,0.75,-0.020079471524344496
moderate_execution,3,2026-07-02T09:55:54.363634+00:00,0x1f1dd57c6e8f84731f3eca11a122596fc016822900b9a36563483ec6f84c36d4,SOL,NO,low,medium,medium,-0.08,0.0050000000000000044,0.06017068973626695,0.01204501173048803,0.005,False,0.0304,-0.004931357324589352
moderate_execution,3,2026-07-02T09:56:18.361978+00:00,0x1f1dd57c6e8f84731f3eca11a122596fc016822900b9a36563483ec6f84c36d4,SOL,NO,low,medium,medium,0.035000000000000045,0.010000000000000009,0.0,0.027493996895110267,0.005,False,0.743,-0.005568039693066902
moderate_execution,3,2026-07-02T09:56:24.369489+00:00,0x1f1dd57c6e8f84731f3eca11a122596fc016822900b9a36563483ec6f84c36d4,SOL,NO,low,medium,medium,0.059999999999999956,0.0050000000000000044,0.009993690495997447,0.0,0.005,False,0.75,0.03000473212800188
moderate_execution,3,2026-07-02T09:56:42.365883+00:00,0x76314474e6d37d9996d64a209cef82a7d8ccbce36c7c87add2f24e7497a7816c,BTC,NO,low,medium,medium,0.03999999999999994,0.0050000000000000044,0.0,0.012169356433308184,0.005,False,0.39840000000000003,0.0071037283969699935
moderate_execution,3,2026-07-02T09:56:46.366917+00:00,0x76314474e6d37d9996d64a209cef82a7d8ccbce36c7c87add2f24e7497a7816c,BTC,NO,low,medium,medium,0.010000000000000026,0.0050000000000000044,0.050233202168900155,0.023796788574735134,0.005,False,0.75,-0.055522493057726455
moderate_execution,3,2026-07-02T09:58:16.363073+00:00,0x1f1dd57c6e8f84731f3eca11a122596fc016822900b9a36563483ec6f84c36d4,SOL,NO,low,medium,medium,0.03999999999999994,0.0050000000000000044,0.2358363243335072,0.09408636847843797,0.005,False,0.24850000000000003,-0.07453078916376842
moderate_execution,3,2026-07-02T10:28:54.362470+00:00,0x5b8a5202ab816574a4572fb9d28ff7ada354d9668318b56a3644f04c39738f84,SOL,NO,low,medium,medium,0.04000000000000005,0.0050000000000000044,0.04531711058308344,0.024438102427477775,0.005,False,0.17920000000000003,-0.007124134171492562
moderate_execution,3,2026-07-02T10:28:56.368829+00:00,0x5b8a5202ab816574a4572fb9d28ff7ada354d9668318b56a3644f04c39738f84,SOL,NO,low,medium,medium,0.01999999999999998,0.0050000000000000044,0.06960686900083225,0.036765538968848585,0.005,False,0.4412,-0.0425195063962232
moderate_execution,3,2026-07-02T10:33:10.363766+00:00,0x6700add2442ac52e76696ea3dd458416e2e1d5ab9e770499a85347b7e866d616,SOL,YES,low,medium,medium,0.25,0.0050000000000000044,0.0,0.017721666965066173,0.005,False,0.1,0.022227833303493386
moderate_execution,3,2026-07-02T10:37:00.364893+00:00,0x465c10bb8102a8ec311965c7f7b77727b332f80e8cd87847b212b6350accd796,SOL,YES,medium,medium,medium,0.06500000000000002,0.0050000000000000044,0.0,0.012227360561790317,0.005,False,0.05,0.002138631971910485
moderate_execution,3,2026-07-02T10:40:18.374682+00:00,0xb6fcc6f9d2dd9571635233fc09a863999351b0fdcf8df2b3a54b65954c4156d0,SOL,NO,medium,medium,medium,0.06999999999999997,0.0050000000000000044,0.08469761032792605,0.024447440158779487,0.005,False,0.22,-0.010811911107075228
moderate_execution,3,2026-07-02T10:55:06.372034+00:00,0x88416fcd563a9ffe6e611423ab3340c17488dc22b7d96f92571269bffc042195,SOL,NO,low,medium,medium,0.01499999999999992,0.0050000000000000044,0.10703682120387445,0.03066440452342294,0.005,False,0.05,-0.006635061286364874
moderate_execution,3,2026-07-02T11:00:12.369501+00:00,0x7a3fd80678cd42bf2a8b58076455dbb4318bf9108db524760e8b4127b426fa76,SOL,NO,low,medium,medium,0.03999999999999994,0.0050000000000000044,0.0,0.02457837124137418,0.005,False,0.75,0.004066221568969316
moderate_execution,3,2026-07-02T11:10:20.365901+00:00,0xae1161ad8055f5b09cd7c8038ea97feb7f79f231202f647ce33f68cdce265897,SOL,YES,high,high,medium,0.215,0.01999999999999999,0.02262093622201386,0.009246717333223534,0.005,False,0.109,0.01723642576247912
moderate_execution,3,2026-07-02T12:10:22.361984+00:00,0x8362eee619c3c068724b9acc69306f29dd57c5fb122ca23de731c60f166d74d8,SOL,NO,low,medium,medium,0.010000000000000026,0.0050000000000000044,0.04505159912400239,0.03086070218013548,0.005,False,0.6512,-0.04943409060925457
moderate_execution,3,2026-07-02T12:10:26.361078+00:00,0x8362eee619c3c068724b9acc69306f29dd57c5fb122ca23de731c60f166d74d8,SOL,NO,low,medium,medium,-0.059999999999999984,0.0050000000000000044,0.0,0.018766957132048886,0.005,False,0.27399999999999997,-0.02432214625418139
moderate_execution,3,2026-07-02T12:11:18.362800+00:00,0x8362eee619c3c068724b9acc69306f29dd57c5fb122ca23de731c60f166d74d8,SOL,NO,low,medium,medium,0.05,0.0050000000000000044,0.03265553226102498,0.011810492001764957,0.005,False,0.05,-0.00022330121313949696
moderate_execution,3,2026-07-02T12:12:22.363070+00:00,0x8362eee619c3c068724b9acc69306f29dd57c5fb122ca23de731c60f166d74d8,SOL,NO,low,medium,medium,0.030000000000000044,0.0050000000000000044,0.0,0.06253642004840292,0.005,False,0.75,-0.031902315036302156
moderate_execution,3,2026-07-02T12:13:38.365899+00:00,0x8362eee619c3c068724b9acc69306f29dd57c5fb122ca23de731c60f166d74d8,SOL,NO,medium,high,medium,0.23500000000000001,0.06999999999999998,0.0,0.1909440370967346,0.005,True,0.0,-0.0
moderate_execution,3,2026-07-02T12:20:04.364161+00:00,0x94bb631dd01221e07f00ab03feccab66c46ce389a1e7d203fe282aa6d209c589,SOL,YES,low,medium,medium,0.029999999999999933,0.0050000000000000044,0.0,0.0,0.005,False,0.10640000000000001,0.0021279999999999923
moderate_execution,3,2026-07-02T12:30:04.364786+00:00,0x9215a5c313d78c2a336728a748b73687bc826021a656e9a0d76746f2f5023043,BTC,YES,high,medium,medium,0.265,0.009999999999999981,0.0,0.0,0.005,False,0.75,0.1875
moderate_execution,3,2026-07-02T12:30:16.366322+00:00,0xfdd4d7f9eadc398c0df23a59aadb9ee61a56855c54b6ac9520602a5973e42087,SOL,YES,low,high,medium,-0.13999999999999999,0.035,0.0,0.1453434659761012,0.005,False,0.75,-0.2440075994820759
moderate_execution,3,2026-07-02T12:30:20.366935+00:00,0xfdd4d7f9eadc398c0df23a59aadb9ee61a56855c54b6ac9520602a5973e42087,SOL,YES,low,high,medium,0.02999999999999999,0.015000000000000013,0.0,0.0754090913882128,0.005,False,0.75,-0.04905681854115963
moderate_execution,3,2026-07-02T12:30:22.364919+00:00,0xfdd4d7f9eadc398c0df23a59aadb9ee61a56855c54b6ac9520602a5973e42087,SOL,YES,low,medium,medium,-0.13999999999999999,0.0050000000000000044,0.13539416995773418,0.0302169461817512,0.005,False,0.632,-0.19946622540015474
moderate_execution,3,2026-07-02T12:30:36.362455+00:00,0xfdd4d7f9eadc398c0df23a59aadb9ee61a56855c54b6ac9520602a5973e42087,SOL,YES,low,medium,medium,0.12999999999999998,0.0050000000000000044,0.0,0.003137392263562267,0.005,False,0.2,0.023372521547287542
moderate_execution,3,2026-07-02T12:31:22.373383+00:00,0x988287eee8e697b0d1d2625d38528f0175f8d3b585148a236428390c8e5bd7a0,ETH,NO,low,medium,medium,0.034999999999999934,0.010000000000000009,0.0,0.03895953440417027,0.005,False,0.75,-0.014219650803127759
moderate_execution,3,2026-07-02T12:31:28.373272+00:00,0x9215a5c313d78c2a336728a748b73687bc826021a656e9a0d76746f2f5023043,BTC,NO,low,high,medium,0.05500000000000001,0.03999999999999998,0.2179049051431154,0.10852115122578287,0.005,False,0.75,-0.23731954227667368
moderate_execution,3,2026-07-02T12:33:18.366598+00:00,0x9215a5c313d78c2a336728a748b73687bc826021a656e9a0d76746f2f5023043,BTC,NO,low,medium,medium,0.08999999999999998,0.0050000000000000044,0.0,0.006294863742550015,0.005,False,0.0277,0.002041632274331364
moderate_execution,3,2026-07-02T12:40:48.374599+00:00,0xb38f8c90a79ba7fb9e3926511611e2a97e69f95d8567e5459f176624c5d78e7e,SOL,YES,low,medium,medium,0.04999999999999995,0.0050000000000000044,0.0,0.0,0.005,False,0.41840000000000005,0.01673599999999998
moderate_execution,3,2026-07-02T13:01:06.370199+00:00,0xfdc8ee5a5355786246c8c350b1b6d392d7b0b20b2f4112d995400e6d41587033,BTC,NO,low,medium,medium,0.08499999999999998,0.0050000000000000044,0.0,0.0,0.005,False,0.75,0.05624999999999998
moderate_execution,3,2026-07-02T13:01:06.370199+00:00,0x7da2825f125571140c598bebdc47a2efcc90d5bbe3f36da9ed64a66a0758a57e,ETH,NO,low,low,medium,0.06499999999999996,0.004999999999999977,0.029828247021419507,0.012566744364578093,0.005,False,0.0706,0.0008899136081485681
moderate_execution,3,2026-07-02T13:05:14.362350+00:00,0x7b81aecfe918b4400a38bb7e82faf16214e86526a59365a1a1f57891d5e02184,SOL,YES,low,medium,medium,0.12000000000000001,0.0050000000000000044,0.004997082211949127,0.0,0.005,False,0.33520000000000005,0.03519697804255466
moderate_execution,3,2026-07-02T13:10:08.372139+00:00,0x0b7e0ca6f5af7203bbc20de90e6a874b459992dfe7ec7d26ca84605690a8971f,SOL,NO,low,medium,medium,0.05499999999999995,0.0050000000000000044,0.014923428284857453,0.00634593468925046,0.005,False,0.05,0.0011865318512946019
moderate_execution,3,2026-07-02T13:26:26.363015+00:00,0xabaf563b7f6a9dc2645946d31ce8af8645de6d2409cef51803fb0999c9061f3e,ETH,NO,low,medium,medium,-0.08,0.0050000000000000044,0.30051378900532505,0.14748128045540831,0.005,False,0.3299,-0.17748457341509596
moderate_execution,3,2026-07-02T13:26:28.373900+00:00,0xabaf563b7f6a9dc2645946d31ce8af8645de6d2409cef51803fb0999c9061f3e,ETH,NO,low,medium,medium,0.11999999999999995,0.0050000000000000044,0.0,0.03747454478998056,0.005,False,0.20809999999999998,0.015092547229205031
moderate_execution,3,2026-07-02T13:32:06.370617+00:00,0xbfdaa1afb46e82ff47ba344bc098d1ae028cd939a030c6672402ca1475988d70,ETH,NO,low,medium,medium,0.02,0.0050000000000000044,0.004992180966239125,0.0,0.005,False,0.75,0.003755864275320653
moderate_execution,3,2026-07-02T13:32:14.374959+00:00,0xbfdaa1afb46e82ff47ba344bc098d1ae028cd939a030c6672402ca1475988d70,ETH,NO,high,medium,medium,-0.04000000000000001,0.0050000000000000044,0.0,0.012734011761096755,0.005,False,0.24,-0.015056162822663225
moderate_execution,3,2026-07-02T13:33:40.375151+00:00,0xbfdaa1afb46e82ff47ba344bc098d1ae028cd939a030c6672402ca1475988d70,ETH,YES,low,medium,high,-0.02,0.0050000000000000044,0.0,0.0,0.005,True,0.0,-0.0
moderate_execution,3,2026-07-02T13:35:10.368025+00:00,0x7798cca819d8b656cf9130a5ea5d871975f4227bea6b3d22ec3b1b6de4584fc0,BTC,NO,medium,medium,medium,0.14499999999999993,0.010000000000000009,0.0,0.0063189965362509684,0.005,False,0.75,0.0927607525978117
moderate_execution,3,2026-07-02T13:37:02.366507+00:00,0xcd4afc8eb6c83c8d8dada852de775b7cc1e7cfaf722f03972c1d93abc1d9cf09,ETH,YES,low,medium,medium,-0.05499999999999998,0.010000000000000009,0.16303894405195649,0.06675600653891617,0.005,False,0.7348,-0.22028932969417322
moderate_execution,3,2026-07-02T13:37:06.370427+00:00,0x7798cca819d8b656cf9130a5ea5d871975f4227bea6b3d22ec3b1b6de4584fc0,BTC,NO,low,medium,medium,0.06499999999999996,0.0050000000000000044,0.0,0.0,0.005,False,0.75,0.04124999999999997
moderate_execution,3,2026-07-02T13:37:14.375069+00:00,0x7798cca819d8b656cf9130a5ea5d871975f4227bea6b3d22ec3b1b6de4584fc0,BTC,NO,low,medium,medium,0.07499999999999997,0.0050000000000000044,0.0,0.03830837612115719,0.005,False,0.5379,0.014357424484429532
moderate_execution,3,2026-07-02T13:45:04.364924+00:00,0x6b9167a59028831cc69fc27a631ba5f99da00742fcac16501ddd54b155929c85,ETH,YES,medium,medium,medium,0.014999999999999975,0.010000000000000009,0.0,0.021660354193393183,0.005,False,0.0545,-0.0011804893035399304
moderate_execution,3,2026-07-02T13:45:08.364326+00:00,0x6b9167a59028831cc69fc27a631ba5f99da00742fcac16501ddd54b155929c85,ETH,YES,low,medium,medium,0.02999999999999999,0.0050000000000000044,0.0,0.0480555706147986,0.005,False,0.05,-0.0014027785307399309
moderate_execution,3,2026-07-02T13:45:12.367704+00:00,0x6b9167a59028831cc69fc27a631ba5f99da00742fcac16501ddd54b155929c85,ETH,YES,low,medium,medium,-0.055000000000000035,0.0050000000000000044,0.03480881460554006,0.019146122773563857,0.005,False,0.0579,-0.00688749087425012
moderate_execution,3,2026-07-02T13:46:08.369291+00:00,0x6b9167a59028831cc69fc27a631ba5f99da00742fcac16501ddd54b155929c85,ETH,YES,low,medium,medium,0.02999999999999999,0.0050000000000000044,0.06954824507520056,0.04147568940999678,0.005,False,0.18899999999999997,-0.0172035236177023
moderate_execution,3,2026-07-02T13:46:10.366715+00:00,0x165f83111bc6b855ddff03cee955479de1945e82de0c22a4af0e20b7a4611166,SOL,YES,low,medium,medium,0.010000000000000026,0.0050000000000000044,0.0,0.003112402524451496,0.005,False,0.11199999999999999,-0.0003485890827385651
moderate_execution,3,2026-07-02T13:46:12.374640+00:00,0x6b9167a59028831cc69fc27a631ba5f99da00742fcac16501ddd54b155929c85,ETH,YES,medium,medium,medium,0.01999999999999998,0.0050000000000000044,0.07460570338620684,0.03196882353673567,0.005,False,0.24,-0.02317788646150621
moderate_execution,3,2026-07-02T13:46:20.368608+00:00,0x6b9167a59028831cc69fc27a631ba5f99da00742fcac16501ddd54b155929c85,ETH,YES,medium,medium,medium,0.02999999999999999,0.0050000000000000044,0.0,0.019521510507680244,0.005,False,0.4481,0.0002144111415084755
moderate_execution,3,2026-07-02T13:46:22.365708+00:00,0x165f83111bc6b855ddff03cee955479de1945e82de0c22a4af0e20b7a4611166,SOL,YES,low,medium,medium,-0.06999999999999999,0.0050000000000000044,0.10510845905147284,0.0336222372440038,0.005,False,0.05,-0.010936534814773833
moderate_execution,3,2026-07-02T13:46:28.366021+00:00,0x6b9167a59028831cc69fc27a631ba5f99da00742fcac16501ddd54b155929c85,ETH,YES,low,medium,medium,-0.09000000000000001,0.0050000000000000044,0.0,0.0366247371893424,0.005,False,0.75,-0.10246855289200682
moderate_execution,3,2026-07-02T13:46:34.364544+00:00,0x6b9167a59028831cc69fc27a631ba5f99da00742fcac16501ddd54b155929c85,ETH,YES,low,medium,medium,0.030000000000000044,0.0050000000000000044,0.0,0.024660556632644905,0.005,False,0.17,-0.0007922946275496273
moderate_execution,3,2026-07-02T13:46:36.372134+00:00,0x6b9167a59028831cc69fc27a631ba5f99da00742fcac16501ddd54b155929c85,ETH,YES,low,low,medium,-0.07000000000000005,0.004999999999999977,0.09457509182926019,0.0318184240806141,0.005,False,0.75,-0.15479513693240574
moderate_execution,3,2026-07-02T13:47:28.363479+00:00,0xdf1c68feb520af13e0b1073b5e17ac465273234950edc85062d074363f2f7ea0,BTC,YES,medium,medium,high,0.27499999999999997,0.009999999999999981,0.0,0.0,0.005,False,0.4481,0.116506
moderate_execution,3,2026-07-02T13:47:30.370941+00:00,0x165f83111bc6b855ddff03cee955479de1945e82de0c22a4af0e20b7a4611166,SOL,YES,low,medium,high,0.19999999999999998,0.0050000000000000044,0.0,0.0,0.005,False,0.01,0.0018999999999999998
moderate_execution,3,2026-07-02T14:00:06.363105+00:00,0x100389b157cf172fa16809d99306f23ca1974adf6fbe025dc09758ed45771b51,BTC,NO,low,medium,medium,0.05500000000000006,0.0050000000000000044,0.03010996774033054,0.00638438001071629,0.005,False,0.75,0.006379239186714919
moderate_execution,3,2026-07-02T14:03:02.371420+00:00,0xba6acf8da6d345173ee24e2b41e7d98ae87fb2f39f6c0d1839c33229ec4b802b,SOL,NO,low,medium,medium,0.030000000000000044,0.0050000000000000044,0.0,0.019150896897823864,0.005,False,0.1,8.49103102176175e-05
moderate_execution,3,2026-07-02T14:16:42.366798+00:00,0x99bee988b471ce9b6fe317dc281d4f4c4f89040c4dcacef8d455c241ee2e99f8,ETH,NO,low,medium,high,0.3,0.0050000000000000044,0.0,0.0,0.005,False,0.05,0.014499999999999999
moderate_execution,3,2026-07-02T15:05:38.363627+00:00,0x647b9c08af3b94902afa9b362889527316a7fdbb46e4a6738ad42d290ca82805,BTC,NO,medium,medium,medium,0.035000000000000045,0.010000000000000009,0.0,0.0032766228817516143,0.005,False,0.36,0.006020415762569431
moderate_execution,3,2026-07-02T15:10:28.366751+00:00,0xcae0c95e9c034ca588baca33e8147b8845b1f312ff09b0d52f4d6e150cddad15,SOL,NO,low,medium,medium,0.04999999999999995,0.0050000000000000044,0.035080740931569175,0.012437267435596115,0.005,False,0.1,-0.0007518008367165348
moderate_execution,3,2026-07-02T15:36:32.363170+00:00,0x0a5061025dfe612b3722293195f769f012f8980bd848a20493e2c600f70d09dd,BTC,NO,low,medium,medium,0.28500000000000003,0.010000000000000009,0.16328703864187954,0.061484793363865746,0.005,False,0.75,0.033921125995691054
moderate_execution,3,2026-07-02T16:01:28.361478+00:00,0x59496dfc9f417c17975e237fbb7ecfe259156cc15a360f25910162556810c516,SOL,NO,low,medium,medium,0.010000000000000026,0.0050000000000000044,0.0,0.0198429765340695,0.005,False,0.11199999999999999,-0.002222413371815781
moderate_execution,3,2026-07-02T17:00:24.370409+00:00,0x1be94953b760d89a9523766bd1abb42f2e881ac06074bf93aa46ad1a415fc189,SOL,NO,low,medium,medium,0.010000000000000026,0.0050000000000000044,0.0,0.027595650699191357,0.005,False,0.0576,-0.0015895094802734209
moderate_execution,3,2026-07-02T17:13:30.362110+00:00,0x909723d937a75ac2c9c89d73711867c15953dd27d72b7a6933948473e399451d,ETH,YES,low,medium,medium,0.06000000000000001,0.0050000000000000044,0.0,0.00684623249048769,0.005,False,0.306,0.013205052857910769
moderate_execution,3,2026-07-02T17:23:18.371612+00:00,0x1f5ef0a23c68190a8a6d515b6c8e8b048078a8afa92d25abb3d94fb87f1f7027,BTC,YES,low,medium,medium,0.255,0.0050000000000000044,0.0,0.013452295291418608,0.005,False,0.75,0.17366077853143602
moderate_execution,3,2026-07-02T17:23:20.364343+00:00,0x60608598239fe90ee375e38281310554148d5d349aca1ac07aa04e1ce390e6ad,SOL,YES,low,medium,high,0.11,0.0050000000000000044,0.0,0.0,0.005,False,0.182,0.018199999999999997
moderate_execution,3,2026-07-02T17:50:28.360872+00:00,0x0aff58c34608210967c4413fb4b4a6c7fa904dc09de162ecc564806689facc64,SOL,NO,low,medium,high,0.19000000000000003,0.0050000000000000044,0.0,0.0,0.005,False,0.75,0.135
moderate_execution,3,2026-07-02T18:35:46.363950+00:00,0x0fb6a0c7bcde0b6dd2c22b766ae91ab671463f01b2f4ec31f09491aa9dd4af91,SOL,NO,low,medium,medium,-0.07500000000000005,0.0050000000000000044,0.0,0.023545822410950698,0.005,False,0.75,-0.08140936680821306
moderate_execution,3,2026-07-02T18:35:48.373272+00:00,0x0fb6a0c7bcde0b6dd2c22b766ae91ab671463f01b2f4ec31f09491aa9dd4af91,SOL,NO,low,high,medium,-0.09999999999999996,0.03999999999999998,0.0,0.0366143306050499,0.005,False,0.4167,-0.07567869156312428
moderate_execution,3,2026-07-02T18:35:56.374508+00:00,0x0fb6a0c7bcde0b6dd2c22b766ae91ab671463f01b2f4ec31f09491aa9dd4af91,SOL,NO,low,medium,medium,0.05500000000000001,0.010000000000000009,0.0,0.0032656716923058575,0.005,False,0.1058,0.0038864919349540406
moderate_execution,3,2026-07-02T18:35:58.369803+00:00,0x0fb6a0c7bcde0b6dd2c22b766ae91ab671463f01b2f4ec31f09491aa9dd4af91,SOL,NO,low,medium,medium,-0.06999999999999999,0.0050000000000000044,0.1103594501330113,0.047959130103568615,0.005,False,0.05,-0.011915929011828997
moderate_execution,3,2026-07-02T18:51:30.371222+00:00,0x12f1ba09bc9913623cab1e5f36dab49519aed574c20e74febe167f480cf82772,SOL,NO,low,medium,medium,0.059999999999999956,0.0050000000000000044,0.0,0.01768269156071162,0.005,False,0.75,0.02423798132946625
moderate_execution,3,2026-07-02T19:01:18.365784+00:00,0x639421d64a6433150033c4d335d66cbee7357cad9e8b10bc943f74caf5d0d308,SOL,NO,low,medium,medium,-0.09499999999999996,0.0050000000000000044,0.08534269834427605,0.02007393785808949,0.005,False,0.14,-0.029458329068331172
moderate_execution,3,2026-07-02T19:03:24.368460+00:00,0x639421d64a6433150033c4d335d66cbee7357cad9e8b10bc943f74caf5d0d308,SOL,YES,low,medium,medium,0.11,0.0050000000000000044,0.0,0.06644709113065626,0.005,True,0.0,0.0
moderate_execution,3,2026-07-02T19:03:44.373982+00:00,0x639421d64a6433150033c4d335d66cbee7357cad9e8b10bc943f74caf5d0d308,SOL,YES,low,medium,medium,0.06000000000000001,0.0050000000000000044,0.0,0.0764299562242,0.005,False,0.1,-0.0026429956224199996
moderate_execution,3,2026-07-02T19:05:14.369431+00:00,0xa1701695adebeed5da4000373df6e9883c29449ade56b49eb6379ee63ba7259b,SOL,NO,low,medium,high,0.07499999999999997,0.0050000000000000044,0.0,0.0,0.005,False,0.1576,0.010243999999999993
moderate_execution,3,2026-07-02T19:06:40.373607+00:00,0xa1701695adebeed5da4000373df6e9883c29449ade56b49eb6379ee63ba7259b,SOL,NO,low,high,medium,-0.06499999999999999,0.020000000000000018,0.0,0.030326562207866108,0.005,False,0.05,-0.006016328110393306
moderate_execution,3,2026-07-02T19:31:18.372640+00:00,0x606a340a3aad1b6f683e99c5d598836d6731c972d5ddeb2642c52813a27308af,SOL,NO,low,medium,medium,0.05,0.0050000000000000044,0.014955839167905525,0.0033702772487109837,0.005,False,0.05,0.0010836941791691746
moderate_execution,3,2026-07-02T19:31:32.362271+00:00,0x606a340a3aad1b6f683e99c5d598836d6731c972d5ddeb2642c52813a27308af,SOL,NO,low,medium,medium,0.05000000000000006,0.0050000000000000044,0.0,0.0034118554681326846,0.005,False,0.168,0.006146808281353719
moderate_execution,3,2026-07-02T19:31:40.366839+00:00,0x606a340a3aad1b6f683e99c5d598836d6731c972d5ddeb2642c52813a27308af,SOL,NO,low,medium,medium,0.05500000000000006,0.0050000000000000044,0.0,0.027559432585546377,0.005,False,0.22870000000000001,0.003988657767685557
moderate_execution,3,2026-07-02T19:31:58.371790+00:00,0x606a340a3aad1b6f683e99c5d598836d6731c972d5ddeb2642c52813a27308af,SOL,NO,low,medium,medium,-0.09000000000000001,0.0050000000000000044,0.0,0.01990394066838693,0.005,False,0.75,-0.08992795550129021
moderate_execution,3,2026-07-02T19:51:32.364894+00:00,0x2cfc3ef023f8f6ebad847ce57292f2a190fd727fc452a4c2a7cc845fd16b56aa,SOL,NO,low,medium,medium,0.020000000000000007,0.0050000000000000044,0.0,0.0,0.005,False,0.75,0.0075000000000000015
moderate_execution,3,2026-07-02T19:51:34.373824+00:00,0x2cfc3ef023f8f6ebad847ce57292f2a190fd727fc452a4c2a7cc845fd16b56aa,SOL,NO,low,medium,medium,-0.06000000000000001,0.0050000000000000044,0.05964478299603161,0.024011030747711493,0.005,False,0.75,-0.11524186030780734
moderate_execution,3,2026-07-02T19:51:58.365557+00:00,0x2cfc3ef023f8f6ebad847ce57292f2a190fd727fc452a4c2a7cc845fd16b56aa,SOL,NO,low,medium,medium,-0.06,0.0050000000000000044,0.0,0.0,0.005,False,0.05,-0.0035000000000000005
moderate_execution,3,2026-07-02T19:52:06.372072+00:00,0x2cfc3ef023f8f6ebad847ce57292f2a190fd727fc452a4c2a7cc845fd16b56aa,SOL,NO,low,medium,medium,0.03999999999999998,0.0050000000000000044,0.0,0.01711081843463454,0.005,False,0.053200000000000004,0.0006857044592774411
moderate_execution,3,2026-07-02T19:52:12.366157+00:00,0x2cfc3ef023f8f6ebad847ce57292f2a190fd727fc452a4c2a7cc845fd16b56aa,SOL,NO,low,medium,medium,0.015000000000000003,0.0050000000000000044,0.03771043930549342,0.020696275786087497,0.005,False,0.3693,-0.019723099883320834
moderate_execution,3,2026-07-02T19:52:24.373550+00:00,0x2cfc3ef023f8f6ebad847ce57292f2a190fd727fc452a4c2a7cc845fd16b56aa,SOL,NO,medium,medium,medium,0.009999999999999998,0.010000000000000009,0.0621597099600798,0.024129675176277083,0.005,False,0.1575,-0.014378078158976211
moderate_execution,3,2026-07-02T19:52:30.368984+00:00,0x2cfc3ef023f8f6ebad847ce57292f2a190fd727fc452a4c2a7cc845fd16b56aa,SOL,NO,medium,medium,medium,0.11,0.010000000000000009,0.007461525961626,0.0029560519033416843,0.005,False,0.75,0.06343681660127423
moderate_execution,3,2026-07-02T19:52:48.372495+00:00,0x2cfc3ef023f8f6ebad847ce57292f2a190fd727fc452a4c2a7cc845fd16b56aa,SOL,NO,medium,medium,medium,0.01500000000000003,0.010000000000000009,0.14174975850609609,0.06958321480897692,0.005,False,0.45,-0.09509983799178284
moderate_execution,3,2026-07-02T19:53:00.364200+00:00,0x2cfc3ef023f8f6ebad847ce57292f2a190fd727fc452a4c2a7cc845fd16b56aa,SOL,NO,medium,high,medium,0.02999999999999999,0.015000000000000013,0.07031941630925734,0.027532430267212686,0.005,False,0.2851,-0.02504656145895161
moderate_execution,3,2026-07-02T19:53:04.368103+00:00,0x2cfc3ef023f8f6ebad847ce57292f2a190fd727fc452a4c2a7cc845fd16b56aa,SOL,NO,high,medium,medium,-0.06999999999999999,0.0050000000000000044,0.11537720610906399,0.046859062203068125,0.005,False,0.2,-0.04844725366242643
moderate_execution,3,2026-07-02T19:53:10.364232+00:00,0x2cfc3ef023f8f6ebad847ce57292f2a190fd727fc452a4c2a7cc845fd16b56aa,SOL,NO,high,medium,medium,0.12000000000000001,0.0050000000000000044,0.0,0.03927821477599523,0.005,False,0.030600000000000002,0.002164086627854546
moderate_execution,3,2026-07-02T19:53:42.364449+00:00,0x2cfc3ef023f8f6ebad847ce57292f2a190fd727fc452a4c2a7cc845fd16b56aa,SOL,NO,high,medium,medium,0.020000000000000035,0.0050000000000000044,0.0,0.08392379128712096,0.005,False,0.75,-0.0554428434653407
severe_execution,1,2026-06-24T15:43:06.758948+00:00,0x80658216d4530ee5d8f87f3a84d6788c0505a016f5d1a52bfb8fc3c1afc1f1c2,ETH,YES,low,low,medium,-0.05,0.009999999999999995,0.11205398593851291,0.026172543719437533,0.01,True,0.0,-0.0
severe_execution,1,2026-06-24T15:48:20.766212+00:00,0x8e22e9bf1a5c5cf1e5a91126865227cf0b75a5ec64611f0e0b23348e2b8eebc6,SOL,YES,medium,low,medium,-0.05,0.009999999999999995,0.08708224056979619,0.011418557077279528,0.01,True,0.0,-0.0
severe_execution,1,2026-06-24T15:48:30.765676+00:00,0x8e22e9bf1a5c5cf1e5a91126865227cf0b75a5ec64611f0e0b23348e2b8eebc6,SOL,YES,medium,low,medium,-0.04,0.009999999999999998,0.0,0.01521977564647299,0.01,False,0.156,-0.011734285000849786
severe_execution,1,2026-06-24T16:03:06.764139+00:00,0x898e75f4a2714851629ab01153214fbf585c570d631964d411eb3f85d6f77427,ETH,NO,low,medium,high,0.07000000000000002,0.010000000000000009,0.0,0.0,0.01,True,0.0,0.0
severe_execution,1,2026-06-24T16:03:34.761565+00:00,0x898e75f4a2714851629ab01153214fbf585c570d631964d411eb3f85d6f77427,ETH,NO,low,medium,medium,0.01999999999999998,0.010000000000000009,0.0,0.0,0.01,True,0.0,-0.0
severe_execution,1,2026-06-24T16:03:36.766733+00:00,0x898e75f4a2714851629ab01153214fbf585c570d631964d411eb3f85d6f77427,ETH,NO,low,medium,medium,0.020000000000000035,0.010000000000000009,0.22409876128171774,0.05150157991749325,0.01,False,0.18919999999999998,-0.05214358455489071
severe_execution,1,2026-06-24T16:03:56.765843+00:00,0x898e75f4a2714851629ab01153214fbf585c570d631964d411eb3f85d6f77427,ETH,NO,medium,medium,medium,-0.07000000000000002,0.010000000000000009,0.0,0.08140643398944411,0.01,False,0.34192,-0.05860728790967075
severe_execution,1,2026-06-24T16:17:42.762123+00:00,0x16d9a49118c42f6c43e48602f4356b563fe7d62f03eace901d12f3671b7534cd,SOL,NO,low,medium,high,0.18000000000000002,0.010000000000000009,0.0,0.0,0.01,False,0.02,0.0032
severe_execution,1,2026-06-24T16:22:52.762411+00:00,0x76ee4df37777787c309b30aa15d0861f505cc65be0cea6ab16949e8fba9fa172,SOL,NO,medium,medium,medium,-0.11999999999999998,0.020000000000000018,0.0,0.728559401034354,0.01,False,0.3,-0.2635678203103062
severe_execution,1,2026-06-24T16:22:54.752727+00:00,0x76ee4df37777787c309b30aa15d0861f505cc65be0cea6ab16949e8fba9fa172,SOL,NO,medium,medium,medium,-0.06500000000000002,0.020000000000000018,0.9994823565348969,0.12263012506556745,0.01,True,0.0,-0.0
severe_execution,1,2026-06-24T16:41:48.765478+00:00,0x54faa3af7fa6193533f340c3ceb42d2a8d405f5e3b23e2178d2a0212ac8cd968,ETH,YES,low,low,medium,-0.09500000000000001,0.009999999999999953,0.0,0.1867132980501115,0.01,False,0.05156,-0.01555633764746375
severe_execution,1,2026-06-24T16:41:50.756781+00:00,0x54faa3af7fa6193533f340c3ceb42d2a8d405f5e3b23e2178d2a0212ac8cd968,ETH,YES,low,medium,low,-0.055000000000000035,0.020000000000000018,0.0,0.07445304657302279,0.01,False,0.06,-0.00956718279438137
severe_execution,1,2026-06-24T16:48:48.757094+00:00,0x6a9cd2dd7bc9c9807d3452c9f1a97c34ac7aedbc934b79054d8b3a0bfdcd4e42,BTC,YES,low,low,high,-0.0325,0.01,0.0,0.0,0.01,False,0.5,-0.026250000000000002
severe_execution,1,2026-06-24T16:51:06.758502+00:00,0xabff544d3602969cb25677257451bdb7c6ad59b48e75d1d633afb248b012b06c,ETH,NO,low,medium,medium,0.30000000000000004,0.010000000000000009,0.0,0.02976579832775072,0.01,False,0.5,0.12511710083612465
severe_execution,1,2026-06-24T16:52:04.761668+00:00,0x7d0f63daa0e0bd4993d80fa4bcb62fd622043fb264ec4a7aa7b875871c6a353a,SOL,YES,medium,medium,medium,0.030000000000000002,0.010000000000000002,0.05602004207985787,0.015312952088865607,0.01,False,0.348,-0.02134388197071577
severe_execution,1,2026-06-24T16:52:06.767562+00:00,0x7d0f63daa0e0bd4993d80fa4bcb62fd622043fb264ec4a7aa7b875871c6a353a,SOL,YES,high,medium,medium,0.05,0.010000000000000009,0.24888961163773385,0.07721150768684686,0.01,False,0.064,-0.018950471636773165
severe_execution,1,2026-06-24T16:53:18.759891+00:00,0x11be248eacf03fecfc51007bb9833cc1452e33e48c5226ab9c30e91656ca4fed,BTC,YES,low,medium,medium,-0.05,0.010000000000000009,0.025394757523268613,0.015389229767767059,0.01,False,0.41944,-0.046467235629352004
severe_execution,1,2026-06-24T16:53:52.752947+00:00,0x7d0f63daa0e0bd4993d80fa4bcb62fd622043fb264ec4a7aa7b875871c6a353a,SOL,YES,high,low,medium,-0.05,0.009999999999999995,0.0,0.07748177149044015,0.01,False,0.5,-0.07374088574522009
severe_execution,1,2026-06-24T16:53:54.758545+00:00,0xabff544d3602969cb25677257451bdb7c6ad59b48e75d1d633afb248b012b06c,ETH,NO,high,low,medium,-0.02,0.008,0.0,0.0,0.01,False,0.29724,-0.01129512
severe_execution,1,2026-06-24T16:55:32.763105+00:00,0xdc4693598a20d019c083949d35703b04d5de73552f4d0fb762787cbe10eef7af,ETH,YES,low,medium,medium,0.035000000000000045,0.010000000000000009,0.1865740162557567,0.037485108663144286,0.01,False,0.1896,-0.039637610084623624
severe_execution,1,2026-06-24T17:10:44.757531+00:00,0x6bcbfb85688c3516d74eda21ae1058775c9dbb0c3c2ed80679bea5efa4224f1f,SOL,YES,low,medium,medium,-0.09000000000000001,0.010000000000000009,0.0,0.026779513383070705,0.01,False,0.14228,-0.0194609891641433
severe_execution,1,2026-06-24T17:10:48.752203+00:00,0x6bcbfb85688c3516d74eda21ae1058775c9dbb0c3c2ed80679bea5efa4224f1f,SOL,YES,low,medium,medium,0.07000000000000002,0.010000000000000009,0.0,0.11631796841784693,0.01,False,0.00508,-0.00033689527956266233
severe_execution,1,2026-06-24T17:15:08.754027+00:00,0x2a87ba5465e5a39b23f5c245ce8daf4e9166a6b5d3a01f97e3c5cebe5f542667,ETH,YES,low,medium,medium,0.08999999999999998,0.010000000000000009,0.09463266330686693,0.039024856658978986,0.01,False,0.01284,-0.000817362556361462
severe_execution,1,2026-06-24T17:15:32.759728+00:00,0xc6ddbe45253f77b8dbd808a9153ec3477a66b95ce3dcd40edbdbf5e69a9fad74,BTC,YES,low,medium,medium,-0.059999999999999984,0.010000000000000009,0.0,0.059722737683684086,0.01,False,0.5,-0.06986136884184205
severe_execution,1,2026-06-24T17:17:04.766209+00:00,0xc6ddbe45253f77b8dbd808a9153ec3477a66b95ce3dcd40edbdbf5e69a9fad74,BTC,YES,low,medium,medium,0.01999999999999998,0.010000000000000009,0.02496332070406705,0.015376404628866797,0.01,False,0.10556,-0.0042582614061445
severe_execution,1,2026-06-24T17:20:12.764868+00:00,0xd8e21b0124221e5a6948b65f0b5c1b7c563a3c7e6ea11a1e7d760638a2e885ba,SOL,NO,medium,medium,high,0.15500000000000005,0.020000000000000018,0.0,0.0,0.01,False,0.02,0.0025000000000000005
severe_execution,1,2026-06-24T17:25:44.756279+00:00,0x0a15e96a2f8db3533603fd8a311915394fd8b8b6cbc3c3b90e5225964660bd94,ETH,YES,low,medium,high,0.030000000000000044,0.010000000000000009,0.0,0.0,0.01,False,0.104,0.0010400000000000036
severe_execution,1,2026-06-24T17:26:36.761972+00:00,0x0a15e96a2f8db3533603fd8a311915394fd8b8b6cbc3c3b90e5225964660bd94,ETH,YES,low,medium,high,0.11,0.010000000000000009,0.0,0.0,0.01,False,0.5,0.045
severe_execution,1,2026-06-24T17:28:30.758436+00:00,0x8b89ebef2e337682d0c761c2d9ea76b14916b0fbaa6b07ab496782aa61d08092,SOL,NO,low,medium,medium,-0.03,0.010000000000000009,0.0,0.0,0.01,False,0.20508,-0.010254000000000003
severe_execution,1,2026-06-24T17:32:12.757879+00:00,0xc53755a72a77c13680d29f80e88a1ffcdaeda374fb64389c3801a5660e24deb8,SOL,NO,low,medium,medium,0.030000000000000044,0.010000000000000009,0.0,0.06326441497450591,0.01,False,0.4848,-0.02582258837964045
severe_execution,1,2026-06-24T17:40:50.764310+00:00,0xe162acce182a1c54de6efd4a047bee1957d9d0ce3a96723f622886a34ce9ef56,BTC,NO,low,medium,medium,-0.05000000000000003,0.010000000000000009,0.0,0.093308890834362,0.01,True,0.0,-0.0
severe_execution,1,2026-06-24T17:46:02.756352+00:00,0x931296be6d3fc5e74df946ebeb47595bd30d0b51c747520c22454b54dbde783c,ETH,NO,medium,medium,high,0.16,0.010000000000000009,0.0,0.0,0.01,True,0.0,0.0
severe_execution,1,2026-06-24T17:50:26.761135+00:00,0xe0261c3af71ec76885a6befe78536d37f4f39622a19d0102257561caaca61811,SOL,NO,low,medium,medium,0.06000000000000001,0.010000000000000009,0.0,0.0845081037184231,0.01,False,0.1744,-0.007762213288492989
severe_execution,1,2026-06-24T18:00:58.760168+00:00,0x5a189bc1b252af1469e531eb62cee5995fe46dd01bcaff6b137a7bc3109e2e43,SOL,NO,medium,low,medium,-0.05000000000000003,0.009999999999999898,0.0,0.06611880287673369,0.01,False,0.02,-0.002722376057534672
severe_execution,1,2026-06-24T18:01:08.757617+00:00,0x5a189bc1b252af1469e531eb62cee5995fe46dd01bcaff6b137a7bc3109e2e43,SOL,NO,medium,medium,medium,0.010000000000000026,0.010000000000000009,0.06860393810260461,0.013414193357841662,0.01,False,0.47816000000000003,-0.04399938973912698
severe_execution,1,2026-06-24T18:01:10.762661+00:00,0x5a189bc1b252af1469e531eb62cee5995fe46dd01bcaff6b137a7bc3109e2e43,SOL,NO,medium,medium,medium,-0.06999999999999999,0.029999999999999916,0.19940427058586047,0.04512111953652875,0.01,False,0.02,-0.007090507802447783
severe_execution,1,2026-06-24T18:01:28.765791+00:00,0x5a189bc1b252af1469e531eb62cee5995fe46dd01bcaff6b137a7bc3109e2e43,SOL,NO,medium,medium,medium,-0.05000000000000003,0.010000000000000009,0.0,0.038548452895643376,0.01,False,0.44,-0.0477613192740831
severe_execution,1,2026-06-24T18:01:32.763050+00:00,0x5a189bc1b252af1469e531eb62cee5995fe46dd01bcaff6b137a7bc3109e2e43,SOL,NO,medium,medium,medium,0.07000000000000002,0.010000000000000009,0.0,0.03132101253408605,0.01,False,0.48832,0.009121323159355104
severe_execution,1,2026-06-24T18:01:48.762400+00:00,0x5a189bc1b252af1469e531eb62cee5995fe46dd01bcaff6b137a7bc3109e2e43,SOL,NO,medium,medium,medium,0.059999999999999956,0.010000000000000009,0.0,0.09269115268423982,0.01,False,0.5,-0.026345576342119936
severe_execution,1,2026-06-24T18:05:24.753766+00:00,0x17dc5c06a8038c8b9fe98dc10caabed5e643e594aa096dfa257871e4e6fc79db,BTC,NO,medium,medium,high,0.05000000000000006,0.010000000000000009,0.0,0.0,0.01,False,0.17828,0.005348400000000008
severe_execution,1,2026-06-24T18:05:28.765310+00:00,0x17dc5c06a8038c8b9fe98dc10caabed5e643e594aa096dfa257871e4e6fc79db,BTC,NO,medium,medium,high,0.06999999999999997,0.010000000000000009,0.3921196188531564,0.20969564807616456,0.01,True,0.0,-0.0
severe_execution,1,2026-06-24T18:05:36.760226+00:00,0x3d07d4fd8f80b13ff82b8a59ac4e27ef61cee1ca5f5e8b639dd421a3a7bc2fcb,SOL,NO,low,high,medium,0.04999999999999995,0.030000000000000027,0.0,0.061603703531929864,0.01,False,0.02,-0.001032074070638599
severe_execution,1,2026-06-24T18:06:36.754811+00:00,0x3d07d4fd8f80b13ff82b8a59ac4e27ef61cee1ca5f5e8b639dd421a3a7bc2fcb,SOL,YES,low,medium,medium,0.039999999999999994,0.010000000000000009,0.0,0.03114793155075909,0.01,False,0.13648,-0.0015214696980476027
severe_execution,1,2026-06-24T18:06:38.762149+00:00,0x3d07d4fd8f80b13ff82b8a59ac4e27ef61cee1ca5f5e8b639dd421a3a7bc2fcb,SOL,YES,low,medium,medium,0.09999999999999999,0.010000000000000009,0.2730108226125064,0.09105040606016526,0.01,False,0.0224,-0.0063629715222678455
severe_execution,1,2026-06-24T18:10:32.759091+00:00,0xe3120089fce1f1a743fc240f0033561fca78ae3088352a0f3f52413a0a0b39cb,BTC,YES,low,medium,high,0.04999999999999995,0.010000000000000009,0.0,0.0,0.01,False,0.5,0.014999999999999968
severe_execution,1,2026-06-24T18:10:48.754900+00:00,0x2a8f1b4db2834d8f740fa140f88d4c2cd7464241d37403fce3ab3bc53ee78792,ETH,NO,low,medium,high,0.06999999999999997,0.010000000000000009,0.0,0.0,0.01,False,0.13268000000000002,0.006633999999999995
severe_execution,1,2026-06-24T18:11:20.766968+00:00,0x2a8f1b4db2834d8f740fa140f88d4c2cd7464241d37403fce3ab3bc53ee78792,ETH,YES,low,medium,medium,-0.059999999999999984,0.010000000000000009,0.0,0.16258377914341646,0.01,True,0.0,-0.0
severe_execution,1,2026-06-24T18:20:04.756204+00:00,0x3d34074cabf8c0c7082b719f8b1d246fbf3344709e9dceb7baf2a9e21d9dcd71,BTC,YES,low,medium,medium,-0.13000000000000003,0.010000000000000009,0.0,0.0,0.01,False,0.5,-0.07500000000000002
severe_execution,1,2026-06-24T18:20:30.755092+00:00,0x3d34074cabf8c0c7082b719f8b1d246fbf3344709e9dceb7baf2a9e21d9dcd71,BTC,YES,low,medium,medium,-0.05499999999999998,0.010000000000000009,0.0,0.11072032429314599,0.01,False,0.16663999999999998,-0.030948434840209847
severe_execution,1,2026-06-24T18:20:36.756990+00:00,0x063b6476f22b96ffa4e2b1b40b6be64b68228f02258cf4f2cb5ae83ecbf708fd,ETH,YES,medium,medium,medium,0.04999999999999995,0.010000000000000009,0.0,0.09359079340933829,0.01,False,0.0824,-0.00523988137692948
severe_execution,1,2026-06-24T18:20:40.753306+00:00,0x3d34074cabf8c0c7082b719f8b1d246fbf3344709e9dceb7baf2a9e21d9dcd71,BTC,YES,low,medium,medium,-0.059999999999999984,0.010000000000000009,0.009728683199870197,0.014403620118694076,0.01,False,0.5,-0.05206615165928213
severe_execution,1,2026-06-24T18:20:52.756246+00:00,0x3d34074cabf8c0c7082b719f8b1d246fbf3344709e9dceb7baf2a9e21d9dcd71,BTC,YES,low,medium,medium,0.039999999999999994,0.010000000000000009,0.0,0.02686367562358341,0.01,False,0.5,-0.003431837811791713
severe_execution,1,2026-06-24T18:20:54.762187+00:00,0x3d34074cabf8c0c7082b719f8b1d246fbf3344709e9dceb7baf2a9e21d9dcd71,BTC,YES,low,medium,medium,0.010000000000000026,0.010000000000000009,0.3985675157356353,0.09281988852114793,0.01,False,0.5,-0.2506937021283916
severe_execution,1,2026-06-24T18:21:06.764841+00:00,0x3d34074cabf8c0c7082b719f8b1d246fbf3344709e9dceb7baf2a9e21d9dcd71,BTC,YES,low,medium,medium,-0.05000000000000003,0.010000000000000009,0.2366423969169435,0.07110697457957693,0.01,False,0.2246,-0.0848425088381185
severe_execution,1,2026-06-24T18:21:10.764191+00:00,0x3d34074cabf8c0c7082b719f8b1d246fbf3344709e9dceb7baf2a9e21d9dcd71,BTC,YES,low,medium,medium,0.020000000000000035,0.010000000000000009,0.006498584986868321,0.01564508222269323,0.01,False,0.5,-0.011071833604780763
severe_execution,1,2026-06-24T18:21:12.754338+00:00,0x3d34074cabf8c0c7082b719f8b1d246fbf3344709e9dceb7baf2a9e21d9dcd71,BTC,YES,low,medium,medium,-0.06000000000000004,0.010000000000000009,0.25805875990634797,0.0622333526116413,0.01,False,0.5,-0.20014605625899468
severe_execution,1,2026-06-24T18:21:14.759655+00:00,0x3d34074cabf8c0c7082b719f8b1d246fbf3344709e9dceb7baf2a9e21d9dcd71,BTC,YES,low,high,medium,0.19499999999999998,0.030000000000000027,0.0,0.044674333284961974,0.01,False,0.16,0.017652106674406077
severe_execution,1,2026-06-24T18:23:18.758759+00:00,0x3d34074cabf8c0c7082b719f8b1d246fbf3344709e9dceb7baf2a9e21d9dcd71,BTC,YES,low,medium,medium,0.01500000000000003,0.020000000000000018,0.4296850426425289,0.015261884133223812,0.01,False,0.28592,-0.1315080253037232
severe_execution,1,2026-06-24T18:26:40.754541+00:00,0x0f58baf57772722db394290841df2a23b89d3ef388a740790fe4356e58669164,ETH,NO,low,medium,medium,-0.38,0.020000000000000018,0.0,0.07034487619545386,0.01,False,0.04,-0.019213795047818158
severe_execution,1,2026-06-24T18:32:18.765892+00:00,0xbde68413691d686e0741615c9dad23d2669c8cfcdd14efb81d2fd53260602d61,SOL,NO,low,medium,medium,0.05,0.010000000000000009,0.04986191288602214,0.030982942335020348,0.01,False,0.02,-0.00101689710442085
severe_execution,1,2026-06-24T18:32:28.765868+00:00,0xbde68413691d686e0741615c9dad23d2669c8cfcdd14efb81d2fd53260602d61,SOL,NO,low,medium,medium,-0.10000000000000002,0.010000000000000009,0.09932302342435555,0.015786684378808473,0.01,False,0.0448,-0.01053291490958175
severe_execution,1,2026-06-24T18:32:34.767339+00:00,0xbde68413691d686e0741615c9dad23d2669c8cfcdd14efb81d2fd53260602d61,SOL,NO,low,medium,medium,-0.09999999999999999,0.010000000000000009,0.0,0.08293896008283895,0.01,True,0.0,-0.0
severe_execution,1,2026-06-24T18:32:36.756754+00:00,0xbde68413691d686e0741615c9dad23d2669c8cfcdd14efb81d2fd53260602d61,SOL,NO,low,medium,medium,0.025000000000000012,0.010000000000000009,0.0,0.12645944662124303,0.01,False,0.02,-0.0024291889324248605
severe_execution,1,2026-06-24T18:32:38.763486+00:00,0xbde68413691d686e0741615c9dad23d2669c8cfcdd14efb81d2fd53260602d61,SOL,NO,low,high,medium,-0.07500000000000002,0.06000000000000005,0.5022926918769537,0.06829355888080726,0.01,True,0.0,-0.0
severe_execution,1,2026-06-24T18:32:40.753774+00:00,0xbde68413691d686e0741615c9dad23d2669c8cfcdd14efb81d2fd53260602d61,SOL,NO,low,medium,medium,0.030000000000000016,0.010000000000000009,0.0,0.08715199508814812,0.01,True,0.0,-0.0
severe_execution,1,2026-06-24T18:32:58.758626+00:00,0xbde68413691d686e0741615c9dad23d2669c8cfcdd14efb81d2fd53260602d61,SOL,NO,low,high,medium,-0.05000000000000003,0.05999999999999994,0.0,0.04645117176785086,0.01,False,0.40132,-0.0668001842538739
severe_execution,1,2026-06-24T18:33:00.765000+00:00,0xbde68413691d686e0741615c9dad23d2669c8cfcdd14efb81d2fd53260602d61,SOL,NO,low,medium,medium,0.014999999999999975,0.019999999999999907,0.0,0.04591865723937797,0.01,False,0.12240000000000001,-0.007456443646099855
severe_execution,1,2026-06-24T18:51:52.760600+00:00,0x76ceb5966715afdbb09250dea84bccfc837e72c59d375b0ca15e03fcc417fb4e,SOL,YES,low,medium,medium,-0.06999999999999999,0.010000000000000009,0.019805742859652878,0.049568548427321654,0.01,True,0.0,-0.0
severe_execution,1,2026-06-24T18:51:54.765991+00:00,0x76ceb5966715afdbb09250dea84bccfc837e72c59d375b0ca15e03fcc417fb4e,SOL,YES,low,medium,medium,0.039999999999999994,0.010000000000000009,0.0,0.07604479625170352,0.01,True,0.0,-0.0
severe_execution,1,2026-06-24T18:51:56.756813+00:00,0x76ceb5966715afdbb09250dea84bccfc837e72c59d375b0ca15e03fcc417fb4e,SOL,YES,low,high,medium,0.01500000000000003,0.030000000000000027,0.49647267771102255,0.06964398625291462,0.01,False,0.19424,-0.11481850080835515
severe_execution,1,2026-06-24T18:52:10.764773+00:00,0x768552d5316e123aaa73080f47f5e8f4e0ba7553daff6a1d32fa8d9ed5552775,ETH,YES,low,medium,medium,0.059999999999999956,0.010000000000000009,0.0,0.031331818154620064,0.01,False,0.05428,0.00047050891056722006
severe_execution,1,2026-06-24T18:52:48.766058+00:00,0x768552d5316e123aaa73080f47f5e8f4e0ba7553daff6a1d32fa8d9ed5552775,ETH,YES,low,low,medium,0.014999999999999975,0.009999999999999953,0.0,0.06850626312143018,0.01,False,0.5,-0.03675313156071508
severe_execution,1,2026-06-24T18:52:48.766058+00:00,0x76ceb5966715afdbb09250dea84bccfc837e72c59d375b0ca15e03fcc417fb4e,SOL,YES,low,low,medium,-0.07000000000000005,0.009999999999999953,0.0,0.10271450311771918,0.01,False,0.02,-0.003854290062354384
severe_execution,1,2026-06-24T18:52:52.763973+00:00,0x76ceb5966715afdbb09250dea84bccfc837e72c59d375b0ca15e03fcc417fb4e,SOL,YES,low,medium,medium,0.020000000000000035,0.010000000000000009,0.0,0.05574818729377838,0.01,False,0.132,-0.007358760722778744
severe_execution,1,2026-06-24T18:53:46.759987+00:00,0x76ceb5966715afdbb09250dea84bccfc837e72c59d375b0ca15e03fcc417fb4e,SOL,YES,medium,low,medium,0.09999999999999999,0.009999999999999953,0.7081864532100797,0.007614457957491419,0.01,False,0.312,-0.19836988428428215
severe_execution,1,2026-06-24T19:00:16.766958+00:00,0x6f14d199dafd35a5f545aad500e9cd65eaf22a2bf1a522817da62c57245246f4,SOL,NO,low,medium,medium,0.020000000000000035,0.010000000000000009,0.0,0.023168624616841552,0.01,True,0.0,-0.0
severe_execution,1,2026-06-24T19:00:20.764327+00:00,0x6f14d199dafd35a5f545aad500e9cd65eaf22a2bf1a522817da62c57245246f4,SOL,NO,low,high,medium,-0.06499999999999999,0.050000000000000044,0.0,0.06163258226361646,0.01,False,0.0448,-0.008361139685410019
severe_execution,1,2026-06-24T19:00:26.766094+00:00,0x6f14d199dafd35a5f545aad500e9cd65eaf22a2bf1a522817da62c57245246f4,SOL,NO,low,medium,medium,0.014999999999999975,0.019999999999999907,0.0,0.019603346753975622,0.01,False,0.172,-0.005951775641683795
severe_execution,1,2026-06-24T19:00:34.758570+00:00,0x6f14d199dafd35a5f545aad500e9cd65eaf22a2bf1a522817da62c57245246f4,SOL,NO,low,medium,medium,-0.06999999999999999,0.010000000000000009,0.07167200932466852,0.013212796451015469,0.01,True,0.0,-0.0
severe_execution,1,2026-06-24T19:00:46.763874+00:00,0x6f14d199dafd35a5f545aad500e9cd65eaf22a2bf1a522817da62c57245246f4,SOL,NO,low,low,medium,0.010000000000000026,0.009999999999999898,0.0,0.10044505999912198,0.01,False,0.08,-0.008835604799929748
severe_execution,1,2026-06-24T19:01:30.763622+00:00,0x6f14d199dafd35a5f545aad500e9cd65eaf22a2bf1a522817da62c57245246f4,SOL,NO,low,medium,medium,-0.05000000000000003,0.010000000000000009,0.15581673823150669,0.07794817390679809,0.01,False,0.14848,-0.0451030141542955
severe_execution,1,2026-06-24T19:02:02.766777+00:00,0x9828065f135b73cbb04da613189035c96beca24508e8d4b15f9a9b670b7519eb,ETH,NO,low,medium,medium,0.01999999999999998,0.010000000000000009,0.2798966137407114,0.07927316291939081,0.01,False,0.09620000000000001,-0.034552132514701836
severe_execution,1,2026-06-24T19:02:02.766777+00:00,0x6f14d199dafd35a5f545aad500e9cd65eaf22a2bf1a522817da62c57245246f4,SOL,NO,low,medium,high,0.06000000000000001,0.020000000000000018,0.0,0.0,0.01,True,0.0,0.0
severe_execution,1,2026-06-24T19:02:04.757011+00:00,0x6f14d199dafd35a5f545aad500e9cd65eaf22a2bf1a522817da62c57245246f4,SOL,NO,low,medium,medium,-0.11499999999999998,0.019999999999999907,0.45344089204813265,0.16400125814351493,0.01,False,0.02,-0.015248843003832951
severe_execution,1,2026-06-24T19:02:06.762138+00:00,0x6f14d199dafd35a5f545aad500e9cd65eaf22a2bf1a522817da62c57245246f4,SOL,NO,low,medium,medium,0.02999999999999999,0.010000000000000009,0.0,0.14782759895009157,0.01,False,0.0448,-0.0061746764329641025
severe_execution,1,2026-06-24T19:02:08.753956+00:00,0x6f14d199dafd35a5f545aad500e9cd65eaf22a2bf1a522817da62c57245246f4,SOL,NO,low,high,medium,-0.06999999999999999,0.030000000000000027,0.5803820945575641,0.07824399618840684,0.01,False,0.02,-0.015372521814919419
severe_execution,1,2026-06-24T19:02:34.760304+00:00,0x6f14d199dafd35a5f545aad500e9cd65eaf22a2bf1a522817da62c57245246f4,SOL,NO,low,medium,medium,0.010000000000000026,0.010000000000000009,0.0,0.023368098358285978,0.01,False,0.0696,-0.002322419645736703
severe_execution,1,2026-06-24T19:12:34.759652+00:00,0x1aee94333f9f59a16641bfb6bb79781128bfc7c762e6ec35a3e28ae595c8f710,ETH,YES,low,low,medium,-0.03,0.01,0.0,0.0,0.01,True,0.0,-0.0
severe_execution,1,2026-06-24T19:15:48.754190+00:00,0x4982ded7e4b9233220595f26cc997fa151f1902c8893a0a78a52d656b5fdb3d4,ETH,NO,medium,medium,medium,-0.08,0.010000000000000009,0.0,0.13739562318499687,0.01,False,0.14,-0.03323538724589957
severe_execution,1,2026-06-24T19:15:50.760306+00:00,0xb802375b899f20776320f8a3ad101bd8c4a32ff81a436fcc308a140cc33d96bf,BTC,NO,low,medium,medium,0.010000000000000026,0.010000000000000009,0.0,0.08372315459325383,0.01,False,0.5,-0.046861577296626905
severe_execution,1,2026-06-24T19:15:50.760306+00:00,0x4982ded7e4b9233220595f26cc997fa151f1902c8893a0a78a52d656b5fdb3d4,ETH,NO,medium,medium,medium,0.03499999999999999,0.010000000000000009,0.0,0.0952678509119113,0.01,False,0.15152000000000002,-0.012162184770172803
severe_execution,1,2026-06-24T19:25:34.759452+00:00,0x6e39d066f4cd8679f901216c55834139a9ad2240af38a11b09b63b0473e2b84b,SOL,YES,low,medium,medium,0.010000000000000026,0.010000000000000009,0.0,0.04727147409841956,0.01,False,0.26880000000000004,-0.015394572237655176
severe_execution,1,2026-06-24T19:26:04.757062+00:00,0x6e39d066f4cd8679f901216c55834139a9ad2240af38a11b09b63b0473e2b84b,SOL,YES,low,medium,medium,0.07500000000000002,0.010000000000000009,0.0,0.10997627346787076,0.01,True,0.0,-0.0
severe_execution,1,2026-06-24T19:37:46.757371+00:00,0xfedc3df4cb1db1fc866524795ac2fcdf9941f43010b9c15e487a333e6f266394,SOL,YES,low,medium,high,0.010000000000000026,0.010000000000000009,0.0,0.0,0.01,False,0.5,-0.004999999999999991
severe_execution,1,2026-06-24T19:37:50.757198+00:00,0xfedc3df4cb1db1fc866524795ac2fcdf9941f43010b9c15e487a333e6f266394,SOL,YES,low,medium,medium,-0.09999999999999996,0.010000000000000009,0.0,0.04682569471749898,0.01,False,0.1522,-0.025390870736003344
severe_execution,1,2026-06-24T19:41:20.756922+00:00,0x7001dd0099cdee5fbb1efe846336e41812c524e7585b6f7c9a0a5c9882f114b9,SOL,NO,low,medium,medium,0.03999999999999994,0.010000000000000009,0.0,0.07887871412197597,0.01,False,0.1448,-0.008525637804862133
severe_execution,1,2026-06-24T19:48:44.761661+00:00,0x4f55d140209fd0d5a7745de8f8a0f150f3b6097aedbaeee7d1a0618c0c3d7bb8,ETH,NO,low,medium,medium,0.06999999999999997,0.010000000000000009,0.026516136237225207,0.10248794643302134,0.01,False,0.0664,-0.005245871089304373
severe_execution,1,2026-06-24T19:53:26.758012+00:00,0x3ba3b3f951b2628ef716722de268dd5e244f8d45fd355168fab2e3b85af75128,SOL,NO,low,medium,high,-0.0315,0.010000000000000009,0.0,0.0,0.01,False,0.5,-0.025750000000000006
severe_execution,1,2026-06-24T20:01:06.759646+00:00,0x88fd0bf02fe557e16419750274baafa5fd89a12437e7d4215161d95a77cc069e,SOL,NO,low,medium,medium,-0.05,0.010000000000000009,0.0,0.4394489842497163,0.01,False,0.04,-0.020377959369988652
severe_execution,1,2026-06-24T20:01:08.765938+00:00,0x99160df581693bc7fa4ad76b5fe823f5346ef5cb655f1e8650a60c30a642c0ac,BTC,YES,low,high,medium,0.29,0.04999999999999999,0.4416869050719875,0.14421849860339367,0.01,True,0.0,-0.0
severe_execution,1,2026-06-24T20:08:34.761066+00:00,0xd14dfda063d0d2dafe354fe938c73ea7643db9f344cf11598794d252f8d453a1,BTC,NO,low,low,medium,-0.018,0.0050000000000000044,0.0,0.0,0.01,False,0.5,-0.0165
severe_execution,1,2026-06-24T20:13:52.754397+00:00,0xf8776b5271ce59d683b9da736a42f8139c58e4093ad342ae1288f9addc1b3cfe,BTC,NO,low,medium,medium,-0.06499999999999999,0.020000000000000018,0.0,0.047549454106277686,0.01,False,0.5,-0.07127472705313885
severe_execution,1,2026-06-24T20:13:56.764659+00:00,0xf8776b5271ce59d683b9da736a42f8139c58e4093ad342ae1288f9addc1b3cfe,BTC,NO,low,high,medium,-0.12999999999999998,0.030000000000000027,0.0,0.0317326096485651,0.01,False,0.5,-0.10086630482428255
severe_execution,1,2026-06-24T20:17:30.756983+00:00,0x9c3ac652cc797ed5fdf7c5717c58c9ce007e9fabecc76e1454bf2d8db03c7150,BTC,YES,low,medium,medium,-0.06000000000000004,0.010000000000000009,0.0,0.06773532212251052,0.01,True,0.0,-0.0
severe_execution,1,2026-06-24T20:17:34.755355+00:00,0x9c3ac652cc797ed5fdf7c5717c58c9ce007e9fabecc76e1454bf2d8db03c7150,BTC,YES,low,medium,medium,0.020000000000000035,0.010000000000000009,0.0,0.07996873430436972,0.01,True,0.0,-0.0
severe_execution,1,2026-06-24T20:17:38.755356+00:00,0x9c3ac652cc797ed5fdf7c5717c58c9ce007e9fabecc76e1454bf2d8db03c7150,BTC,YES,low,medium,medium,0.010000000000000026,0.010000000000000009,0.05055038536455602,0.03125153355770342,0.01,True,0.0,-0.0
severe_execution,1,2026-06-24T20:17:48.756472+00:00,0x9c3ac652cc797ed5fdf7c5717c58c9ce007e9fabecc76e1454bf2d8db03c7150,BTC,YES,low,low,medium,0.04999999999999995,0.009999999999999898,0.025368559914899624,0.014643292106966155,0.01,False,0.081,-0.0008109600137711241
severe_execution,1,2026-06-24T20:18:06.756462+00:00,0x9c3ac652cc797ed5fdf7c5717c58c9ce007e9fabecc76e1454bf2d8db03c7150,BTC,YES,medium,medium,medium,-0.055000000000000035,0.019999999999999907,0.19675808883165657,0.024028854556960594,0.01,False,0.5,-0.15289347169430856
severe_execution,1,2026-06-24T20:18:34.759712+00:00,0x9c3ac652cc797ed5fdf7c5717c58c9ce007e9fabecc76e1454bf2d8db03c7150,BTC,YES,low,medium,medium,0.029999999999999933,0.010000000000000009,0.0,0.01592500421083896,0.01,True,0.0,-0.0
severe_execution,1,2026-06-24T20:18:42.754973+00:00,0x9c3ac652cc797ed5fdf7c5717c58c9ce007e9fabecc76e1454bf2d8db03c7150,BTC,YES,low,high,medium,0.01500000000000003,0.039999999999999925,0.0,0.11231130255688966,0.01,False,0.28816,-0.0424492249447933
severe_execution,1,2026-06-24T20:23:28.766404+00:00,0x664abf9e27ed69e80bbe4cc0517b8a125ca044c42ad3357a7c7af2ed9436c74e,SOL,NO,low,medium,medium,0.09999999999999999,0.010000000000000009,0.04987172639431192,0.030858763567485417,0.01,False,0.09408,-6.872449560589526e-05
severe_execution,1,2026-06-24T20:31:42.764262+00:00,0x4dd3a21158dc2341d429921b0f01d6ef1d5b1b88544a4e1166825c85360a31f3,SOL,YES,low,medium,medium,0.05000000000000006,0.010000000000000009,0.0,0.0,0.01,True,0.0,0.0
severe_execution,1,2026-06-24T20:50:08.762751+00:00,0x8faf001f0cb0420fe9216e45664d43db363e1235986c35e425847671efe887b9,SOL,NO,low,medium,high,0.35,0.010000000000000009,0.0,0.0,0.01,False,0.08,0.026399999999999996
severe_execution,1,2026-06-24T20:50:34.755582+00:00,0xb5b2cc6f7e364320387000357dcec77c8e290b19a91515fda9f1eba110a7206b,ETH,YES,low,medium,medium,-0.02,0.010000000000000009,0.0,0.0,0.01,False,0.08,-0.0032000000000000006
severe_execution,1,2026-06-24T20:50:58.754381+00:00,0x8faf001f0cb0420fe9216e45664d43db363e1235986c35e425847671efe887b9,SOL,YES,medium,medium,high,-0.39,0.010000000000000009,0.0,0.0,0.01,False,0.1,-0.04100000000000001
severe_execution,1,2026-06-24T20:51:14.759775+00:00,0xa18f20c9d7af10ea829ba2117f462eed5781ccb83a3b11964e8464ea1bee0872,BTC,NO,medium,medium,high,0.010000000000000026,0.010000000000000009,0.0,0.0,0.01,False,0.38027999999999995,-0.003802799999999993
severe_execution,1,2026-06-24T20:51:18.756585+00:00,0xb5b2cc6f7e364320387000357dcec77c8e290b19a91515fda9f1eba110a7206b,ETH,NO,medium,medium,high,-0.02,0.010000000000000009,0.0,0.0,0.01,False,0.08,-0.0032000000000000006
severe_execution,1,2026-06-24T20:52:00.752541+00:00,0xa18f20c9d7af10ea829ba2117f462eed5781ccb83a3b11964e8464ea1bee0872,BTC,NO,medium,medium,medium,0.07499999999999997,0.020000000000000018,0.0,0.03984645520062089,0.01,False,0.24,0.0012368507518509745
severe_execution,1,2026-06-24T21:05:24.762965+00:00,0xaa2029eae1454eff4dd2950180ce1a61bf2cc891c5bac51d9e0a15f22cddbee9,BTC,NO,low,medium,medium,-0.06000000000000004,0.010000000000000009,0.0,0.08116294084214934,0.01,True,0.0,-0.0
severe_execution,1,2026-06-24T21:06:00.760134+00:00,0xaa2029eae1454eff4dd2950180ce1a61bf2cc891c5bac51d9e0a15f22cddbee9,BTC,NO,low,medium,medium,-0.08500000000000006,0.020000000000000018,0.0,0.07315725034359985,0.01,False,0.5,-0.09407862517179996
severe_execution,1,2026-06-24T21:06:02.752654+00:00,0xaa2029eae1454eff4dd2950180ce1a61bf2cc891c5bac51d9e0a15f22cddbee9,BTC,NO,low,medium,medium,-0.09000000000000001,0.010000000000000009,0.0,0.10597761126613536,0.01,False,0.5,-0.1079888056330677
severe_execution,1,2026-06-24T21:17:38.763105+00:00,0x937f6ce7ec05a5cf598e814d8b21ca1b03831a607d67f7a737b4b455195b6347,ETH,YES,low,medium,medium,0.02999999999999999,0.010000000000000009,0.37556351157307927,0.0,0.01,True,0.0,-0.0
severe_execution,1,2026-06-24T21:22:02.765156+00:00,0xc6ef5efefe52337535ef640dc5214f2cfca21f24db5da5f6461bb61b04d1757b,SOL,NO,medium,medium,medium,0.09999999999999994,0.010000000000000009,0.0,0.0,0.01,False,0.0224,0.0017919999999999985
severe_execution,1,2026-06-24T21:22:20.752241+00:00,0xc6ef5efefe52337535ef640dc5214f2cfca21f24db5da5f6461bb61b04d1757b,SOL,NO,low,medium,medium,-0.12000000000000004,0.010000000000000009,0.0,0.17100236177447692,0.01,True,0.0,-0.0
severe_execution,1,2026-06-24T21:23:58.762346+00:00,0xc6ef5efefe52337535ef640dc5214f2cfca21f24db5da5f6461bb61b04d1757b,SOL,NO,medium,medium,medium,0.2849999999999999,0.010000000000000009,0.33589103445683177,0.09789909553349575,0.01,False,0.02,-0.0033758025998065523
severe_execution,1,2026-06-24T22:03:08.763973+00:00,0x8d3e7e3c36b3e5d1112c98d87518a00383581755190d5a55edc69c26749c1f59,ETH,NO,low,medium,medium,0.05,0.010000000000000009,0.09618193871305639,0.03267126657980822,0.01,True,0.0,-0.0
severe_execution,1,2026-06-25T00:06:46.764238+00:00,0xd65cb4f9d9b3cd9e0726c6723aaedeea6270e2b27f07e8d8d75fb866fc66efda,SOL,YES,medium,high,medium,0.365,0.8600000000000001,0.0,0.7419063756696568,0.01,False,0.0272,-0.03391585341821467
severe_execution,1,2026-06-25T02:56:12.762022+00:00,0xdc50528ddd95715389bece5e22c3924ab255ac03cc50a796d14fc1536f99e645,BTC,NO,low,medium,medium,0.14000000000000004,0.010000000000000009,0.0,0.017426087840484293,0.01,False,0.5,0.05128695607975787
severe_execution,1,2026-06-25T03:15:10.763656+00:00,0xd64b2ce5267698719de20d05b135368962c8a4f1835384f18f0605ccaac199d5,BTC,NO,medium,medium,medium,0.31999999999999995,0.010000000000000009,0.05595430036982402,0.017483922084523058,0.01,True,0.0,0.0
severe_execution,1,2026-06-25T03:15:10.763656+00:00,0xe9b43bb6aa0a0aa923a5b7ea6e70758b5f517507971004160627be84bdb0dbe3,SOL,NO,medium,medium,medium,0.32999999999999996,0.010000000000000009,0.0,0.01747395591965279,0.01,False,0.08,0.023402083526427774
severe_execution,2,2026-06-25T20:08:34.804565+00:00,0xee90821efc94653c995d4583794da5c87e3c033a1e0a24f1f4ee824d2357c750,BTC,NO,low,medium,medium,-0.06000000000000004,0.010000000000000009,0.0,0.04632133173338801,0.01,False,0.5,-0.06316066586669403
severe_execution,2,2026-06-25T22:25:40.815254+00:00,0x42561c5c6f58ab741b19c250935435977309241d54a0c21753c74a382c8bf1ec,SOL,NO,low,high,medium,0.05500000000000001,0.05999999999999994,0.0,0.33182396280372045,0.01,True,0.0,-0.0
severe_execution,2,2026-06-25T23:30:14.811724+00:00,0x78e6a3146dd778fc3150db6ba5f2fe3b701ff446bbaff21453236e84bee5434d,SOL,NO,medium,high,medium,0.039999999999999994,0.04999999999999993,0.0,0.34220093417849945,0.01,False,0.02,-0.0072440186835699884
severe_execution,2,2026-06-25T23:37:52.815776+00:00,0x953e34839580df1f86da756ce29e11f3a83588f2d7c5a8b5146bbe13c3ad7f35,BTC,NO,low,medium,medium,0.38,0.010000000000000009,0.3687648099405622,0.012214818977281858,0.01,True,0.0,-0.0
severe_execution,2,2026-06-26T02:21:20.818691+00:00,0xe92b6aa7834be28be01989eb9239f7bc730eef595bb9081c81db7640532437a3,SOL,NO,low,medium,medium,0.020000000000000035,0.010000000000000009,0.4157176715489526,0.10019616693648033,0.01,False,0.0424,-0.021874746751782356
severe_execution,2,2026-06-26T02:31:04.812637+00:00,0x0d8fce3554cb6a7e22dac3a088ee1b258895693bde0bdce58ef37a2d50eb0f3a,ETH,YES,low,medium,medium,0.035000000000000045,0.020000000000000018,0.17126963624998287,0.03236546200957666,0.01,False,0.020120000000000002,-0.0039965381769823385
severe_execution,2,2026-06-26T02:35:42.806769+00:00,0x136e15d4a85563899e310f043e14992b3ea9f163c94c722c836f29143ac271f4,ETH,NO,low,medium,medium,0.04000000000000005,0.010000000000000009,0.0,0.05232895026952801,0.01,False,0.02,-0.0006465790053905594
severe_execution,2,2026-06-26T02:40:48.805212+00:00,0x8e4bcd7de404304d78ffd6801cda6a969cd3550ebe3dbc28e4c0b8ff9938a14a,SOL,YES,low,medium,medium,0.13999999999999999,0.010000000000000009,0.0,0.0,0.01,True,0.0,0.0
severe_execution,2,2026-06-26T02:51:38.817347+00:00,0xe508261496efeb201653b58e80e7f513fc39987412717485e6b55bb061579c69,ETH,NO,low,medium,medium,0.039999999999999994,0.010000000000000009,0.11170198408139924,0.02655163780990925,0.01,False,0.0906,-0.01071377814335255
severe_execution,2,2026-06-26T02:51:56.806004+00:00,0xe508261496efeb201653b58e80e7f513fc39987412717485e6b55bb061579c69,ETH,NO,low,medium,medium,0.030000000000000044,0.010000000000000009,0.0,0.037454201815976654,0.01,False,0.04632,-0.0012716786281160369
severe_execution,2,2026-06-26T02:52:32.804179+00:00,0xc3f03ff87f66c7f90f0170c31343b35b3d222c9592259bb603fe0832409a0fdf,BTC,NO,low,medium,medium,0.02999999999999999,0.010000000000000009,0.0,0.11186632105165713,0.01,False,0.16,-0.016298611368265145
severe_execution,2,2026-06-26T02:52:32.804179+00:00,0xe508261496efeb201653b58e80e7f513fc39987412717485e6b55bb061579c69,ETH,NO,low,medium,medium,0.06999999999999997,0.010000000000000009,0.0,0.06224830893004363,0.01,False,0.144,-0.0017637564859262886
severe_execution,2,2026-06-26T02:57:22.804967+00:00,0x26d1ef52a5ebf5babad8932669762730e15bd1a446a00e43d9be96da4efc83c4,ETH,NO,low,medium,medium,0.115,0.010000000000000009,0.0,0.0,0.01,False,0.2,0.019000000000000003
severe_execution,2,2026-06-26T03:00:38.803974+00:00,0x63edaf8ffd40b636dc86e7c49b6296c604d4ea5caa43b031869f3147e21dd62b,SOL,YES,low,high,medium,-0.085,0.10000000000000003,0.0,0.25978383738672717,0.01,False,0.12792,-0.05817594847851015
severe_execution,2,2026-06-26T03:01:24.814231+00:00,0xc358642287952e08f2fbbd5a90f7574d73a87685780ca454b0efda7e9e598cd4,ETH,NO,high,medium,medium,0.20500000000000004,0.010000000000000009,0.006599095963391165,0.013268648883302352,0.01,True,0.0,0.0
severe_execution,2,2026-06-26T03:03:32.816621+00:00,0x63edaf8ffd40b636dc86e7c49b6296c604d4ea5caa43b031869f3147e21dd62b,SOL,YES,low,medium,medium,0.19000000000000009,0.010000000000000009,0.0,0.02534205415741298,0.01,False,0.04,0.005786317833703484
severe_execution,2,2026-06-26T03:05:08.804343+00:00,0x45454c0281a47979043962ffc486828eaf366f6e60c61c60460810e7425f44a1,BTC,NO,low,medium,medium,0.059999999999999956,0.010000000000000009,0.2817997796590551,0.06263715330882598,0.01,False,0.09043999999999999,-0.02753327621761517
severe_execution,2,2026-06-26T03:06:02.818025+00:00,0xa16a5cae23414513a2199fe036ffb3c48978064e3c53b7d9b2ae57ee97de8bff,ETH,NO,low,medium,medium,0.045,0.010000000000000009,0.0,0.0,0.01,False,0.04,0.0009999999999999996
severe_execution,2,2026-06-26T03:06:28.814788+00:00,0x200710e3e43d33b143ccd80d0a2e3a265017d2dc75281f8951b674131c3f26bb,SOL,NO,medium,high,medium,0.08499999999999998,0.040000000000000036,0.4640227752431305,0.07276251537964351,0.01,False,0.024,-0.01204284697494658
severe_execution,2,2026-06-26T03:16:38.807970+00:00,0x3fa0111e36690372aa90e248420ec855bd7c896e4868c9f32998c6f075384169,ETH,YES,low,medium,medium,0.11,0.010000000000000009,0.0,0.013122399746875695,0.01,True,0.0,0.0
severe_execution,2,2026-06-26T03:32:26.818047+00:00,0x0b97e37bec2a876f4ff7b37c51c8895e26ea39d6e3a2d9cb9ddbe6b457ce8860,SOL,YES,high,high,medium,0.21000000000000005,0.04999999999999999,0.29066344869385585,0.10326292791687347,0.01,False,0.02,-0.0048785275322145855
severe_execution,2,2026-06-26T03:55:08.803525+00:00,0x4899182aad7398c555f2a57cd6737598b159c5e6aa63bb73b798e6026f8b0094,SOL,NO,medium,low,medium,0.07999999999999997,0.009999999999999953,0.4171118817931899,0.11353227392761113,0.01,True,0.0,-0.0
severe_execution,2,2026-06-26T03:55:16.816237+00:00,0x4899182aad7398c555f2a57cd6737598b159c5e6aa63bb73b798e6026f8b0094,SOL,NO,low,low,medium,-0.08000000000000006,0.009999999999999953,0.0,0.06715734074342176,0.01,False,0.045439999999999994,-0.007595629563381085
severe_execution,2,2026-06-26T03:57:48.804438+00:00,0x4899182aad7398c555f2a57cd6737598b159c5e6aa63bb73b798e6026f8b0094,SOL,NO,medium,high,medium,-0.055000000000000035,0.06,0.4127323517799176,0.1273262633509849,0.01,False,0.0224,-0.014897312978932218
severe_execution,2,2026-06-26T03:57:58.809960+00:00,0x4899182aad7398c555f2a57cd6737598b159c5e6aa63bb73b798e6026f8b0094,SOL,NO,low,high,medium,0.035000000000000045,0.040000000000000036,0.0966705315010179,0.006628009387813724,0.01,False,0.1,-0.011829854088883162
severe_execution,2,2026-06-26T03:58:02.810248+00:00,0x4899182aad7398c555f2a57cd6737598b159c5e6aa63bb73b798e6026f8b0094,SOL,NO,medium,medium,medium,0.08999999999999998,0.010000000000000009,0.0,0.038849920111052115,0.01,False,0.02,0.0006230015977789572
severe_execution,2,2026-06-26T03:58:28.812680+00:00,0x4899182aad7398c555f2a57cd6737598b159c5e6aa63bb73b798e6026f8b0094,SOL,NO,medium,medium,medium,0.059999999999999956,0.010000000000000009,0.0,0.0,0.01,False,0.024,0.0009599999999999987
severe_execution,2,2026-06-26T04:00:06.817578+00:00,0xa931c0e10d5530f989373caa003629057063609e4005786b743bae537c217c34,SOL,NO,low,medium,medium,0.05499999999999995,0.020000000000000018,0.17711303973725856,0.020110638327569225,0.01,False,0.028,-0.004822262985815181
severe_execution,2,2026-06-26T04:00:20.812413+00:00,0x63cab951a7245a6f73b6e5e26a09e371e2feeeecc1e604537033a6353bf3944e,BTC,NO,medium,medium,medium,0.06500000000000002,0.010000000000000009,0.4979291691106949,0.0648286768135833,0.01,True,0.0,-0.0
severe_execution,2,2026-06-26T04:00:22.803330+00:00,0x63cab951a7245a6f73b6e5e26a09e371e2feeeecc1e604537033a6353bf3944e,BTC,NO,medium,medium,medium,0.14499999999999993,0.019999999999999962,0.32523980780722705,0.11370792956210633,0.01,False,0.02664,-0.008629967723519042
severe_execution,2,2026-06-26T06:53:30.812574+00:00,0x4ff498fe655344b90bf7a5b904a79a24821ad4553fd49596772479324346a029,SOL,NO,medium,high,medium,0.024999999999999984,0.07999999999999996,0.0,0.7355313779129833,0.01,True,0.0,-0.0
severe_execution,2,2026-06-26T06:53:32.804327+00:00,0x4ff498fe655344b90bf7a5b904a79a24821ad4553fd49596772479324346a029,SOL,NO,medium,medium,medium,-0.06999999999999999,0.010000000000000009,1.928124372047767,0.06254526289153313,0.01,False,0.22488,-0.4679009875051497
severe_execution,2,2026-06-26T07:05:48.811781+00:00,0x43005d0675491621f54ab6875a6c632e3ee1d0ec2022689ceef619343b23aa90,SOL,NO,low,medium,medium,0.029999999999999933,0.010000000000000009,0.13416246695095965,0.013967330934997262,0.01,True,0.0,-0.0
severe_execution,2,2026-06-26T07:06:38.804569+00:00,0x43005d0675491621f54ab6875a6c632e3ee1d0ec2022689ceef619343b23aa90,SOL,NO,low,medium,medium,-0.11000000000000003,0.010000000000000009,0.0,0.12475341028331588,0.01,False,0.1052,-0.026800058761804836
severe_execution,2,2026-06-26T07:06:40.809802+00:00,0x43005d0675491621f54ab6875a6c632e3ee1d0ec2022689ceef619343b23aa90,SOL,NO,low,medium,medium,-0.059999999999999984,0.010000000000000009,0.0,0.12543788178231652,0.01,False,0.044,-0.009039266798421926
severe_execution,2,2026-06-26T07:08:32.818104+00:00,0x43005d0675491621f54ab6875a6c632e3ee1d0ec2022689ceef619343b23aa90,SOL,NO,low,medium,medium,-0.07000000000000005,0.010000000000000009,0.23027687618717477,0.0417388913379707,0.01,False,0.0224,-0.00810915319256326
severe_execution,2,2026-06-26T07:40:34.806231+00:00,0xd26cee061a5b0d0f82fcb2457d5de1bb3334659b47dff621b8d511e56e10a868,BTC,NO,low,medium,medium,0.020000000000000035,0.010000000000000009,0.0,0.09172154443070282,0.01,True,0.0,-0.0
severe_execution,2,2026-06-26T07:40:34.806231+00:00,0xc84d4d834953770775dc2fef52283e2d3ae621102db7672f438730406001fa49,ETH,NO,low,medium,medium,0.11,0.020000000000000018,0.0,0.07711342910956823,0.01,True,0.0,0.0
severe_execution,2,2026-06-26T07:40:36.812020+00:00,0xd26cee061a5b0d0f82fcb2457d5de1bb3334659b47dff621b8d511e56e10a868,BTC,NO,low,medium,medium,0.019999999999999924,0.010000000000000009,0.4273923690688232,0.05625756248538602,0.01,False,0.5,-0.24182496577710466
severe_execution,2,2026-06-26T07:45:32.818637+00:00,0x7f26a6a9237c0ddf229911a7c90349ed1f8b495468cbf2c8182a92f7cfc7a0e8,ETH,YES,low,medium,medium,0.06000000000000001,0.010000000000000009,0.0,0.0,0.01,False,0.25356,0.010142400000000001
severe_execution,2,2026-06-26T07:45:38.808508+00:00,0x7f26a6a9237c0ddf229911a7c90349ed1f8b495468cbf2c8182a92f7cfc7a0e8,ETH,YES,low,medium,medium,0.039999999999999994,0.010000000000000009,0.0,0.14166052881426738,0.01,False,0.20264,-0.024653289558923142
severe_execution,2,2026-06-26T08:00:30.814345+00:00,0xe6a382ea25b9a95e964f4832e995c5e02cc31115908a9ef32975a67d8f3ede20,SOL,NO,low,medium,medium,0.10499999999999994,0.010000000000000009,0.0,0.0,0.01,True,0.0,0.0
severe_execution,3,2026-07-01T21:38:34.364551+00:00,0xccddd1603d20c4477f2ac4e9f226747d540c9f0fe9ebc85b76cbdd992afa90a5,SOL,YES,low,medium,low,0.18999999999999997,0.010000000000000009,0.0,0.0,0.01,False,0.02,0.0033999999999999994
severe_execution,3,2026-07-01T21:40:16.374459+00:00,0x1e62581fd9a1f2400a72b0ace91b1149d1dd03a3202a315563efea9499e0e23b,BTC,YES,low,medium,low,0.05000000000000006,0.010000000000000009,0.0,0.009470831102610548,0.01,False,0.01148,0.00023567485894203152
severe_execution,3,2026-07-01T21:40:22.365273+00:00,0x4c09abece310efe0c502e2b081a875d0020f5b30af3c45f19145efd6b791df0b,ETH,YES,medium,medium,low,0.06500000000000002,0.010000000000000009,0.05651441088298494,0.009384607977708924,0.01,False,0.104,-0.0021734979615121615
severe_execution,3,2026-07-01T21:40:22.365273+00:00,0x2729a97dbed765fa7f38618dc0399548892a2600fac0138be2d913602762d5e7,SOL,YES,low,medium,low,0.039999999999999994,0.010000000000000009,0.0,0.0,0.01,False,0.016800000000000002,0.00033599999999999976
severe_execution,3,2026-07-01T21:40:24.371334+00:00,0x2729a97dbed765fa7f38618dc0399548892a2600fac0138be2d913602762d5e7,SOL,YES,low,medium,low,0.08999999999999998,0.010000000000000009,0.3359155060929926,0.05914079382431541,0.01,False,0.1018,-0.03309073133158196
severe_execution,3,2026-07-01T21:41:12.371170+00:00,0x2729a97dbed765fa7f38618dc0399548892a2600fac0138be2d913602762d5e7,SOL,YES,low,medium,low,0.04000000000000005,0.010000000000000009,0.0,0.019688678389098175,0.01,False,0.5,0.00015566080545093269
severe_execution,3,2026-07-01T21:41:40.369327+00:00,0x2729a97dbed765fa7f38618dc0399548892a2600fac0138be2d913602762d5e7,SOL,YES,low,medium,low,-0.059999999999999984,0.010000000000000009,0.13704723196241408,0.01911071681474514,0.01,False,0.49668,-0.11729492999863946
severe_execution,3,2026-07-01T21:41:46.372488+00:00,0x2729a97dbed765fa7f38618dc0399548892a2600fac0138be2d913602762d5e7,SOL,YES,low,medium,low,0.039999999999999994,0.010000000000000009,0.0,0.038261477643393015,0.01,True,0.0,-0.0
severe_execution,3,2026-07-01T21:42:04.370096+00:00,0x2729a97dbed765fa7f38618dc0399548892a2600fac0138be2d913602762d5e7,SOL,YES,low,low,low,-0.07500000000000005,0.009999999999999953,0.0,0.13437326893087975,0.01,False,0.11472,-0.026313701411750528
severe_execution,3,2026-07-01T21:43:34.364596+00:00,0x4c09abece310efe0c502e2b081a875d0020f5b30af3c45f19145efd6b791df0b,ETH,YES,low,medium,low,0.010000000000000026,0.010000000000000009,0.0,0.0,0.01,False,0.09759999999999999,-0.0009759999999999982
severe_execution,3,2026-07-01T21:43:36.369953+00:00,0x4c09abece310efe0c502e2b081a875d0020f5b30af3c45f19145efd6b791df0b,ETH,YES,low,medium,low,0.01999999999999998,0.010000000000000009,0.16804944099701352,0.029769557240930195,0.01,False,0.19328,-0.03823445597942977
severe_execution,3,2026-07-01T21:43:40.367946+00:00,0x4c09abece310efe0c502e2b081a875d0020f5b30af3c45f19145efd6b791df0b,ETH,YES,low,medium,low,0.039999999999999994,0.010000000000000009,0.2263591730654529,0.037784883003040726,0.01,True,0.0,-0.0
severe_execution,3,2026-07-01T21:52:36.373289+00:00,0x0dcd227003d8b96eb66b8db71c3ef9f315a3aae8716e4d49d11b359a8b6c27fa,ETH,YES,low,low,low,0.3499999999999999,0.009999999999999953,0.2240379531793101,0.039516753277706845,0.01,True,0.0,0.0
severe_execution,3,2026-07-01T22:25:06.371629+00:00,0x3eadf4ee01511b615676265099963fabcf242d0d9e7b7e4b982686e0262ce98b,ETH,YES,low,medium,medium,0.020000000000000035,0.010000000000000009,0.0,0.0,0.01,True,0.0,0.0
severe_execution,3,2026-07-01T22:25:44.366323+00:00,0x2b139d670d2706c6264dad011bc4e96df04633695a4fc75b669830f39f6693ce,BTC,NO,low,medium,medium,0.020000000000000035,0.010000000000000009,0.0,0.005632699290266676,0.01,False,0.23172,-0.0013052090795405882
severe_execution,3,2026-07-01T22:25:46.373589+00:00,0x2b139d670d2706c6264dad011bc4e96df04633695a4fc75b669830f39f6693ce,BTC,NO,low,medium,low,0.020000000000000035,0.010000000000000009,0.2082092718103732,0.037734689871696106,0.01,False,0.15928,-0.03917395421671999
severe_execution,3,2026-07-01T22:25:48.363737+00:00,0x2b139d670d2706c6264dad011bc4e96df04633695a4fc75b669830f39f6693ce,BTC,NO,low,low,low,0.03999999999999994,0.009999999999999953,0.10157162114170998,0.04009223434639035,0.01,False,0.5,-0.06083192774405017
severe_execution,3,2026-07-01T22:25:50.368975+00:00,0x2b139d670d2706c6264dad011bc4e96df04633695a4fc75b669830f39f6693ce,BTC,NO,medium,low,medium,-0.05999999999999993,0.009999999999999953,0.21083923407922278,0.06023150369183109,0.01,False,0.18044,-0.06334720392340894
severe_execution,3,2026-07-01T22:25:56.371175+00:00,0x2b139d670d2706c6264dad011bc4e96df04633695a4fc75b669830f39f6693ce,BTC,NO,medium,medium,medium,0.019999999999999924,0.010000000000000009,0.0,0.010021247783571881,0.01,True,0.0,-0.0
severe_execution,3,2026-07-01T22:25:58.364472+00:00,0x071de439b9cfba5f3b67356a7c3b0685206f6f943a789b6467311d34691aa135,SOL,NO,low,medium,low,0.010000000000000026,0.010000000000000009,0.2827229789271156,0.047796991617405776,0.01,False,0.15647999999999998,-0.05328456499080671
severe_execution,3,2026-07-01T22:26:00.369709+00:00,0x2b139d670d2706c6264dad011bc4e96df04633695a4fc75b669830f39f6693ce,BTC,NO,medium,low,medium,0.02500000000000004,0.009999999999999953,0.0,0.010141988203888128,0.01,False,0.20643999999999998,-0.0010615120448106473
severe_execution,3,2026-07-01T22:31:02.362104+00:00,0x5330f3288d309b2bb246086f6cf4d139e782acd5b44784839259604ae5e9f369,BTC,NO,low,low,low,0.05500000000000001,0.009999999999999898,0.04100731389771961,0.010012352780129062,0.01,False,0.3892,-0.006234854271018661
severe_execution,3,2026-07-01T22:31:16.364882+00:00,0x5330f3288d309b2bb246086f6cf4d139e782acd5b44784839259604ae5e9f369,BTC,NO,low,medium,low,0.03499999999999999,0.020000000000000018,0.07877857150406731,0.02341842901059655,0.01,True,0.0,-0.0
severe_execution,3,2026-07-01T22:31:16.364882+00:00,0x8145a3bfddc61cdf01d45026aed596f0878c260884e8315caa000f5e42143a61,ETH,NO,low,medium,low,0.039999999999999994,0.029999999999999916,0.0,0.018514084542358856,0.01,False,0.096,-0.0017773521160664425
severe_execution,3,2026-07-01T22:31:18.370517+00:00,0x5330f3288d309b2bb246086f6cf4d139e782acd5b44784839259604ae5e9f369,BTC,NO,low,medium,medium,0.010000000000000026,0.010000000000000009,0.2298854990365241,0.05620336452046364,0.01,False,0.1288,-0.038136245626140014
severe_execution,3,2026-07-01T22:31:20.361313+00:00,0x8145a3bfddc61cdf01d45026aed596f0878c260884e8315caa000f5e42143a61,ETH,NO,low,medium,low,-0.05000000000000003,0.010000000000000009,0.164008274619318,0.04007066520125622,0.01,False,0.25992000000000004,-0.07123859803816368
severe_execution,3,2026-07-01T22:31:22.369278+00:00,0x8145a3bfddc61cdf01d45026aed596f0878c260884e8315caa000f5e42143a61,ETH,NO,low,medium,low,-0.08999999999999996,0.010000000000000009,0.0,0.0264637780040987,0.01,True,0.0,-0.0
severe_execution,3,2026-07-01T22:31:34.363478+00:00,0x5330f3288d309b2bb246086f6cf4d139e782acd5b44784839259604ae5e9f369,BTC,NO,low,medium,low,0.030000000000000044,0.010000000000000009,0.0,0.009117445659616936,0.01,False,0.5,0.00044127717019154956
severe_execution,3,2026-07-01T22:32:00.371088+00:00,0x26690f30c8250f214c3c585bafacecfe21ca18c719caac4709c063c6d47267b4,SOL,NO,low,medium,medium,0.045,0.020000000000000018,0.0,0.046645051601355195,0.01,False,0.1976,-0.006253062196427791
severe_execution,3,2026-07-01T22:32:02.361988+00:00,0x26690f30c8250f214c3c585bafacecfe21ca18c719caac4709c063c6d47267b4,SOL,NO,low,medium,medium,0.020000000000000035,0.010000000000000009,0.4465120215243233,0.06581908684514537,0.01,False,0.08792,-0.04504415104784368
severe_execution,3,2026-07-01T22:32:06.360504+00:00,0x26690f30c8250f214c3c585bafacecfe21ca18c719caac4709c063c6d47267b4,SOL,NO,low,high,medium,-0.05000000000000003,0.030000000000000027,0.18267974144903676,0.0355249881319874,0.01,True,0.0,-0.0
severe_execution,3,2026-07-01T22:32:10.374054+00:00,0x26690f30c8250f214c3c585bafacecfe21ca18c719caac4709c063c6d47267b4,SOL,NO,low,medium,low,-0.13999999999999999,0.010000000000000009,0.0,0.04610447252642149,0.01,False,0.28,-0.057709252307398026
severe_execution,3,2026-07-01T22:32:18.369405+00:00,0x8145a3bfddc61cdf01d45026aed596f0878c260884e8315caa000f5e42143a61,ETH,NO,low,medium,medium,0.059999999999999956,0.010000000000000009,0.46244293758896493,0.010018996856294525,0.01,False,0.08136,-0.035185102986466314
severe_execution,3,2026-07-01T22:32:22.368939+00:00,0x5330f3288d309b2bb246086f6cf4d139e782acd5b44784839259604ae5e9f369,BTC,NO,low,medium,medium,0.010000000000000026,0.010000000000000009,0.18158644477885583,0.010180116716113725,0.01,True,0.0,-0.0
severe_execution,3,2026-07-01T22:32:28.372665+00:00,0x8145a3bfddc61cdf01d45026aed596f0878c260884e8315caa000f5e42143a61,ETH,NO,low,medium,low,-0.09500000000000001,0.010000000000000009,0.0,0.039197890885934526,0.01,False,0.5,-0.07709894544296728
severe_execution,3,2026-07-01T22:32:54.365688+00:00,0x8145a3bfddc61cdf01d45026aed596f0878c260884e8315caa000f5e42143a61,ETH,NO,low,medium,low,0.05,0.010000000000000009,0.0,0.03007794963717953,0.01,False,0.10976000000000001,-8.555752176826018e-06
severe_execution,3,2026-07-01T22:33:02.361345+00:00,0x5330f3288d309b2bb246086f6cf4d139e782acd5b44784839259604ae5e9f369,BTC,NO,medium,medium,medium,0.13000000000000003,0.010000000000000009,0.03130194150689626,0.0,0.01,False,0.5,0.039349029246551884
severe_execution,3,2026-07-01T22:33:02.361345+00:00,0x8145a3bfddc61cdf01d45026aed596f0878c260884e8315caa000f5e42143a61,ETH,NO,low,medium,low,0.09999999999999999,0.010000000000000009,0.0,0.029604359898060758,0.01,True,0.0,0.0
severe_execution,3,2026-07-01T22:33:02.361345+00:00,0x26690f30c8250f214c3c585bafacecfe21ca18c719caac4709c063c6d47267b4,SOL,NO,low,medium,low,0.07500000000000002,0.020000000000000018,0.0,0.035153813152536684,0.01,False,0.1472,0.001449358703946601
severe_execution,3,2026-07-01T22:33:04.368866+00:00,0x26690f30c8250f214c3c585bafacecfe21ca18c719caac4709c063c6d47267b4,SOL,NO,low,medium,low,0.05,0.010000000000000009,0.6407449184038124,0.09004751133362986,0.01,False,0.11648,-0.08162830221581728
severe_execution,3,2026-07-01T22:33:20.375116+00:00,0x5330f3288d309b2bb246086f6cf4d139e782acd5b44784839259604ae5e9f369,BTC,NO,low,medium,low,0.03999999999999994,0.010000000000000009,0.0,0.09959144615952306,0.01,False,0.04,-0.0031836578463809253
severe_execution,3,2026-07-01T22:33:22.368132+00:00,0x26690f30c8250f214c3c585bafacecfe21ca18c719caac4709c063c6d47267b4,SOL,NO,medium,medium,low,0.22000000000000006,0.010000000000000009,0.25019864636369243,0.0,0.01,False,0.02,-0.0010039729272738479
severe_execution,3,2026-07-01T22:33:58.367410+00:00,0x26690f30c8250f214c3c585bafacecfe21ca18c719caac4709c063c6d47267b4,SOL,NO,low,medium,low,-0.12999999999999998,0.010000000000000009,0.0,0.08268955040881505,0.01,False,0.18012,-0.041912041819635766
severe_execution,3,2026-07-01T22:36:04.365503+00:00,0x06bf7937a18769d86039ea4ed35e5e8edd2a5c73d2ee04faffe90363450f8e3c,SOL,YES,low,medium,low,0.12499999999999996,0.010000000000000009,0.0,0.009575891770767017,0.01,True,0.0,0.0
severe_execution,3,2026-07-01T23:41:58.370401+00:00,0x8d22580ded9a1c9bb43a9581787566efeccc0dff2ba6843eef73d5789b5ad805,SOL,NO,low,low,medium,0.29,0.009999999999999898,0.0,0.01004439877100138,0.01,False,0.18,0.04679200822121976
severe_execution,3,2026-07-02T00:15:04.370549+00:00,0xa961035fe332ff6a397489f4b23cb720ae57b84d866a526858b47a7300270c12,SOL,YES,low,medium,medium,0.06999999999999997,0.010000000000000009,0.0,0.015369241433641578,0.01,False,0.1,0.0034630758566358377
severe_execution,3,2026-07-02T00:36:00.373439+00:00,0x0b7afa9b0852f4da0eb237bf817bcb7f8aef5e68dd95d52baba20abc06c16376,SOL,YES,low,medium,medium,0.010000000000000026,0.010000000000000009,0.0,0.010455801456127985,0.01,False,0.5,-0.010227900728063984
severe_execution,3,2026-07-02T02:22:40.364603+00:00,0x8388cdf918fa7cb09ae4a5325b4c5f307e17be11af5350e73ae08cf56bb4fece,ETH,NO,low,medium,medium,0.059999999999999956,0.010000000000000009,0.0,0.08137171087119996,0.01,False,0.132,-0.005461065834998402
severe_execution,3,2026-07-02T02:30:34.366427+00:00,0xb3e27db391946f1a5ab1d3c3b4a5b8c59d663d3684d960d98f37b7def0df3075,ETH,NO,low,low,medium,0.039999999999999994,0.009999999999999898,0.0,0.09199128189897876,0.01,False,0.14,-0.010078779465857014
severe_execution,3,2026-07-02T02:30:38.363447+00:00,0xb3e27db391946f1a5ab1d3c3b4a5b8c59d663d3684d960d98f37b7def0df3075,ETH,NO,low,medium,medium,0.030000000000000044,0.010000000000000009,0.2519855840093469,0.05396030975011633,0.01,False,0.16356,-0.0484049103832978
severe_execution,3,2026-07-02T03:06:42.363431+00:00,0xd97c09881b1dc40d77cafc681e2b0b8577f654e19c6a1a83914d678d7f9bdf2c,SOL,YES,low,medium,medium,0.059999999999999956,0.010000000000000009,0.0,0.17380030511466418,0.01,False,0.28472000000000003,-0.0380956228722472
severe_execution,3,2026-07-02T03:38:34.375507+00:00,0xd69c5b7ce1b66fe7745e070b544d04de2517e4b2093ff8309c5573bb8b38ce57,SOL,YES,low,medium,medium,0.13999999999999999,0.010000000000000009,0.15528510211977975,0.05305973039820928,0.01,False,0.13648,-0.012057302742055144
severe_execution,3,2026-07-02T03:50:04.372378+00:00,0xcd593facad3a6092d5974b7ee969c8f3ff778c58031a7baac893ebf627d14b9d,ETH,YES,high,medium,medium,0.24000000000000002,0.010000000000000009,0.0,0.0,0.01,False,0.2214,0.048708
severe_execution,3,2026-07-02T03:58:18.368322+00:00,0x947e5ddb9a353ecb65bc2faa7bce21ded36808053545239573a7c43756401557,SOL,NO,low,medium,medium,0.059999999999999956,0.010000000000000009,0.186210481857211,0.05542113714782269,0.01,False,0.5,-0.10081580950251688
severe_execution,3,2026-07-02T04:22:28.365589+00:00,0x8552d47c45da4f6202022c51d4d7ff51b0064f2cd42e482f6fc524d37f7ed891,SOL,NO,low,medium,medium,0.08999999999999998,0.010000000000000009,0.0,0.02173468911538786,0.01,False,0.02,0.0009653062176922422
severe_execution,3,2026-07-02T06:11:32.366824+00:00,0xbd4e2fd8dfbdf679456a5c936fa4db4595434055fa7990b727e863efdb73d6fe,SOL,YES,low,medium,medium,0.09999999999999999,0.020000000000000018,0.0,0.1440844828144983,0.01,False,0.02,-0.0014816896562899662
severe_execution,3,2026-07-02T07:55:46.373480+00:00,0x80bb349ee2b85081e290db4561ebb007ca2a8b5721eec05ce98488d10dbdc84f,ETH,NO,low,medium,medium,-0.07000000000000005,0.010000000000000009,0.0,0.05660752583932647,0.01,False,0.02124,-0.0031139438488272954
severe_execution,3,2026-07-02T07:57:42.360831+00:00,0xf9f5ce604030e965827e405652c34595fca9803264f266f106ead15d7fbb64ac,BTC,YES,low,medium,medium,-0.17,0.020000000000000018,0.0,0.22833674050461292,0.01,True,0.0,-0.0
severe_execution,3,2026-07-02T07:57:44.366499+00:00,0xf9f5ce604030e965827e405652c34595fca9803264f266f106ead15d7fbb64ac,BTC,YES,low,high,medium,0.08499999999999998,0.04000000000000001,0.0,0.1704044986508236,0.01,True,0.0,-0.0
severe_execution,3,2026-07-02T08:08:54.370330+00:00,0x217a508e23290f5918a6837d836f77a3f88255f2e4fe43a9a2cce242409a7db6,ETH,YES,low,medium,high,-0.02,0.010000000000000009,0.0,0.0,0.01,False,0.256,-0.010240000000000003
severe_execution,3,2026-07-02T08:31:14.363819+00:00,0x5d2ccbd18015d1eb9a97902f684b591555d9a4ff0610ff201c2f1f8538a929b1,SOL,YES,low,medium,medium,0.01999999999999998,0.010000000000000009,0.5664324549085353,0.12002711110530745,0.01,True,0.0,-0.0
severe_execution,3,2026-07-02T08:31:18.364598+00:00,0x5d2ccbd18015d1eb9a97902f684b591555d9a4ff0610ff201c2f1f8538a929b1,SOL,YES,low,medium,medium,0.09500000000000004,0.010000000000000009,0.050798965861058414,0.024192608923831745,0.01,False,0.14368,1.2105349069869114e-06
severe_execution,3,2026-07-02T09:00:24.371490+00:00,0x96ddd482cd2ee1a173dbde4538ed2007620845c0e462dbfcc969d36209beb1ce,SOL,NO,low,medium,medium,-0.059999999999999984,0.010000000000000009,0.0,0.08394730563023381,0.01,True,0.0,-0.0
severe_execution,3,2026-07-02T09:00:34.362867+00:00,0x96ddd482cd2ee1a173dbde4538ed2007620845c0e462dbfcc969d36209beb1ce,SOL,NO,low,medium,medium,0.09999999999999994,0.010000000000000009,0.0,0.04082008287389827,0.01,False,0.02,0.0007835983425220332
severe_execution,3,2026-07-02T09:00:48.368690+00:00,0x96ddd482cd2ee1a173dbde4538ed2007620845c0e462dbfcc969d36209beb1ce,SOL,NO,low,high,medium,0.04499999999999994,0.040000000000000036,0.0,0.0717155761606828,0.01,False,0.02,-0.001534311523213658
severe_execution,3,2026-07-02T09:00:52.369633+00:00,0x96ddd482cd2ee1a173dbde4538ed2007620845c0e462dbfcc969d36209beb1ce,SOL,NO,low,medium,medium,0.04999999999999995,0.010000000000000009,0.0,0.09547782325432234,0.01,False,0.37456,-0.024525373478139
severe_execution,3,2026-07-02T09:01:04.370531+00:00,0x96ddd482cd2ee1a173dbde4538ed2007620845c0e462dbfcc969d36209beb1ce,SOL,NO,low,medium,medium,0.010000000000000026,0.010000000000000009,0.0,0.10216532593454283,0.01,False,0.02,-0.0022433065186908564
severe_execution,3,2026-07-02T09:01:06.361857+00:00,0x96ddd482cd2ee1a173dbde4538ed2007620845c0e462dbfcc969d36209beb1ce,SOL,NO,low,medium,medium,0.010000000000000026,0.010000000000000009,0.45110807082748544,0.035913612336704315,0.01,False,0.23996,-0.11926532309207898
severe_execution,3,2026-07-02T09:10:36.374495+00:00,0xbe2fec169e982831aa0a3f5a98442f7e0793c4af803bb920266ae6a7d43b3101,SOL,YES,low,medium,medium,-0.06999999999999999,0.010000000000000009,0.0,0.1263308939714741,0.01,False,0.16744,-0.036222444886583625
severe_execution,3,2026-07-02T09:11:08.370966+00:00,0xbe2fec169e982831aa0a3f5a98442f7e0793c4af803bb920266ae6a7d43b3101,SOL,YES,low,medium,medium,0.010000000000000026,0.010000000000000009,0.0,0.011824492504151353,0.01,True,0.0,-0.0
severe_execution,3,2026-07-02T09:26:52.371394+00:00,0xe41189d0cceabac9697f126f3ff12806192b7fb894edecb0106a0cc6738db731,ETH,YES,low,medium,medium,0.30999999999999994,0.010000000000000009,1.178237054580177,0.09723164992352064,0.01,False,0.02,-0.019709374090073953
severe_execution,3,2026-07-02T09:35:10.366702+00:00,0x22928e0772859e6323b5722fc85857ebc2843ce5f3002b574d2bfdaa76aefda9,SOL,YES,low,medium,medium,0.02999999999999999,0.010000000000000009,0.0757278381664115,0.03477250618332722,0.01,False,0.02,-0.002010006886994775
severe_execution,3,2026-07-02T09:55:44.372085+00:00,0x76314474e6d37d9996d64a209cef82a7d8ccbce36c7c87add2f24e7497a7816c,BTC,NO,low,high,medium,0.09999999999999999,0.07,0.20493342621477428,0.0541412242273822,0.01,False,0.5,-0.11953732522107827
severe_execution,3,2026-07-02T09:55:54.363634+00:00,0x1f1dd57c6e8f84731f3eca11a122596fc016822900b9a36563483ec6f84c36d4,SOL,NO,low,medium,medium,-0.08,0.010000000000000009,0.3007426155149391,0.02409002346097606,0.01,False,0.01216,-0.0051659648899471285
severe_execution,3,2026-07-02T09:56:18.361978+00:00,0x1f1dd57c6e8f84731f3eca11a122596fc016822900b9a36563483ec6f84c36d4,SOL,NO,low,medium,medium,0.035000000000000045,0.020000000000000018,0.0,0.054987993790220534,0.01,False,0.29719999999999996,-0.014856431754453534
severe_execution,3,2026-07-02T09:56:24.369489+00:00,0x1f1dd57c6e8f84731f3eca11a122596fc016822900b9a36563483ec6f84c36d4,SOL,NO,low,medium,medium,0.059999999999999956,0.010000000000000009,0.06246056559998405,0.0,0.01,False,0.5,-0.011230282799992053
severe_execution,3,2026-07-02T09:56:42.365883+00:00,0x76314474e6d37d9996d64a209cef82a7d8ccbce36c7c87add2f24e7497a7816c,BTC,NO,low,medium,medium,0.03999999999999994,0.010000000000000009,0.0,0.024338712866616367,0.01,False,0.15936,-0.0006914172824239956
severe_execution,3,2026-07-02T09:56:46.366917+00:00,0x76314474e6d37d9996d64a209cef82a7d8ccbce36c7c87add2f24e7497a7816c,BTC,NO,low,medium,medium,0.010000000000000026,0.010000000000000009,0.163530073986089,0.04759357714947027,0.01,True,0.0,-0.0
severe_execution,3,2026-07-02T09:58:16.363073+00:00,0x1f1dd57c6e8f84731f3eca11a122596fc016822900b9a36563483ec6f84c36d4,SOL,NO,low,medium,medium,0.03999999999999994,0.010000000000000009,0.8724204995694751,0.18817273695687595,0.01,False,0.0994,-0.10343496771071929
severe_execution,3,2026-07-02T10:28:54.362470+00:00,0x5b8a5202ab816574a4572fb9d28ff7ada354d9668318b56a3644f04c39738f84,SOL,NO,low,medium,medium,0.04000000000000005,0.010000000000000009,0.13265644158495613,0.04887620485495555,0.01,False,0.07168000000000001,-0.011578660096812868
severe_execution,3,2026-07-02T10:28:56.368829+00:00,0x5b8a5202ab816574a4572fb9d28ff7ada354d9668318b56a3644f04c39738f84,SOL,NO,low,medium,medium,0.01999999999999998,0.010000000000000009,0.21075605138973363,0.07353107793769717,0.01,False,0.17648,-0.05017099258370499
severe_execution,3,2026-07-02T10:33:10.363766+00:00,0x6700add2442ac52e76696ea3dd458416e2e1d5ab9e770499a85347b7e866d616,SOL,YES,low,medium,medium,0.25,0.010000000000000009,0.0,0.03544333393013235,0.01,True,0.0,0.0
severe_execution,3,2026-07-02T10:37:00.364893+00:00,0x465c10bb8102a8ec311965c7f7b77727b332f80e8cd87847b212b6350accd796,SOL,YES,medium,medium,medium,0.06500000000000002,0.010000000000000009,0.0,0.024454721123580634,0.01,False,0.02,0.0004109055775283875
severe_execution,3,2026-07-02T10:40:18.374682+00:00,0xb6fcc6f9d2dd9571635233fc09a863999351b0fdcf8df2b3a54b65954c4156d0,SOL,NO,medium,medium,medium,0.06999999999999997,0.010000000000000009,0.3799064669025354,0.048894880317558974,0.01,False,0.088,-0.03333451855536831
severe_execution,3,2026-07-02T10:55:06.372034+00:00,0x88416fcd563a9ffe6e611423ab3340c17488dc22b7d96f92571269bffc042195,SOL,NO,low,medium,medium,0.01499999999999992,0.010000000000000009,0.4821565273866161,0.06132880904684588,0.01,False,0.02,-0.010969706728669242
severe_execution,3,2026-07-02T11:00:12.369501+00:00,0x7a3fd80678cd42bf2a8b58076455dbb4318bf9108db524760e8b4127b426fa76,SOL,NO,low,medium,medium,0.03999999999999994,0.010000000000000009,0.0,0.04915674248274836,0.01,False,0.4904,-0.014298466513539831
severe_execution,3,2026-07-02T11:10:20.365901+00:00,0xae1161ad8055f5b09cd7c8038ea97feb7f79f231202f647ce33f68cdce265897,SOL,YES,high,high,medium,0.215,0.03999999999999998,0.0849043240363811,0.018493434666447067,0.01,False,0.0436,0.0026858577205566927
severe_execution,3,2026-07-02T12:10:22.361984+00:00,0x8362eee619c3c068724b9acc69306f29dd57c5fb122ca23de731c60f166d74d8,SOL,NO,low,medium,medium,0.010000000000000026,0.010000000000000009,0.09362546250936554,0.06172140436027096,0.01,False,0.26048000000000004,-0.043069551882202926
severe_execution,3,2026-07-02T12:10:26.361078+00:00,0x8362eee619c3c068724b9acc69306f29dd57c5fb122ca23de731c60f166d74d8,SOL,NO,low,medium,medium,-0.059999999999999984,0.010000000000000009,0.0,0.03753391426409777,0.01,True,0.0,-0.0
severe_execution,3,2026-07-02T12:11:18.362800+00:00,0x8362eee619c3c068724b9acc69306f29dd57c5fb122ca23de731c60f166d74d8,SOL,NO,low,medium,medium,0.05,0.010000000000000009,0.12880067233589676,0.023620984003529914,0.01,False,0.02,-0.0024484331267885335
severe_execution,3,2026-07-02T12:12:22.363070+00:00,0x8362eee619c3c068724b9acc69306f29dd57c5fb122ca23de731c60f166d74d8,SOL,NO,low,medium,medium,0.030000000000000044,0.010000000000000009,0.0,0.12507284009680583,0.01,True,0.0,-0.0
severe_execution,3,2026-07-02T12:13:38.365899+00:00,0x8362eee619c3c068724b9acc69306f29dd57c5fb122ca23de731c60f166d74d8,SOL,NO,medium,high,medium,0.23500000000000001,0.13999999999999996,0.0,0.3818880741934692,0.01,True,0.0,-0.0
severe_execution,3,2026-07-02T12:20:04.364161+00:00,0x94bb631dd01221e07f00ab03feccab66c46ce389a1e7d203fe282aa6d209c589,SOL,YES,low,medium,medium,0.029999999999999933,0.010000000000000009,0.0,0.0,0.01,True,0.0,0.0
severe_execution,3,2026-07-02T12:30:04.364786+00:00,0x9215a5c313d78c2a336728a748b73687bc826021a656e9a0d76746f2f5023043,BTC,YES,high,medium,medium,0.265,0.019999999999999962,0.0,0.0,0.01,False,0.5,0.11750000000000002
severe_execution,3,2026-07-02T12:30:16.366322+00:00,0xfdd4d7f9eadc398c0df23a59aadb9ee61a56855c54b6ac9520602a5973e42087,SOL,YES,low,high,medium,-0.13999999999999999,0.07,0.0,0.2906869319522024,0.01,False,0.38,-0.1940610341418369
severe_execution,3,2026-07-02T12:30:20.366935+00:00,0xfdd4d7f9eadc398c0df23a59aadb9ee61a56855c54b6ac9520602a5973e42087,SOL,YES,low,high,medium,0.02999999999999999,0.030000000000000027,0.0,0.1508181827764256,0.01,False,0.3,-0.04824545483292769
severe_execution,3,2026-07-02T12:30:22.364919+00:00,0xfdd4d7f9eadc398c0df23a59aadb9ee61a56855c54b6ac9520602a5973e42087,SOL,YES,low,medium,medium,-0.13999999999999999,0.010000000000000009,0.6585243715316087,0.0604338923635024,0.01,False,0.2528,-0.2222006491126841
severe_execution,3,2026-07-02T12:30:36.362455+00:00,0xfdd4d7f9eadc398c0df23a59aadb9ee61a56855c54b6ac9520602a5973e42087,SOL,YES,low,medium,medium,0.12999999999999998,0.010000000000000009,0.0,0.006274784527124534,0.01,False,0.08,0.008298017237830035
severe_execution,3,2026-07-02T12:31:22.373383+00:00,0x988287eee8e697b0d1d2625d38528f0175f8d3b585148a236428390c8e5bd7a0,ETH,NO,low,medium,medium,0.034999999999999934,0.020000000000000018,0.0,0.07791906880834054,0.01,False,0.5,-0.03645953440417031
severe_execution,3,2026-07-02T12:31:28.373272+00:00,0x9215a5c313d78c2a336728a748b73687bc826021a656e9a0d76746f2f5023043,BTC,NO,low,high,medium,0.05500000000000001,0.07999999999999996,0.779975380651251,0.21704230245156575,0.01,False,0.34384,-0.3548489601580725
severe_execution,3,2026-07-02T12:33:18.366598+00:00,0x9215a5c313d78c2a336728a748b73687bc826021a656e9a0d76746f2f5023043,BTC,NO,low,medium,medium,0.08999999999999998,0.010000000000000009,0.0,0.01258972748510003,0.01,False,0.01108,0.0006361058194650914
severe_execution,3,2026-07-02T12:40:48.374599+00:00,0xb38f8c90a79ba7fb9e3926511611e2a97e69f95d8567e5459f176624c5d78e7e,SOL,YES,low,medium,medium,0.04999999999999995,0.010000000000000009,0.0,0.0,0.01,False,0.16736,0.005020799999999989
severe_execution,3,2026-07-02T13:01:06.370199+00:00,0xfdc8ee5a5355786246c8c350b1b6d392d7b0b20b2f4112d995400e6d41587033,BTC,NO,low,medium,medium,0.08499999999999998,0.010000000000000009,0.0,0.0,0.01,False,0.31648000000000004,0.020571199999999994
severe_execution,3,2026-07-02T13:01:06.370199+00:00,0x7da2825f125571140c598bebdc47a2efcc90d5bbe3f36da9ed64a66a0758a57e,ETH,NO,low,low,medium,0.06499999999999996,0.009999999999999953,0.11174892715528933,0.025133488729156186,0.01,False,0.028239999999999998,-0.0025947594245767413
severe_execution,3,2026-07-02T13:05:14.362350+00:00,0x7b81aecfe918b4400a38bb7e82faf16214e86526a59365a1a1f57891d5e02184,SOL,YES,low,medium,medium,0.12000000000000001,0.010000000000000009,0.031231763824682048,0.0,0.01,False,0.13408,0.009220445106386631
severe_execution,3,2026-07-02T13:10:08.372139+00:00,0x0b7e0ca6f5af7203bbc20de90e6a874b459992dfe7ec7d26ca84605690a8971f,SOL,NO,low,medium,medium,0.05499999999999995,0.010000000000000009,0.055915136429339415,0.01269186937850092,0.01,False,0.02,-0.0006721401161568079
severe_execution,3,2026-07-02T13:26:26.363015+00:00,0xabaf563b7f6a9dc2645946d31ce8af8645de6d2409cef51803fb0999c9061f3e,ETH,NO,low,medium,medium,-0.08,0.010000000000000009,1.0144055390550537,0.29496256091081663,0.01,False,0.13196000000000002,-0.1859802144714963
severe_execution,3,2026-07-02T13:26:28.373900+00:00,0xabaf563b7f6a9dc2645946d31ce8af8645de6d2409cef51803fb0999c9061f3e,ETH,NO,low,medium,medium,0.11999999999999995,0.010000000000000009,0.0,0.07494908957996112,0.01,False,0.08324,0.002085237783364032
severe_execution,3,2026-07-02T13:32:06.370617+00:00,0xbfdaa1afb46e82ff47ba344bc098d1ae028cd939a030c6672402ca1475988d70,ETH,NO,low,medium,medium,0.02,0.010000000000000009,0.03120113103899453,0.0,0.01,False,0.5,-0.015600565519497268
severe_execution,3,2026-07-02T13:32:14.374959+00:00,0xbfdaa1afb46e82ff47ba344bc098d1ae028cd939a030c6672402ca1475988d70,ETH,NO,high,medium,medium,-0.04000000000000001,0.010000000000000009,0.0,0.02546802352219351,0.01,False,0.096,-0.008204930258130579
severe_execution,3,2026-07-02T13:33:40.375151+00:00,0xbfdaa1afb46e82ff47ba344bc098d1ae028cd939a030c6672402ca1475988d70,ETH,YES,low,medium,high,-0.02,0.010000000000000009,0.0,0.0,0.01,True,0.0,-0.0
severe_execution,3,2026-07-02T13:35:10.368025+00:00,0x7798cca819d8b656cf9130a5ea5d871975f4227bea6b3d22ec3b1b6de4584fc0,BTC,NO,medium,medium,medium,0.14499999999999993,0.020000000000000018,0.0,0.012637993072501937,0.01,True,0.0,0.0
severe_execution,3,2026-07-02T13:37:02.366507+00:00,0xcd4afc8eb6c83c8d8dada852de775b7cc1e7cfaf722f03972c1d93abc1d9cf09,ETH,YES,low,medium,medium,-0.05499999999999998,0.020000000000000018,0.6242221270407424,0.13351201307783234,0.01,False,0.29392,-0.2476964184636515
severe_execution,3,2026-07-02T13:37:06.370427+00:00,0x7798cca819d8b656cf9130a5ea5d871975f4227bea6b3d22ec3b1b6de4584fc0,BTC,NO,low,medium,medium,0.06499999999999996,0.010000000000000009,0.0,0.0,0.01,False,0.5,0.022499999999999975
severe_execution,3,2026-07-02T13:37:14.375069+00:00,0x7798cca819d8b656cf9130a5ea5d871975f4227bea6b3d22ec3b1b6de4584fc0,BTC,NO,low,medium,medium,0.07499999999999997,0.010000000000000009,0.0,0.07661675224231437,0.01,False,0.21516,-0.004651060412456369
severe_execution,3,2026-07-02T13:45:04.364924+00:00,0x6b9167a59028831cc69fc27a631ba5f99da00742fcac16501ddd54b155929c85,ETH,YES,medium,medium,medium,0.014999999999999975,0.020000000000000018,0.0,0.043320708386786366,0.01,False,0.0218,-0.0012713914428319438
severe_execution,3,2026-07-02T13:45:08.364326+00:00,0x6b9167a59028831cc69fc27a631ba5f99da00742fcac16501ddd54b155929c85,ETH,YES,low,medium,medium,0.02999999999999999,0.010000000000000009,0.0,0.0961111412295972,0.01,True,0.0,-0.0
severe_execution,3,2026-07-02T13:45:12.367704+00:00,0x6b9167a59028831cc69fc27a631ba5f99da00742fcac16501ddd54b155929c85,ETH,YES,low,medium,medium,-0.055000000000000035,0.010000000000000009,0.10544540117075671,0.038292245547127714,0.01,False,0.02316,-0.005065963897986204
severe_execution,3,2026-07-02T13:46:08.369291+00:00,0x6b9167a59028831cc69fc27a631ba5f99da00742fcac16501ddd54b155929c85,ETH,YES,low,medium,medium,0.02999999999999999,0.010000000000000009,0.19177740735266235,0.08295137881999357,0.01,False,0.0756,-0.02001349623465279
severe_execution,3,2026-07-02T13:46:10.366715+00:00,0x165f83111bc6b855ddff03cee955479de1945e82de0c22a4af0e20b7a4611166,SOL,YES,low,medium,medium,0.010000000000000026,0.010000000000000009,0.0029996259442152066,0.006224805048902992,0.01,False,0.0448,-0.0008612545084916944
severe_execution,3,2026-07-02T13:46:12.374640+00:00,0x6b9167a59028831cc69fc27a631ba5f99da00742fcac16501ddd54b155929c85,ETH,YES,medium,medium,medium,0.01999999999999998,0.010000000000000009,0.2795256825197324,0.06393764707347134,0.01,False,0.096,-0.032972479640947565
severe_execution,3,2026-07-02T13:46:20.368608+00:00,0x6b9167a59028831cc69fc27a631ba5f99da00742fcac16501ddd54b155929c85,ETH,YES,medium,medium,medium,0.02999999999999999,0.010000000000000009,0.0,0.03904302101536049,0.01,False,0.17924,-0.005205671086793218
severe_execution,3,2026-07-02T13:46:22.365708+00:00,0x165f83111bc6b855ddff03cee955479de1945e82de0c22a4af0e20b7a4611166,SOL,YES,low,medium,medium,-0.06999999999999999,0.010000000000000009,0.45037837230138833,0.0672444744880076,0.01,False,0.02,-0.012152456935787918
severe_execution,3,2026-07-02T13:46:28.366021+00:00,0x6b9167a59028831cc69fc27a631ba5f99da00742fcac16501ddd54b155929c85,ETH,YES,low,medium,medium,-0.09000000000000001,0.010000000000000009,0.0,0.0732494743786848,0.01,False,0.5,-0.09162473718934241
severe_execution,3,2026-07-02T13:46:34.364544+00:00,0x6b9167a59028831cc69fc27a631ba5f99da00742fcac16501ddd54b155929c85,ETH,YES,low,medium,medium,0.030000000000000044,0.010000000000000009,0.0,0.04932111326528981,0.01,True,0.0,-0.0
severe_execution,3,2026-07-02T13:46:36.372134+00:00,0x6b9167a59028831cc69fc27a631ba5f99da00742fcac16501ddd54b155929c85,ETH,YES,low,low,medium,-0.07000000000000005,0.009999999999999953,0.40430319626238553,0.0636368481612282,0.01,False,0.34,-0.1896996151040287
severe_execution,3,2026-07-02T13:47:28.363479+00:00,0xdf1c68feb520af13e0b1073b5e17ac465273234950edc85062d074363f2f7ea0,BTC,YES,medium,medium,high,0.27499999999999997,0.019999999999999962,0.0,0.0,0.01,False,0.17924,0.0439138
severe_execution,3,2026-07-02T13:47:30.370941+00:00,0x165f83111bc6b855ddff03cee955479de1945e82de0c22a4af0e20b7a4611166,SOL,YES,low,medium,high,0.19999999999999998,0.010000000000000009,0.0,0.0,0.01,False,0.004,0.0007199999999999998
severe_execution,3,2026-07-02T14:00:06.363105+00:00,0x100389b157cf172fa16809d99306f23ca1974adf6fbe025dc09758ed45771b51,BTC,NO,low,medium,medium,0.05500000000000006,0.010000000000000009,0.15055989197900202,0.01276876002143258,0.01,True,0.0,-0.0
severe_execution,3,2026-07-02T14:03:02.371420+00:00,0xba6acf8da6d345173ee24e2b41e7d98ae87fb2f39f6c0d1839c33229ec4b802b,SOL,NO,low,medium,medium,0.030000000000000044,0.010000000000000009,0.0,0.03830179379564773,0.01,False,0.04,-0.0011320717518259076
severe_execution,3,2026-07-02T14:16:42.366798+00:00,0x99bee988b471ce9b6fe317dc281d4f4c4f89040c4dcacef8d455c241ee2e99f8,ETH,NO,low,medium,high,0.3,0.010000000000000009,0.0,0.0,0.01,False,0.02,0.0056
severe_execution,3,2026-07-02T15:05:38.363627+00:00,0x647b9c08af3b94902afa9b362889527316a7fdbb46e4a6738ad42d290ca82805,BTC,NO,medium,medium,medium,0.035000000000000045,0.020000000000000018,0.0,0.006553245763503229,0.01,False,0.144,-0.000223667389944461
severe_execution,3,2026-07-02T15:10:28.366751+00:00,0xcae0c95e9c034ca588baca33e8147b8845b1f312ff09b0d52f4d6e150cddad15,SOL,NO,low,medium,medium,0.04999999999999995,0.010000000000000009,0.144082298249885,0.02487453487119223,0.01,False,0.04,-0.0055582733248430915
severe_execution,3,2026-07-02T15:36:32.363170+00:00,0x0a5061025dfe612b3722293195f769f012f8980bd848a20493e2c600f70d09dd,BTC,NO,low,medium,medium,0.28500000000000003,0.020000000000000018,0.6628205285678814,0.12296958672773149,0.01,True,0.0,-0.0
severe_execution,3,2026-07-02T16:01:28.361478+00:00,0x59496dfc9f417c17975e237fbb7ecfe259156cc15a360f25910162556810c516,SOL,NO,low,medium,medium,0.010000000000000026,0.010000000000000009,0.0,0.039685953068139,0.01,True,0.0,-0.0
severe_execution,3,2026-07-02T17:00:24.370409+00:00,0x1be94953b760d89a9523766bd1abb42f2e881ac06074bf93aa46ad1a415fc189,SOL,NO,low,medium,medium,0.010000000000000026,0.010000000000000009,0.0,0.055191301398382714,0.01,False,0.023039999999999998,-0.001502007584218737
severe_execution,3,2026-07-02T17:13:30.362110+00:00,0x909723d937a75ac2c9c89d73711867c15953dd27d72b7a6933948473e399451d,ETH,YES,low,medium,medium,0.06000000000000001,0.010000000000000009,0.0,0.01369246498097538,0.01,False,0.12240000000000001,0.003220042286328614
severe_execution,3,2026-07-02T17:23:18.371612+00:00,0x1f5ef0a23c68190a8a6d515b6c8e8b048078a8afa92d25abb3d94fb87f1f7027,BTC,YES,low,medium,medium,0.255,0.010000000000000009,0.0,0.026904590582837215,0.01,True,0.0,0.0
severe_execution,3,2026-07-02T17:23:20.364343+00:00,0x60608598239fe90ee375e38281310554148d5d349aca1ac07aa04e1ce390e6ad,SOL,YES,low,medium,high,0.11,0.010000000000000009,0.0,0.0,0.01,False,0.0728,0.006552
severe_execution,3,2026-07-02T17:50:28.360872+00:00,0x0aff58c34608210967c4413fb4b4a6c7fa904dc09de162ecc564806689facc64,SOL,NO,low,medium,high,0.19000000000000003,0.010000000000000009,0.0,0.0,0.01,False,0.36028,0.0612476
severe_execution,3,2026-07-02T18:35:46.363950+00:00,0x0fb6a0c7bcde0b6dd2c22b766ae91ab671463f01b2f4ec31f09491aa9dd4af91,SOL,NO,low,medium,medium,-0.07500000000000005,0.010000000000000009,0.0,0.047091644821901396,0.01,False,0.3,-0.042627493446570436
severe_execution,3,2026-07-02T18:35:48.373272+00:00,0x0fb6a0c7bcde0b6dd2c22b766ae91ab671463f01b2f4ec31f09491aa9dd4af91,SOL,NO,low,high,medium,-0.09999999999999996,0.07999999999999996,0.0,0.0732286612100998,0.01,False,0.16668,-0.04387495325049942
severe_execution,3,2026-07-02T18:35:56.374508+00:00,0x0fb6a0c7bcde0b6dd2c22b766ae91ab671463f01b2f4ec31f09491aa9dd4af91,SOL,NO,low,medium,medium,0.05500000000000001,0.020000000000000018,0.0,0.006531343384611715,0.01,False,0.04232,0.0007815935479632319
severe_execution,3,2026-07-02T18:35:58.369803+00:00,0x0fb6a0c7bcde0b6dd2c22b766ae91ab671463f01b2f4ec31f09491aa9dd4af91,SOL,NO,low,medium,medium,-0.06999999999999999,0.010000000000000009,0.4078333625264272,0.09591826020713723,0.01,False,0.02,-0.011875032454671289
severe_execution,3,2026-07-02T18:51:30.371222+00:00,0x12f1ba09bc9913623cab1e5f36dab49519aed574c20e74febe167f480cf82772,SOL,NO,low,medium,medium,0.059999999999999956,0.010000000000000009,0.0,0.03536538312142324,0.01,False,0.48308,0.002238890721702836
severe_execution,3,2026-07-02T19:01:18.365784+00:00,0x639421d64a6433150033c4d335d66cbee7357cad9e8b10bc943f74caf5d0d308,SOL,NO,low,medium,medium,-0.09499999999999996,0.010000000000000009,0.40171827069998245,0.04014787571617898,0.01,True,0.0,-0.0
severe_execution,3,2026-07-02T19:03:24.368460+00:00,0x639421d64a6433150033c4d335d66cbee7357cad9e8b10bc943f74caf5d0d308,SOL,YES,low,medium,medium,0.11,0.010000000000000009,0.0,0.13289418226131253,0.01,True,0.0,-0.0
severe_execution,3,2026-07-02T19:03:44.373982+00:00,0x639421d64a6433150033c4d335d66cbee7357cad9e8b10bc943f74caf5d0d308,SOL,YES,low,medium,medium,0.06000000000000001,0.010000000000000009,0.0,0.1528599124484,0.01,False,0.04,-0.004514396497936
severe_execution,3,2026-07-02T19:05:14.369431+00:00,0xa1701695adebeed5da4000373df6e9883c29449ade56b49eb6379ee63ba7259b,SOL,NO,low,medium,high,0.07499999999999997,0.010000000000000009,0.0,0.0,0.01,True,0.0,0.0
severe_execution,3,2026-07-02T19:06:40.373607+00:00,0xa1701695adebeed5da4000373df6e9883c29449ade56b49eb6379ee63ba7259b,SOL,NO,low,high,medium,-0.06499999999999999,0.040000000000000036,0.02893545875520369,0.060653124415732215,0.01,False,0.02,-0.0040917716634187185
severe_execution,3,2026-07-02T19:31:18.372640+00:00,0x606a340a3aad1b6f683e99c5d598836d6731c972d5ddeb2642c52813a27308af,SOL,NO,low,medium,medium,0.05,0.010000000000000009,0.11215182366865876,0.0067405544974219675,0.01,False,0.02,-0.0017778475633216148
severe_execution,3,2026-07-02T19:31:32.362271+00:00,0x606a340a3aad1b6f683e99c5d598836d6731c972d5ddeb2642c52813a27308af,SOL,NO,low,medium,medium,0.05000000000000006,0.010000000000000009,0.0,0.006823710936265369,0.01,False,0.06720000000000001,0.0015574466250829707
severe_execution,3,2026-07-02T19:31:40.366839+00:00,0x606a340a3aad1b6f683e99c5d598836d6731c972d5ddeb2642c52813a27308af,SOL,NO,low,medium,medium,0.05500000000000006,0.010000000000000009,0.0,0.055118865171092754,0.01,False,0.09148,-0.0018404737858515605
severe_execution,3,2026-07-02T19:31:58.371790+00:00,0x606a340a3aad1b6f683e99c5d598836d6731c972d5ddeb2642c52813a27308af,SOL,NO,low,medium,medium,-0.09000000000000001,0.010000000000000009,0.019417073926045095,0.03980788133677386,0.01,False,0.48052,-0.08131597550288978
severe_execution,3,2026-07-02T19:51:32.364894+00:00,0x2cfc3ef023f8f6ebad847ce57292f2a190fd727fc452a4c2a7cc845fd16b56aa,SOL,NO,low,medium,medium,0.020000000000000007,0.010000000000000009,0.0,0.0,0.01,True,0.0,-0.0
severe_execution,3,2026-07-02T19:51:34.373824+00:00,0x2cfc3ef023f8f6ebad847ce57292f2a190fd727fc452a4c2a7cc845fd16b56aa,SOL,NO,low,medium,medium,-0.06000000000000001,0.010000000000000009,0.22344666658438117,0.048022061495422985,0.01,False,0.46952,-0.16502159720802964
severe_execution,3,2026-07-02T19:51:58.365557+00:00,0x2cfc3ef023f8f6ebad847ce57292f2a190fd727fc452a4c2a7cc845fd16b56aa,SOL,NO,low,medium,medium,-0.06,0.010000000000000009,0.0,0.0,0.01,True,0.0,-0.0
severe_execution,3,2026-07-02T19:52:06.372072+00:00,0x2cfc3ef023f8f6ebad847ce57292f2a190fd727fc452a4c2a7cc845fd16b56aa,SOL,NO,low,medium,medium,0.03999999999999998,0.010000000000000009,0.0,0.03422163686926908,0.01,False,0.02128,-0.00030263643257804663
severe_execution,3,2026-07-02T19:52:12.366157+00:00,0x2cfc3ef023f8f6ebad847ce57292f2a190fd727fc452a4c2a7cc845fd16b56aa,SOL,NO,low,medium,medium,0.015000000000000003,0.010000000000000009,0.12280791319929163,0.041392551572174995,0.01,False,0.14772,-0.02499429265604105
severe_execution,3,2026-07-02T19:52:24.373550+00:00,0x2cfc3ef023f8f6ebad847ce57292f2a190fd727fc452a4c2a7cc845fd16b56aa,SOL,NO,medium,medium,medium,0.009999999999999998,0.020000000000000018,0.2578580155718948,0.048259350352554166,0.01,False,0.063,-0.02054539405324029
severe_execution,3,2026-07-02T19:52:30.368984+00:00,0x2cfc3ef023f8f6ebad847ce57292f2a190fd727fc452a4c2a7cc845fd16b56aa,SOL,NO,medium,medium,medium,0.11,0.020000000000000018,0.027956745602710192,0.005912103806683369,0.01,False,0.33748,0.015568340701317854
severe_execution,3,2026-07-02T19:52:48.372495+00:00,0x2cfc3ef023f8f6ebad847ce57292f2a190fd727fc452a4c2a7cc845fd16b56aa,SOL,NO,medium,medium,medium,0.01500000000000003,0.020000000000000018,0.4936224467043057,0.13916642961795384,0.01,True,0.0,-0.0
severe_execution,3,2026-07-02T19:53:00.364200+00:00,0x2cfc3ef023f8f6ebad847ce57292f2a190fd727fc452a4c2a7cc845fd16b56aa,SOL,NO,medium,high,medium,0.02999999999999999,0.030000000000000027,0.2890020534093578,0.05506486053442537,0.01,True,0.0,-0.0
severe_execution,3,2026-07-02T19:53:04.368103+00:00,0x2cfc3ef023f8f6ebad847ce57292f2a190fd727fc452a4c2a7cc845fd16b56aa,SOL,NO,high,medium,medium,-0.06999999999999999,0.010000000000000009,0.45786453480461853,0.09371812440613625,0.01,False,0.08,-0.05132661273686038
severe_execution,3,2026-07-02T19:53:10.364232+00:00,0x2cfc3ef023f8f6ebad847ce57292f2a190fd727fc452a4c2a7cc845fd16b56aa,SOL,NO,high,medium,medium,0.12000000000000001,0.010000000000000009,0.0,0.07855642955199046,0.01,False,0.012240000000000001,0.00026246930228363674
severe_execution,3,2026-07-02T19:53:42.364449+00:00,0x2cfc3ef023f8f6ebad847ce57292f2a190fd727fc452a4c2a7cc845fd16b56aa,SOL,NO,high,medium,medium,0.020000000000000035,0.010000000000000009,0.0,0.16784758257424193,0.01,False,0.46536,-0.07810955102674921
extreme_execution,1,2026-06-24T15:43:06.758948+00:00,0x80658216d4530ee5d8f87f3a84d6788c0505a016f5d1a52bfb8fc3c1afc1f1c2,ETH,YES,low,low,medium,-0.05,0.014999999999999993,0.7092511662103729,0.0392588155791563,0.02,True,0.0,-0.0
extreme_execution,1,2026-06-24T15:48:20.766212+00:00,0x8e22e9bf1a5c5cf1e5a91126865227cf0b75a5ec64611f0e0b23348e2b8eebc6,SOL,YES,medium,low,medium,-0.05,0.014999999999999993,0.6341659281935998,0.017127835615919292,0.02,True,0.0,-0.0
extreme_execution,1,2026-06-24T15:48:30.765676+00:00,0x8e22e9bf1a5c5cf1e5a91126865227cf0b75a5ec64611f0e0b23348e2b8eebc6,SOL,YES,medium,low,medium,-0.04,0.014999999999999998,0.0,0.022829663469709483,0.02,True,0.0,-0.0
extreme_execution,1,2026-06-24T16:03:06.764139+00:00,0x898e75f4a2714851629ab01153214fbf585c570d631964d411eb3f85d6f77427,ETH,NO,low,medium,high,0.07000000000000002,0.015000000000000013,0.0,0.0,0.02,True,0.0,0.0
extreme_execution,1,2026-06-24T16:03:34.761565+00:00,0x898e75f4a2714851629ab01153214fbf585c570d631964d411eb3f85d6f77427,ETH,NO,low,medium,medium,0.01999999999999998,0.015000000000000013,0.0,0.0,0.02,True,0.0,-0.0
extreme_execution,1,2026-06-24T16:03:36.766733+00:00,0x898e75f4a2714851629ab01153214fbf585c570d631964d411eb3f85d6f77427,ETH,NO,low,medium,medium,0.020000000000000035,0.015000000000000013,1.4184352556272857,0.07725236987623987,0.02,True,0.0,-0.0
extreme_execution,1,2026-06-24T16:03:56.765843+00:00,0x898e75f4a2714851629ab01153214fbf585c570d631964d411eb3f85d6f77427,ETH,NO,medium,medium,medium,-0.07000000000000002,0.015000000000000013,0.0,0.12210965098416617,0.02,True,0.0,-0.0
extreme_execution,1,2026-06-24T16:17:42.762123+00:00,0x16d9a49118c42f6c43e48602f4356b563fe7d62f03eace901d12f3671b7534cd,SOL,NO,low,medium,high,0.18000000000000002,0.015000000000000013,0.0,0.0,0.02,False,0.01,0.0014500000000000001
extreme_execution,1,2026-06-24T16:22:52.762411+00:00,0x76ee4df37777787c309b30aa15d0861f505cc65be0cea6ab16949e8fba9fa172,SOL,NO,medium,medium,medium,-0.11999999999999998,0.030000000000000027,0.0,1.092839101551531,0.02,False,0.15,-0.18942586523272967
extreme_execution,1,2026-06-24T16:22:54.752727+00:00,0x76ee4df37777787c309b30aa15d0861f505cc65be0cea6ab16949e8fba9fa172,SOL,NO,medium,medium,medium,-0.06500000000000002,0.030000000000000027,10.502639547369359,0.18394518759835116,0.02,True,0.0,-0.0
extreme_execution,1,2026-06-24T16:41:48.765478+00:00,0x54faa3af7fa6193533f340c3ceb42d2a8d405f5e3b23e2178d2a0212ac8cd968,ETH,YES,low,low,medium,-0.09500000000000001,0.01499999999999993,0.0,0.28006994707516725,0.02,True,0.0,-0.0
extreme_execution,1,2026-06-24T16:41:50.756781+00:00,0x54faa3af7fa6193533f340c3ceb42d2a8d405f5e3b23e2178d2a0212ac8cd968,ETH,YES,low,medium,low,-0.055000000000000035,0.030000000000000027,0.8298510931201458,0.11167956985953419,0.02,True,0.0,-0.0
extreme_execution,1,2026-06-24T16:48:48.757094+00:00,0x6a9cd2dd7bc9c9807d3452c9f1a97c34ac7aedbc934b79054d8b3a0bfdcd4e42,BTC,YES,low,low,high,-0.0325,0.015,0.0,0.0,0.02,False,0.25,-0.016875
extreme_execution,1,2026-06-24T16:51:06.758502+00:00,0xabff544d3602969cb25677257451bdb7c6ad59b48e75d1d633afb248b012b06c,ETH,NO,low,medium,medium,0.30000000000000004,0.015000000000000013,0.0,0.044648697491626074,0.02,False,0.25,0.05508782562709349
extreme_execution,1,2026-06-24T16:52:04.761668+00:00,0x7d0f63daa0e0bd4993d80fa4bcb62fd622043fb264ec4a7aa7b875871c6a353a,SOL,YES,medium,medium,medium,0.030000000000000002,0.015000000000000003,0.35457496300267194,0.02296942813329841,0.02,True,0.0,-0.0
extreme_execution,1,2026-06-24T16:52:06.767562+00:00,0x7d0f63daa0e0bd4993d80fa4bcb62fd622043fb264ec4a7aa7b875871c6a353a,SOL,YES,high,medium,medium,0.05,0.015000000000000013,1.4922102602720506,0.11581726153027028,0.02,True,0.0,-0.0
extreme_execution,1,2026-06-24T16:53:18.759891+00:00,0x11be248eacf03fecfc51007bb9833cc1452e33e48c5226ab9c30e91656ca4fed,BTC,YES,low,medium,medium,-0.05,0.015000000000000013,0.07786962009141747,0.023083844651650587,0.02,True,0.0,-0.0
extreme_execution,1,2026-06-24T16:53:52.752947+00:00,0x7d0f63daa0e0bd4993d80fa4bcb62fd622043fb264ec4a7aa7b875871c6a353a,SOL,YES,high,low,medium,-0.05,0.014999999999999993,0.0,0.11622265723566022,0.02,False,0.25,-0.05030566430891505
extreme_execution,1,2026-06-24T16:53:54.758545+00:00,0xabff544d3602969cb25677257451bdb7c6ad59b48e75d1d633afb248b012b06c,ETH,NO,high,low,medium,-0.02,0.012,0.0,0.0,0.02,True,0.0,-0.0
extreme_execution,1,2026-06-24T16:55:32.763105+00:00,0xdc4693598a20d019c083949d35703b04d5de73552f4d0fb762787cbe10eef7af,ETH,YES,low,medium,medium,0.035000000000000045,0.015000000000000013,1.3053250536889096,0.05622766299471643,0.02,False,0.0948,-0.12907519754160776
extreme_execution,1,2026-06-24T17:10:44.757531+00:00,0x6bcbfb85688c3516d74eda21ae1058775c9dbb0c3c2ed80679bea5efa4224f1f,SOL,YES,low,medium,medium,-0.09000000000000001,0.015000000000000013,0.0,0.04016927007460606,0.02,False,0.07114,-0.011750141873107476
extreme_execution,1,2026-06-24T17:10:48.752203+00:00,0x6bcbfb85688c3516d74eda21ae1058775c9dbb0c3c2ed80679bea5efa4224f1f,SOL,YES,low,medium,medium,0.07000000000000002,0.015000000000000013,0.0,0.1744769526267704,0.02,True,0.0,-0.0
extreme_execution,1,2026-06-24T17:15:08.754027+00:00,0x2a87ba5465e5a39b23f5c245ce8daf4e9166a6b5d3a01f97e3c5cebe5f542667,ETH,YES,low,medium,medium,0.08999999999999998,0.015000000000000013,0.4750094365291857,0.05853728498846848,0.02,True,0.0,-0.0
extreme_execution,1,2026-06-24T17:15:32.759728+00:00,0xc6ddbe45253f77b8dbd808a9153ec3477a66b95ce3dcd40edbdbf5e69a9fad74,BTC,YES,low,medium,medium,-0.059999999999999984,0.015000000000000013,0.0,0.08958410652552613,0.02,False,0.25,-0.04614602663138153
extreme_execution,1,2026-06-24T17:17:04.766209+00:00,0xc6ddbe45253f77b8dbd808a9153ec3477a66b95ce3dcd40edbdbf5e69a9fad74,BTC,YES,low,medium,medium,0.01999999999999998,0.015000000000000013,0.07505559198743544,0.023064606943300196,0.02,False,0.05278,-0.005970484099564229
extreme_execution,1,2026-06-24T17:20:12.764868+00:00,0xd8e21b0124221e5a6948b65f0b5c1b7c563a3c7e6ea11a1e7d760638a2e885ba,SOL,NO,medium,medium,high,0.15500000000000005,0.030000000000000027,0.0,0.0,0.02,True,0.0,0.0
extreme_execution,1,2026-06-24T17:25:44.756279+00:00,0x0a15e96a2f8db3533603fd8a311915394fd8b8b6cbc3c3b90e5225964660bd94,ETH,YES,low,medium,high,0.030000000000000044,0.015000000000000013,0.0,0.0,0.02,True,0.0,-0.0
extreme_execution,1,2026-06-24T17:26:36.761972+00:00,0x0a15e96a2f8db3533603fd8a311915394fd8b8b6cbc3c3b90e5225964660bd94,ETH,YES,low,medium,high,0.11,0.015000000000000013,0.0,0.0,0.02,False,0.25,0.018749999999999996
extreme_execution,1,2026-06-24T17:28:30.758436+00:00,0x8b89ebef2e337682d0c761c2d9ea76b14916b0fbaa6b07ab496782aa61d08092,SOL,NO,low,medium,medium,-0.03,0.015000000000000013,0.0,0.0,0.02,False,0.10254,-0.006665100000000002
extreme_execution,1,2026-06-24T17:32:12.757879+00:00,0xc53755a72a77c13680d29f80e88a1ffcdaeda374fb64389c3801a5660e24deb8,SOL,NO,low,medium,medium,0.030000000000000044,0.015000000000000013,0.0,0.09489662246175887,0.02,True,0.0,-0.0
extreme_execution,1,2026-06-24T17:40:50.764310+00:00,0xe162acce182a1c54de6efd4a047bee1957d9d0ce3a96723f622886a34ce9ef56,BTC,NO,low,medium,medium,-0.05000000000000003,0.015000000000000013,0.0,0.139963336251543,0.02,True,0.0,-0.0
extreme_execution,1,2026-06-24T17:46:02.756352+00:00,0x931296be6d3fc5e74df946ebeb47595bd30d0b51c747520c22454b54dbde783c,ETH,NO,medium,medium,high,0.16,0.015000000000000013,0.0,0.0,0.02,True,0.0,0.0
extreme_execution,1,2026-06-24T17:50:26.761135+00:00,0xe0261c3af71ec76885a6befe78536d37f4f39622a19d0102257561caaca61811,SOL,NO,low,medium,medium,0.06000000000000001,0.015000000000000013,0.0,0.12676215557763465,0.02,False,0.0872,-0.008873659966369742
extreme_execution,1,2026-06-24T18:00:58.760168+00:00,0x5a189bc1b252af1469e531eb62cee5995fe46dd01bcaff6b137a7bc3109e2e43,SOL,NO,medium,low,medium,-0.05000000000000003,0.014999999999999847,0.0,0.09917820431510053,0.02,True,0.0,-0.0
extreme_execution,1,2026-06-24T18:01:08.757617+00:00,0x5a189bc1b252af1469e531eb62cee5995fe46dd01bcaff6b137a7bc3109e2e43,SOL,NO,medium,medium,medium,0.010000000000000026,0.015000000000000013,0.7681218950561322,0.020121290036762492,0.02,False,0.23908000000000001,-0.19443018069200926
extreme_execution,1,2026-06-24T18:01:10.762661+00:00,0x5a189bc1b252af1469e531eb62cee5995fe46dd01bcaff6b137a7bc3109e2e43,SOL,NO,medium,medium,medium,-0.06999999999999999,0.04499999999999987,1.3457704802552992,0.06768167930479313,0.02,True,0.0,-0.0
extreme_execution,1,2026-06-24T18:01:28.765791+00:00,0x5a189bc1b252af1469e531eb62cee5995fe46dd01bcaff6b137a7bc3109e2e43,SOL,NO,medium,medium,medium,-0.05000000000000003,0.015000000000000013,0.09230564728804691,0.057822679343465064,0.02,True,0.0,-0.0
extreme_execution,1,2026-06-24T18:01:32.763050+00:00,0x5a189bc1b252af1469e531eb62cee5995fe46dd01bcaff6b137a7bc3109e2e43,SOL,NO,medium,medium,medium,0.07000000000000002,0.015000000000000013,0.0,0.04698151880112907,0.02,True,0.0,-0.0
extreme_execution,1,2026-06-24T18:01:48.762400+00:00,0x5a189bc1b252af1469e531eb62cee5995fe46dd01bcaff6b137a7bc3109e2e43,SOL,NO,medium,medium,medium,0.059999999999999956,0.015000000000000013,0.0,0.13903672902635972,0.02,False,0.25,-0.028509182256589945
extreme_execution,1,2026-06-24T18:05:24.753766+00:00,0x17dc5c06a8038c8b9fe98dc10caabed5e643e594aa096dfa257871e4e6fc79db,BTC,NO,medium,medium,high,0.05000000000000006,0.015000000000000013,0.0,0.0,0.02,False,0.08914,0.0013371000000000038
extreme_execution,1,2026-06-24T18:05:28.765310+00:00,0x17dc5c06a8038c8b9fe98dc10caabed5e643e594aa096dfa257871e4e6fc79db,BTC,NO,medium,medium,high,0.06999999999999997,0.015000000000000013,2.481874170886779,0.3145434721142468,0.02,True,0.0,-0.0
extreme_execution,1,2026-06-24T18:05:36.760226+00:00,0x3d07d4fd8f80b13ff82b8a59ac4e27ef61cee1ca5f5e8b639dd421a3a7bc2fcb,SOL,NO,low,high,medium,0.04999999999999995,0.04500000000000004,0.0,0.09240555529789479,0.02,False,0.01,-0.0010740555529789488
extreme_execution,1,2026-06-24T18:06:36.754811+00:00,0x3d07d4fd8f80b13ff82b8a59ac4e27ef61cee1ca5f5e8b639dd421a3a7bc2fcb,SOL,YES,low,medium,medium,0.039999999999999994,0.015000000000000013,0.0,0.046721897326138635,0.02,True,0.0,-0.0
extreme_execution,1,2026-06-24T18:06:38.762149+00:00,0x3d07d4fd8f80b13ff82b8a59ac4e27ef61cee1ca5f5e8b639dd421a3a7bc2fcb,SOL,YES,low,medium,medium,0.09999999999999999,0.015000000000000013,1.560387432396582,0.1365756090902479,0.02,False,0.0112,-0.018277986064652495
extreme_execution,1,2026-06-24T18:10:32.759091+00:00,0xe3120089fce1f1a743fc240f0033561fca78ae3088352a0f3f52413a0a0b39cb,BTC,YES,low,medium,high,0.04999999999999995,0.015000000000000013,0.0,0.0,0.02,False,0.25,0.0037499999999999834
extreme_execution,1,2026-06-24T18:10:48.754900+00:00,0x2a8f1b4db2834d8f740fa140f88d4c2cd7464241d37403fce3ab3bc53ee78792,ETH,NO,low,medium,high,0.06999999999999997,0.015000000000000013,0.0,0.0,0.02,True,0.0,0.0
extreme_execution,1,2026-06-24T18:11:20.766968+00:00,0x2a8f1b4db2834d8f740fa140f88d4c2cd7464241d37403fce3ab3bc53ee78792,ETH,YES,low,medium,medium,-0.059999999999999984,0.015000000000000013,0.0,0.24387566871512467,0.02,True,0.0,-0.0
extreme_execution,1,2026-06-24T18:20:04.756204+00:00,0x3d34074cabf8c0c7082b719f8b1d246fbf3344709e9dceb7baf2a9e21d9dcd71,BTC,YES,low,medium,medium,-0.13000000000000003,0.015000000000000013,0.0,0.0,0.02,False,0.25,-0.04125000000000001
extreme_execution,1,2026-06-24T18:20:30.755092+00:00,0x3d34074cabf8c0c7082b719f8b1d246fbf3344709e9dceb7baf2a9e21d9dcd71,BTC,YES,low,medium,medium,-0.05499999999999998,0.015000000000000013,0.0,0.16608048643971898,0.02,True,0.0,-0.0
extreme_execution,1,2026-06-24T18:20:36.756990+00:00,0x063b6476f22b96ffa4e2b1b40b6be64b68228f02258cf4f2cb5ae83ecbf708fd,ETH,YES,medium,medium,medium,0.04999999999999995,0.015000000000000013,0.0,0.14038619011400744,0.02,False,0.0412,-0.005165911032697109
extreme_execution,1,2026-06-24T18:20:40.753306+00:00,0x3d34074cabf8c0c7082b719f8b1d246fbf3344709e9dceb7baf2a9e21d9dcd71,BTC,YES,low,medium,medium,-0.059999999999999984,0.015000000000000013,0.0,0.021605430178041115,0.02,True,0.0,-0.0
extreme_execution,1,2026-06-24T18:20:52.756246+00:00,0x3d34074cabf8c0c7082b719f8b1d246fbf3344709e9dceb7baf2a9e21d9dcd71,BTC,YES,low,medium,medium,0.039999999999999994,0.015000000000000013,0.0,0.040295513435375116,0.02,False,0.25,-0.008823878358843785
extreme_execution,1,2026-06-24T18:20:54.762187+00:00,0x3d34074cabf8c0c7082b719f8b1d246fbf3344709e9dceb7baf2a9e21d9dcd71,BTC,YES,low,medium,medium,0.010000000000000026,0.015000000000000013,2.6897731736578017,0.1392298327817219,0.02,True,0.0,-0.0
extreme_execution,1,2026-06-24T18:21:06.764841+00:00,0x3d34074cabf8c0c7082b719f8b1d246fbf3344709e9dceb7baf2a9e21d9dcd71,BTC,YES,low,medium,medium,-0.05000000000000003,0.015000000000000013,1.4563862732500137,0.1066604618693654,0.02,False,0.1123,-0.18507564835390627
extreme_execution,1,2026-06-24T18:21:10.764191+00:00,0x3d34074cabf8c0c7082b719f8b1d246fbf3344709e9dceb7baf2a9e21d9dcd71,BTC,YES,low,medium,medium,0.020000000000000035,0.015000000000000013,0.20809641098761367,0.023467623334039844,0.02,False,0.25,-0.06164100858041337
extreme_execution,1,2026-06-24T18:21:12.754338+00:00,0x3d34074cabf8c0c7082b719f8b1d246fbf3344709e9dceb7baf2a9e21d9dcd71,BTC,YES,low,medium,medium,-0.06000000000000004,0.015000000000000013,1.719558304819718,0.09335002891746194,0.02,False,0.25,-0.476977083434295
extreme_execution,1,2026-06-24T18:21:14.759655+00:00,0x3d34074cabf8c0c7082b719f8b1d246fbf3344709e9dceb7baf2a9e21d9dcd71,BTC,YES,low,high,medium,0.19499999999999998,0.04500000000000004,0.0,0.06701149992744296,0.02,True,0.0,0.0
extreme_execution,1,2026-06-24T18:23:18.758759+00:00,0x3d34074cabf8c0c7082b719f8b1d246fbf3344709e9dceb7baf2a9e21d9dcd71,BTC,YES,low,medium,medium,0.01500000000000003,0.030000000000000027,4.016803484037294,0.02289282619983572,0.02,False,0.14296,-0.5825185845115
extreme_execution,1,2026-06-24T18:26:40.754541+00:00,0x0f58baf57772722db394290841df2a23b89d3ef388a740790fe4356e58669164,ETH,NO,low,medium,medium,-0.38,0.030000000000000027,0.0,0.10551731429318079,0.02,True,0.0,-0.0
extreme_execution,1,2026-06-24T18:32:18.765892+00:00,0xbde68413691d686e0741615c9dad23d2669c8cfcdd14efb81d2fd53260602d61,SOL,NO,low,medium,medium,0.05,0.015000000000000013,0.1495874121797286,0.04647441350253052,0.02,False,0.01,-0.0018106182568225911
extreme_execution,1,2026-06-24T18:32:28.765868+00:00,0xbde68413691d686e0741615c9dad23d2669c8cfcdd14efb81d2fd53260602d61,SOL,NO,low,medium,medium,-0.10000000000000002,0.015000000000000013,1.0435030029887578,0.02368002656821271,0.02,False,0.0224,-0.02692889986207614
extreme_execution,1,2026-06-24T18:32:34.767339+00:00,0xbde68413691d686e0741615c9dad23d2669c8cfcdd14efb81d2fd53260602d61,SOL,NO,low,medium,medium,-0.09999999999999999,0.015000000000000013,0.0,0.12440844012425842,0.02,True,0.0,-0.0
extreme_execution,1,2026-06-24T18:32:36.756754+00:00,0xbde68413691d686e0741615c9dad23d2669c8cfcdd14efb81d2fd53260602d61,SOL,NO,low,medium,medium,0.025000000000000012,0.015000000000000013,0.0,0.18968916993186455,0.02,False,0.01,-0.0019968916993186453
extreme_execution,1,2026-06-24T18:32:38.763486+00:00,0xbde68413691d686e0741615c9dad23d2669c8cfcdd14efb81d2fd53260602d61,SOL,NO,low,high,medium,-0.07500000000000002,0.09000000000000008,3.8478986548281515,0.1024403383212109,0.02,True,0.0,-0.0
extreme_execution,1,2026-06-24T18:32:40.753774+00:00,0xbde68413691d686e0741615c9dad23d2669c8cfcdd14efb81d2fd53260602d61,SOL,NO,low,medium,medium,0.030000000000000016,0.015000000000000013,0.0,0.13072799263222218,0.02,True,0.0,-0.0
extreme_execution,1,2026-06-24T18:32:58.758626+00:00,0xbde68413691d686e0741615c9dad23d2669c8cfcdd14efb81d2fd53260602d61,SOL,NO,low,high,medium,-0.05000000000000003,0.08999999999999991,0.0,0.06967675765177629,0.02,True,0.0,-0.0
extreme_execution,1,2026-06-24T18:33:00.765000+00:00,0xbde68413691d686e0741615c9dad23d2669c8cfcdd14efb81d2fd53260602d61,SOL,NO,low,medium,medium,0.014999999999999975,0.02999999999999986,0.0,0.06887798585906696,0.02,False,0.061200000000000004,-0.006357332734574892
extreme_execution,1,2026-06-24T18:51:52.760600+00:00,0x76ceb5966715afdbb09250dea84bccfc837e72c59d375b0ca15e03fcc417fb4e,SOL,YES,low,medium,medium,-0.06999999999999999,0.015000000000000013,0.6271608365005206,0.07435282264098247,0.02,True,0.0,-0.0
extreme_execution,1,2026-06-24T18:51:54.765991+00:00,0x76ceb5966715afdbb09250dea84bccfc837e72c59d375b0ca15e03fcc417fb4e,SOL,YES,low,medium,medium,0.039999999999999994,0.015000000000000013,0.0,0.11406719437755528,0.02,True,0.0,-0.0
extreme_execution,1,2026-06-24T18:51:56.756813+00:00,0x76ceb5966715afdbb09250dea84bccfc837e72c59d375b0ca15e03fcc417fb4e,SOL,YES,low,high,medium,0.01500000000000003,0.04500000000000004,3.564104958993883,0.10446597937937194,0.02,True,0.0,-0.0
extreme_execution,1,2026-06-24T18:52:10.764773+00:00,0x768552d5316e123aaa73080f47f5e8f4e0ba7553daff6a1d32fa8d9ed5552775,ETH,YES,low,medium,medium,0.059999999999999956,0.015000000000000013,0.0,0.046997727231930096,0.02,True,0.0,-0.0
extreme_execution,1,2026-06-24T18:52:48.766058+00:00,0x768552d5316e123aaa73080f47f5e8f4e0ba7553daff6a1d32fa8d9ed5552775,ETH,YES,low,low,medium,0.014999999999999975,0.01499999999999993,0.0,0.10275939468214527,0.02,False,0.25,-0.03068984867053631
extreme_execution,1,2026-06-24T18:52:48.766058+00:00,0x76ceb5966715afdbb09250dea84bccfc837e72c59d375b0ca15e03fcc417fb4e,SOL,YES,low,low,medium,-0.07000000000000005,0.01499999999999993,0.0,0.15407175467657877,0.02,False,0.01,-0.002590717546765788
extreme_execution,1,2026-06-24T18:52:52.763973+00:00,0x76ceb5966715afdbb09250dea84bccfc837e72c59d375b0ca15e03fcc417fb4e,SOL,YES,low,medium,medium,0.020000000000000035,0.015000000000000013,0.0,0.08362228094066756,0.02,True,0.0,-0.0
extreme_execution,1,2026-06-24T18:53:46.759987+00:00,0x76ceb5966715afdbb09250dea84bccfc837e72c59d375b0ca15e03fcc417fb4e,SOL,YES,medium,low,medium,0.09999999999999999,0.01499999999999993,6.448476609049732,0.01142168693623713,0.02,False,0.156,-0.9976041341738111
extreme_execution,1,2026-06-24T19:00:16.766958+00:00,0x6f14d199dafd35a5f545aad500e9cd65eaf22a2bf1a522817da62c57245246f4,SOL,NO,low,medium,medium,0.020000000000000035,0.015000000000000013,0.0,0.03475293692526233,0.02,True,0.0,-0.0
extreme_execution,1,2026-06-24T19:00:20.764327+00:00,0x6f14d199dafd35a5f545aad500e9cd65eaf22a2bf1a522817da62c57245246f4,SOL,NO,low,high,medium,-0.06499999999999999,0.07500000000000007,0.0,0.0924488733954247,0.02,True,0.0,-0.0
extreme_execution,1,2026-06-24T19:00:26.766094+00:00,0x6f14d199dafd35a5f545aad500e9cd65eaf22a2bf1a522817da62c57245246f4,SOL,NO,low,medium,medium,0.014999999999999975,0.02999999999999986,0.0,0.02940502013096343,0.02,False,0.086,-0.005538831731262845
extreme_execution,1,2026-06-24T19:00:34.758570+00:00,0x6f14d199dafd35a5f545aad500e9cd65eaf22a2bf1a522817da62c57245246f4,SOL,NO,low,medium,medium,-0.06999999999999999,0.015000000000000013,0.4954449809541901,0.019819194676523204,0.02,True,0.0,-0.0
extreme_execution,1,2026-06-24T19:00:46.763874+00:00,0x6f14d199dafd35a5f545aad500e9cd65eaf22a2bf1a522817da62c57245246f4,SOL,NO,low,low,medium,0.010000000000000026,0.014999999999999847,0.0,0.15066758999868296,0.02,False,0.04,-0.00702670359994731
extreme_execution,1,2026-06-24T19:01:30.763622+00:00,0x6f14d199dafd35a5f545aad500e9cd65eaf22a2bf1a522817da62c57245246f4,SOL,NO,low,medium,medium,-0.05000000000000003,0.015000000000000013,0.654197087062288,0.11692226086019714,0.02,True,0.0,-0.0
extreme_execution,1,2026-06-24T19:02:02.766777+00:00,0x9828065f135b73cbb04da613189035c96beca24508e8d4b15f9a9b670b7519eb,ETH,NO,low,medium,medium,0.01999999999999998,0.015000000000000013,1.7713921833241766,0.11890974437908622,0.02,False,0.048100000000000004,-0.09164502272252696
extreme_execution,1,2026-06-24T19:02:02.766777+00:00,0x6f14d199dafd35a5f545aad500e9cd65eaf22a2bf1a522817da62c57245246f4,SOL,NO,low,medium,high,0.06000000000000001,0.030000000000000027,0.0,0.0,0.02,True,0.0,0.0
extreme_execution,1,2026-06-24T19:02:04.757011+00:00,0x6f14d199dafd35a5f545aad500e9cd65eaf22a2bf1a522817da62c57245246f4,SOL,NO,low,medium,medium,-0.11499999999999998,0.02999999999999986,2.875079675606339,0.24600188721527239,0.02,True,0.0,-0.0
extreme_execution,1,2026-06-24T19:02:06.762138+00:00,0x6f14d199dafd35a5f545aad500e9cd65eaf22a2bf1a522817da62c57245246f4,SOL,NO,low,medium,medium,0.02999999999999999,0.015000000000000013,0.0,0.22174139842513735,0.02,False,0.0224,-0.0050790073247230765
extreme_execution,1,2026-06-24T19:02:08.753956+00:00,0x6f14d199dafd35a5f545aad500e9cd65eaf22a2bf1a522817da62c57245246f4,SOL,NO,low,high,medium,-0.06999999999999999,0.04500000000000004,4.470357997245291,0.11736599428261027,0.02,False,0.01,-0.04722723991527901
extreme_execution,1,2026-06-24T19:02:34.760304+00:00,0x6f14d199dafd35a5f545aad500e9cd65eaf22a2bf1a522817da62c57245246f4,SOL,NO,low,medium,medium,0.010000000000000026,0.015000000000000013,0.0,0.03505214753742897,0.02,False,0.0348,-0.002089814734302528
extreme_execution,1,2026-06-24T19:12:34.759652+00:00,0x1aee94333f9f59a16641bfb6bb79781128bfc7c762e6ec35a3e28ae595c8f710,ETH,YES,low,low,medium,-0.03,0.015,0.0,0.0,0.02,True,0.0,-0.0
extreme_execution,1,2026-06-24T19:15:48.754190+00:00,0x4982ded7e4b9233220595f26cc997fa151f1902c8893a0a78a52d656b5fdb3d4,ETH,NO,medium,medium,medium,-0.08,0.015000000000000013,0.0,0.2060934347774953,0.02,False,0.07,-0.022476540434424677
extreme_execution,1,2026-06-24T19:15:50.760306+00:00,0xb802375b899f20776320f8a3ad101bd8c4a32ff81a436fcc308a140cc33d96bf,BTC,NO,low,medium,medium,0.010000000000000026,0.015000000000000013,0.0,0.12558473188988073,0.02,False,0.25,-0.037646182972470174
extreme_execution,1,2026-06-24T19:15:50.760306+00:00,0x4982ded7e4b9233220595f26cc997fa151f1902c8893a0a78a52d656b5fdb3d4,ETH,NO,medium,medium,medium,0.03499999999999999,0.015000000000000013,0.0,0.14290177636786694,0.02,False,0.07576000000000001,-0.010826238577629602
extreme_execution,1,2026-06-24T19:25:34.759452+00:00,0x6e39d066f4cd8679f901216c55834139a9ad2240af38a11b09b63b0473e2b84b,SOL,YES,low,medium,medium,0.010000000000000026,0.015000000000000013,0.0,0.07090721114762934,0.02,False,0.13440000000000002,-0.012889929178241385
extreme_execution,1,2026-06-24T19:26:04.757062+00:00,0x6e39d066f4cd8679f901216c55834139a9ad2240af38a11b09b63b0473e2b84b,SOL,YES,low,medium,medium,0.07500000000000002,0.015000000000000013,0.0,0.16496441020180613,0.02,True,0.0,-0.0
extreme_execution,1,2026-06-24T19:37:46.757371+00:00,0xfedc3df4cb1db1fc866524795ac2fcdf9941f43010b9c15e487a333e6f266394,SOL,YES,low,medium,high,0.010000000000000026,0.015000000000000013,0.0,0.0,0.02,True,0.0,-0.0
extreme_execution,1,2026-06-24T19:37:50.757198+00:00,0xfedc3df4cb1db1fc866524795ac2fcdf9941f43010b9c15e487a333e6f266394,SOL,YES,low,medium,medium,-0.09999999999999996,0.015000000000000013,0.0,0.07023854207624847,0.02,False,0.0761,-0.015618653052002508
extreme_execution,1,2026-06-24T19:41:20.756922+00:00,0x7001dd0099cdee5fbb1efe846336e41812c524e7585b6f7c9a0a5c9882f114b9,SOL,NO,low,medium,medium,0.03999999999999994,0.015000000000000013,0.0,0.11831807118296396,0.02,True,0.0,-0.0
extreme_execution,1,2026-06-24T19:48:44.761661+00:00,0x4f55d140209fd0d5a7745de8f8a0f150f3b6097aedbaeee7d1a0618c0c3d7bb8,ETH,NO,low,medium,medium,0.06999999999999997,0.015000000000000013,1.2105061154624992,0.153731919649532,0.02,False,0.0332,-0.04413070276571943
extreme_execution,1,2026-06-24T19:53:26.758012+00:00,0x3ba3b3f951b2628ef716722de268dd5e244f8d45fd355168fab2e3b85af75128,SOL,NO,low,medium,high,-0.0315,0.015000000000000013,0.0,0.0,0.02,False,0.25,-0.016625000000000004
extreme_execution,1,2026-06-24T20:01:06.759646+00:00,0x88fd0bf02fe557e16419750274baafa5fd89a12437e7d4215161d95a77cc069e,SOL,NO,low,medium,medium,-0.05,0.015000000000000013,0.0,0.6591734763745745,0.02,False,0.02,-0.014883469527491491
extreme_execution,1,2026-06-24T20:01:08.765938+00:00,0x99160df581693bc7fa4ad76b5fe823f5346ef5cb655f1e8650a60c30a642c0ac,BTC,YES,low,high,medium,0.29,0.07499999999999998,2.629415926174352,0.21632774790509052,0.02,True,0.0,-0.0
extreme_execution,1,2026-06-24T20:08:34.761066+00:00,0xd14dfda063d0d2dafe354fe938c73ea7643db9f344cf11598794d252f8d453a1,BTC,NO,low,low,medium,-0.018,0.007500000000000007,0.0,0.0,0.02,False,0.25,-0.011375000000000001
extreme_execution,1,2026-06-24T20:13:52.754397+00:00,0xf8776b5271ce59d683b9da736a42f8139c58e4093ad342ae1288f9addc1b3cfe,BTC,NO,low,medium,medium,-0.06499999999999999,0.030000000000000027,0.0,0.07132418115941652,0.02,True,0.0,-0.0
extreme_execution,1,2026-06-24T20:13:56.764659+00:00,0xf8776b5271ce59d683b9da736a42f8139c58e4093ad342ae1288f9addc1b3cfe,BTC,NO,low,high,medium,-0.12999999999999998,0.04500000000000004,0.0,0.04759891447284765,0.02,False,0.25,-0.06064972861821191
extreme_execution,1,2026-06-24T20:17:30.756983+00:00,0x9c3ac652cc797ed5fdf7c5717c58c9ce007e9fabecc76e1454bf2d8db03c7150,BTC,YES,low,medium,medium,-0.06000000000000004,0.015000000000000013,0.0,0.10160298318376577,0.02,True,0.0,-0.0
extreme_execution,1,2026-06-24T20:17:34.755355+00:00,0x9c3ac652cc797ed5fdf7c5717c58c9ce007e9fabecc76e1454bf2d8db03c7150,BTC,YES,low,medium,medium,0.020000000000000035,0.015000000000000013,0.0,0.11995310145655458,0.02,True,0.0,-0.0
extreme_execution,1,2026-06-24T20:17:38.755356+00:00,0x9c3ac652cc797ed5fdf7c5717c58c9ce007e9fabecc76e1454bf2d8db03c7150,BTC,YES,low,medium,medium,0.010000000000000026,0.015000000000000013,0.15401001054098898,0.046877300336555135,0.02,True,0.0,-0.0
extreme_execution,1,2026-06-24T20:17:48.756472+00:00,0x9c3ac652cc797ed5fdf7c5717c58c9ce007e9fabecc76e1454bf2d8db03c7150,BTC,YES,low,low,medium,0.04999999999999995,0.014999999999999847,0.07758690245152171,0.021964938160449234,0.02,False,0.0405,-0.003424349544784819
extreme_execution,1,2026-06-24T20:18:06.756462+00:00,0x9c3ac652cc797ed5fdf7c5717c58c9ce007e9fabecc76e1454bf2d8db03c7150,BTC,YES,medium,medium,medium,-0.055000000000000035,0.02999999999999986,1.996837605966008,0.036043281835440893,0.02,False,0.25,-0.5344702219503622
extreme_execution,1,2026-06-24T20:18:34.759712+00:00,0x9c3ac652cc797ed5fdf7c5717c58c9ce007e9fabecc76e1454bf2d8db03c7150,BTC,YES,low,medium,medium,0.029999999999999933,0.015000000000000013,0.0,0.02388750631625844,0.02,True,0.0,-0.0
extreme_execution,1,2026-06-24T20:18:42.754973+00:00,0x9c3ac652cc797ed5fdf7c5717c58c9ce007e9fabecc76e1454bf2d8db03c7150,BTC,YES,low,high,medium,0.01500000000000003,0.05999999999999989,0.0,0.1684669538353345,0.02,False,0.14408,-0.03363791870859498
extreme_execution,1,2026-06-24T20:23:28.766404+00:00,0x664abf9e27ed69e80bbe4cc0517b8a125ca044c42ad3357a7c7af2ed9436c74e,SOL,NO,low,medium,medium,0.09999999999999999,0.015000000000000013,0.1497689365543773,0.046288145351228126,0.02,True,0.0,-0.0
extreme_execution,1,2026-06-24T20:31:42.764262+00:00,0x4dd3a21158dc2341d429921b0f01d6ef1d5b1b88544a4e1166825c85360a31f3,SOL,YES,low,medium,medium,0.05000000000000006,0.015000000000000013,0.0,0.0,0.02,True,0.0,0.0
extreme_execution,1,2026-06-24T20:50:08.762751+00:00,0x8faf001f0cb0420fe9216e45664d43db363e1235986c35e425847671efe887b9,SOL,NO,low,medium,high,0.35,0.015000000000000013,0.0,0.0,0.02,False,0.04,0.012599999999999998
extreme_execution,1,2026-06-24T20:50:34.755582+00:00,0xb5b2cc6f7e364320387000357dcec77c8e290b19a91515fda9f1eba110a7206b,ETH,YES,low,medium,medium,-0.02,0.015000000000000013,0.0,0.0,0.02,True,0.0,-0.0
extreme_execution,1,2026-06-24T20:50:58.754381+00:00,0x8faf001f0cb0420fe9216e45664d43db363e1235986c35e425847671efe887b9,SOL,YES,medium,medium,high,-0.39,0.015000000000000013,0.0,0.0,0.02,False,0.05,-0.021250000000000005
extreme_execution,1,2026-06-24T20:51:14.759775+00:00,0xa18f20c9d7af10ea829ba2117f462eed5781ccb83a3b11964e8464ea1bee0872,BTC,NO,medium,medium,high,0.010000000000000026,0.015000000000000013,0.0,0.0,0.02,False,0.19013999999999998,-0.004753499999999997
extreme_execution,1,2026-06-24T20:51:18.756585+00:00,0xb5b2cc6f7e364320387000357dcec77c8e290b19a91515fda9f1eba110a7206b,ETH,NO,medium,medium,high,-0.02,0.015000000000000013,0.0,0.0,0.02,True,0.0,-0.0
extreme_execution,1,2026-06-24T20:52:00.752541+00:00,0xa18f20c9d7af10ea829ba2117f462eed5781ccb83a3b11964e8464ea1bee0872,BTC,NO,medium,medium,medium,0.07499999999999997,0.030000000000000027,0.0,0.05976968280093134,0.02,True,0.0,-0.0
extreme_execution,1,2026-06-24T21:05:24.762965+00:00,0xaa2029eae1454eff4dd2950180ce1a61bf2cc891c5bac51d9e0a15f22cddbee9,BTC,NO,low,medium,medium,-0.06000000000000004,0.015000000000000013,0.0,0.12174441126322401,0.02,True,0.0,-0.0
extreme_execution,1,2026-06-24T21:06:00.760134+00:00,0xaa2029eae1454eff4dd2950180ce1a61bf2cc891c5bac51d9e0a15f22cddbee9,BTC,NO,low,medium,medium,-0.08500000000000006,0.030000000000000027,0.0,0.10973587551539978,0.02,False,0.25,-0.06118396887884996
extreme_execution,1,2026-06-24T21:06:02.752654+00:00,0xaa2029eae1454eff4dd2950180ce1a61bf2cc891c5bac51d9e0a15f22cddbee9,BTC,NO,low,medium,medium,-0.09000000000000001,0.015000000000000013,0.0,0.15896641689920304,0.02,True,0.0,-0.0
extreme_execution,1,2026-06-24T21:17:38.763105+00:00,0x937f6ce7ec05a5cf598e814d8b21ca1b03831a607d67f7a737b4b455195b6347,ETH,YES,low,medium,medium,0.02999999999999999,0.015000000000000013,3.3800716041577137,0.0,0.02,True,0.0,-0.0
extreme_execution,1,2026-06-24T21:22:02.765156+00:00,0xc6ef5efefe52337535ef640dc5214f2cfca21f24db5da5f6461bb61b04d1757b,SOL,NO,medium,medium,medium,0.09999999999999994,0.015000000000000013,0.0,0.0,0.02,False,0.0112,0.000727999999999999
extreme_execution,1,2026-06-24T21:22:20.752241+00:00,0xc6ef5efefe52337535ef640dc5214f2cfca21f24db5da5f6461bb61b04d1757b,SOL,NO,low,medium,medium,-0.12000000000000004,0.015000000000000013,0.0,0.2565035426617154,0.02,True,0.0,-0.0
extreme_execution,1,2026-06-24T21:23:58.762346+00:00,0xc6ef5efefe52337535ef640dc5214f2cfca21f24db5da5f6461bb61b04d1757b,SOL,NO,medium,medium,medium,0.2849999999999999,0.015000000000000013,2.125780562357698,0.14684864330024364,0.02,False,0.01,-0.020226292056579415
extreme_execution,1,2026-06-24T22:03:08.763973+00:00,0x8d3e7e3c36b3e5d1112c98d87518a00383581755190d5a55edc69c26749c1f59,ETH,NO,low,medium,medium,0.05,0.015000000000000013,0.5668124283962309,0.04900689986971233,0.02,True,0.0,-0.0
extreme_execution,1,2026-06-25T00:06:46.764238+00:00,0xd65cb4f9d9b3cd9e0726c6723aaedeea6270e2b27f07e8d8d75fb866fc66efda,SOL,YES,medium,high,medium,0.365,1.29,0.0,1.1128595635044851,0.02,False,0.0136,-0.027986890063660994
extreme_execution,1,2026-06-25T02:56:12.762022+00:00,0xdc50528ddd95715389bece5e22c3924ab255ac03cc50a796d14fc1536f99e645,BTC,NO,low,medium,medium,0.14000000000000004,0.015000000000000013,0.0,0.02613913176072644,0.02,False,0.25,0.019715217059818397
extreme_execution,1,2026-06-25T03:15:10.763656+00:00,0xd64b2ce5267698719de20d05b135368962c8a4f1835384f18f0605ccaac199d5,BTC,NO,medium,medium,medium,0.31999999999999995,0.015000000000000013,0.3540962302744343,0.026225883126784588,0.02,True,0.0,-0.0
extreme_execution,1,2026-06-25T03:15:10.763656+00:00,0xe9b43bb6aa0a0aa923a5b7ea6e70758b5f517507971004160627be84bdb0dbe3,SOL,NO,medium,medium,medium,0.32999999999999996,0.015000000000000013,0.0,0.026210933879479186,0.02,True,0.0,0.0
extreme_execution,2,2026-06-25T20:08:34.804565+00:00,0xee90821efc94653c995d4583794da5c87e3c033a1e0a24f1f4ee824d2357c750,BTC,NO,low,medium,medium,-0.06000000000000004,0.015000000000000013,0.0,0.06948199760008202,0.02,False,0.25,-0.041120499400020515
extreme_execution,2,2026-06-25T22:25:40.815254+00:00,0x42561c5c6f58ab741b19c250935435977309241d54a0c21753c74a382c8bf1ec,SOL,NO,low,high,medium,0.05500000000000001,0.08999999999999991,0.0,0.49773594420558065,0.02,True,0.0,-0.0
extreme_execution,2,2026-06-25T23:30:14.811724+00:00,0x78e6a3146dd778fc3150db6ba5f2fe3b701ff446bbaff21453236e84bee5434d,SOL,NO,medium,high,medium,0.039999999999999994,0.0749999999999999,0.0,0.5133014012677491,0.02,False,0.01,-0.005683014012677491
extreme_execution,2,2026-06-25T23:37:52.815776+00:00,0x953e34839580df1f86da756ce29e11f3a83588f2d7c5a8b5146bbe13c3ad7f35,BTC,NO,low,medium,medium,0.38,0.015000000000000013,3.1693004013485724,0.01832222846592279,0.02,True,0.0,-0.0
extreme_execution,2,2026-06-26T02:21:20.818691+00:00,0xe92b6aa7834be28be01989eb9239f7bc730eef595bb9081c81db7640532437a3,SOL,NO,low,medium,medium,0.020000000000000035,0.015000000000000013,2.5470791983042163,0.1502942504047205,0.02,False,0.0212,-0.057502317112629465
extreme_execution,2,2026-06-26T02:31:04.812637+00:00,0x0d8fce3554cb6a7e22dac3a088ee1b258895693bde0bdce58ef37a2d50eb0f3a,ETH,YES,low,medium,medium,0.035000000000000045,0.030000000000000027,1.1674954219176272,0.048548193014364985,0.02,False,0.010060000000000001,-0.012384298766215843
extreme_execution,2,2026-06-26T02:35:42.806769+00:00,0x136e15d4a85563899e310f043e14992b3ea9f163c94c722c836f29143ac271f4,ETH,NO,low,medium,medium,0.04000000000000005,0.015000000000000013,0.0,0.07849342540429202,0.02,False,0.01,-0.00073493425404292
extreme_execution,2,2026-06-26T02:40:48.805212+00:00,0x8e4bcd7de404304d78ffd6801cda6a969cd3550ebe3dbc28e4c0b8ff9938a14a,SOL,YES,low,medium,medium,0.13999999999999999,0.015000000000000013,0.0,0.0,0.02,True,0.0,0.0
extreme_execution,2,2026-06-26T02:51:38.817347+00:00,0xe508261496efeb201653b58e80e7f513fc39987412717485e6b55bb061579c69,ETH,NO,low,medium,medium,0.039999999999999994,0.015000000000000013,0.7066881192828809,0.039827456714863874,0.02,True,0.0,-0.0
extreme_execution,2,2026-06-26T02:51:56.806004+00:00,0xe508261496efeb201653b58e80e7f513fc39987412717485e6b55bb061579c69,ETH,NO,low,medium,medium,0.030000000000000044,0.015000000000000013,0.0,0.05618130272396498,0.02,True,0.0,-0.0
extreme_execution,2,2026-06-26T02:52:32.804179+00:00,0xc3f03ff87f66c7f90f0170c31343b35b3d222c9592259bb603fe0832409a0fdf,BTC,NO,low,medium,medium,0.02999999999999999,0.015000000000000013,0.0,0.1677994815774857,0.02,True,0.0,-0.0
extreme_execution,2,2026-06-26T02:52:32.804179+00:00,0xe508261496efeb201653b58e80e7f513fc39987412717485e6b55bb061579c69,ETH,NO,low,medium,medium,0.06999999999999997,0.015000000000000013,0.0,0.09337246339506544,0.02,False,0.072,-0.004202817364444715
extreme_execution,2,2026-06-26T02:57:22.804967+00:00,0x26d1ef52a5ebf5babad8932669762730e15bd1a446a00e43d9be96da4efc83c4,ETH,NO,low,medium,medium,0.115,0.015000000000000013,0.0,0.0,0.02,True,0.0,0.0
extreme_execution,2,2026-06-26T03:00:38.803974+00:00,0x63edaf8ffd40b636dc86e7c49b6296c604d4ea5caa43b031869f3147e21dd62b,SOL,YES,low,high,medium,-0.085,0.15000000000000005,0.0,0.38967575608009075,0.02,False,0.06396,-0.04123346135888262
extreme_execution,2,2026-06-26T03:01:24.814231+00:00,0xc358642287952e08f2fbbd5a90f7574d73a87685780ca454b0efda7e9e598cd4,ETH,NO,high,medium,medium,0.20500000000000004,0.015000000000000013,0.20891287311675955,0.019902973324953527,0.02,True,0.0,-0.0
extreme_execution,2,2026-06-26T03:03:32.816621+00:00,0x63edaf8ffd40b636dc86e7c49b6296c604d4ea5caa43b031869f3147e21dd62b,SOL,YES,low,medium,medium,0.19000000000000009,0.015000000000000013,0.0,0.038013081236119475,0.02,False,0.02,0.0023397383752776116
extreme_execution,2,2026-06-26T03:05:08.804343+00:00,0x45454c0281a47979043962ffc486828eaf366f6e60c61c60460810e7425f44a1,BTC,NO,low,medium,medium,0.059999999999999956,0.015000000000000013,1.785255960121227,0.09395572996323898,0.02,True,0.0,-0.0
extreme_execution,2,2026-06-26T03:06:02.818025+00:00,0xa16a5cae23414513a2199fe036ffb3c48978064e3c53b7d9b2ae57ee97de8bff,ETH,NO,low,medium,medium,0.045,0.015000000000000013,0.0,0.0,0.02,False,0.02,0.00019999999999999968
extreme_execution,2,2026-06-26T03:06:28.814788+00:00,0x200710e3e43d33b143ccd80d0a2e3a265017d2dc75281f8951b674131c3f26bb,SOL,NO,medium,high,medium,0.08499999999999998,0.06000000000000005,3.353964006764432,0.10914377306946527,0.02,True,0.0,-0.0
extreme_execution,2,2026-06-26T03:16:38.807970+00:00,0x3fa0111e36690372aa90e248420ec855bd7c896e4868c9f32998c6f075384169,ETH,YES,low,medium,medium,0.11,0.015000000000000013,0.0,0.019683599620313543,0.02,True,0.0,0.0
extreme_execution,2,2026-06-26T03:32:26.818047+00:00,0x0b97e37bec2a876f4ff7b37c51c8895e26ea39d6e3a2d9cb9ddbe6b457ce8860,SOL,YES,high,high,medium,0.21000000000000005,0.07499999999999998,1.4212808388359743,0.1548943918753102,0.02,False,0.01,-0.014611752307112846
extreme_execution,2,2026-06-26T03:55:08.803525+00:00,0x4899182aad7398c555f2a57cd6737598b159c5e6aa63bb73b798e6026f8b0094,SOL,NO,medium,low,medium,0.07999999999999997,0.01499999999999993,2.475742248125523,0.1702984108914167,0.02,True,0.0,-0.0
extreme_execution,2,2026-06-26T03:55:16.816237+00:00,0x4899182aad7398c555f2a57cd6737598b159c5e6aa63bb73b798e6026f8b0094,SOL,NO,low,low,medium,-0.08000000000000006,0.01499999999999993,0.0,0.10073601111513264,0.02,False,0.022719999999999997,-0.004901522172535812
extreme_execution,2,2026-06-26T03:57:48.804438+00:00,0x4899182aad7398c555f2a57cd6737598b159c5e6aa63bb73b798e6026f8b0094,SOL,NO,medium,high,medium,-0.055000000000000035,0.09,2.283657800820461,0.19098939502647735,0.02,False,0.0112,-0.029564048593485708
extreme_execution,2,2026-06-26T03:57:58.809960+00:00,0x4899182aad7398c555f2a57cd6737598b159c5e6aa63bb73b798e6026f8b0094,SOL,NO,low,high,medium,0.035000000000000045,0.06000000000000005,0.9453542132105247,0.009942014081720586,0.02,False,0.05,-0.05001481136461227
extreme_execution,2,2026-06-26T03:58:02.810248+00:00,0x4899182aad7398c555f2a57cd6737598b159c5e6aa63bb73b798e6026f8b0094,SOL,NO,medium,medium,medium,0.08999999999999998,0.015000000000000013,0.0,0.05827488016657817,0.02,False,0.01,-3.2748801665782e-05
extreme_execution,2,2026-06-26T03:58:28.812680+00:00,0x4899182aad7398c555f2a57cd6737598b159c5e6aa63bb73b798e6026f8b0094,SOL,NO,medium,medium,medium,0.059999999999999956,0.015000000000000013,0.0,0.0,0.02,True,0.0,0.0
extreme_execution,2,2026-06-26T04:00:06.817578+00:00,0xa931c0e10d5530f989373caa003629057063609e4005786b743bae537c217c34,SOL,NO,low,medium,medium,0.05499999999999995,0.030000000000000027,1.369699955490055,0.03016595749135384,0.02,False,0.014,-0.019528122781739727
extreme_execution,2,2026-06-26T04:00:20.812413+00:00,0x63cab951a7245a6f73b6e5e26a09e371e2feeeecc1e604537033a6353bf3944e,BTC,NO,medium,medium,medium,0.06500000000000002,0.015000000000000013,3.734606802220819,0.09724301522037496,0.02,True,0.0,-0.0
extreme_execution,2,2026-06-26T04:00:22.803330+00:00,0x63cab951a7245a6f73b6e5e26a09e371e2feeeecc1e604537033a6353bf3944e,BTC,NO,medium,medium,medium,0.14499999999999993,0.029999999999999943,1.6463414406332708,0.1705618943431595,0.02,False,0.01332,-0.022935752421886054
extreme_execution,2,2026-06-26T06:53:30.812574+00:00,0x4ff498fe655344b90bf7a5b904a79a24821ad4553fd49596772479324346a029,SOL,NO,medium,high,medium,0.024999999999999984,0.11999999999999994,0.0,1.1032970668694748,0.02,True,0.0,-0.0
extreme_execution,2,2026-06-26T06:53:32.804327+00:00,0x4ff498fe655344b90bf7a5b904a79a24821ad4553fd49596772479324346a029,SOL,NO,medium,medium,medium,-0.06999999999999999,0.015000000000000013,16.675324461212462,0.0938178943372997,0.02,True,0.0,-0.0
extreme_execution,2,2026-06-26T07:05:48.811781+00:00,0x43005d0675491621f54ab6875a6c632e3ee1d0ec2022689ceef619343b23aa90,SOL,NO,low,medium,medium,0.029999999999999933,0.015000000000000013,1.0579607152680075,0.020950996402495894,0.02,True,0.0,-0.0
extreme_execution,2,2026-06-26T07:06:38.804569+00:00,0x43005d0675491621f54ab6875a6c632e3ee1d0ec2022689ceef619343b23aa90,SOL,NO,low,medium,medium,-0.11000000000000003,0.015000000000000013,0.0,0.18713011542497382,0.02,True,0.0,-0.0
extreme_execution,2,2026-06-26T07:06:40.809802+00:00,0x43005d0675491621f54ab6875a6c632e3ee1d0ec2022689ceef619343b23aa90,SOL,NO,low,medium,medium,-0.059999999999999984,0.015000000000000013,0.0,0.18815682267347478,0.02,False,0.022,-0.006229450098816446
extreme_execution,2,2026-06-26T07:08:32.818104+00:00,0x43005d0675491621f54ab6875a6c632e3ee1d0ec2022689ceef619343b23aa90,SOL,NO,low,medium,medium,-0.07000000000000005,0.015000000000000013,1.624185363571855,0.06260833700695605,0.02,False,0.0112,-0.020068089446482685
extreme_execution,2,2026-06-26T07:40:34.806231+00:00,0xd26cee061a5b0d0f82fcb2457d5de1bb3334659b47dff621b8d511e56e10a868,BTC,NO,low,medium,medium,0.020000000000000035,0.015000000000000013,0.0,0.13758231664605425,0.02,True,0.0,-0.0
extreme_execution,2,2026-06-26T07:40:34.806231+00:00,0xc84d4d834953770775dc2fef52283e2d3ae621102db7672f438730406001fa49,ETH,NO,low,medium,medium,0.11,0.030000000000000027,0.0,0.11567014366435234,0.02,True,0.0,-0.0
extreme_execution,2,2026-06-26T07:40:36.812020+00:00,0xd26cee061a5b0d0f82fcb2457d5de1bb3334659b47dff621b8d511e56e10a868,BTC,NO,low,medium,medium,0.019999999999999924,0.015000000000000013,3.2482630092495643,0.08438634372807903,0.02,True,0.0,-0.0
extreme_execution,2,2026-06-26T07:45:32.818637+00:00,0x7f26a6a9237c0ddf229911a7c90349ed1f8b495468cbf2c8182a92f7cfc7a0e8,ETH,YES,low,medium,medium,0.06000000000000001,0.015000000000000013,0.0,0.0,0.02,False,0.12678,0.0031695
extreme_execution,2,2026-06-26T07:45:38.808508+00:00,0x7f26a6a9237c0ddf229911a7c90349ed1f8b495468cbf2c8182a92f7cfc7a0e8,ETH,YES,low,medium,medium,0.039999999999999994,0.015000000000000013,0.0,0.21249079322140108,0.02,True,0.0,-0.0
extreme_execution,2,2026-06-26T08:00:30.814345+00:00,0xe6a382ea25b9a95e964f4832e995c5e02cc31115908a9ef32975a67d8f3ede20,SOL,NO,low,medium,medium,0.10499999999999994,0.015000000000000013,0.0,0.0,0.02,True,0.0,0.0
extreme_execution,3,2026-07-01T21:38:34.364551+00:00,0xccddd1603d20c4477f2ac4e9f226747d540c9f0fe9ebc85b76cbdd992afa90a5,SOL,YES,low,medium,low,0.18999999999999997,0.015000000000000013,0.0,0.0,0.02,False,0.01,0.0015499999999999997
extreme_execution,3,2026-07-01T21:40:16.374459+00:00,0x1e62581fd9a1f2400a72b0ace91b1149d1dd03a3202a315563efea9499e0e23b,BTC,YES,low,medium,low,0.05000000000000006,0.015000000000000013,0.0,0.014206246653915821,0.02,False,0.00574,4.5561442065234316e-06
extreme_execution,3,2026-07-01T21:40:22.365273+00:00,0x4c09abece310efe0c502e2b081a875d0020f5b30af3c45f19145efd6b791df0b,ETH,YES,medium,medium,low,0.06500000000000002,0.015000000000000013,0.3581769102823881,0.014076911966563386,0.02,False,0.052,-0.01779719875694548
extreme_execution,3,2026-07-01T21:40:22.365273+00:00,0x2729a97dbed765fa7f38618dc0399548892a2600fac0138be2d913602762d5e7,SOL,YES,low,medium,low,0.039999999999999994,0.015000000000000013,0.0,0.0,0.02,False,0.008400000000000001,4.199999999999984e-05
extreme_execution,3,2026-07-01T21:40:24.371334+00:00,0x2729a97dbed765fa7f38618dc0399548892a2600fac0138be2d913602762d5e7,SOL,YES,low,medium,low,0.08999999999999998,0.015000000000000013,2.1259587642727378,0.08871119073647311,0.02,False,0.0509,-0.10992720070996884
extreme_execution,3,2026-07-01T21:41:12.371170+00:00,0x2729a97dbed765fa7f38618dc0399548892a2600fac0138be2d913602762d5e7,SOL,YES,low,medium,low,0.04000000000000005,0.015000000000000013,0.0,0.029533017583647264,0.02,False,0.25,-0.006133254395911807
extreme_execution,3,2026-07-01T21:41:40.369327+00:00,0x2729a97dbed765fa7f38618dc0399548892a2600fac0138be2d913602762d5e7,SOL,YES,low,medium,low,-0.059999999999999984,0.015000000000000013,1.5343296066457928,0.02866607522211771,0.02,True,0.0,-0.0
extreme_execution,3,2026-07-01T21:41:46.372488+00:00,0x2729a97dbed765fa7f38618dc0399548892a2600fac0138be2d913602762d5e7,SOL,YES,low,medium,low,0.039999999999999994,0.015000000000000013,0.0,0.05739221646508952,0.02,True,0.0,-0.0
extreme_execution,3,2026-07-01T21:42:04.370096+00:00,0x2729a97dbed765fa7f38618dc0399548892a2600fac0138be2d913602762d5e7,SOL,YES,low,low,low,-0.07500000000000005,0.01499999999999993,0.0,0.20155990339631963,0.02,False,0.05736,-0.017871076058812895
extreme_execution,3,2026-07-01T21:43:34.364596+00:00,0x4c09abece310efe0c502e2b081a875d0020f5b30af3c45f19145efd6b791df0b,ETH,YES,low,medium,low,0.010000000000000026,0.015000000000000013,0.0,0.0,0.02,True,0.0,-0.0
extreme_execution,3,2026-07-01T21:43:36.369953+00:00,0x4c09abece310efe0c502e2b081a875d0020f5b30af3c45f19145efd6b791df0b,ETH,YES,low,medium,low,0.01999999999999998,0.015000000000000013,1.0636470741344466,0.04465433586139529,0.02,False,0.09664,-0.10855584826199818
extreme_execution,3,2026-07-01T21:43:40.367946+00:00,0x4c09abece310efe0c502e2b081a875d0020f5b30af3c45f19145efd6b791df0b,ETH,YES,low,medium,low,0.039999999999999994,0.015000000000000013,1.4349057692055507,0.05667732450456109,0.02,True,0.0,-0.0
extreme_execution,3,2026-07-01T21:52:36.373289+00:00,0x0dcd227003d8b96eb66b8db71c3ef9f315a3aae8716e4d49d11b359a8b6c27fa,ETH,YES,low,low,low,0.3499999999999999,0.01499999999999993,1.4179924239315587,0.05927512991656027,0.02,True,0.0,-0.0
extreme_execution,3,2026-07-01T22:25:06.371629+00:00,0x3eadf4ee01511b615676265099963fabcf242d0d9e7b7e4b982686e0262ce98b,ETH,YES,low,medium,medium,0.020000000000000035,0.015000000000000013,0.0,0.0,0.02,True,0.0,-0.0
extreme_execution,3,2026-07-01T22:25:44.366323+00:00,0x2b139d670d2706c6264dad011bc4e96df04633695a4fc75b669830f39f6693ce,BTC,NO,low,medium,medium,0.020000000000000035,0.015000000000000013,0.0,0.008449048935400013,0.02,False,0.11586,-0.0027168068096554434
extreme_execution,3,2026-07-01T22:25:46.373589+00:00,0x2b139d670d2706c6264dad011bc4e96df04633695a4fc75b669830f39f6693ce,BTC,NO,low,medium,low,0.020000000000000035,0.015000000000000013,1.2760553557463163,0.05660203480754416,0.02,False,0.07964,-0.10732743458370946
extreme_execution,3,2026-07-01T22:25:48.363737+00:00,0x2b139d670d2706c6264dad011bc4e96df04633695a4fc75b669830f39f6693ce,BTC,NO,low,low,low,0.03999999999999994,0.01499999999999993,0.31117435891571155,0.06013835151958553,0.02,False,0.25,-0.09157817760882427
extreme_execution,3,2026-07-01T22:25:50.368975+00:00,0x2b139d670d2706c6264dad011bc4e96df04633695a4fc75b669830f39f6693ce,BTC,NO,medium,low,medium,-0.05999999999999993,0.01499999999999993,0.9999040495936007,0.09034725553774664,0.02,True,0.0,-0.0
extreme_execution,3,2026-07-01T22:25:56.371175+00:00,0x2b139d670d2706c6264dad011bc4e96df04633695a4fc75b669830f39f6693ce,BTC,NO,medium,medium,medium,0.019999999999999924,0.015000000000000013,0.0,0.015031871675357822,0.02,True,0.0,-0.0
extreme_execution,3,2026-07-01T22:25:58.364472+00:00,0x071de439b9cfba5f3b67356a7c3b0685206f6f943a789b6467311d34691aa135,SOL,NO,low,medium,low,0.010000000000000026,0.015000000000000013,1.7919847326004825,0.07169548742610866,0.02,True,0.0,-0.0
extreme_execution,3,2026-07-01T22:26:00.369709+00:00,0x2b139d670d2706c6264dad011bc4e96df04633695a4fc75b669830f39f6693ce,BTC,NO,medium,low,medium,0.02500000000000004,0.01499999999999993,0.0,0.015212982305832193,0.02,False,0.10321999999999999,-0.0026024840336079874
extreme_execution,3,2026-07-01T22:31:02.362104+00:00,0x5330f3288d309b2bb246086f6cf4d139e782acd5b44784839259604ae5e9f369,BTC,NO,low,low,low,0.05500000000000001,0.014999999999999847,0.21836090280554005,0.015018529170193595,0.02,False,0.1946,-0.04152363746247773
extreme_execution,3,2026-07-01T22:31:16.364882+00:00,0x5330f3288d309b2bb246086f6cf4d139e782acd5b44784839259604ae5e9f369,BTC,NO,low,medium,low,0.03499999999999999,0.030000000000000027,0.3328844171984878,0.03512764351589483,0.02,True,0.0,-0.0
extreme_execution,3,2026-07-01T22:31:16.364882+00:00,0x8145a3bfddc61cdf01d45026aed596f0878c260884e8315caa000f5e42143a61,ETH,NO,low,medium,low,0.039999999999999994,0.04499999999999987,0.0,0.027771126813538285,0.02,False,0.048,-0.0025330140870498323
extreme_execution,3,2026-07-01T22:31:18.370517+00:00,0x5330f3288d309b2bb246086f6cf4d139e782acd5b44784839259604ae5e9f369,BTC,NO,low,medium,medium,0.010000000000000026,0.015000000000000013,1.2462873981263143,0.08430504678069546,0.02,True,0.0,-0.0
extreme_execution,3,2026-07-01T22:31:20.361313+00:00,0x8145a3bfddc61cdf01d45026aed596f0878c260884e8315caa000f5e42143a61,ETH,NO,low,medium,low,-0.05000000000000003,0.015000000000000013,0.873300505783293,0.06010599780188433,0.02,False,0.12996000000000002,-0.13235210920592966
extreme_execution,3,2026-07-01T22:31:22.369278+00:00,0x8145a3bfddc61cdf01d45026aed596f0878c260884e8315caa000f5e42143a61,ETH,NO,low,medium,low,-0.08999999999999996,0.015000000000000013,0.0,0.03969566700614805,0.02,True,0.0,-0.0
extreme_execution,3,2026-07-01T22:31:34.363478+00:00,0x5330f3288d309b2bb246086f6cf4d139e782acd5b44784839259604ae5e9f369,BTC,NO,low,medium,low,0.030000000000000044,0.015000000000000013,0.0,0.013676168489425404,0.02,False,0.25,-0.004669042122356344
extreme_execution,3,2026-07-01T22:32:00.371088+00:00,0x26690f30c8250f214c3c585bafacecfe21ca18c719caac4709c063c6d47267b4,SOL,NO,low,medium,medium,0.045,0.030000000000000027,0.0,0.0699675774020328,0.02,False,0.0988,-0.007406796647320844
extreme_execution,3,2026-07-01T22:32:02.361988+00:00,0x26690f30c8250f214c3c585bafacecfe21ca18c719caac4709c063c6d47267b4,SOL,NO,low,medium,medium,0.020000000000000035,0.015000000000000013,3.0391516665201563,0.09872863026771805,0.02,False,0.04396,-0.13860061784679495
extreme_execution,3,2026-07-01T22:32:06.360504+00:00,0x26690f30c8250f214c3c585bafacecfe21ca18c719caac4709c063c6d47267b4,SOL,NO,low,high,medium,-0.05000000000000003,0.04500000000000004,1.1166504450825532,0.0532874821979811,0.02,True,0.0,-0.0
extreme_execution,3,2026-07-01T22:32:10.374054+00:00,0x26690f30c8250f214c3c585bafacecfe21ca18c719caac4709c063c6d47267b4,SOL,NO,low,medium,low,-0.13999999999999999,0.015000000000000013,0.0,0.06915670878963223,0.02,False,0.14,-0.03418193923054851
extreme_execution,3,2026-07-01T22:32:18.369405+00:00,0x8145a3bfddc61cdf01d45026aed596f0878c260884e8315caa000f5e42143a61,ETH,NO,low,medium,medium,0.059999999999999956,0.015000000000000013,4.012404892674574,0.015028495284441789,0.02,False,0.04068,-0.16281899022217278
extreme_execution,3,2026-07-01T22:32:22.368939+00:00,0x5330f3288d309b2bb246086f6cf4d139e782acd5b44784839259604ae5e9f369,BTC,NO,low,medium,medium,0.010000000000000026,0.015000000000000013,1.4837542556306973,0.015270175074170587,0.02,True,0.0,-0.0
extreme_execution,3,2026-07-01T22:32:28.372665+00:00,0x8145a3bfddc61cdf01d45026aed596f0878c260884e8315caa000f5e42143a61,ETH,NO,low,medium,low,-0.09500000000000001,0.015000000000000013,0.0,0.058796836328901786,0.02,False,0.25,-0.04719920908222545
extreme_execution,3,2026-07-01T22:32:54.365688+00:00,0x8145a3bfddc61cdf01d45026aed596f0878c260884e8315caa000f5e42143a61,ETH,NO,low,medium,low,0.05,0.015000000000000013,0.0,0.0451169244557693,0.02,True,0.0,-0.0
extreme_execution,3,2026-07-01T22:33:02.361345+00:00,0x5330f3288d309b2bb246086f6cf4d139e782acd5b44784839259604ae5e9f369,BTC,NO,medium,medium,medium,0.13000000000000003,0.015000000000000013,0.28171747356206633,0.0,0.02,False,0.25,-0.046679368390516576
extreme_execution,3,2026-07-01T22:33:02.361345+00:00,0x8145a3bfddc61cdf01d45026aed596f0878c260884e8315caa000f5e42143a61,ETH,NO,low,medium,low,0.09999999999999999,0.015000000000000013,0.0,0.044406539847091135,0.02,True,0.0,0.0
extreme_execution,3,2026-07-01T22:33:02.361345+00:00,0x26690f30c8250f214c3c585bafacecfe21ca18c719caac4709c063c6d47267b4,SOL,NO,low,medium,low,0.07500000000000002,0.030000000000000027,0.0,0.052730719728805026,0.02,False,0.0736,-0.00204098097204005
extreme_execution,3,2026-07-01T22:33:04.368866+00:00,0x26690f30c8250f214c3c585bafacecfe21ca18c719caac4709c063c6d47267b4,SOL,NO,low,medium,low,0.05,0.015000000000000013,4.347042902191538,0.13507126700044478,0.02,True,0.0,-0.0
extreme_execution,3,2026-07-01T22:33:20.375116+00:00,0x5330f3288d309b2bb246086f6cf4d139e782acd5b44784839259604ae5e9f369,BTC,NO,low,medium,low,0.03999999999999994,0.015000000000000013,0.0,0.14938716923928458,0.02,True,0.0,-0.0
extreme_execution,3,2026-07-01T22:33:22.368132+00:00,0x26690f30c8250f214c3c585bafacecfe21ca18c719caac4709c063c6d47267b4,SOL,NO,medium,medium,low,0.22000000000000006,0.015000000000000013,2.251787817273232,0.0,0.02,False,0.01,-0.02066787817273232
extreme_execution,3,2026-07-01T22:33:58.367410+00:00,0x26690f30c8250f214c3c585bafacecfe21ca18c719caac4709c063c6d47267b4,SOL,NO,low,medium,low,-0.12999999999999998,0.015000000000000013,0.9945271813627936,0.12403432561322258,0.02,True,0.0,-0.0
extreme_execution,3,2026-07-01T22:36:04.365503+00:00,0x06bf7937a18769d86039ea4ed35e5e8edd2a5c73d2ee04faffe90363450f8e3c,SOL,YES,low,medium,low,0.12499999999999996,0.015000000000000013,0.0,0.014363837656150527,0.02,True,0.0,0.0
extreme_execution,3,2026-07-01T23:41:58.370401+00:00,0x8d22580ded9a1c9bb43a9581787566efeccc0dff2ba6843eef73d5789b5ad805,SOL,NO,low,low,medium,0.29,0.014999999999999847,0.0,0.01506659815650207,0.02,False,0.09,0.021594006165914826
extreme_execution,3,2026-07-02T00:15:04.370549+00:00,0xa961035fe332ff6a397489f4b23cb720ae57b84d866a526858b47a7300270c12,SOL,YES,low,medium,medium,0.06999999999999997,0.015000000000000013,0.0,0.023053862150462366,0.02,True,0.0,0.0
extreme_execution,3,2026-07-02T00:36:00.373439+00:00,0x0b7afa9b0852f4da0eb237bf817bcb7f8aef5e68dd95d52baba20abc06c16376,SOL,YES,low,medium,medium,0.010000000000000026,0.015000000000000013,0.0,0.01568370218419198,0.02,False,0.25,-0.010170925546047992
extreme_execution,3,2026-07-02T02:22:40.364603+00:00,0x8388cdf918fa7cb09ae4a5325b4c5f307e17be11af5350e73ae08cf56bb4fece,ETH,NO,low,medium,medium,0.059999999999999956,0.015000000000000013,0.0,0.12205756630679994,0.02,True,0.0,-0.0
extreme_execution,3,2026-07-02T02:30:34.366427+00:00,0xb3e27db391946f1a5ab1d3c3b4a5b8c59d663d3684d960d98f37b7def0df3075,ETH,NO,low,low,medium,0.039999999999999994,0.014999999999999847,0.0,0.13798692284846814,0.02,True,0.0,-0.0
extreme_execution,3,2026-07-02T02:30:38.363447+00:00,0xb3e27db391946f1a5ab1d3c3b4a5b8c59d663d3684d960d98f37b7def0df3075,ETH,NO,low,medium,medium,0.030000000000000044,0.015000000000000013,1.514391444410625,0.08094046462517449,0.02,True,0.0,-0.0
extreme_execution,3,2026-07-02T03:06:42.363431+00:00,0xd97c09881b1dc40d77cafc681e2b0b8577f654e19c6a1a83914d678d7f9bdf2c,SOL,YES,low,medium,medium,0.059999999999999956,0.015000000000000013,0.0,0.2607004576719963,0.02,False,0.14236000000000001,-0.0335543171541854
extreme_execution,3,2026-07-02T03:38:34.375507+00:00,0xd69c5b7ce1b66fe7745e070b544d04de2517e4b2093ff8309c5573bb8b38ce57,SOL,YES,low,medium,medium,0.13999999999999999,0.015000000000000013,0.6507741365756481,0.07958959559731392,0.02,False,0.06824,-0.042674821083482924
extreme_execution,3,2026-07-02T03:50:04.372378+00:00,0xcd593facad3a6092d5974b7ee969c8f3ff778c58031a7baac893ebf627d14b9d,ETH,YES,high,medium,medium,0.24000000000000002,0.015000000000000013,0.0,0.0,0.02,False,0.1107,0.022693500000000002
extreme_execution,3,2026-07-02T03:58:18.368322+00:00,0x947e5ddb9a353ecb65bc2faa7bce21ded36808053545239573a7c43756401557,SOL,NO,low,medium,medium,0.059999999999999956,0.015000000000000013,0.9280790789903406,0.08313170572173403,0.02,False,0.25,-0.24655269617801867
extreme_execution,3,2026-07-02T04:22:28.365589+00:00,0x8552d47c45da4f6202022c51d4d7ff51b0064f2cd42e482f6fc524d37f7ed891,SOL,NO,low,medium,medium,0.08999999999999998,0.015000000000000013,0.12691118680011101,0.03260203367308179,0.02,False,0.01,-0.0010451322047319283
extreme_execution,3,2026-07-02T06:11:32.366824+00:00,0xbd4e2fd8dfbdf679456a5c936fa4db4595434055fa7990b727e863efdb73d6fe,SOL,YES,low,medium,medium,0.09999999999999999,0.030000000000000027,0.0,0.21612672422174745,0.02,False,0.01,-0.001661267242217475
extreme_execution,3,2026-07-02T07:55:46.373480+00:00,0x80bb349ee2b85081e290db4561ebb007ca2a8b5721eec05ce98488d10dbdc84f,ETH,NO,low,medium,medium,-0.07000000000000005,0.015000000000000013,0.0,0.0849112887589897,0.02,False,0.01062,-0.002016857886620471
extreme_execution,3,2026-07-02T07:57:42.360831+00:00,0xf9f5ce604030e965827e405652c34595fca9803264f266f106ead15d7fbb64ac,BTC,YES,low,medium,medium,-0.17,0.030000000000000027,0.0,0.34250511075691936,0.02,True,0.0,-0.0
extreme_execution,3,2026-07-02T07:57:44.366499+00:00,0xf9f5ce604030e965827e405652c34595fca9803264f266f106ead15d7fbb64ac,BTC,YES,low,high,medium,0.08499999999999998,0.06000000000000001,0.17576687460654417,0.2556067479762354,0.02,True,0.0,-0.0
extreme_execution,3,2026-07-02T08:08:54.370330+00:00,0x217a508e23290f5918a6837d836f77a3f88255f2e4fe43a9a2cce242409a7db6,ETH,YES,low,medium,high,-0.02,0.015000000000000013,0.0,0.0,0.02,False,0.128,-0.007040000000000003
extreme_execution,3,2026-07-02T08:31:14.363819+00:00,0x5d2ccbd18015d1eb9a97902f684b591555d9a4ff0610ff201c2f1f8538a929b1,SOL,YES,low,medium,medium,0.01999999999999998,0.015000000000000013,3.5911615287410155,0.18004066665796117,0.02,True,0.0,-0.0
extreme_execution,3,2026-07-02T08:31:18.364598+00:00,0x5d2ccbd18015d1eb9a97902f684b591555d9a4ff0610ff201c2f1f8538a929b1,SOL,YES,low,medium,medium,0.09500000000000004,0.015000000000000013,0.15586258913283568,0.03628891338574762,0.02,False,0.07184,-0.009493763940935021
extreme_execution,3,2026-07-02T09:00:24.371490+00:00,0x96ddd482cd2ee1a173dbde4538ed2007620845c0e462dbfcc969d36209beb1ce,SOL,NO,low,medium,medium,-0.059999999999999984,0.015000000000000013,0.0,0.12592095844535073,0.02,True,0.0,-0.0
extreme_execution,3,2026-07-02T09:00:34.362867+00:00,0x96ddd482cd2ee1a173dbde4538ed2007620845c0e462dbfcc969d36209beb1ce,SOL,NO,low,medium,medium,0.09999999999999994,0.015000000000000013,0.0,0.0612301243108474,0.02,False,0.01,3.769875689152522e-05
extreme_execution,3,2026-07-02T09:00:48.368690+00:00,0x96ddd482cd2ee1a173dbde4538ed2007620845c0e462dbfcc969d36209beb1ce,SOL,NO,low,high,medium,0.04499999999999994,0.06000000000000005,0.0,0.1075733642410242,0.02,False,0.01,-0.0014257336424102433
extreme_execution,3,2026-07-02T09:00:52.369633+00:00,0x96ddd482cd2ee1a173dbde4538ed2007620845c0e462dbfcc969d36209beb1ce,SOL,NO,low,medium,medium,0.04999999999999995,0.015000000000000013,0.0,0.1432167348814835,0.02,True,0.0,-0.0
extreme_execution,3,2026-07-02T09:01:04.370531+00:00,0x96ddd482cd2ee1a173dbde4538ed2007620845c0e462dbfcc969d36209beb1ce,SOL,NO,low,medium,medium,0.010000000000000026,0.015000000000000013,0.0,0.15324798890181424,0.02,False,0.01,-0.001782479889018142
extreme_execution,3,2026-07-02T09:01:06.361857+00:00,0x96ddd482cd2ee1a173dbde4538ed2007620845c0e462dbfcc969d36209beb1ce,SOL,NO,low,medium,medium,0.010000000000000026,0.015000000000000013,3.6080124862717193,0.05387041850505647,0.02,False,0.11998,-0.44235221091511756
extreme_execution,3,2026-07-02T09:10:36.374495+00:00,0xbe2fec169e982831aa0a3f5a98442f7e0793c4af803bb920266ae6a7d43b3101,SOL,YES,low,medium,medium,-0.06999999999999999,0.015000000000000013,0.0,0.18949634095721113,0.02,True,0.0,-0.0
extreme_execution,3,2026-07-02T09:11:08.370966+00:00,0xbe2fec169e982831aa0a3f5a98442f7e0793c4af803bb920266ae6a7d43b3101,SOL,YES,low,medium,medium,0.010000000000000026,0.015000000000000013,0.0,0.01773673875622703,0.02,True,0.0,-0.0
extreme_execution,3,2026-07-02T09:26:52.371394+00:00,0xe41189d0cceabac9697f126f3ff12806192b7fb894edecb0106a0cc6738db731,ETH,YES,low,medium,medium,0.30999999999999994,0.015000000000000013,9.334455979351352,0.14584747488528096,0.02,True,0.0,-0.0
extreme_execution,3,2026-07-02T09:35:10.366702+00:00,0x22928e0772859e6323b5722fc85857ebc2843ce5f3002b574d2bfdaa76aefda9,SOL,YES,low,medium,medium,0.02999999999999999,0.015000000000000013,0.2304871615748199,0.052158759274990835,0.02,False,0.01,-0.0028764592084981077
extreme_execution,3,2026-07-02T09:55:44.372085+00:00,0x76314474e6d37d9996d64a209cef82a7d8ccbce36c7c87add2f24e7497a7816c,BTC,NO,low,high,medium,0.09999999999999999,0.10500000000000001,1.1715841261561935,0.08121183634107329,0.02,False,0.25,-0.3194489906243167
extreme_execution,3,2026-07-02T09:55:54.363634+00:00,0x1f1dd57c6e8f84731f3eca11a122596fc016822900b9a36563483ec6f84c36d4,SOL,NO,low,medium,medium,-0.08,0.015000000000000013,2.405386758287534,0.03613503519146409,0.02,False,0.00608,-0.015543652504352311
extreme_execution,3,2026-07-02T09:56:18.361978+00:00,0x1f1dd57c6e8f84731f3eca11a122596fc016822900b9a36563483ec6f84c36d4,SOL,NO,low,medium,medium,0.035000000000000045,0.030000000000000027,0.0,0.0824819906853308,0.02,True,0.0,-0.0
extreme_execution,3,2026-07-02T09:56:24.369489+00:00,0x1f1dd57c6e8f84731f3eca11a122596fc016822900b9a36563483ec6f84c36d4,SOL,NO,low,medium,medium,0.059999999999999956,0.015000000000000013,0.5621450903998565,0.0,0.02,False,0.25,-0.13428627259996415
extreme_execution,3,2026-07-02T09:56:42.365883+00:00,0x76314474e6d37d9996d64a209cef82a7d8ccbce36c7c87add2f24e7497a7816c,BTC,NO,low,medium,medium,0.03999999999999994,0.015000000000000013,0.0,0.03650806929992455,0.02,True,0.0,-0.0
extreme_execution,3,2026-07-02T09:56:46.366917+00:00,0x76314474e6d37d9996d64a209cef82a7d8ccbce36c7c87add2f24e7497a7816c,BTC,NO,low,medium,medium,0.010000000000000026,0.015000000000000013,0.870060907596653,0.0713903657242054,0.02,True,0.0,-0.0
extreme_execution,3,2026-07-02T09:58:16.363073+00:00,0x1f1dd57c6e8f84731f3eca11a122596fc016822900b9a36563483ec6f84c36d4,SOL,NO,low,medium,medium,0.03999999999999994,0.015000000000000013,5.445558386065495,0.2822591054353139,0.02,False,0.0497,-0.28442402932759014
extreme_execution,3,2026-07-02T10:28:54.362470+00:00,0x5b8a5202ab816574a4572fb9d28ff7ada354d9668318b56a3644f04c39738f84,SOL,NO,low,medium,medium,0.04000000000000005,0.015000000000000013,0.5916059760273433,0.07331430728243332,0.02,False,0.035840000000000004,-0.023651542953822397
extreme_execution,3,2026-07-02T10:28:56.368829+00:00,0x5b8a5202ab816574a4572fb9d28ff7ada354d9668318b56a3644f04c39738f84,SOL,NO,low,medium,medium,0.01999999999999998,0.015000000000000013,0.9996569430457307,0.11029661690654576,0.02,False,0.08824,-0.09926590213018888
extreme_execution,3,2026-07-02T10:33:10.363766+00:00,0x6700add2442ac52e76696ea3dd458416e2e1d5ab9e770499a85347b7e866d616,SOL,YES,low,medium,medium,0.25,0.015000000000000013,0.0,0.053165000895198516,0.02,True,0.0,0.0
extreme_execution,3,2026-07-02T10:37:00.364893+00:00,0x465c10bb8102a8ec311965c7f7b77727b332f80e8cd87847b212b6350accd796,SOL,YES,medium,medium,medium,0.06500000000000002,0.015000000000000013,0.0,0.03668208168537095,0.02,False,0.01,-6.682081685370951e-05
extreme_execution,3,2026-07-02T10:40:18.374682+00:00,0xb6fcc6f9d2dd9571635233fc09a863999351b0fdcf8df2b3a54b65954c4156d0,SOL,NO,medium,medium,medium,0.06999999999999997,0.015000000000000013,2.821343811534808,0.07334232047633846,0.02,True,0.0,-0.0
extreme_execution,3,2026-07-02T10:55:06.372034+00:00,0x88416fcd563a9ffe6e611423ab3340c17488dc22b7d96f92571269bffc042195,SOL,NO,low,medium,medium,0.01499999999999992,0.015000000000000013,3.5921143259291473,0.09199321357026882,0.02,False,0.01,-0.03704107539499416
extreme_execution,3,2026-07-02T11:00:12.369501+00:00,0x7a3fd80678cd42bf2a8b58076455dbb4318bf9108db524760e8b4127b426fa76,SOL,NO,low,medium,medium,0.03999999999999994,0.015000000000000013,0.0,0.07373511372412253,0.02,True,0.0,-0.0
extreme_execution,3,2026-07-02T11:10:20.365901+00:00,0xae1161ad8055f5b09cd7c8038ea97feb7f79f231202f647ce33f68cdce265897,SOL,YES,high,high,medium,0.215,0.05999999999999997,0.5382328069226077,0.0277401519996706,0.02,False,0.0218,-0.009395210504505666
extreme_execution,3,2026-07-02T12:10:22.361984+00:00,0x8362eee619c3c068724b9acc69306f29dd57c5fb122ca23de731c60f166d74d8,SOL,NO,low,medium,medium,0.010000000000000026,0.015000000000000013,0.0908410345216924,0.09258210654040644,0.02,True,0.0,-0.0
extreme_execution,3,2026-07-02T12:10:26.361078+00:00,0x8362eee619c3c068724b9acc69306f29dd57c5fb122ca23de731c60f166d74d8,SOL,NO,low,medium,medium,-0.059999999999999984,0.015000000000000013,0.0,0.05630087139614666,0.02,True,0.0,-0.0
extreme_execution,3,2026-07-02T12:11:18.362800+00:00,0x8362eee619c3c068724b9acc69306f29dd57c5fb122ca23de731c60f166d74d8,SOL,NO,low,medium,medium,0.05,0.015000000000000013,0.8580204338410335,0.03543147600529487,0.02,False,0.01,-0.008784519098463284
extreme_execution,3,2026-07-02T12:12:22.363070+00:00,0x8362eee619c3c068724b9acc69306f29dd57c5fb122ca23de731c60f166d74d8,SOL,NO,low,medium,medium,0.030000000000000044,0.015000000000000013,0.0,0.18760926014520873,0.02,True,0.0,-0.0
extreme_execution,3,2026-07-02T12:13:38.365899+00:00,0x8362eee619c3c068724b9acc69306f29dd57c5fb122ca23de731c60f166d74d8,SOL,NO,medium,high,medium,0.23500000000000001,0.20999999999999994,0.0,0.5728321112902038,0.02,True,0.0,-0.0
extreme_execution,3,2026-07-02T12:20:04.364161+00:00,0x94bb631dd01221e07f00ab03feccab66c46ce389a1e7d203fe282aa6d209c589,SOL,YES,low,medium,medium,0.029999999999999933,0.015000000000000013,0.0,0.0,0.02,True,0.0,-0.0
extreme_execution,3,2026-07-02T12:30:04.364786+00:00,0x9215a5c313d78c2a336728a748b73687bc826021a656e9a0d76746f2f5023043,BTC,YES,high,medium,medium,0.265,0.029999999999999943,0.0,0.0,0.02,True,0.0,0.0
extreme_execution,3,2026-07-02T12:30:16.366322+00:00,0xfdd4d7f9eadc398c0df23a59aadb9ee61a56855c54b6ac9520602a5973e42087,SOL,YES,low,high,medium,-0.13999999999999999,0.10500000000000001,0.0,0.4360303979283036,0.02,False,0.19,-0.13319577560637771
extreme_execution,3,2026-07-02T12:30:20.366935+00:00,0xfdd4d7f9eadc398c0df23a59aadb9ee61a56855c54b6ac9520602a5973e42087,SOL,YES,low,high,medium,0.02999999999999999,0.04500000000000004,0.0,0.22622727416463842,0.02,True,0.0,-0.0
extreme_execution,3,2026-07-02T12:30:22.364919+00:00,0xfdd4d7f9eadc398c0df23a59aadb9ee61a56855c54b6ac9520602a5973e42087,SOL,YES,low,medium,medium,-0.13999999999999999,0.015000000000000013,5.175962580967559,0.0906508385452536,0.02,False,0.1264,-0.6878199362264196
extreme_execution,3,2026-07-02T12:30:36.362455+00:00,0xfdd4d7f9eadc398c0df23a59aadb9ee61a56855c54b6ac9520602a5973e42087,SOL,YES,low,medium,medium,0.12999999999999998,0.015000000000000013,0.0,0.009412176790686802,0.02,True,0.0,0.0
extreme_execution,3,2026-07-02T12:31:22.373383+00:00,0x988287eee8e697b0d1d2625d38528f0175f8d3b585148a236428390c8e5bd7a0,ETH,NO,low,medium,medium,0.034999999999999934,0.030000000000000027,0.0,0.11687860321251081,0.02,False,0.25,-0.03296965080312773
extreme_execution,3,2026-07-02T12:31:28.373272+00:00,0x9215a5c313d78c2a336728a748b73687bc826021a656e9a0d76746f2f5023043,BTC,NO,low,high,medium,0.05500000000000001,0.11999999999999994,4.692057319888379,0.3255634536773486,0.02,False,0.17192,-0.8772425633914197
extreme_execution,3,2026-07-02T12:33:18.366598+00:00,0x9215a5c313d78c2a336728a748b73687bc826021a656e9a0d76746f2f5023043,BTC,NO,low,medium,medium,0.08999999999999998,0.015000000000000013,0.0,0.018884591227650044,0.02,True,0.0,0.0
extreme_execution,3,2026-07-02T12:40:48.374599+00:00,0xb38f8c90a79ba7fb9e3926511611e2a97e69f95d8567e5459f176624c5d78e7e,SOL,YES,low,medium,medium,0.04999999999999995,0.015000000000000013,0.0,0.0,0.02,False,0.08368,0.0012551999999999945
extreme_execution,3,2026-07-02T13:01:06.370199+00:00,0xfdc8ee5a5355786246c8c350b1b6d392d7b0b20b2f4112d995400e6d41587033,BTC,NO,low,medium,medium,0.08499999999999998,0.015000000000000013,0.0,0.0,0.02,False,0.15824000000000002,0.007911999999999995
extreme_execution,3,2026-07-02T13:01:06.370199+00:00,0x7da2825f125571140c598bebdc47a2efcc90d5bbe3f36da9ed64a66a0758a57e,ETH,NO,low,low,medium,0.06499999999999996,0.01499999999999993,0.7070298774832737,0.03770023309373428,0.02,True,0.0,-0.0
extreme_execution,3,2026-07-02T13:05:14.362350+00:00,0x7b81aecfe918b4400a38bb7e82faf16214e86526a59365a1a1f57891d5e02184,SOL,YES,low,medium,medium,0.12000000000000001,0.015000000000000013,0.28108587442213845,0.0,0.02,False,0.06704,-0.013145597021260162
extreme_execution,3,2026-07-02T13:10:08.372139+00:00,0x0b7e0ca6f5af7203bbc20de90e6a874b459992dfe7ec7d26ca84605690a8971f,SOL,NO,low,medium,medium,0.05499999999999995,0.015000000000000013,0.35381106645997606,0.01903780406775138,0.02,False,0.01,-0.003528488705277275
extreme_execution,3,2026-07-02T13:26:26.363015+00:00,0xabaf563b7f6a9dc2645946d31ce8af8645de6d2409cef51803fb0999c9061f3e,ETH,NO,low,medium,medium,-0.08,0.015000000000000013,5.67442728258257,0.44244384136622494,0.02,False,0.06598000000000001,-0.41117885675814153
extreme_execution,3,2026-07-02T13:26:28.373900+00:00,0xabaf563b7f6a9dc2645946d31ce8af8645de6d2409cef51803fb0999c9061f3e,ETH,NO,low,medium,medium,0.11999999999999995,0.015000000000000013,0.0,0.11242363436994168,0.02,False,0.04162,-0.0011413716624769752
extreme_execution,3,2026-07-02T13:32:06.370617+00:00,0xbfdaa1afb46e82ff47ba344bc098d1ae028cd939a030c6672402ca1475988d70,ETH,NO,low,medium,medium,0.02,0.015000000000000013,0.28081017935095076,0.0,0.02,True,0.0,-0.0
extreme_execution,3,2026-07-02T13:32:14.374959+00:00,0xbfdaa1afb46e82ff47ba344bc098d1ae028cd939a030c6672402ca1475988d70,ETH,NO,high,medium,medium,-0.04000000000000001,0.015000000000000013,0.0,0.03820203528329026,0.02,False,0.048,-0.005433697693597934
extreme_execution,3,2026-07-02T13:33:40.375151+00:00,0xbfdaa1afb46e82ff47ba344bc098d1ae028cd939a030c6672402ca1475988d70,ETH,YES,low,medium,high,-0.02,0.015000000000000013,0.0,0.0,0.02,True,0.0,-0.0
extreme_execution,3,2026-07-02T13:35:10.368025+00:00,0x7798cca819d8b656cf9130a5ea5d871975f4227bea6b3d22ec3b1b6de4584fc0,BTC,NO,medium,medium,medium,0.14499999999999993,0.030000000000000027,0.0,0.018956989608752906,0.02,True,0.0,0.0
extreme_execution,3,2026-07-02T13:37:02.366507+00:00,0xcd4afc8eb6c83c8d8dada852de775b7cc1e7cfaf722f03972c1d93abc1d9cf09,ETH,YES,low,medium,medium,-0.05499999999999998,0.030000000000000027,4.038914050230739,0.2002680196167485,0.02,False,0.14696,-0.6384209969847867
extreme_execution,3,2026-07-02T13:37:06.370427+00:00,0x7798cca819d8b656cf9130a5ea5d871975f4227bea6b3d22ec3b1b6de4584fc0,BTC,NO,low,medium,medium,0.06499999999999996,0.015000000000000013,0.0,0.0,0.02,False,0.25,0.007499999999999987
extreme_execution,3,2026-07-02T13:37:14.375069+00:00,0x7798cca819d8b656cf9130a5ea5d871975f4227bea6b3d22ec3b1b6de4584fc0,BTC,NO,low,medium,medium,0.07499999999999997,0.015000000000000013,0.0,0.11492512836347156,0.02,False,0.10758,-0.008060445309342275
extreme_execution,3,2026-07-02T13:45:04.364924+00:00,0x6b9167a59028831cc69fc27a631ba5f99da00742fcac16501ddd54b155929c85,ETH,YES,medium,medium,medium,0.014999999999999975,0.030000000000000027,0.0,0.06498106258017955,0.02,True,0.0,-0.0
extreme_execution,3,2026-07-02T13:45:08.364326+00:00,0x6b9167a59028831cc69fc27a631ba5f99da00742fcac16501ddd54b155929c85,ETH,YES,low,medium,medium,0.02999999999999999,0.015000000000000013,0.0,0.1441667118443958,0.02,True,0.0,-0.0
extreme_execution,3,2026-07-02T13:45:12.367704+00:00,0x6b9167a59028831cc69fc27a631ba5f99da00742fcac16501ddd54b155929c85,ETH,YES,low,medium,medium,-0.055000000000000035,0.015000000000000013,0.5005698500813357,0.057438368320691574,0.02,False,0.01158,-0.007503935169095477
extreme_execution,3,2026-07-02T13:46:08.369291+00:00,0x6b9167a59028831cc69fc27a631ba5f99da00742fcac16501ddd54b155929c85,ETH,YES,low,medium,medium,0.02999999999999999,0.015000000000000013,0.7544001687045965,0.12442706822999035,0.02,False,0.0378,-0.03340866955612738
extreme_execution,3,2026-07-02T13:46:10.366715+00:00,0x165f83111bc6b855ddff03cee955479de1945e82de0c22a4af0e20b7a4611166,SOL,YES,low,medium,medium,0.010000000000000026,0.015000000000000013,0.10209335807919759,0.009337207573354487,0.02,False,0.0224,-0.0030560446706171663
extreme_execution,3,2026-07-02T13:46:12.374640+00:00,0x6b9167a59028831cc69fc27a631ba5f99da00742fcac16501ddd54b155929c85,ETH,YES,medium,medium,medium,0.01999999999999998,0.015000000000000013,1.7686912881013508,0.09590647061020702,0.02,False,0.048,-0.09022069241815478
extreme_execution,3,2026-07-02T13:46:20.368608+00:00,0x6b9167a59028831cc69fc27a631ba5f99da00742fcac16501ddd54b155929c85,ETH,YES,medium,medium,medium,0.02999999999999999,0.015000000000000013,0.0,0.05856453152304073,0.02,False,0.08962,-0.005696653315094913
extreme_execution,3,2026-07-02T13:46:22.365708+00:00,0x165f83111bc6b855ddff03cee955479de1945e82de0c22a4af0e20b7a4611166,SOL,YES,low,medium,medium,-0.06999999999999999,0.015000000000000013,3.227207363631227,0.10086671173201141,0.02,True,0.0,-0.0
extreme_execution,3,2026-07-02T13:46:28.366021+00:00,0x6b9167a59028831cc69fc27a631ba5f99da00742fcac16501ddd54b155929c85,ETH,YES,low,medium,medium,-0.09000000000000001,0.015000000000000013,0.0,0.10987421156802721,0.02,False,0.25,-0.0587185528920068
extreme_execution,3,2026-07-02T13:46:34.364544+00:00,0x6b9167a59028831cc69fc27a631ba5f99da00742fcac16501ddd54b155929c85,ETH,YES,low,medium,medium,0.030000000000000044,0.015000000000000013,0.0,0.07398166989793471,0.02,True,0.0,-0.0
extreme_execution,3,2026-07-02T13:46:36.372134+00:00,0x6b9167a59028831cc69fc27a631ba5f99da00742fcac16501ddd54b155929c85,ETH,YES,low,low,medium,-0.07000000000000005,0.01499999999999993,2.8915642556795067,0.09545527224184229,0.02,False,0.17,-0.5256433197466294
extreme_execution,3,2026-07-02T13:47:28.363479+00:00,0xdf1c68feb520af13e0b1073b5e17ac465273234950edc85062d074363f2f7ea0,BTC,YES,medium,medium,high,0.27499999999999997,0.029999999999999943,0.0,0.0,0.02,False,0.08962,0.020164500000000005
extreme_execution,3,2026-07-02T13:47:30.370941+00:00,0x165f83111bc6b855ddff03cee955479de1945e82de0c22a4af0e20b7a4611166,SOL,YES,low,medium,high,0.19999999999999998,0.015000000000000013,0.0,0.0,0.02,True,0.0,0.0
extreme_execution,3,2026-07-02T14:00:06.363105+00:00,0x100389b157cf172fa16809d99306f23ca1974adf6fbe025dc09758ed45771b51,BTC,NO,low,medium,medium,0.05500000000000006,0.015000000000000013,1.2045294022187625,0.01915314003214887,0.02,True,0.0,-0.0
extreme_execution,3,2026-07-02T14:03:02.371420+00:00,0xba6acf8da6d345173ee24e2b41e7d98ae87fb2f39f6c0d1839c33229ec4b802b,SOL,NO,low,medium,medium,0.030000000000000044,0.015000000000000013,0.0,0.05745269069347159,0.02,False,0.02,-0.0012490538138694312
extreme_execution,3,2026-07-02T14:16:42.366798+00:00,0x99bee988b471ce9b6fe317dc281d4f4c4f89040c4dcacef8d455c241ee2e99f8,ETH,NO,low,medium,high,0.3,0.015000000000000013,0.0,0.0,0.02,True,0.0,0.0
extreme_execution,3,2026-07-02T15:05:38.363627+00:00,0x647b9c08af3b94902afa9b362889527316a7fdbb46e4a6738ad42d290ca82805,BTC,NO,medium,medium,medium,0.035000000000000045,0.030000000000000027,0.0,0.009829868645254843,0.02,True,0.0,-0.0
extreme_execution,3,2026-07-02T15:10:28.366751+00:00,0xcae0c95e9c034ca588baca33e8147b8845b1f312ff09b0d52f4d6e150cddad15,SOL,NO,low,medium,medium,0.04999999999999995,0.015000000000000013,0.9960513539592758,0.03731180230678834,0.02,True,0.0,-0.0
extreme_execution,3,2026-07-02T15:36:32.363170+00:00,0x0a5061025dfe612b3722293195f769f012f8980bd848a20493e2c600f70d09dd,BTC,NO,low,medium,medium,0.28500000000000003,0.030000000000000027,4.5344909053354705,0.18445438009159723,0.02,True,0.0,-0.0
extreme_execution,3,2026-07-02T16:01:28.361478+00:00,0x59496dfc9f417c17975e237fbb7ecfe259156cc15a360f25910162556810c516,SOL,NO,low,medium,medium,0.010000000000000026,0.015000000000000013,0.0,0.0595289296022085,0.02,True,0.0,-0.0
extreme_execution,3,2026-07-02T17:00:24.370409+00:00,0x1be94953b760d89a9523766bd1abb42f2e881ac06074bf93aa46ad1a415fc189,SOL,NO,low,medium,medium,0.010000000000000026,0.015000000000000013,0.0,0.08278695209757407,0.02,False,0.011519999999999999,-0.0012417056881640532
extreme_execution,3,2026-07-02T17:13:30.362110+00:00,0x909723d937a75ac2c9c89d73711867c15953dd27d72b7a6933948473e399451d,ETH,YES,low,medium,medium,0.06000000000000001,0.015000000000000013,0.0,0.02053869747146307,0.02,False,0.061200000000000004,0.0002730317147464599
extreme_execution,3,2026-07-02T17:23:18.371612+00:00,0x1f5ef0a23c68190a8a6d515b6c8e8b048078a8afa92d25abb3d94fb87f1f7027,BTC,YES,low,medium,medium,0.255,0.015000000000000013,0.0,0.04035688587425582,0.02,True,0.0,0.0
extreme_execution,3,2026-07-02T17:23:20.364343+00:00,0x60608598239fe90ee375e38281310554148d5d349aca1ac07aa04e1ce390e6ad,SOL,YES,low,medium,high,0.11,0.015000000000000013,0.0,0.0,0.02,True,0.0,0.0
extreme_execution,3,2026-07-02T17:50:28.360872+00:00,0x0aff58c34608210967c4413fb4b4a6c7fa904dc09de162ecc564806689facc64,SOL,NO,low,medium,high,0.19000000000000003,0.015000000000000013,0.0,0.0,0.02,True,0.0,0.0
extreme_execution,3,2026-07-02T18:35:46.363950+00:00,0x0fb6a0c7bcde0b6dd2c22b766ae91ab671463f01b2f4ec31f09491aa9dd4af91,SOL,NO,low,medium,medium,-0.07500000000000005,0.015000000000000013,0.0,0.0706374672328521,0.02,False,0.15,-0.027095620084927823
extreme_execution,3,2026-07-02T18:35:48.373272+00:00,0x0fb6a0c7bcde0b6dd2c22b766ae91ab671463f01b2f4ec31f09491aa9dd4af91,SOL,NO,low,high,medium,-0.09999999999999996,0.11999999999999994,0.0,0.1098429918151497,0.02,False,0.08334,-0.02915591493787457
extreme_execution,3,2026-07-02T18:35:56.374508+00:00,0x0fb6a0c7bcde0b6dd2c22b766ae91ab671463f01b2f4ec31f09491aa9dd4af91,SOL,NO,low,medium,medium,0.05500000000000001,0.030000000000000027,0.0,0.009797015076917572,0.02,False,0.02116,-0.00010150483902757625
extreme_execution,3,2026-07-02T18:35:58.369803+00:00,0x0fb6a0c7bcde0b6dd2c22b766ae91ab671463f01b2f4ec31f09491aa9dd4af91,SOL,NO,low,medium,medium,-0.06999999999999999,0.015000000000000013,2.5428474595182715,0.14387739031070584,0.02,True,0.0,-0.0
extreme_execution,3,2026-07-02T18:51:30.371222+00:00,0x12f1ba09bc9913623cab1e5f36dab49519aed574c20e74febe167f480cf82772,SOL,NO,low,medium,medium,0.059999999999999956,0.015000000000000013,0.0,0.05304807468213486,0.02,True,0.0,-0.0
extreme_execution,3,2026-07-02T19:01:18.365784+00:00,0x639421d64a6433150033c4d335d66cbee7357cad9e8b10bc943f74caf5d0d308,SOL,NO,low,medium,medium,-0.09499999999999996,0.015000000000000013,3.08877006049287,0.060221813574268465,0.02,True,0.0,-0.0
extreme_execution,3,2026-07-02T19:03:24.368460+00:00,0x639421d64a6433150033c4d335d66cbee7357cad9e8b10bc943f74caf5d0d308,SOL,YES,low,medium,medium,0.11,0.015000000000000013,0.0,0.19934127339196878,0.02,True,0.0,-0.0
extreme_execution,3,2026-07-02T19:03:44.373982+00:00,0x639421d64a6433150033c4d335d66cbee7357cad9e8b10bc943f74caf5d0d308,SOL,YES,low,medium,medium,0.06000000000000001,0.015000000000000013,0.0,0.22928986867259998,0.02,False,0.02,-0.004085797373452
extreme_execution,3,2026-07-02T19:05:14.369431+00:00,0xa1701695adebeed5da4000373df6e9883c29449ade56b49eb6379ee63ba7259b,SOL,NO,low,medium,high,0.07499999999999997,0.015000000000000013,0.0,0.0,0.02,True,0.0,0.0
extreme_execution,3,2026-07-02T19:06:40.373607+00:00,0xa1701695adebeed5da4000373df6e9883c29449ade56b49eb6379ee63ba7259b,SOL,NO,low,high,medium,-0.06499999999999999,0.06000000000000005,0.9317055721919718,0.09097968662359832,0.02,False,0.01,-0.011676852588155703
extreme_execution,3,2026-07-02T19:31:18.372640+00:00,0x606a340a3aad1b6f683e99c5d598836d6731c972d5ddeb2642c52813a27308af,SOL,NO,low,medium,medium,0.05,0.015000000000000013,1.084077728494926,0.010110831746132951,0.02,False,0.01,-0.01079188560241059
extreme_execution,3,2026-07-02T19:31:32.362271+00:00,0x606a340a3aad1b6f683e99c5d598836d6731c972d5ddeb2642c52813a27308af,SOL,NO,low,medium,medium,0.05000000000000006,0.015000000000000013,0.0,0.010235566404398055,0.02,False,0.033600000000000005,0.00016008496881222687
extreme_execution,3,2026-07-02T19:31:40.366839+00:00,0x606a340a3aad1b6f683e99c5d598836d6731c972d5ddeb2642c52813a27308af,SOL,NO,low,medium,medium,0.05500000000000006,0.015000000000000013,0.0,0.08267829775663912,0.02,False,0.04574,-0.0028669053393886716
extreme_execution,3,2026-07-02T19:31:58.371790+00:00,0x606a340a3aad1b6f683e99c5d598836d6731c972d5ddeb2642c52813a27308af,SOL,NO,low,medium,medium,-0.09000000000000001,0.015000000000000013,0.6229077187882301,0.05971182200516079,0.02,False,0.24026,-0.1940386708710201
extreme_execution,3,2026-07-02T19:51:32.364894+00:00,0x2cfc3ef023f8f6ebad847ce57292f2a190fd727fc452a4c2a7cc845fd16b56aa,SOL,NO,low,medium,medium,0.020000000000000007,0.015000000000000013,0.0,0.0,0.02,True,0.0,-0.0
extreme_execution,3,2026-07-02T19:51:34.373824+00:00,0x2cfc3ef023f8f6ebad847ce57292f2a190fd727fc452a4c2a7cc845fd16b56aa,SOL,NO,low,medium,medium,-0.06000000000000001,0.015000000000000013,1.4136870906961652,0.07203309224313448,0.02,False,0.23476,-0.37108987014683
extreme_execution,3,2026-07-02T19:51:58.365557+00:00,0x2cfc3ef023f8f6ebad847ce57292f2a190fd727fc452a4c2a7cc845fd16b56aa,SOL,NO,low,medium,medium,-0.06,0.015000000000000013,0.0,0.0,0.02,True,0.0,-0.0
extreme_execution,3,2026-07-02T19:52:06.372072+00:00,0x2cfc3ef023f8f6ebad847ce57292f2a190fd727fc452a4c2a7cc845fd16b56aa,SOL,NO,low,medium,medium,0.03999999999999998,0.015000000000000013,0.0,0.051332455303903624,0.02,True,0.0,-0.0
extreme_execution,3,2026-07-02T19:52:12.366157+00:00,0x2cfc3ef023f8f6ebad847ce57292f2a190fd727fc452a4c2a7cc845fd16b56aa,SOL,NO,low,medium,medium,0.015000000000000003,0.015000000000000013,0.6537418889534556,0.06208882735826249,0.02,False,0.07386,-0.054348456706783496
extreme_execution,3,2026-07-02T19:52:24.373550+00:00,0x2cfc3ef023f8f6ebad847ce57292f2a190fd727fc452a4c2a7cc845fd16b56aa,SOL,NO,medium,medium,medium,0.009999999999999998,0.030000000000000027,1.7981614534326371,0.07238902552883125,0.02,False,0.0315,-0.060182340087286255
extreme_execution,3,2026-07-02T19:52:30.368984+00:00,0x2cfc3ef023f8f6ebad847ce57292f2a190fd727fc452a4c2a7cc845fd16b56aa,SOL,NO,medium,medium,medium,0.11,0.030000000000000027,0.1768995437945825,0.008868155710025053,0.02,True,0.0,-0.0
extreme_execution,3,2026-07-02T19:52:48.372495+00:00,0x2cfc3ef023f8f6ebad847ce57292f2a190fd727fc452a4c2a7cc845fd16b56aa,SOL,NO,medium,medium,medium,0.01500000000000003,0.030000000000000027,2.8733478445035723,0.20874964442693075,0.02,True,0.0,-0.0
extreme_execution,3,2026-07-02T19:53:00.364200+00:00,0x2cfc3ef023f8f6ebad847ce57292f2a190fd727fc452a4c2a7cc845fd16b56aa,SOL,NO,medium,high,medium,0.02999999999999999,0.04500000000000004,1.999041286590218,0.08259729080163805,0.02,True,0.0,-0.0
extreme_execution,3,2026-07-02T19:53:04.368103+00:00,0x2cfc3ef023f8f6ebad847ce57292f2a190fd727fc452a4c2a7cc845fd16b56aa,SOL,NO,high,medium,medium,-0.06999999999999999,0.015000000000000013,3.0678087997334402,0.14057718660920437,0.02,False,0.04,-0.1325354394537058
extreme_execution,3,2026-07-02T19:53:10.364232+00:00,0x2cfc3ef023f8f6ebad847ce57292f2a190fd727fc452a4c2a7cc845fd16b56aa,SOL,NO,high,medium,medium,0.12000000000000001,0.015000000000000013,0.0,0.1178346443279857,0.02,True,0.0,-0.0
extreme_execution,3,2026-07-02T19:53:42.364449+00:00,0x2cfc3ef023f8f6ebad847ce57292f2a190fd727fc452a4c2a7cc845fd16b56aa,SOL,NO,high,medium,medium,0.020000000000000035,0.015000000000000013,0.0,0.2517713738613629,0.02,False,0.23268,-0.06207236327006191
