wallet_id,profile_url,source_endpoint,source_endpoint_name,activity_type,activity_timestamp,activity_datetime_utc,transaction_hash,condition_id,token_id,asset_id,market_slug,event_slug,market_title,outcome,outcome_index,side,price,size,notional_value,notional_source,market_type,asset_class,up_down_market,time_to_expiry_seconds,expiry_timestamp,expiry_source,entry_or_exit_candidate,lifecycle_group_key,dedupe_key,source_fetch_timestamp,raw_payload_hash,raw_page_hash,normalization_version,data_quality_flags
0x63ce342161250d705dc0b16df89036c8e5f9ba9a,https://polymarket.com/0x63ce342161250d705dc0b16df89036c8e5f9ba9a,https://data-api.polymarket.com/activity?user=0x63ce342161250d705dc0b16df89036c8e5f9ba9a&type=TRADE&limit=100&offset=0&sortBy=TIMESTAMP&sortDirection=DESC,activity_primary,TRADE,1778595374,2026-05-12T14:16:14+00:00,0x1da66541fcc8da27a86410bc294f5a7bf1f3daf5cd76004704f69de070d88fe9,0xd9fb1184af0064e5e34b129f5b79afa5a17b7e32f2953ab05efed82315fee6d4,94559586571241563470235664821564670251180951772614764383113614156422396181162,94559586571241563470235664821564670251180951772614764383113614156422396181162,will-china-invade-taiwan-before-2027,will-china-invade-taiwan-before-2027,Will China invade Taiwan by end of 2026?,Yes,0,SELL,0.071,204.8,14.5408,endpoint_usdcSize,other,other,false,,,unavailable,exit_candidate,0x63ce342161250d705dc0b16df89036c8e5f9ba9a|0xd9fb1184af0064e5e34b129f5b79afa5a17b7e32f2953ab05efed82315fee6d4|94559586571241563470235664821564670251180951772614764383113614156422396181162|Yes,0x63ce342161250d705dc0b16df89036c8e5f9ba9a|activity_primary|0x1da66541fcc8da27a86410bc294f5a7bf1f3daf5cd76004704f69de070d88fe9|0xd9fb1184af0064e5e34b129f5b79afa5a17b7e32f2953ab05efed82315fee6d4|94559586571241563470235664821564670251180951772614764383113614156422396181162|1778595374|sell|0.071|204.8,2026-06-24T20:54:32+00:00,3495df47599f0c15ac6a86902f4e5854b745ee1ec3a39d834e5e40793ad0db12,07dbae44ea8a142196410a9ca8304bea02ce18a3a5c5fdf3fb3b6ca8948555c1,wallet_trade_history_v1,non_crypto_or_unclassified_market
0x63ce342161250d705dc0b16df89036c8e5f9ba9a,https://polymarket.com/0x63ce342161250d705dc0b16df89036c8e5f9ba9a,https://data-api.polymarket.com/activity?user=0x63ce342161250d705dc0b16df89036c8e5f9ba9a&type=TRADE&limit=100&offset=0&sortBy=TIMESTAMP&sortDirection=DESC,activity_primary,TRADE,1777424946,2026-04-29T01:09:06+00:00,0x71321327966cf3c087ec4d334cce8d3e1745aa1a998a4c86d6e6ac7bfdcdcb73,0xd9fb1184af0064e5e34b129f5b79afa5a17b7e32f2953ab05efed82315fee6d4,94559586571241563470235664821564670251180951772614764383113614156422396181162,94559586571241563470235664821564670251180951772614764383113614156422396181162,will-china-invade-taiwan-before-2027,will-china-invade-taiwan-before-2027,Will China invade Taiwan by end of 2026?,Yes,0,SELL,0.066,174732.89,11532.37074,endpoint_usdcSize,other,other,false,,,unavailable,exit_candidate,0x63ce342161250d705dc0b16df89036c8e5f9ba9a|0xd9fb1184af0064e5e34b129f5b79afa5a17b7e32f2953ab05efed82315fee6d4|94559586571241563470235664821564670251180951772614764383113614156422396181162|Yes,0x63ce342161250d705dc0b16df89036c8e5f9ba9a|activity_primary|0x71321327966cf3c087ec4d334cce8d3e1745aa1a998a4c86d6e6ac7bfdcdcb73|0xd9fb1184af0064e5e34b129f5b79afa5a17b7e32f2953ab05efed82315fee6d4|94559586571241563470235664821564670251180951772614764383113614156422396181162|1777424946|sell|0.066|174732.89,2026-06-24T20:54:32+00:00,ba4d231b3a33a4cdeb43f447743352ae974c1f2853cb24aa29d10dbe3d3d8c2d,07dbae44ea8a142196410a9ca8304bea02ce18a3a5c5fdf3fb3b6ca8948555c1,wallet_trade_history_v1,non_crypto_or_unclassified_market
0x63ce342161250d705dc0b16df89036c8e5f9ba9a,https://polymarket.com/0x63ce342161250d705dc0b16df89036c8e5f9ba9a,https://data-api.polymarket.com/activity?user=0x63ce342161250d705dc0b16df89036c8e5f9ba9a&type=TRADE&limit=100&offset=0&sortBy=TIMESTAMP&sortDirection=DESC,activity_primary,TRADE,1777423948,2026-04-29T00:52:28+00:00,0x8d979867551db718c47cea40a6c3ab83a391b728aab2e47e41f5e866e12a190e,0xd9fb1184af0064e5e34b129f5b79afa5a17b7e32f2953ab05efed82315fee6d4,94559586571241563470235664821564670251180951772614764383113614156422396181162,94559586571241563470235664821564670251180951772614764383113614156422396181162,will-china-invade-taiwan-before-2027,will-china-invade-taiwan-before-2027,Will China invade Taiwan by end of 2026?,Yes,0,SELL,0.066,267.11,17.62926,endpoint_usdcSize,other,other,false,,,unavailable,exit_candidate,0x63ce342161250d705dc0b16df89036c8e5f9ba9a|0xd9fb1184af0064e5e34b129f5b79afa5a17b7e32f2953ab05efed82315fee6d4|94559586571241563470235664821564670251180951772614764383113614156422396181162|Yes,0x63ce342161250d705dc0b16df89036c8e5f9ba9a|activity_primary|0x8d979867551db718c47cea40a6c3ab83a391b728aab2e47e41f5e866e12a190e|0xd9fb1184af0064e5e34b129f5b79afa5a17b7e32f2953ab05efed82315fee6d4|94559586571241563470235664821564670251180951772614764383113614156422396181162|1777423948|sell|0.066|267.11,2026-06-24T20:54:32+00:00,f995c224238c712f0db790459f1fb83cf80971f29f5ab7a2e9c81757827919dc,07dbae44ea8a142196410a9ca8304bea02ce18a3a5c5fdf3fb3b6ca8948555c1,wallet_trade_history_v1,non_crypto_or_unclassified_market
0x63ce342161250d705dc0b16df89036c8e5f9ba9a,https://polymarket.com/0x63ce342161250d705dc0b16df89036c8e5f9ba9a,https://data-api.polymarket.com/activity?user=0x63ce342161250d705dc0b16df89036c8e5f9ba9a&type=TRADE&limit=100&offset=0&sortBy=TIMESTAMP&sortDirection=DESC,activity_primary,TRADE,1777421764,2026-04-29T00:16:04+00:00,0x2469d58e37254682a8d49897a59896b6eada66c9ad10c63323f2a37b7324ebe4,0xd9fb1184af0064e5e34b129f5b79afa5a17b7e32f2953ab05efed82315fee6d4,94559586571241563470235664821564670251180951772614764383113614156422396181162,94559586571241563470235664821564670251180951772614764383113614156422396181162,will-china-invade-taiwan-before-2027,will-china-invade-taiwan-before-2027,Will China invade Taiwan by end of 2026?,Yes,0,BUY,0.065,15000,975,endpoint_usdcSize,other,other,false,,,unavailable,entry_candidate,0x63ce342161250d705dc0b16df89036c8e5f9ba9a|0xd9fb1184af0064e5e34b129f5b79afa5a17b7e32f2953ab05efed82315fee6d4|94559586571241563470235664821564670251180951772614764383113614156422396181162|Yes,0x63ce342161250d705dc0b16df89036c8e5f9ba9a|activity_primary|0x2469d58e37254682a8d49897a59896b6eada66c9ad10c63323f2a37b7324ebe4|0xd9fb1184af0064e5e34b129f5b79afa5a17b7e32f2953ab05efed82315fee6d4|94559586571241563470235664821564670251180951772614764383113614156422396181162|1777421764|buy|0.065|15000,2026-06-24T20:54:32+00:00,8e191a5a76acb6065211337aa5a0e4d7355a78827593183260937d25fb82826c,07dbae44ea8a142196410a9ca8304bea02ce18a3a5c5fdf3fb3b6ca8948555c1,wallet_trade_history_v1,non_crypto_or_unclassified_market
0x63ce342161250d705dc0b16df89036c8e5f9ba9a,https://polymarket.com/0x63ce342161250d705dc0b16df89036c8e5f9ba9a,https://data-api.polymarket.com/activity?user=0x63ce342161250d705dc0b16df89036c8e5f9ba9a&type=TRADE&limit=100&offset=0&sortBy=TIMESTAMP&sortDirection=DESC,activity_primary,TRADE,1777420390,2026-04-28T23:53:10+00:00,0x27e3c9a3aa27dab0c6c56ee2098d0c8fe54a5135ece71f14a8c9f84c7949e64f,0xd9fb1184af0064e5e34b129f5b79afa5a17b7e32f2953ab05efed82315fee6d4,94559586571241563470235664821564670251180951772614764383113614156422396181162,94559586571241563470235664821564670251180951772614764383113614156422396181162,will-china-invade-taiwan-before-2027,will-china-invade-taiwan-before-2027,Will China invade Taiwan by end of 2026?,Yes,0,BUY,0.065,10000,650,endpoint_usdcSize,other,other,false,,,unavailable,entry_candidate,0x63ce342161250d705dc0b16df89036c8e5f9ba9a|0xd9fb1184af0064e5e34b129f5b79afa5a17b7e32f2953ab05efed82315fee6d4|94559586571241563470235664821564670251180951772614764383113614156422396181162|Yes,0x63ce342161250d705dc0b16df89036c8e5f9ba9a|activity_primary|0x27e3c9a3aa27dab0c6c56ee2098d0c8fe54a5135ece71f14a8c9f84c7949e64f|0xd9fb1184af0064e5e34b129f5b79afa5a17b7e32f2953ab05efed82315fee6d4|94559586571241563470235664821564670251180951772614764383113614156422396181162|1777420390|buy|0.065|10000,2026-06-24T20:54:32+00:00,389af976d722c588876e63c8a1927df23486d1496f7a248653dcabe44c28bba4,07dbae44ea8a142196410a9ca8304bea02ce18a3a5c5fdf3fb3b6ca8948555c1,wallet_trade_history_v1,non_crypto_or_unclassified_market
0x63ce342161250d705dc0b16df89036c8e5f9ba9a,https://polymarket.com/0x63ce342161250d705dc0b16df89036c8e5f9ba9a,https://data-api.polymarket.com/activity?user=0x63ce342161250d705dc0b16df89036c8e5f9ba9a&type=TRADE&limit=100&offset=0&sortBy=TIMESTAMP&sortDirection=DESC,activity_primary,TRADE,1777413778,2026-04-28T22:02:58+00:00,0x92e09884f7c9919a5420bda5a8cc30d81ea3a25829b7c2ce502b87bbf24592c6,0xd9fb1184af0064e5e34b129f5b79afa5a17b7e32f2953ab05efed82315fee6d4,94559586571241563470235664821564670251180951772614764383113614156422396181162,94559586571241563470235664821564670251180951772614764383113614156422396181162,will-china-invade-taiwan-before-2027,will-china-invade-taiwan-before-2027,Will China invade Taiwan by end of 2026?,Yes,0,BUY,0.065,0.1,0.0065,endpoint_usdcSize,other,other,false,,,unavailable,entry_candidate,0x63ce342161250d705dc0b16df89036c8e5f9ba9a|0xd9fb1184af0064e5e34b129f5b79afa5a17b7e32f2953ab05efed82315fee6d4|94559586571241563470235664821564670251180951772614764383113614156422396181162|Yes,0x63ce342161250d705dc0b16df89036c8e5f9ba9a|activity_primary|0x92e09884f7c9919a5420bda5a8cc30d81ea3a25829b7c2ce502b87bbf24592c6|0xd9fb1184af0064e5e34b129f5b79afa5a17b7e32f2953ab05efed82315fee6d4|94559586571241563470235664821564670251180951772614764383113614156422396181162|1777413778|buy|0.065|0.1,2026-06-24T20:54:32+00:00,54582f340767abe288cb31f23dc7774523bb48067bb506abead54acf8492f57a,07dbae44ea8a142196410a9ca8304bea02ce18a3a5c5fdf3fb3b6ca8948555c1,wallet_trade_history_v1,non_crypto_or_unclassified_market
0x63ce342161250d705dc0b16df89036c8e5f9ba9a,https://polymarket.com/0x63ce342161250d705dc0b16df89036c8e5f9ba9a,https://data-api.polymarket.com/activity?user=0x63ce342161250d705dc0b16df89036c8e5f9ba9a&type=TRADE&limit=100&offset=0&sortBy=TIMESTAMP&sortDirection=DESC,activity_primary,TRADE,1777413776,2026-04-28T22:02:56+00:00,0x3a93723175dc587091ad081dd8b0d0e79e0d92fc668517cc1a5531cf7daa4b21,0xd9fb1184af0064e5e34b129f5b79afa5a17b7e32f2953ab05efed82315fee6d4,94559586571241563470235664821564670251180951772614764383113614156422396181162,94559586571241563470235664821564670251180951772614764383113614156422396181162,will-china-invade-taiwan-before-2027,will-china-invade-taiwan-before-2027,Will China invade Taiwan by end of 2026?,Yes,0,BUY,0.065,0.18,0.0117,endpoint_usdcSize,other,other,false,,,unavailable,entry_candidate,0x63ce342161250d705dc0b16df89036c8e5f9ba9a|0xd9fb1184af0064e5e34b129f5b79afa5a17b7e32f2953ab05efed82315fee6d4|94559586571241563470235664821564670251180951772614764383113614156422396181162|Yes,0x63ce342161250d705dc0b16df89036c8e5f9ba9a|activity_primary|0x3a93723175dc587091ad081dd8b0d0e79e0d92fc668517cc1a5531cf7daa4b21|0xd9fb1184af0064e5e34b129f5b79afa5a17b7e32f2953ab05efed82315fee6d4|94559586571241563470235664821564670251180951772614764383113614156422396181162|1777413776|buy|0.065|0.18,2026-06-24T20:54:32+00:00,4f2a70e217cb2ba23ffc849c8de054d14d1094b15270a6af515747fcea4f7233,07dbae44ea8a142196410a9ca8304bea02ce18a3a5c5fdf3fb3b6ca8948555c1,wallet_trade_history_v1,non_crypto_or_unclassified_market
0x63ce342161250d705dc0b16df89036c8e5f9ba9a,https://polymarket.com/0x63ce342161250d705dc0b16df89036c8e5f9ba9a,https://data-api.polymarket.com/activity?user=0x63ce342161250d705dc0b16df89036c8e5f9ba9a&type=TRADE&limit=100&offset=0&sortBy=TIMESTAMP&sortDirection=DESC,activity_primary,TRADE,1777413776,2026-04-28T22:02:56+00:00,0x4f6f60fe50160d6255acecf4d5df6861798af67b31cdb624fb51b95ec350e963,0xd9fb1184af0064e5e34b129f5b79afa5a17b7e32f2953ab05efed82315fee6d4,94559586571241563470235664821564670251180951772614764383113614156422396181162,94559586571241563470235664821564670251180951772614764383113614156422396181162,will-china-invade-taiwan-before-2027,will-china-invade-taiwan-before-2027,Will China invade Taiwan by end of 2026?,Yes,0,BUY,0.065,0.02,0.0013,endpoint_usdcSize,other,other,false,,,unavailable,entry_candidate,0x63ce342161250d705dc0b16df89036c8e5f9ba9a|0xd9fb1184af0064e5e34b129f5b79afa5a17b7e32f2953ab05efed82315fee6d4|94559586571241563470235664821564670251180951772614764383113614156422396181162|Yes,0x63ce342161250d705dc0b16df89036c8e5f9ba9a|activity_primary|0x4f6f60fe50160d6255acecf4d5df6861798af67b31cdb624fb51b95ec350e963|0xd9fb1184af0064e5e34b129f5b79afa5a17b7e32f2953ab05efed82315fee6d4|94559586571241563470235664821564670251180951772614764383113614156422396181162|1777413776|buy|0.065|0.02,2026-06-24T20:54:32+00:00,f066fa1309600f5a7eb874898b487a05a860978be09573f1ca63294187b85752,07dbae44ea8a142196410a9ca8304bea02ce18a3a5c5fdf3fb3b6ca8948555c1,wallet_trade_history_v1,non_crypto_or_unclassified_market
0x63ce342161250d705dc0b16df89036c8e5f9ba9a,https://polymarket.com/0x63ce342161250d705dc0b16df89036c8e5f9ba9a,https://data-api.polymarket.com/activity?user=0x63ce342161250d705dc0b16df89036c8e5f9ba9a&type=TRADE&limit=100&offset=0&sortBy=TIMESTAMP&sortDirection=DESC,activity_primary,TRADE,1777413766,2026-04-28T22:02:46+00:00,0x0aefaa7c7ffb6d9a98f3a2e41782a3d062eabf24cd91d7e7b30feb6a127040ad,0xd9fb1184af0064e5e34b129f5b79afa5a17b7e32f2953ab05efed82315fee6d4,94559586571241563470235664821564670251180951772614764383113614156422396181162,94559586571241563470235664821564670251180951772614764383113614156422396181162,will-china-invade-taiwan-before-2027,will-china-invade-taiwan-before-2027,Will China invade Taiwan by end of 2026?,Yes,0,BUY,0.065,15752.7,1023.9255,endpoint_usdcSize,other,other,false,,,unavailable,entry_candidate,0x63ce342161250d705dc0b16df89036c8e5f9ba9a|0xd9fb1184af0064e5e34b129f5b79afa5a17b7e32f2953ab05efed82315fee6d4|94559586571241563470235664821564670251180951772614764383113614156422396181162|Yes,0x63ce342161250d705dc0b16df89036c8e5f9ba9a|activity_primary|0x0aefaa7c7ffb6d9a98f3a2e41782a3d062eabf24cd91d7e7b30feb6a127040ad|0xd9fb1184af0064e5e34b129f5b79afa5a17b7e32f2953ab05efed82315fee6d4|94559586571241563470235664821564670251180951772614764383113614156422396181162|1777413766|buy|0.065|15752.7,2026-06-24T20:54:32+00:00,c1028f1ff32d6bbb2ec1d3a3105df0b13485c88221f7d2d5fbfde81c43776fb4,07dbae44ea8a142196410a9ca8304bea02ce18a3a5c5fdf3fb3b6ca8948555c1,wallet_trade_history_v1,non_crypto_or_unclassified_market
0x63ce342161250d705dc0b16df89036c8e5f9ba9a,https://polymarket.com/0x63ce342161250d705dc0b16df89036c8e5f9ba9a,https://data-api.polymarket.com/activity?user=0x63ce342161250d705dc0b16df89036c8e5f9ba9a&type=TRADE&limit=100&offset=0&sortBy=TIMESTAMP&sortDirection=DESC,activity_primary,TRADE,1777413760,2026-04-28T22:02:40+00:00,0x91ffccce386d57e0f51311fbfead2fda55e56985c4e03482e2fe6edbb2eebf9e,0xd9fb1184af0064e5e34b129f5b79afa5a17b7e32f2953ab05efed82315fee6d4,94559586571241563470235664821564670251180951772614764383113614156422396181162,94559586571241563470235664821564670251180951772614764383113614156422396181162,will-china-invade-taiwan-before-2027,will-china-invade-taiwan-before-2027,Will China invade Taiwan by end of 2026?,Yes,0,BUY,0.065,0.1,0.0065,endpoint_usdcSize,other,other,false,,,unavailable,entry_candidate,0x63ce342161250d705dc0b16df89036c8e5f9ba9a|0xd9fb1184af0064e5e34b129f5b79afa5a17b7e32f2953ab05efed82315fee6d4|94559586571241563470235664821564670251180951772614764383113614156422396181162|Yes,0x63ce342161250d705dc0b16df89036c8e5f9ba9a|activity_primary|0x91ffccce386d57e0f51311fbfead2fda55e56985c4e03482e2fe6edbb2eebf9e|0xd9fb1184af0064e5e34b129f5b79afa5a17b7e32f2953ab05efed82315fee6d4|94559586571241563470235664821564670251180951772614764383113614156422396181162|1777413760|buy|0.065|0.1,2026-06-24T20:54:32+00:00,0f17d5ac6c145dea001d0eab3be9d6c02753e7a55771425b90797222777bd172,07dbae44ea8a142196410a9ca8304bea02ce18a3a5c5fdf3fb3b6ca8948555c1,wallet_trade_history_v1,non_crypto_or_unclassified_market
0x63ce342161250d705dc0b16df89036c8e5f9ba9a,https://polymarket.com/0x63ce342161250d705dc0b16df89036c8e5f9ba9a,https://data-api.polymarket.com/activity?user=0x63ce342161250d705dc0b16df89036c8e5f9ba9a&type=TRADE&limit=100&offset=0&sortBy=TIMESTAMP&sortDirection=DESC,activity_primary,TRADE,1777413758,2026-04-28T22:02:38+00:00,0xef1bb7082e9ddc60f4c610c65c9c4526ee12e062af15a8a728422e5e5ad04ccc,0xd9fb1184af0064e5e34b129f5b79afa5a17b7e32f2953ab05efed82315fee6d4,94559586571241563470235664821564670251180951772614764383113614156422396181162,94559586571241563470235664821564670251180951772614764383113614156422396181162,will-china-invade-taiwan-before-2027,will-china-invade-taiwan-before-2027,Will China invade Taiwan by end of 2026?,Yes,0,BUY,0.065,0.17,0.01105,endpoint_usdcSize,other,other,false,,,unavailable,entry_candidate,0x63ce342161250d705dc0b16df89036c8e5f9ba9a|0xd9fb1184af0064e5e34b129f5b79afa5a17b7e32f2953ab05efed82315fee6d4|94559586571241563470235664821564670251180951772614764383113614156422396181162|Yes,0x63ce342161250d705dc0b16df89036c8e5f9ba9a|activity_primary|0xef1bb7082e9ddc60f4c610c65c9c4526ee12e062af15a8a728422e5e5ad04ccc|0xd9fb1184af0064e5e34b129f5b79afa5a17b7e32f2953ab05efed82315fee6d4|94559586571241563470235664821564670251180951772614764383113614156422396181162|1777413758|buy|0.065|0.17,2026-06-24T20:54:32+00:00,84da5a0c9e61acc7c57dfc3dcb29fdee9177f86fdc2968e7f7633016de7c14f8,07dbae44ea8a142196410a9ca8304bea02ce18a3a5c5fdf3fb3b6ca8948555c1,wallet_trade_history_v1,non_crypto_or_unclassified_market
0x63ce342161250d705dc0b16df89036c8e5f9ba9a,https://polymarket.com/0x63ce342161250d705dc0b16df89036c8e5f9ba9a,https://data-api.polymarket.com/activity?user=0x63ce342161250d705dc0b16df89036c8e5f9ba9a&type=TRADE&limit=100&offset=0&sortBy=TIMESTAMP&sortDirection=DESC,activity_primary,TRADE,1777412582,2026-04-28T21:43:02+00:00,0x3769c007e443ddf083731a8d12889c5ed34ca7f7bd4efd2c5062979806e4f3b3,0xd9fb1184af0064e5e34b129f5b79afa5a17b7e32f2953ab05efed82315fee6d4,94559586571241563470235664821564670251180951772614764383113614156422396181162,94559586571241563470235664821564670251180951772614764383113614156422396181162,will-china-invade-taiwan-before-2027,will-china-invade-taiwan-before-2027,Will China invade Taiwan by end of 2026?,Yes,0,BUY,0.06500004207546094,1.069507,0.069518,endpoint_usdcSize,other,other,false,,,unavailable,entry_candidate,0x63ce342161250d705dc0b16df89036c8e5f9ba9a|0xd9fb1184af0064e5e34b129f5b79afa5a17b7e32f2953ab05efed82315fee6d4|94559586571241563470235664821564670251180951772614764383113614156422396181162|Yes,0x63ce342161250d705dc0b16df89036c8e5f9ba9a|activity_primary|0x3769c007e443ddf083731a8d12889c5ed34ca7f7bd4efd2c5062979806e4f3b3|0xd9fb1184af0064e5e34b129f5b79afa5a17b7e32f2953ab05efed82315fee6d4|94559586571241563470235664821564670251180951772614764383113614156422396181162|1777412582|buy|0.06500004207546094|1.069507,2026-06-24T20:54:32+00:00,efd0eb659415d83e2c35c6409838fd3b378ea1ff0e710640278e5eec9f3f67c5,07dbae44ea8a142196410a9ca8304bea02ce18a3a5c5fdf3fb3b6ca8948555c1,wallet_trade_history_v1,non_crypto_or_unclassified_market
0x63ce342161250d705dc0b16df89036c8e5f9ba9a,https://polymarket.com/0x63ce342161250d705dc0b16df89036c8e5f9ba9a,https://data-api.polymarket.com/activity?user=0x63ce342161250d705dc0b16df89036c8e5f9ba9a&type=TRADE&limit=100&offset=0&sortBy=TIMESTAMP&sortDirection=DESC,activity_primary,TRADE,1777412080,2026-04-28T21:34:40+00:00,0x04d5c0a8c62565f03f4f0dcd1c8fa9efb3a892c18e529886ad95eb830cc81681,0xd9fb1184af0064e5e34b129f5b79afa5a17b7e32f2953ab05efed82315fee6d4,94559586571241563470235664821564670251180951772614764383113614156422396181162,94559586571241563470235664821564670251180951772614764383113614156422396181162,will-china-invade-taiwan-before-2027,will-china-invade-taiwan-before-2027,Will China invade Taiwan by end of 2026?,Yes,0,BUY,0.0650000074800134,5.347584,0.347593,endpoint_usdcSize,other,other,false,,,unavailable,entry_candidate,0x63ce342161250d705dc0b16df89036c8e5f9ba9a|0xd9fb1184af0064e5e34b129f5b79afa5a17b7e32f2953ab05efed82315fee6d4|94559586571241563470235664821564670251180951772614764383113614156422396181162|Yes,0x63ce342161250d705dc0b16df89036c8e5f9ba9a|activity_primary|0x04d5c0a8c62565f03f4f0dcd1c8fa9efb3a892c18e529886ad95eb830cc81681|0xd9fb1184af0064e5e34b129f5b79afa5a17b7e32f2953ab05efed82315fee6d4|94559586571241563470235664821564670251180951772614764383113614156422396181162|1777412080|buy|0.0650000074800134|5.347584,2026-06-24T20:54:32+00:00,9678d8b0d2e3b5a56c677d22b4080bbb81533bbff71043f5acfa042a3e4be1e9,07dbae44ea8a142196410a9ca8304bea02ce18a3a5c5fdf3fb3b6ca8948555c1,wallet_trade_history_v1,non_crypto_or_unclassified_market
0x63ce342161250d705dc0b16df89036c8e5f9ba9a,https://polymarket.com/0x63ce342161250d705dc0b16df89036c8e5f9ba9a,https://data-api.polymarket.com/activity?user=0x63ce342161250d705dc0b16df89036c8e5f9ba9a&type=TRADE&limit=100&offset=0&sortBy=TIMESTAMP&sortDirection=DESC,activity_primary,TRADE,1777409680,2026-04-28T20:54:40+00:00,0x5022bedf446e4ef9bff547de0b9190cc8cc06203a5960d02bf5846c76c6456db,0xd9fb1184af0064e5e34b129f5b79afa5a17b7e32f2953ab05efed82315fee6d4,94559586571241563470235664821564670251180951772614764383113614156422396181162,94559586571241563470235664821564670251180951772614764383113614156422396181162,will-china-invade-taiwan-before-2027,will-china-invade-taiwan-before-2027,Will China invade Taiwan by end of 2026?,Yes,0,BUY,0.065,132.02,8.5813,endpoint_usdcSize,other,other,false,,,unavailable,entry_candidate,0x63ce342161250d705dc0b16df89036c8e5f9ba9a|0xd9fb1184af0064e5e34b129f5b79afa5a17b7e32f2953ab05efed82315fee6d4|94559586571241563470235664821564670251180951772614764383113614156422396181162|Yes,0x63ce342161250d705dc0b16df89036c8e5f9ba9a|activity_primary|0x5022bedf446e4ef9bff547de0b9190cc8cc06203a5960d02bf5846c76c6456db|0xd9fb1184af0064e5e34b129f5b79afa5a17b7e32f2953ab05efed82315fee6d4|94559586571241563470235664821564670251180951772614764383113614156422396181162|1777409680|buy|0.065|132.02,2026-06-24T20:54:32+00:00,f3f39a402fc5a435de792a6a03630d468dfd5ae644ae25baac42eefe74106927,07dbae44ea8a142196410a9ca8304bea02ce18a3a5c5fdf3fb3b6ca8948555c1,wallet_trade_history_v1,non_crypto_or_unclassified_market
0x63ce342161250d705dc0b16df89036c8e5f9ba9a,https://polymarket.com/0x63ce342161250d705dc0b16df89036c8e5f9ba9a,https://data-api.polymarket.com/activity?user=0x63ce342161250d705dc0b16df89036c8e5f9ba9a&type=TRADE&limit=100&offset=0&sortBy=TIMESTAMP&sortDirection=DESC,activity_primary,TRADE,1777409680,2026-04-28T20:54:40+00:00,0x4c74e3654fcc55944dd9a60ab91ac73b332b29b816c518afbb5613f7602d3459,0xd9fb1184af0064e5e34b129f5b79afa5a17b7e32f2953ab05efed82315fee6d4,94559586571241563470235664821564670251180951772614764383113614156422396181162,94559586571241563470235664821564670251180951772614764383113614156422396181162,will-china-invade-taiwan-before-2027,will-china-invade-taiwan-before-2027,Will China invade Taiwan by end of 2026?,Yes,0,BUY,0.065,115.94,7.5361,endpoint_usdcSize,other,other,false,,,unavailable,entry_candidate,0x63ce342161250d705dc0b16df89036c8e5f9ba9a|0xd9fb1184af0064e5e34b129f5b79afa5a17b7e32f2953ab05efed82315fee6d4|94559586571241563470235664821564670251180951772614764383113614156422396181162|Yes,0x63ce342161250d705dc0b16df89036c8e5f9ba9a|activity_primary|0x4c74e3654fcc55944dd9a60ab91ac73b332b29b816c518afbb5613f7602d3459|0xd9fb1184af0064e5e34b129f5b79afa5a17b7e32f2953ab05efed82315fee6d4|94559586571241563470235664821564670251180951772614764383113614156422396181162|1777409680|buy|0.065|115.94,2026-06-24T20:54:32+00:00,59402f0211a70229836e054f4ed09909ea57fcfc8a16dc643db5e7bb7b98e411,07dbae44ea8a142196410a9ca8304bea02ce18a3a5c5fdf3fb3b6ca8948555c1,wallet_trade_history_v1,non_crypto_or_unclassified_market
0x63ce342161250d705dc0b16df89036c8e5f9ba9a,https://polymarket.com/0x63ce342161250d705dc0b16df89036c8e5f9ba9a,https://data-api.polymarket.com/activity?user=0x63ce342161250d705dc0b16df89036c8e5f9ba9a&type=TRADE&limit=100&offset=0&sortBy=TIMESTAMP&sortDirection=DESC,activity_primary,TRADE,1777409470,2026-04-28T20:51:10+00:00,0x596adfb497e1081ff3a93fe4919b28a164a79e009d71cc7e0a5038d46dff72c2,0xd9fb1184af0064e5e34b129f5b79afa5a17b7e32f2953ab05efed82315fee6d4,94559586571241563470235664821564670251180951772614764383113614156422396181162,94559586571241563470235664821564670251180951772614764383113614156422396181162,will-china-invade-taiwan-before-2027,will-china-invade-taiwan-before-2027,Will China invade Taiwan by end of 2026?,Yes,0,BUY,0.065,0.46,0.0299,endpoint_usdcSize,other,other,false,,,unavailable,entry_candidate,0x63ce342161250d705dc0b16df89036c8e5f9ba9a|0xd9fb1184af0064e5e34b129f5b79afa5a17b7e32f2953ab05efed82315fee6d4|94559586571241563470235664821564670251180951772614764383113614156422396181162|Yes,0x63ce342161250d705dc0b16df89036c8e5f9ba9a|activity_primary|0x596adfb497e1081ff3a93fe4919b28a164a79e009d71cc7e0a5038d46dff72c2|0xd9fb1184af0064e5e34b129f5b79afa5a17b7e32f2953ab05efed82315fee6d4|94559586571241563470235664821564670251180951772614764383113614156422396181162|1777409470|buy|0.065|0.46,2026-06-24T20:54:32+00:00,dd9e648dd21116f678d0868f4baa269885ee829a2ab4d8fe47d38ddfa57f16ad,07dbae44ea8a142196410a9ca8304bea02ce18a3a5c5fdf3fb3b6ca8948555c1,wallet_trade_history_v1,non_crypto_or_unclassified_market
0x63ce342161250d705dc0b16df89036c8e5f9ba9a,https://polymarket.com/0x63ce342161250d705dc0b16df89036c8e5f9ba9a,https://data-api.polymarket.com/activity?user=0x63ce342161250d705dc0b16df89036c8e5f9ba9a&type=TRADE&limit=100&offset=0&sortBy=TIMESTAMP&sortDirection=DESC,activity_primary,TRADE,1777409454,2026-04-28T20:50:54+00:00,0x4c5a2b7be12bddd56968e9ad3842f7516517cf8e24bc4037552738e7b5bce735,0xd9fb1184af0064e5e34b129f5b79afa5a17b7e32f2953ab05efed82315fee6d4,94559586571241563470235664821564670251180951772614764383113614156422396181162,94559586571241563470235664821564670251180951772614764383113614156422396181162,will-china-invade-taiwan-before-2027,will-china-invade-taiwan-before-2027,Will China invade Taiwan by end of 2026?,Yes,0,BUY,0.065,12.98,0.8437,endpoint_usdcSize,other,other,false,,,unavailable,entry_candidate,0x63ce342161250d705dc0b16df89036c8e5f9ba9a|0xd9fb1184af0064e5e34b129f5b79afa5a17b7e32f2953ab05efed82315fee6d4|94559586571241563470235664821564670251180951772614764383113614156422396181162|Yes,0x63ce342161250d705dc0b16df89036c8e5f9ba9a|activity_primary|0x4c5a2b7be12bddd56968e9ad3842f7516517cf8e24bc4037552738e7b5bce735|0xd9fb1184af0064e5e34b129f5b79afa5a17b7e32f2953ab05efed82315fee6d4|94559586571241563470235664821564670251180951772614764383113614156422396181162|1777409454|buy|0.065|12.98,2026-06-24T20:54:32+00:00,773d3443c6cbb9b31956b61c310e903026a1da92b8c841bf0bd078cfc4fced1e,07dbae44ea8a142196410a9ca8304bea02ce18a3a5c5fdf3fb3b6ca8948555c1,wallet_trade_history_v1,non_crypto_or_unclassified_market
0x63ce342161250d705dc0b16df89036c8e5f9ba9a,https://polymarket.com/0x63ce342161250d705dc0b16df89036c8e5f9ba9a,https://data-api.polymarket.com/activity?user=0x63ce342161250d705dc0b16df89036c8e5f9ba9a&type=TRADE&limit=100&offset=0&sortBy=TIMESTAMP&sortDirection=DESC,activity_primary,TRADE,1777409442,2026-04-28T20:50:42+00:00,0xe2b0ac6a072df02f9add20222c171ce1f4d411778e7dc0265428f7c100d74fc5,0xd9fb1184af0064e5e34b129f5b79afa5a17b7e32f2953ab05efed82315fee6d4,94559586571241563470235664821564670251180951772614764383113614156422396181162,94559586571241563470235664821564670251180951772614764383113614156422396181162,will-china-invade-taiwan-before-2027,will-china-invade-taiwan-before-2027,Will China invade Taiwan by end of 2026?,Yes,0,BUY,0.065,0.17,0.01105,endpoint_usdcSize,other,other,false,,,unavailable,entry_candidate,0x63ce342161250d705dc0b16df89036c8e5f9ba9a|0xd9fb1184af0064e5e34b129f5b79afa5a17b7e32f2953ab05efed82315fee6d4|94559586571241563470235664821564670251180951772614764383113614156422396181162|Yes,0x63ce342161250d705dc0b16df89036c8e5f9ba9a|activity_primary|0xe2b0ac6a072df02f9add20222c171ce1f4d411778e7dc0265428f7c100d74fc5|0xd9fb1184af0064e5e34b129f5b79afa5a17b7e32f2953ab05efed82315fee6d4|94559586571241563470235664821564670251180951772614764383113614156422396181162|1777409442|buy|0.065|0.17,2026-06-24T20:54:32+00:00,22431d7808185cdca762349a5ee6144dd48e3982e78f381e3f0991ba3ac01bc4,07dbae44ea8a142196410a9ca8304bea02ce18a3a5c5fdf3fb3b6ca8948555c1,wallet_trade_history_v1,non_crypto_or_unclassified_market
0x63ce342161250d705dc0b16df89036c8e5f9ba9a,https://polymarket.com/0x63ce342161250d705dc0b16df89036c8e5f9ba9a,https://data-api.polymarket.com/activity?user=0x63ce342161250d705dc0b16df89036c8e5f9ba9a&type=TRADE&limit=100&offset=0&sortBy=TIMESTAMP&sortDirection=DESC,activity_primary,TRADE,1777409410,2026-04-28T20:50:10+00:00,0xa637b5c67e47fb5d393dc3fa57f36354102178a3a50b7f1e0a68693c324fd8cd,0xd9fb1184af0064e5e34b129f5b79afa5a17b7e32f2953ab05efed82315fee6d4,94559586571241563470235664821564670251180951772614764383113614156422396181162,94559586571241563470235664821564670251180951772614764383113614156422396181162,will-china-invade-taiwan-before-2027,will-china-invade-taiwan-before-2027,Will China invade Taiwan by end of 2026?,Yes,0,BUY,0.065,0.04,0.0026,endpoint_usdcSize,other,other,false,,,unavailable,entry_candidate,0x63ce342161250d705dc0b16df89036c8e5f9ba9a|0xd9fb1184af0064e5e34b129f5b79afa5a17b7e32f2953ab05efed82315fee6d4|94559586571241563470235664821564670251180951772614764383113614156422396181162|Yes,0x63ce342161250d705dc0b16df89036c8e5f9ba9a|activity_primary|0xa637b5c67e47fb5d393dc3fa57f36354102178a3a50b7f1e0a68693c324fd8cd|0xd9fb1184af0064e5e34b129f5b79afa5a17b7e32f2953ab05efed82315fee6d4|94559586571241563470235664821564670251180951772614764383113614156422396181162|1777409410|buy|0.065|0.04,2026-06-24T20:54:32+00:00,c412fd8f457d59a9f526e3f90e98c358f0e5969333da8ec74401747ebdd7beaf,07dbae44ea8a142196410a9ca8304bea02ce18a3a5c5fdf3fb3b6ca8948555c1,wallet_trade_history_v1,non_crypto_or_unclassified_market
0x63ce342161250d705dc0b16df89036c8e5f9ba9a,https://polymarket.com/0x63ce342161250d705dc0b16df89036c8e5f9ba9a,https://data-api.polymarket.com/activity?user=0x63ce342161250d705dc0b16df89036c8e5f9ba9a&type=TRADE&limit=100&offset=0&sortBy=TIMESTAMP&sortDirection=DESC,activity_primary,TRADE,1777409410,2026-04-28T20:50:10+00:00,0xd04bdd66f4fa36a4d0818995b81ada53742e50f7be413e4f8ff26a46ba7723a2,0xd9fb1184af0064e5e34b129f5b79afa5a17b7e32f2953ab05efed82315fee6d4,94559586571241563470235664821564670251180951772614764383113614156422396181162,94559586571241563470235664821564670251180951772614764383113614156422396181162,will-china-invade-taiwan-before-2027,will-china-invade-taiwan-before-2027,Will China invade Taiwan by end of 2026?,Yes,0,BUY,0.065,0.04,0.0026,endpoint_usdcSize,other,other,false,,,unavailable,entry_candidate,0x63ce342161250d705dc0b16df89036c8e5f9ba9a|0xd9fb1184af0064e5e34b129f5b79afa5a17b7e32f2953ab05efed82315fee6d4|94559586571241563470235664821564670251180951772614764383113614156422396181162|Yes,0x63ce342161250d705dc0b16df89036c8e5f9ba9a|activity_primary|0xd04bdd66f4fa36a4d0818995b81ada53742e50f7be413e4f8ff26a46ba7723a2|0xd9fb1184af0064e5e34b129f5b79afa5a17b7e32f2953ab05efed82315fee6d4|94559586571241563470235664821564670251180951772614764383113614156422396181162|1777409410|buy|0.065|0.04,2026-06-24T20:54:32+00:00,631a1ce3feae509921050a4326e441fa4d70608852949c89a6d8aafbe7b59036,07dbae44ea8a142196410a9ca8304bea02ce18a3a5c5fdf3fb3b6ca8948555c1,wallet_trade_history_v1,non_crypto_or_unclassified_market
0x63ce342161250d705dc0b16df89036c8e5f9ba9a,https://polymarket.com/0x63ce342161250d705dc0b16df89036c8e5f9ba9a,https://data-api.polymarket.com/activity?user=0x63ce342161250d705dc0b16df89036c8e5f9ba9a&type=TRADE&limit=100&offset=0&sortBy=TIMESTAMP&sortDirection=DESC,activity_primary,TRADE,1777409410,2026-04-28T20:50:10+00:00,0xabb1ded8ee7bedaaf46c3107259bda6849f38e49fbc16184e74a6cc8d93614c3,0xd9fb1184af0064e5e34b129f5b79afa5a17b7e32f2953ab05efed82315fee6d4,94559586571241563470235664821564670251180951772614764383113614156422396181162,94559586571241563470235664821564670251180951772614764383113614156422396181162,will-china-invade-taiwan-before-2027,will-china-invade-taiwan-before-2027,Will China invade Taiwan by end of 2026?,Yes,0,BUY,0.065,0.04,0.0026,endpoint_usdcSize,other,other,false,,,unavailable,entry_candidate,0x63ce342161250d705dc0b16df89036c8e5f9ba9a|0xd9fb1184af0064e5e34b129f5b79afa5a17b7e32f2953ab05efed82315fee6d4|94559586571241563470235664821564670251180951772614764383113614156422396181162|Yes,0x63ce342161250d705dc0b16df89036c8e5f9ba9a|activity_primary|0xabb1ded8ee7bedaaf46c3107259bda6849f38e49fbc16184e74a6cc8d93614c3|0xd9fb1184af0064e5e34b129f5b79afa5a17b7e32f2953ab05efed82315fee6d4|94559586571241563470235664821564670251180951772614764383113614156422396181162|1777409410|buy|0.065|0.04,2026-06-24T20:54:32+00:00,728c34daf78432df3e0bbcc4d154c7897026daa1f110d8ce3247e4dfa4c485e7,07dbae44ea8a142196410a9ca8304bea02ce18a3a5c5fdf3fb3b6ca8948555c1,wallet_trade_history_v1,non_crypto_or_unclassified_market
0x63ce342161250d705dc0b16df89036c8e5f9ba9a,https://polymarket.com/0x63ce342161250d705dc0b16df89036c8e5f9ba9a,https://data-api.polymarket.com/activity?user=0x63ce342161250d705dc0b16df89036c8e5f9ba9a&type=TRADE&limit=100&offset=0&sortBy=TIMESTAMP&sortDirection=DESC,activity_primary,TRADE,1777409410,2026-04-28T20:50:10+00:00,0x2442e91731a80f2a003c2a6650bfda96b5491f37bb46943607122f03c51ff419,0xd9fb1184af0064e5e34b129f5b79afa5a17b7e32f2953ab05efed82315fee6d4,94559586571241563470235664821564670251180951772614764383113614156422396181162,94559586571241563470235664821564670251180951772614764383113614156422396181162,will-china-invade-taiwan-before-2027,will-china-invade-taiwan-before-2027,Will China invade Taiwan by end of 2026?,Yes,0,BUY,0.065,0.04,0.0026,endpoint_usdcSize,other,other,false,,,unavailable,entry_candidate,0x63ce342161250d705dc0b16df89036c8e5f9ba9a|0xd9fb1184af0064e5e34b129f5b79afa5a17b7e32f2953ab05efed82315fee6d4|94559586571241563470235664821564670251180951772614764383113614156422396181162|Yes,0x63ce342161250d705dc0b16df89036c8e5f9ba9a|activity_primary|0x2442e91731a80f2a003c2a6650bfda96b5491f37bb46943607122f03c51ff419|0xd9fb1184af0064e5e34b129f5b79afa5a17b7e32f2953ab05efed82315fee6d4|94559586571241563470235664821564670251180951772614764383113614156422396181162|1777409410|buy|0.065|0.04,2026-06-24T20:54:32+00:00,169ecfb2ea1a5db8a33660beb3e48677863ce336907bf026429809e4bc973e52,07dbae44ea8a142196410a9ca8304bea02ce18a3a5c5fdf3fb3b6ca8948555c1,wallet_trade_history_v1,non_crypto_or_unclassified_market
0x63ce342161250d705dc0b16df89036c8e5f9ba9a,https://polymarket.com/0x63ce342161250d705dc0b16df89036c8e5f9ba9a,https://data-api.polymarket.com/activity?user=0x63ce342161250d705dc0b16df89036c8e5f9ba9a&type=TRADE&limit=100&offset=0&sortBy=TIMESTAMP&sortDirection=DESC,activity_primary,TRADE,1777409328,2026-04-28T20:48:48+00:00,0xc70e16fcdf401a0ed4409447158e254be536434af5f12b1f64d7955ec95e5091,0xd9fb1184af0064e5e34b129f5b79afa5a17b7e32f2953ab05efed82315fee6d4,94559586571241563470235664821564670251180951772614764383113614156422396181162,94559586571241563470235664821564670251180951772614764383113614156422396181162,will-china-invade-taiwan-before-2027,will-china-invade-taiwan-before-2027,Will China invade Taiwan by end of 2026?,Yes,0,BUY,0.065,20.44,1.3286,endpoint_usdcSize,other,other,false,,,unavailable,entry_candidate,0x63ce342161250d705dc0b16df89036c8e5f9ba9a|0xd9fb1184af0064e5e34b129f5b79afa5a17b7e32f2953ab05efed82315fee6d4|94559586571241563470235664821564670251180951772614764383113614156422396181162|Yes,0x63ce342161250d705dc0b16df89036c8e5f9ba9a|activity_primary|0xc70e16fcdf401a0ed4409447158e254be536434af5f12b1f64d7955ec95e5091|0xd9fb1184af0064e5e34b129f5b79afa5a17b7e32f2953ab05efed82315fee6d4|94559586571241563470235664821564670251180951772614764383113614156422396181162|1777409328|buy|0.065|20.44,2026-06-24T20:54:32+00:00,2aa76f828eb7ebbdec9d04f05420de6d0bee02aa7b2169fc4c355c411cb88a62,07dbae44ea8a142196410a9ca8304bea02ce18a3a5c5fdf3fb3b6ca8948555c1,wallet_trade_history_v1,non_crypto_or_unclassified_market
0x63ce342161250d705dc0b16df89036c8e5f9ba9a,https://polymarket.com/0x63ce342161250d705dc0b16df89036c8e5f9ba9a,https://data-api.polymarket.com/activity?user=0x63ce342161250d705dc0b16df89036c8e5f9ba9a&type=TRADE&limit=100&offset=0&sortBy=TIMESTAMP&sortDirection=DESC,activity_primary,TRADE,1777409312,2026-04-28T20:48:32+00:00,0x65272f556c6d6e1f1513c80481a2874839a81d29fcc67a74bac003a56068ca4b,0xd9fb1184af0064e5e34b129f5b79afa5a17b7e32f2953ab05efed82315fee6d4,94559586571241563470235664821564670251180951772614764383113614156422396181162,94559586571241563470235664821564670251180951772614764383113614156422396181162,will-china-invade-taiwan-before-2027,will-china-invade-taiwan-before-2027,Will China invade Taiwan by end of 2026?,Yes,0,BUY,0.065,3.79,0.24635,endpoint_usdcSize,other,other,false,,,unavailable,entry_candidate,0x63ce342161250d705dc0b16df89036c8e5f9ba9a|0xd9fb1184af0064e5e34b129f5b79afa5a17b7e32f2953ab05efed82315fee6d4|94559586571241563470235664821564670251180951772614764383113614156422396181162|Yes,0x63ce342161250d705dc0b16df89036c8e5f9ba9a|activity_primary|0x65272f556c6d6e1f1513c80481a2874839a81d29fcc67a74bac003a56068ca4b|0xd9fb1184af0064e5e34b129f5b79afa5a17b7e32f2953ab05efed82315fee6d4|94559586571241563470235664821564670251180951772614764383113614156422396181162|1777409312|buy|0.065|3.79,2026-06-24T20:54:32+00:00,7b6de5935b6d7974aa10a89839562ed07500d0924183cd42f67ce39765c4d9a4,07dbae44ea8a142196410a9ca8304bea02ce18a3a5c5fdf3fb3b6ca8948555c1,wallet_trade_history_v1,non_crypto_or_unclassified_market
0x63ce342161250d705dc0b16df89036c8e5f9ba9a,https://polymarket.com/0x63ce342161250d705dc0b16df89036c8e5f9ba9a,https://data-api.polymarket.com/activity?user=0x63ce342161250d705dc0b16df89036c8e5f9ba9a&type=TRADE&limit=100&offset=0&sortBy=TIMESTAMP&sortDirection=DESC,activity_primary,TRADE,1777409288,2026-04-28T20:48:08+00:00,0xdf80b473cacb224da581ca2c60c4e7801daf40b23922e2c8c8040155723c0087,0xd9fb1184af0064e5e34b129f5b79afa5a17b7e32f2953ab05efed82315fee6d4,94559586571241563470235664821564670251180951772614764383113614156422396181162,94559586571241563470235664821564670251180951772614764383113614156422396181162,will-china-invade-taiwan-before-2027,will-china-invade-taiwan-before-2027,Will China invade Taiwan by end of 2026?,Yes,0,BUY,0.065,2.52,0.1638,endpoint_usdcSize,other,other,false,,,unavailable,entry_candidate,0x63ce342161250d705dc0b16df89036c8e5f9ba9a|0xd9fb1184af0064e5e34b129f5b79afa5a17b7e32f2953ab05efed82315fee6d4|94559586571241563470235664821564670251180951772614764383113614156422396181162|Yes,0x63ce342161250d705dc0b16df89036c8e5f9ba9a|activity_primary|0xdf80b473cacb224da581ca2c60c4e7801daf40b23922e2c8c8040155723c0087|0xd9fb1184af0064e5e34b129f5b79afa5a17b7e32f2953ab05efed82315fee6d4|94559586571241563470235664821564670251180951772614764383113614156422396181162|1777409288|buy|0.065|2.52,2026-06-24T20:54:32+00:00,752db2ca7f90428feb5370d11387c8bacbab4113101f0a8ea2098d8134f9b229,07dbae44ea8a142196410a9ca8304bea02ce18a3a5c5fdf3fb3b6ca8948555c1,wallet_trade_history_v1,non_crypto_or_unclassified_market
0x63ce342161250d705dc0b16df89036c8e5f9ba9a,https://polymarket.com/0x63ce342161250d705dc0b16df89036c8e5f9ba9a,https://data-api.polymarket.com/activity?user=0x63ce342161250d705dc0b16df89036c8e5f9ba9a&type=TRADE&limit=100&offset=0&sortBy=TIMESTAMP&sortDirection=DESC,activity_primary,TRADE,1777409284,2026-04-28T20:48:04+00:00,0xa292256a4938ad12da38ceb30062c115c8d5cdcadcd48f277a75cd0ae17fd7f9,0xd9fb1184af0064e5e34b129f5b79afa5a17b7e32f2953ab05efed82315fee6d4,94559586571241563470235664821564670251180951772614764383113614156422396181162,94559586571241563470235664821564670251180951772614764383113614156422396181162,will-china-invade-taiwan-before-2027,will-china-invade-taiwan-before-2027,Will China invade Taiwan by end of 2026?,Yes,0,BUY,0.065,16.7,1.0855,endpoint_usdcSize,other,other,false,,,unavailable,entry_candidate,0x63ce342161250d705dc0b16df89036c8e5f9ba9a|0xd9fb1184af0064e5e34b129f5b79afa5a17b7e32f2953ab05efed82315fee6d4|94559586571241563470235664821564670251180951772614764383113614156422396181162|Yes,0x63ce342161250d705dc0b16df89036c8e5f9ba9a|activity_primary|0xa292256a4938ad12da38ceb30062c115c8d5cdcadcd48f277a75cd0ae17fd7f9|0xd9fb1184af0064e5e34b129f5b79afa5a17b7e32f2953ab05efed82315fee6d4|94559586571241563470235664821564670251180951772614764383113614156422396181162|1777409284|buy|0.065|16.7,2026-06-24T20:54:32+00:00,90c7d3a8003c7ea3df20ffff5ee84fe602d74b2ed579d8e77947a272ecd5f192,07dbae44ea8a142196410a9ca8304bea02ce18a3a5c5fdf3fb3b6ca8948555c1,wallet_trade_history_v1,non_crypto_or_unclassified_market
0x63ce342161250d705dc0b16df89036c8e5f9ba9a,https://polymarket.com/0x63ce342161250d705dc0b16df89036c8e5f9ba9a,https://data-api.polymarket.com/activity?user=0x63ce342161250d705dc0b16df89036c8e5f9ba9a&type=TRADE&limit=100&offset=0&sortBy=TIMESTAMP&sortDirection=DESC,activity_primary,TRADE,1777409240,2026-04-28T20:47:20+00:00,0x2949280375b79200e25f9bb25aedccea0690a555a5ca34b860d0c2a0c9773f09,0xd9fb1184af0064e5e34b129f5b79afa5a17b7e32f2953ab05efed82315fee6d4,94559586571241563470235664821564670251180951772614764383113614156422396181162,94559586571241563470235664821564670251180951772614764383113614156422396181162,will-china-invade-taiwan-before-2027,will-china-invade-taiwan-before-2027,Will China invade Taiwan by end of 2026?,Yes,0,BUY,0.065,2.53,0.16445,endpoint_usdcSize,other,other,false,,,unavailable,entry_candidate,0x63ce342161250d705dc0b16df89036c8e5f9ba9a|0xd9fb1184af0064e5e34b129f5b79afa5a17b7e32f2953ab05efed82315fee6d4|94559586571241563470235664821564670251180951772614764383113614156422396181162|Yes,0x63ce342161250d705dc0b16df89036c8e5f9ba9a|activity_primary|0x2949280375b79200e25f9bb25aedccea0690a555a5ca34b860d0c2a0c9773f09|0xd9fb1184af0064e5e34b129f5b79afa5a17b7e32f2953ab05efed82315fee6d4|94559586571241563470235664821564670251180951772614764383113614156422396181162|1777409240|buy|0.065|2.53,2026-06-24T20:54:32+00:00,d7e69af2d5a57d190308608e9a9bf0c15c1294a1d8132a4d1e676b591e8d00ef,07dbae44ea8a142196410a9ca8304bea02ce18a3a5c5fdf3fb3b6ca8948555c1,wallet_trade_history_v1,non_crypto_or_unclassified_market
0x63ce342161250d705dc0b16df89036c8e5f9ba9a,https://polymarket.com/0x63ce342161250d705dc0b16df89036c8e5f9ba9a,https://data-api.polymarket.com/activity?user=0x63ce342161250d705dc0b16df89036c8e5f9ba9a&type=TRADE&limit=100&offset=0&sortBy=TIMESTAMP&sortDirection=DESC,activity_primary,TRADE,1777409102,2026-04-28T20:45:02+00:00,0x3e4b85a03d4adad0d17302ac90ec74e7b542ced52dcad6a6ed1eb76a45827334,0xd9fb1184af0064e5e34b129f5b79afa5a17b7e32f2953ab05efed82315fee6d4,94559586571241563470235664821564670251180951772614764383113614156422396181162,94559586571241563470235664821564670251180951772614764383113614156422396181162,will-china-invade-taiwan-before-2027,will-china-invade-taiwan-before-2027,Will China invade Taiwan by end of 2026?,Yes,0,BUY,0.065,3.82,0.2483,endpoint_usdcSize,other,other,false,,,unavailable,entry_candidate,0x63ce342161250d705dc0b16df89036c8e5f9ba9a|0xd9fb1184af0064e5e34b129f5b79afa5a17b7e32f2953ab05efed82315fee6d4|94559586571241563470235664821564670251180951772614764383113614156422396181162|Yes,0x63ce342161250d705dc0b16df89036c8e5f9ba9a|activity_primary|0x3e4b85a03d4adad0d17302ac90ec74e7b542ced52dcad6a6ed1eb76a45827334|0xd9fb1184af0064e5e34b129f5b79afa5a17b7e32f2953ab05efed82315fee6d4|94559586571241563470235664821564670251180951772614764383113614156422396181162|1777409102|buy|0.065|3.82,2026-06-24T20:54:32+00:00,dd53a6b69027a2b06e959f341099b5e387a511148b65f29f79825b4098249a72,07dbae44ea8a142196410a9ca8304bea02ce18a3a5c5fdf3fb3b6ca8948555c1,wallet_trade_history_v1,non_crypto_or_unclassified_market
0x63ce342161250d705dc0b16df89036c8e5f9ba9a,https://polymarket.com/0x63ce342161250d705dc0b16df89036c8e5f9ba9a,https://data-api.polymarket.com/activity?user=0x63ce342161250d705dc0b16df89036c8e5f9ba9a&type=TRADE&limit=100&offset=0&sortBy=TIMESTAMP&sortDirection=DESC,activity_primary,TRADE,1777409044,2026-04-28T20:44:04+00:00,0x3cbf6223f237a2fc4f40cbaaed9635fe1fb90cc4af83cc05c9737afdfad07b20,0xd9fb1184af0064e5e34b129f5b79afa5a17b7e32f2953ab05efed82315fee6d4,94559586571241563470235664821564670251180951772614764383113614156422396181162,94559586571241563470235664821564670251180951772614764383113614156422396181162,will-china-invade-taiwan-before-2027,will-china-invade-taiwan-before-2027,Will China invade Taiwan by end of 2026?,Yes,0,BUY,0.065,3.76,0.2444,endpoint_usdcSize,other,other,false,,,unavailable,entry_candidate,0x63ce342161250d705dc0b16df89036c8e5f9ba9a|0xd9fb1184af0064e5e34b129f5b79afa5a17b7e32f2953ab05efed82315fee6d4|94559586571241563470235664821564670251180951772614764383113614156422396181162|Yes,0x63ce342161250d705dc0b16df89036c8e5f9ba9a|activity_primary|0x3cbf6223f237a2fc4f40cbaaed9635fe1fb90cc4af83cc05c9737afdfad07b20|0xd9fb1184af0064e5e34b129f5b79afa5a17b7e32f2953ab05efed82315fee6d4|94559586571241563470235664821564670251180951772614764383113614156422396181162|1777409044|buy|0.065|3.76,2026-06-24T20:54:32+00:00,fb897cd35a1bb0e5599f09b8b52f955b098f618a60a7cc38375b0d1748d99a1a,07dbae44ea8a142196410a9ca8304bea02ce18a3a5c5fdf3fb3b6ca8948555c1,wallet_trade_history_v1,non_crypto_or_unclassified_market
0x63ce342161250d705dc0b16df89036c8e5f9ba9a,https://polymarket.com/0x63ce342161250d705dc0b16df89036c8e5f9ba9a,https://data-api.polymarket.com/activity?user=0x63ce342161250d705dc0b16df89036c8e5f9ba9a&type=TRADE&limit=100&offset=0&sortBy=TIMESTAMP&sortDirection=DESC,activity_primary,TRADE,1777408772,2026-04-28T20:39:32+00:00,0x945aabd272a2ec019f0bfc69a3f3c958bfd81207c7366fe3ecd1194dc8df4611,0xd9fb1184af0064e5e34b129f5b79afa5a17b7e32f2953ab05efed82315fee6d4,94559586571241563470235664821564670251180951772614764383113614156422396181162,94559586571241563470235664821564670251180951772614764383113614156422396181162,will-china-invade-taiwan-before-2027,will-china-invade-taiwan-before-2027,Will China invade Taiwan by end of 2026?,Yes,0,BUY,0.065,0.37,0.02405,endpoint_usdcSize,other,other,false,,,unavailable,entry_candidate,0x63ce342161250d705dc0b16df89036c8e5f9ba9a|0xd9fb1184af0064e5e34b129f5b79afa5a17b7e32f2953ab05efed82315fee6d4|94559586571241563470235664821564670251180951772614764383113614156422396181162|Yes,0x63ce342161250d705dc0b16df89036c8e5f9ba9a|activity_primary|0x945aabd272a2ec019f0bfc69a3f3c958bfd81207c7366fe3ecd1194dc8df4611|0xd9fb1184af0064e5e34b129f5b79afa5a17b7e32f2953ab05efed82315fee6d4|94559586571241563470235664821564670251180951772614764383113614156422396181162|1777408772|buy|0.065|0.37,2026-06-24T20:54:32+00:00,ab6c49b14c433d4956a83952ef7f752712837862a50bbe65e13b0b1b4b7cddfc,07dbae44ea8a142196410a9ca8304bea02ce18a3a5c5fdf3fb3b6ca8948555c1,wallet_trade_history_v1,non_crypto_or_unclassified_market
0x63ce342161250d705dc0b16df89036c8e5f9ba9a,https://polymarket.com/0x63ce342161250d705dc0b16df89036c8e5f9ba9a,https://data-api.polymarket.com/activity?user=0x63ce342161250d705dc0b16df89036c8e5f9ba9a&type=TRADE&limit=100&offset=0&sortBy=TIMESTAMP&sortDirection=DESC,activity_primary,TRADE,1777407682,2026-04-28T20:21:22+00:00,0xab576370a42df5054a9146c110bcde242a51f4fa8842f79bcb63103ab9d3bf66,0xd9fb1184af0064e5e34b129f5b79afa5a17b7e32f2953ab05efed82315fee6d4,94559586571241563470235664821564670251180951772614764383113614156422396181162,94559586571241563470235664821564670251180951772614764383113614156422396181162,will-china-invade-taiwan-before-2027,will-china-invade-taiwan-before-2027,Will China invade Taiwan by end of 2026?,Yes,0,BUY,0.065,134129.47,8718.41555,endpoint_usdcSize,other,other,false,,,unavailable,entry_candidate,0x63ce342161250d705dc0b16df89036c8e5f9ba9a|0xd9fb1184af0064e5e34b129f5b79afa5a17b7e32f2953ab05efed82315fee6d4|94559586571241563470235664821564670251180951772614764383113614156422396181162|Yes,0x63ce342161250d705dc0b16df89036c8e5f9ba9a|activity_primary|0xab576370a42df5054a9146c110bcde242a51f4fa8842f79bcb63103ab9d3bf66|0xd9fb1184af0064e5e34b129f5b79afa5a17b7e32f2953ab05efed82315fee6d4|94559586571241563470235664821564670251180951772614764383113614156422396181162|1777407682|buy|0.065|134129.47,2026-06-24T20:54:32+00:00,47fca976692a3f79718fc16e0d0ab8b9d3d5d3120c9c09caddde9d03f7052407,07dbae44ea8a142196410a9ca8304bea02ce18a3a5c5fdf3fb3b6ca8948555c1,wallet_trade_history_v1,non_crypto_or_unclassified_market
0x63ce342161250d705dc0b16df89036c8e5f9ba9a,https://polymarket.com/0x63ce342161250d705dc0b16df89036c8e5f9ba9a,https://data-api.polymarket.com/activity?user=0x63ce342161250d705dc0b16df89036c8e5f9ba9a&type=TRADE&limit=100&offset=0&sortBy=TIMESTAMP&sortDirection=DESC,activity_primary,TRADE,1774353541,2026-03-24T11:59:01+00:00,0x1c1fec096181587f532e5cdd9e6dd0dce7f707ce08e11cbedc85b9109997d982,0xe7f83f4fd9e2c1b8c5752d514e5c5761d953417037de06e6856ef066adcdf3e4,33772256513953729867305428364575471811054395663634834290762938224302400571258,33772256513953729867305428364575471811054395663634834290762938224302400571258,btc-updown-5m-1774353300,btc-updown-5m-1774353300,"Bitcoin Up or Down - March 24, 7:55AM-8:00AM ET",Down,1,BUY,0.12,8.94,1.0728,endpoint_usdcSize,fast_crypto_up_down,BTC,true,,,unavailable,entry_candidate,0x63ce342161250d705dc0b16df89036c8e5f9ba9a|0xe7f83f4fd9e2c1b8c5752d514e5c5761d953417037de06e6856ef066adcdf3e4|33772256513953729867305428364575471811054395663634834290762938224302400571258|Down,0x63ce342161250d705dc0b16df89036c8e5f9ba9a|activity_primary|0x1c1fec096181587f532e5cdd9e6dd0dce7f707ce08e11cbedc85b9109997d982|0xe7f83f4fd9e2c1b8c5752d514e5c5761d953417037de06e6856ef066adcdf3e4|33772256513953729867305428364575471811054395663634834290762938224302400571258|1774353541|buy|0.12|8.94,2026-06-24T20:54:32+00:00,9f76b1a7755396191d57f00d3d1d3ab106172c621e5c041782cb5133567c7850,07dbae44ea8a142196410a9ca8304bea02ce18a3a5c5fdf3fb3b6ca8948555c1,wallet_trade_history_v1,none
0x63ce342161250d705dc0b16df89036c8e5f9ba9a,https://polymarket.com/0x63ce342161250d705dc0b16df89036c8e5f9ba9a,https://data-api.polymarket.com/activity?user=0x63ce342161250d705dc0b16df89036c8e5f9ba9a&type=TRADE&limit=100&offset=0&sortBy=TIMESTAMP&sortDirection=DESC,activity_primary,TRADE,1774353539,2026-03-24T11:58:59+00:00,0xe89ceb4c5fe2bb753c59573143f8d772386e009b5d8c72c3e92744dde28d3851,0xe7f83f4fd9e2c1b8c5752d514e5c5761d953417037de06e6856ef066adcdf3e4,33772256513953729867305428364575471811054395663634834290762938224302400571258,33772256513953729867305428364575471811054395663634834290762938224302400571258,btc-updown-5m-1774353300,btc-updown-5m-1774353300,"Bitcoin Up or Down - March 24, 7:55AM-8:00AM ET",Down,1,BUY,0.12,50,6,endpoint_usdcSize,fast_crypto_up_down,BTC,true,,,unavailable,entry_candidate,0x63ce342161250d705dc0b16df89036c8e5f9ba9a|0xe7f83f4fd9e2c1b8c5752d514e5c5761d953417037de06e6856ef066adcdf3e4|33772256513953729867305428364575471811054395663634834290762938224302400571258|Down,0x63ce342161250d705dc0b16df89036c8e5f9ba9a|activity_primary|0xe89ceb4c5fe2bb753c59573143f8d772386e009b5d8c72c3e92744dde28d3851|0xe7f83f4fd9e2c1b8c5752d514e5c5761d953417037de06e6856ef066adcdf3e4|33772256513953729867305428364575471811054395663634834290762938224302400571258|1774353539|buy|0.12|50,2026-06-24T20:54:32+00:00,2564b13abb725760e8da6e0eecd6eb2556321eab2e58a0cc2dc8c0abdef8c1c0,07dbae44ea8a142196410a9ca8304bea02ce18a3a5c5fdf3fb3b6ca8948555c1,wallet_trade_history_v1,none
0x63ce342161250d705dc0b16df89036c8e5f9ba9a,https://polymarket.com/0x63ce342161250d705dc0b16df89036c8e5f9ba9a,https://data-api.polymarket.com/activity?user=0x63ce342161250d705dc0b16df89036c8e5f9ba9a&type=TRADE&limit=100&offset=0&sortBy=TIMESTAMP&sortDirection=DESC,activity_primary,TRADE,1774353539,2026-03-24T11:58:59+00:00,0x75f7e1174c5229b2c96542ee1a8c10e367a1c0f4d28ecc2c99b2f36ebfaf5397,0xe7f83f4fd9e2c1b8c5752d514e5c5761d953417037de06e6856ef066adcdf3e4,33772256513953729867305428364575471811054395663634834290762938224302400571258,33772256513953729867305428364575471811054395663634834290762938224302400571258,btc-updown-5m-1774353300,btc-updown-5m-1774353300,"Bitcoin Up or Down - March 24, 7:55AM-8:00AM ET",Down,1,BUY,0.1200000019021887,42.056816,5.046818,endpoint_usdcSize,fast_crypto_up_down,BTC,true,,,unavailable,entry_candidate,0x63ce342161250d705dc0b16df89036c8e5f9ba9a|0xe7f83f4fd9e2c1b8c5752d514e5c5761d953417037de06e6856ef066adcdf3e4|33772256513953729867305428364575471811054395663634834290762938224302400571258|Down,0x63ce342161250d705dc0b16df89036c8e5f9ba9a|activity_primary|0x75f7e1174c5229b2c96542ee1a8c10e367a1c0f4d28ecc2c99b2f36ebfaf5397|0xe7f83f4fd9e2c1b8c5752d514e5c5761d953417037de06e6856ef066adcdf3e4|33772256513953729867305428364575471811054395663634834290762938224302400571258|1774353539|buy|0.1200000019021887|42.056816,2026-06-24T20:54:32+00:00,7adee37f417e269743350d533cacea3f0c6ff0cdf3fe1084bd78aadad492210f,07dbae44ea8a142196410a9ca8304bea02ce18a3a5c5fdf3fb3b6ca8948555c1,wallet_trade_history_v1,none
0x63ce342161250d705dc0b16df89036c8e5f9ba9a,https://polymarket.com/0x63ce342161250d705dc0b16df89036c8e5f9ba9a,https://data-api.polymarket.com/activity?user=0x63ce342161250d705dc0b16df89036c8e5f9ba9a&type=TRADE&limit=100&offset=0&sortBy=TIMESTAMP&sortDirection=DESC,activity_primary,TRADE,1774353503,2026-03-24T11:58:23+00:00,0x99c799b2f9ec70b8cd3330265df79570559901b1a3d00e9e8e2a0da295811271,0xe7f83f4fd9e2c1b8c5752d514e5c5761d953417037de06e6856ef066adcdf3e4,49305227855558776716240706262225949654994545340007720470381021112450777127619,49305227855558776716240706262225949654994545340007720470381021112450777127619,btc-updown-5m-1774353300,btc-updown-5m-1774353300,"Bitcoin Up or Down - March 24, 7:55AM-8:00AM ET",Up,0,BUY,0.76,10.51,7.9876,endpoint_usdcSize,fast_crypto_up_down,BTC,true,,,unavailable,entry_candidate,0x63ce342161250d705dc0b16df89036c8e5f9ba9a|0xe7f83f4fd9e2c1b8c5752d514e5c5761d953417037de06e6856ef066adcdf3e4|49305227855558776716240706262225949654994545340007720470381021112450777127619|Up,0x63ce342161250d705dc0b16df89036c8e5f9ba9a|activity_primary|0x99c799b2f9ec70b8cd3330265df79570559901b1a3d00e9e8e2a0da295811271|0xe7f83f4fd9e2c1b8c5752d514e5c5761d953417037de06e6856ef066adcdf3e4|49305227855558776716240706262225949654994545340007720470381021112450777127619|1774353503|buy|0.76|10.51,2026-06-24T20:54:32+00:00,b4970e45bef7d4306477221106f444d8b676fe1743b5567d6b87f6027dbc5da4,07dbae44ea8a142196410a9ca8304bea02ce18a3a5c5fdf3fb3b6ca8948555c1,wallet_trade_history_v1,none
0x63ce342161250d705dc0b16df89036c8e5f9ba9a,https://polymarket.com/0x63ce342161250d705dc0b16df89036c8e5f9ba9a,https://data-api.polymarket.com/activity?user=0x63ce342161250d705dc0b16df89036c8e5f9ba9a&type=TRADE&limit=100&offset=0&sortBy=TIMESTAMP&sortDirection=DESC,activity_primary,TRADE,1774353503,2026-03-24T11:58:23+00:00,0xafcde32d3485dba9a0f64406f4a9e11dce23223fc71cbd382959f9104f9a1bef,0xe7f83f4fd9e2c1b8c5752d514e5c5761d953417037de06e6856ef066adcdf3e4,49305227855558776716240706262225949654994545340007720470381021112450777127619,49305227855558776716240706262225949654994545340007720470381021112450777127619,btc-updown-5m-1774353300,btc-updown-5m-1774353300,"Bitcoin Up or Down - March 24, 7:55AM-8:00AM ET",Up,0,BUY,0.76,25.49,19.3724,endpoint_usdcSize,fast_crypto_up_down,BTC,true,,,unavailable,entry_candidate,0x63ce342161250d705dc0b16df89036c8e5f9ba9a|0xe7f83f4fd9e2c1b8c5752d514e5c5761d953417037de06e6856ef066adcdf3e4|49305227855558776716240706262225949654994545340007720470381021112450777127619|Up,0x63ce342161250d705dc0b16df89036c8e5f9ba9a|activity_primary|0xafcde32d3485dba9a0f64406f4a9e11dce23223fc71cbd382959f9104f9a1bef|0xe7f83f4fd9e2c1b8c5752d514e5c5761d953417037de06e6856ef066adcdf3e4|49305227855558776716240706262225949654994545340007720470381021112450777127619|1774353503|buy|0.76|25.49,2026-06-24T20:54:32+00:00,d5b7d2aaca23e135fdf37e7b47e56bcd16f77931e6c1a670170dddc8023dfd0f,07dbae44ea8a142196410a9ca8304bea02ce18a3a5c5fdf3fb3b6ca8948555c1,wallet_trade_history_v1,none
0x63ce342161250d705dc0b16df89036c8e5f9ba9a,https://polymarket.com/0x63ce342161250d705dc0b16df89036c8e5f9ba9a,https://data-api.polymarket.com/activity?user=0x63ce342161250d705dc0b16df89036c8e5f9ba9a&type=TRADE&limit=100&offset=0&sortBy=TIMESTAMP&sortDirection=DESC,activity_primary,TRADE,1774353503,2026-03-24T11:58:23+00:00,0xdec15377078af5a9d99f1765cc83749b1f57e9d07da703586b8877edab8ba2f1,0xe7f83f4fd9e2c1b8c5752d514e5c5761d953417037de06e6856ef066adcdf3e4,49305227855558776716240706262225949654994545340007720470381021112450777127619,49305227855558776716240706262225949654994545340007720470381021112450777127619,btc-updown-5m-1774353300,btc-updown-5m-1774353300,"Bitcoin Up or Down - March 24, 7:55AM-8:00AM ET",Up,0,BUY,0.76,15,11.4,endpoint_usdcSize,fast_crypto_up_down,BTC,true,,,unavailable,entry_candidate,0x63ce342161250d705dc0b16df89036c8e5f9ba9a|0xe7f83f4fd9e2c1b8c5752d514e5c5761d953417037de06e6856ef066adcdf3e4|49305227855558776716240706262225949654994545340007720470381021112450777127619|Up,0x63ce342161250d705dc0b16df89036c8e5f9ba9a|activity_primary|0xdec15377078af5a9d99f1765cc83749b1f57e9d07da703586b8877edab8ba2f1|0xe7f83f4fd9e2c1b8c5752d514e5c5761d953417037de06e6856ef066adcdf3e4|49305227855558776716240706262225949654994545340007720470381021112450777127619|1774353503|buy|0.76|15,2026-06-24T20:54:32+00:00,225e075540286f4c536c1c404f7a2a0aaf9bd79f00f44213c7217e10bac2c89b,07dbae44ea8a142196410a9ca8304bea02ce18a3a5c5fdf3fb3b6ca8948555c1,wallet_trade_history_v1,none
0x63ce342161250d705dc0b16df89036c8e5f9ba9a,https://polymarket.com/0x63ce342161250d705dc0b16df89036c8e5f9ba9a,https://data-api.polymarket.com/activity?user=0x63ce342161250d705dc0b16df89036c8e5f9ba9a&type=TRADE&limit=100&offset=0&sortBy=TIMESTAMP&sortDirection=DESC,activity_primary,TRADE,1774353503,2026-03-24T11:58:23+00:00,0x008a2817982ffe52f7db946985fa9bbe932d339c126e4e46e6579e22be59a0fb,0xe7f83f4fd9e2c1b8c5752d514e5c5761d953417037de06e6856ef066adcdf3e4,49305227855558776716240706262225949654994545340007720470381021112450777127619,49305227855558776716240706262225949654994545340007720470381021112450777127619,btc-updown-5m-1774353300,btc-updown-5m-1774353300,"Bitcoin Up or Down - March 24, 7:55AM-8:00AM ET",Up,0,BUY,0.76,50,38,endpoint_usdcSize,fast_crypto_up_down,BTC,true,,,unavailable,entry_candidate,0x63ce342161250d705dc0b16df89036c8e5f9ba9a|0xe7f83f4fd9e2c1b8c5752d514e5c5761d953417037de06e6856ef066adcdf3e4|49305227855558776716240706262225949654994545340007720470381021112450777127619|Up,0x63ce342161250d705dc0b16df89036c8e5f9ba9a|activity_primary|0x008a2817982ffe52f7db946985fa9bbe932d339c126e4e46e6579e22be59a0fb|0xe7f83f4fd9e2c1b8c5752d514e5c5761d953417037de06e6856ef066adcdf3e4|49305227855558776716240706262225949654994545340007720470381021112450777127619|1774353503|buy|0.76|50,2026-06-24T20:54:32+00:00,ef1f921ab8c8cbf8dd8b3b80de626201707b1430cf74ee357e0afe6a5eaa0faa,07dbae44ea8a142196410a9ca8304bea02ce18a3a5c5fdf3fb3b6ca8948555c1,wallet_trade_history_v1,none
0x63ce342161250d705dc0b16df89036c8e5f9ba9a,https://polymarket.com/0x63ce342161250d705dc0b16df89036c8e5f9ba9a,https://data-api.polymarket.com/activity?user=0x63ce342161250d705dc0b16df89036c8e5f9ba9a&type=TRADE&limit=100&offset=0&sortBy=TIMESTAMP&sortDirection=DESC,activity_primary,TRADE,1774353491,2026-03-24T11:58:11+00:00,0x37a3c86d2e804bb1005702c67f9902e7fd7998af07989dc740e71b30c233f827,0x7a51e92035ee43ac4b219a070a4c119edb64f7baf3f6f848fa7c4e1724f9ee3a,111554948592937711965684438489606482718323834335706560182258685663865206527877,111554948592937711965684438489606482718323834335706560182258685663865206527877,eth-updown-5m-1774353300,eth-updown-5m-1774353300,"Ethereum Up or Down - March 24, 7:55AM-8:00AM ET",Down,1,BUY,0.16,41.7,6.672,endpoint_usdcSize,fast_crypto_up_down,ETH,true,,,unavailable,entry_candidate,0x63ce342161250d705dc0b16df89036c8e5f9ba9a|0x7a51e92035ee43ac4b219a070a4c119edb64f7baf3f6f848fa7c4e1724f9ee3a|111554948592937711965684438489606482718323834335706560182258685663865206527877|Down,0x63ce342161250d705dc0b16df89036c8e5f9ba9a|activity_primary|0x37a3c86d2e804bb1005702c67f9902e7fd7998af07989dc740e71b30c233f827|0x7a51e92035ee43ac4b219a070a4c119edb64f7baf3f6f848fa7c4e1724f9ee3a|111554948592937711965684438489606482718323834335706560182258685663865206527877|1774353491|buy|0.16|41.7,2026-06-24T20:54:32+00:00,287fb5f95f9dc89d2b69d8e21d01fc394e80357ced1da3366d2a0a9e0e38b5f2,07dbae44ea8a142196410a9ca8304bea02ce18a3a5c5fdf3fb3b6ca8948555c1,wallet_trade_history_v1,none
0x63ce342161250d705dc0b16df89036c8e5f9ba9a,https://polymarket.com/0x63ce342161250d705dc0b16df89036c8e5f9ba9a,https://data-api.polymarket.com/activity?user=0x63ce342161250d705dc0b16df89036c8e5f9ba9a&type=TRADE&limit=100&offset=0&sortBy=TIMESTAMP&sortDirection=DESC,activity_primary,TRADE,1774353491,2026-03-24T11:58:11+00:00,0x37a3c86d2e804bb1005702c67f9902e7fd7998af07989dc740e71b30c233f827,0x7a51e92035ee43ac4b219a070a4c119edb64f7baf3f6f848fa7c4e1724f9ee3a,111554948592937711965684438489606482718323834335706560182258685663865206527877,111554948592937711965684438489606482718323834335706560182258685663865206527877,eth-updown-5m-1774353300,eth-updown-5m-1774353300,"Ethereum Up or Down - March 24, 7:55AM-8:00AM ET",Down,1,BUY,0.17,10.2,1.734,endpoint_usdcSize,fast_crypto_up_down,ETH,true,,,unavailable,entry_candidate,0x63ce342161250d705dc0b16df89036c8e5f9ba9a|0x7a51e92035ee43ac4b219a070a4c119edb64f7baf3f6f848fa7c4e1724f9ee3a|111554948592937711965684438489606482718323834335706560182258685663865206527877|Down,0x63ce342161250d705dc0b16df89036c8e5f9ba9a|activity_primary|0x37a3c86d2e804bb1005702c67f9902e7fd7998af07989dc740e71b30c233f827|0x7a51e92035ee43ac4b219a070a4c119edb64f7baf3f6f848fa7c4e1724f9ee3a|111554948592937711965684438489606482718323834335706560182258685663865206527877|1774353491|buy|0.17|10.2,2026-06-24T20:54:32+00:00,0c40173f6958956927cfb96221016039bdc384d74a4e6adbba6428cdeb5db2d2,07dbae44ea8a142196410a9ca8304bea02ce18a3a5c5fdf3fb3b6ca8948555c1,wallet_trade_history_v1,none
0x63ce342161250d705dc0b16df89036c8e5f9ba9a,https://polymarket.com/0x63ce342161250d705dc0b16df89036c8e5f9ba9a,https://data-api.polymarket.com/activity?user=0x63ce342161250d705dc0b16df89036c8e5f9ba9a&type=TRADE&limit=100&offset=0&sortBy=TIMESTAMP&sortDirection=DESC,activity_primary,TRADE,1774353491,2026-03-24T11:58:11+00:00,0xf2fa81fb9560f3275cbbdff3be6c57ae4817bf5180292433028280dd700b7b8c,0x7a51e92035ee43ac4b219a070a4c119edb64f7baf3f6f848fa7c4e1724f9ee3a,111554948592937711965684438489606482718323834335706560182258685663865206527877,111554948592937711965684438489606482718323834335706560182258685663865206527877,eth-updown-5m-1774353300,eth-updown-5m-1774353300,"Ethereum Up or Down - March 24, 7:55AM-8:00AM ET",Down,1,BUY,0.16,9.3,1.488,endpoint_usdcSize,fast_crypto_up_down,ETH,true,,,unavailable,entry_candidate,0x63ce342161250d705dc0b16df89036c8e5f9ba9a|0x7a51e92035ee43ac4b219a070a4c119edb64f7baf3f6f848fa7c4e1724f9ee3a|111554948592937711965684438489606482718323834335706560182258685663865206527877|Down,0x63ce342161250d705dc0b16df89036c8e5f9ba9a|activity_primary|0xf2fa81fb9560f3275cbbdff3be6c57ae4817bf5180292433028280dd700b7b8c|0x7a51e92035ee43ac4b219a070a4c119edb64f7baf3f6f848fa7c4e1724f9ee3a|111554948592937711965684438489606482718323834335706560182258685663865206527877|1774353491|buy|0.16|9.3,2026-06-24T20:54:32+00:00,7169286de81eb9524146804faa0e21bf3702ef2d58d76135b3145c839268cdca,07dbae44ea8a142196410a9ca8304bea02ce18a3a5c5fdf3fb3b6ca8948555c1,wallet_trade_history_v1,none
0x63ce342161250d705dc0b16df89036c8e5f9ba9a,https://polymarket.com/0x63ce342161250d705dc0b16df89036c8e5f9ba9a,https://data-api.polymarket.com/activity?user=0x63ce342161250d705dc0b16df89036c8e5f9ba9a&type=TRADE&limit=100&offset=0&sortBy=TIMESTAMP&sortDirection=DESC,activity_primary,TRADE,1774353491,2026-03-24T11:58:11+00:00,0x423d35c051e9e02d51009655e2b648b4930e0b8fe75642d7e734175fcb97e6b1,0x7a51e92035ee43ac4b219a070a4c119edb64f7baf3f6f848fa7c4e1724f9ee3a,111554948592937711965684438489606482718323834335706560182258685663865206527877,111554948592937711965684438489606482718323834335706560182258685663865206527877,eth-updown-5m-1774353300,eth-updown-5m-1774353300,"Ethereum Up or Down - March 24, 7:55AM-8:00AM ET",Down,1,BUY,0.17,40.8,6.936,endpoint_usdcSize,fast_crypto_up_down,ETH,true,,,unavailable,entry_candidate,0x63ce342161250d705dc0b16df89036c8e5f9ba9a|0x7a51e92035ee43ac4b219a070a4c119edb64f7baf3f6f848fa7c4e1724f9ee3a|111554948592937711965684438489606482718323834335706560182258685663865206527877|Down,0x63ce342161250d705dc0b16df89036c8e5f9ba9a|activity_primary|0x423d35c051e9e02d51009655e2b648b4930e0b8fe75642d7e734175fcb97e6b1|0x7a51e92035ee43ac4b219a070a4c119edb64f7baf3f6f848fa7c4e1724f9ee3a|111554948592937711965684438489606482718323834335706560182258685663865206527877|1774353491|buy|0.17|40.8,2026-06-24T20:54:32+00:00,8d88987ab75482c445c80d86a18e4618a79a97968ada9ea07df3bbff93b01368,07dbae44ea8a142196410a9ca8304bea02ce18a3a5c5fdf3fb3b6ca8948555c1,wallet_trade_history_v1,none
0x63ce342161250d705dc0b16df89036c8e5f9ba9a,https://polymarket.com/0x63ce342161250d705dc0b16df89036c8e5f9ba9a,https://data-api.polymarket.com/activity?user=0x63ce342161250d705dc0b16df89036c8e5f9ba9a&type=TRADE&limit=100&offset=0&sortBy=TIMESTAMP&sortDirection=DESC,activity_primary,TRADE,1774353465,2026-03-24T11:57:45+00:00,0xcf13731df0bba1e40c19eceea18069a9019e8fdfa5c1931b0364a43a2ffaac62,0xd8cc0f453ad702ae6308bb73156e4cb15044c99b68d1b6d6ab1cc24e777b38e6,113001084211600622380708988958779700145942034299762324605164975053895158773013,113001084211600622380708988958779700145942034299762324605164975053895158773013,ethereum-up-or-down-march-24-2026-7am-et,ethereum-up-or-down-march-24-2026-7am-et,"Ethereum Up or Down - March 24, 7AM ET",Down,1,BUY,0.04,70.96,2.8384,endpoint_usdcSize,fast_crypto_up_down,ETH,true,,,unavailable,entry_candidate,0x63ce342161250d705dc0b16df89036c8e5f9ba9a|0xd8cc0f453ad702ae6308bb73156e4cb15044c99b68d1b6d6ab1cc24e777b38e6|113001084211600622380708988958779700145942034299762324605164975053895158773013|Down,0x63ce342161250d705dc0b16df89036c8e5f9ba9a|activity_primary|0xcf13731df0bba1e40c19eceea18069a9019e8fdfa5c1931b0364a43a2ffaac62|0xd8cc0f453ad702ae6308bb73156e4cb15044c99b68d1b6d6ab1cc24e777b38e6|113001084211600622380708988958779700145942034299762324605164975053895158773013|1774353465|buy|0.04|70.96,2026-06-24T20:54:32+00:00,d57dade1060ab1339c83bdcb0eb26845c1b02f00dad969bc8c6622f382b33c0d,07dbae44ea8a142196410a9ca8304bea02ce18a3a5c5fdf3fb3b6ca8948555c1,wallet_trade_history_v1,none
0x63ce342161250d705dc0b16df89036c8e5f9ba9a,https://polymarket.com/0x63ce342161250d705dc0b16df89036c8e5f9ba9a,https://data-api.polymarket.com/activity?user=0x63ce342161250d705dc0b16df89036c8e5f9ba9a&type=TRADE&limit=100&offset=0&sortBy=TIMESTAMP&sortDirection=DESC,activity_primary,TRADE,1774353465,2026-03-24T11:57:45+00:00,0x386af493ac8aa596b0dbde45f41a141394f0c22f8a24e9843b1ed38fc7775bd1,0xd8cc0f453ad702ae6308bb73156e4cb15044c99b68d1b6d6ab1cc24e777b38e6,113001084211600622380708988958779700145942034299762324605164975053895158773013,113001084211600622380708988958779700145942034299762324605164975053895158773013,ethereum-up-or-down-march-24-2026-7am-et,ethereum-up-or-down-march-24-2026-7am-et,"Ethereum Up or Down - March 24, 7AM ET",Down,1,BUY,0.04,130,5.2,endpoint_usdcSize,fast_crypto_up_down,ETH,true,,,unavailable,entry_candidate,0x63ce342161250d705dc0b16df89036c8e5f9ba9a|0xd8cc0f453ad702ae6308bb73156e4cb15044c99b68d1b6d6ab1cc24e777b38e6|113001084211600622380708988958779700145942034299762324605164975053895158773013|Down,0x63ce342161250d705dc0b16df89036c8e5f9ba9a|activity_primary|0x386af493ac8aa596b0dbde45f41a141394f0c22f8a24e9843b1ed38fc7775bd1|0xd8cc0f453ad702ae6308bb73156e4cb15044c99b68d1b6d6ab1cc24e777b38e6|113001084211600622380708988958779700145942034299762324605164975053895158773013|1774353465|buy|0.04|130,2026-06-24T20:54:32+00:00,73b0b83c702b32b1662466fcb8c31c352dbb1396a7d3f55c8b2ea6734c69ae78,07dbae44ea8a142196410a9ca8304bea02ce18a3a5c5fdf3fb3b6ca8948555c1,wallet_trade_history_v1,none
0x63ce342161250d705dc0b16df89036c8e5f9ba9a,https://polymarket.com/0x63ce342161250d705dc0b16df89036c8e5f9ba9a,https://data-api.polymarket.com/activity?user=0x63ce342161250d705dc0b16df89036c8e5f9ba9a&type=TRADE&limit=100&offset=0&sortBy=TIMESTAMP&sortDirection=DESC,activity_primary,TRADE,1774353463,2026-03-24T11:57:43+00:00,0xe146073898622a66a16d96a6654759a78f9f8b445e4c728656622eb86c8c035b,0xd8cc0f453ad702ae6308bb73156e4cb15044c99b68d1b6d6ab1cc24e777b38e6,113001084211600622380708988958779700145942034299762324605164975053895158773013,113001084211600622380708988958779700145942034299762324605164975053895158773013,ethereum-up-or-down-march-24-2026-7am-et,ethereum-up-or-down-march-24-2026-7am-et,"Ethereum Up or Down - March 24, 7AM ET",Down,1,BUY,0.05,30.31578,1.515789,endpoint_usdcSize,fast_crypto_up_down,ETH,true,,,unavailable,entry_candidate,0x63ce342161250d705dc0b16df89036c8e5f9ba9a|0xd8cc0f453ad702ae6308bb73156e4cb15044c99b68d1b6d6ab1cc24e777b38e6|113001084211600622380708988958779700145942034299762324605164975053895158773013|Down,0x63ce342161250d705dc0b16df89036c8e5f9ba9a|activity_primary|0xe146073898622a66a16d96a6654759a78f9f8b445e4c728656622eb86c8c035b|0xd8cc0f453ad702ae6308bb73156e4cb15044c99b68d1b6d6ab1cc24e777b38e6|113001084211600622380708988958779700145942034299762324605164975053895158773013|1774353463|buy|0.05|30.31578,2026-06-24T20:54:32+00:00,36b071d638ad7d3012c66dc0c3cc6bfcd206d41cf4047e4fbcc1df306eb91d4b,07dbae44ea8a142196410a9ca8304bea02ce18a3a5c5fdf3fb3b6ca8948555c1,wallet_trade_history_v1,none
0x63ce342161250d705dc0b16df89036c8e5f9ba9a,https://polymarket.com/0x63ce342161250d705dc0b16df89036c8e5f9ba9a,https://data-api.polymarket.com/activity?user=0x63ce342161250d705dc0b16df89036c8e5f9ba9a&type=TRADE&limit=100&offset=0&sortBy=TIMESTAMP&sortDirection=DESC,activity_primary,TRADE,1774353463,2026-03-24T11:57:43+00:00,0xb0234e6d406e6328a562f0c7c401d2147feb8ab4911ed7fe2c2c2c43c8238500,0xd8cc0f453ad702ae6308bb73156e4cb15044c99b68d1b6d6ab1cc24e777b38e6,113001084211600622380708988958779700145942034299762324605164975053895158773013,113001084211600622380708988958779700145942034299762324605164975053895158773013,ethereum-up-or-down-march-24-2026-7am-et,ethereum-up-or-down-march-24-2026-7am-et,"Ethereum Up or Down - March 24, 7AM ET",Down,1,BUY,0.05,6.48,0.324,endpoint_usdcSize,fast_crypto_up_down,ETH,true,,,unavailable,entry_candidate,0x63ce342161250d705dc0b16df89036c8e5f9ba9a|0xd8cc0f453ad702ae6308bb73156e4cb15044c99b68d1b6d6ab1cc24e777b38e6|113001084211600622380708988958779700145942034299762324605164975053895158773013|Down,0x63ce342161250d705dc0b16df89036c8e5f9ba9a|activity_primary|0xb0234e6d406e6328a562f0c7c401d2147feb8ab4911ed7fe2c2c2c43c8238500|0xd8cc0f453ad702ae6308bb73156e4cb15044c99b68d1b6d6ab1cc24e777b38e6|113001084211600622380708988958779700145942034299762324605164975053895158773013|1774353463|buy|0.05|6.48,2026-06-24T20:54:32+00:00,4c826f606e1d8099bce247263c44e6210ff2e9c4f602dde8b421ac60f2865cc5,07dbae44ea8a142196410a9ca8304bea02ce18a3a5c5fdf3fb3b6ca8948555c1,wallet_trade_history_v1,none
0x63ce342161250d705dc0b16df89036c8e5f9ba9a,https://polymarket.com/0x63ce342161250d705dc0b16df89036c8e5f9ba9a,https://data-api.polymarket.com/activity?user=0x63ce342161250d705dc0b16df89036c8e5f9ba9a&type=TRADE&limit=100&offset=0&sortBy=TIMESTAMP&sortDirection=DESC,activity_primary,TRADE,1774353461,2026-03-24T11:57:41+00:00,0x9721cfa84efeab03833372de133bebde6efc035caac470f073f81dc42651bc1b,0xd8cc0f453ad702ae6308bb73156e4cb15044c99b68d1b6d6ab1cc24e777b38e6,113001084211600622380708988958779700145942034299762324605164975053895158773013,113001084211600622380708988958779700145942034299762324605164975053895158773013,ethereum-up-or-down-march-24-2026-7am-et,ethereum-up-or-down-march-24-2026-7am-et,"Ethereum Up or Down - March 24, 7AM ET",Down,1,BUY,0.047912254160363085,132.2,6.334,endpoint_usdcSize,fast_crypto_up_down,ETH,true,,,unavailable,entry_candidate,0x63ce342161250d705dc0b16df89036c8e5f9ba9a|0xd8cc0f453ad702ae6308bb73156e4cb15044c99b68d1b6d6ab1cc24e777b38e6|113001084211600622380708988958779700145942034299762324605164975053895158773013|Down,0x63ce342161250d705dc0b16df89036c8e5f9ba9a|activity_primary|0x9721cfa84efeab03833372de133bebde6efc035caac470f073f81dc42651bc1b|0xd8cc0f453ad702ae6308bb73156e4cb15044c99b68d1b6d6ab1cc24e777b38e6|113001084211600622380708988958779700145942034299762324605164975053895158773013|1774353461|buy|0.047912254160363085|132.2,2026-06-24T20:54:32+00:00,722dacacb42b6e141cbb857bc0405ed41de72ab73c3af7822d817ff4c606d942,07dbae44ea8a142196410a9ca8304bea02ce18a3a5c5fdf3fb3b6ca8948555c1,wallet_trade_history_v1,none
0x63ce342161250d705dc0b16df89036c8e5f9ba9a,https://polymarket.com/0x63ce342161250d705dc0b16df89036c8e5f9ba9a,https://data-api.polymarket.com/activity?user=0x63ce342161250d705dc0b16df89036c8e5f9ba9a&type=TRADE&limit=100&offset=0&sortBy=TIMESTAMP&sortDirection=DESC,activity_primary,TRADE,1774353461,2026-03-24T11:57:41+00:00,0x0280554c7d0901c70468f162fc453f6bdbe158c259a3ef048f6c6f01727f31a3,0xd8cc0f453ad702ae6308bb73156e4cb15044c99b68d1b6d6ab1cc24e777b38e6,113001084211600622380708988958779700145942034299762324605164975053895158773013,113001084211600622380708988958779700145942034299762324605164975053895158773013,ethereum-up-or-down-march-24-2026-7am-et,ethereum-up-or-down-march-24-2026-7am-et,"Ethereum Up or Down - March 24, 7AM ET",Down,1,BUY,0.05,32,1.6,endpoint_usdcSize,fast_crypto_up_down,ETH,true,,,unavailable,entry_candidate,0x63ce342161250d705dc0b16df89036c8e5f9ba9a|0xd8cc0f453ad702ae6308bb73156e4cb15044c99b68d1b6d6ab1cc24e777b38e6|113001084211600622380708988958779700145942034299762324605164975053895158773013|Down,0x63ce342161250d705dc0b16df89036c8e5f9ba9a|activity_primary|0x0280554c7d0901c70468f162fc453f6bdbe158c259a3ef048f6c6f01727f31a3|0xd8cc0f453ad702ae6308bb73156e4cb15044c99b68d1b6d6ab1cc24e777b38e6|113001084211600622380708988958779700145942034299762324605164975053895158773013|1774353461|buy|0.05|32,2026-06-24T20:54:32+00:00,dd36b3e04af7e1a9244d2c8d814d952fd482e61623f94ada8cc87c764611da33,07dbae44ea8a142196410a9ca8304bea02ce18a3a5c5fdf3fb3b6ca8948555c1,wallet_trade_history_v1,none
0x63ce342161250d705dc0b16df89036c8e5f9ba9a,https://polymarket.com/0x63ce342161250d705dc0b16df89036c8e5f9ba9a,https://data-api.polymarket.com/activity?user=0x63ce342161250d705dc0b16df89036c8e5f9ba9a&type=TRADE&limit=100&offset=0&sortBy=TIMESTAMP&sortDirection=DESC,activity_primary,TRADE,1774353445,2026-03-24T11:57:25+00:00,0xd2100ca8fe2213a3a212cae20ccdb0d88cd120fb845f549c8cbfaca63f6576ca,0xd8cc0f453ad702ae6308bb73156e4cb15044c99b68d1b6d6ab1cc24e777b38e6,113001084211600622380708988958779700145942034299762324605164975053895158773013,113001084211600622380708988958779700145942034299762324605164975053895158773013,ethereum-up-or-down-march-24-2026-7am-et,ethereum-up-or-down-march-24-2026-7am-et,"Ethereum Up or Down - March 24, 7AM ET",Down,1,BUY,0.05,27.2,1.36,endpoint_usdcSize,fast_crypto_up_down,ETH,true,,,unavailable,entry_candidate,0x63ce342161250d705dc0b16df89036c8e5f9ba9a|0xd8cc0f453ad702ae6308bb73156e4cb15044c99b68d1b6d6ab1cc24e777b38e6|113001084211600622380708988958779700145942034299762324605164975053895158773013|Down,0x63ce342161250d705dc0b16df89036c8e5f9ba9a|activity_primary|0xd2100ca8fe2213a3a212cae20ccdb0d88cd120fb845f549c8cbfaca63f6576ca|0xd8cc0f453ad702ae6308bb73156e4cb15044c99b68d1b6d6ab1cc24e777b38e6|113001084211600622380708988958779700145942034299762324605164975053895158773013|1774353445|buy|0.05|27.2,2026-06-24T20:54:32+00:00,7b865a3fea5a5ba20c4c96dd5124de9acebddf970c426da49be6c6057da781cf,07dbae44ea8a142196410a9ca8304bea02ce18a3a5c5fdf3fb3b6ca8948555c1,wallet_trade_history_v1,none
0x63ce342161250d705dc0b16df89036c8e5f9ba9a,https://polymarket.com/0x63ce342161250d705dc0b16df89036c8e5f9ba9a,https://data-api.polymarket.com/activity?user=0x63ce342161250d705dc0b16df89036c8e5f9ba9a&type=TRADE&limit=100&offset=0&sortBy=TIMESTAMP&sortDirection=DESC,activity_primary,TRADE,1774353445,2026-03-24T11:57:25+00:00,0xd251daf816972919f0ab08896eb2352107892007a9708978a011242ea401f94d,0x7a51e92035ee43ac4b219a070a4c119edb64f7baf3f6f848fa7c4e1724f9ee3a,111554948592937711965684438489606482718323834335706560182258685663865206527877,111554948592937711965684438489606482718323834335706560182258685663865206527877,eth-updown-5m-1774353300,eth-updown-5m-1774353300,"Ethereum Up or Down - March 24, 7:55AM-8:00AM ET",Down,1,BUY,0.28,19.52,5.4656,endpoint_usdcSize,fast_crypto_up_down,ETH,true,,,unavailable,entry_candidate,0x63ce342161250d705dc0b16df89036c8e5f9ba9a|0x7a51e92035ee43ac4b219a070a4c119edb64f7baf3f6f848fa7c4e1724f9ee3a|111554948592937711965684438489606482718323834335706560182258685663865206527877|Down,0x63ce342161250d705dc0b16df89036c8e5f9ba9a|activity_primary|0xd251daf816972919f0ab08896eb2352107892007a9708978a011242ea401f94d|0x7a51e92035ee43ac4b219a070a4c119edb64f7baf3f6f848fa7c4e1724f9ee3a|111554948592937711965684438489606482718323834335706560182258685663865206527877|1774353445|buy|0.28|19.52,2026-06-24T20:54:32+00:00,f2bac2a0a19fc71964c2dc2731f7a1e98db14e8a4836009171342dc187393a2d,07dbae44ea8a142196410a9ca8304bea02ce18a3a5c5fdf3fb3b6ca8948555c1,wallet_trade_history_v1,none
0x63ce342161250d705dc0b16df89036c8e5f9ba9a,https://polymarket.com/0x63ce342161250d705dc0b16df89036c8e5f9ba9a,https://data-api.polymarket.com/activity?user=0x63ce342161250d705dc0b16df89036c8e5f9ba9a&type=TRADE&limit=100&offset=0&sortBy=TIMESTAMP&sortDirection=DESC,activity_primary,TRADE,1774353441,2026-03-24T11:57:21+00:00,0x80472a4c53e38886fff912b8c2c18598f64a57b2a2441aade51904c705a50ce7,0xa69a692679cafb7711b9b2bb433390fe730afd0096bdb2154ba021ee966aef58,111525358697492594502306702334020671276814428238593076910377300927401669422810,111525358697492594502306702334020671276814428238593076910377300927401669422810,btc-updown-15m-1774352700,btc-updown-15m-1774352700,"Bitcoin Up or Down - March 24, 7:45AM-8:00AM ET",Up,0,BUY,0.02,325,6.5,endpoint_usdcSize,fast_crypto_up_down,BTC,true,,,unavailable,entry_candidate,0x63ce342161250d705dc0b16df89036c8e5f9ba9a|0xa69a692679cafb7711b9b2bb433390fe730afd0096bdb2154ba021ee966aef58|111525358697492594502306702334020671276814428238593076910377300927401669422810|Up,0x63ce342161250d705dc0b16df89036c8e5f9ba9a|activity_primary|0x80472a4c53e38886fff912b8c2c18598f64a57b2a2441aade51904c705a50ce7|0xa69a692679cafb7711b9b2bb433390fe730afd0096bdb2154ba021ee966aef58|111525358697492594502306702334020671276814428238593076910377300927401669422810|1774353441|buy|0.02|325,2026-06-24T20:54:32+00:00,5833c16f4411c474bd70c6b91422dcecabca82a48229fdc818fe4c1137425a26,07dbae44ea8a142196410a9ca8304bea02ce18a3a5c5fdf3fb3b6ca8948555c1,wallet_trade_history_v1,none
0x63ce342161250d705dc0b16df89036c8e5f9ba9a,https://polymarket.com/0x63ce342161250d705dc0b16df89036c8e5f9ba9a,https://data-api.polymarket.com/activity?user=0x63ce342161250d705dc0b16df89036c8e5f9ba9a&type=TRADE&limit=100&offset=0&sortBy=TIMESTAMP&sortDirection=DESC,activity_primary,TRADE,1774353433,2026-03-24T11:57:13+00:00,0xee9bb50bbe4d083906d23b226db7d86ab235fefff2a1f152f23b2092c73572ec,0xd8cc0f453ad702ae6308bb73156e4cb15044c99b68d1b6d6ab1cc24e777b38e6,113001084211600622380708988958779700145942034299762324605164975053895158773013,113001084211600622380708988958779700145942034299762324605164975053895158773013,ethereum-up-or-down-march-24-2026-7am-et,ethereum-up-or-down-march-24-2026-7am-et,"Ethereum Up or Down - March 24, 7AM ET",Down,1,BUY,0.06,169,10.14,endpoint_usdcSize,fast_crypto_up_down,ETH,true,,,unavailable,entry_candidate,0x63ce342161250d705dc0b16df89036c8e5f9ba9a|0xd8cc0f453ad702ae6308bb73156e4cb15044c99b68d1b6d6ab1cc24e777b38e6|113001084211600622380708988958779700145942034299762324605164975053895158773013|Down,0x63ce342161250d705dc0b16df89036c8e5f9ba9a|activity_primary|0xee9bb50bbe4d083906d23b226db7d86ab235fefff2a1f152f23b2092c73572ec|0xd8cc0f453ad702ae6308bb73156e4cb15044c99b68d1b6d6ab1cc24e777b38e6|113001084211600622380708988958779700145942034299762324605164975053895158773013|1774353433|buy|0.06|169,2026-06-24T20:54:32+00:00,42125f9cbc9f47dda1d85e059e1aff33f76f0a6fb7381e98cbf988b86db542ce,07dbae44ea8a142196410a9ca8304bea02ce18a3a5c5fdf3fb3b6ca8948555c1,wallet_trade_history_v1,none
0x63ce342161250d705dc0b16df89036c8e5f9ba9a,https://polymarket.com/0x63ce342161250d705dc0b16df89036c8e5f9ba9a,https://data-api.polymarket.com/activity?user=0x63ce342161250d705dc0b16df89036c8e5f9ba9a&type=TRADE&limit=100&offset=0&sortBy=TIMESTAMP&sortDirection=DESC,activity_primary,TRADE,1774353433,2026-03-24T11:57:13+00:00,0x38ee14c66f76265d7eeb8a26aa96f855a322402c3ca5e1b9330c812b04b1880a,0xa69a692679cafb7711b9b2bb433390fe730afd0096bdb2154ba021ee966aef58,111525358697492594502306702334020671276814428238593076910377300927401669422810,111525358697492594502306702334020671276814428238593076910377300927401669422810,btc-updown-15m-1774352700,btc-updown-15m-1774352700,"Bitcoin Up or Down - March 24, 7:45AM-8:00AM ET",Up,0,BUY,0.02,5,0.1,endpoint_usdcSize,fast_crypto_up_down,BTC,true,,,unavailable,entry_candidate,0x63ce342161250d705dc0b16df89036c8e5f9ba9a|0xa69a692679cafb7711b9b2bb433390fe730afd0096bdb2154ba021ee966aef58|111525358697492594502306702334020671276814428238593076910377300927401669422810|Up,0x63ce342161250d705dc0b16df89036c8e5f9ba9a|activity_primary|0x38ee14c66f76265d7eeb8a26aa96f855a322402c3ca5e1b9330c812b04b1880a|0xa69a692679cafb7711b9b2bb433390fe730afd0096bdb2154ba021ee966aef58|111525358697492594502306702334020671276814428238593076910377300927401669422810|1774353433|buy|0.02|5,2026-06-24T20:54:32+00:00,a5003763b80800748ed101cddf5c33e1a09c3b27004b1b2234e8ab20516f6c6e,07dbae44ea8a142196410a9ca8304bea02ce18a3a5c5fdf3fb3b6ca8948555c1,wallet_trade_history_v1,none
0x63ce342161250d705dc0b16df89036c8e5f9ba9a,https://polymarket.com/0x63ce342161250d705dc0b16df89036c8e5f9ba9a,https://data-api.polymarket.com/activity?user=0x63ce342161250d705dc0b16df89036c8e5f9ba9a&type=TRADE&limit=100&offset=0&sortBy=TIMESTAMP&sortDirection=DESC,activity_primary,TRADE,1774353433,2026-03-24T11:57:13+00:00,0xc17df2134552c7e296d8a903485a71b6dc71289960c9eddb74b894fc755ffee7,0xd8cc0f453ad702ae6308bb73156e4cb15044c99b68d1b6d6ab1cc24e777b38e6,113001084211600622380708988958779700145942034299762324605164975053895158773013,113001084211600622380708988958779700145942034299762324605164975053895158773013,ethereum-up-or-down-march-24-2026-7am-et,ethereum-up-or-down-march-24-2026-7am-et,"Ethereum Up or Down - March 24, 7AM ET",Down,1,BUY,0.05,40.8421,2.042105,endpoint_usdcSize,fast_crypto_up_down,ETH,true,,,unavailable,entry_candidate,0x63ce342161250d705dc0b16df89036c8e5f9ba9a|0xd8cc0f453ad702ae6308bb73156e4cb15044c99b68d1b6d6ab1cc24e777b38e6|113001084211600622380708988958779700145942034299762324605164975053895158773013|Down,0x63ce342161250d705dc0b16df89036c8e5f9ba9a|activity_primary|0xc17df2134552c7e296d8a903485a71b6dc71289960c9eddb74b894fc755ffee7|0xd8cc0f453ad702ae6308bb73156e4cb15044c99b68d1b6d6ab1cc24e777b38e6|113001084211600622380708988958779700145942034299762324605164975053895158773013|1774353433|buy|0.05|40.8421,2026-06-24T20:54:32+00:00,9499505e0a2bb0ab00cd300aeacaadae6f5775b6aef17f432671055057a5723f,07dbae44ea8a142196410a9ca8304bea02ce18a3a5c5fdf3fb3b6ca8948555c1,wallet_trade_history_v1,none
0x63ce342161250d705dc0b16df89036c8e5f9ba9a,https://polymarket.com/0x63ce342161250d705dc0b16df89036c8e5f9ba9a,https://data-api.polymarket.com/activity?user=0x63ce342161250d705dc0b16df89036c8e5f9ba9a&type=TRADE&limit=100&offset=0&sortBy=TIMESTAMP&sortDirection=DESC,activity_primary,TRADE,1774353433,2026-03-24T11:57:13+00:00,0x9b8c8820356f57d5c49204b592e692deb7dfef6f2b53431ec5dc0f59dcbd2d5b,0xa69a692679cafb7711b9b2bb433390fe730afd0096bdb2154ba021ee966aef58,111525358697492594502306702334020671276814428238593076910377300927401669422810,111525358697492594502306702334020671276814428238593076910377300927401669422810,btc-updown-15m-1774352700,btc-updown-15m-1774352700,"Bitcoin Up or Down - March 24, 7:45AM-8:00AM ET",Up,0,BUY,0.02,7.51,0.1502,endpoint_usdcSize,fast_crypto_up_down,BTC,true,,,unavailable,entry_candidate,0x63ce342161250d705dc0b16df89036c8e5f9ba9a|0xa69a692679cafb7711b9b2bb433390fe730afd0096bdb2154ba021ee966aef58|111525358697492594502306702334020671276814428238593076910377300927401669422810|Up,0x63ce342161250d705dc0b16df89036c8e5f9ba9a|activity_primary|0x9b8c8820356f57d5c49204b592e692deb7dfef6f2b53431ec5dc0f59dcbd2d5b|0xa69a692679cafb7711b9b2bb433390fe730afd0096bdb2154ba021ee966aef58|111525358697492594502306702334020671276814428238593076910377300927401669422810|1774353433|buy|0.02|7.51,2026-06-24T20:54:32+00:00,e3e7adf3d1494ac9c1b81724bb8a5c045ead4ed1cf86eaacbb49b46ff58fe444,07dbae44ea8a142196410a9ca8304bea02ce18a3a5c5fdf3fb3b6ca8948555c1,wallet_trade_history_v1,none
0x63ce342161250d705dc0b16df89036c8e5f9ba9a,https://polymarket.com/0x63ce342161250d705dc0b16df89036c8e5f9ba9a,https://data-api.polymarket.com/activity?user=0x63ce342161250d705dc0b16df89036c8e5f9ba9a&type=TRADE&limit=100&offset=0&sortBy=TIMESTAMP&sortDirection=DESC,activity_primary,TRADE,1774353433,2026-03-24T11:57:13+00:00,0xe08629ce7160f9f65eab1ed3db9d2e2aab3ed069c1a8b5ec8582e6a540c42691,0xa69a692679cafb7711b9b2bb433390fe730afd0096bdb2154ba021ee966aef58,111525358697492594502306702334020671276814428238593076910377300927401669422810,111525358697492594502306702334020671276814428238593076910377300927401669422810,btc-updown-15m-1774352700,btc-updown-15m-1774352700,"Bitcoin Up or Down - March 24, 7:45AM-8:00AM ET",Up,0,BUY,0.01996739095651061,312.49,6.23961,endpoint_usdcSize,fast_crypto_up_down,BTC,true,,,unavailable,entry_candidate,0x63ce342161250d705dc0b16df89036c8e5f9ba9a|0xa69a692679cafb7711b9b2bb433390fe730afd0096bdb2154ba021ee966aef58|111525358697492594502306702334020671276814428238593076910377300927401669422810|Up,0x63ce342161250d705dc0b16df89036c8e5f9ba9a|activity_primary|0xe08629ce7160f9f65eab1ed3db9d2e2aab3ed069c1a8b5ec8582e6a540c42691|0xa69a692679cafb7711b9b2bb433390fe730afd0096bdb2154ba021ee966aef58|111525358697492594502306702334020671276814428238593076910377300927401669422810|1774353433|buy|0.01996739095651061|312.49,2026-06-24T20:54:32+00:00,4e8b19fd2d41bbd1f29fc616007f7c3793165ccb563504c3c9f3a6e7601af1d3,07dbae44ea8a142196410a9ca8304bea02ce18a3a5c5fdf3fb3b6ca8948555c1,wallet_trade_history_v1,none
0x63ce342161250d705dc0b16df89036c8e5f9ba9a,https://polymarket.com/0x63ce342161250d705dc0b16df89036c8e5f9ba9a,https://data-api.polymarket.com/activity?user=0x63ce342161250d705dc0b16df89036c8e5f9ba9a&type=TRADE&limit=100&offset=0&sortBy=TIMESTAMP&sortDirection=DESC,activity_primary,TRADE,1774353433,2026-03-24T11:57:13+00:00,0x92147c3896640ac85c2c6e76da46508010030355600d9f239807150e33d3bbbe,0xd8cc0f453ad702ae6308bb73156e4cb15044c99b68d1b6d6ab1cc24e777b38e6,113001084211600622380708988958779700145942034299762324605164975053895158773013,113001084211600622380708988958779700145942034299762324605164975053895158773013,ethereum-up-or-down-march-24-2026-7am-et,ethereum-up-or-down-march-24-2026-7am-et,"Ethereum Up or Down - March 24, 7AM ET",Down,1,BUY,0.06,32,1.92,endpoint_usdcSize,fast_crypto_up_down,ETH,true,,,unavailable,entry_candidate,0x63ce342161250d705dc0b16df89036c8e5f9ba9a|0xd8cc0f453ad702ae6308bb73156e4cb15044c99b68d1b6d6ab1cc24e777b38e6|113001084211600622380708988958779700145942034299762324605164975053895158773013|Down,0x63ce342161250d705dc0b16df89036c8e5f9ba9a|activity_primary|0x92147c3896640ac85c2c6e76da46508010030355600d9f239807150e33d3bbbe|0xd8cc0f453ad702ae6308bb73156e4cb15044c99b68d1b6d6ab1cc24e777b38e6|113001084211600622380708988958779700145942034299762324605164975053895158773013|1774353433|buy|0.06|32,2026-06-24T20:54:32+00:00,b0dc8adeb9b24ec0d33c22ac00e0d5de688516d37984805153054f9a17954548,07dbae44ea8a142196410a9ca8304bea02ce18a3a5c5fdf3fb3b6ca8948555c1,wallet_trade_history_v1,none
0x63ce342161250d705dc0b16df89036c8e5f9ba9a,https://polymarket.com/0x63ce342161250d705dc0b16df89036c8e5f9ba9a,https://data-api.polymarket.com/activity?user=0x63ce342161250d705dc0b16df89036c8e5f9ba9a&type=TRADE&limit=100&offset=0&sortBy=TIMESTAMP&sortDirection=DESC,activity_primary,TRADE,1774353433,2026-03-24T11:57:13+00:00,0x230beaed64e5cfcc558f965d8e0556c8c95bc28d414dc9173c2b55d2a9ab256c,0xd8cc0f453ad702ae6308bb73156e4cb15044c99b68d1b6d6ab1cc24e777b38e6,113001084211600622380708988958779700145942034299762324605164975053895158773013,113001084211600622380708988958779700145942034299762324605164975053895158773013,ethereum-up-or-down-march-24-2026-7am-et,ethereum-up-or-down-march-24-2026-7am-et,"Ethereum Up or Down - March 24, 7AM ET",Down,1,BUY,0.0613718407960199,201,12.33574,endpoint_usdcSize,fast_crypto_up_down,ETH,true,,,unavailable,entry_candidate,0x63ce342161250d705dc0b16df89036c8e5f9ba9a|0xd8cc0f453ad702ae6308bb73156e4cb15044c99b68d1b6d6ab1cc24e777b38e6|113001084211600622380708988958779700145942034299762324605164975053895158773013|Down,0x63ce342161250d705dc0b16df89036c8e5f9ba9a|activity_primary|0x230beaed64e5cfcc558f965d8e0556c8c95bc28d414dc9173c2b55d2a9ab256c|0xd8cc0f453ad702ae6308bb73156e4cb15044c99b68d1b6d6ab1cc24e777b38e6|113001084211600622380708988958779700145942034299762324605164975053895158773013|1774353433|buy|0.0613718407960199|201,2026-06-24T20:54:32+00:00,3b42c22fb2589854f00fb80b98d76bc130c7ab84ed1695adc8b5ca22193d2cd6,07dbae44ea8a142196410a9ca8304bea02ce18a3a5c5fdf3fb3b6ca8948555c1,wallet_trade_history_v1,none
0x63ce342161250d705dc0b16df89036c8e5f9ba9a,https://polymarket.com/0x63ce342161250d705dc0b16df89036c8e5f9ba9a,https://data-api.polymarket.com/activity?user=0x63ce342161250d705dc0b16df89036c8e5f9ba9a&type=TRADE&limit=100&offset=0&sortBy=TIMESTAMP&sortDirection=DESC,activity_primary,TRADE,1774353431,2026-03-24T11:57:11+00:00,0x6038b811a311e69685f58479571374b342e4e62e95bd7074cb718c43800d9db6,0xe7f83f4fd9e2c1b8c5752d514e5c5761d953417037de06e6856ef066adcdf3e4,49305227855558776716240706262225949654994545340007720470381021112450777127619,49305227855558776716240706262225949654994545340007720470381021112450777127619,btc-updown-5m-1774353300,btc-updown-5m-1774353300,"Bitcoin Up or Down - March 24, 7:55AM-8:00AM ET",Up,0,BUY,0.71,14.11,10.0181,endpoint_usdcSize,fast_crypto_up_down,BTC,true,,,unavailable,entry_candidate,0x63ce342161250d705dc0b16df89036c8e5f9ba9a|0xe7f83f4fd9e2c1b8c5752d514e5c5761d953417037de06e6856ef066adcdf3e4|49305227855558776716240706262225949654994545340007720470381021112450777127619|Up,0x63ce342161250d705dc0b16df89036c8e5f9ba9a|activity_primary|0x6038b811a311e69685f58479571374b342e4e62e95bd7074cb718c43800d9db6|0xe7f83f4fd9e2c1b8c5752d514e5c5761d953417037de06e6856ef066adcdf3e4|49305227855558776716240706262225949654994545340007720470381021112450777127619|1774353431|buy|0.71|14.11,2026-06-24T20:54:32+00:00,602c557ec50bc2787048e1fcc39e33f8aea4e3870d21d1abcb1335557660f865,07dbae44ea8a142196410a9ca8304bea02ce18a3a5c5fdf3fb3b6ca8948555c1,wallet_trade_history_v1,none
0x63ce342161250d705dc0b16df89036c8e5f9ba9a,https://polymarket.com/0x63ce342161250d705dc0b16df89036c8e5f9ba9a,https://data-api.polymarket.com/activity?user=0x63ce342161250d705dc0b16df89036c8e5f9ba9a&type=TRADE&limit=100&offset=0&sortBy=TIMESTAMP&sortDirection=DESC,activity_primary,TRADE,1774353431,2026-03-24T11:57:11+00:00,0x0ddf17d8a64cf8b3820af37ade3817331d198b9059d54f3ec4100236e17fbcd6,0xe7f83f4fd9e2c1b8c5752d514e5c5761d953417037de06e6856ef066adcdf3e4,49305227855558776716240706262225949654994545340007720470381021112450777127619,49305227855558776716240706262225949654994545340007720470381021112450777127619,btc-updown-5m-1774353300,btc-updown-5m-1774353300,"Bitcoin Up or Down - March 24, 7:55AM-8:00AM ET",Up,0,BUY,0.71,44.74,31.7654,endpoint_usdcSize,fast_crypto_up_down,BTC,true,,,unavailable,entry_candidate,0x63ce342161250d705dc0b16df89036c8e5f9ba9a|0xe7f83f4fd9e2c1b8c5752d514e5c5761d953417037de06e6856ef066adcdf3e4|49305227855558776716240706262225949654994545340007720470381021112450777127619|Up,0x63ce342161250d705dc0b16df89036c8e5f9ba9a|activity_primary|0x0ddf17d8a64cf8b3820af37ade3817331d198b9059d54f3ec4100236e17fbcd6|0xe7f83f4fd9e2c1b8c5752d514e5c5761d953417037de06e6856ef066adcdf3e4|49305227855558776716240706262225949654994545340007720470381021112450777127619|1774353431|buy|0.71|44.74,2026-06-24T20:54:32+00:00,d0220b777e341d8e181c96ade6cfc06f8476930c07eb73b1c79b367f92c0bb7f,07dbae44ea8a142196410a9ca8304bea02ce18a3a5c5fdf3fb3b6ca8948555c1,wallet_trade_history_v1,none
0x63ce342161250d705dc0b16df89036c8e5f9ba9a,https://polymarket.com/0x63ce342161250d705dc0b16df89036c8e5f9ba9a,https://data-api.polymarket.com/activity?user=0x63ce342161250d705dc0b16df89036c8e5f9ba9a&type=TRADE&limit=100&offset=0&sortBy=TIMESTAMP&sortDirection=DESC,activity_primary,TRADE,1774353429,2026-03-24T11:57:09+00:00,0x500c91e8d01203e85351eb81af1c2eef42da15ac0a8e42fc5dcecf9b6d128a25,0xe7f83f4fd9e2c1b8c5752d514e5c5761d953417037de06e6856ef066adcdf3e4,49305227855558776716240706262225949654994545340007720470381021112450777127619,49305227855558776716240706262225949654994545340007720470381021112450777127619,btc-updown-5m-1774353300,btc-updown-5m-1774353300,"Bitcoin Up or Down - March 24, 7:55AM-8:00AM ET",Up,0,BUY,0.7100000359600027,17.241378,12.241379,endpoint_usdcSize,fast_crypto_up_down,BTC,true,,,unavailable,entry_candidate,0x63ce342161250d705dc0b16df89036c8e5f9ba9a|0xe7f83f4fd9e2c1b8c5752d514e5c5761d953417037de06e6856ef066adcdf3e4|49305227855558776716240706262225949654994545340007720470381021112450777127619|Up,0x63ce342161250d705dc0b16df89036c8e5f9ba9a|activity_primary|0x500c91e8d01203e85351eb81af1c2eef42da15ac0a8e42fc5dcecf9b6d128a25|0xe7f83f4fd9e2c1b8c5752d514e5c5761d953417037de06e6856ef066adcdf3e4|49305227855558776716240706262225949654994545340007720470381021112450777127619|1774353429|buy|0.7100000359600027|17.241378,2026-06-24T20:54:32+00:00,ae64672eea9ec733d3322ef066ae4d2d7b6cdf7ccef7fdc050b05e9d50dd40e6,07dbae44ea8a142196410a9ca8304bea02ce18a3a5c5fdf3fb3b6ca8948555c1,wallet_trade_history_v1,none
0x63ce342161250d705dc0b16df89036c8e5f9ba9a,https://polymarket.com/0x63ce342161250d705dc0b16df89036c8e5f9ba9a,https://data-api.polymarket.com/activity?user=0x63ce342161250d705dc0b16df89036c8e5f9ba9a&type=TRADE&limit=100&offset=0&sortBy=TIMESTAMP&sortDirection=DESC,activity_primary,TRADE,1774353429,2026-03-24T11:57:09+00:00,0x792361f4ceb56ede125e20c4d7407c93d561c7a24ee1c9f5f0e78179be578dec,0xe7f83f4fd9e2c1b8c5752d514e5c5761d953417037de06e6856ef066adcdf3e4,49305227855558776716240706262225949654994545340007720470381021112450777127619,49305227855558776716240706262225949654994545340007720470381021112450777127619,btc-updown-5m-1774353300,btc-updown-5m-1774353300,"Bitcoin Up or Down - March 24, 7:55AM-8:00AM ET",Up,0,BUY,0.7100000273160473,24.893792,17.674593,endpoint_usdcSize,fast_crypto_up_down,BTC,true,,,unavailable,entry_candidate,0x63ce342161250d705dc0b16df89036c8e5f9ba9a|0xe7f83f4fd9e2c1b8c5752d514e5c5761d953417037de06e6856ef066adcdf3e4|49305227855558776716240706262225949654994545340007720470381021112450777127619|Up,0x63ce342161250d705dc0b16df89036c8e5f9ba9a|activity_primary|0x792361f4ceb56ede125e20c4d7407c93d561c7a24ee1c9f5f0e78179be578dec|0xe7f83f4fd9e2c1b8c5752d514e5c5761d953417037de06e6856ef066adcdf3e4|49305227855558776716240706262225949654994545340007720470381021112450777127619|1774353429|buy|0.7100000273160473|24.893792,2026-06-24T20:54:32+00:00,454e5c72da094de8b81400189a8a5a197596ff1a2160c49aaaf7efbd8506efdc,07dbae44ea8a142196410a9ca8304bea02ce18a3a5c5fdf3fb3b6ca8948555c1,wallet_trade_history_v1,none
0x63ce342161250d705dc0b16df89036c8e5f9ba9a,https://polymarket.com/0x63ce342161250d705dc0b16df89036c8e5f9ba9a,https://data-api.polymarket.com/activity?user=0x63ce342161250d705dc0b16df89036c8e5f9ba9a&type=TRADE&limit=100&offset=0&sortBy=TIMESTAMP&sortDirection=DESC,activity_primary,TRADE,1774353427,2026-03-24T11:57:07+00:00,0x01e9a7d651eafeca413ffde06d0b38c9d5ea6235d2e2fda9390147dee71eb2c3,0x7a51e92035ee43ac4b219a070a4c119edb64f7baf3f6f848fa7c4e1724f9ee3a,36322138105365329201748814961958106850770107827585998449658283917972188204995,36322138105365329201748814961958106850770107827585998449658283917972188204995,eth-updown-5m-1774353300,eth-updown-5m-1774353300,"Ethereum Up or Down - March 24, 7:55AM-8:00AM ET",Up,0,BUY,0.73,25,18.25,endpoint_usdcSize,fast_crypto_up_down,ETH,true,,,unavailable,entry_candidate,0x63ce342161250d705dc0b16df89036c8e5f9ba9a|0x7a51e92035ee43ac4b219a070a4c119edb64f7baf3f6f848fa7c4e1724f9ee3a|36322138105365329201748814961958106850770107827585998449658283917972188204995|Up,0x63ce342161250d705dc0b16df89036c8e5f9ba9a|activity_primary|0x01e9a7d651eafeca413ffde06d0b38c9d5ea6235d2e2fda9390147dee71eb2c3|0x7a51e92035ee43ac4b219a070a4c119edb64f7baf3f6f848fa7c4e1724f9ee3a|36322138105365329201748814961958106850770107827585998449658283917972188204995|1774353427|buy|0.73|25,2026-06-24T20:54:32+00:00,64023f2f1a5c63acb5f7ee92a394186df37caf74aa130546938b4c2dffad372c,07dbae44ea8a142196410a9ca8304bea02ce18a3a5c5fdf3fb3b6ca8948555c1,wallet_trade_history_v1,none
0x63ce342161250d705dc0b16df89036c8e5f9ba9a,https://polymarket.com/0x63ce342161250d705dc0b16df89036c8e5f9ba9a,https://data-api.polymarket.com/activity?user=0x63ce342161250d705dc0b16df89036c8e5f9ba9a&type=TRADE&limit=100&offset=0&sortBy=TIMESTAMP&sortDirection=DESC,activity_primary,TRADE,1774353427,2026-03-24T11:57:07+00:00,0x8d03c9a1dbe82010ea55651cb36a642bb0576ecd007361315879d36bdda98835,0xe7f83f4fd9e2c1b8c5752d514e5c5761d953417037de06e6856ef066adcdf3e4,33772256513953729867305428364575471811054395663634834290762938224302400571258,33772256513953729867305428364575471811054395663634834290762938224302400571258,btc-updown-5m-1774353300,btc-updown-5m-1774353300,"Bitcoin Up or Down - March 24, 7:55AM-8:00AM ET",Down,1,BUY,0.23,30.93,7.1139,endpoint_usdcSize,fast_crypto_up_down,BTC,true,,,unavailable,entry_candidate,0x63ce342161250d705dc0b16df89036c8e5f9ba9a|0xe7f83f4fd9e2c1b8c5752d514e5c5761d953417037de06e6856ef066adcdf3e4|33772256513953729867305428364575471811054395663634834290762938224302400571258|Down,0x63ce342161250d705dc0b16df89036c8e5f9ba9a|activity_primary|0x8d03c9a1dbe82010ea55651cb36a642bb0576ecd007361315879d36bdda98835|0xe7f83f4fd9e2c1b8c5752d514e5c5761d953417037de06e6856ef066adcdf3e4|33772256513953729867305428364575471811054395663634834290762938224302400571258|1774353427|buy|0.23|30.93,2026-06-24T20:54:32+00:00,dd7a8ac52e7812d9487362f7ac2a6606991a8b8de23be91399b125efb677f624,07dbae44ea8a142196410a9ca8304bea02ce18a3a5c5fdf3fb3b6ca8948555c1,wallet_trade_history_v1,none
0x63ce342161250d705dc0b16df89036c8e5f9ba9a,https://polymarket.com/0x63ce342161250d705dc0b16df89036c8e5f9ba9a,https://data-api.polymarket.com/activity?user=0x63ce342161250d705dc0b16df89036c8e5f9ba9a&type=TRADE&limit=100&offset=0&sortBy=TIMESTAMP&sortDirection=DESC,activity_primary,TRADE,1774353427,2026-03-24T11:57:07+00:00,0x21766242dfde453b23975961d19be851244d73ffe30ffbd2ab7ee6dfa63dce68,0xe7f83f4fd9e2c1b8c5752d514e5c5761d953417037de06e6856ef066adcdf3e4,33772256513953729867305428364575471811054395663634834290762938224302400571258,33772256513953729867305428364575471811054395663634834290762938224302400571258,btc-updown-5m-1774353300,btc-updown-5m-1774353300,"Bitcoin Up or Down - March 24, 7:55AM-8:00AM ET",Down,1,BUY,0.22000000387784102,36.102563,7.942564,endpoint_usdcSize,fast_crypto_up_down,BTC,true,,,unavailable,entry_candidate,0x63ce342161250d705dc0b16df89036c8e5f9ba9a|0xe7f83f4fd9e2c1b8c5752d514e5c5761d953417037de06e6856ef066adcdf3e4|33772256513953729867305428364575471811054395663634834290762938224302400571258|Down,0x63ce342161250d705dc0b16df89036c8e5f9ba9a|activity_primary|0x21766242dfde453b23975961d19be851244d73ffe30ffbd2ab7ee6dfa63dce68|0xe7f83f4fd9e2c1b8c5752d514e5c5761d953417037de06e6856ef066adcdf3e4|33772256513953729867305428364575471811054395663634834290762938224302400571258|1774353427|buy|0.22000000387784102|36.102563,2026-06-24T20:54:32+00:00,878d3158155cc07aebe1e07c8a9b815f64456575e84e3ed3e1da694186a319c9,07dbae44ea8a142196410a9ca8304bea02ce18a3a5c5fdf3fb3b6ca8948555c1,wallet_trade_history_v1,none
0x63ce342161250d705dc0b16df89036c8e5f9ba9a,https://polymarket.com/0x63ce342161250d705dc0b16df89036c8e5f9ba9a,https://data-api.polymarket.com/activity?user=0x63ce342161250d705dc0b16df89036c8e5f9ba9a&type=TRADE&limit=100&offset=0&sortBy=TIMESTAMP&sortDirection=DESC,activity_primary,TRADE,1774353427,2026-03-24T11:57:07+00:00,0x5474602dd3273177585fe2978c4303c605aa5e61c9e2cf479fb9d81180068426,0xe7f83f4fd9e2c1b8c5752d514e5c5761d953417037de06e6856ef066adcdf3e4,33772256513953729867305428364575471811054395663634834290762938224302400571258,33772256513953729867305428364575471811054395663634834290762938224302400571258,btc-updown-5m-1774353300,btc-updown-5m-1774353300,"Bitcoin Up or Down - March 24, 7:55AM-8:00AM ET",Down,1,BUY,0.23,25.69,5.9087,endpoint_usdcSize,fast_crypto_up_down,BTC,true,,,unavailable,entry_candidate,0x63ce342161250d705dc0b16df89036c8e5f9ba9a|0xe7f83f4fd9e2c1b8c5752d514e5c5761d953417037de06e6856ef066adcdf3e4|33772256513953729867305428364575471811054395663634834290762938224302400571258|Down,0x63ce342161250d705dc0b16df89036c8e5f9ba9a|activity_primary|0x5474602dd3273177585fe2978c4303c605aa5e61c9e2cf479fb9d81180068426|0xe7f83f4fd9e2c1b8c5752d514e5c5761d953417037de06e6856ef066adcdf3e4|33772256513953729867305428364575471811054395663634834290762938224302400571258|1774353427|buy|0.23|25.69,2026-06-24T20:54:32+00:00,18d692c7fb9431aad32fd909cd1f4d3bc8671b8c0ada82328d24cfc7706758d3,07dbae44ea8a142196410a9ca8304bea02ce18a3a5c5fdf3fb3b6ca8948555c1,wallet_trade_history_v1,none
0x63ce342161250d705dc0b16df89036c8e5f9ba9a,https://polymarket.com/0x63ce342161250d705dc0b16df89036c8e5f9ba9a,https://data-api.polymarket.com/activity?user=0x63ce342161250d705dc0b16df89036c8e5f9ba9a&type=TRADE&limit=100&offset=0&sortBy=TIMESTAMP&sortDirection=DESC,activity_primary,TRADE,1774353427,2026-03-24T11:57:07+00:00,0xed7475dc258ad4d6b63648bb69f7fb31d02adba37666e120189f28c739655b6a,0xe7f83f4fd9e2c1b8c5752d514e5c5761d953417037de06e6856ef066adcdf3e4,33772256513953729867305428364575471811054395663634834290762938224302400571258,33772256513953729867305428364575471811054395663634834290762938224302400571258,btc-updown-5m-1774353300,btc-updown-5m-1774353300,"Bitcoin Up or Down - March 24, 7:55AM-8:00AM ET",Down,1,BUY,0.23000000383084598,44.376621,10.206623,endpoint_usdcSize,fast_crypto_up_down,BTC,true,,,unavailable,entry_candidate,0x63ce342161250d705dc0b16df89036c8e5f9ba9a|0xe7f83f4fd9e2c1b8c5752d514e5c5761d953417037de06e6856ef066adcdf3e4|33772256513953729867305428364575471811054395663634834290762938224302400571258|Down,0x63ce342161250d705dc0b16df89036c8e5f9ba9a|activity_primary|0xed7475dc258ad4d6b63648bb69f7fb31d02adba37666e120189f28c739655b6a|0xe7f83f4fd9e2c1b8c5752d514e5c5761d953417037de06e6856ef066adcdf3e4|33772256513953729867305428364575471811054395663634834290762938224302400571258|1774353427|buy|0.23000000383084598|44.376621,2026-06-24T20:54:32+00:00,d86de6ceaa4e4715e8665522a1c86b902a21953cf7675b679628b56f42042f5e,07dbae44ea8a142196410a9ca8304bea02ce18a3a5c5fdf3fb3b6ca8948555c1,wallet_trade_history_v1,none
0x63ce342161250d705dc0b16df89036c8e5f9ba9a,https://polymarket.com/0x63ce342161250d705dc0b16df89036c8e5f9ba9a,https://data-api.polymarket.com/activity?user=0x63ce342161250d705dc0b16df89036c8e5f9ba9a&type=TRADE&limit=100&offset=0&sortBy=TIMESTAMP&sortDirection=DESC,activity_primary,TRADE,1774353425,2026-03-24T11:57:05+00:00,0x793ba871b294844e4d7016f109b04d7e4c63a1960e3b1fba24544b108c41f68f,0xe7f83f4fd9e2c1b8c5752d514e5c5761d953417037de06e6856ef066adcdf3e4,49305227855558776716240706262225949654994545340007720470381021112450777127619,49305227855558776716240706262225949654994545340007720470381021112450777127619,btc-updown-5m-1774353300,btc-updown-5m-1774353300,"Bitcoin Up or Down - March 24, 7:55AM-8:00AM ET",Up,0,BUY,0.78,6,4.68,endpoint_usdcSize,fast_crypto_up_down,BTC,true,,,unavailable,entry_candidate,0x63ce342161250d705dc0b16df89036c8e5f9ba9a|0xe7f83f4fd9e2c1b8c5752d514e5c5761d953417037de06e6856ef066adcdf3e4|49305227855558776716240706262225949654994545340007720470381021112450777127619|Up,0x63ce342161250d705dc0b16df89036c8e5f9ba9a|activity_primary|0x793ba871b294844e4d7016f109b04d7e4c63a1960e3b1fba24544b108c41f68f|0xe7f83f4fd9e2c1b8c5752d514e5c5761d953417037de06e6856ef066adcdf3e4|49305227855558776716240706262225949654994545340007720470381021112450777127619|1774353425|buy|0.78|6,2026-06-24T20:54:32+00:00,3708af487d9bf821b39bd21fe4eafb5ef62477d390a3bcd37538eb87f8290abb,07dbae44ea8a142196410a9ca8304bea02ce18a3a5c5fdf3fb3b6ca8948555c1,wallet_trade_history_v1,none
0x63ce342161250d705dc0b16df89036c8e5f9ba9a,https://polymarket.com/0x63ce342161250d705dc0b16df89036c8e5f9ba9a,https://data-api.polymarket.com/activity?user=0x63ce342161250d705dc0b16df89036c8e5f9ba9a&type=TRADE&limit=100&offset=0&sortBy=TIMESTAMP&sortDirection=DESC,activity_primary,TRADE,1774353425,2026-03-24T11:57:05+00:00,0x10fa17c37a6026cce679275da33de9c3e42f2c2e7b104d640c078ac337d6f26a,0xe7f83f4fd9e2c1b8c5752d514e5c5761d953417037de06e6856ef066adcdf3e4,49305227855558776716240706262225949654994545340007720470381021112450777127619,49305227855558776716240706262225949654994545340007720470381021112450777127619,btc-updown-5m-1774353300,btc-updown-5m-1774353300,"Bitcoin Up or Down - March 24, 7:55AM-8:00AM ET",Up,0,BUY,0.78,95,74.1,endpoint_usdcSize,fast_crypto_up_down,BTC,true,,,unavailable,entry_candidate,0x63ce342161250d705dc0b16df89036c8e5f9ba9a|0xe7f83f4fd9e2c1b8c5752d514e5c5761d953417037de06e6856ef066adcdf3e4|49305227855558776716240706262225949654994545340007720470381021112450777127619|Up,0x63ce342161250d705dc0b16df89036c8e5f9ba9a|activity_primary|0x10fa17c37a6026cce679275da33de9c3e42f2c2e7b104d640c078ac337d6f26a|0xe7f83f4fd9e2c1b8c5752d514e5c5761d953417037de06e6856ef066adcdf3e4|49305227855558776716240706262225949654994545340007720470381021112450777127619|1774353425|buy|0.78|95,2026-06-24T20:54:32+00:00,921dfaea72b024e6c1c268b470651e36dd0986893cb67ab496aac319f77f3a8b,07dbae44ea8a142196410a9ca8304bea02ce18a3a5c5fdf3fb3b6ca8948555c1,wallet_trade_history_v1,none
0x63ce342161250d705dc0b16df89036c8e5f9ba9a,https://polymarket.com/0x63ce342161250d705dc0b16df89036c8e5f9ba9a,https://data-api.polymarket.com/activity?user=0x63ce342161250d705dc0b16df89036c8e5f9ba9a&type=TRADE&limit=100&offset=0&sortBy=TIMESTAMP&sortDirection=DESC,activity_primary,TRADE,1774353425,2026-03-24T11:57:05+00:00,0xfb6f8ecfaaad4724c4a6ad75bc3387962243f6b89e840bdcf56fab3dada56968,0xe7f83f4fd9e2c1b8c5752d514e5c5761d953417037de06e6856ef066adcdf3e4,49305227855558776716240706262225949654994545340007720470381021112450777127619,49305227855558776716240706262225949654994545340007720470381021112450777127619,btc-updown-5m-1774353300,btc-updown-5m-1774353300,"Bitcoin Up or Down - March 24, 7:55AM-8:00AM ET",Up,0,BUY,0.79,42.77,33.7883,endpoint_usdcSize,fast_crypto_up_down,BTC,true,,,unavailable,entry_candidate,0x63ce342161250d705dc0b16df89036c8e5f9ba9a|0xe7f83f4fd9e2c1b8c5752d514e5c5761d953417037de06e6856ef066adcdf3e4|49305227855558776716240706262225949654994545340007720470381021112450777127619|Up,0x63ce342161250d705dc0b16df89036c8e5f9ba9a|activity_primary|0xfb6f8ecfaaad4724c4a6ad75bc3387962243f6b89e840bdcf56fab3dada56968|0xe7f83f4fd9e2c1b8c5752d514e5c5761d953417037de06e6856ef066adcdf3e4|49305227855558776716240706262225949654994545340007720470381021112450777127619|1774353425|buy|0.79|42.77,2026-06-24T20:54:32+00:00,ee36e46b1ef32dd60964a2114eb103cc2f8323ac48f5d737ada73716937ef8c8,07dbae44ea8a142196410a9ca8304bea02ce18a3a5c5fdf3fb3b6ca8948555c1,wallet_trade_history_v1,none
0x63ce342161250d705dc0b16df89036c8e5f9ba9a,https://polymarket.com/0x63ce342161250d705dc0b16df89036c8e5f9ba9a,https://data-api.polymarket.com/activity?user=0x63ce342161250d705dc0b16df89036c8e5f9ba9a&type=TRADE&limit=100&offset=0&sortBy=TIMESTAMP&sortDirection=DESC,activity_primary,TRADE,1774353425,2026-03-24T11:57:05+00:00,0x0d39689411951488fcc72aa28021311f000995326b0427103fc42ee3bad391ab,0x7a51e92035ee43ac4b219a070a4c119edb64f7baf3f6f848fa7c4e1724f9ee3a,36322138105365329201748814961958106850770107827585998449658283917972188204995,36322138105365329201748814961958106850770107827585998449658283917972188204995,eth-updown-5m-1774353300,eth-updown-5m-1774353300,"Ethereum Up or Down - March 24, 7:55AM-8:00AM ET",Up,0,BUY,0.74,1.75,1.295,endpoint_usdcSize,fast_crypto_up_down,ETH,true,,,unavailable,entry_candidate,0x63ce342161250d705dc0b16df89036c8e5f9ba9a|0x7a51e92035ee43ac4b219a070a4c119edb64f7baf3f6f848fa7c4e1724f9ee3a|36322138105365329201748814961958106850770107827585998449658283917972188204995|Up,0x63ce342161250d705dc0b16df89036c8e5f9ba9a|activity_primary|0x0d39689411951488fcc72aa28021311f000995326b0427103fc42ee3bad391ab|0x7a51e92035ee43ac4b219a070a4c119edb64f7baf3f6f848fa7c4e1724f9ee3a|36322138105365329201748814961958106850770107827585998449658283917972188204995|1774353425|buy|0.74|1.75,2026-06-24T20:54:32+00:00,5077807781db443faaf196bed4e07c3990ec0d2eddfca59d1ac4e0c583f24b27,07dbae44ea8a142196410a9ca8304bea02ce18a3a5c5fdf3fb3b6ca8948555c1,wallet_trade_history_v1,none
0x63ce342161250d705dc0b16df89036c8e5f9ba9a,https://polymarket.com/0x63ce342161250d705dc0b16df89036c8e5f9ba9a,https://data-api.polymarket.com/activity?user=0x63ce342161250d705dc0b16df89036c8e5f9ba9a&type=TRADE&limit=100&offset=0&sortBy=TIMESTAMP&sortDirection=DESC,activity_primary,TRADE,1774353425,2026-03-24T11:57:05+00:00,0x3d7d4ab1053280a7b673e24e6b66fdaca312f06f4e14715a3cfefbca03b2d44d,0xe7f83f4fd9e2c1b8c5752d514e5c5761d953417037de06e6856ef066adcdf3e4,49305227855558776716240706262225949654994545340007720470381021112450777127619,49305227855558776716240706262225949654994545340007720470381021112450777127619,btc-updown-5m-1774353300,btc-updown-5m-1774353300,"Bitcoin Up or Down - March 24, 7:55AM-8:00AM ET",Up,0,BUY,0.79,50,39.5,endpoint_usdcSize,fast_crypto_up_down,BTC,true,,,unavailable,entry_candidate,0x63ce342161250d705dc0b16df89036c8e5f9ba9a|0xe7f83f4fd9e2c1b8c5752d514e5c5761d953417037de06e6856ef066adcdf3e4|49305227855558776716240706262225949654994545340007720470381021112450777127619|Up,0x63ce342161250d705dc0b16df89036c8e5f9ba9a|activity_primary|0x3d7d4ab1053280a7b673e24e6b66fdaca312f06f4e14715a3cfefbca03b2d44d|0xe7f83f4fd9e2c1b8c5752d514e5c5761d953417037de06e6856ef066adcdf3e4|49305227855558776716240706262225949654994545340007720470381021112450777127619|1774353425|buy|0.79|50,2026-06-24T20:54:32+00:00,3ce2aa4e7c322e065182af71963e5f3916ea8807c171f8746499731f62b63a3a,07dbae44ea8a142196410a9ca8304bea02ce18a3a5c5fdf3fb3b6ca8948555c1,wallet_trade_history_v1,none
0x63ce342161250d705dc0b16df89036c8e5f9ba9a,https://polymarket.com/0x63ce342161250d705dc0b16df89036c8e5f9ba9a,https://data-api.polymarket.com/activity?user=0x63ce342161250d705dc0b16df89036c8e5f9ba9a&type=TRADE&limit=100&offset=0&sortBy=TIMESTAMP&sortDirection=DESC,activity_primary,TRADE,1774353425,2026-03-24T11:57:05+00:00,0xfd9e2331c775ada616d09728f73646e38513e6b1b80cf33542b12efcd4de35cd,0x7a51e92035ee43ac4b219a070a4c119edb64f7baf3f6f848fa7c4e1724f9ee3a,36322138105365329201748814961958106850770107827585998449658283917972188204995,36322138105365329201748814961958106850770107827585998449658283917972188204995,eth-updown-5m-1774353300,eth-updown-5m-1774353300,"Ethereum Up or Down - March 24, 7:55AM-8:00AM ET",Up,0,BUY,0.7300001122289366,6.148147,4.488148,endpoint_usdcSize,fast_crypto_up_down,ETH,true,,,unavailable,entry_candidate,0x63ce342161250d705dc0b16df89036c8e5f9ba9a|0x7a51e92035ee43ac4b219a070a4c119edb64f7baf3f6f848fa7c4e1724f9ee3a|36322138105365329201748814961958106850770107827585998449658283917972188204995|Up,0x63ce342161250d705dc0b16df89036c8e5f9ba9a|activity_primary|0xfd9e2331c775ada616d09728f73646e38513e6b1b80cf33542b12efcd4de35cd|0x7a51e92035ee43ac4b219a070a4c119edb64f7baf3f6f848fa7c4e1724f9ee3a|36322138105365329201748814961958106850770107827585998449658283917972188204995|1774353425|buy|0.7300001122289366|6.148147,2026-06-24T20:54:32+00:00,93e04f9ef3cce54edf0b13ad256a190a6db7a3518e0a7c9a1cd2c452e188a63e,07dbae44ea8a142196410a9ca8304bea02ce18a3a5c5fdf3fb3b6ca8948555c1,wallet_trade_history_v1,none
0x63ce342161250d705dc0b16df89036c8e5f9ba9a,https://polymarket.com/0x63ce342161250d705dc0b16df89036c8e5f9ba9a,https://data-api.polymarket.com/activity?user=0x63ce342161250d705dc0b16df89036c8e5f9ba9a&type=TRADE&limit=100&offset=0&sortBy=TIMESTAMP&sortDirection=DESC,activity_primary,TRADE,1774353425,2026-03-24T11:57:05+00:00,0xa44f30eb8c779ee979a2d8e64eed07102b7767ee6d4847d7f90f832521e65f2c,0xe7f83f4fd9e2c1b8c5752d514e5c5761d953417037de06e6856ef066adcdf3e4,49305227855558776716240706262225949654994545340007720470381021112450777127619,49305227855558776716240706262225949654994545340007720470381021112450777127619,btc-updown-5m-1774353300,btc-updown-5m-1774353300,"Bitcoin Up or Down - March 24, 7:55AM-8:00AM ET",Up,0,BUY,0.79,8.23,6.5017,endpoint_usdcSize,fast_crypto_up_down,BTC,true,,,unavailable,entry_candidate,0x63ce342161250d705dc0b16df89036c8e5f9ba9a|0xe7f83f4fd9e2c1b8c5752d514e5c5761d953417037de06e6856ef066adcdf3e4|49305227855558776716240706262225949654994545340007720470381021112450777127619|Up,0x63ce342161250d705dc0b16df89036c8e5f9ba9a|activity_primary|0xa44f30eb8c779ee979a2d8e64eed07102b7767ee6d4847d7f90f832521e65f2c|0xe7f83f4fd9e2c1b8c5752d514e5c5761d953417037de06e6856ef066adcdf3e4|49305227855558776716240706262225949654994545340007720470381021112450777127619|1774353425|buy|0.79|8.23,2026-06-24T20:54:32+00:00,37be0b403180a06b8ac4e730b8a0c0236d5bd3771d2af5ac38fab5b0bc31b461,07dbae44ea8a142196410a9ca8304bea02ce18a3a5c5fdf3fb3b6ca8948555c1,wallet_trade_history_v1,none
0x63ce342161250d705dc0b16df89036c8e5f9ba9a,https://polymarket.com/0x63ce342161250d705dc0b16df89036c8e5f9ba9a,https://data-api.polymarket.com/activity?user=0x63ce342161250d705dc0b16df89036c8e5f9ba9a&type=TRADE&limit=100&offset=0&sortBy=TIMESTAMP&sortDirection=DESC,activity_primary,TRADE,1774353425,2026-03-24T11:57:05+00:00,0x4b12054c4abbaf1459d0644e041e614c6ee777a11a0162c1092c99d2246d6177,0x7a51e92035ee43ac4b219a070a4c119edb64f7baf3f6f848fa7c4e1724f9ee3a,36322138105365329201748814961958106850770107827585998449658283917972188204995,36322138105365329201748814961958106850770107827585998449658283917972188204995,eth-updown-5m-1774353300,eth-updown-5m-1774353300,"Ethereum Up or Down - March 24, 7:55AM-8:00AM ET",Up,0,BUY,0.740000079591853,7.53846,5.578461,endpoint_usdcSize,fast_crypto_up_down,ETH,true,,,unavailable,entry_candidate,0x63ce342161250d705dc0b16df89036c8e5f9ba9a|0x7a51e92035ee43ac4b219a070a4c119edb64f7baf3f6f848fa7c4e1724f9ee3a|36322138105365329201748814961958106850770107827585998449658283917972188204995|Up,0x63ce342161250d705dc0b16df89036c8e5f9ba9a|activity_primary|0x4b12054c4abbaf1459d0644e041e614c6ee777a11a0162c1092c99d2246d6177|0x7a51e92035ee43ac4b219a070a4c119edb64f7baf3f6f848fa7c4e1724f9ee3a|36322138105365329201748814961958106850770107827585998449658283917972188204995|1774353425|buy|0.740000079591853|7.53846,2026-06-24T20:54:32+00:00,de1d7051c9e60e1d14386c306bee7adb2903ec4c4ed80f18fc45f887bbbb7e3c,07dbae44ea8a142196410a9ca8304bea02ce18a3a5c5fdf3fb3b6ca8948555c1,wallet_trade_history_v1,none
0x63ce342161250d705dc0b16df89036c8e5f9ba9a,https://polymarket.com/0x63ce342161250d705dc0b16df89036c8e5f9ba9a,https://data-api.polymarket.com/activity?user=0x63ce342161250d705dc0b16df89036c8e5f9ba9a&type=TRADE&limit=100&offset=0&sortBy=TIMESTAMP&sortDirection=DESC,activity_primary,TRADE,1774353425,2026-03-24T11:57:05+00:00,0x58eb64f4907f440b05ec8deab9399d970ee02920e604ac60df38a4df45b67dcc,0x7a51e92035ee43ac4b219a070a4c119edb64f7baf3f6f848fa7c4e1724f9ee3a,36322138105365329201748814961958106850770107827585998449658283917972188204995,36322138105365329201748814961958106850770107827585998449658283917972188204995,eth-updown-5m-1774353300,eth-updown-5m-1774353300,"Ethereum Up or Down - March 24, 7:55AM-8:00AM ET",Up,0,BUY,0.73,12.85,9.3805,endpoint_usdcSize,fast_crypto_up_down,ETH,true,,,unavailable,entry_candidate,0x63ce342161250d705dc0b16df89036c8e5f9ba9a|0x7a51e92035ee43ac4b219a070a4c119edb64f7baf3f6f848fa7c4e1724f9ee3a|36322138105365329201748814961958106850770107827585998449658283917972188204995|Up,0x63ce342161250d705dc0b16df89036c8e5f9ba9a|activity_primary|0x58eb64f4907f440b05ec8deab9399d970ee02920e604ac60df38a4df45b67dcc|0x7a51e92035ee43ac4b219a070a4c119edb64f7baf3f6f848fa7c4e1724f9ee3a|36322138105365329201748814961958106850770107827585998449658283917972188204995|1774353425|buy|0.73|12.85,2026-06-24T20:54:32+00:00,d4a4a5f4af5b21de8e7d49a4100f543169172b75e2b57ee019fd37fc14622d4d,07dbae44ea8a142196410a9ca8304bea02ce18a3a5c5fdf3fb3b6ca8948555c1,wallet_trade_history_v1,none
0x63ce342161250d705dc0b16df89036c8e5f9ba9a,https://polymarket.com/0x63ce342161250d705dc0b16df89036c8e5f9ba9a,https://data-api.polymarket.com/activity?user=0x63ce342161250d705dc0b16df89036c8e5f9ba9a&type=TRADE&limit=100&offset=0&sortBy=TIMESTAMP&sortDirection=DESC,activity_primary,TRADE,1774353425,2026-03-24T11:57:05+00:00,0xb340c7d6beeea8d6993b3500f58b406640a77583e2bf27d7c49087553215e22f,0x7a51e92035ee43ac4b219a070a4c119edb64f7baf3f6f848fa7c4e1724f9ee3a,36322138105365329201748814961958106850770107827585998449658283917972188204995,36322138105365329201748814961958106850770107827585998449658283917972188204995,eth-updown-5m-1774353300,eth-updown-5m-1774353300,"Ethereum Up or Down - March 24, 7:55AM-8:00AM ET",Up,0,BUY,0.7400001291034732,5.576922,4.126923,endpoint_usdcSize,fast_crypto_up_down,ETH,true,,,unavailable,entry_candidate,0x63ce342161250d705dc0b16df89036c8e5f9ba9a|0x7a51e92035ee43ac4b219a070a4c119edb64f7baf3f6f848fa7c4e1724f9ee3a|36322138105365329201748814961958106850770107827585998449658283917972188204995|Up,0x63ce342161250d705dc0b16df89036c8e5f9ba9a|activity_primary|0xb340c7d6beeea8d6993b3500f58b406640a77583e2bf27d7c49087553215e22f|0x7a51e92035ee43ac4b219a070a4c119edb64f7baf3f6f848fa7c4e1724f9ee3a|36322138105365329201748814961958106850770107827585998449658283917972188204995|1774353425|buy|0.7400001291034732|5.576922,2026-06-24T20:54:32+00:00,8f92cd36e0b0936799a82b86ba4b86cb421dcc1b78b2654ae75f65346124125b,07dbae44ea8a142196410a9ca8304bea02ce18a3a5c5fdf3fb3b6ca8948555c1,wallet_trade_history_v1,none
0x63ce342161250d705dc0b16df89036c8e5f9ba9a,https://polymarket.com/0x63ce342161250d705dc0b16df89036c8e5f9ba9a,https://data-api.polymarket.com/activity?user=0x63ce342161250d705dc0b16df89036c8e5f9ba9a&type=TRADE&limit=100&offset=0&sortBy=TIMESTAMP&sortDirection=DESC,activity_primary,TRADE,1774353425,2026-03-24T11:57:05+00:00,0xa43c396834f09a3bd0c8114052ccce1c5306bb626f45d1a1aed07a84d742037e,0x7a51e92035ee43ac4b219a070a4c119edb64f7baf3f6f848fa7c4e1724f9ee3a,36322138105365329201748814961958106850770107827585998449658283917972188204995,36322138105365329201748814961958106850770107827585998449658283917972188204995,eth-updown-5m-1774353300,eth-updown-5m-1774353300,"Ethereum Up or Down - March 24, 7:55AM-8:00AM ET",Up,0,BUY,0.73,7,5.11,endpoint_usdcSize,fast_crypto_up_down,ETH,true,,,unavailable,entry_candidate,0x63ce342161250d705dc0b16df89036c8e5f9ba9a|0x7a51e92035ee43ac4b219a070a4c119edb64f7baf3f6f848fa7c4e1724f9ee3a|36322138105365329201748814961958106850770107827585998449658283917972188204995|Up,0x63ce342161250d705dc0b16df89036c8e5f9ba9a|activity_primary|0xa43c396834f09a3bd0c8114052ccce1c5306bb626f45d1a1aed07a84d742037e|0x7a51e92035ee43ac4b219a070a4c119edb64f7baf3f6f848fa7c4e1724f9ee3a|36322138105365329201748814961958106850770107827585998449658283917972188204995|1774353425|buy|0.73|7,2026-06-24T20:54:32+00:00,63797f48f8c76f442e07911af4d612f3cab2471383b07ec783ed910a9dbb5485,07dbae44ea8a142196410a9ca8304bea02ce18a3a5c5fdf3fb3b6ca8948555c1,wallet_trade_history_v1,none
0x63ce342161250d705dc0b16df89036c8e5f9ba9a,https://polymarket.com/0x63ce342161250d705dc0b16df89036c8e5f9ba9a,https://data-api.polymarket.com/activity?user=0x63ce342161250d705dc0b16df89036c8e5f9ba9a&type=TRADE&limit=100&offset=0&sortBy=TIMESTAMP&sortDirection=DESC,activity_primary,TRADE,1774353425,2026-03-24T11:57:05+00:00,0xcb8159ade6dc70ab47df6d54d94cd3d78ad8c98f4268dfbdf42dbc5b27873d52,0x7a51e92035ee43ac4b219a070a4c119edb64f7baf3f6f848fa7c4e1724f9ee3a,36322138105365329201748814961958106850770107827585998449658283917972188204995,36322138105365329201748814961958106850770107827585998449658283917972188204995,eth-updown-5m-1774353300,eth-updown-5m-1774353300,"Ethereum Up or Down - March 24, 7:55AM-8:00AM ET",Up,0,BUY,0.74,20,14.8,endpoint_usdcSize,fast_crypto_up_down,ETH,true,,,unavailable,entry_candidate,0x63ce342161250d705dc0b16df89036c8e5f9ba9a|0x7a51e92035ee43ac4b219a070a4c119edb64f7baf3f6f848fa7c4e1724f9ee3a|36322138105365329201748814961958106850770107827585998449658283917972188204995|Up,0x63ce342161250d705dc0b16df89036c8e5f9ba9a|activity_primary|0xcb8159ade6dc70ab47df6d54d94cd3d78ad8c98f4268dfbdf42dbc5b27873d52|0x7a51e92035ee43ac4b219a070a4c119edb64f7baf3f6f848fa7c4e1724f9ee3a|36322138105365329201748814961958106850770107827585998449658283917972188204995|1774353425|buy|0.74|20,2026-06-24T20:54:32+00:00,111a53c036ef18832e10b51947c330e101485137b6aa87a7912a02fff6aa1cb0,07dbae44ea8a142196410a9ca8304bea02ce18a3a5c5fdf3fb3b6ca8948555c1,wallet_trade_history_v1,none
0x63ce342161250d705dc0b16df89036c8e5f9ba9a,https://polymarket.com/0x63ce342161250d705dc0b16df89036c8e5f9ba9a,https://data-api.polymarket.com/activity?user=0x63ce342161250d705dc0b16df89036c8e5f9ba9a&type=TRADE&limit=100&offset=0&sortBy=TIMESTAMP&sortDirection=DESC,activity_primary,TRADE,1774353425,2026-03-24T11:57:05+00:00,0xe283769275b4aa7aca575433b77708f2e6f9a96a641fd09de96eb3127a49bed9,0x7a51e92035ee43ac4b219a070a4c119edb64f7baf3f6f848fa7c4e1724f9ee3a,36322138105365329201748814961958106850770107827585998449658283917972188204995,36322138105365329201748814961958106850770107827585998449658283917972188204995,eth-updown-5m-1774353300,eth-updown-5m-1774353300,"Ethereum Up or Down - March 24, 7:55AM-8:00AM ET",Up,0,BUY,0.7400001032877009,5.615383,4.155384,endpoint_usdcSize,fast_crypto_up_down,ETH,true,,,unavailable,entry_candidate,0x63ce342161250d705dc0b16df89036c8e5f9ba9a|0x7a51e92035ee43ac4b219a070a4c119edb64f7baf3f6f848fa7c4e1724f9ee3a|36322138105365329201748814961958106850770107827585998449658283917972188204995|Up,0x63ce342161250d705dc0b16df89036c8e5f9ba9a|activity_primary|0xe283769275b4aa7aca575433b77708f2e6f9a96a641fd09de96eb3127a49bed9|0x7a51e92035ee43ac4b219a070a4c119edb64f7baf3f6f848fa7c4e1724f9ee3a|36322138105365329201748814961958106850770107827585998449658283917972188204995|1774353425|buy|0.7400001032877009|5.615383,2026-06-24T20:54:32+00:00,70412e3cc595a1d90fb4d7d084e725c0c5fc8106550d10197c4b5540e599b2ad,07dbae44ea8a142196410a9ca8304bea02ce18a3a5c5fdf3fb3b6ca8948555c1,wallet_trade_history_v1,none
0x63ce342161250d705dc0b16df89036c8e5f9ba9a,https://polymarket.com/0x63ce342161250d705dc0b16df89036c8e5f9ba9a,https://data-api.polymarket.com/activity?user=0x63ce342161250d705dc0b16df89036c8e5f9ba9a&type=TRADE&limit=100&offset=0&sortBy=TIMESTAMP&sortDirection=DESC,activity_primary,TRADE,1774353425,2026-03-24T11:57:05+00:00,0xa4c700d98f00d5428c81cc738654ad7b5a98a4e800064d7a6355d1cceb04e253,0x7a51e92035ee43ac4b219a070a4c119edb64f7baf3f6f848fa7c4e1724f9ee3a,36322138105365329201748814961958106850770107827585998449658283917972188204995,36322138105365329201748814961958106850770107827585998449658283917972188204995,eth-updown-5m-1774353300,eth-updown-5m-1774353300,"Ethereum Up or Down - March 24, 7:55AM-8:00AM ET",Up,0,BUY,0.7400001243478567,5.307691,3.927692,endpoint_usdcSize,fast_crypto_up_down,ETH,true,,,unavailable,entry_candidate,0x63ce342161250d705dc0b16df89036c8e5f9ba9a|0x7a51e92035ee43ac4b219a070a4c119edb64f7baf3f6f848fa7c4e1724f9ee3a|36322138105365329201748814961958106850770107827585998449658283917972188204995|Up,0x63ce342161250d705dc0b16df89036c8e5f9ba9a|activity_primary|0xa4c700d98f00d5428c81cc738654ad7b5a98a4e800064d7a6355d1cceb04e253|0x7a51e92035ee43ac4b219a070a4c119edb64f7baf3f6f848fa7c4e1724f9ee3a|36322138105365329201748814961958106850770107827585998449658283917972188204995|1774353425|buy|0.7400001243478567|5.307691,2026-06-24T20:54:32+00:00,32c59b2940c43ed0c5f86cc9e876f33b0792084b6099009afde02174ec2b4849,07dbae44ea8a142196410a9ca8304bea02ce18a3a5c5fdf3fb3b6ca8948555c1,wallet_trade_history_v1,none
0x63ce342161250d705dc0b16df89036c8e5f9ba9a,https://polymarket.com/0x63ce342161250d705dc0b16df89036c8e5f9ba9a,https://data-api.polymarket.com/activity?user=0x63ce342161250d705dc0b16df89036c8e5f9ba9a&type=TRADE&limit=100&offset=0&sortBy=TIMESTAMP&sortDirection=DESC,activity_primary,TRADE,1774353425,2026-03-24T11:57:05+00:00,0xb6580fa1f7161062ac3d62f7d64bb7ff74d0730229de61bf9f1c3abe272e54d1,0x7a51e92035ee43ac4b219a070a4c119edb64f7baf3f6f848fa7c4e1724f9ee3a,36322138105365329201748814961958106850770107827585998449658283917972188204995,36322138105365329201748814961958106850770107827585998449658283917972188204995,eth-updown-5m-1774353300,eth-updown-5m-1774353300,"Ethereum Up or Down - March 24, 7:55AM-8:00AM ET",Up,0,BUY,0.740000107851887,5.192306,3.842307,endpoint_usdcSize,fast_crypto_up_down,ETH,true,,,unavailable,entry_candidate,0x63ce342161250d705dc0b16df89036c8e5f9ba9a|0x7a51e92035ee43ac4b219a070a4c119edb64f7baf3f6f848fa7c4e1724f9ee3a|36322138105365329201748814961958106850770107827585998449658283917972188204995|Up,0x63ce342161250d705dc0b16df89036c8e5f9ba9a|activity_primary|0xb6580fa1f7161062ac3d62f7d64bb7ff74d0730229de61bf9f1c3abe272e54d1|0x7a51e92035ee43ac4b219a070a4c119edb64f7baf3f6f848fa7c4e1724f9ee3a|36322138105365329201748814961958106850770107827585998449658283917972188204995|1774353425|buy|0.740000107851887|5.192306,2026-06-24T20:54:32+00:00,fcd506e5e54200a1880427db42d3037c89c593c967f037c27d25e33717b42528,07dbae44ea8a142196410a9ca8304bea02ce18a3a5c5fdf3fb3b6ca8948555c1,wallet_trade_history_v1,none
0x63ce342161250d705dc0b16df89036c8e5f9ba9a,https://polymarket.com/0x63ce342161250d705dc0b16df89036c8e5f9ba9a,https://data-api.polymarket.com/activity?user=0x63ce342161250d705dc0b16df89036c8e5f9ba9a&type=TRADE&limit=100&offset=0&sortBy=TIMESTAMP&sortDirection=DESC,activity_primary,TRADE,1774353425,2026-03-24T11:57:05+00:00,0x564a1ac7491ed8180d7f27a1d81e66c90d0b5f56a0e4de8857475801875ef4ae,0xe7f83f4fd9e2c1b8c5752d514e5c5761d953417037de06e6856ef066adcdf3e4,49305227855558776716240706262225949654994545340007720470381021112450777127619,49305227855558776716240706262225949654994545340007720470381021112450777127619,btc-updown-5m-1774353300,btc-updown-5m-1774353300,"Bitcoin Up or Down - March 24, 7:55AM-8:00AM ET",Up,0,BUY,0.78,87.57,68.3046,endpoint_usdcSize,fast_crypto_up_down,BTC,true,,,unavailable,entry_candidate,0x63ce342161250d705dc0b16df89036c8e5f9ba9a|0xe7f83f4fd9e2c1b8c5752d514e5c5761d953417037de06e6856ef066adcdf3e4|49305227855558776716240706262225949654994545340007720470381021112450777127619|Up,0x63ce342161250d705dc0b16df89036c8e5f9ba9a|activity_primary|0x564a1ac7491ed8180d7f27a1d81e66c90d0b5f56a0e4de8857475801875ef4ae|0xe7f83f4fd9e2c1b8c5752d514e5c5761d953417037de06e6856ef066adcdf3e4|49305227855558776716240706262225949654994545340007720470381021112450777127619|1774353425|buy|0.78|87.57,2026-06-24T20:54:32+00:00,a9c25850de5e1a0a72ae232543c7a776c79873062490a36d3519a87147acde00,07dbae44ea8a142196410a9ca8304bea02ce18a3a5c5fdf3fb3b6ca8948555c1,wallet_trade_history_v1,none
0x63ce342161250d705dc0b16df89036c8e5f9ba9a,https://polymarket.com/0x63ce342161250d705dc0b16df89036c8e5f9ba9a,https://data-api.polymarket.com/activity?user=0x63ce342161250d705dc0b16df89036c8e5f9ba9a&type=TRADE&limit=100&offset=0&sortBy=TIMESTAMP&sortDirection=DESC,activity_primary,TRADE,1774353415,2026-03-24T11:56:55+00:00,0x7ecaceebde34538b1bf0bee001c613340459b14e79ff53e0da2e3406f7cdc595,0xe7f83f4fd9e2c1b8c5752d514e5c5761d953417037de06e6856ef066adcdf3e4,33772256513953729867305428364575471811054395663634834290762938224302400571258,33772256513953729867305428364575471811054395663634834290762938224302400571258,btc-updown-5m-1774353300,btc-updown-5m-1774353300,"Bitcoin Up or Down - March 24, 7:55AM-8:00AM ET",Down,1,BUY,0.23,101,23.23,endpoint_usdcSize,fast_crypto_up_down,BTC,true,,,unavailable,entry_candidate,0x63ce342161250d705dc0b16df89036c8e5f9ba9a|0xe7f83f4fd9e2c1b8c5752d514e5c5761d953417037de06e6856ef066adcdf3e4|33772256513953729867305428364575471811054395663634834290762938224302400571258|Down,0x63ce342161250d705dc0b16df89036c8e5f9ba9a|activity_primary|0x7ecaceebde34538b1bf0bee001c613340459b14e79ff53e0da2e3406f7cdc595|0xe7f83f4fd9e2c1b8c5752d514e5c5761d953417037de06e6856ef066adcdf3e4|33772256513953729867305428364575471811054395663634834290762938224302400571258|1774353415|buy|0.23|101,2026-06-24T20:54:32+00:00,ec0eb80ae86b0db3b7c2c33c85b236da4d1c2dddb575f82777263a59979c6455,07dbae44ea8a142196410a9ca8304bea02ce18a3a5c5fdf3fb3b6ca8948555c1,wallet_trade_history_v1,none
0x63ce342161250d705dc0b16df89036c8e5f9ba9a,https://polymarket.com/0x63ce342161250d705dc0b16df89036c8e5f9ba9a,https://data-api.polymarket.com/activity?user=0x63ce342161250d705dc0b16df89036c8e5f9ba9a&type=TRADE&limit=100&offset=0&sortBy=TIMESTAMP&sortDirection=DESC,activity_primary,TRADE,1774353415,2026-03-24T11:56:55+00:00,0x516fd77df5929e2af8ee7c2712076a793a2718c4b0032cd889bd088e4c69488a,0xe7f83f4fd9e2c1b8c5752d514e5c5761d953417037de06e6856ef066adcdf3e4,33772256513953729867305428364575471811054395663634834290762938224302400571258,33772256513953729867305428364575471811054395663634834290762938224302400571258,btc-updown-5m-1774353300,btc-updown-5m-1774353300,"Bitcoin Up or Down - March 24, 7:55AM-8:00AM ET",Down,1,BUY,0.24,67.32,16.1568,endpoint_usdcSize,fast_crypto_up_down,BTC,true,,,unavailable,entry_candidate,0x63ce342161250d705dc0b16df89036c8e5f9ba9a|0xe7f83f4fd9e2c1b8c5752d514e5c5761d953417037de06e6856ef066adcdf3e4|33772256513953729867305428364575471811054395663634834290762938224302400571258|Down,0x63ce342161250d705dc0b16df89036c8e5f9ba9a|activity_primary|0x516fd77df5929e2af8ee7c2712076a793a2718c4b0032cd889bd088e4c69488a|0xe7f83f4fd9e2c1b8c5752d514e5c5761d953417037de06e6856ef066adcdf3e4|33772256513953729867305428364575471811054395663634834290762938224302400571258|1774353415|buy|0.24|67.32,2026-06-24T20:54:32+00:00,59372eed11dd82f3cb7bbc7a0a629f67f6104f7389291b42ed905e6e7c456173,07dbae44ea8a142196410a9ca8304bea02ce18a3a5c5fdf3fb3b6ca8948555c1,wallet_trade_history_v1,none
0x63ce342161250d705dc0b16df89036c8e5f9ba9a,https://polymarket.com/0x63ce342161250d705dc0b16df89036c8e5f9ba9a,https://data-api.polymarket.com/activity?user=0x63ce342161250d705dc0b16df89036c8e5f9ba9a&type=TRADE&limit=100&offset=0&sortBy=TIMESTAMP&sortDirection=DESC,activity_primary,TRADE,1774353415,2026-03-24T11:56:55+00:00,0xc02a0bb7d320f0951f1936c38ee79e2129299c1b7399ef63ecec359e15f69baa,0xe7f83f4fd9e2c1b8c5752d514e5c5761d953417037de06e6856ef066adcdf3e4,33772256513953729867305428364575471811054395663634834290762938224302400571258,33772256513953729867305428364575471811054395663634834290762938224302400571258,btc-updown-5m-1774353300,btc-updown-5m-1774353300,"Bitcoin Up or Down - March 24, 7:55AM-8:00AM ET",Down,1,BUY,0.24,33.68,8.0832,endpoint_usdcSize,fast_crypto_up_down,BTC,true,,,unavailable,entry_candidate,0x63ce342161250d705dc0b16df89036c8e5f9ba9a|0xe7f83f4fd9e2c1b8c5752d514e5c5761d953417037de06e6856ef066adcdf3e4|33772256513953729867305428364575471811054395663634834290762938224302400571258|Down,0x63ce342161250d705dc0b16df89036c8e5f9ba9a|activity_primary|0xc02a0bb7d320f0951f1936c38ee79e2129299c1b7399ef63ecec359e15f69baa|0xe7f83f4fd9e2c1b8c5752d514e5c5761d953417037de06e6856ef066adcdf3e4|33772256513953729867305428364575471811054395663634834290762938224302400571258|1774353415|buy|0.24|33.68,2026-06-24T20:54:32+00:00,5b02200687fc1cc2f1408f0496d78ae493b66f0af5577e5ce1248611f65a4dbe,07dbae44ea8a142196410a9ca8304bea02ce18a3a5c5fdf3fb3b6ca8948555c1,wallet_trade_history_v1,none
0x63ce342161250d705dc0b16df89036c8e5f9ba9a,https://polymarket.com/0x63ce342161250d705dc0b16df89036c8e5f9ba9a,https://data-api.polymarket.com/activity?user=0x63ce342161250d705dc0b16df89036c8e5f9ba9a&type=TRADE&limit=100&offset=0&sortBy=TIMESTAMP&sortDirection=DESC,activity_primary,TRADE,1774353413,2026-03-24T11:56:53+00:00,0x15afe43e8be5451bbc849a870ae6e967ba4ad474a185e45e5d319b26651aa2c7,0x7a51e92035ee43ac4b219a070a4c119edb64f7baf3f6f848fa7c4e1724f9ee3a,111554948592937711965684438489606482718323834335706560182258685663865206527877,111554948592937711965684438489606482718323834335706560182258685663865206527877,eth-updown-5m-1774353300,eth-updown-5m-1774353300,"Ethereum Up or Down - March 24, 7:55AM-8:00AM ET",Down,1,BUY,0.33,18,5.94,endpoint_usdcSize,fast_crypto_up_down,ETH,true,,,unavailable,entry_candidate,0x63ce342161250d705dc0b16df89036c8e5f9ba9a|0x7a51e92035ee43ac4b219a070a4c119edb64f7baf3f6f848fa7c4e1724f9ee3a|111554948592937711965684438489606482718323834335706560182258685663865206527877|Down,0x63ce342161250d705dc0b16df89036c8e5f9ba9a|activity_primary|0x15afe43e8be5451bbc849a870ae6e967ba4ad474a185e45e5d319b26651aa2c7|0x7a51e92035ee43ac4b219a070a4c119edb64f7baf3f6f848fa7c4e1724f9ee3a|111554948592937711965684438489606482718323834335706560182258685663865206527877|1774353413|buy|0.33|18,2026-06-24T20:54:32+00:00,123e248071da14449e3739a4cc82fd653ce28d3210aad4458055f4a8d60c158f,07dbae44ea8a142196410a9ca8304bea02ce18a3a5c5fdf3fb3b6ca8948555c1,wallet_trade_history_v1,none
0x63ce342161250d705dc0b16df89036c8e5f9ba9a,https://polymarket.com/0x63ce342161250d705dc0b16df89036c8e5f9ba9a,https://data-api.polymarket.com/activity?user=0x63ce342161250d705dc0b16df89036c8e5f9ba9a&type=TRADE&limit=100&offset=0&sortBy=TIMESTAMP&sortDirection=DESC,activity_primary,TRADE,1774353413,2026-03-24T11:56:53+00:00,0xa219e3268f3fb9f8d62d4368308dc491f2646daf015a57e11ac75636fdd2b761,0x7a51e92035ee43ac4b219a070a4c119edb64f7baf3f6f848fa7c4e1724f9ee3a,111554948592937711965684438489606482718323834335706560182258685663865206527877,111554948592937711965684438489606482718323834335706560182258685663865206527877,eth-updown-5m-1774353300,eth-updown-5m-1774353300,"Ethereum Up or Down - March 24, 7:55AM-8:00AM ET",Down,1,BUY,0.32,19.42,6.2144,endpoint_usdcSize,fast_crypto_up_down,ETH,true,,,unavailable,entry_candidate,0x63ce342161250d705dc0b16df89036c8e5f9ba9a|0x7a51e92035ee43ac4b219a070a4c119edb64f7baf3f6f848fa7c4e1724f9ee3a|111554948592937711965684438489606482718323834335706560182258685663865206527877|Down,0x63ce342161250d705dc0b16df89036c8e5f9ba9a|activity_primary|0xa219e3268f3fb9f8d62d4368308dc491f2646daf015a57e11ac75636fdd2b761|0x7a51e92035ee43ac4b219a070a4c119edb64f7baf3f6f848fa7c4e1724f9ee3a|111554948592937711965684438489606482718323834335706560182258685663865206527877|1774353413|buy|0.32|19.42,2026-06-24T20:54:32+00:00,592e2ad06506399c4216bb002b598ccc9650cdfb744fffa238e179bf98bc87b5,07dbae44ea8a142196410a9ca8304bea02ce18a3a5c5fdf3fb3b6ca8948555c1,wallet_trade_history_v1,none
0x63ce342161250d705dc0b16df89036c8e5f9ba9a,https://polymarket.com/0x63ce342161250d705dc0b16df89036c8e5f9ba9a,https://data-api.polymarket.com/activity?user=0x63ce342161250d705dc0b16df89036c8e5f9ba9a&type=TRADE&limit=100&offset=0&sortBy=TIMESTAMP&sortDirection=DESC,activity_primary,TRADE,1774353409,2026-03-24T11:56:49+00:00,0x86bf253a2a6f1f7ef5a737592e6ac7a2a37478c29c967bc1d6f9c53e0782d16d,0x7a51e92035ee43ac4b219a070a4c119edb64f7baf3f6f848fa7c4e1724f9ee3a,111554948592937711965684438489606482718323834335706560182258685663865206527877,111554948592937711965684438489606482718323834335706560182258685663865206527877,eth-updown-5m-1774353300,eth-updown-5m-1774353300,"Ethereum Up or Down - March 24, 7:55AM-8:00AM ET",Down,1,BUY,0.31,7.24,2.2444,endpoint_usdcSize,fast_crypto_up_down,ETH,true,,,unavailable,entry_candidate,0x63ce342161250d705dc0b16df89036c8e5f9ba9a|0x7a51e92035ee43ac4b219a070a4c119edb64f7baf3f6f848fa7c4e1724f9ee3a|111554948592937711965684438489606482718323834335706560182258685663865206527877|Down,0x63ce342161250d705dc0b16df89036c8e5f9ba9a|activity_primary|0x86bf253a2a6f1f7ef5a737592e6ac7a2a37478c29c967bc1d6f9c53e0782d16d|0x7a51e92035ee43ac4b219a070a4c119edb64f7baf3f6f848fa7c4e1724f9ee3a|111554948592937711965684438489606482718323834335706560182258685663865206527877|1774353409|buy|0.31|7.24,2026-06-24T20:54:32+00:00,44107596f22c0162ab413fb25585bde107ab19d25b16fd8c18d446f450ecda97,07dbae44ea8a142196410a9ca8304bea02ce18a3a5c5fdf3fb3b6ca8948555c1,wallet_trade_history_v1,none
0x63ce342161250d705dc0b16df89036c8e5f9ba9a,https://polymarket.com/0x63ce342161250d705dc0b16df89036c8e5f9ba9a,https://data-api.polymarket.com/activity?user=0x63ce342161250d705dc0b16df89036c8e5f9ba9a&type=TRADE&limit=100&offset=0&sortBy=TIMESTAMP&sortDirection=DESC,activity_primary,TRADE,1774353405,2026-03-24T11:56:45+00:00,0x2befa467d632169ab1e44fd2fe1bfae8f3ee96f68181a571e2575cae546d2816,0x7a51e92035ee43ac4b219a070a4c119edb64f7baf3f6f848fa7c4e1724f9ee3a,111554948592937711965684438489606482718323834335706560182258685663865206527877,111554948592937711965684438489606482718323834335706560182258685663865206527877,eth-updown-5m-1774353300,eth-updown-5m-1774353300,"Ethereum Up or Down - March 24, 7:55AM-8:00AM ET",Down,1,BUY,0.3,32.85,9.855,endpoint_usdcSize,fast_crypto_up_down,ETH,true,,,unavailable,entry_candidate,0x63ce342161250d705dc0b16df89036c8e5f9ba9a|0x7a51e92035ee43ac4b219a070a4c119edb64f7baf3f6f848fa7c4e1724f9ee3a|111554948592937711965684438489606482718323834335706560182258685663865206527877|Down,0x63ce342161250d705dc0b16df89036c8e5f9ba9a|activity_primary|0x2befa467d632169ab1e44fd2fe1bfae8f3ee96f68181a571e2575cae546d2816|0x7a51e92035ee43ac4b219a070a4c119edb64f7baf3f6f848fa7c4e1724f9ee3a|111554948592937711965684438489606482718323834335706560182258685663865206527877|1774353405|buy|0.3|32.85,2026-06-24T20:54:32+00:00,aafbf640aadf9cfa6de6e8bb2562e44569d80e85ba1da13ace373bef2c3e78e9,07dbae44ea8a142196410a9ca8304bea02ce18a3a5c5fdf3fb3b6ca8948555c1,wallet_trade_history_v1,none
0x63ce342161250d705dc0b16df89036c8e5f9ba9a,https://polymarket.com/0x63ce342161250d705dc0b16df89036c8e5f9ba9a,https://data-api.polymarket.com/activity?user=0x63ce342161250d705dc0b16df89036c8e5f9ba9a&type=TRADE&limit=100&offset=0&sortBy=TIMESTAMP&sortDirection=DESC,activity_primary,TRADE,1774353405,2026-03-24T11:56:45+00:00,0xbc321844543540dabd8b337b1c3446fcfa4989664f0a0c7d63141b581261d47b,0x7a51e92035ee43ac4b219a070a4c119edb64f7baf3f6f848fa7c4e1724f9ee3a,111554948592937711965684438489606482718323834335706560182258685663865206527877,111554948592937711965684438489606482718323834335706560182258685663865206527877,eth-updown-5m-1774353300,eth-updown-5m-1774353300,"Ethereum Up or Down - March 24, 7:55AM-8:00AM ET",Down,1,BUY,0.3,5.52,1.656,endpoint_usdcSize,fast_crypto_up_down,ETH,true,,,unavailable,entry_candidate,0x63ce342161250d705dc0b16df89036c8e5f9ba9a|0x7a51e92035ee43ac4b219a070a4c119edb64f7baf3f6f848fa7c4e1724f9ee3a|111554948592937711965684438489606482718323834335706560182258685663865206527877|Down,0x63ce342161250d705dc0b16df89036c8e5f9ba9a|activity_primary|0xbc321844543540dabd8b337b1c3446fcfa4989664f0a0c7d63141b581261d47b|0x7a51e92035ee43ac4b219a070a4c119edb64f7baf3f6f848fa7c4e1724f9ee3a|111554948592937711965684438489606482718323834335706560182258685663865206527877|1774353405|buy|0.3|5.52,2026-06-24T20:54:32+00:00,f3aeeba041a9c30ebeac679431fbd767599042f11e19b22abf7d1d457dff0c74,07dbae44ea8a142196410a9ca8304bea02ce18a3a5c5fdf3fb3b6ca8948555c1,wallet_trade_history_v1,none
0x63ce342161250d705dc0b16df89036c8e5f9ba9a,https://polymarket.com/0x63ce342161250d705dc0b16df89036c8e5f9ba9a,https://data-api.polymarket.com/activity?user=0x63ce342161250d705dc0b16df89036c8e5f9ba9a&type=TRADE&limit=100&offset=0&sortBy=TIMESTAMP&sortDirection=DESC,activity_primary,TRADE,1774353405,2026-03-24T11:56:45+00:00,0xca5733eb5f5d76d7a68e5b8b503086e17b8c226cac779aa9a3229652affe7064,0x7a51e92035ee43ac4b219a070a4c119edb64f7baf3f6f848fa7c4e1724f9ee3a,111554948592937711965684438489606482718323834335706560182258685663865206527877,111554948592937711965684438489606482718323834335706560182258685663865206527877,eth-updown-5m-1774353300,eth-updown-5m-1774353300,"Ethereum Up or Down - March 24, 7:55AM-8:00AM ET",Down,1,BUY,0.3,5,1.5,endpoint_usdcSize,fast_crypto_up_down,ETH,true,,,unavailable,entry_candidate,0x63ce342161250d705dc0b16df89036c8e5f9ba9a|0x7a51e92035ee43ac4b219a070a4c119edb64f7baf3f6f848fa7c4e1724f9ee3a|111554948592937711965684438489606482718323834335706560182258685663865206527877|Down,0x63ce342161250d705dc0b16df89036c8e5f9ba9a|activity_primary|0xca5733eb5f5d76d7a68e5b8b503086e17b8c226cac779aa9a3229652affe7064|0x7a51e92035ee43ac4b219a070a4c119edb64f7baf3f6f848fa7c4e1724f9ee3a|111554948592937711965684438489606482718323834335706560182258685663865206527877|1774353405|buy|0.3|5,2026-06-24T20:54:32+00:00,94497c0c0d2823742dca9ef714503438c54e1c4fa43923a04e4e6533bd9ddd40,07dbae44ea8a142196410a9ca8304bea02ce18a3a5c5fdf3fb3b6ca8948555c1,wallet_trade_history_v1,none
0x63ce342161250d705dc0b16df89036c8e5f9ba9a,https://polymarket.com/0x63ce342161250d705dc0b16df89036c8e5f9ba9a,https://data-api.polymarket.com/activity?user=0x63ce342161250d705dc0b16df89036c8e5f9ba9a&type=TRADE&limit=100&offset=0&sortBy=TIMESTAMP&sortDirection=DESC,activity_primary,TRADE,1774353405,2026-03-24T11:56:45+00:00,0x443c343bdfd8686141d2df348c76473acdc9554da4fe2d1bf7a926e6a49474bd,0x7a51e92035ee43ac4b219a070a4c119edb64f7baf3f6f848fa7c4e1724f9ee3a,111554948592937711965684438489606482718323834335706560182258685663865206527877,111554948592937711965684438489606482718323834335706560182258685663865206527877,eth-updown-5m-1774353300,eth-updown-5m-1774353300,"Ethereum Up or Down - March 24, 7:55AM-8:00AM ET",Down,1,BUY,0.3,7.63,2.289,endpoint_usdcSize,fast_crypto_up_down,ETH,true,,,unavailable,entry_candidate,0x63ce342161250d705dc0b16df89036c8e5f9ba9a|0x7a51e92035ee43ac4b219a070a4c119edb64f7baf3f6f848fa7c4e1724f9ee3a|111554948592937711965684438489606482718323834335706560182258685663865206527877|Down,0x63ce342161250d705dc0b16df89036c8e5f9ba9a|activity_primary|0x443c343bdfd8686141d2df348c76473acdc9554da4fe2d1bf7a926e6a49474bd|0x7a51e92035ee43ac4b219a070a4c119edb64f7baf3f6f848fa7c4e1724f9ee3a|111554948592937711965684438489606482718323834335706560182258685663865206527877|1774353405|buy|0.3|7.63,2026-06-24T20:54:32+00:00,77d72442938cfe206afd13555a8520904a660eddc815931c527b4804b83f6914,07dbae44ea8a142196410a9ca8304bea02ce18a3a5c5fdf3fb3b6ca8948555c1,wallet_trade_history_v1,none
0x63ce342161250d705dc0b16df89036c8e5f9ba9a,https://polymarket.com/0x63ce342161250d705dc0b16df89036c8e5f9ba9a,https://data-api.polymarket.com/activity?user=0x63ce342161250d705dc0b16df89036c8e5f9ba9a&type=TRADE&limit=100&offset=0&sortBy=TIMESTAMP&sortDirection=DESC,activity_primary,TRADE,1774353401,2026-03-24T11:56:41+00:00,0x212a897f884f7c3030c0d882d2422290150c6f72598c3c7bc374a756d67ec6a5,0xe7f83f4fd9e2c1b8c5752d514e5c5761d953417037de06e6856ef066adcdf3e4,33772256513953729867305428364575471811054395663634834290762938224302400571258,33772256513953729867305428364575471811054395663634834290762938224302400571258,btc-updown-5m-1774353300,btc-updown-5m-1774353300,"Bitcoin Up or Down - March 24, 7:55AM-8:00AM ET",Down,1,SELL,0.32,52.34,16.7488,endpoint_usdcSize,fast_crypto_up_down,BTC,true,,,unavailable,exit_candidate,0x63ce342161250d705dc0b16df89036c8e5f9ba9a|0xe7f83f4fd9e2c1b8c5752d514e5c5761d953417037de06e6856ef066adcdf3e4|33772256513953729867305428364575471811054395663634834290762938224302400571258|Down,0x63ce342161250d705dc0b16df89036c8e5f9ba9a|activity_primary|0x212a897f884f7c3030c0d882d2422290150c6f72598c3c7bc374a756d67ec6a5|0xe7f83f4fd9e2c1b8c5752d514e5c5761d953417037de06e6856ef066adcdf3e4|33772256513953729867305428364575471811054395663634834290762938224302400571258|1774353401|sell|0.32|52.34,2026-06-24T20:54:32+00:00,f1723161477fa16f3485a61518c6d20983f5541c65d36fd0417da8f865401479,07dbae44ea8a142196410a9ca8304bea02ce18a3a5c5fdf3fb3b6ca8948555c1,wallet_trade_history_v1,none
0x63ce342161250d705dc0b16df89036c8e5f9ba9a,https://polymarket.com/0x63ce342161250d705dc0b16df89036c8e5f9ba9a,https://data-api.polymarket.com/activity?user=0x63ce342161250d705dc0b16df89036c8e5f9ba9a&type=TRADE&limit=100&offset=0&sortBy=TIMESTAMP&sortDirection=DESC,activity_primary,TRADE,1774353391,2026-03-24T11:56:31+00:00,0x7615abaa74428d4f585d4736032897f07329864173191cb2d55734168e846827,0x7a51e92035ee43ac4b219a070a4c119edb64f7baf3f6f848fa7c4e1724f9ee3a,111554948592937711965684438489606482718323834335706560182258685663865206527877,111554948592937711965684438489606482718323834335706560182258685663865206527877,eth-updown-5m-1774353300,eth-updown-5m-1774353300,"Ethereum Up or Down - March 24, 7:55AM-8:00AM ET",Down,1,BUY,0.41,5,2.05,endpoint_usdcSize,fast_crypto_up_down,ETH,true,,,unavailable,entry_candidate,0x63ce342161250d705dc0b16df89036c8e5f9ba9a|0x7a51e92035ee43ac4b219a070a4c119edb64f7baf3f6f848fa7c4e1724f9ee3a|111554948592937711965684438489606482718323834335706560182258685663865206527877|Down,0x63ce342161250d705dc0b16df89036c8e5f9ba9a|activity_primary|0x7615abaa74428d4f585d4736032897f07329864173191cb2d55734168e846827|0x7a51e92035ee43ac4b219a070a4c119edb64f7baf3f6f848fa7c4e1724f9ee3a|111554948592937711965684438489606482718323834335706560182258685663865206527877|1774353391|buy|0.41|5,2026-06-24T20:54:32+00:00,a28ea806accbae2f9961239f3179de18124cbdc8001096ec95a71e54b5e71594,07dbae44ea8a142196410a9ca8304bea02ce18a3a5c5fdf3fb3b6ca8948555c1,wallet_trade_history_v1,none
0x63ce342161250d705dc0b16df89036c8e5f9ba9a,https://polymarket.com/0x63ce342161250d705dc0b16df89036c8e5f9ba9a,https://data-api.polymarket.com/activity?user=0x63ce342161250d705dc0b16df89036c8e5f9ba9a&type=TRADE&limit=100&offset=0&sortBy=TIMESTAMP&sortDirection=DESC,activity_primary,TRADE,1774353387,2026-03-24T11:56:27+00:00,0xac3c7541b56444efe637e4d87401bc91a2caf52e5918a2580a24b98fe41fbb94,0xe7f83f4fd9e2c1b8c5752d514e5c5761d953417037de06e6856ef066adcdf3e4,33772256513953729867305428364575471811054395663634834290762938224302400571258,33772256513953729867305428364575471811054395663634834290762938224302400571258,btc-updown-5m-1774353300,btc-updown-5m-1774353300,"Bitcoin Up or Down - March 24, 7:55AM-8:00AM ET",Down,1,BUY,0.35,0.22,0.077,endpoint_usdcSize,fast_crypto_up_down,BTC,true,,,unavailable,entry_candidate,0x63ce342161250d705dc0b16df89036c8e5f9ba9a|0xe7f83f4fd9e2c1b8c5752d514e5c5761d953417037de06e6856ef066adcdf3e4|33772256513953729867305428364575471811054395663634834290762938224302400571258|Down,0x63ce342161250d705dc0b16df89036c8e5f9ba9a|activity_primary|0xac3c7541b56444efe637e4d87401bc91a2caf52e5918a2580a24b98fe41fbb94|0xe7f83f4fd9e2c1b8c5752d514e5c5761d953417037de06e6856ef066adcdf3e4|33772256513953729867305428364575471811054395663634834290762938224302400571258|1774353387|buy|0.35|0.22,2026-06-24T20:54:32+00:00,a552b6f295d3eb10085e159947bc668a3e3723fee6585a73c9892c95cc4ddf5c,07dbae44ea8a142196410a9ca8304bea02ce18a3a5c5fdf3fb3b6ca8948555c1,wallet_trade_history_v1,none
0x63ce342161250d705dc0b16df89036c8e5f9ba9a,https://polymarket.com/0x63ce342161250d705dc0b16df89036c8e5f9ba9a,https://data-api.polymarket.com/activity?user=0x63ce342161250d705dc0b16df89036c8e5f9ba9a&type=TRADE&limit=100&offset=0&sortBy=TIMESTAMP&sortDirection=DESC,activity_primary,TRADE,1774353387,2026-03-24T11:56:27+00:00,0x6d248e43f41bc7f03d6304badf34ade3d52bdf2bd6c81d7305c519b183ecb2a7,0xe7f83f4fd9e2c1b8c5752d514e5c5761d953417037de06e6856ef066adcdf3e4,33772256513953729867305428364575471811054395663634834290762938224302400571258,33772256513953729867305428364575471811054395663634834290762938224302400571258,btc-updown-5m-1774353300,btc-updown-5m-1774353300,"Bitcoin Up or Down - March 24, 7:55AM-8:00AM ET",Down,1,BUY,0.35000000650000057,15.384614,5.384615,endpoint_usdcSize,fast_crypto_up_down,BTC,true,,,unavailable,entry_candidate,0x63ce342161250d705dc0b16df89036c8e5f9ba9a|0xe7f83f4fd9e2c1b8c5752d514e5c5761d953417037de06e6856ef066adcdf3e4|33772256513953729867305428364575471811054395663634834290762938224302400571258|Down,0x63ce342161250d705dc0b16df89036c8e5f9ba9a|activity_primary|0x6d248e43f41bc7f03d6304badf34ade3d52bdf2bd6c81d7305c519b183ecb2a7|0xe7f83f4fd9e2c1b8c5752d514e5c5761d953417037de06e6856ef066adcdf3e4|33772256513953729867305428364575471811054395663634834290762938224302400571258|1774353387|buy|0.35000000650000057|15.384614,2026-06-24T20:54:32+00:00,743af554536cf50b4a37302599eea5d11b488f1d05716b23597f9270ebd7b3e7,07dbae44ea8a142196410a9ca8304bea02ce18a3a5c5fdf3fb3b6ca8948555c1,wallet_trade_history_v1,none
0x63ce342161250d705dc0b16df89036c8e5f9ba9a,https://polymarket.com/0x63ce342161250d705dc0b16df89036c8e5f9ba9a,https://data-api.polymarket.com/activity?user=0x63ce342161250d705dc0b16df89036c8e5f9ba9a&type=TRADE&limit=100&offset=0&sortBy=TIMESTAMP&sortDirection=DESC,activity_primary,TRADE,1774353387,2026-03-24T11:56:27+00:00,0x2cca3ab09353ba82e05a53a251f9e7ddb1133b7d585e7fc880a65405a89f66ac,0xe7f83f4fd9e2c1b8c5752d514e5c5761d953417037de06e6856ef066adcdf3e4,33772256513953729867305428364575471811054395663634834290762938224302400571258,33772256513953729867305428364575471811054395663634834290762938224302400571258,btc-updown-5m-1774353300,btc-updown-5m-1774353300,"Bitcoin Up or Down - March 24, 7:55AM-8:00AM ET",Down,1,BUY,0.35,5,1.75,endpoint_usdcSize,fast_crypto_up_down,BTC,true,,,unavailable,entry_candidate,0x63ce342161250d705dc0b16df89036c8e5f9ba9a|0xe7f83f4fd9e2c1b8c5752d514e5c5761d953417037de06e6856ef066adcdf3e4|33772256513953729867305428364575471811054395663634834290762938224302400571258|Down,0x63ce342161250d705dc0b16df89036c8e5f9ba9a|activity_primary|0x2cca3ab09353ba82e05a53a251f9e7ddb1133b7d585e7fc880a65405a89f66ac|0xe7f83f4fd9e2c1b8c5752d514e5c5761d953417037de06e6856ef066adcdf3e4|33772256513953729867305428364575471811054395663634834290762938224302400571258|1774353387|buy|0.35|5,2026-06-24T20:54:32+00:00,ff436a82177bc344b65fd55650cf9e23d38a4a6bf9978541fb01fccd5d22462b,07dbae44ea8a142196410a9ca8304bea02ce18a3a5c5fdf3fb3b6ca8948555c1,wallet_trade_history_v1,none
0x63ce342161250d705dc0b16df89036c8e5f9ba9a,https://polymarket.com/0x63ce342161250d705dc0b16df89036c8e5f9ba9a,https://data-api.polymarket.com/activity?user=0x63ce342161250d705dc0b16df89036c8e5f9ba9a&type=TRADE&limit=100&offset=0&sortBy=TIMESTAMP&sortDirection=DESC,activity_primary,TRADE,1774353387,2026-03-24T11:56:27+00:00,0x562bca6b7418935b214af646735fa2c81a1b5466389e26f5cf1edf6651929445,0xe7f83f4fd9e2c1b8c5752d514e5c5761d953417037de06e6856ef066adcdf3e4,33772256513953729867305428364575471811054395663634834290762938224302400571258,33772256513953729867305428364575471811054395663634834290762938224302400571258,btc-updown-5m-1774353300,btc-updown-5m-1774353300,"Bitcoin Up or Down - March 24, 7:55AM-8:00AM ET",Down,1,BUY,0.35,2.01,0.7035,endpoint_usdcSize,fast_crypto_up_down,BTC,true,,,unavailable,entry_candidate,0x63ce342161250d705dc0b16df89036c8e5f9ba9a|0xe7f83f4fd9e2c1b8c5752d514e5c5761d953417037de06e6856ef066adcdf3e4|33772256513953729867305428364575471811054395663634834290762938224302400571258|Down,0x63ce342161250d705dc0b16df89036c8e5f9ba9a|activity_primary|0x562bca6b7418935b214af646735fa2c81a1b5466389e26f5cf1edf6651929445|0xe7f83f4fd9e2c1b8c5752d514e5c5761d953417037de06e6856ef066adcdf3e4|33772256513953729867305428364575471811054395663634834290762938224302400571258|1774353387|buy|0.35|2.01,2026-06-24T20:54:32+00:00,027e9706a94f4ed05b924415d06229a5750df1e80b9b99b2dad1d56453fb7e5a,07dbae44ea8a142196410a9ca8304bea02ce18a3a5c5fdf3fb3b6ca8948555c1,wallet_trade_history_v1,none
0x63ce342161250d705dc0b16df89036c8e5f9ba9a,https://polymarket.com/0x63ce342161250d705dc0b16df89036c8e5f9ba9a,https://data-api.polymarket.com/activity?user=0x63ce342161250d705dc0b16df89036c8e5f9ba9a&type=TRADE&limit=100&offset=0&sortBy=TIMESTAMP&sortDirection=DESC,activity_primary,TRADE,1774353387,2026-03-24T11:56:27+00:00,0x009575236c7b77f875420a9b6de9d0948350d37e60270656a44202c726333ab6,0xe7f83f4fd9e2c1b8c5752d514e5c5761d953417037de06e6856ef066adcdf3e4,33772256513953729867305428364575471811054395663634834290762938224302400571258,33772256513953729867305428364575471811054395663634834290762938224302400571258,btc-updown-5m-1774353300,btc-updown-5m-1774353300,"Bitcoin Up or Down - March 24, 7:55AM-8:00AM ET",Down,1,BUY,0.35,3.45,1.2075,endpoint_usdcSize,fast_crypto_up_down,BTC,true,,,unavailable,entry_candidate,0x63ce342161250d705dc0b16df89036c8e5f9ba9a|0xe7f83f4fd9e2c1b8c5752d514e5c5761d953417037de06e6856ef066adcdf3e4|33772256513953729867305428364575471811054395663634834290762938224302400571258|Down,0x63ce342161250d705dc0b16df89036c8e5f9ba9a|activity_primary|0x009575236c7b77f875420a9b6de9d0948350d37e60270656a44202c726333ab6|0xe7f83f4fd9e2c1b8c5752d514e5c5761d953417037de06e6856ef066adcdf3e4|33772256513953729867305428364575471811054395663634834290762938224302400571258|1774353387|buy|0.35|3.45,2026-06-24T20:54:32+00:00,ce2bf625c6fcb329d957f01749242911c2874fed73c087404a5488569dd98ccd,07dbae44ea8a142196410a9ca8304bea02ce18a3a5c5fdf3fb3b6ca8948555c1,wallet_trade_history_v1,none
0xde17f7144fbd0eddb2679132c10ff5e74b120988,https://polymarket.com/0xde17f7144fbd0eddb2679132c10ff5e74b120988,https://data-api.polymarket.com/activity?user=0xde17f7144fbd0eddb2679132c10ff5e74b120988&type=TRADE&limit=100&offset=0&sortBy=TIMESTAMP&sortDirection=DESC,activity_primary,TRADE,1774872630,2026-03-30T12:10:30+00:00,0x4148de086a31fe94d2ae43bda30e8e7fbb5514b9cab6a354af682ae9537de739,0x779d73c9a68fd8939171969daaa1f6a9c797dd4f951471177887649d14546f69,74999877940357931409206557647852734140654034894672727412201456522041102015430,74999877940357931409206557647852734140654034894672727412201456522041102015430,bitcoin-above-70k-on-april-5,bitcoin-above-on-april-5,"Will the price of Bitcoin be above $70,000 on April 5?",No,1,BUY,0.68,3.25,2.21,endpoint_usdcSize,crypto_other,BTC,false,,,unavailable,entry_candidate,0xde17f7144fbd0eddb2679132c10ff5e74b120988|0x779d73c9a68fd8939171969daaa1f6a9c797dd4f951471177887649d14546f69|74999877940357931409206557647852734140654034894672727412201456522041102015430|No,0xde17f7144fbd0eddb2679132c10ff5e74b120988|activity_primary|0x4148de086a31fe94d2ae43bda30e8e7fbb5514b9cab6a354af682ae9537de739|0x779d73c9a68fd8939171969daaa1f6a9c797dd4f951471177887649d14546f69|74999877940357931409206557647852734140654034894672727412201456522041102015430|1774872630|buy|0.68|3.25,2026-06-24T20:54:34+00:00,668045b4cce8ccbd122b7c6407624930d7a9ac51f37b4acf06083ed3223408b5,494bd7a191f04d2691a1673995b08287df2835e66c277390c05d176e9e17ef70,wallet_trade_history_v1,none
0xde17f7144fbd0eddb2679132c10ff5e74b120988,https://polymarket.com/0xde17f7144fbd0eddb2679132c10ff5e74b120988,https://data-api.polymarket.com/activity?user=0xde17f7144fbd0eddb2679132c10ff5e74b120988&type=TRADE&limit=100&offset=0&sortBy=TIMESTAMP&sortDirection=DESC,activity_primary,TRADE,1774872628,2026-03-30T12:10:28+00:00,0x8419be007ca880e5d425f678a086cea876da536cc4a90b7000c79b17b70f6b4b,0x779d73c9a68fd8939171969daaa1f6a9c797dd4f951471177887649d14546f69,74999877940357931409206557647852734140654034894672727412201456522041102015430,74999877940357931409206557647852734140654034894672727412201456522041102015430,bitcoin-above-70k-on-april-5,bitcoin-above-on-april-5,"Will the price of Bitcoin be above $70,000 on April 5?",No,1,BUY,0.68,3.25,2.21,endpoint_usdcSize,crypto_other,BTC,false,,,unavailable,entry_candidate,0xde17f7144fbd0eddb2679132c10ff5e74b120988|0x779d73c9a68fd8939171969daaa1f6a9c797dd4f951471177887649d14546f69|74999877940357931409206557647852734140654034894672727412201456522041102015430|No,0xde17f7144fbd0eddb2679132c10ff5e74b120988|activity_primary|0x8419be007ca880e5d425f678a086cea876da536cc4a90b7000c79b17b70f6b4b|0x779d73c9a68fd8939171969daaa1f6a9c797dd4f951471177887649d14546f69|74999877940357931409206557647852734140654034894672727412201456522041102015430|1774872628|buy|0.68|3.25,2026-06-24T20:54:34+00:00,5117a90cc4d314039537578a66021af064fe252102e5766849e41e9825365ce0,494bd7a191f04d2691a1673995b08287df2835e66c277390c05d176e9e17ef70,wallet_trade_history_v1,none
0xde17f7144fbd0eddb2679132c10ff5e74b120988,https://polymarket.com/0xde17f7144fbd0eddb2679132c10ff5e74b120988,https://data-api.polymarket.com/activity?user=0xde17f7144fbd0eddb2679132c10ff5e74b120988&type=TRADE&limit=100&offset=0&sortBy=TIMESTAMP&sortDirection=DESC,activity_primary,TRADE,1774872626,2026-03-30T12:10:26+00:00,0x8829fd550b0a06784f5834a618e2bf18553454be08e83031441aa7f9449c459c,0x779d73c9a68fd8939171969daaa1f6a9c797dd4f951471177887649d14546f69,74999877940357931409206557647852734140654034894672727412201456522041102015430,74999877940357931409206557647852734140654034894672727412201456522041102015430,bitcoin-above-70k-on-april-5,bitcoin-above-on-april-5,"Will the price of Bitcoin be above $70,000 on April 5?",No,1,BUY,0.68,3.25,2.21,endpoint_usdcSize,crypto_other,BTC,false,,,unavailable,entry_candidate,0xde17f7144fbd0eddb2679132c10ff5e74b120988|0x779d73c9a68fd8939171969daaa1f6a9c797dd4f951471177887649d14546f69|74999877940357931409206557647852734140654034894672727412201456522041102015430|No,0xde17f7144fbd0eddb2679132c10ff5e74b120988|activity_primary|0x8829fd550b0a06784f5834a618e2bf18553454be08e83031441aa7f9449c459c|0x779d73c9a68fd8939171969daaa1f6a9c797dd4f951471177887649d14546f69|74999877940357931409206557647852734140654034894672727412201456522041102015430|1774872626|buy|0.68|3.25,2026-06-24T20:54:34+00:00,60144633a6e25ae20bb0a96512c6e890abbcd7c4990ffef78db584a52fd45f07,494bd7a191f04d2691a1673995b08287df2835e66c277390c05d176e9e17ef70,wallet_trade_history_v1,none
0xde17f7144fbd0eddb2679132c10ff5e74b120988,https://polymarket.com/0xde17f7144fbd0eddb2679132c10ff5e74b120988,https://data-api.polymarket.com/activity?user=0xde17f7144fbd0eddb2679132c10ff5e74b120988&type=TRADE&limit=100&offset=0&sortBy=TIMESTAMP&sortDirection=DESC,activity_primary,TRADE,1774872626,2026-03-30T12:10:26+00:00,0x814e4806fd0d813cbf17940f4e15ba418186a5bfd77d5f39de8470ac7a7abba9,0x779d73c9a68fd8939171969daaa1f6a9c797dd4f951471177887649d14546f69,74999877940357931409206557647852734140654034894672727412201456522041102015430,74999877940357931409206557647852734140654034894672727412201456522041102015430,bitcoin-above-70k-on-april-5,bitcoin-above-on-april-5,"Will the price of Bitcoin be above $70,000 on April 5?",No,1,BUY,0.68,3.25,2.21,endpoint_usdcSize,crypto_other,BTC,false,,,unavailable,entry_candidate,0xde17f7144fbd0eddb2679132c10ff5e74b120988|0x779d73c9a68fd8939171969daaa1f6a9c797dd4f951471177887649d14546f69|74999877940357931409206557647852734140654034894672727412201456522041102015430|No,0xde17f7144fbd0eddb2679132c10ff5e74b120988|activity_primary|0x814e4806fd0d813cbf17940f4e15ba418186a5bfd77d5f39de8470ac7a7abba9|0x779d73c9a68fd8939171969daaa1f6a9c797dd4f951471177887649d14546f69|74999877940357931409206557647852734140654034894672727412201456522041102015430|1774872626|buy|0.68|3.25,2026-06-24T20:54:34+00:00,76666a94029b6f1e1dc9ec4aba1879cada6b37d6dec49871c1bebffd617d7df9,494bd7a191f04d2691a1673995b08287df2835e66c277390c05d176e9e17ef70,wallet_trade_history_v1,none
0xde17f7144fbd0eddb2679132c10ff5e74b120988,https://polymarket.com/0xde17f7144fbd0eddb2679132c10ff5e74b120988,https://data-api.polymarket.com/activity?user=0xde17f7144fbd0eddb2679132c10ff5e74b120988&type=TRADE&limit=100&offset=0&sortBy=TIMESTAMP&sortDirection=DESC,activity_primary,TRADE,1774872626,2026-03-30T12:10:26+00:00,0x0c24368ee16db9a0cc9513a841564b52bc4a3924bff9ca17e6451e47efc8fefe,0xc5b98c248c0fce5702f4f8b8a5e26a37d6bb981cd134804e07d1a7b11ce8908a,10029497826145049423300389806580233060414772967059176641260102583167829906565,10029497826145049423300389806580233060414772967059176641260102583167829906565,will-bitcoin-reach-74k-march-30-april-5,what-price-will-bitcoin-hit-march-30-april-5,"Will Bitcoin reach $74,000 March 30-April 5?",No,1,BUY,0.85,1.64,1.394,endpoint_usdcSize,crypto_other,BTC,false,,,unavailable,entry_candidate,0xde17f7144fbd0eddb2679132c10ff5e74b120988|0xc5b98c248c0fce5702f4f8b8a5e26a37d6bb981cd134804e07d1a7b11ce8908a|10029497826145049423300389806580233060414772967059176641260102583167829906565|No,0xde17f7144fbd0eddb2679132c10ff5e74b120988|activity_primary|0x0c24368ee16db9a0cc9513a841564b52bc4a3924bff9ca17e6451e47efc8fefe|0xc5b98c248c0fce5702f4f8b8a5e26a37d6bb981cd134804e07d1a7b11ce8908a|10029497826145049423300389806580233060414772967059176641260102583167829906565|1774872626|buy|0.85|1.64,2026-06-24T20:54:34+00:00,8a1082294c907167ec94d90775624e7001686e8b15ea1391d7148d87652a26ed,494bd7a191f04d2691a1673995b08287df2835e66c277390c05d176e9e17ef70,wallet_trade_history_v1,none
0xde17f7144fbd0eddb2679132c10ff5e74b120988,https://polymarket.com/0xde17f7144fbd0eddb2679132c10ff5e74b120988,https://data-api.polymarket.com/activity?user=0xde17f7144fbd0eddb2679132c10ff5e74b120988&type=TRADE&limit=100&offset=0&sortBy=TIMESTAMP&sortDirection=DESC,activity_primary,TRADE,1774872622,2026-03-30T12:10:22+00:00,0x9311e64fe66f1c3507c520fff1a08bb06a9112ed4c06547651eff9d7282d92cc,0x779d73c9a68fd8939171969daaa1f6a9c797dd4f951471177887649d14546f69,74999877940357931409206557647852734140654034894672727412201456522041102015430,74999877940357931409206557647852734140654034894672727412201456522041102015430,bitcoin-above-70k-on-april-5,bitcoin-above-on-april-5,"Will the price of Bitcoin be above $70,000 on April 5?",No,1,BUY,0.68,3.25,2.21,endpoint_usdcSize,crypto_other,BTC,false,,,unavailable,entry_candidate,0xde17f7144fbd0eddb2679132c10ff5e74b120988|0x779d73c9a68fd8939171969daaa1f6a9c797dd4f951471177887649d14546f69|74999877940357931409206557647852734140654034894672727412201456522041102015430|No,0xde17f7144fbd0eddb2679132c10ff5e74b120988|activity_primary|0x9311e64fe66f1c3507c520fff1a08bb06a9112ed4c06547651eff9d7282d92cc|0x779d73c9a68fd8939171969daaa1f6a9c797dd4f951471177887649d14546f69|74999877940357931409206557647852734140654034894672727412201456522041102015430|1774872622|buy|0.68|3.25,2026-06-24T20:54:34+00:00,760f4717af747dab74647a79d9c0bf65adb8ba7823347eae83f8e53e38040696,494bd7a191f04d2691a1673995b08287df2835e66c277390c05d176e9e17ef70,wallet_trade_history_v1,none
0xde17f7144fbd0eddb2679132c10ff5e74b120988,https://polymarket.com/0xde17f7144fbd0eddb2679132c10ff5e74b120988,https://data-api.polymarket.com/activity?user=0xde17f7144fbd0eddb2679132c10ff5e74b120988&type=TRADE&limit=100&offset=0&sortBy=TIMESTAMP&sortDirection=DESC,activity_primary,TRADE,1774872622,2026-03-30T12:10:22+00:00,0x941519f3e83f3370184dbdf9d256680e17328f0321ccb5e4f3a79d89a659daa8,0x779d73c9a68fd8939171969daaa1f6a9c797dd4f951471177887649d14546f69,74999877940357931409206557647852734140654034894672727412201456522041102015430,74999877940357931409206557647852734140654034894672727412201456522041102015430,bitcoin-above-70k-on-april-5,bitcoin-above-on-april-5,"Will the price of Bitcoin be above $70,000 on April 5?",No,1,BUY,0.68,3.25,2.21,endpoint_usdcSize,crypto_other,BTC,false,,,unavailable,entry_candidate,0xde17f7144fbd0eddb2679132c10ff5e74b120988|0x779d73c9a68fd8939171969daaa1f6a9c797dd4f951471177887649d14546f69|74999877940357931409206557647852734140654034894672727412201456522041102015430|No,0xde17f7144fbd0eddb2679132c10ff5e74b120988|activity_primary|0x941519f3e83f3370184dbdf9d256680e17328f0321ccb5e4f3a79d89a659daa8|0x779d73c9a68fd8939171969daaa1f6a9c797dd4f951471177887649d14546f69|74999877940357931409206557647852734140654034894672727412201456522041102015430|1774872622|buy|0.68|3.25,2026-06-24T20:54:34+00:00,557ab95718da2da1fbe54abbe224ee226f71252d11e5eb0f75a6aaf9b3dc9ced,494bd7a191f04d2691a1673995b08287df2835e66c277390c05d176e9e17ef70,wallet_trade_history_v1,none
0xde17f7144fbd0eddb2679132c10ff5e74b120988,https://polymarket.com/0xde17f7144fbd0eddb2679132c10ff5e74b120988,https://data-api.polymarket.com/activity?user=0xde17f7144fbd0eddb2679132c10ff5e74b120988&type=TRADE&limit=100&offset=0&sortBy=TIMESTAMP&sortDirection=DESC,activity_primary,TRADE,1774872620,2026-03-30T12:10:20+00:00,0xe4ffb29aa58a7a7fbf753afecbdf77db514b4b506449d28af31c2401e0ca89e9,0x779d73c9a68fd8939171969daaa1f6a9c797dd4f951471177887649d14546f69,74999877940357931409206557647852734140654034894672727412201456522041102015430,74999877940357931409206557647852734140654034894672727412201456522041102015430,bitcoin-above-70k-on-april-5,bitcoin-above-on-april-5,"Will the price of Bitcoin be above $70,000 on April 5?",No,1,BUY,0.68,3.25,2.21,endpoint_usdcSize,crypto_other,BTC,false,,,unavailable,entry_candidate,0xde17f7144fbd0eddb2679132c10ff5e74b120988|0x779d73c9a68fd8939171969daaa1f6a9c797dd4f951471177887649d14546f69|74999877940357931409206557647852734140654034894672727412201456522041102015430|No,0xde17f7144fbd0eddb2679132c10ff5e74b120988|activity_primary|0xe4ffb29aa58a7a7fbf753afecbdf77db514b4b506449d28af31c2401e0ca89e9|0x779d73c9a68fd8939171969daaa1f6a9c797dd4f951471177887649d14546f69|74999877940357931409206557647852734140654034894672727412201456522041102015430|1774872620|buy|0.68|3.25,2026-06-24T20:54:34+00:00,7ea02b7b9c1497cc777ba80396fa73850d694e416b4abf6c3550a4b50f8247b8,494bd7a191f04d2691a1673995b08287df2835e66c277390c05d176e9e17ef70,wallet_trade_history_v1,none
0xde17f7144fbd0eddb2679132c10ff5e74b120988,https://polymarket.com/0xde17f7144fbd0eddb2679132c10ff5e74b120988,https://data-api.polymarket.com/activity?user=0xde17f7144fbd0eddb2679132c10ff5e74b120988&type=TRADE&limit=100&offset=0&sortBy=TIMESTAMP&sortDirection=DESC,activity_primary,TRADE,1774872616,2026-03-30T12:10:16+00:00,0xba0346ea074746923d5d765ca5f8c01e5f4c7a5d99e1069f73e779fe39284d62,0x779d73c9a68fd8939171969daaa1f6a9c797dd4f951471177887649d14546f69,74999877940357931409206557647852734140654034894672727412201456522041102015430,74999877940357931409206557647852734140654034894672727412201456522041102015430,bitcoin-above-70k-on-april-5,bitcoin-above-on-april-5,"Will the price of Bitcoin be above $70,000 on April 5?",No,1,BUY,0.68,3.25,2.21,endpoint_usdcSize,crypto_other,BTC,false,,,unavailable,entry_candidate,0xde17f7144fbd0eddb2679132c10ff5e74b120988|0x779d73c9a68fd8939171969daaa1f6a9c797dd4f951471177887649d14546f69|74999877940357931409206557647852734140654034894672727412201456522041102015430|No,0xde17f7144fbd0eddb2679132c10ff5e74b120988|activity_primary|0xba0346ea074746923d5d765ca5f8c01e5f4c7a5d99e1069f73e779fe39284d62|0x779d73c9a68fd8939171969daaa1f6a9c797dd4f951471177887649d14546f69|74999877940357931409206557647852734140654034894672727412201456522041102015430|1774872616|buy|0.68|3.25,2026-06-24T20:54:34+00:00,b104391c47791e45828bb17d943c8f0d049cf225f2356cc02771f528b7c3fc95,494bd7a191f04d2691a1673995b08287df2835e66c277390c05d176e9e17ef70,wallet_trade_history_v1,none
0xde17f7144fbd0eddb2679132c10ff5e74b120988,https://polymarket.com/0xde17f7144fbd0eddb2679132c10ff5e74b120988,https://data-api.polymarket.com/activity?user=0xde17f7144fbd0eddb2679132c10ff5e74b120988&type=TRADE&limit=100&offset=0&sortBy=TIMESTAMP&sortDirection=DESC,activity_primary,TRADE,1774872616,2026-03-30T12:10:16+00:00,0x2977be475ed086ae3bff91cddc2ba93ec0461564ae3a951823e7e94eb50dd749,0x78f71396f0541f5cf4ff16d43e7aed6c3b921af1608773f3f65a199848d2b600,56116058767978877924339750752741326905296469409304209197841962933167951699732,56116058767978877924339750752741326905296469409304209197841962933167951699732,bitcoin-above-72k-on-april-5,bitcoin-above-on-april-5,"Will the price of Bitcoin be above $72,000 on April 5?",No,1,BUY,0.8200001309091147,6.11111,5.011111,endpoint_usdcSize,crypto_other,BTC,false,,,unavailable,entry_candidate,0xde17f7144fbd0eddb2679132c10ff5e74b120988|0x78f71396f0541f5cf4ff16d43e7aed6c3b921af1608773f3f65a199848d2b600|56116058767978877924339750752741326905296469409304209197841962933167951699732|No,0xde17f7144fbd0eddb2679132c10ff5e74b120988|activity_primary|0x2977be475ed086ae3bff91cddc2ba93ec0461564ae3a951823e7e94eb50dd749|0x78f71396f0541f5cf4ff16d43e7aed6c3b921af1608773f3f65a199848d2b600|56116058767978877924339750752741326905296469409304209197841962933167951699732|1774872616|buy|0.8200001309091147|6.11111,2026-06-24T20:54:34+00:00,84d15350d4fd66a9b45e111ac158fd32cc14217c2992f27c09fd42a842fea6a9,494bd7a191f04d2691a1673995b08287df2835e66c277390c05d176e9e17ef70,wallet_trade_history_v1,none
0xde17f7144fbd0eddb2679132c10ff5e74b120988,https://polymarket.com/0xde17f7144fbd0eddb2679132c10ff5e74b120988,https://data-api.polymarket.com/activity?user=0xde17f7144fbd0eddb2679132c10ff5e74b120988&type=TRADE&limit=100&offset=0&sortBy=TIMESTAMP&sortDirection=DESC,activity_primary,TRADE,1774872616,2026-03-30T12:10:16+00:00,0x42ec58358680ebd87c3db9d4c9a44f09946d999eb05dee6d9763ef347629faf6,0x78f71396f0541f5cf4ff16d43e7aed6c3b921af1608773f3f65a199848d2b600,56116058767978877924339750752741326905296469409304209197841962933167951699732,56116058767978877924339750752741326905296469409304209197841962933167951699732,bitcoin-above-72k-on-april-5,bitcoin-above-on-april-5,"Will the price of Bitcoin be above $72,000 on April 5?",No,1,BUY,0.8200001309091147,6.11111,5.011111,endpoint_usdcSize,crypto_other,BTC,false,,,unavailable,entry_candidate,0xde17f7144fbd0eddb2679132c10ff5e74b120988|0x78f71396f0541f5cf4ff16d43e7aed6c3b921af1608773f3f65a199848d2b600|56116058767978877924339750752741326905296469409304209197841962933167951699732|No,0xde17f7144fbd0eddb2679132c10ff5e74b120988|activity_primary|0x42ec58358680ebd87c3db9d4c9a44f09946d999eb05dee6d9763ef347629faf6|0x78f71396f0541f5cf4ff16d43e7aed6c3b921af1608773f3f65a199848d2b600|56116058767978877924339750752741326905296469409304209197841962933167951699732|1774872616|buy|0.8200001309091147|6.11111,2026-06-24T20:54:34+00:00,de6045fe8d37d02a831f5d08dae9b00703b9fa8ef9b3fa58a08f7bcdad4c75ed,494bd7a191f04d2691a1673995b08287df2835e66c277390c05d176e9e17ef70,wallet_trade_history_v1,none
0xde17f7144fbd0eddb2679132c10ff5e74b120988,https://polymarket.com/0xde17f7144fbd0eddb2679132c10ff5e74b120988,https://data-api.polymarket.com/activity?user=0xde17f7144fbd0eddb2679132c10ff5e74b120988&type=TRADE&limit=100&offset=0&sortBy=TIMESTAMP&sortDirection=DESC,activity_primary,TRADE,1774872614,2026-03-30T12:10:14+00:00,0x139231c8fbdfbc5a975ccfd2756e24840785ca5742bccac76b7b037e230b66a7,0x151743a4a172b4863886a1dcf8de1300bf2fc2a15dddf01548a0af38f1ace249,12159981682734035292228400515678335125209513111615656849077647936891768046612,12159981682734035292228400515678335125209513111615656849077647936891768046612,bitcoin-above-70k-on-april-1,bitcoin-above-on-april-1,"Will the price of Bitcoin be above $70,000 on April 1?",Yes,0,BUY,0.18000000655126755,9.158533,1.648536,endpoint_usdcSize,crypto_other,BTC,false,,,unavailable,entry_candidate,0xde17f7144fbd0eddb2679132c10ff5e74b120988|0x151743a4a172b4863886a1dcf8de1300bf2fc2a15dddf01548a0af38f1ace249|12159981682734035292228400515678335125209513111615656849077647936891768046612|Yes,0xde17f7144fbd0eddb2679132c10ff5e74b120988|activity_primary|0x139231c8fbdfbc5a975ccfd2756e24840785ca5742bccac76b7b037e230b66a7|0x151743a4a172b4863886a1dcf8de1300bf2fc2a15dddf01548a0af38f1ace249|12159981682734035292228400515678335125209513111615656849077647936891768046612|1774872614|buy|0.18000000655126755|9.158533,2026-06-24T20:54:34+00:00,95585e9387777f8ee29dbd6dc8d41f41ec4a0f8ef32f1304c5ccae94b5433d21,494bd7a191f04d2691a1673995b08287df2835e66c277390c05d176e9e17ef70,wallet_trade_history_v1,none
0xde17f7144fbd0eddb2679132c10ff5e74b120988,https://polymarket.com/0xde17f7144fbd0eddb2679132c10ff5e74b120988,https://data-api.polymarket.com/activity?user=0xde17f7144fbd0eddb2679132c10ff5e74b120988&type=TRADE&limit=100&offset=0&sortBy=TIMESTAMP&sortDirection=DESC,activity_primary,TRADE,1774872614,2026-03-30T12:10:14+00:00,0xac7cd46e886a8d2ffd4a4fe60c5004b9b38339d6cbe52ac033128392829b6463,0x78f71396f0541f5cf4ff16d43e7aed6c3b921af1608773f3f65a199848d2b600,56116058767978877924339750752741326905296469409304209197841962933167951699732,56116058767978877924339750752741326905296469409304209197841962933167951699732,bitcoin-above-72k-on-april-5,bitcoin-above-on-april-5,"Will the price of Bitcoin be above $72,000 on April 5?",No,1,BUY,0.8200001309091147,6.11111,5.011111,endpoint_usdcSize,crypto_other,BTC,false,,,unavailable,entry_candidate,0xde17f7144fbd0eddb2679132c10ff5e74b120988|0x78f71396f0541f5cf4ff16d43e7aed6c3b921af1608773f3f65a199848d2b600|56116058767978877924339750752741326905296469409304209197841962933167951699732|No,0xde17f7144fbd0eddb2679132c10ff5e74b120988|activity_primary|0xac7cd46e886a8d2ffd4a4fe60c5004b9b38339d6cbe52ac033128392829b6463|0x78f71396f0541f5cf4ff16d43e7aed6c3b921af1608773f3f65a199848d2b600|56116058767978877924339750752741326905296469409304209197841962933167951699732|1774872614|buy|0.8200001309091147|6.11111,2026-06-24T20:54:34+00:00,c69c161ecfc130c7c90554969c585ed61b559cbfc25bc6d5fb2561d0ae6624b0,494bd7a191f04d2691a1673995b08287df2835e66c277390c05d176e9e17ef70,wallet_trade_history_v1,none
0xde17f7144fbd0eddb2679132c10ff5e74b120988,https://polymarket.com/0xde17f7144fbd0eddb2679132c10ff5e74b120988,https://data-api.polymarket.com/activity?user=0xde17f7144fbd0eddb2679132c10ff5e74b120988&type=TRADE&limit=100&offset=0&sortBy=TIMESTAMP&sortDirection=DESC,activity_primary,TRADE,1774872614,2026-03-30T12:10:14+00:00,0xf79bf195cff99bd59f13c0fcda9cd0dbdaad20dbd4ed8d61f2ad9c5ec9b1abd7,0x5af5548a14f286fbaf3a2367e0b2dfca4895d758dea3947991fd61a749b86b69,95146943191725381886186934408306479309543888941737367840894417030874360689078,95146943191725381886186934408306479309543888941737367840894417030874360689078,will-bitcoin-reach-72k-march-30-april-5,what-price-will-bitcoin-hit-march-30-april-5,"Will Bitcoin reach $72,000 March 30-April 5?",No,1,BUY,0.66,51.51,33.9966,endpoint_usdcSize,crypto_other,BTC,false,,,unavailable,entry_candidate,0xde17f7144fbd0eddb2679132c10ff5e74b120988|0x5af5548a14f286fbaf3a2367e0b2dfca4895d758dea3947991fd61a749b86b69|95146943191725381886186934408306479309543888941737367840894417030874360689078|No,0xde17f7144fbd0eddb2679132c10ff5e74b120988|activity_primary|0xf79bf195cff99bd59f13c0fcda9cd0dbdaad20dbd4ed8d61f2ad9c5ec9b1abd7|0x5af5548a14f286fbaf3a2367e0b2dfca4895d758dea3947991fd61a749b86b69|95146943191725381886186934408306479309543888941737367840894417030874360689078|1774872614|buy|0.66|51.51,2026-06-24T20:54:34+00:00,370c142e528f3f567974ef9288d084eb69a8cade10380605217f20fea6c0a755,494bd7a191f04d2691a1673995b08287df2835e66c277390c05d176e9e17ef70,wallet_trade_history_v1,none
0xde17f7144fbd0eddb2679132c10ff5e74b120988,https://polymarket.com/0xde17f7144fbd0eddb2679132c10ff5e74b120988,https://data-api.polymarket.com/activity?user=0xde17f7144fbd0eddb2679132c10ff5e74b120988&type=TRADE&limit=100&offset=0&sortBy=TIMESTAMP&sortDirection=DESC,activity_primary,TRADE,1774872614,2026-03-30T12:10:14+00:00,0xc70487c52d4e7a04623537448b06f558a796568834c7faecad1a49e4e0f54996,0x779d73c9a68fd8939171969daaa1f6a9c797dd4f951471177887649d14546f69,74999877940357931409206557647852734140654034894672727412201456522041102015430,74999877940357931409206557647852734140654034894672727412201456522041102015430,bitcoin-above-70k-on-april-5,bitcoin-above-on-april-5,"Will the price of Bitcoin be above $70,000 on April 5?",No,1,BUY,0.68,3.25,2.21,endpoint_usdcSize,crypto_other,BTC,false,,,unavailable,entry_candidate,0xde17f7144fbd0eddb2679132c10ff5e74b120988|0x779d73c9a68fd8939171969daaa1f6a9c797dd4f951471177887649d14546f69|74999877940357931409206557647852734140654034894672727412201456522041102015430|No,0xde17f7144fbd0eddb2679132c10ff5e74b120988|activity_primary|0xc70487c52d4e7a04623537448b06f558a796568834c7faecad1a49e4e0f54996|0x779d73c9a68fd8939171969daaa1f6a9c797dd4f951471177887649d14546f69|74999877940357931409206557647852734140654034894672727412201456522041102015430|1774872614|buy|0.68|3.25,2026-06-24T20:54:34+00:00,3268c70c17824e887e485cd11c6575d1dddaa436f7217bcda51099153506d0c7,494bd7a191f04d2691a1673995b08287df2835e66c277390c05d176e9e17ef70,wallet_trade_history_v1,none
0xde17f7144fbd0eddb2679132c10ff5e74b120988,https://polymarket.com/0xde17f7144fbd0eddb2679132c10ff5e74b120988,https://data-api.polymarket.com/activity?user=0xde17f7144fbd0eddb2679132c10ff5e74b120988&type=TRADE&limit=100&offset=0&sortBy=TIMESTAMP&sortDirection=DESC,activity_primary,TRADE,1774872614,2026-03-30T12:10:14+00:00,0xa1028af89662ef2005f94690fd8365244edb1693bc7482c954fd0a7bfc5793f6,0x8d9251e98cf93f48f9693116b2ccb671087d01a2466ce74cbc19c895d64f1054,10917992154717520654758560147111583337519657090378759304341708852309902554156,10917992154717520654758560147111583337519657090378759304341708852309902554156,will-bitcoin-dip-to-60k-march-30-april-5,what-price-will-bitcoin-hit-march-30-april-5,"Will Bitcoin dip to $60,000 March 30-April 5?",No,1,BUY,0.88,0.94,0.8272,endpoint_usdcSize,crypto_other,BTC,false,,,unavailable,entry_candidate,0xde17f7144fbd0eddb2679132c10ff5e74b120988|0x8d9251e98cf93f48f9693116b2ccb671087d01a2466ce74cbc19c895d64f1054|10917992154717520654758560147111583337519657090378759304341708852309902554156|No,0xde17f7144fbd0eddb2679132c10ff5e74b120988|activity_primary|0xa1028af89662ef2005f94690fd8365244edb1693bc7482c954fd0a7bfc5793f6|0x8d9251e98cf93f48f9693116b2ccb671087d01a2466ce74cbc19c895d64f1054|10917992154717520654758560147111583337519657090378759304341708852309902554156|1774872614|buy|0.88|0.94,2026-06-24T20:54:34+00:00,b2d1fcec7850796a4adaca279ab4e4c033c45415328ff824c2611027c63400df,494bd7a191f04d2691a1673995b08287df2835e66c277390c05d176e9e17ef70,wallet_trade_history_v1,none
0xde17f7144fbd0eddb2679132c10ff5e74b120988,https://polymarket.com/0xde17f7144fbd0eddb2679132c10ff5e74b120988,https://data-api.polymarket.com/activity?user=0xde17f7144fbd0eddb2679132c10ff5e74b120988&type=TRADE&limit=100&offset=0&sortBy=TIMESTAMP&sortDirection=DESC,activity_primary,TRADE,1774872614,2026-03-30T12:10:14+00:00,0x0e89c9fee0da905378912760e317b8e4b33387a5b5eb723c8389e29d8a9a75c7,0x151743a4a172b4863886a1dcf8de1300bf2fc2a15dddf01548a0af38f1ace249,12159981682734035292228400515678335125209513111615656849077647936891768046612,12159981682734035292228400515678335125209513111615656849077647936891768046612,bitcoin-above-70k-on-april-1,bitcoin-above-on-april-1,"Will the price of Bitcoin be above $70,000 on April 1?",Yes,0,BUY,0.18000001490911774,1.341461,0.241463,endpoint_usdcSize,crypto_other,BTC,false,,,unavailable,entry_candidate,0xde17f7144fbd0eddb2679132c10ff5e74b120988|0x151743a4a172b4863886a1dcf8de1300bf2fc2a15dddf01548a0af38f1ace249|12159981682734035292228400515678335125209513111615656849077647936891768046612|Yes,0xde17f7144fbd0eddb2679132c10ff5e74b120988|activity_primary|0x0e89c9fee0da905378912760e317b8e4b33387a5b5eb723c8389e29d8a9a75c7|0x151743a4a172b4863886a1dcf8de1300bf2fc2a15dddf01548a0af38f1ace249|12159981682734035292228400515678335125209513111615656849077647936891768046612|1774872614|buy|0.18000001490911774|1.341461,2026-06-24T20:54:34+00:00,b47da2d9b0bf87b869103fde029e9ffe77ca4387c7e4ad023723213baba2db8f,494bd7a191f04d2691a1673995b08287df2835e66c277390c05d176e9e17ef70,wallet_trade_history_v1,none
0xde17f7144fbd0eddb2679132c10ff5e74b120988,https://polymarket.com/0xde17f7144fbd0eddb2679132c10ff5e74b120988,https://data-api.polymarket.com/activity?user=0xde17f7144fbd0eddb2679132c10ff5e74b120988&type=TRADE&limit=100&offset=0&sortBy=TIMESTAMP&sortDirection=DESC,activity_primary,TRADE,1774872612,2026-03-30T12:10:12+00:00,0x6ce418f34efbbe62c6c6d23e52a8b779d7da3d5d3dd0be134b03349377ee760c,0x151743a4a172b4863886a1dcf8de1300bf2fc2a15dddf01548a0af38f1ace249,12159981682734035292228400515678335125209513111615656849077647936891768046612,12159981682734035292228400515678335125209513111615656849077647936891768046612,bitcoin-above-70k-on-april-1,bitcoin-above-on-april-1,"Will the price of Bitcoin be above $70,000 on April 1?",Yes,0,BUY,0.18000001490911774,1.341461,0.241463,endpoint_usdcSize,crypto_other,BTC,false,,,unavailable,entry_candidate,0xde17f7144fbd0eddb2679132c10ff5e74b120988|0x151743a4a172b4863886a1dcf8de1300bf2fc2a15dddf01548a0af38f1ace249|12159981682734035292228400515678335125209513111615656849077647936891768046612|Yes,0xde17f7144fbd0eddb2679132c10ff5e74b120988|activity_primary|0x6ce418f34efbbe62c6c6d23e52a8b779d7da3d5d3dd0be134b03349377ee760c|0x151743a4a172b4863886a1dcf8de1300bf2fc2a15dddf01548a0af38f1ace249|12159981682734035292228400515678335125209513111615656849077647936891768046612|1774872612|buy|0.18000001490911774|1.341461,2026-06-24T20:54:34+00:00,2992d412fe990d1d66d03fa21577c2c5bbf254d52df0bcc56f2ecdc7f09956da,494bd7a191f04d2691a1673995b08287df2835e66c277390c05d176e9e17ef70,wallet_trade_history_v1,none
0xde17f7144fbd0eddb2679132c10ff5e74b120988,https://polymarket.com/0xde17f7144fbd0eddb2679132c10ff5e74b120988,https://data-api.polymarket.com/activity?user=0xde17f7144fbd0eddb2679132c10ff5e74b120988&type=TRADE&limit=100&offset=0&sortBy=TIMESTAMP&sortDirection=DESC,activity_primary,TRADE,1774872612,2026-03-30T12:10:12+00:00,0xb05eeb8b08cfed16c1c1e413be0c62aae81bf59e35d4008bc830c9217b388ef4,0x151743a4a172b4863886a1dcf8de1300bf2fc2a15dddf01548a0af38f1ace249,12159981682734035292228400515678335125209513111615656849077647936891768046612,12159981682734035292228400515678335125209513111615656849077647936891768046612,bitcoin-above-70k-on-april-1,bitcoin-above-on-april-1,"Will the price of Bitcoin be above $70,000 on April 1?",Yes,0,BUY,0.18000001490911774,1.341461,0.241463,endpoint_usdcSize,crypto_other,BTC,false,,,unavailable,entry_candidate,0xde17f7144fbd0eddb2679132c10ff5e74b120988|0x151743a4a172b4863886a1dcf8de1300bf2fc2a15dddf01548a0af38f1ace249|12159981682734035292228400515678335125209513111615656849077647936891768046612|Yes,0xde17f7144fbd0eddb2679132c10ff5e74b120988|activity_primary|0xb05eeb8b08cfed16c1c1e413be0c62aae81bf59e35d4008bc830c9217b388ef4|0x151743a4a172b4863886a1dcf8de1300bf2fc2a15dddf01548a0af38f1ace249|12159981682734035292228400515678335125209513111615656849077647936891768046612|1774872612|buy|0.18000001490911774|1.341461,2026-06-24T20:54:34+00:00,87d121e0edf748bdd3523c4cbd5c7724cb6a640e9d8e8e9be4d4ef7fe8c7c53a,494bd7a191f04d2691a1673995b08287df2835e66c277390c05d176e9e17ef70,wallet_trade_history_v1,none
0xde17f7144fbd0eddb2679132c10ff5e74b120988,https://polymarket.com/0xde17f7144fbd0eddb2679132c10ff5e74b120988,https://data-api.polymarket.com/activity?user=0xde17f7144fbd0eddb2679132c10ff5e74b120988&type=TRADE&limit=100&offset=0&sortBy=TIMESTAMP&sortDirection=DESC,activity_primary,TRADE,1774872612,2026-03-30T12:10:12+00:00,0x09650a9280f7f45444addb9939a8506ff3bc4abc850bef7c0a2d83a095b876ed,0x151743a4a172b4863886a1dcf8de1300bf2fc2a15dddf01548a0af38f1ace249,12159981682734035292228400515678335125209513111615656849077647936891768046612,12159981682734035292228400515678335125209513111615656849077647936891768046612,bitcoin-above-70k-on-april-1,bitcoin-above-on-april-1,"Will the price of Bitcoin be above $70,000 on April 1?",Yes,0,BUY,0.18000001490911774,1.341461,0.241463,endpoint_usdcSize,crypto_other,BTC,false,,,unavailable,entry_candidate,0xde17f7144fbd0eddb2679132c10ff5e74b120988|0x151743a4a172b4863886a1dcf8de1300bf2fc2a15dddf01548a0af38f1ace249|12159981682734035292228400515678335125209513111615656849077647936891768046612|Yes,0xde17f7144fbd0eddb2679132c10ff5e74b120988|activity_primary|0x09650a9280f7f45444addb9939a8506ff3bc4abc850bef7c0a2d83a095b876ed|0x151743a4a172b4863886a1dcf8de1300bf2fc2a15dddf01548a0af38f1ace249|12159981682734035292228400515678335125209513111615656849077647936891768046612|1774872612|buy|0.18000001490911774|1.341461,2026-06-24T20:54:34+00:00,21f7882b4b048598dc348c848bef32bd90ab5399b29ae9bd85c82a8936169632,494bd7a191f04d2691a1673995b08287df2835e66c277390c05d176e9e17ef70,wallet_trade_history_v1,none
0xde17f7144fbd0eddb2679132c10ff5e74b120988,https://polymarket.com/0xde17f7144fbd0eddb2679132c10ff5e74b120988,https://data-api.polymarket.com/activity?user=0xde17f7144fbd0eddb2679132c10ff5e74b120988&type=TRADE&limit=100&offset=0&sortBy=TIMESTAMP&sortDirection=DESC,activity_primary,TRADE,1774872612,2026-03-30T12:10:12+00:00,0xae2403d02bbbd2f715c4f513ffeb30e38bdd9b9ae255883c4557e8bb97bebaa9,0x78f71396f0541f5cf4ff16d43e7aed6c3b921af1608773f3f65a199848d2b600,30109820557127204435800436020357779234564600945480086272535942750961708261591,30109820557127204435800436020357779234564600945480086272535942750961708261591,bitcoin-above-72k-on-april-5,bitcoin-above-on-april-5,"Will the price of Bitcoin be above $72,000 on April 5?",Yes,0,BUY,0.1400000860004214,1.162785,0.16279,endpoint_usdcSize,crypto_other,BTC,false,,,unavailable,entry_candidate,0xde17f7144fbd0eddb2679132c10ff5e74b120988|0x78f71396f0541f5cf4ff16d43e7aed6c3b921af1608773f3f65a199848d2b600|30109820557127204435800436020357779234564600945480086272535942750961708261591|Yes,0xde17f7144fbd0eddb2679132c10ff5e74b120988|activity_primary|0xae2403d02bbbd2f715c4f513ffeb30e38bdd9b9ae255883c4557e8bb97bebaa9|0x78f71396f0541f5cf4ff16d43e7aed6c3b921af1608773f3f65a199848d2b600|30109820557127204435800436020357779234564600945480086272535942750961708261591|1774872612|buy|0.1400000860004214|1.162785,2026-06-24T20:54:34+00:00,88c651f2f3c207be7ff5b658a3c7b57ea8aec861b495645e2e0c6959b72ad282,494bd7a191f04d2691a1673995b08287df2835e66c277390c05d176e9e17ef70,wallet_trade_history_v1,none
0xde17f7144fbd0eddb2679132c10ff5e74b120988,https://polymarket.com/0xde17f7144fbd0eddb2679132c10ff5e74b120988,https://data-api.polymarket.com/activity?user=0xde17f7144fbd0eddb2679132c10ff5e74b120988&type=TRADE&limit=100&offset=0&sortBy=TIMESTAMP&sortDirection=DESC,activity_primary,TRADE,1774872612,2026-03-30T12:10:12+00:00,0xa44bf51b54220daa8e737d53285b947dbf55c2b3a12a79bed35db861162659b8,0x151743a4a172b4863886a1dcf8de1300bf2fc2a15dddf01548a0af38f1ace249,29492375366003893575636411996114134538976944705361005568024679794642677460964,29492375366003893575636411996114134538976944705361005568024679794642677460964,bitcoin-above-70k-on-april-1,bitcoin-above-on-april-1,"Will the price of Bitcoin be above $70,000 on April 1?",No,1,BUY,0.78,9.63,7.5114,endpoint_usdcSize,crypto_other,BTC,false,,,unavailable,entry_candidate,0xde17f7144fbd0eddb2679132c10ff5e74b120988|0x151743a4a172b4863886a1dcf8de1300bf2fc2a15dddf01548a0af38f1ace249|29492375366003893575636411996114134538976944705361005568024679794642677460964|No,0xde17f7144fbd0eddb2679132c10ff5e74b120988|activity_primary|0xa44bf51b54220daa8e737d53285b947dbf55c2b3a12a79bed35db861162659b8|0x151743a4a172b4863886a1dcf8de1300bf2fc2a15dddf01548a0af38f1ace249|29492375366003893575636411996114134538976944705361005568024679794642677460964|1774872612|buy|0.78|9.63,2026-06-24T20:54:34+00:00,35482130db6584caa2b01a741e536b7503e36c964dbbb31107a3c43e4efb3295,494bd7a191f04d2691a1673995b08287df2835e66c277390c05d176e9e17ef70,wallet_trade_history_v1,none
0xde17f7144fbd0eddb2679132c10ff5e74b120988,https://polymarket.com/0xde17f7144fbd0eddb2679132c10ff5e74b120988,https://data-api.polymarket.com/activity?user=0xde17f7144fbd0eddb2679132c10ff5e74b120988&type=TRADE&limit=100&offset=0&sortBy=TIMESTAMP&sortDirection=DESC,activity_primary,TRADE,1774872612,2026-03-30T12:10:12+00:00,0xea07bb651592e30b546c9fd83c36fae54edf63f70acfb15c199f2d7cd2762010,0x779d73c9a68fd8939171969daaa1f6a9c797dd4f951471177887649d14546f69,74999877940357931409206557647852734140654034894672727412201456522041102015430,74999877940357931409206557647852734140654034894672727412201456522041102015430,bitcoin-above-70k-on-april-5,bitcoin-above-on-april-5,"Will the price of Bitcoin be above $70,000 on April 5?",No,1,BUY,0.68,3.25,2.21,endpoint_usdcSize,crypto_other,BTC,false,,,unavailable,entry_candidate,0xde17f7144fbd0eddb2679132c10ff5e74b120988|0x779d73c9a68fd8939171969daaa1f6a9c797dd4f951471177887649d14546f69|74999877940357931409206557647852734140654034894672727412201456522041102015430|No,0xde17f7144fbd0eddb2679132c10ff5e74b120988|activity_primary|0xea07bb651592e30b546c9fd83c36fae54edf63f70acfb15c199f2d7cd2762010|0x779d73c9a68fd8939171969daaa1f6a9c797dd4f951471177887649d14546f69|74999877940357931409206557647852734140654034894672727412201456522041102015430|1774872612|buy|0.68|3.25,2026-06-24T20:54:34+00:00,1c29b41159a5d8563111be182813d2a106e4e5118514e0308be618e738d21ef4,494bd7a191f04d2691a1673995b08287df2835e66c277390c05d176e9e17ef70,wallet_trade_history_v1,none
0xde17f7144fbd0eddb2679132c10ff5e74b120988,https://polymarket.com/0xde17f7144fbd0eddb2679132c10ff5e74b120988,https://data-api.polymarket.com/activity?user=0xde17f7144fbd0eddb2679132c10ff5e74b120988&type=TRADE&limit=100&offset=0&sortBy=TIMESTAMP&sortDirection=DESC,activity_primary,TRADE,1774872610,2026-03-30T12:10:10+00:00,0x657fbe294be8077c2e2024c7534f707526ed3f0aa8c1e9e3c6b9e74ccb2351e4,0x5e5792a6dd302b9373fd9ae03fcb9e2e6d10351a915f965b0801cfa76327b55c,27183417644827075643642536789551861201778737736576606622132865010843003606814,27183417644827075643642536789551861201778737736576606622132865010843003606814,bitcoin-above-64k-on-april-1,bitcoin-above-on-april-1,"Will the price of Bitcoin be above $64,000 on April 1?",Yes,0,BUY,0.91,0.17,0.1547,endpoint_usdcSize,crypto_other,BTC,false,,,unavailable,entry_candidate,0xde17f7144fbd0eddb2679132c10ff5e74b120988|0x5e5792a6dd302b9373fd9ae03fcb9e2e6d10351a915f965b0801cfa76327b55c|27183417644827075643642536789551861201778737736576606622132865010843003606814|Yes,0xde17f7144fbd0eddb2679132c10ff5e74b120988|activity_primary|0x657fbe294be8077c2e2024c7534f707526ed3f0aa8c1e9e3c6b9e74ccb2351e4|0x5e5792a6dd302b9373fd9ae03fcb9e2e6d10351a915f965b0801cfa76327b55c|27183417644827075643642536789551861201778737736576606622132865010843003606814|1774872610|buy|0.91|0.17,2026-06-24T20:54:34+00:00,5e3ff75cbe5460e9d9f7faa1dbe5213b280c9fe175ea23b43a25532538eaa748,494bd7a191f04d2691a1673995b08287df2835e66c277390c05d176e9e17ef70,wallet_trade_history_v1,none
0xde17f7144fbd0eddb2679132c10ff5e74b120988,https://polymarket.com/0xde17f7144fbd0eddb2679132c10ff5e74b120988,https://data-api.polymarket.com/activity?user=0xde17f7144fbd0eddb2679132c10ff5e74b120988&type=TRADE&limit=100&offset=0&sortBy=TIMESTAMP&sortDirection=DESC,activity_primary,TRADE,1774872608,2026-03-30T12:10:08+00:00,0x858c23acaa31c7af33193087a4e4499f542aa31205c21b251ba99d0e5ae045bd,0x779d73c9a68fd8939171969daaa1f6a9c797dd4f951471177887649d14546f69,74999877940357931409206557647852734140654034894672727412201456522041102015430,74999877940357931409206557647852734140654034894672727412201456522041102015430,bitcoin-above-70k-on-april-5,bitcoin-above-on-april-5,"Will the price of Bitcoin be above $70,000 on April 5?",No,1,BUY,0.68,3.25,2.21,endpoint_usdcSize,crypto_other,BTC,false,,,unavailable,entry_candidate,0xde17f7144fbd0eddb2679132c10ff5e74b120988|0x779d73c9a68fd8939171969daaa1f6a9c797dd4f951471177887649d14546f69|74999877940357931409206557647852734140654034894672727412201456522041102015430|No,0xde17f7144fbd0eddb2679132c10ff5e74b120988|activity_primary|0x858c23acaa31c7af33193087a4e4499f542aa31205c21b251ba99d0e5ae045bd|0x779d73c9a68fd8939171969daaa1f6a9c797dd4f951471177887649d14546f69|74999877940357931409206557647852734140654034894672727412201456522041102015430|1774872608|buy|0.68|3.25,2026-06-24T20:54:34+00:00,e4293bc4a7e689c909b868790bcf553ee50290866e48afd7ce8d38cf2943107b,494bd7a191f04d2691a1673995b08287df2835e66c277390c05d176e9e17ef70,wallet_trade_history_v1,none
0xde17f7144fbd0eddb2679132c10ff5e74b120988,https://polymarket.com/0xde17f7144fbd0eddb2679132c10ff5e74b120988,https://data-api.polymarket.com/activity?user=0xde17f7144fbd0eddb2679132c10ff5e74b120988&type=TRADE&limit=100&offset=0&sortBy=TIMESTAMP&sortDirection=DESC,activity_primary,TRADE,1774872606,2026-03-30T12:10:06+00:00,0x3a528b8e815b45222394a9bda805cd77b489e4b4aa22ba8b8655e7254cab6de8,0x779d73c9a68fd8939171969daaa1f6a9c797dd4f951471177887649d14546f69,74999877940357931409206557647852734140654034894672727412201456522041102015430,74999877940357931409206557647852734140654034894672727412201456522041102015430,bitcoin-above-70k-on-april-5,bitcoin-above-on-april-5,"Will the price of Bitcoin be above $70,000 on April 5?",No,1,BUY,0.68,3.25,2.21,endpoint_usdcSize,crypto_other,BTC,false,,,unavailable,entry_candidate,0xde17f7144fbd0eddb2679132c10ff5e74b120988|0x779d73c9a68fd8939171969daaa1f6a9c797dd4f951471177887649d14546f69|74999877940357931409206557647852734140654034894672727412201456522041102015430|No,0xde17f7144fbd0eddb2679132c10ff5e74b120988|activity_primary|0x3a528b8e815b45222394a9bda805cd77b489e4b4aa22ba8b8655e7254cab6de8|0x779d73c9a68fd8939171969daaa1f6a9c797dd4f951471177887649d14546f69|74999877940357931409206557647852734140654034894672727412201456522041102015430|1774872606|buy|0.68|3.25,2026-06-24T20:54:34+00:00,f905ccd815adbcffe0fa58a9c659a69e3a8dadea83a34d03b743d539de2ec7f4,494bd7a191f04d2691a1673995b08287df2835e66c277390c05d176e9e17ef70,wallet_trade_history_v1,none
0xde17f7144fbd0eddb2679132c10ff5e74b120988,https://polymarket.com/0xde17f7144fbd0eddb2679132c10ff5e74b120988,https://data-api.polymarket.com/activity?user=0xde17f7144fbd0eddb2679132c10ff5e74b120988&type=TRADE&limit=100&offset=0&sortBy=TIMESTAMP&sortDirection=DESC,activity_primary,TRADE,1774872602,2026-03-30T12:10:02+00:00,0xa84dcee6abba33a407ddbb8fd1af1e52fa216f222f1a6dd5c233c447f3e9d527,0x779d73c9a68fd8939171969daaa1f6a9c797dd4f951471177887649d14546f69,74999877940357931409206557647852734140654034894672727412201456522041102015430,74999877940357931409206557647852734140654034894672727412201456522041102015430,bitcoin-above-70k-on-april-5,bitcoin-above-on-april-5,"Will the price of Bitcoin be above $70,000 on April 5?",No,1,BUY,0.68,3.25,2.21,endpoint_usdcSize,crypto_other,BTC,false,,,unavailable,entry_candidate,0xde17f7144fbd0eddb2679132c10ff5e74b120988|0x779d73c9a68fd8939171969daaa1f6a9c797dd4f951471177887649d14546f69|74999877940357931409206557647852734140654034894672727412201456522041102015430|No,0xde17f7144fbd0eddb2679132c10ff5e74b120988|activity_primary|0xa84dcee6abba33a407ddbb8fd1af1e52fa216f222f1a6dd5c233c447f3e9d527|0x779d73c9a68fd8939171969daaa1f6a9c797dd4f951471177887649d14546f69|74999877940357931409206557647852734140654034894672727412201456522041102015430|1774872602|buy|0.68|3.25,2026-06-24T20:54:34+00:00,592410219ab1f63bb7ead6329948dd3e4d55acf63c5dd5dde8168265df8e728b,494bd7a191f04d2691a1673995b08287df2835e66c277390c05d176e9e17ef70,wallet_trade_history_v1,none
0xde17f7144fbd0eddb2679132c10ff5e74b120988,https://polymarket.com/0xde17f7144fbd0eddb2679132c10ff5e74b120988,https://data-api.polymarket.com/activity?user=0xde17f7144fbd0eddb2679132c10ff5e74b120988&type=TRADE&limit=100&offset=0&sortBy=TIMESTAMP&sortDirection=DESC,activity_primary,TRADE,1774872600,2026-03-30T12:10:00+00:00,0xb7dc51df02cd55cd31ddddded5aaba7dca29c56af26442e3d2db741ead2698eb,0x779d73c9a68fd8939171969daaa1f6a9c797dd4f951471177887649d14546f69,74999877940357931409206557647852734140654034894672727412201456522041102015430,74999877940357931409206557647852734140654034894672727412201456522041102015430,bitcoin-above-70k-on-april-5,bitcoin-above-on-april-5,"Will the price of Bitcoin be above $70,000 on April 5?",No,1,BUY,0.68,3.25,2.21,endpoint_usdcSize,crypto_other,BTC,false,,,unavailable,entry_candidate,0xde17f7144fbd0eddb2679132c10ff5e74b120988|0x779d73c9a68fd8939171969daaa1f6a9c797dd4f951471177887649d14546f69|74999877940357931409206557647852734140654034894672727412201456522041102015430|No,0xde17f7144fbd0eddb2679132c10ff5e74b120988|activity_primary|0xb7dc51df02cd55cd31ddddded5aaba7dca29c56af26442e3d2db741ead2698eb|0x779d73c9a68fd8939171969daaa1f6a9c797dd4f951471177887649d14546f69|74999877940357931409206557647852734140654034894672727412201456522041102015430|1774872600|buy|0.68|3.25,2026-06-24T20:54:34+00:00,38c175b1be3ce5cc61f2edd17199ce833a3c3431bbbbe2fd8078d7dd49b10ad0,494bd7a191f04d2691a1673995b08287df2835e66c277390c05d176e9e17ef70,wallet_trade_history_v1,none
0xde17f7144fbd0eddb2679132c10ff5e74b120988,https://polymarket.com/0xde17f7144fbd0eddb2679132c10ff5e74b120988,https://data-api.polymarket.com/activity?user=0xde17f7144fbd0eddb2679132c10ff5e74b120988&type=TRADE&limit=100&offset=0&sortBy=TIMESTAMP&sortDirection=DESC,activity_primary,TRADE,1774872596,2026-03-30T12:09:56+00:00,0xbf24ef94a11ffdceac6feb6f720493180aefd46de6aa85b89060799a372a58a7,0x779d73c9a68fd8939171969daaa1f6a9c797dd4f951471177887649d14546f69,74999877940357931409206557647852734140654034894672727412201456522041102015430,74999877940357931409206557647852734140654034894672727412201456522041102015430,bitcoin-above-70k-on-april-5,bitcoin-above-on-april-5,"Will the price of Bitcoin be above $70,000 on April 5?",No,1,BUY,0.68,3.25,2.21,endpoint_usdcSize,crypto_other,BTC,false,,,unavailable,entry_candidate,0xde17f7144fbd0eddb2679132c10ff5e74b120988|0x779d73c9a68fd8939171969daaa1f6a9c797dd4f951471177887649d14546f69|74999877940357931409206557647852734140654034894672727412201456522041102015430|No,0xde17f7144fbd0eddb2679132c10ff5e74b120988|activity_primary|0xbf24ef94a11ffdceac6feb6f720493180aefd46de6aa85b89060799a372a58a7|0x779d73c9a68fd8939171969daaa1f6a9c797dd4f951471177887649d14546f69|74999877940357931409206557647852734140654034894672727412201456522041102015430|1774872596|buy|0.68|3.25,2026-06-24T20:54:34+00:00,de296c54a25652791f4a785653b7041898f02c3f989146d20758b0ae7b155173,494bd7a191f04d2691a1673995b08287df2835e66c277390c05d176e9e17ef70,wallet_trade_history_v1,none
0xde17f7144fbd0eddb2679132c10ff5e74b120988,https://polymarket.com/0xde17f7144fbd0eddb2679132c10ff5e74b120988,https://data-api.polymarket.com/activity?user=0xde17f7144fbd0eddb2679132c10ff5e74b120988&type=TRADE&limit=100&offset=0&sortBy=TIMESTAMP&sortDirection=DESC,activity_primary,TRADE,1774872594,2026-03-30T12:09:54+00:00,0x9c957d6c4de3316009fe398952c759d60ee760c2c9644e42a466a8573c85a995,0x779d73c9a68fd8939171969daaa1f6a9c797dd4f951471177887649d14546f69,74999877940357931409206557647852734140654034894672727412201456522041102015430,74999877940357931409206557647852734140654034894672727412201456522041102015430,bitcoin-above-70k-on-april-5,bitcoin-above-on-april-5,"Will the price of Bitcoin be above $70,000 on April 5?",No,1,BUY,0.68,3.25,2.21,endpoint_usdcSize,crypto_other,BTC,false,,,unavailable,entry_candidate,0xde17f7144fbd0eddb2679132c10ff5e74b120988|0x779d73c9a68fd8939171969daaa1f6a9c797dd4f951471177887649d14546f69|74999877940357931409206557647852734140654034894672727412201456522041102015430|No,0xde17f7144fbd0eddb2679132c10ff5e74b120988|activity_primary|0x9c957d6c4de3316009fe398952c759d60ee760c2c9644e42a466a8573c85a995|0x779d73c9a68fd8939171969daaa1f6a9c797dd4f951471177887649d14546f69|74999877940357931409206557647852734140654034894672727412201456522041102015430|1774872594|buy|0.68|3.25,2026-06-24T20:54:34+00:00,b24387fde56073b075394e710b4cc124eb1557a3f081a99da5599b923b40c577,494bd7a191f04d2691a1673995b08287df2835e66c277390c05d176e9e17ef70,wallet_trade_history_v1,none
0xde17f7144fbd0eddb2679132c10ff5e74b120988,https://polymarket.com/0xde17f7144fbd0eddb2679132c10ff5e74b120988,https://data-api.polymarket.com/activity?user=0xde17f7144fbd0eddb2679132c10ff5e74b120988&type=TRADE&limit=100&offset=0&sortBy=TIMESTAMP&sortDirection=DESC,activity_primary,TRADE,1774872594,2026-03-30T12:09:54+00:00,0xd0c7746fc47b3019255922396e8bb8d858bd2cd127ec0b54ea79adce7f832d3c,0x78f71396f0541f5cf4ff16d43e7aed6c3b921af1608773f3f65a199848d2b600,30109820557127204435800436020357779234564600945480086272535942750961708261591,30109820557127204435800436020357779234564600945480086272535942750961708261591,bitcoin-above-72k-on-april-5,bitcoin-above-on-april-5,"Will the price of Bitcoin be above $72,000 on April 5?",Yes,0,BUY,0.14,2.06,0.2884,endpoint_usdcSize,crypto_other,BTC,false,,,unavailable,entry_candidate,0xde17f7144fbd0eddb2679132c10ff5e74b120988|0x78f71396f0541f5cf4ff16d43e7aed6c3b921af1608773f3f65a199848d2b600|30109820557127204435800436020357779234564600945480086272535942750961708261591|Yes,0xde17f7144fbd0eddb2679132c10ff5e74b120988|activity_primary|0xd0c7746fc47b3019255922396e8bb8d858bd2cd127ec0b54ea79adce7f832d3c|0x78f71396f0541f5cf4ff16d43e7aed6c3b921af1608773f3f65a199848d2b600|30109820557127204435800436020357779234564600945480086272535942750961708261591|1774872594|buy|0.14|2.06,2026-06-24T20:54:34+00:00,c89fb5488428a98fb23b32108010227fa372ba54169d361f221136dda1c9008e,494bd7a191f04d2691a1673995b08287df2835e66c277390c05d176e9e17ef70,wallet_trade_history_v1,none
0xde17f7144fbd0eddb2679132c10ff5e74b120988,https://polymarket.com/0xde17f7144fbd0eddb2679132c10ff5e74b120988,https://data-api.polymarket.com/activity?user=0xde17f7144fbd0eddb2679132c10ff5e74b120988&type=TRADE&limit=100&offset=0&sortBy=TIMESTAMP&sortDirection=DESC,activity_primary,TRADE,1774872594,2026-03-30T12:09:54+00:00,0xadf7826c3f71d46a748b229ef918af79cbbcab5b43f57ebf756c855468a47207,0x779d73c9a68fd8939171969daaa1f6a9c797dd4f951471177887649d14546f69,74999877940357931409206557647852734140654034894672727412201456522041102015430,74999877940357931409206557647852734140654034894672727412201456522041102015430,bitcoin-above-70k-on-april-5,bitcoin-above-on-april-5,"Will the price of Bitcoin be above $70,000 on April 5?",No,1,BUY,0.68,5,3.4,endpoint_usdcSize,crypto_other,BTC,false,,,unavailable,entry_candidate,0xde17f7144fbd0eddb2679132c10ff5e74b120988|0x779d73c9a68fd8939171969daaa1f6a9c797dd4f951471177887649d14546f69|74999877940357931409206557647852734140654034894672727412201456522041102015430|No,0xde17f7144fbd0eddb2679132c10ff5e74b120988|activity_primary|0xadf7826c3f71d46a748b229ef918af79cbbcab5b43f57ebf756c855468a47207|0x779d73c9a68fd8939171969daaa1f6a9c797dd4f951471177887649d14546f69|74999877940357931409206557647852734140654034894672727412201456522041102015430|1774872594|buy|0.68|5,2026-06-24T20:54:34+00:00,7744c326eb67fe4dac65173f0995dfd43db11a2b025c8d01f2fb28474c528635,494bd7a191f04d2691a1673995b08287df2835e66c277390c05d176e9e17ef70,wallet_trade_history_v1,none
0xde17f7144fbd0eddb2679132c10ff5e74b120988,https://polymarket.com/0xde17f7144fbd0eddb2679132c10ff5e74b120988,https://data-api.polymarket.com/activity?user=0xde17f7144fbd0eddb2679132c10ff5e74b120988&type=TRADE&limit=100&offset=0&sortBy=TIMESTAMP&sortDirection=DESC,activity_primary,TRADE,1774872594,2026-03-30T12:09:54+00:00,0x6753a14c735778ed09fe89393cfebc733bdfb8d806892aefff3ceefb11742ba9,0x779d73c9a68fd8939171969daaa1f6a9c797dd4f951471177887649d14546f69,74999877940357931409206557647852734140654034894672727412201456522041102015430,74999877940357931409206557647852734140654034894672727412201456522041102015430,bitcoin-above-70k-on-april-5,bitcoin-above-on-april-5,"Will the price of Bitcoin be above $70,000 on April 5?",No,1,BUY,0.68,9,6.12,endpoint_usdcSize,crypto_other,BTC,false,,,unavailable,entry_candidate,0xde17f7144fbd0eddb2679132c10ff5e74b120988|0x779d73c9a68fd8939171969daaa1f6a9c797dd4f951471177887649d14546f69|74999877940357931409206557647852734140654034894672727412201456522041102015430|No,0xde17f7144fbd0eddb2679132c10ff5e74b120988|activity_primary|0x6753a14c735778ed09fe89393cfebc733bdfb8d806892aefff3ceefb11742ba9|0x779d73c9a68fd8939171969daaa1f6a9c797dd4f951471177887649d14546f69|74999877940357931409206557647852734140654034894672727412201456522041102015430|1774872594|buy|0.68|9,2026-06-24T20:54:34+00:00,3966b860c048f1b95bf67528d8144c5dcc8e48e0ce9e920bc0018647712ea8cf,494bd7a191f04d2691a1673995b08287df2835e66c277390c05d176e9e17ef70,wallet_trade_history_v1,none
0xde17f7144fbd0eddb2679132c10ff5e74b120988,https://polymarket.com/0xde17f7144fbd0eddb2679132c10ff5e74b120988,https://data-api.polymarket.com/activity?user=0xde17f7144fbd0eddb2679132c10ff5e74b120988&type=TRADE&limit=100&offset=0&sortBy=TIMESTAMP&sortDirection=DESC,activity_primary,TRADE,1774872592,2026-03-30T12:09:52+00:00,0x83e6657c1fdd6e7b4d528cded8d57a0b933f7df7d1f4fbd065dbe308f4e4c4c0,0x779d73c9a68fd8939171969daaa1f6a9c797dd4f951471177887649d14546f69,74999877940357931409206557647852734140654034894672727412201456522041102015430,74999877940357931409206557647852734140654034894672727412201456522041102015430,bitcoin-above-70k-on-april-5,bitcoin-above-on-april-5,"Will the price of Bitcoin be above $70,000 on April 5?",No,1,BUY,0.68,3.25,2.21,endpoint_usdcSize,crypto_other,BTC,false,,,unavailable,entry_candidate,0xde17f7144fbd0eddb2679132c10ff5e74b120988|0x779d73c9a68fd8939171969daaa1f6a9c797dd4f951471177887649d14546f69|74999877940357931409206557647852734140654034894672727412201456522041102015430|No,0xde17f7144fbd0eddb2679132c10ff5e74b120988|activity_primary|0x83e6657c1fdd6e7b4d528cded8d57a0b933f7df7d1f4fbd065dbe308f4e4c4c0|0x779d73c9a68fd8939171969daaa1f6a9c797dd4f951471177887649d14546f69|74999877940357931409206557647852734140654034894672727412201456522041102015430|1774872592|buy|0.68|3.25,2026-06-24T20:54:34+00:00,e355bf8c9f3fb4d541c6c1e24e269f22e6995d65159d903d572dfc81f801f98a,494bd7a191f04d2691a1673995b08287df2835e66c277390c05d176e9e17ef70,wallet_trade_history_v1,none
0xde17f7144fbd0eddb2679132c10ff5e74b120988,https://polymarket.com/0xde17f7144fbd0eddb2679132c10ff5e74b120988,https://data-api.polymarket.com/activity?user=0xde17f7144fbd0eddb2679132c10ff5e74b120988&type=TRADE&limit=100&offset=0&sortBy=TIMESTAMP&sortDirection=DESC,activity_primary,TRADE,1774872590,2026-03-30T12:09:50+00:00,0x7d048cb582b54cbde82fc7d147671fc0539549006107e629db0f3754c336cd41,0x78f71396f0541f5cf4ff16d43e7aed6c3b921af1608773f3f65a199848d2b600,30109820557127204435800436020357779234564600945480086272535942750961708261591,30109820557127204435800436020357779234564600945480086272535942750961708261591,bitcoin-above-72k-on-april-5,bitcoin-above-on-april-5,"Will the price of Bitcoin be above $72,000 on April 5?",Yes,0,BUY,0.14000002940173353,4.081392,0.571395,endpoint_usdcSize,crypto_other,BTC,false,,,unavailable,entry_candidate,0xde17f7144fbd0eddb2679132c10ff5e74b120988|0x78f71396f0541f5cf4ff16d43e7aed6c3b921af1608773f3f65a199848d2b600|30109820557127204435800436020357779234564600945480086272535942750961708261591|Yes,0xde17f7144fbd0eddb2679132c10ff5e74b120988|activity_primary|0x7d048cb582b54cbde82fc7d147671fc0539549006107e629db0f3754c336cd41|0x78f71396f0541f5cf4ff16d43e7aed6c3b921af1608773f3f65a199848d2b600|30109820557127204435800436020357779234564600945480086272535942750961708261591|1774872590|buy|0.14000002940173353|4.081392,2026-06-24T20:54:34+00:00,d0fa160dbebe63f18e8fd9e4214f22094f9f04425516580d8b97f680f45fe853,494bd7a191f04d2691a1673995b08287df2835e66c277390c05d176e9e17ef70,wallet_trade_history_v1,none
0xde17f7144fbd0eddb2679132c10ff5e74b120988,https://polymarket.com/0xde17f7144fbd0eddb2679132c10ff5e74b120988,https://data-api.polymarket.com/activity?user=0xde17f7144fbd0eddb2679132c10ff5e74b120988&type=TRADE&limit=100&offset=0&sortBy=TIMESTAMP&sortDirection=DESC,activity_primary,TRADE,1774872590,2026-03-30T12:09:50+00:00,0xbe5e4b5dbb96a8bd8a0d1d531eef6061f694bfd90ec2b954c47666f0bd0d26b9,0x78f71396f0541f5cf4ff16d43e7aed6c3b921af1608773f3f65a199848d2b600,56116058767978877924339750752741326905296469409304209197841962933167951699732,56116058767978877924339750752741326905296469409304209197841962933167951699732,bitcoin-above-72k-on-april-5,bitcoin-above-on-april-5,"Will the price of Bitcoin be above $72,000 on April 5?",No,1,BUY,0.8200000017096606,432.834443,354.924244,endpoint_usdcSize,crypto_other,BTC,false,,,unavailable,entry_candidate,0xde17f7144fbd0eddb2679132c10ff5e74b120988|0x78f71396f0541f5cf4ff16d43e7aed6c3b921af1608773f3f65a199848d2b600|56116058767978877924339750752741326905296469409304209197841962933167951699732|No,0xde17f7144fbd0eddb2679132c10ff5e74b120988|activity_primary|0xbe5e4b5dbb96a8bd8a0d1d531eef6061f694bfd90ec2b954c47666f0bd0d26b9|0x78f71396f0541f5cf4ff16d43e7aed6c3b921af1608773f3f65a199848d2b600|56116058767978877924339750752741326905296469409304209197841962933167951699732|1774872590|buy|0.8200000017096606|432.834443,2026-06-24T20:54:34+00:00,db568a6b1187ad1ca97b17acba642754971020e0f60657689b11ab48758438de,494bd7a191f04d2691a1673995b08287df2835e66c277390c05d176e9e17ef70,wallet_trade_history_v1,none
0xde17f7144fbd0eddb2679132c10ff5e74b120988,https://polymarket.com/0xde17f7144fbd0eddb2679132c10ff5e74b120988,https://data-api.polymarket.com/activity?user=0xde17f7144fbd0eddb2679132c10ff5e74b120988&type=TRADE&limit=100&offset=0&sortBy=TIMESTAMP&sortDirection=DESC,activity_primary,TRADE,1774872590,2026-03-30T12:09:50+00:00,0x87b7e35eb2e02fc83a7ad50ffc9b1805bf04ba695334d44bca2138b1349fd026,0x78f71396f0541f5cf4ff16d43e7aed6c3b921af1608773f3f65a199848d2b600,30109820557127204435800436020357779234564600945480086272535942750961708261591,30109820557127204435800436020357779234564600945480086272535942750961708261591,bitcoin-above-72k-on-april-5,bitcoin-above-on-april-5,"Will the price of Bitcoin be above $72,000 on April 5?",Yes,0,BUY,0.1400000194350333,4.116278,0.576279,endpoint_usdcSize,crypto_other,BTC,false,,,unavailable,entry_candidate,0xde17f7144fbd0eddb2679132c10ff5e74b120988|0x78f71396f0541f5cf4ff16d43e7aed6c3b921af1608773f3f65a199848d2b600|30109820557127204435800436020357779234564600945480086272535942750961708261591|Yes,0xde17f7144fbd0eddb2679132c10ff5e74b120988|activity_primary|0x87b7e35eb2e02fc83a7ad50ffc9b1805bf04ba695334d44bca2138b1349fd026|0x78f71396f0541f5cf4ff16d43e7aed6c3b921af1608773f3f65a199848d2b600|30109820557127204435800436020357779234564600945480086272535942750961708261591|1774872590|buy|0.1400000194350333|4.116278,2026-06-24T20:54:34+00:00,5ea9a214ddf4c839d9bf18534d6bbe6a9f53cc4119e17b4a1cfa212fbde36ba4,494bd7a191f04d2691a1673995b08287df2835e66c277390c05d176e9e17ef70,wallet_trade_history_v1,none
0xde17f7144fbd0eddb2679132c10ff5e74b120988,https://polymarket.com/0xde17f7144fbd0eddb2679132c10ff5e74b120988,https://data-api.polymarket.com/activity?user=0xde17f7144fbd0eddb2679132c10ff5e74b120988&type=TRADE&limit=100&offset=0&sortBy=TIMESTAMP&sortDirection=DESC,activity_primary,TRADE,1774872590,2026-03-30T12:09:50+00:00,0x61f4f02897e8186b6801af4c878f5cedc1a5a24e92addc934192268ec3430884,0x779d73c9a68fd8939171969daaa1f6a9c797dd4f951471177887649d14546f69,74999877940357931409206557647852734140654034894672727412201456522041102015430,74999877940357931409206557647852734140654034894672727412201456522041102015430,bitcoin-above-70k-on-april-5,bitcoin-above-on-april-5,"Will the price of Bitcoin be above $70,000 on April 5?",No,1,BUY,0.68,7.52,5.1136,endpoint_usdcSize,crypto_other,BTC,false,,,unavailable,entry_candidate,0xde17f7144fbd0eddb2679132c10ff5e74b120988|0x779d73c9a68fd8939171969daaa1f6a9c797dd4f951471177887649d14546f69|74999877940357931409206557647852734140654034894672727412201456522041102015430|No,0xde17f7144fbd0eddb2679132c10ff5e74b120988|activity_primary|0x61f4f02897e8186b6801af4c878f5cedc1a5a24e92addc934192268ec3430884|0x779d73c9a68fd8939171969daaa1f6a9c797dd4f951471177887649d14546f69|74999877940357931409206557647852734140654034894672727412201456522041102015430|1774872590|buy|0.68|7.52,2026-06-24T20:54:34+00:00,63eb1d0db04358d4c39d700dbbedd7fc52685846434933d646946c3ee47563eb,494bd7a191f04d2691a1673995b08287df2835e66c277390c05d176e9e17ef70,wallet_trade_history_v1,none
0xde17f7144fbd0eddb2679132c10ff5e74b120988,https://polymarket.com/0xde17f7144fbd0eddb2679132c10ff5e74b120988,https://data-api.polymarket.com/activity?user=0xde17f7144fbd0eddb2679132c10ff5e74b120988&type=TRADE&limit=100&offset=0&sortBy=TIMESTAMP&sortDirection=DESC,activity_primary,TRADE,1774872590,2026-03-30T12:09:50+00:00,0xc38e046c7961c377f16382acbd320256902eff9f80e5fda874e2cb08c4ddaa74,0x78f71396f0541f5cf4ff16d43e7aed6c3b921af1608773f3f65a199848d2b600,30109820557127204435800436020357779234564600945480086272535942750961708261591,30109820557127204435800436020357779234564600945480086272535942750961708261591,bitcoin-above-72k-on-april-5,bitcoin-above-on-april-5,"Will the price of Bitcoin be above $72,000 on April 5?",Yes,0,BUY,0.1400000194350333,4.116278,0.576279,endpoint_usdcSize,crypto_other,BTC,false,,,unavailable,entry_candidate,0xde17f7144fbd0eddb2679132c10ff5e74b120988|0x78f71396f0541f5cf4ff16d43e7aed6c3b921af1608773f3f65a199848d2b600|30109820557127204435800436020357779234564600945480086272535942750961708261591|Yes,0xde17f7144fbd0eddb2679132c10ff5e74b120988|activity_primary|0xc38e046c7961c377f16382acbd320256902eff9f80e5fda874e2cb08c4ddaa74|0x78f71396f0541f5cf4ff16d43e7aed6c3b921af1608773f3f65a199848d2b600|30109820557127204435800436020357779234564600945480086272535942750961708261591|1774872590|buy|0.1400000194350333|4.116278,2026-06-24T20:54:34+00:00,a58d11ad979beb61ebce75035fdf5f6db75920d48fed6c6963050bc26ad1af9b,494bd7a191f04d2691a1673995b08287df2835e66c277390c05d176e9e17ef70,wallet_trade_history_v1,none
0xde17f7144fbd0eddb2679132c10ff5e74b120988,https://polymarket.com/0xde17f7144fbd0eddb2679132c10ff5e74b120988,https://data-api.polymarket.com/activity?user=0xde17f7144fbd0eddb2679132c10ff5e74b120988&type=TRADE&limit=100&offset=0&sortBy=TIMESTAMP&sortDirection=DESC,activity_primary,TRADE,1774872590,2026-03-30T12:09:50+00:00,0x6f0c16e482c483f0e4e038da39adeb9f6c77d5a7cb75f14763b14c216c4f0183,0x78f71396f0541f5cf4ff16d43e7aed6c3b921af1608773f3f65a199848d2b600,30109820557127204435800436020357779234564600945480086272535942750961708261591,30109820557127204435800436020357779234564600945480086272535942750961708261591,bitcoin-above-72k-on-april-5,bitcoin-above-on-april-5,"Will the price of Bitcoin be above $72,000 on April 5?",Yes,0,BUY,0.1400000194350333,4.116278,0.576279,endpoint_usdcSize,crypto_other,BTC,false,,,unavailable,entry_candidate,0xde17f7144fbd0eddb2679132c10ff5e74b120988|0x78f71396f0541f5cf4ff16d43e7aed6c3b921af1608773f3f65a199848d2b600|30109820557127204435800436020357779234564600945480086272535942750961708261591|Yes,0xde17f7144fbd0eddb2679132c10ff5e74b120988|activity_primary|0x6f0c16e482c483f0e4e038da39adeb9f6c77d5a7cb75f14763b14c216c4f0183|0x78f71396f0541f5cf4ff16d43e7aed6c3b921af1608773f3f65a199848d2b600|30109820557127204435800436020357779234564600945480086272535942750961708261591|1774872590|buy|0.1400000194350333|4.116278,2026-06-24T20:54:34+00:00,46d9302f582680c443764a82037ad2b5aef92f8d00d952747303b90937091cf6,494bd7a191f04d2691a1673995b08287df2835e66c277390c05d176e9e17ef70,wallet_trade_history_v1,none
0xde17f7144fbd0eddb2679132c10ff5e74b120988,https://polymarket.com/0xde17f7144fbd0eddb2679132c10ff5e74b120988,https://data-api.polymarket.com/activity?user=0xde17f7144fbd0eddb2679132c10ff5e74b120988&type=TRADE&limit=100&offset=0&sortBy=TIMESTAMP&sortDirection=DESC,activity_primary,TRADE,1774872588,2026-03-30T12:09:48+00:00,0xf62c079c2929e9f3c109a283181103981a8fa65ef40215e0c79301cd4768fb2e,0xc5b98c248c0fce5702f4f8b8a5e26a37d6bb981cd134804e07d1a7b11ce8908a,10029497826145049423300389806580233060414772967059176641260102583167829906565,10029497826145049423300389806580233060414772967059176641260102583167829906565,will-bitcoin-reach-74k-march-30-april-5,what-price-will-bitcoin-hit-march-30-april-5,"Will Bitcoin reach $74,000 March 30-April 5?",No,1,BUY,0.86,595,511.7,endpoint_usdcSize,crypto_other,BTC,false,,,unavailable,entry_candidate,0xde17f7144fbd0eddb2679132c10ff5e74b120988|0xc5b98c248c0fce5702f4f8b8a5e26a37d6bb981cd134804e07d1a7b11ce8908a|10029497826145049423300389806580233060414772967059176641260102583167829906565|No,0xde17f7144fbd0eddb2679132c10ff5e74b120988|activity_primary|0xf62c079c2929e9f3c109a283181103981a8fa65ef40215e0c79301cd4768fb2e|0xc5b98c248c0fce5702f4f8b8a5e26a37d6bb981cd134804e07d1a7b11ce8908a|10029497826145049423300389806580233060414772967059176641260102583167829906565|1774872588|buy|0.86|595,2026-06-24T20:54:34+00:00,38fd39dd3d3a1ff043dd4f0a629b516efcd0a247bf1456e156853da2b98e9164,494bd7a191f04d2691a1673995b08287df2835e66c277390c05d176e9e17ef70,wallet_trade_history_v1,none
0xde17f7144fbd0eddb2679132c10ff5e74b120988,https://polymarket.com/0xde17f7144fbd0eddb2679132c10ff5e74b120988,https://data-api.polymarket.com/activity?user=0xde17f7144fbd0eddb2679132c10ff5e74b120988&type=TRADE&limit=100&offset=0&sortBy=TIMESTAMP&sortDirection=DESC,activity_primary,TRADE,1774872588,2026-03-30T12:09:48+00:00,0x7752e682e565660a6fa2a79b21d43509a78eef8b9f3cc5ffc9a41b856c87aa9b,0x779d73c9a68fd8939171969daaa1f6a9c797dd4f951471177887649d14546f69,74999877940357931409206557647852734140654034894672727412201456522041102015430,74999877940357931409206557647852734140654034894672727412201456522041102015430,bitcoin-above-70k-on-april-5,bitcoin-above-on-april-5,"Will the price of Bitcoin be above $70,000 on April 5?",No,1,BUY,0.68,5,3.4,endpoint_usdcSize,crypto_other,BTC,false,,,unavailable,entry_candidate,0xde17f7144fbd0eddb2679132c10ff5e74b120988|0x779d73c9a68fd8939171969daaa1f6a9c797dd4f951471177887649d14546f69|74999877940357931409206557647852734140654034894672727412201456522041102015430|No,0xde17f7144fbd0eddb2679132c10ff5e74b120988|activity_primary|0x7752e682e565660a6fa2a79b21d43509a78eef8b9f3cc5ffc9a41b856c87aa9b|0x779d73c9a68fd8939171969daaa1f6a9c797dd4f951471177887649d14546f69|74999877940357931409206557647852734140654034894672727412201456522041102015430|1774872588|buy|0.68|5,2026-06-24T20:54:34+00:00,53d59c498283ed1ddcc44beaaa2f314f11daad47f5c520d59172949a4410e105,494bd7a191f04d2691a1673995b08287df2835e66c277390c05d176e9e17ef70,wallet_trade_history_v1,none
0xde17f7144fbd0eddb2679132c10ff5e74b120988,https://polymarket.com/0xde17f7144fbd0eddb2679132c10ff5e74b120988,https://data-api.polymarket.com/activity?user=0xde17f7144fbd0eddb2679132c10ff5e74b120988&type=TRADE&limit=100&offset=0&sortBy=TIMESTAMP&sortDirection=DESC,activity_primary,TRADE,1774872582,2026-03-30T12:09:42+00:00,0x7a1ca1e24664a98d271804f1c0e7085379fca90a6df9b474806773c0abfd247a,0x779d73c9a68fd8939171969daaa1f6a9c797dd4f951471177887649d14546f69,74999877940357931409206557647852734140654034894672727412201456522041102015430,74999877940357931409206557647852734140654034894672727412201456522041102015430,bitcoin-above-70k-on-april-5,bitcoin-above-on-april-5,"Will the price of Bitcoin be above $70,000 on April 5?",No,1,BUY,0.68,3.25,2.21,endpoint_usdcSize,crypto_other,BTC,false,,,unavailable,entry_candidate,0xde17f7144fbd0eddb2679132c10ff5e74b120988|0x779d73c9a68fd8939171969daaa1f6a9c797dd4f951471177887649d14546f69|74999877940357931409206557647852734140654034894672727412201456522041102015430|No,0xde17f7144fbd0eddb2679132c10ff5e74b120988|activity_primary|0x7a1ca1e24664a98d271804f1c0e7085379fca90a6df9b474806773c0abfd247a|0x779d73c9a68fd8939171969daaa1f6a9c797dd4f951471177887649d14546f69|74999877940357931409206557647852734140654034894672727412201456522041102015430|1774872582|buy|0.68|3.25,2026-06-24T20:54:34+00:00,a9868095129a8172a902ff1cf6c8de921c624624a8151eeed8b9c1f801be58c3,494bd7a191f04d2691a1673995b08287df2835e66c277390c05d176e9e17ef70,wallet_trade_history_v1,none
0xde17f7144fbd0eddb2679132c10ff5e74b120988,https://polymarket.com/0xde17f7144fbd0eddb2679132c10ff5e74b120988,https://data-api.polymarket.com/activity?user=0xde17f7144fbd0eddb2679132c10ff5e74b120988&type=TRADE&limit=100&offset=0&sortBy=TIMESTAMP&sortDirection=DESC,activity_primary,TRADE,1774872580,2026-03-30T12:09:40+00:00,0x0bb063847116262836e607c2652737af29128f3f5ce2176b301d0f569129b440,0x779d73c9a68fd8939171969daaa1f6a9c797dd4f951471177887649d14546f69,74999877940357931409206557647852734140654034894672727412201456522041102015430,74999877940357931409206557647852734140654034894672727412201456522041102015430,bitcoin-above-70k-on-april-5,bitcoin-above-on-april-5,"Will the price of Bitcoin be above $70,000 on April 5?",No,1,BUY,0.68,3.25,2.21,endpoint_usdcSize,crypto_other,BTC,false,,,unavailable,entry_candidate,0xde17f7144fbd0eddb2679132c10ff5e74b120988|0x779d73c9a68fd8939171969daaa1f6a9c797dd4f951471177887649d14546f69|74999877940357931409206557647852734140654034894672727412201456522041102015430|No,0xde17f7144fbd0eddb2679132c10ff5e74b120988|activity_primary|0x0bb063847116262836e607c2652737af29128f3f5ce2176b301d0f569129b440|0x779d73c9a68fd8939171969daaa1f6a9c797dd4f951471177887649d14546f69|74999877940357931409206557647852734140654034894672727412201456522041102015430|1774872580|buy|0.68|3.25,2026-06-24T20:54:34+00:00,5ce952136965daa009f002ffa968addc0e6942e42f0242bdb1166ac7df7dd381,494bd7a191f04d2691a1673995b08287df2835e66c277390c05d176e9e17ef70,wallet_trade_history_v1,none
0xde17f7144fbd0eddb2679132c10ff5e74b120988,https://polymarket.com/0xde17f7144fbd0eddb2679132c10ff5e74b120988,https://data-api.polymarket.com/activity?user=0xde17f7144fbd0eddb2679132c10ff5e74b120988&type=TRADE&limit=100&offset=0&sortBy=TIMESTAMP&sortDirection=DESC,activity_primary,TRADE,1774872580,2026-03-30T12:09:40+00:00,0x4eab92d63e7ca0abb6eef1524ce279c1f614789bb0714e2183fb547418d2d100,0x779d73c9a68fd8939171969daaa1f6a9c797dd4f951471177887649d14546f69,74999877940357931409206557647852734140654034894672727412201456522041102015430,74999877940357931409206557647852734140654034894672727412201456522041102015430,bitcoin-above-70k-on-april-5,bitcoin-above-on-april-5,"Will the price of Bitcoin be above $70,000 on April 5?",No,1,BUY,0.68,3.25,2.21,endpoint_usdcSize,crypto_other,BTC,false,,,unavailable,entry_candidate,0xde17f7144fbd0eddb2679132c10ff5e74b120988|0x779d73c9a68fd8939171969daaa1f6a9c797dd4f951471177887649d14546f69|74999877940357931409206557647852734140654034894672727412201456522041102015430|No,0xde17f7144fbd0eddb2679132c10ff5e74b120988|activity_primary|0x4eab92d63e7ca0abb6eef1524ce279c1f614789bb0714e2183fb547418d2d100|0x779d73c9a68fd8939171969daaa1f6a9c797dd4f951471177887649d14546f69|74999877940357931409206557647852734140654034894672727412201456522041102015430|1774872580|buy|0.68|3.25,2026-06-24T20:54:34+00:00,bcac069d13f924d95e57141b20d0fe04a89af63561a914d424ec4e90eb94f5f4,494bd7a191f04d2691a1673995b08287df2835e66c277390c05d176e9e17ef70,wallet_trade_history_v1,none
0xde17f7144fbd0eddb2679132c10ff5e74b120988,https://polymarket.com/0xde17f7144fbd0eddb2679132c10ff5e74b120988,https://data-api.polymarket.com/activity?user=0xde17f7144fbd0eddb2679132c10ff5e74b120988&type=TRADE&limit=100&offset=0&sortBy=TIMESTAMP&sortDirection=DESC,activity_primary,TRADE,1774872574,2026-03-30T12:09:34+00:00,0x682ab163cff4d10c9cf7d2af05ee21bd275e577688b6eb9824452170ec3ef030,0x727545eb5f3f04f010d0024a4fef241c867f7d9c1b98ced2330df3bc26098a5c,33040702189964814137958959876518421702823561686782940172093773693372020731432,33040702189964814137958959876518421702823561686782940172093773693372020731432,will-bitcoin-reach-76k-march-30-april-5,what-price-will-bitcoin-hit-march-30-april-5,"Will Bitcoin reach $76,000 March 30-April 5?",No,1,BUY,0.94,573,538.62,endpoint_usdcSize,crypto_other,BTC,false,,,unavailable,entry_candidate,0xde17f7144fbd0eddb2679132c10ff5e74b120988|0x727545eb5f3f04f010d0024a4fef241c867f7d9c1b98ced2330df3bc26098a5c|33040702189964814137958959876518421702823561686782940172093773693372020731432|No,0xde17f7144fbd0eddb2679132c10ff5e74b120988|activity_primary|0x682ab163cff4d10c9cf7d2af05ee21bd275e577688b6eb9824452170ec3ef030|0x727545eb5f3f04f010d0024a4fef241c867f7d9c1b98ced2330df3bc26098a5c|33040702189964814137958959876518421702823561686782940172093773693372020731432|1774872574|buy|0.94|573,2026-06-24T20:54:34+00:00,eabad16634d0817935d54275d78731ea72a5817eb6bd9a324bc04a50c3ce06ee,494bd7a191f04d2691a1673995b08287df2835e66c277390c05d176e9e17ef70,wallet_trade_history_v1,none
0xde17f7144fbd0eddb2679132c10ff5e74b120988,https://polymarket.com/0xde17f7144fbd0eddb2679132c10ff5e74b120988,https://data-api.polymarket.com/activity?user=0xde17f7144fbd0eddb2679132c10ff5e74b120988&type=TRADE&limit=100&offset=0&sortBy=TIMESTAMP&sortDirection=DESC,activity_primary,TRADE,1774872574,2026-03-30T12:09:34+00:00,0x0c1eb79ce4a0bd412f47f49c5623ec967effdb05ab420b3dea5d44ba584cfa0c,0xc5b98c248c0fce5702f4f8b8a5e26a37d6bb981cd134804e07d1a7b11ce8908a,10029497826145049423300389806580233060414772967059176641260102583167829906565,10029497826145049423300389806580233060414772967059176641260102583167829906565,will-bitcoin-reach-74k-march-30-april-5,what-price-will-bitcoin-hit-march-30-april-5,"Will Bitcoin reach $74,000 March 30-April 5?",No,1,BUY,0.86,340,292.4,endpoint_usdcSize,crypto_other,BTC,false,,,unavailable,entry_candidate,0xde17f7144fbd0eddb2679132c10ff5e74b120988|0xc5b98c248c0fce5702f4f8b8a5e26a37d6bb981cd134804e07d1a7b11ce8908a|10029497826145049423300389806580233060414772967059176641260102583167829906565|No,0xde17f7144fbd0eddb2679132c10ff5e74b120988|activity_primary|0x0c1eb79ce4a0bd412f47f49c5623ec967effdb05ab420b3dea5d44ba584cfa0c|0xc5b98c248c0fce5702f4f8b8a5e26a37d6bb981cd134804e07d1a7b11ce8908a|10029497826145049423300389806580233060414772967059176641260102583167829906565|1774872574|buy|0.86|340,2026-06-24T20:54:34+00:00,93eab7368e4014603f0615534dd87bd09164c4953a39ebab459c9e74abf473b4,494bd7a191f04d2691a1673995b08287df2835e66c277390c05d176e9e17ef70,wallet_trade_history_v1,none
0xde17f7144fbd0eddb2679132c10ff5e74b120988,https://polymarket.com/0xde17f7144fbd0eddb2679132c10ff5e74b120988,https://data-api.polymarket.com/activity?user=0xde17f7144fbd0eddb2679132c10ff5e74b120988&type=TRADE&limit=100&offset=0&sortBy=TIMESTAMP&sortDirection=DESC,activity_primary,TRADE,1774872574,2026-03-30T12:09:34+00:00,0x2907de4b52b60d5ad2bd22067c71f5885a9209d8ae0b87946fd8330a0a6ada97,0x779d73c9a68fd8939171969daaa1f6a9c797dd4f951471177887649d14546f69,74999877940357931409206557647852734140654034894672727412201456522041102015430,74999877940357931409206557647852734140654034894672727412201456522041102015430,bitcoin-above-70k-on-april-5,bitcoin-above-on-april-5,"Will the price of Bitcoin be above $70,000 on April 5?",No,1,BUY,0.68,5,3.4,endpoint_usdcSize,crypto_other,BTC,false,,,unavailable,entry_candidate,0xde17f7144fbd0eddb2679132c10ff5e74b120988|0x779d73c9a68fd8939171969daaa1f6a9c797dd4f951471177887649d14546f69|74999877940357931409206557647852734140654034894672727412201456522041102015430|No,0xde17f7144fbd0eddb2679132c10ff5e74b120988|activity_primary|0x2907de4b52b60d5ad2bd22067c71f5885a9209d8ae0b87946fd8330a0a6ada97|0x779d73c9a68fd8939171969daaa1f6a9c797dd4f951471177887649d14546f69|74999877940357931409206557647852734140654034894672727412201456522041102015430|1774872574|buy|0.68|5,2026-06-24T20:54:34+00:00,cf3c1f0b8844d8963b29ac1fb25b126bff897a519304ea325f864fba84f95330,494bd7a191f04d2691a1673995b08287df2835e66c277390c05d176e9e17ef70,wallet_trade_history_v1,none
0xde17f7144fbd0eddb2679132c10ff5e74b120988,https://polymarket.com/0xde17f7144fbd0eddb2679132c10ff5e74b120988,https://data-api.polymarket.com/activity?user=0xde17f7144fbd0eddb2679132c10ff5e74b120988&type=TRADE&limit=100&offset=0&sortBy=TIMESTAMP&sortDirection=DESC,activity_primary,TRADE,1774872574,2026-03-30T12:09:34+00:00,0x54999c718c1b056077f5259506d7e4b66e2c1f9bd83e9afa1727db3e9fe01791,0x779d73c9a68fd8939171969daaa1f6a9c797dd4f951471177887649d14546f69,74999877940357931409206557647852734140654034894672727412201456522041102015430,74999877940357931409206557647852734140654034894672727412201456522041102015430,bitcoin-above-70k-on-april-5,bitcoin-above-on-april-5,"Will the price of Bitcoin be above $70,000 on April 5?",No,1,BUY,0.68,3.25,2.21,endpoint_usdcSize,crypto_other,BTC,false,,,unavailable,entry_candidate,0xde17f7144fbd0eddb2679132c10ff5e74b120988|0x779d73c9a68fd8939171969daaa1f6a9c797dd4f951471177887649d14546f69|74999877940357931409206557647852734140654034894672727412201456522041102015430|No,0xde17f7144fbd0eddb2679132c10ff5e74b120988|activity_primary|0x54999c718c1b056077f5259506d7e4b66e2c1f9bd83e9afa1727db3e9fe01791|0x779d73c9a68fd8939171969daaa1f6a9c797dd4f951471177887649d14546f69|74999877940357931409206557647852734140654034894672727412201456522041102015430|1774872574|buy|0.68|3.25,2026-06-24T20:54:34+00:00,f09465423d9057c0a75c5dfdb96a2985821df58501c0754e60b59e60e947c9e8,494bd7a191f04d2691a1673995b08287df2835e66c277390c05d176e9e17ef70,wallet_trade_history_v1,none
0xde17f7144fbd0eddb2679132c10ff5e74b120988,https://polymarket.com/0xde17f7144fbd0eddb2679132c10ff5e74b120988,https://data-api.polymarket.com/activity?user=0xde17f7144fbd0eddb2679132c10ff5e74b120988&type=TRADE&limit=100&offset=0&sortBy=TIMESTAMP&sortDirection=DESC,activity_primary,TRADE,1774872572,2026-03-30T12:09:32+00:00,0xd84a0f20e35a7b093351bdaee733ab643f16d4db9348bd5ef506c18188d35e8f,0x779d73c9a68fd8939171969daaa1f6a9c797dd4f951471177887649d14546f69,74999877940357931409206557647852734140654034894672727412201456522041102015430,74999877940357931409206557647852734140654034894672727412201456522041102015430,bitcoin-above-70k-on-april-5,bitcoin-above-on-april-5,"Will the price of Bitcoin be above $70,000 on April 5?",No,1,BUY,0.68,5,3.4,endpoint_usdcSize,crypto_other,BTC,false,,,unavailable,entry_candidate,0xde17f7144fbd0eddb2679132c10ff5e74b120988|0x779d73c9a68fd8939171969daaa1f6a9c797dd4f951471177887649d14546f69|74999877940357931409206557647852734140654034894672727412201456522041102015430|No,0xde17f7144fbd0eddb2679132c10ff5e74b120988|activity_primary|0xd84a0f20e35a7b093351bdaee733ab643f16d4db9348bd5ef506c18188d35e8f|0x779d73c9a68fd8939171969daaa1f6a9c797dd4f951471177887649d14546f69|74999877940357931409206557647852734140654034894672727412201456522041102015430|1774872572|buy|0.68|5,2026-06-24T20:54:34+00:00,5045f7fe5c0fb16ec4479305b2a5eb1d6796cd28f053fd2214ff0a9cfc82659d,494bd7a191f04d2691a1673995b08287df2835e66c277390c05d176e9e17ef70,wallet_trade_history_v1,none
0xde17f7144fbd0eddb2679132c10ff5e74b120988,https://polymarket.com/0xde17f7144fbd0eddb2679132c10ff5e74b120988,https://data-api.polymarket.com/activity?user=0xde17f7144fbd0eddb2679132c10ff5e74b120988&type=TRADE&limit=100&offset=0&sortBy=TIMESTAMP&sortDirection=DESC,activity_primary,TRADE,1774872572,2026-03-30T12:09:32+00:00,0xd8ebb431e900034954812ba2318411cac1a440045dcbfcf7d476ccb5a1e213a9,0x779d73c9a68fd8939171969daaa1f6a9c797dd4f951471177887649d14546f69,74999877940357931409206557647852734140654034894672727412201456522041102015430,74999877940357931409206557647852734140654034894672727412201456522041102015430,bitcoin-above-70k-on-april-5,bitcoin-above-on-april-5,"Will the price of Bitcoin be above $70,000 on April 5?",No,1,BUY,0.68,5,3.4,endpoint_usdcSize,crypto_other,BTC,false,,,unavailable,entry_candidate,0xde17f7144fbd0eddb2679132c10ff5e74b120988|0x779d73c9a68fd8939171969daaa1f6a9c797dd4f951471177887649d14546f69|74999877940357931409206557647852734140654034894672727412201456522041102015430|No,0xde17f7144fbd0eddb2679132c10ff5e74b120988|activity_primary|0xd8ebb431e900034954812ba2318411cac1a440045dcbfcf7d476ccb5a1e213a9|0x779d73c9a68fd8939171969daaa1f6a9c797dd4f951471177887649d14546f69|74999877940357931409206557647852734140654034894672727412201456522041102015430|1774872572|buy|0.68|5,2026-06-24T20:54:34+00:00,6570a04709138c1241cad2a92efab79e1cd81dabe31e5a3de9c5b784c2327128,494bd7a191f04d2691a1673995b08287df2835e66c277390c05d176e9e17ef70,wallet_trade_history_v1,none
0xde17f7144fbd0eddb2679132c10ff5e74b120988,https://polymarket.com/0xde17f7144fbd0eddb2679132c10ff5e74b120988,https://data-api.polymarket.com/activity?user=0xde17f7144fbd0eddb2679132c10ff5e74b120988&type=TRADE&limit=100&offset=0&sortBy=TIMESTAMP&sortDirection=DESC,activity_primary,TRADE,1774872572,2026-03-30T12:09:32+00:00,0x8e96ce59c33deb96998831b05a57697d8e3234b3b40bc4460af20eb237e2ce69,0x779d73c9a68fd8939171969daaa1f6a9c797dd4f951471177887649d14546f69,74999877940357931409206557647852734140654034894672727412201456522041102015430,74999877940357931409206557647852734140654034894672727412201456522041102015430,bitcoin-above-70k-on-april-5,bitcoin-above-on-april-5,"Will the price of Bitcoin be above $70,000 on April 5?",No,1,BUY,0.68,5,3.4,endpoint_usdcSize,crypto_other,BTC,false,,,unavailable,entry_candidate,0xde17f7144fbd0eddb2679132c10ff5e74b120988|0x779d73c9a68fd8939171969daaa1f6a9c797dd4f951471177887649d14546f69|74999877940357931409206557647852734140654034894672727412201456522041102015430|No,0xde17f7144fbd0eddb2679132c10ff5e74b120988|activity_primary|0x8e96ce59c33deb96998831b05a57697d8e3234b3b40bc4460af20eb237e2ce69|0x779d73c9a68fd8939171969daaa1f6a9c797dd4f951471177887649d14546f69|74999877940357931409206557647852734140654034894672727412201456522041102015430|1774872572|buy|0.68|5,2026-06-24T20:54:34+00:00,3776e57b7f18137a27cfc84fcffcc57218831c7b2a81aec6804b5269b55c7c57,494bd7a191f04d2691a1673995b08287df2835e66c277390c05d176e9e17ef70,wallet_trade_history_v1,none
0xde17f7144fbd0eddb2679132c10ff5e74b120988,https://polymarket.com/0xde17f7144fbd0eddb2679132c10ff5e74b120988,https://data-api.polymarket.com/activity?user=0xde17f7144fbd0eddb2679132c10ff5e74b120988&type=TRADE&limit=100&offset=0&sortBy=TIMESTAMP&sortDirection=DESC,activity_primary,TRADE,1774872572,2026-03-30T12:09:32+00:00,0x4e8416d46eb813c95e86fce5a6c28b7e013d379b6b155fd71c1c3c7054c852f3,0x779d73c9a68fd8939171969daaa1f6a9c797dd4f951471177887649d14546f69,74999877940357931409206557647852734140654034894672727412201456522041102015430,74999877940357931409206557647852734140654034894672727412201456522041102015430,bitcoin-above-70k-on-april-5,bitcoin-above-on-april-5,"Will the price of Bitcoin be above $70,000 on April 5?",No,1,BUY,0.68,5,3.4,endpoint_usdcSize,crypto_other,BTC,false,,,unavailable,entry_candidate,0xde17f7144fbd0eddb2679132c10ff5e74b120988|0x779d73c9a68fd8939171969daaa1f6a9c797dd4f951471177887649d14546f69|74999877940357931409206557647852734140654034894672727412201456522041102015430|No,0xde17f7144fbd0eddb2679132c10ff5e74b120988|activity_primary|0x4e8416d46eb813c95e86fce5a6c28b7e013d379b6b155fd71c1c3c7054c852f3|0x779d73c9a68fd8939171969daaa1f6a9c797dd4f951471177887649d14546f69|74999877940357931409206557647852734140654034894672727412201456522041102015430|1774872572|buy|0.68|5,2026-06-24T20:54:34+00:00,ad0511b51e6b6c550ddb7cb879c25a016256537bc7eb2589c30394b1162427f8,494bd7a191f04d2691a1673995b08287df2835e66c277390c05d176e9e17ef70,wallet_trade_history_v1,none
0xde17f7144fbd0eddb2679132c10ff5e74b120988,https://polymarket.com/0xde17f7144fbd0eddb2679132c10ff5e74b120988,https://data-api.polymarket.com/activity?user=0xde17f7144fbd0eddb2679132c10ff5e74b120988&type=TRADE&limit=100&offset=0&sortBy=TIMESTAMP&sortDirection=DESC,activity_primary,TRADE,1774872572,2026-03-30T12:09:32+00:00,0xf1f7a0d37faad6379131d849cebb008d5055ac1035797cd228967074979e5d08,0x779d73c9a68fd8939171969daaa1f6a9c797dd4f951471177887649d14546f69,74999877940357931409206557647852734140654034894672727412201456522041102015430,74999877940357931409206557647852734140654034894672727412201456522041102015430,bitcoin-above-70k-on-april-5,bitcoin-above-on-april-5,"Will the price of Bitcoin be above $70,000 on April 5?",No,1,BUY,0.68,3.25,2.21,endpoint_usdcSize,crypto_other,BTC,false,,,unavailable,entry_candidate,0xde17f7144fbd0eddb2679132c10ff5e74b120988|0x779d73c9a68fd8939171969daaa1f6a9c797dd4f951471177887649d14546f69|74999877940357931409206557647852734140654034894672727412201456522041102015430|No,0xde17f7144fbd0eddb2679132c10ff5e74b120988|activity_primary|0xf1f7a0d37faad6379131d849cebb008d5055ac1035797cd228967074979e5d08|0x779d73c9a68fd8939171969daaa1f6a9c797dd4f951471177887649d14546f69|74999877940357931409206557647852734140654034894672727412201456522041102015430|1774872572|buy|0.68|3.25,2026-06-24T20:54:34+00:00,64bc9cf5a50324427b0d50ef9a64a389c5a0d92426522a00d497353851f907b7,494bd7a191f04d2691a1673995b08287df2835e66c277390c05d176e9e17ef70,wallet_trade_history_v1,none
0xde17f7144fbd0eddb2679132c10ff5e74b120988,https://polymarket.com/0xde17f7144fbd0eddb2679132c10ff5e74b120988,https://data-api.polymarket.com/activity?user=0xde17f7144fbd0eddb2679132c10ff5e74b120988&type=TRADE&limit=100&offset=0&sortBy=TIMESTAMP&sortDirection=DESC,activity_primary,TRADE,1774872572,2026-03-30T12:09:32+00:00,0x99092b652178ead8d8ebbcbc5bb8dae284daf2261e6bb34f5ed9404358105d39,0x779d73c9a68fd8939171969daaa1f6a9c797dd4f951471177887649d14546f69,74999877940357931409206557647852734140654034894672727412201456522041102015430,74999877940357931409206557647852734140654034894672727412201456522041102015430,bitcoin-above-70k-on-april-5,bitcoin-above-on-april-5,"Will the price of Bitcoin be above $70,000 on April 5?",No,1,BUY,0.68,5,3.4,endpoint_usdcSize,crypto_other,BTC,false,,,unavailable,entry_candidate,0xde17f7144fbd0eddb2679132c10ff5e74b120988|0x779d73c9a68fd8939171969daaa1f6a9c797dd4f951471177887649d14546f69|74999877940357931409206557647852734140654034894672727412201456522041102015430|No,0xde17f7144fbd0eddb2679132c10ff5e74b120988|activity_primary|0x99092b652178ead8d8ebbcbc5bb8dae284daf2261e6bb34f5ed9404358105d39|0x779d73c9a68fd8939171969daaa1f6a9c797dd4f951471177887649d14546f69|74999877940357931409206557647852734140654034894672727412201456522041102015430|1774872572|buy|0.68|5,2026-06-24T20:54:34+00:00,ad1838547f6ad5694a46db4ff6697c45b1249ed9d68ba1e3969426b7195bcb57,494bd7a191f04d2691a1673995b08287df2835e66c277390c05d176e9e17ef70,wallet_trade_history_v1,none
0xde17f7144fbd0eddb2679132c10ff5e74b120988,https://polymarket.com/0xde17f7144fbd0eddb2679132c10ff5e74b120988,https://data-api.polymarket.com/activity?user=0xde17f7144fbd0eddb2679132c10ff5e74b120988&type=TRADE&limit=100&offset=0&sortBy=TIMESTAMP&sortDirection=DESC,activity_primary,TRADE,1774872572,2026-03-30T12:09:32+00:00,0x82986a2402bcb2777fb626a3e07ba440a4204439fdb37aff90fcdf242b1590cf,0x727545eb5f3f04f010d0024a4fef241c867f7d9c1b98ced2330df3bc26098a5c,33040702189964814137958959876518421702823561686782940172093773693372020731432,33040702189964814137958959876518421702823561686782940172093773693372020731432,will-bitcoin-reach-76k-march-30-april-5,what-price-will-bitcoin-hit-march-30-april-5,"Will Bitcoin reach $76,000 March 30-April 5?",No,1,BUY,0.9300000019821484,464.142856,431.652857,endpoint_usdcSize,crypto_other,BTC,false,,,unavailable,entry_candidate,0xde17f7144fbd0eddb2679132c10ff5e74b120988|0x727545eb5f3f04f010d0024a4fef241c867f7d9c1b98ced2330df3bc26098a5c|33040702189964814137958959876518421702823561686782940172093773693372020731432|No,0xde17f7144fbd0eddb2679132c10ff5e74b120988|activity_primary|0x82986a2402bcb2777fb626a3e07ba440a4204439fdb37aff90fcdf242b1590cf|0x727545eb5f3f04f010d0024a4fef241c867f7d9c1b98ced2330df3bc26098a5c|33040702189964814137958959876518421702823561686782940172093773693372020731432|1774872572|buy|0.9300000019821484|464.142856,2026-06-24T20:54:34+00:00,6e0b282ed6f37960ac67c407674fedf6cf8f5fdbfb85e6bfbcdc9b373f8c05d5,494bd7a191f04d2691a1673995b08287df2835e66c277390c05d176e9e17ef70,wallet_trade_history_v1,none
0xde17f7144fbd0eddb2679132c10ff5e74b120988,https://polymarket.com/0xde17f7144fbd0eddb2679132c10ff5e74b120988,https://data-api.polymarket.com/activity?user=0xde17f7144fbd0eddb2679132c10ff5e74b120988&type=TRADE&limit=100&offset=0&sortBy=TIMESTAMP&sortDirection=DESC,activity_primary,TRADE,1774872572,2026-03-30T12:09:32+00:00,0x8d7362bac36627a48a44315fe4a44bfc90412a91dea558428158c27edb784f33,0x779d73c9a68fd8939171969daaa1f6a9c797dd4f951471177887649d14546f69,74999877940357931409206557647852734140654034894672727412201456522041102015430,74999877940357931409206557647852734140654034894672727412201456522041102015430,bitcoin-above-70k-on-april-5,bitcoin-above-on-april-5,"Will the price of Bitcoin be above $70,000 on April 5?",No,1,BUY,0.68,5,3.4,endpoint_usdcSize,crypto_other,BTC,false,,,unavailable,entry_candidate,0xde17f7144fbd0eddb2679132c10ff5e74b120988|0x779d73c9a68fd8939171969daaa1f6a9c797dd4f951471177887649d14546f69|74999877940357931409206557647852734140654034894672727412201456522041102015430|No,0xde17f7144fbd0eddb2679132c10ff5e74b120988|activity_primary|0x8d7362bac36627a48a44315fe4a44bfc90412a91dea558428158c27edb784f33|0x779d73c9a68fd8939171969daaa1f6a9c797dd4f951471177887649d14546f69|74999877940357931409206557647852734140654034894672727412201456522041102015430|1774872572|buy|0.68|5,2026-06-24T20:54:34+00:00,5ac9f1a39e42fba293841ad2d97bfe0c7b9cd805d39b02c751677adca2692daa,494bd7a191f04d2691a1673995b08287df2835e66c277390c05d176e9e17ef70,wallet_trade_history_v1,none
0xde17f7144fbd0eddb2679132c10ff5e74b120988,https://polymarket.com/0xde17f7144fbd0eddb2679132c10ff5e74b120988,https://data-api.polymarket.com/activity?user=0xde17f7144fbd0eddb2679132c10ff5e74b120988&type=TRADE&limit=100&offset=0&sortBy=TIMESTAMP&sortDirection=DESC,activity_primary,TRADE,1774872572,2026-03-30T12:09:32+00:00,0x6d9de03d591019e95836c16902e7a050bec129a8c4779a1aa958f96722e1a1ad,0x779d73c9a68fd8939171969daaa1f6a9c797dd4f951471177887649d14546f69,74999877940357931409206557647852734140654034894672727412201456522041102015430,74999877940357931409206557647852734140654034894672727412201456522041102015430,bitcoin-above-70k-on-april-5,bitcoin-above-on-april-5,"Will the price of Bitcoin be above $70,000 on April 5?",No,1,BUY,0.68,5,3.4,endpoint_usdcSize,crypto_other,BTC,false,,,unavailable,entry_candidate,0xde17f7144fbd0eddb2679132c10ff5e74b120988|0x779d73c9a68fd8939171969daaa1f6a9c797dd4f951471177887649d14546f69|74999877940357931409206557647852734140654034894672727412201456522041102015430|No,0xde17f7144fbd0eddb2679132c10ff5e74b120988|activity_primary|0x6d9de03d591019e95836c16902e7a050bec129a8c4779a1aa958f96722e1a1ad|0x779d73c9a68fd8939171969daaa1f6a9c797dd4f951471177887649d14546f69|74999877940357931409206557647852734140654034894672727412201456522041102015430|1774872572|buy|0.68|5,2026-06-24T20:54:34+00:00,ce354adacf00bb521416ec8da5b2909f9d1ce708c12eea7c466cafa16ad8a6ae,494bd7a191f04d2691a1673995b08287df2835e66c277390c05d176e9e17ef70,wallet_trade_history_v1,none
0xde17f7144fbd0eddb2679132c10ff5e74b120988,https://polymarket.com/0xde17f7144fbd0eddb2679132c10ff5e74b120988,https://data-api.polymarket.com/activity?user=0xde17f7144fbd0eddb2679132c10ff5e74b120988&type=TRADE&limit=100&offset=0&sortBy=TIMESTAMP&sortDirection=DESC,activity_primary,TRADE,1774872572,2026-03-30T12:09:32+00:00,0xbe05615f694c096be6b3ccbaefadc2219b51d0737f2f4d94752eaf29989c85e5,0x779d73c9a68fd8939171969daaa1f6a9c797dd4f951471177887649d14546f69,74999877940357931409206557647852734140654034894672727412201456522041102015430,74999877940357931409206557647852734140654034894672727412201456522041102015430,bitcoin-above-70k-on-april-5,bitcoin-above-on-april-5,"Will the price of Bitcoin be above $70,000 on April 5?",No,1,BUY,0.68,3.25,2.21,endpoint_usdcSize,crypto_other,BTC,false,,,unavailable,entry_candidate,0xde17f7144fbd0eddb2679132c10ff5e74b120988|0x779d73c9a68fd8939171969daaa1f6a9c797dd4f951471177887649d14546f69|74999877940357931409206557647852734140654034894672727412201456522041102015430|No,0xde17f7144fbd0eddb2679132c10ff5e74b120988|activity_primary|0xbe05615f694c096be6b3ccbaefadc2219b51d0737f2f4d94752eaf29989c85e5|0x779d73c9a68fd8939171969daaa1f6a9c797dd4f951471177887649d14546f69|74999877940357931409206557647852734140654034894672727412201456522041102015430|1774872572|buy|0.68|3.25,2026-06-24T20:54:34+00:00,9e316aa7348fbd26dc04e11327bb1f557bb52b9daede34bf4a00480fc76f0a5e,494bd7a191f04d2691a1673995b08287df2835e66c277390c05d176e9e17ef70,wallet_trade_history_v1,none
0xde17f7144fbd0eddb2679132c10ff5e74b120988,https://polymarket.com/0xde17f7144fbd0eddb2679132c10ff5e74b120988,https://data-api.polymarket.com/activity?user=0xde17f7144fbd0eddb2679132c10ff5e74b120988&type=TRADE&limit=100&offset=0&sortBy=TIMESTAMP&sortDirection=DESC,activity_primary,TRADE,1774872572,2026-03-30T12:09:32+00:00,0x14f511dd8bb6bb071df96fa837b722bba7633f8148f53e6fc8072b6a037beae7,0x779d73c9a68fd8939171969daaa1f6a9c797dd4f951471177887649d14546f69,74999877940357931409206557647852734140654034894672727412201456522041102015430,74999877940357931409206557647852734140654034894672727412201456522041102015430,bitcoin-above-70k-on-april-5,bitcoin-above-on-april-5,"Will the price of Bitcoin be above $70,000 on April 5?",No,1,BUY,0.68,5,3.4,endpoint_usdcSize,crypto_other,BTC,false,,,unavailable,entry_candidate,0xde17f7144fbd0eddb2679132c10ff5e74b120988|0x779d73c9a68fd8939171969daaa1f6a9c797dd4f951471177887649d14546f69|74999877940357931409206557647852734140654034894672727412201456522041102015430|No,0xde17f7144fbd0eddb2679132c10ff5e74b120988|activity_primary|0x14f511dd8bb6bb071df96fa837b722bba7633f8148f53e6fc8072b6a037beae7|0x779d73c9a68fd8939171969daaa1f6a9c797dd4f951471177887649d14546f69|74999877940357931409206557647852734140654034894672727412201456522041102015430|1774872572|buy|0.68|5,2026-06-24T20:54:34+00:00,ac1018588c5875b4f6d545d4a61e336ced529304fb9da820f6ce702ce39a1904,494bd7a191f04d2691a1673995b08287df2835e66c277390c05d176e9e17ef70,wallet_trade_history_v1,none
0xde17f7144fbd0eddb2679132c10ff5e74b120988,https://polymarket.com/0xde17f7144fbd0eddb2679132c10ff5e74b120988,https://data-api.polymarket.com/activity?user=0xde17f7144fbd0eddb2679132c10ff5e74b120988&type=TRADE&limit=100&offset=0&sortBy=TIMESTAMP&sortDirection=DESC,activity_primary,TRADE,1774872570,2026-03-30T12:09:30+00:00,0xa42eed3dee97b9d9929666e6f3c807a02f9d553f625311a5e6c90fa622db822a,0x779d73c9a68fd8939171969daaa1f6a9c797dd4f951471177887649d14546f69,74999877940357931409206557647852734140654034894672727412201456522041102015430,74999877940357931409206557647852734140654034894672727412201456522041102015430,bitcoin-above-70k-on-april-5,bitcoin-above-on-april-5,"Will the price of Bitcoin be above $70,000 on April 5?",No,1,BUY,0.68,5,3.4,endpoint_usdcSize,crypto_other,BTC,false,,,unavailable,entry_candidate,0xde17f7144fbd0eddb2679132c10ff5e74b120988|0x779d73c9a68fd8939171969daaa1f6a9c797dd4f951471177887649d14546f69|74999877940357931409206557647852734140654034894672727412201456522041102015430|No,0xde17f7144fbd0eddb2679132c10ff5e74b120988|activity_primary|0xa42eed3dee97b9d9929666e6f3c807a02f9d553f625311a5e6c90fa622db822a|0x779d73c9a68fd8939171969daaa1f6a9c797dd4f951471177887649d14546f69|74999877940357931409206557647852734140654034894672727412201456522041102015430|1774872570|buy|0.68|5,2026-06-24T20:54:34+00:00,ae5307a27f13b1b1387cf010805200d5f50608ee88c6ea2b68c11506492ded46,494bd7a191f04d2691a1673995b08287df2835e66c277390c05d176e9e17ef70,wallet_trade_history_v1,none
0xde17f7144fbd0eddb2679132c10ff5e74b120988,https://polymarket.com/0xde17f7144fbd0eddb2679132c10ff5e74b120988,https://data-api.polymarket.com/activity?user=0xde17f7144fbd0eddb2679132c10ff5e74b120988&type=TRADE&limit=100&offset=0&sortBy=TIMESTAMP&sortDirection=DESC,activity_primary,TRADE,1774872570,2026-03-30T12:09:30+00:00,0x0f2a22556a1a85577b08d9509d627468b4bd8269e6577e2cef6caf1a85186b0d,0x779d73c9a68fd8939171969daaa1f6a9c797dd4f951471177887649d14546f69,74999877940357931409206557647852734140654034894672727412201456522041102015430,74999877940357931409206557647852734140654034894672727412201456522041102015430,bitcoin-above-70k-on-april-5,bitcoin-above-on-april-5,"Will the price of Bitcoin be above $70,000 on April 5?",No,1,BUY,0.68,5,3.4,endpoint_usdcSize,crypto_other,BTC,false,,,unavailable,entry_candidate,0xde17f7144fbd0eddb2679132c10ff5e74b120988|0x779d73c9a68fd8939171969daaa1f6a9c797dd4f951471177887649d14546f69|74999877940357931409206557647852734140654034894672727412201456522041102015430|No,0xde17f7144fbd0eddb2679132c10ff5e74b120988|activity_primary|0x0f2a22556a1a85577b08d9509d627468b4bd8269e6577e2cef6caf1a85186b0d|0x779d73c9a68fd8939171969daaa1f6a9c797dd4f951471177887649d14546f69|74999877940357931409206557647852734140654034894672727412201456522041102015430|1774872570|buy|0.68|5,2026-06-24T20:54:34+00:00,f89e6a2656e3b544d14bf651c06bb7822b2dc41620a53d88cd6416a9f71c679c,494bd7a191f04d2691a1673995b08287df2835e66c277390c05d176e9e17ef70,wallet_trade_history_v1,none
0xde17f7144fbd0eddb2679132c10ff5e74b120988,https://polymarket.com/0xde17f7144fbd0eddb2679132c10ff5e74b120988,https://data-api.polymarket.com/activity?user=0xde17f7144fbd0eddb2679132c10ff5e74b120988&type=TRADE&limit=100&offset=0&sortBy=TIMESTAMP&sortDirection=DESC,activity_primary,TRADE,1774872570,2026-03-30T12:09:30+00:00,0x1506a5a07a8651b272c542f6f432300c58bf30d17e6e85e0a31ac11cfbb2610b,0x779d73c9a68fd8939171969daaa1f6a9c797dd4f951471177887649d14546f69,74999877940357931409206557647852734140654034894672727412201456522041102015430,74999877940357931409206557647852734140654034894672727412201456522041102015430,bitcoin-above-70k-on-april-5,bitcoin-above-on-april-5,"Will the price of Bitcoin be above $70,000 on April 5?",No,1,BUY,0.68,5,3.4,endpoint_usdcSize,crypto_other,BTC,false,,,unavailable,entry_candidate,0xde17f7144fbd0eddb2679132c10ff5e74b120988|0x779d73c9a68fd8939171969daaa1f6a9c797dd4f951471177887649d14546f69|74999877940357931409206557647852734140654034894672727412201456522041102015430|No,0xde17f7144fbd0eddb2679132c10ff5e74b120988|activity_primary|0x1506a5a07a8651b272c542f6f432300c58bf30d17e6e85e0a31ac11cfbb2610b|0x779d73c9a68fd8939171969daaa1f6a9c797dd4f951471177887649d14546f69|74999877940357931409206557647852734140654034894672727412201456522041102015430|1774872570|buy|0.68|5,2026-06-24T20:54:34+00:00,97cfa70bc81bcf25e610ea0c6017ab2c0bb2718662b5381135a3a735182458b5,494bd7a191f04d2691a1673995b08287df2835e66c277390c05d176e9e17ef70,wallet_trade_history_v1,none
0xde17f7144fbd0eddb2679132c10ff5e74b120988,https://polymarket.com/0xde17f7144fbd0eddb2679132c10ff5e74b120988,https://data-api.polymarket.com/activity?user=0xde17f7144fbd0eddb2679132c10ff5e74b120988&type=TRADE&limit=100&offset=0&sortBy=TIMESTAMP&sortDirection=DESC,activity_primary,TRADE,1774872570,2026-03-30T12:09:30+00:00,0xda48141fad2ce539523015c536604aeab7bd5f1731834dcb165978c6e33a681c,0x779d73c9a68fd8939171969daaa1f6a9c797dd4f951471177887649d14546f69,74999877940357931409206557647852734140654034894672727412201456522041102015430,74999877940357931409206557647852734140654034894672727412201456522041102015430,bitcoin-above-70k-on-april-5,bitcoin-above-on-april-5,"Will the price of Bitcoin be above $70,000 on April 5?",No,1,BUY,0.68,5,3.4,endpoint_usdcSize,crypto_other,BTC,false,,,unavailable,entry_candidate,0xde17f7144fbd0eddb2679132c10ff5e74b120988|0x779d73c9a68fd8939171969daaa1f6a9c797dd4f951471177887649d14546f69|74999877940357931409206557647852734140654034894672727412201456522041102015430|No,0xde17f7144fbd0eddb2679132c10ff5e74b120988|activity_primary|0xda48141fad2ce539523015c536604aeab7bd5f1731834dcb165978c6e33a681c|0x779d73c9a68fd8939171969daaa1f6a9c797dd4f951471177887649d14546f69|74999877940357931409206557647852734140654034894672727412201456522041102015430|1774872570|buy|0.68|5,2026-06-24T20:54:34+00:00,6325876e0d5e3dccdea5b0caf89a1a4bafe5235abe5f2eb2aa58a2c3defccf71,494bd7a191f04d2691a1673995b08287df2835e66c277390c05d176e9e17ef70,wallet_trade_history_v1,none
0xde17f7144fbd0eddb2679132c10ff5e74b120988,https://polymarket.com/0xde17f7144fbd0eddb2679132c10ff5e74b120988,https://data-api.polymarket.com/activity?user=0xde17f7144fbd0eddb2679132c10ff5e74b120988&type=TRADE&limit=100&offset=0&sortBy=TIMESTAMP&sortDirection=DESC,activity_primary,TRADE,1774872570,2026-03-30T12:09:30+00:00,0x31904a01eb97207b9b5f678a76939f665864e81db5ca88cba3ecd2ed88074811,0xc5b98c248c0fce5702f4f8b8a5e26a37d6bb981cd134804e07d1a7b11ce8908a,10029497826145049423300389806580233060414772967059176641260102583167829906565,10029497826145049423300389806580233060414772967059176641260102583167829906565,will-bitcoin-reach-74k-march-30-april-5,what-price-will-bitcoin-hit-march-30-april-5,"Will Bitcoin reach $74,000 March 30-April 5?",No,1,BUY,0.86,72,61.92,endpoint_usdcSize,crypto_other,BTC,false,,,unavailable,entry_candidate,0xde17f7144fbd0eddb2679132c10ff5e74b120988|0xc5b98c248c0fce5702f4f8b8a5e26a37d6bb981cd134804e07d1a7b11ce8908a|10029497826145049423300389806580233060414772967059176641260102583167829906565|No,0xde17f7144fbd0eddb2679132c10ff5e74b120988|activity_primary|0x31904a01eb97207b9b5f678a76939f665864e81db5ca88cba3ecd2ed88074811|0xc5b98c248c0fce5702f4f8b8a5e26a37d6bb981cd134804e07d1a7b11ce8908a|10029497826145049423300389806580233060414772967059176641260102583167829906565|1774872570|buy|0.86|72,2026-06-24T20:54:34+00:00,eaf57d0bfb4bc01df96b1a782113b93b5e0e2cd0c09553ca9337c567e288a906,494bd7a191f04d2691a1673995b08287df2835e66c277390c05d176e9e17ef70,wallet_trade_history_v1,none
0xde17f7144fbd0eddb2679132c10ff5e74b120988,https://polymarket.com/0xde17f7144fbd0eddb2679132c10ff5e74b120988,https://data-api.polymarket.com/activity?user=0xde17f7144fbd0eddb2679132c10ff5e74b120988&type=TRADE&limit=100&offset=0&sortBy=TIMESTAMP&sortDirection=DESC,activity_primary,TRADE,1774872570,2026-03-30T12:09:30+00:00,0x65494dc6e3ffaeb2ade57aa8247505801f5dc3e868bb97cc1bcc973e4b52f163,0x779d73c9a68fd8939171969daaa1f6a9c797dd4f951471177887649d14546f69,74999877940357931409206557647852734140654034894672727412201456522041102015430,74999877940357931409206557647852734140654034894672727412201456522041102015430,bitcoin-above-70k-on-april-5,bitcoin-above-on-april-5,"Will the price of Bitcoin be above $70,000 on April 5?",No,1,BUY,0.68,5,3.4,endpoint_usdcSize,crypto_other,BTC,false,,,unavailable,entry_candidate,0xde17f7144fbd0eddb2679132c10ff5e74b120988|0x779d73c9a68fd8939171969daaa1f6a9c797dd4f951471177887649d14546f69|74999877940357931409206557647852734140654034894672727412201456522041102015430|No,0xde17f7144fbd0eddb2679132c10ff5e74b120988|activity_primary|0x65494dc6e3ffaeb2ade57aa8247505801f5dc3e868bb97cc1bcc973e4b52f163|0x779d73c9a68fd8939171969daaa1f6a9c797dd4f951471177887649d14546f69|74999877940357931409206557647852734140654034894672727412201456522041102015430|1774872570|buy|0.68|5,2026-06-24T20:54:34+00:00,608afabcd2c3bb9cdf120ff3e03cb389e14825ff33eee82f5c1e9d44649190e5,494bd7a191f04d2691a1673995b08287df2835e66c277390c05d176e9e17ef70,wallet_trade_history_v1,none
0xde17f7144fbd0eddb2679132c10ff5e74b120988,https://polymarket.com/0xde17f7144fbd0eddb2679132c10ff5e74b120988,https://data-api.polymarket.com/activity?user=0xde17f7144fbd0eddb2679132c10ff5e74b120988&type=TRADE&limit=100&offset=0&sortBy=TIMESTAMP&sortDirection=DESC,activity_primary,TRADE,1774872570,2026-03-30T12:09:30+00:00,0x356c8bc8abfa0ef06fcb3ab64e2079d5ef2fe6dca134260dab81a04c57787bb3,0x779d73c9a68fd8939171969daaa1f6a9c797dd4f951471177887649d14546f69,74999877940357931409206557647852734140654034894672727412201456522041102015430,74999877940357931409206557647852734140654034894672727412201456522041102015430,bitcoin-above-70k-on-april-5,bitcoin-above-on-april-5,"Will the price of Bitcoin be above $70,000 on April 5?",No,1,BUY,0.68,5,3.4,endpoint_usdcSize,crypto_other,BTC,false,,,unavailable,entry_candidate,0xde17f7144fbd0eddb2679132c10ff5e74b120988|0x779d73c9a68fd8939171969daaa1f6a9c797dd4f951471177887649d14546f69|74999877940357931409206557647852734140654034894672727412201456522041102015430|No,0xde17f7144fbd0eddb2679132c10ff5e74b120988|activity_primary|0x356c8bc8abfa0ef06fcb3ab64e2079d5ef2fe6dca134260dab81a04c57787bb3|0x779d73c9a68fd8939171969daaa1f6a9c797dd4f951471177887649d14546f69|74999877940357931409206557647852734140654034894672727412201456522041102015430|1774872570|buy|0.68|5,2026-06-24T20:54:34+00:00,13ae1f9db574e972f1fbc655673aba420f1449aa67921a18952317765c3e7922,494bd7a191f04d2691a1673995b08287df2835e66c277390c05d176e9e17ef70,wallet_trade_history_v1,none
0xde17f7144fbd0eddb2679132c10ff5e74b120988,https://polymarket.com/0xde17f7144fbd0eddb2679132c10ff5e74b120988,https://data-api.polymarket.com/activity?user=0xde17f7144fbd0eddb2679132c10ff5e74b120988&type=TRADE&limit=100&offset=0&sortBy=TIMESTAMP&sortDirection=DESC,activity_primary,TRADE,1774872570,2026-03-30T12:09:30+00:00,0x9a83a224edda31c8720bfd1016f2665e4c8c6eb4c77c57a3ca80cecc8b2f71ad,0x779d73c9a68fd8939171969daaa1f6a9c797dd4f951471177887649d14546f69,74999877940357931409206557647852734140654034894672727412201456522041102015430,74999877940357931409206557647852734140654034894672727412201456522041102015430,bitcoin-above-70k-on-april-5,bitcoin-above-on-april-5,"Will the price of Bitcoin be above $70,000 on April 5?",No,1,BUY,0.68,5,3.4,endpoint_usdcSize,crypto_other,BTC,false,,,unavailable,entry_candidate,0xde17f7144fbd0eddb2679132c10ff5e74b120988|0x779d73c9a68fd8939171969daaa1f6a9c797dd4f951471177887649d14546f69|74999877940357931409206557647852734140654034894672727412201456522041102015430|No,0xde17f7144fbd0eddb2679132c10ff5e74b120988|activity_primary|0x9a83a224edda31c8720bfd1016f2665e4c8c6eb4c77c57a3ca80cecc8b2f71ad|0x779d73c9a68fd8939171969daaa1f6a9c797dd4f951471177887649d14546f69|74999877940357931409206557647852734140654034894672727412201456522041102015430|1774872570|buy|0.68|5,2026-06-24T20:54:34+00:00,1db7f8f902ddd0551fa52294791ba04eb93cd5728d59d43f4de2b369333ac2b6,494bd7a191f04d2691a1673995b08287df2835e66c277390c05d176e9e17ef70,wallet_trade_history_v1,none
0xde17f7144fbd0eddb2679132c10ff5e74b120988,https://polymarket.com/0xde17f7144fbd0eddb2679132c10ff5e74b120988,https://data-api.polymarket.com/activity?user=0xde17f7144fbd0eddb2679132c10ff5e74b120988&type=TRADE&limit=100&offset=0&sortBy=TIMESTAMP&sortDirection=DESC,activity_primary,TRADE,1774872570,2026-03-30T12:09:30+00:00,0x8f169344b42736c8d91244dbb130f83e078f9d2476f6e003bd88beaf68e9cc4a,0x779d73c9a68fd8939171969daaa1f6a9c797dd4f951471177887649d14546f69,74999877940357931409206557647852734140654034894672727412201456522041102015430,74999877940357931409206557647852734140654034894672727412201456522041102015430,bitcoin-above-70k-on-april-5,bitcoin-above-on-april-5,"Will the price of Bitcoin be above $70,000 on April 5?",No,1,BUY,0.68,5,3.4,endpoint_usdcSize,crypto_other,BTC,false,,,unavailable,entry_candidate,0xde17f7144fbd0eddb2679132c10ff5e74b120988|0x779d73c9a68fd8939171969daaa1f6a9c797dd4f951471177887649d14546f69|74999877940357931409206557647852734140654034894672727412201456522041102015430|No,0xde17f7144fbd0eddb2679132c10ff5e74b120988|activity_primary|0x8f169344b42736c8d91244dbb130f83e078f9d2476f6e003bd88beaf68e9cc4a|0x779d73c9a68fd8939171969daaa1f6a9c797dd4f951471177887649d14546f69|74999877940357931409206557647852734140654034894672727412201456522041102015430|1774872570|buy|0.68|5,2026-06-24T20:54:34+00:00,707dffb4c06c3132fa6093d6cc368e9c2ef7baffcad65502823f5903ea0b2c23,494bd7a191f04d2691a1673995b08287df2835e66c277390c05d176e9e17ef70,wallet_trade_history_v1,none
0xde17f7144fbd0eddb2679132c10ff5e74b120988,https://polymarket.com/0xde17f7144fbd0eddb2679132c10ff5e74b120988,https://data-api.polymarket.com/activity?user=0xde17f7144fbd0eddb2679132c10ff5e74b120988&type=TRADE&limit=100&offset=0&sortBy=TIMESTAMP&sortDirection=DESC,activity_primary,TRADE,1774872570,2026-03-30T12:09:30+00:00,0xb10225b6268d0e72fcf401c8fbb5e57bc911fc5771bc0d6210bb94dea7ee32fc,0x779d73c9a68fd8939171969daaa1f6a9c797dd4f951471177887649d14546f69,74999877940357931409206557647852734140654034894672727412201456522041102015430,74999877940357931409206557647852734140654034894672727412201456522041102015430,bitcoin-above-70k-on-april-5,bitcoin-above-on-april-5,"Will the price of Bitcoin be above $70,000 on April 5?",No,1,BUY,0.68,5,3.4,endpoint_usdcSize,crypto_other,BTC,false,,,unavailable,entry_candidate,0xde17f7144fbd0eddb2679132c10ff5e74b120988|0x779d73c9a68fd8939171969daaa1f6a9c797dd4f951471177887649d14546f69|74999877940357931409206557647852734140654034894672727412201456522041102015430|No,0xde17f7144fbd0eddb2679132c10ff5e74b120988|activity_primary|0xb10225b6268d0e72fcf401c8fbb5e57bc911fc5771bc0d6210bb94dea7ee32fc|0x779d73c9a68fd8939171969daaa1f6a9c797dd4f951471177887649d14546f69|74999877940357931409206557647852734140654034894672727412201456522041102015430|1774872570|buy|0.68|5,2026-06-24T20:54:34+00:00,b6a077057b0e968de50465f5ca946a3ceb9d33a48ac43674e05492740dd1deb9,494bd7a191f04d2691a1673995b08287df2835e66c277390c05d176e9e17ef70,wallet_trade_history_v1,none
0xde17f7144fbd0eddb2679132c10ff5e74b120988,https://polymarket.com/0xde17f7144fbd0eddb2679132c10ff5e74b120988,https://data-api.polymarket.com/activity?user=0xde17f7144fbd0eddb2679132c10ff5e74b120988&type=TRADE&limit=100&offset=0&sortBy=TIMESTAMP&sortDirection=DESC,activity_primary,TRADE,1774872570,2026-03-30T12:09:30+00:00,0xcac734cf72786e8ad5dd1f648aba7dbba78da34cb838de97206706a6b119418a,0x779d73c9a68fd8939171969daaa1f6a9c797dd4f951471177887649d14546f69,74999877940357931409206557647852734140654034894672727412201456522041102015430,74999877940357931409206557647852734140654034894672727412201456522041102015430,bitcoin-above-70k-on-april-5,bitcoin-above-on-april-5,"Will the price of Bitcoin be above $70,000 on April 5?",No,1,BUY,0.68,5,3.4,endpoint_usdcSize,crypto_other,BTC,false,,,unavailable,entry_candidate,0xde17f7144fbd0eddb2679132c10ff5e74b120988|0x779d73c9a68fd8939171969daaa1f6a9c797dd4f951471177887649d14546f69|74999877940357931409206557647852734140654034894672727412201456522041102015430|No,0xde17f7144fbd0eddb2679132c10ff5e74b120988|activity_primary|0xcac734cf72786e8ad5dd1f648aba7dbba78da34cb838de97206706a6b119418a|0x779d73c9a68fd8939171969daaa1f6a9c797dd4f951471177887649d14546f69|74999877940357931409206557647852734140654034894672727412201456522041102015430|1774872570|buy|0.68|5,2026-06-24T20:54:34+00:00,31b56d66da52f4ff69eef196b88147aba01a4024b34b52a44322f2cc63ae7de3,494bd7a191f04d2691a1673995b08287df2835e66c277390c05d176e9e17ef70,wallet_trade_history_v1,none
0xde17f7144fbd0eddb2679132c10ff5e74b120988,https://polymarket.com/0xde17f7144fbd0eddb2679132c10ff5e74b120988,https://data-api.polymarket.com/activity?user=0xde17f7144fbd0eddb2679132c10ff5e74b120988&type=TRADE&limit=100&offset=0&sortBy=TIMESTAMP&sortDirection=DESC,activity_primary,TRADE,1774872570,2026-03-30T12:09:30+00:00,0xb014998a644e84db8a5d240938d49f9cfbc1ef11e4202b84bfc0fdeca658c49e,0x779d73c9a68fd8939171969daaa1f6a9c797dd4f951471177887649d14546f69,74999877940357931409206557647852734140654034894672727412201456522041102015430,74999877940357931409206557647852734140654034894672727412201456522041102015430,bitcoin-above-70k-on-april-5,bitcoin-above-on-april-5,"Will the price of Bitcoin be above $70,000 on April 5?",No,1,BUY,0.68,3.25,2.21,endpoint_usdcSize,crypto_other,BTC,false,,,unavailable,entry_candidate,0xde17f7144fbd0eddb2679132c10ff5e74b120988|0x779d73c9a68fd8939171969daaa1f6a9c797dd4f951471177887649d14546f69|74999877940357931409206557647852734140654034894672727412201456522041102015430|No,0xde17f7144fbd0eddb2679132c10ff5e74b120988|activity_primary|0xb014998a644e84db8a5d240938d49f9cfbc1ef11e4202b84bfc0fdeca658c49e|0x779d73c9a68fd8939171969daaa1f6a9c797dd4f951471177887649d14546f69|74999877940357931409206557647852734140654034894672727412201456522041102015430|1774872570|buy|0.68|3.25,2026-06-24T20:54:34+00:00,e6d045accf9bb2e1f14505aa43f7bb74110a31961cb260b157fe575497fdb6c8,494bd7a191f04d2691a1673995b08287df2835e66c277390c05d176e9e17ef70,wallet_trade_history_v1,none
0xde17f7144fbd0eddb2679132c10ff5e74b120988,https://polymarket.com/0xde17f7144fbd0eddb2679132c10ff5e74b120988,https://data-api.polymarket.com/activity?user=0xde17f7144fbd0eddb2679132c10ff5e74b120988&type=TRADE&limit=100&offset=0&sortBy=TIMESTAMP&sortDirection=DESC,activity_primary,TRADE,1774872570,2026-03-30T12:09:30+00:00,0x0337d7a0f89f96a399524aed5a09dd54706c87def4c55b1f60d6c5c36a882209,0x779d73c9a68fd8939171969daaa1f6a9c797dd4f951471177887649d14546f69,74999877940357931409206557647852734140654034894672727412201456522041102015430,74999877940357931409206557647852734140654034894672727412201456522041102015430,bitcoin-above-70k-on-april-5,bitcoin-above-on-april-5,"Will the price of Bitcoin be above $70,000 on April 5?",No,1,BUY,0.68,5,3.4,endpoint_usdcSize,crypto_other,BTC,false,,,unavailable,entry_candidate,0xde17f7144fbd0eddb2679132c10ff5e74b120988|0x779d73c9a68fd8939171969daaa1f6a9c797dd4f951471177887649d14546f69|74999877940357931409206557647852734140654034894672727412201456522041102015430|No,0xde17f7144fbd0eddb2679132c10ff5e74b120988|activity_primary|0x0337d7a0f89f96a399524aed5a09dd54706c87def4c55b1f60d6c5c36a882209|0x779d73c9a68fd8939171969daaa1f6a9c797dd4f951471177887649d14546f69|74999877940357931409206557647852734140654034894672727412201456522041102015430|1774872570|buy|0.68|5,2026-06-24T20:54:34+00:00,23033d58807620e7664fd9d0ddfe960e3da6f6a9bb6cfd1976e6b8b3b2955d2d,494bd7a191f04d2691a1673995b08287df2835e66c277390c05d176e9e17ef70,wallet_trade_history_v1,none
0xde17f7144fbd0eddb2679132c10ff5e74b120988,https://polymarket.com/0xde17f7144fbd0eddb2679132c10ff5e74b120988,https://data-api.polymarket.com/activity?user=0xde17f7144fbd0eddb2679132c10ff5e74b120988&type=TRADE&limit=100&offset=0&sortBy=TIMESTAMP&sortDirection=DESC,activity_primary,TRADE,1774872570,2026-03-30T12:09:30+00:00,0xdf39adc6435167f7fb0f840cc3ed86756a2e51d4e9f9a3581ab78c0aff8366fe,0x779d73c9a68fd8939171969daaa1f6a9c797dd4f951471177887649d14546f69,74999877940357931409206557647852734140654034894672727412201456522041102015430,74999877940357931409206557647852734140654034894672727412201456522041102015430,bitcoin-above-70k-on-april-5,bitcoin-above-on-april-5,"Will the price of Bitcoin be above $70,000 on April 5?",No,1,BUY,0.68,5,3.4,endpoint_usdcSize,crypto_other,BTC,false,,,unavailable,entry_candidate,0xde17f7144fbd0eddb2679132c10ff5e74b120988|0x779d73c9a68fd8939171969daaa1f6a9c797dd4f951471177887649d14546f69|74999877940357931409206557647852734140654034894672727412201456522041102015430|No,0xde17f7144fbd0eddb2679132c10ff5e74b120988|activity_primary|0xdf39adc6435167f7fb0f840cc3ed86756a2e51d4e9f9a3581ab78c0aff8366fe|0x779d73c9a68fd8939171969daaa1f6a9c797dd4f951471177887649d14546f69|74999877940357931409206557647852734140654034894672727412201456522041102015430|1774872570|buy|0.68|5,2026-06-24T20:54:34+00:00,e46a4822e714d9f2af0646d66e6e9104353aed02ea45ea8fa139b5d12489c677,494bd7a191f04d2691a1673995b08287df2835e66c277390c05d176e9e17ef70,wallet_trade_history_v1,none
0xde17f7144fbd0eddb2679132c10ff5e74b120988,https://polymarket.com/0xde17f7144fbd0eddb2679132c10ff5e74b120988,https://data-api.polymarket.com/activity?user=0xde17f7144fbd0eddb2679132c10ff5e74b120988&type=TRADE&limit=100&offset=0&sortBy=TIMESTAMP&sortDirection=DESC,activity_primary,TRADE,1774872568,2026-03-30T12:09:28+00:00,0x8df85b8c14ff86d04b1da17478f6dc9cec594c01bd7abcb4f54415b4427812c6,0xc5b98c248c0fce5702f4f8b8a5e26a37d6bb981cd134804e07d1a7b11ce8908a,10029497826145049423300389806580233060414772967059176641260102583167829906565,10029497826145049423300389806580233060414772967059176641260102583167829906565,will-bitcoin-reach-74k-march-30-april-5,what-price-will-bitcoin-hit-march-30-april-5,"Will Bitcoin reach $74,000 March 30-April 5?",No,1,BUY,0.8514329429008576,777.77,662.219,endpoint_usdcSize,crypto_other,BTC,false,,,unavailable,entry_candidate,0xde17f7144fbd0eddb2679132c10ff5e74b120988|0xc5b98c248c0fce5702f4f8b8a5e26a37d6bb981cd134804e07d1a7b11ce8908a|10029497826145049423300389806580233060414772967059176641260102583167829906565|No,0xde17f7144fbd0eddb2679132c10ff5e74b120988|activity_primary|0x8df85b8c14ff86d04b1da17478f6dc9cec594c01bd7abcb4f54415b4427812c6|0xc5b98c248c0fce5702f4f8b8a5e26a37d6bb981cd134804e07d1a7b11ce8908a|10029497826145049423300389806580233060414772967059176641260102583167829906565|1774872568|buy|0.8514329429008576|777.77,2026-06-24T20:54:34+00:00,831fd4d479e4f0d3e3d85adde33a141fcc39f2a463b0547d17d7e746d15e390c,494bd7a191f04d2691a1673995b08287df2835e66c277390c05d176e9e17ef70,wallet_trade_history_v1,none
0xde17f7144fbd0eddb2679132c10ff5e74b120988,https://polymarket.com/0xde17f7144fbd0eddb2679132c10ff5e74b120988,https://data-api.polymarket.com/activity?user=0xde17f7144fbd0eddb2679132c10ff5e74b120988&type=TRADE&limit=100&offset=0&sortBy=TIMESTAMP&sortDirection=DESC,activity_primary,TRADE,1774872568,2026-03-30T12:09:28+00:00,0xfb444b4d2ec140eb549f145e347efc1b0c87fa45b73e65d3d196a48431fb4343,0x10c47078ee39182ef8fa46e46518fea03629d43d89ebed1d254850c4e1d3eac6,115594395390257667206669305842231397979898472782212163474420911483931192872203,115594395390257667206669305842231397979898472782212163474420911483931192872203,will-bitcoin-reach-78k-march-30-april-5,what-price-will-bitcoin-hit-march-30-april-5,"Will Bitcoin reach $78,000 March 30-April 5?",No,1,BUY,0.9600073606898678,615.714027,591.089998,endpoint_usdcSize,crypto_other,BTC,false,,,unavailable,entry_candidate,0xde17f7144fbd0eddb2679132c10ff5e74b120988|0x10c47078ee39182ef8fa46e46518fea03629d43d89ebed1d254850c4e1d3eac6|115594395390257667206669305842231397979898472782212163474420911483931192872203|No,0xde17f7144fbd0eddb2679132c10ff5e74b120988|activity_primary|0xfb444b4d2ec140eb549f145e347efc1b0c87fa45b73e65d3d196a48431fb4343|0x10c47078ee39182ef8fa46e46518fea03629d43d89ebed1d254850c4e1d3eac6|115594395390257667206669305842231397979898472782212163474420911483931192872203|1774872568|buy|0.9600073606898678|615.714027,2026-06-24T20:54:34+00:00,25cdd1edca089bb26e96987de75feb79bfa364a908aece73829c52da8a2324ff,494bd7a191f04d2691a1673995b08287df2835e66c277390c05d176e9e17ef70,wallet_trade_history_v1,none
0xde17f7144fbd0eddb2679132c10ff5e74b120988,https://polymarket.com/0xde17f7144fbd0eddb2679132c10ff5e74b120988,https://data-api.polymarket.com/activity?user=0xde17f7144fbd0eddb2679132c10ff5e74b120988&type=TRADE&limit=100&offset=0&sortBy=TIMESTAMP&sortDirection=DESC,activity_primary,TRADE,1774872568,2026-03-30T12:09:28+00:00,0x84bb4fc3ef1397a681e079c98a7555ed82f47f8ddeebc9bee9066273118ceacf,0xc5b98c248c0fce5702f4f8b8a5e26a37d6bb981cd134804e07d1a7b11ce8908a,10029497826145049423300389806580233060414772967059176641260102583167829906565,10029497826145049423300389806580233060414772967059176641260102583167829906565,will-bitcoin-reach-74k-march-30-april-5,what-price-will-bitcoin-hit-march-30-april-5,"Will Bitcoin reach $74,000 March 30-April 5?",No,1,BUY,0.86,150,129,endpoint_usdcSize,crypto_other,BTC,false,,,unavailable,entry_candidate,0xde17f7144fbd0eddb2679132c10ff5e74b120988|0xc5b98c248c0fce5702f4f8b8a5e26a37d6bb981cd134804e07d1a7b11ce8908a|10029497826145049423300389806580233060414772967059176641260102583167829906565|No,0xde17f7144fbd0eddb2679132c10ff5e74b120988|activity_primary|0x84bb4fc3ef1397a681e079c98a7555ed82f47f8ddeebc9bee9066273118ceacf|0xc5b98c248c0fce5702f4f8b8a5e26a37d6bb981cd134804e07d1a7b11ce8908a|10029497826145049423300389806580233060414772967059176641260102583167829906565|1774872568|buy|0.86|150,2026-06-24T20:54:34+00:00,f83dd057b86e540c1ba0c2a285a931c8924b06754b7eee92810c09efef44f9c2,494bd7a191f04d2691a1673995b08287df2835e66c277390c05d176e9e17ef70,wallet_trade_history_v1,none
0xde17f7144fbd0eddb2679132c10ff5e74b120988,https://polymarket.com/0xde17f7144fbd0eddb2679132c10ff5e74b120988,https://data-api.polymarket.com/activity?user=0xde17f7144fbd0eddb2679132c10ff5e74b120988&type=TRADE&limit=100&offset=0&sortBy=TIMESTAMP&sortDirection=DESC,activity_primary,TRADE,1774872568,2026-03-30T12:09:28+00:00,0x7fb420437355c9ae4b8737a31701d749c817972d1d8a06ecbbb540a998aa951f,0x779d73c9a68fd8939171969daaa1f6a9c797dd4f951471177887649d14546f69,74999877940357931409206557647852734140654034894672727412201456522041102015430,74999877940357931409206557647852734140654034894672727412201456522041102015430,bitcoin-above-70k-on-april-5,bitcoin-above-on-april-5,"Will the price of Bitcoin be above $70,000 on April 5?",No,1,BUY,0.68,5,3.4,endpoint_usdcSize,crypto_other,BTC,false,,,unavailable,entry_candidate,0xde17f7144fbd0eddb2679132c10ff5e74b120988|0x779d73c9a68fd8939171969daaa1f6a9c797dd4f951471177887649d14546f69|74999877940357931409206557647852734140654034894672727412201456522041102015430|No,0xde17f7144fbd0eddb2679132c10ff5e74b120988|activity_primary|0x7fb420437355c9ae4b8737a31701d749c817972d1d8a06ecbbb540a998aa951f|0x779d73c9a68fd8939171969daaa1f6a9c797dd4f951471177887649d14546f69|74999877940357931409206557647852734140654034894672727412201456522041102015430|1774872568|buy|0.68|5,2026-06-24T20:54:34+00:00,8c7bb9cce8f097f2e570a85a150c9cd921a26dcafe3bbf58830e4ff35ca5b31f,494bd7a191f04d2691a1673995b08287df2835e66c277390c05d176e9e17ef70,wallet_trade_history_v1,none
0xde17f7144fbd0eddb2679132c10ff5e74b120988,https://polymarket.com/0xde17f7144fbd0eddb2679132c10ff5e74b120988,https://data-api.polymarket.com/activity?user=0xde17f7144fbd0eddb2679132c10ff5e74b120988&type=TRADE&limit=100&offset=0&sortBy=TIMESTAMP&sortDirection=DESC,activity_primary,TRADE,1774872568,2026-03-30T12:09:28+00:00,0x96a8ef7817fb88ce77620ed5af4bd8ca31fa0f2c6c4dac56957bc630f3e6b8b8,0x10c47078ee39182ef8fa46e46518fea03629d43d89ebed1d254850c4e1d3eac6,115594395390257667206669305842231397979898472782212163474420911483931192872203,115594395390257667206669305842231397979898472782212163474420911483931192872203,will-bitcoin-reach-78k-march-30-april-5,what-price-will-bitcoin-hit-march-30-april-5,"Will Bitcoin reach $78,000 March 30-April 5?",No,1,BUY,0.966,593.88,573.68808,endpoint_usdcSize,crypto_other,BTC,false,,,unavailable,entry_candidate,0xde17f7144fbd0eddb2679132c10ff5e74b120988|0x10c47078ee39182ef8fa46e46518fea03629d43d89ebed1d254850c4e1d3eac6|115594395390257667206669305842231397979898472782212163474420911483931192872203|No,0xde17f7144fbd0eddb2679132c10ff5e74b120988|activity_primary|0x96a8ef7817fb88ce77620ed5af4bd8ca31fa0f2c6c4dac56957bc630f3e6b8b8|0x10c47078ee39182ef8fa46e46518fea03629d43d89ebed1d254850c4e1d3eac6|115594395390257667206669305842231397979898472782212163474420911483931192872203|1774872568|buy|0.966|593.88,2026-06-24T20:54:34+00:00,4fa50b1923279e6891b98135a427e5c19f3687035d58ad4aa9f9ffc6c62027ca,494bd7a191f04d2691a1673995b08287df2835e66c277390c05d176e9e17ef70,wallet_trade_history_v1,none
0xde17f7144fbd0eddb2679132c10ff5e74b120988,https://polymarket.com/0xde17f7144fbd0eddb2679132c10ff5e74b120988,https://data-api.polymarket.com/activity?user=0xde17f7144fbd0eddb2679132c10ff5e74b120988&type=TRADE&limit=100&offset=0&sortBy=TIMESTAMP&sortDirection=DESC,activity_primary,TRADE,1774872568,2026-03-30T12:09:28+00:00,0x201a596b98faea3c2d6fcbd87faae02bc29eb2d82a57d06e0865cae87d8993a5,0x779d73c9a68fd8939171969daaa1f6a9c797dd4f951471177887649d14546f69,74999877940357931409206557647852734140654034894672727412201456522041102015430,74999877940357931409206557647852734140654034894672727412201456522041102015430,bitcoin-above-70k-on-april-5,bitcoin-above-on-april-5,"Will the price of Bitcoin be above $70,000 on April 5?",No,1,BUY,0.68,5,3.4,endpoint_usdcSize,crypto_other,BTC,false,,,unavailable,entry_candidate,0xde17f7144fbd0eddb2679132c10ff5e74b120988|0x779d73c9a68fd8939171969daaa1f6a9c797dd4f951471177887649d14546f69|74999877940357931409206557647852734140654034894672727412201456522041102015430|No,0xde17f7144fbd0eddb2679132c10ff5e74b120988|activity_primary|0x201a596b98faea3c2d6fcbd87faae02bc29eb2d82a57d06e0865cae87d8993a5|0x779d73c9a68fd8939171969daaa1f6a9c797dd4f951471177887649d14546f69|74999877940357931409206557647852734140654034894672727412201456522041102015430|1774872568|buy|0.68|5,2026-06-24T20:54:34+00:00,2171412d99e2c6c4d3cf79290f595ab7789016eab0e7ab4322cf1561e495fe0e,494bd7a191f04d2691a1673995b08287df2835e66c277390c05d176e9e17ef70,wallet_trade_history_v1,none
0xde17f7144fbd0eddb2679132c10ff5e74b120988,https://polymarket.com/0xde17f7144fbd0eddb2679132c10ff5e74b120988,https://data-api.polymarket.com/activity?user=0xde17f7144fbd0eddb2679132c10ff5e74b120988&type=TRADE&limit=100&offset=0&sortBy=TIMESTAMP&sortDirection=DESC,activity_primary,TRADE,1774872568,2026-03-30T12:09:28+00:00,0x218f3c7cce6bb5649492e4f804b902cfebf6a3f15e999a4749e37d519e446d48,0x727545eb5f3f04f010d0024a4fef241c867f7d9c1b98ced2330df3bc26098a5c,33040702189964814137958959876518421702823561686782940172093773693372020731432,33040702189964814137958959876518421702823561686782940172093773693372020731432,will-bitcoin-reach-76k-march-30-april-5,what-price-will-bitcoin-hit-march-30-april-5,"Will Bitcoin reach $76,000 March 30-April 5?",No,1,BUY,0.94,593.31,557.7114,endpoint_usdcSize,crypto_other,BTC,false,,,unavailable,entry_candidate,0xde17f7144fbd0eddb2679132c10ff5e74b120988|0x727545eb5f3f04f010d0024a4fef241c867f7d9c1b98ced2330df3bc26098a5c|33040702189964814137958959876518421702823561686782940172093773693372020731432|No,0xde17f7144fbd0eddb2679132c10ff5e74b120988|activity_primary|0x218f3c7cce6bb5649492e4f804b902cfebf6a3f15e999a4749e37d519e446d48|0x727545eb5f3f04f010d0024a4fef241c867f7d9c1b98ced2330df3bc26098a5c|33040702189964814137958959876518421702823561686782940172093773693372020731432|1774872568|buy|0.94|593.31,2026-06-24T20:54:34+00:00,792c56ff25322a7387d670be49e63d323a2b05139da2dd7532d850cc5eee4b01,494bd7a191f04d2691a1673995b08287df2835e66c277390c05d176e9e17ef70,wallet_trade_history_v1,none
0xde17f7144fbd0eddb2679132c10ff5e74b120988,https://polymarket.com/0xde17f7144fbd0eddb2679132c10ff5e74b120988,https://data-api.polymarket.com/activity?user=0xde17f7144fbd0eddb2679132c10ff5e74b120988&type=TRADE&limit=100&offset=0&sortBy=TIMESTAMP&sortDirection=DESC,activity_primary,TRADE,1774872568,2026-03-30T12:09:28+00:00,0x34f2d3834f2c87abbe95f92a4b27f1300741683152626aef2cb5c848cb4fe061,0x727545eb5f3f04f010d0024a4fef241c867f7d9c1b98ced2330df3bc26098a5c,33040702189964814137958959876518421702823561686782940172093773693372020731432,33040702189964814137958959876518421702823561686782940172093773693372020731432,will-bitcoin-reach-76k-march-30-april-5,what-price-will-bitcoin-hit-march-30-april-5,"Will Bitcoin reach $76,000 March 30-April 5?",No,1,BUY,0.94,138,129.72,endpoint_usdcSize,crypto_other,BTC,false,,,unavailable,entry_candidate,0xde17f7144fbd0eddb2679132c10ff5e74b120988|0x727545eb5f3f04f010d0024a4fef241c867f7d9c1b98ced2330df3bc26098a5c|33040702189964814137958959876518421702823561686782940172093773693372020731432|No,0xde17f7144fbd0eddb2679132c10ff5e74b120988|activity_primary|0x34f2d3834f2c87abbe95f92a4b27f1300741683152626aef2cb5c848cb4fe061|0x727545eb5f3f04f010d0024a4fef241c867f7d9c1b98ced2330df3bc26098a5c|33040702189964814137958959876518421702823561686782940172093773693372020731432|1774872568|buy|0.94|138,2026-06-24T20:54:34+00:00,2ecd3502bd05948de83e57a22f38f59ed4fbd4520870d8e04dc576d301743fd9,494bd7a191f04d2691a1673995b08287df2835e66c277390c05d176e9e17ef70,wallet_trade_history_v1,none
0xde17f7144fbd0eddb2679132c10ff5e74b120988,https://polymarket.com/0xde17f7144fbd0eddb2679132c10ff5e74b120988,https://data-api.polymarket.com/activity?user=0xde17f7144fbd0eddb2679132c10ff5e74b120988&type=TRADE&limit=100&offset=0&sortBy=TIMESTAMP&sortDirection=DESC,activity_primary,TRADE,1774872568,2026-03-30T12:09:28+00:00,0xaba8ce48f4d52917096d3c4d24a9d0654d67d7aee64fac35d53a49d094e99abb,0x10c47078ee39182ef8fa46e46518fea03629d43d89ebed1d254850c4e1d3eac6,115594395390257667206669305842231397979898472782212163474420911483931192872203,115594395390257667206669305842231397979898472782212163474420911483931192872203,will-bitcoin-reach-78k-march-30-april-5,what-price-will-bitcoin-hit-march-30-april-5,"Will Bitcoin reach $78,000 March 30-April 5?",No,1,BUY,0.9664784769583344,362.17,350.02951,endpoint_usdcSize,crypto_other,BTC,false,,,unavailable,entry_candidate,0xde17f7144fbd0eddb2679132c10ff5e74b120988|0x10c47078ee39182ef8fa46e46518fea03629d43d89ebed1d254850c4e1d3eac6|115594395390257667206669305842231397979898472782212163474420911483931192872203|No,0xde17f7144fbd0eddb2679132c10ff5e74b120988|activity_primary|0xaba8ce48f4d52917096d3c4d24a9d0654d67d7aee64fac35d53a49d094e99abb|0x10c47078ee39182ef8fa46e46518fea03629d43d89ebed1d254850c4e1d3eac6|115594395390257667206669305842231397979898472782212163474420911483931192872203|1774872568|buy|0.9664784769583344|362.17,2026-06-24T20:54:34+00:00,10c3dfdf11a285bff97f71419acb305f3bd7adc7db81221ddf2b4c5426d2734b,494bd7a191f04d2691a1673995b08287df2835e66c277390c05d176e9e17ef70,wallet_trade_history_v1,none
0xde17f7144fbd0eddb2679132c10ff5e74b120988,https://polymarket.com/0xde17f7144fbd0eddb2679132c10ff5e74b120988,https://data-api.polymarket.com/activity?user=0xde17f7144fbd0eddb2679132c10ff5e74b120988&type=TRADE&limit=100&offset=0&sortBy=TIMESTAMP&sortDirection=DESC,activity_primary,TRADE,1774872568,2026-03-30T12:09:28+00:00,0xb13308eb11120f02bf764544b5737a6aa103ec637ddd8ee430987e085d4cbbb5,0x779d73c9a68fd8939171969daaa1f6a9c797dd4f951471177887649d14546f69,74999877940357931409206557647852734140654034894672727412201456522041102015430,74999877940357931409206557647852734140654034894672727412201456522041102015430,bitcoin-above-70k-on-april-5,bitcoin-above-on-april-5,"Will the price of Bitcoin be above $70,000 on April 5?",No,1,BUY,0.68,5,3.4,endpoint_usdcSize,crypto_other,BTC,false,,,unavailable,entry_candidate,0xde17f7144fbd0eddb2679132c10ff5e74b120988|0x779d73c9a68fd8939171969daaa1f6a9c797dd4f951471177887649d14546f69|74999877940357931409206557647852734140654034894672727412201456522041102015430|No,0xde17f7144fbd0eddb2679132c10ff5e74b120988|activity_primary|0xb13308eb11120f02bf764544b5737a6aa103ec637ddd8ee430987e085d4cbbb5|0x779d73c9a68fd8939171969daaa1f6a9c797dd4f951471177887649d14546f69|74999877940357931409206557647852734140654034894672727412201456522041102015430|1774872568|buy|0.68|5,2026-06-24T20:54:34+00:00,2235969460ab3d571ab16bf8d54f38ea10075d8c2354c9604d92f894978de0e4,494bd7a191f04d2691a1673995b08287df2835e66c277390c05d176e9e17ef70,wallet_trade_history_v1,none
0xde17f7144fbd0eddb2679132c10ff5e74b120988,https://polymarket.com/0xde17f7144fbd0eddb2679132c10ff5e74b120988,https://data-api.polymarket.com/activity?user=0xde17f7144fbd0eddb2679132c10ff5e74b120988&type=TRADE&limit=100&offset=0&sortBy=TIMESTAMP&sortDirection=DESC,activity_primary,TRADE,1774872568,2026-03-30T12:09:28+00:00,0x5caeadd81e53fcf4ad7151c270892facf9a6c71037567c1060aace191e81460e,0x727545eb5f3f04f010d0024a4fef241c867f7d9c1b98ced2330df3bc26098a5c,33040702189964814137958959876518421702823561686782940172093773693372020731432,33040702189964814137958959876518421702823561686782940172093773693372020731432,will-bitcoin-reach-76k-march-30-april-5,what-price-will-bitcoin-hit-march-30-april-5,"Will Bitcoin reach $76,000 March 30-April 5?",No,1,BUY,0.9312325440942649,811.33,755.5369,endpoint_usdcSize,crypto_other,BTC,false,,,unavailable,entry_candidate,0xde17f7144fbd0eddb2679132c10ff5e74b120988|0x727545eb5f3f04f010d0024a4fef241c867f7d9c1b98ced2330df3bc26098a5c|33040702189964814137958959876518421702823561686782940172093773693372020731432|No,0xde17f7144fbd0eddb2679132c10ff5e74b120988|activity_primary|0x5caeadd81e53fcf4ad7151c270892facf9a6c71037567c1060aace191e81460e|0x727545eb5f3f04f010d0024a4fef241c867f7d9c1b98ced2330df3bc26098a5c|33040702189964814137958959876518421702823561686782940172093773693372020731432|1774872568|buy|0.9312325440942649|811.33,2026-06-24T20:54:34+00:00,5dbb4e2ddd293d75920907f6941cf54996ffcb1a55a112e362239d5862beae06,494bd7a191f04d2691a1673995b08287df2835e66c277390c05d176e9e17ef70,wallet_trade_history_v1,none
0xde17f7144fbd0eddb2679132c10ff5e74b120988,https://polymarket.com/0xde17f7144fbd0eddb2679132c10ff5e74b120988,https://data-api.polymarket.com/activity?user=0xde17f7144fbd0eddb2679132c10ff5e74b120988&type=TRADE&limit=100&offset=0&sortBy=TIMESTAMP&sortDirection=DESC,activity_primary,TRADE,1774872568,2026-03-30T12:09:28+00:00,0xe53fa402b40bdebcd6e90c882be9acf982fd921e7494431115d93d21475a068b,0x779d73c9a68fd8939171969daaa1f6a9c797dd4f951471177887649d14546f69,74999877940357931409206557647852734140654034894672727412201456522041102015430,74999877940357931409206557647852734140654034894672727412201456522041102015430,bitcoin-above-70k-on-april-5,bitcoin-above-on-april-5,"Will the price of Bitcoin be above $70,000 on April 5?",No,1,BUY,0.68,5,3.4,endpoint_usdcSize,crypto_other,BTC,false,,,unavailable,entry_candidate,0xde17f7144fbd0eddb2679132c10ff5e74b120988|0x779d73c9a68fd8939171969daaa1f6a9c797dd4f951471177887649d14546f69|74999877940357931409206557647852734140654034894672727412201456522041102015430|No,0xde17f7144fbd0eddb2679132c10ff5e74b120988|activity_primary|0xe53fa402b40bdebcd6e90c882be9acf982fd921e7494431115d93d21475a068b|0x779d73c9a68fd8939171969daaa1f6a9c797dd4f951471177887649d14546f69|74999877940357931409206557647852734140654034894672727412201456522041102015430|1774872568|buy|0.68|5,2026-06-24T20:54:34+00:00,3d3a0e723a42980c7161f3247edb943209dbc50458fdcd453ec51a16513ad827,494bd7a191f04d2691a1673995b08287df2835e66c277390c05d176e9e17ef70,wallet_trade_history_v1,none
0xde17f7144fbd0eddb2679132c10ff5e74b120988,https://polymarket.com/0xde17f7144fbd0eddb2679132c10ff5e74b120988,https://data-api.polymarket.com/activity?user=0xde17f7144fbd0eddb2679132c10ff5e74b120988&type=TRADE&limit=100&offset=0&sortBy=TIMESTAMP&sortDirection=DESC,activity_primary,TRADE,1774872566,2026-03-30T12:09:26+00:00,0xda0a0f9eeec258fa5cee42f9e608276409d5f2038dffc36b0458052a0e2c0056,0x779d73c9a68fd8939171969daaa1f6a9c797dd4f951471177887649d14546f69,74999877940357931409206557647852734140654034894672727412201456522041102015430,74999877940357931409206557647852734140654034894672727412201456522041102015430,bitcoin-above-70k-on-april-5,bitcoin-above-on-april-5,"Will the price of Bitcoin be above $70,000 on April 5?",No,1,BUY,0.68,5,3.4,endpoint_usdcSize,crypto_other,BTC,false,,,unavailable,entry_candidate,0xde17f7144fbd0eddb2679132c10ff5e74b120988|0x779d73c9a68fd8939171969daaa1f6a9c797dd4f951471177887649d14546f69|74999877940357931409206557647852734140654034894672727412201456522041102015430|No,0xde17f7144fbd0eddb2679132c10ff5e74b120988|activity_primary|0xda0a0f9eeec258fa5cee42f9e608276409d5f2038dffc36b0458052a0e2c0056|0x779d73c9a68fd8939171969daaa1f6a9c797dd4f951471177887649d14546f69|74999877940357931409206557647852734140654034894672727412201456522041102015430|1774872566|buy|0.68|5,2026-06-24T20:54:34+00:00,ab96062dae55f56274fe118123a8c19c5c26acb35f534c5c7ad1910141afa05e,494bd7a191f04d2691a1673995b08287df2835e66c277390c05d176e9e17ef70,wallet_trade_history_v1,none
0xde17f7144fbd0eddb2679132c10ff5e74b120988,https://polymarket.com/0xde17f7144fbd0eddb2679132c10ff5e74b120988,https://data-api.polymarket.com/activity?user=0xde17f7144fbd0eddb2679132c10ff5e74b120988&type=TRADE&limit=100&offset=0&sortBy=TIMESTAMP&sortDirection=DESC,activity_primary,TRADE,1774872566,2026-03-30T12:09:26+00:00,0x2a356b55edf5498a65c25888f8a9753674f8ea73424fef6763ac430d75444026,0x779d73c9a68fd8939171969daaa1f6a9c797dd4f951471177887649d14546f69,74999877940357931409206557647852734140654034894672727412201456522041102015430,74999877940357931409206557647852734140654034894672727412201456522041102015430,bitcoin-above-70k-on-april-5,bitcoin-above-on-april-5,"Will the price of Bitcoin be above $70,000 on April 5?",No,1,BUY,0.68,5,3.4,endpoint_usdcSize,crypto_other,BTC,false,,,unavailable,entry_candidate,0xde17f7144fbd0eddb2679132c10ff5e74b120988|0x779d73c9a68fd8939171969daaa1f6a9c797dd4f951471177887649d14546f69|74999877940357931409206557647852734140654034894672727412201456522041102015430|No,0xde17f7144fbd0eddb2679132c10ff5e74b120988|activity_primary|0x2a356b55edf5498a65c25888f8a9753674f8ea73424fef6763ac430d75444026|0x779d73c9a68fd8939171969daaa1f6a9c797dd4f951471177887649d14546f69|74999877940357931409206557647852734140654034894672727412201456522041102015430|1774872566|buy|0.68|5,2026-06-24T20:54:34+00:00,a370a6756d51ef0ff3c237f26c0f0af2ea04ee949b935fad1ad836f9d4923fe6,494bd7a191f04d2691a1673995b08287df2835e66c277390c05d176e9e17ef70,wallet_trade_history_v1,none
0xde17f7144fbd0eddb2679132c10ff5e74b120988,https://polymarket.com/0xde17f7144fbd0eddb2679132c10ff5e74b120988,https://data-api.polymarket.com/activity?user=0xde17f7144fbd0eddb2679132c10ff5e74b120988&type=TRADE&limit=100&offset=0&sortBy=TIMESTAMP&sortDirection=DESC,activity_primary,TRADE,1774872566,2026-03-30T12:09:26+00:00,0x7a5e43ea6295df78c397139dd187e847da48f090a0e54f941be6bff19ec91e64,0x779d73c9a68fd8939171969daaa1f6a9c797dd4f951471177887649d14546f69,74999877940357931409206557647852734140654034894672727412201456522041102015430,74999877940357931409206557647852734140654034894672727412201456522041102015430,bitcoin-above-70k-on-april-5,bitcoin-above-on-april-5,"Will the price of Bitcoin be above $70,000 on April 5?",No,1,BUY,0.68,5,3.4,endpoint_usdcSize,crypto_other,BTC,false,,,unavailable,entry_candidate,0xde17f7144fbd0eddb2679132c10ff5e74b120988|0x779d73c9a68fd8939171969daaa1f6a9c797dd4f951471177887649d14546f69|74999877940357931409206557647852734140654034894672727412201456522041102015430|No,0xde17f7144fbd0eddb2679132c10ff5e74b120988|activity_primary|0x7a5e43ea6295df78c397139dd187e847da48f090a0e54f941be6bff19ec91e64|0x779d73c9a68fd8939171969daaa1f6a9c797dd4f951471177887649d14546f69|74999877940357931409206557647852734140654034894672727412201456522041102015430|1774872566|buy|0.68|5,2026-06-24T20:54:34+00:00,997a3fb3df1237c77d8991a5ebd24c5482fac0268ddef5d8a2c27dcf9fd592cd,494bd7a191f04d2691a1673995b08287df2835e66c277390c05d176e9e17ef70,wallet_trade_history_v1,none
0xde17f7144fbd0eddb2679132c10ff5e74b120988,https://polymarket.com/0xde17f7144fbd0eddb2679132c10ff5e74b120988,https://data-api.polymarket.com/activity?user=0xde17f7144fbd0eddb2679132c10ff5e74b120988&type=TRADE&limit=100&offset=0&sortBy=TIMESTAMP&sortDirection=DESC,activity_primary,TRADE,1774872566,2026-03-30T12:09:26+00:00,0x6edf06035f9ba579e291b00e91d3dd194ead86acbc2f47214ae00da2df0c006b,0x779d73c9a68fd8939171969daaa1f6a9c797dd4f951471177887649d14546f69,74999877940357931409206557647852734140654034894672727412201456522041102015430,74999877940357931409206557647852734140654034894672727412201456522041102015430,bitcoin-above-70k-on-april-5,bitcoin-above-on-april-5,"Will the price of Bitcoin be above $70,000 on April 5?",No,1,BUY,0.68,5,3.4,endpoint_usdcSize,crypto_other,BTC,false,,,unavailable,entry_candidate,0xde17f7144fbd0eddb2679132c10ff5e74b120988|0x779d73c9a68fd8939171969daaa1f6a9c797dd4f951471177887649d14546f69|74999877940357931409206557647852734140654034894672727412201456522041102015430|No,0xde17f7144fbd0eddb2679132c10ff5e74b120988|activity_primary|0x6edf06035f9ba579e291b00e91d3dd194ead86acbc2f47214ae00da2df0c006b|0x779d73c9a68fd8939171969daaa1f6a9c797dd4f951471177887649d14546f69|74999877940357931409206557647852734140654034894672727412201456522041102015430|1774872566|buy|0.68|5,2026-06-24T20:54:34+00:00,d398d3ab85cecfa8c850eab3bebf35b023f06aa8ff994208fce9ce90594b07b7,494bd7a191f04d2691a1673995b08287df2835e66c277390c05d176e9e17ef70,wallet_trade_history_v1,none
0xde17f7144fbd0eddb2679132c10ff5e74b120988,https://polymarket.com/0xde17f7144fbd0eddb2679132c10ff5e74b120988,https://data-api.polymarket.com/activity?user=0xde17f7144fbd0eddb2679132c10ff5e74b120988&type=TRADE&limit=100&offset=0&sortBy=TIMESTAMP&sortDirection=DESC,activity_primary,TRADE,1774872566,2026-03-30T12:09:26+00:00,0xc131b8dd22671a5d59eef614888d5cde5335c35f113e1637305ee30cb1d3b273,0x779d73c9a68fd8939171969daaa1f6a9c797dd4f951471177887649d14546f69,74999877940357931409206557647852734140654034894672727412201456522041102015430,74999877940357931409206557647852734140654034894672727412201456522041102015430,bitcoin-above-70k-on-april-5,bitcoin-above-on-april-5,"Will the price of Bitcoin be above $70,000 on April 5?",No,1,BUY,0.68,5,3.4,endpoint_usdcSize,crypto_other,BTC,false,,,unavailable,entry_candidate,0xde17f7144fbd0eddb2679132c10ff5e74b120988|0x779d73c9a68fd8939171969daaa1f6a9c797dd4f951471177887649d14546f69|74999877940357931409206557647852734140654034894672727412201456522041102015430|No,0xde17f7144fbd0eddb2679132c10ff5e74b120988|activity_primary|0xc131b8dd22671a5d59eef614888d5cde5335c35f113e1637305ee30cb1d3b273|0x779d73c9a68fd8939171969daaa1f6a9c797dd4f951471177887649d14546f69|74999877940357931409206557647852734140654034894672727412201456522041102015430|1774872566|buy|0.68|5,2026-06-24T20:54:34+00:00,16c9a3816ca6143f749432c0fb14f19d44f1ed2e177364f434ee378c50656db9,494bd7a191f04d2691a1673995b08287df2835e66c277390c05d176e9e17ef70,wallet_trade_history_v1,none
0xde17f7144fbd0eddb2679132c10ff5e74b120988,https://polymarket.com/0xde17f7144fbd0eddb2679132c10ff5e74b120988,https://data-api.polymarket.com/activity?user=0xde17f7144fbd0eddb2679132c10ff5e74b120988&type=TRADE&limit=100&offset=0&sortBy=TIMESTAMP&sortDirection=DESC,activity_primary,TRADE,1774872566,2026-03-30T12:09:26+00:00,0xbcb751cfaabc8a01921c40dcb9efc547158df9a622e20c50a3be6534a3117850,0x779d73c9a68fd8939171969daaa1f6a9c797dd4f951471177887649d14546f69,74999877940357931409206557647852734140654034894672727412201456522041102015430,74999877940357931409206557647852734140654034894672727412201456522041102015430,bitcoin-above-70k-on-april-5,bitcoin-above-on-april-5,"Will the price of Bitcoin be above $70,000 on April 5?",No,1,BUY,0.68,5,3.4,endpoint_usdcSize,crypto_other,BTC,false,,,unavailable,entry_candidate,0xde17f7144fbd0eddb2679132c10ff5e74b120988|0x779d73c9a68fd8939171969daaa1f6a9c797dd4f951471177887649d14546f69|74999877940357931409206557647852734140654034894672727412201456522041102015430|No,0xde17f7144fbd0eddb2679132c10ff5e74b120988|activity_primary|0xbcb751cfaabc8a01921c40dcb9efc547158df9a622e20c50a3be6534a3117850|0x779d73c9a68fd8939171969daaa1f6a9c797dd4f951471177887649d14546f69|74999877940357931409206557647852734140654034894672727412201456522041102015430|1774872566|buy|0.68|5,2026-06-24T20:54:34+00:00,a6420aff420c8c989931257e97bcafbca3097b26a03b2c7305f84d947eca3692,494bd7a191f04d2691a1673995b08287df2835e66c277390c05d176e9e17ef70,wallet_trade_history_v1,none
0xde17f7144fbd0eddb2679132c10ff5e74b120988,https://polymarket.com/0xde17f7144fbd0eddb2679132c10ff5e74b120988,https://data-api.polymarket.com/activity?user=0xde17f7144fbd0eddb2679132c10ff5e74b120988&type=TRADE&limit=100&offset=0&sortBy=TIMESTAMP&sortDirection=DESC,activity_primary,TRADE,1774872566,2026-03-30T12:09:26+00:00,0x35673f1b72f4ff4155dedf0aa8caa020c0cc889e744c07644584cb3a6853c668,0x779d73c9a68fd8939171969daaa1f6a9c797dd4f951471177887649d14546f69,74999877940357931409206557647852734140654034894672727412201456522041102015430,74999877940357931409206557647852734140654034894672727412201456522041102015430,bitcoin-above-70k-on-april-5,bitcoin-above-on-april-5,"Will the price of Bitcoin be above $70,000 on April 5?",No,1,BUY,0.68,5,3.4,endpoint_usdcSize,crypto_other,BTC,false,,,unavailable,entry_candidate,0xde17f7144fbd0eddb2679132c10ff5e74b120988|0x779d73c9a68fd8939171969daaa1f6a9c797dd4f951471177887649d14546f69|74999877940357931409206557647852734140654034894672727412201456522041102015430|No,0xde17f7144fbd0eddb2679132c10ff5e74b120988|activity_primary|0x35673f1b72f4ff4155dedf0aa8caa020c0cc889e744c07644584cb3a6853c668|0x779d73c9a68fd8939171969daaa1f6a9c797dd4f951471177887649d14546f69|74999877940357931409206557647852734140654034894672727412201456522041102015430|1774872566|buy|0.68|5,2026-06-24T20:54:34+00:00,a73873cad778e907573ee3f04a7d71e6c87af25086170bfd586f7326bab2d934,494bd7a191f04d2691a1673995b08287df2835e66c277390c05d176e9e17ef70,wallet_trade_history_v1,none
0xde17f7144fbd0eddb2679132c10ff5e74b120988,https://polymarket.com/0xde17f7144fbd0eddb2679132c10ff5e74b120988,https://data-api.polymarket.com/activity?user=0xde17f7144fbd0eddb2679132c10ff5e74b120988&type=TRADE&limit=100&offset=0&sortBy=TIMESTAMP&sortDirection=DESC,activity_primary,TRADE,1774872566,2026-03-30T12:09:26+00:00,0x43ae7eeb0ef5fc6c1e36273b7eb7a266312225d02d10162531f83659266510e3,0x779d73c9a68fd8939171969daaa1f6a9c797dd4f951471177887649d14546f69,74999877940357931409206557647852734140654034894672727412201456522041102015430,74999877940357931409206557647852734140654034894672727412201456522041102015430,bitcoin-above-70k-on-april-5,bitcoin-above-on-april-5,"Will the price of Bitcoin be above $70,000 on April 5?",No,1,BUY,0.68,5,3.4,endpoint_usdcSize,crypto_other,BTC,false,,,unavailable,entry_candidate,0xde17f7144fbd0eddb2679132c10ff5e74b120988|0x779d73c9a68fd8939171969daaa1f6a9c797dd4f951471177887649d14546f69|74999877940357931409206557647852734140654034894672727412201456522041102015430|No,0xde17f7144fbd0eddb2679132c10ff5e74b120988|activity_primary|0x43ae7eeb0ef5fc6c1e36273b7eb7a266312225d02d10162531f83659266510e3|0x779d73c9a68fd8939171969daaa1f6a9c797dd4f951471177887649d14546f69|74999877940357931409206557647852734140654034894672727412201456522041102015430|1774872566|buy|0.68|5,2026-06-24T20:54:34+00:00,efc8dba3c9d64c8d783285f42ba91fa6a609bda5c729036a76f8905df804595a,494bd7a191f04d2691a1673995b08287df2835e66c277390c05d176e9e17ef70,wallet_trade_history_v1,none
0xde17f7144fbd0eddb2679132c10ff5e74b120988,https://polymarket.com/0xde17f7144fbd0eddb2679132c10ff5e74b120988,https://data-api.polymarket.com/activity?user=0xde17f7144fbd0eddb2679132c10ff5e74b120988&type=TRADE&limit=100&offset=0&sortBy=TIMESTAMP&sortDirection=DESC,activity_primary,TRADE,1774872566,2026-03-30T12:09:26+00:00,0xd539647a34b5b75d40f37f13b6dab3ad66ffdcaea469983355473183562d6486,0x779d73c9a68fd8939171969daaa1f6a9c797dd4f951471177887649d14546f69,74999877940357931409206557647852734140654034894672727412201456522041102015430,74999877940357931409206557647852734140654034894672727412201456522041102015430,bitcoin-above-70k-on-april-5,bitcoin-above-on-april-5,"Will the price of Bitcoin be above $70,000 on April 5?",No,1,BUY,0.68,3.25,2.21,endpoint_usdcSize,crypto_other,BTC,false,,,unavailable,entry_candidate,0xde17f7144fbd0eddb2679132c10ff5e74b120988|0x779d73c9a68fd8939171969daaa1f6a9c797dd4f951471177887649d14546f69|74999877940357931409206557647852734140654034894672727412201456522041102015430|No,0xde17f7144fbd0eddb2679132c10ff5e74b120988|activity_primary|0xd539647a34b5b75d40f37f13b6dab3ad66ffdcaea469983355473183562d6486|0x779d73c9a68fd8939171969daaa1f6a9c797dd4f951471177887649d14546f69|74999877940357931409206557647852734140654034894672727412201456522041102015430|1774872566|buy|0.68|3.25,2026-06-24T20:54:34+00:00,02010f672b0904e2e749fa169473dd590ff846fe823f5138ab430930d5431eb3,494bd7a191f04d2691a1673995b08287df2835e66c277390c05d176e9e17ef70,wallet_trade_history_v1,none
0xde17f7144fbd0eddb2679132c10ff5e74b120988,https://polymarket.com/0xde17f7144fbd0eddb2679132c10ff5e74b120988,https://data-api.polymarket.com/activity?user=0xde17f7144fbd0eddb2679132c10ff5e74b120988&type=TRADE&limit=100&offset=0&sortBy=TIMESTAMP&sortDirection=DESC,activity_primary,TRADE,1774872566,2026-03-30T12:09:26+00:00,0x6cce8c7ad89e0acda504c382add574cfb7b7d1b3620c40abe8033c1c496aede2,0xc5b98c248c0fce5702f4f8b8a5e26a37d6bb981cd134804e07d1a7b11ce8908a,10029497826145049423300389806580233060414772967059176641260102583167829906565,10029497826145049423300389806580233060414772967059176641260102583167829906565,will-bitcoin-reach-74k-march-30-april-5,what-price-will-bitcoin-hit-march-30-april-5,"Will Bitcoin reach $74,000 March 30-April 5?",No,1,BUY,0.8434129454061285,1998.546507,1685.599996,endpoint_usdcSize,crypto_other,BTC,false,,,unavailable,entry_candidate,0xde17f7144fbd0eddb2679132c10ff5e74b120988|0xc5b98c248c0fce5702f4f8b8a5e26a37d6bb981cd134804e07d1a7b11ce8908a|10029497826145049423300389806580233060414772967059176641260102583167829906565|No,0xde17f7144fbd0eddb2679132c10ff5e74b120988|activity_primary|0x6cce8c7ad89e0acda504c382add574cfb7b7d1b3620c40abe8033c1c496aede2|0xc5b98c248c0fce5702f4f8b8a5e26a37d6bb981cd134804e07d1a7b11ce8908a|10029497826145049423300389806580233060414772967059176641260102583167829906565|1774872566|buy|0.8434129454061285|1998.546507,2026-06-24T20:54:34+00:00,804baf021d9865d3d28979c3143c3d7ac526e6e07c42c03b0f24d02fb34e971f,494bd7a191f04d2691a1673995b08287df2835e66c277390c05d176e9e17ef70,wallet_trade_history_v1,none
0xde17f7144fbd0eddb2679132c10ff5e74b120988,https://polymarket.com/0xde17f7144fbd0eddb2679132c10ff5e74b120988,https://data-api.polymarket.com/activity?user=0xde17f7144fbd0eddb2679132c10ff5e74b120988&type=TRADE&limit=100&offset=0&sortBy=TIMESTAMP&sortDirection=DESC,activity_primary,TRADE,1774872566,2026-03-30T12:09:26+00:00,0x52ba3d8b60f62d99f6da808d91f8cdd946f588de45fd92d1868a0d2ff390285a,0x727545eb5f3f04f010d0024a4fef241c867f7d9c1b98ced2330df3bc26098a5c,33040702189964814137958959876518421702823561686782940172093773693372020731432,33040702189964814137958959876518421702823561686782940172093773693372020731432,will-bitcoin-reach-76k-march-30-april-5,what-price-will-bitcoin-hit-march-30-april-5,"Will Bitcoin reach $76,000 March 30-April 5?",No,1,BUY,0.9200945171908456,738.641504,679.619998,endpoint_usdcSize,crypto_other,BTC,false,,,unavailable,entry_candidate,0xde17f7144fbd0eddb2679132c10ff5e74b120988|0x727545eb5f3f04f010d0024a4fef241c867f7d9c1b98ced2330df3bc26098a5c|33040702189964814137958959876518421702823561686782940172093773693372020731432|No,0xde17f7144fbd0eddb2679132c10ff5e74b120988|activity_primary|0x52ba3d8b60f62d99f6da808d91f8cdd946f588de45fd92d1868a0d2ff390285a|0x727545eb5f3f04f010d0024a4fef241c867f7d9c1b98ced2330df3bc26098a5c|33040702189964814137958959876518421702823561686782940172093773693372020731432|1774872566|buy|0.9200945171908456|738.641504,2026-06-24T20:54:34+00:00,8035306fda002e5de2f22ab2e5ac76ce445bccd7679b1f612115925809b77f65,494bd7a191f04d2691a1673995b08287df2835e66c277390c05d176e9e17ef70,wallet_trade_history_v1,none
0xde17f7144fbd0eddb2679132c10ff5e74b120988,https://polymarket.com/0xde17f7144fbd0eddb2679132c10ff5e74b120988,https://data-api.polymarket.com/activity?user=0xde17f7144fbd0eddb2679132c10ff5e74b120988&type=TRADE&limit=100&offset=0&sortBy=TIMESTAMP&sortDirection=DESC,activity_primary,TRADE,1774872564,2026-03-30T12:09:24+00:00,0x7aed520b74494ed997fa0a616e0a3bddb6c0965ecdc84ec7bcff3b8e175343bc,0x779d73c9a68fd8939171969daaa1f6a9c797dd4f951471177887649d14546f69,74999877940357931409206557647852734140654034894672727412201456522041102015430,74999877940357931409206557647852734140654034894672727412201456522041102015430,bitcoin-above-70k-on-april-5,bitcoin-above-on-april-5,"Will the price of Bitcoin be above $70,000 on April 5?",No,1,BUY,0.68,5,3.4,endpoint_usdcSize,crypto_other,BTC,false,,,unavailable,entry_candidate,0xde17f7144fbd0eddb2679132c10ff5e74b120988|0x779d73c9a68fd8939171969daaa1f6a9c797dd4f951471177887649d14546f69|74999877940357931409206557647852734140654034894672727412201456522041102015430|No,0xde17f7144fbd0eddb2679132c10ff5e74b120988|activity_primary|0x7aed520b74494ed997fa0a616e0a3bddb6c0965ecdc84ec7bcff3b8e175343bc|0x779d73c9a68fd8939171969daaa1f6a9c797dd4f951471177887649d14546f69|74999877940357931409206557647852734140654034894672727412201456522041102015430|1774872564|buy|0.68|5,2026-06-24T20:54:34+00:00,41366e99fc405182684e756232fd810d2974691cbe2ca46d549aa22d57378b08,494bd7a191f04d2691a1673995b08287df2835e66c277390c05d176e9e17ef70,wallet_trade_history_v1,none
0xde17f7144fbd0eddb2679132c10ff5e74b120988,https://polymarket.com/0xde17f7144fbd0eddb2679132c10ff5e74b120988,https://data-api.polymarket.com/activity?user=0xde17f7144fbd0eddb2679132c10ff5e74b120988&type=TRADE&limit=100&offset=0&sortBy=TIMESTAMP&sortDirection=DESC,activity_primary,TRADE,1774872564,2026-03-30T12:09:24+00:00,0xa70bbb0dc426208e9bd76dd16281a8c266ccab74d10f099c0000a63911d3fba1,0x779d73c9a68fd8939171969daaa1f6a9c797dd4f951471177887649d14546f69,74999877940357931409206557647852734140654034894672727412201456522041102015430,74999877940357931409206557647852734140654034894672727412201456522041102015430,bitcoin-above-70k-on-april-5,bitcoin-above-on-april-5,"Will the price of Bitcoin be above $70,000 on April 5?",No,1,BUY,0.68,5,3.4,endpoint_usdcSize,crypto_other,BTC,false,,,unavailable,entry_candidate,0xde17f7144fbd0eddb2679132c10ff5e74b120988|0x779d73c9a68fd8939171969daaa1f6a9c797dd4f951471177887649d14546f69|74999877940357931409206557647852734140654034894672727412201456522041102015430|No,0xde17f7144fbd0eddb2679132c10ff5e74b120988|activity_primary|0xa70bbb0dc426208e9bd76dd16281a8c266ccab74d10f099c0000a63911d3fba1|0x779d73c9a68fd8939171969daaa1f6a9c797dd4f951471177887649d14546f69|74999877940357931409206557647852734140654034894672727412201456522041102015430|1774872564|buy|0.68|5,2026-06-24T20:54:34+00:00,5daeff5051376711915ab0e395cb6282ca9223c011a814ba0c5cf53246e7ca0a,494bd7a191f04d2691a1673995b08287df2835e66c277390c05d176e9e17ef70,wallet_trade_history_v1,none
0xde17f7144fbd0eddb2679132c10ff5e74b120988,https://polymarket.com/0xde17f7144fbd0eddb2679132c10ff5e74b120988,https://data-api.polymarket.com/activity?user=0xde17f7144fbd0eddb2679132c10ff5e74b120988&type=TRADE&limit=100&offset=0&sortBy=TIMESTAMP&sortDirection=DESC,activity_primary,TRADE,1774872564,2026-03-30T12:09:24+00:00,0x4717619fd666de10a6b2414a129fc1eefb20569a0118caef202b2bab1ed7526d,0x779d73c9a68fd8939171969daaa1f6a9c797dd4f951471177887649d14546f69,74999877940357931409206557647852734140654034894672727412201456522041102015430,74999877940357931409206557647852734140654034894672727412201456522041102015430,bitcoin-above-70k-on-april-5,bitcoin-above-on-april-5,"Will the price of Bitcoin be above $70,000 on April 5?",No,1,BUY,0.68,5,3.4,endpoint_usdcSize,crypto_other,BTC,false,,,unavailable,entry_candidate,0xde17f7144fbd0eddb2679132c10ff5e74b120988|0x779d73c9a68fd8939171969daaa1f6a9c797dd4f951471177887649d14546f69|74999877940357931409206557647852734140654034894672727412201456522041102015430|No,0xde17f7144fbd0eddb2679132c10ff5e74b120988|activity_primary|0x4717619fd666de10a6b2414a129fc1eefb20569a0118caef202b2bab1ed7526d|0x779d73c9a68fd8939171969daaa1f6a9c797dd4f951471177887649d14546f69|74999877940357931409206557647852734140654034894672727412201456522041102015430|1774872564|buy|0.68|5,2026-06-24T20:54:34+00:00,4785f69523d2a79467b06c767ca69a456294344db0456584af250d1c76bbf5ed,494bd7a191f04d2691a1673995b08287df2835e66c277390c05d176e9e17ef70,wallet_trade_history_v1,none
0x1f0ebc543b2d411f66947041625c0aa1ce61cf86,https://polymarket.com/0x1f0ebc543b2d411f66947041625c0aa1ce61cf86,https://data-api.polymarket.com/activity?user=0x1f0ebc543b2d411f66947041625c0aa1ce61cf86&type=TRADE&limit=100&offset=0&sortBy=TIMESTAMP&sortDirection=DESC,activity_primary,TRADE,1774377349,2026-03-24T18:35:49+00:00,0xb93ee934f894e59f56d2ae8fcc3e29383912ca9387a6553721730038e25663af,0xfd1352cae1ee4f2d3a18e19cc290bb7ab7298067855093acfd60ff71b76e492b,115169437589995816901586861523947955406998522856051033989976606187488636875596,115169437589995816901586861523947955406998522856051033989976606187488636875596,ethereum-up-or-down-march-24-2026-2pm-et,ethereum-up-or-down-march-24-2026-2pm-et,"Ethereum Up or Down - March 24, 2PM ET",Down,1,BUY,0.06,19,1.14,endpoint_usdcSize,fast_crypto_up_down,ETH,true,,,unavailable,entry_candidate,0x1f0ebc543b2d411f66947041625c0aa1ce61cf86|0xfd1352cae1ee4f2d3a18e19cc290bb7ab7298067855093acfd60ff71b76e492b|115169437589995816901586861523947955406998522856051033989976606187488636875596|Down,0x1f0ebc543b2d411f66947041625c0aa1ce61cf86|activity_primary|0xb93ee934f894e59f56d2ae8fcc3e29383912ca9387a6553721730038e25663af|0xfd1352cae1ee4f2d3a18e19cc290bb7ab7298067855093acfd60ff71b76e492b|115169437589995816901586861523947955406998522856051033989976606187488636875596|1774377349|buy|0.06|19,2026-06-24T20:54:35+00:00,3e9aaa10a06071b66597ffc5cf0d37344746efe4a53e3325b051aa40ecc71194,e9c3dfe377679a735c68fe33b70d4e88ba2f151fbd9b6e4bd9a44f96c399dd7e,wallet_trade_history_v1,none
0x1f0ebc543b2d411f66947041625c0aa1ce61cf86,https://polymarket.com/0x1f0ebc543b2d411f66947041625c0aa1ce61cf86,https://data-api.polymarket.com/activity?user=0x1f0ebc543b2d411f66947041625c0aa1ce61cf86&type=TRADE&limit=100&offset=0&sortBy=TIMESTAMP&sortDirection=DESC,activity_primary,TRADE,1774377349,2026-03-24T18:35:49+00:00,0xe464db5fba42745581b428c19b4c3ebbb9d279e5381affcac78026ea134296ae,0xfd1352cae1ee4f2d3a18e19cc290bb7ab7298067855093acfd60ff71b76e492b,115169437589995816901586861523947955406998522856051033989976606187488636875596,115169437589995816901586861523947955406998522856051033989976606187488636875596,ethereum-up-or-down-march-24-2026-2pm-et,ethereum-up-or-down-march-24-2026-2pm-et,"Ethereum Up or Down - March 24, 2PM ET",Down,1,BUY,0.06,19,1.14,endpoint_usdcSize,fast_crypto_up_down,ETH,true,,,unavailable,entry_candidate,0x1f0ebc543b2d411f66947041625c0aa1ce61cf86|0xfd1352cae1ee4f2d3a18e19cc290bb7ab7298067855093acfd60ff71b76e492b|115169437589995816901586861523947955406998522856051033989976606187488636875596|Down,0x1f0ebc543b2d411f66947041625c0aa1ce61cf86|activity_primary|0xe464db5fba42745581b428c19b4c3ebbb9d279e5381affcac78026ea134296ae|0xfd1352cae1ee4f2d3a18e19cc290bb7ab7298067855093acfd60ff71b76e492b|115169437589995816901586861523947955406998522856051033989976606187488636875596|1774377349|buy|0.06|19,2026-06-24T20:54:35+00:00,499cf18ae964f256d49b6c31cb1cff186d880ad6f85bb9fc17c68621cf8c54b0,e9c3dfe377679a735c68fe33b70d4e88ba2f151fbd9b6e4bd9a44f96c399dd7e,wallet_trade_history_v1,none
0x1f0ebc543b2d411f66947041625c0aa1ce61cf86,https://polymarket.com/0x1f0ebc543b2d411f66947041625c0aa1ce61cf86,https://data-api.polymarket.com/activity?user=0x1f0ebc543b2d411f66947041625c0aa1ce61cf86&type=TRADE&limit=100&offset=0&sortBy=TIMESTAMP&sortDirection=DESC,activity_primary,TRADE,1774377349,2026-03-24T18:35:49+00:00,0x86e402a021097bf8dda6a3d5b284b2b31d07d80159a79c55fe7dbf85d6631065,0xfd1352cae1ee4f2d3a18e19cc290bb7ab7298067855093acfd60ff71b76e492b,115169437589995816901586861523947955406998522856051033989976606187488636875596,115169437589995816901586861523947955406998522856051033989976606187488636875596,ethereum-up-or-down-march-24-2026-2pm-et,ethereum-up-or-down-march-24-2026-2pm-et,"Ethereum Up or Down - March 24, 2PM ET",Down,1,BUY,0.06,19.98935,1.199361,endpoint_usdcSize,fast_crypto_up_down,ETH,true,,,unavailable,entry_candidate,0x1f0ebc543b2d411f66947041625c0aa1ce61cf86|0xfd1352cae1ee4f2d3a18e19cc290bb7ab7298067855093acfd60ff71b76e492b|115169437589995816901586861523947955406998522856051033989976606187488636875596|Down,0x1f0ebc543b2d411f66947041625c0aa1ce61cf86|activity_primary|0x86e402a021097bf8dda6a3d5b284b2b31d07d80159a79c55fe7dbf85d6631065|0xfd1352cae1ee4f2d3a18e19cc290bb7ab7298067855093acfd60ff71b76e492b|115169437589995816901586861523947955406998522856051033989976606187488636875596|1774377349|buy|0.06|19.98935,2026-06-24T20:54:35+00:00,c22b404bb9ab55abe127c0f1b793ede42f347d236b63680ebf66c6f6a8ce2e1b,e9c3dfe377679a735c68fe33b70d4e88ba2f151fbd9b6e4bd9a44f96c399dd7e,wallet_trade_history_v1,none
0x1f0ebc543b2d411f66947041625c0aa1ce61cf86,https://polymarket.com/0x1f0ebc543b2d411f66947041625c0aa1ce61cf86,https://data-api.polymarket.com/activity?user=0x1f0ebc543b2d411f66947041625c0aa1ce61cf86&type=TRADE&limit=100&offset=0&sortBy=TIMESTAMP&sortDirection=DESC,activity_primary,TRADE,1774377349,2026-03-24T18:35:49+00:00,0x03fb27a95dece1bdd5853159ce53a7da730aea853d0ed3e8cc1bfa6a8472eed9,0xfd1352cae1ee4f2d3a18e19cc290bb7ab7298067855093acfd60ff71b76e492b,115169437589995816901586861523947955406998522856051033989976606187488636875596,115169437589995816901586861523947955406998522856051033989976606187488636875596,ethereum-up-or-down-march-24-2026-2pm-et,ethereum-up-or-down-march-24-2026-2pm-et,"Ethereum Up or Down - March 24, 2PM ET",Down,1,BUY,0.06,17.98935,1.079361,endpoint_usdcSize,fast_crypto_up_down,ETH,true,,,unavailable,entry_candidate,0x1f0ebc543b2d411f66947041625c0aa1ce61cf86|0xfd1352cae1ee4f2d3a18e19cc290bb7ab7298067855093acfd60ff71b76e492b|115169437589995816901586861523947955406998522856051033989976606187488636875596|Down,0x1f0ebc543b2d411f66947041625c0aa1ce61cf86|activity_primary|0x03fb27a95dece1bdd5853159ce53a7da730aea853d0ed3e8cc1bfa6a8472eed9|0xfd1352cae1ee4f2d3a18e19cc290bb7ab7298067855093acfd60ff71b76e492b|115169437589995816901586861523947955406998522856051033989976606187488636875596|1774377349|buy|0.06|17.98935,2026-06-24T20:54:35+00:00,d872341f63f4478ddb33e7ed1035dc7dfa97704a61fdc11bc5dacaa61fdfaa5d,e9c3dfe377679a735c68fe33b70d4e88ba2f151fbd9b6e4bd9a44f96c399dd7e,wallet_trade_history_v1,none
0x1f0ebc543b2d411f66947041625c0aa1ce61cf86,https://polymarket.com/0x1f0ebc543b2d411f66947041625c0aa1ce61cf86,https://data-api.polymarket.com/activity?user=0x1f0ebc543b2d411f66947041625c0aa1ce61cf86&type=TRADE&limit=100&offset=0&sortBy=TIMESTAMP&sortDirection=DESC,activity_primary,TRADE,1774377349,2026-03-24T18:35:49+00:00,0x6e6de18240b0561764149ca2467b96860ef6dcc4cf1bda1b872549c6b0001ea6,0xfd1352cae1ee4f2d3a18e19cc290bb7ab7298067855093acfd60ff71b76e492b,115169437589995816901586861523947955406998522856051033989976606187488636875596,115169437589995816901586861523947955406998522856051033989976606187488636875596,ethereum-up-or-down-march-24-2026-2pm-et,ethereum-up-or-down-march-24-2026-2pm-et,"Ethereum Up or Down - March 24, 2PM ET",Down,1,BUY,0.06,0.08,0.0048,endpoint_usdcSize,fast_crypto_up_down,ETH,true,,,unavailable,entry_candidate,0x1f0ebc543b2d411f66947041625c0aa1ce61cf86|0xfd1352cae1ee4f2d3a18e19cc290bb7ab7298067855093acfd60ff71b76e492b|115169437589995816901586861523947955406998522856051033989976606187488636875596|Down,0x1f0ebc543b2d411f66947041625c0aa1ce61cf86|activity_primary|0x6e6de18240b0561764149ca2467b96860ef6dcc4cf1bda1b872549c6b0001ea6|0xfd1352cae1ee4f2d3a18e19cc290bb7ab7298067855093acfd60ff71b76e492b|115169437589995816901586861523947955406998522856051033989976606187488636875596|1774377349|buy|0.06|0.08,2026-06-24T20:54:35+00:00,98db2e5c31b0bd8a6eb1c5002536f95a7a4ec2c3cb41563f548cf0577c6bb092,e9c3dfe377679a735c68fe33b70d4e88ba2f151fbd9b6e4bd9a44f96c399dd7e,wallet_trade_history_v1,none
0x1f0ebc543b2d411f66947041625c0aa1ce61cf86,https://polymarket.com/0x1f0ebc543b2d411f66947041625c0aa1ce61cf86,https://data-api.polymarket.com/activity?user=0x1f0ebc543b2d411f66947041625c0aa1ce61cf86&type=TRADE&limit=100&offset=0&sortBy=TIMESTAMP&sortDirection=DESC,activity_primary,TRADE,1774377349,2026-03-24T18:35:49+00:00,0x556c88f65b39dffac23bd30d8fd4d914baecfe0e18e66ac4d9e6c369492cb8b5,0xfd1352cae1ee4f2d3a18e19cc290bb7ab7298067855093acfd60ff71b76e492b,115169437589995816901586861523947955406998522856051033989976606187488636875596,115169437589995816901586861523947955406998522856051033989976606187488636875596,ethereum-up-or-down-march-24-2026-2pm-et,ethereum-up-or-down-march-24-2026-2pm-et,"Ethereum Up or Down - March 24, 2PM ET",Down,1,BUY,0.06,0.57,0.0342,endpoint_usdcSize,fast_crypto_up_down,ETH,true,,,unavailable,entry_candidate,0x1f0ebc543b2d411f66947041625c0aa1ce61cf86|0xfd1352cae1ee4f2d3a18e19cc290bb7ab7298067855093acfd60ff71b76e492b|115169437589995816901586861523947955406998522856051033989976606187488636875596|Down,0x1f0ebc543b2d411f66947041625c0aa1ce61cf86|activity_primary|0x556c88f65b39dffac23bd30d8fd4d914baecfe0e18e66ac4d9e6c369492cb8b5|0xfd1352cae1ee4f2d3a18e19cc290bb7ab7298067855093acfd60ff71b76e492b|115169437589995816901586861523947955406998522856051033989976606187488636875596|1774377349|buy|0.06|0.57,2026-06-24T20:54:35+00:00,69271fb23a1e5c7a875c945a3ed1d3c1f43a231e32a30533f51c623e1ad3882f,e9c3dfe377679a735c68fe33b70d4e88ba2f151fbd9b6e4bd9a44f96c399dd7e,wallet_trade_history_v1,none
0x1f0ebc543b2d411f66947041625c0aa1ce61cf86,https://polymarket.com/0x1f0ebc543b2d411f66947041625c0aa1ce61cf86,https://data-api.polymarket.com/activity?user=0x1f0ebc543b2d411f66947041625c0aa1ce61cf86&type=TRADE&limit=100&offset=0&sortBy=TIMESTAMP&sortDirection=DESC,activity_primary,TRADE,1774377349,2026-03-24T18:35:49+00:00,0xf6fe2dcaae6bf5b2c43298d9500867bfccb0c23c63982d21886e2328845275a8,0xfd1352cae1ee4f2d3a18e19cc290bb7ab7298067855093acfd60ff71b76e492b,115169437589995816901586861523947955406998522856051033989976606187488636875596,115169437589995816901586861523947955406998522856051033989976606187488636875596,ethereum-up-or-down-march-24-2026-2pm-et,ethereum-up-or-down-march-24-2026-2pm-et,"Ethereum Up or Down - March 24, 2PM ET",Down,1,BUY,0.06,3,0.18,endpoint_usdcSize,fast_crypto_up_down,ETH,true,,,unavailable,entry_candidate,0x1f0ebc543b2d411f66947041625c0aa1ce61cf86|0xfd1352cae1ee4f2d3a18e19cc290bb7ab7298067855093acfd60ff71b76e492b|115169437589995816901586861523947955406998522856051033989976606187488636875596|Down,0x1f0ebc543b2d411f66947041625c0aa1ce61cf86|activity_primary|0xf6fe2dcaae6bf5b2c43298d9500867bfccb0c23c63982d21886e2328845275a8|0xfd1352cae1ee4f2d3a18e19cc290bb7ab7298067855093acfd60ff71b76e492b|115169437589995816901586861523947955406998522856051033989976606187488636875596|1774377349|buy|0.06|3,2026-06-24T20:54:35+00:00,1ca918f4dd7dc54041e63c6b6ad6ed812fe2e51d02e41b91fa9d1e6d42883f9f,e9c3dfe377679a735c68fe33b70d4e88ba2f151fbd9b6e4bd9a44f96c399dd7e,wallet_trade_history_v1,none
0x1f0ebc543b2d411f66947041625c0aa1ce61cf86,https://polymarket.com/0x1f0ebc543b2d411f66947041625c0aa1ce61cf86,https://data-api.polymarket.com/activity?user=0x1f0ebc543b2d411f66947041625c0aa1ce61cf86&type=TRADE&limit=100&offset=0&sortBy=TIMESTAMP&sortDirection=DESC,activity_primary,TRADE,1774377349,2026-03-24T18:35:49+00:00,0x44a39bb76cb580bae11d887e52a9861ce1bb0e2edbd45f8835d89382c2f6d796,0xfd1352cae1ee4f2d3a18e19cc290bb7ab7298067855093acfd60ff71b76e492b,115169437589995816901586861523947955406998522856051033989976606187488636875596,115169437589995816901586861523947955406998522856051033989976606187488636875596,ethereum-up-or-down-march-24-2026-2pm-et,ethereum-up-or-down-march-24-2026-2pm-et,"Ethereum Up or Down - March 24, 2PM ET",Down,1,BUY,0.060000009947116156,2.010633,0.120638,endpoint_usdcSize,fast_crypto_up_down,ETH,true,,,unavailable,entry_candidate,0x1f0ebc543b2d411f66947041625c0aa1ce61cf86|0xfd1352cae1ee4f2d3a18e19cc290bb7ab7298067855093acfd60ff71b76e492b|115169437589995816901586861523947955406998522856051033989976606187488636875596|Down,0x1f0ebc543b2d411f66947041625c0aa1ce61cf86|activity_primary|0x44a39bb76cb580bae11d887e52a9861ce1bb0e2edbd45f8835d89382c2f6d796|0xfd1352cae1ee4f2d3a18e19cc290bb7ab7298067855093acfd60ff71b76e492b|115169437589995816901586861523947955406998522856051033989976606187488636875596|1774377349|buy|0.060000009947116156|2.010633,2026-06-24T20:54:35+00:00,472338f7ad4582d66cd7fde0cb801b3f9a9ea0367bb5c8828b93096d9cca5d4d,e9c3dfe377679a735c68fe33b70d4e88ba2f151fbd9b6e4bd9a44f96c399dd7e,wallet_trade_history_v1,none
0x1f0ebc543b2d411f66947041625c0aa1ce61cf86,https://polymarket.com/0x1f0ebc543b2d411f66947041625c0aa1ce61cf86,https://data-api.polymarket.com/activity?user=0x1f0ebc543b2d411f66947041625c0aa1ce61cf86&type=TRADE&limit=100&offset=0&sortBy=TIMESTAMP&sortDirection=DESC,activity_primary,TRADE,1774377349,2026-03-24T18:35:49+00:00,0x9e7f874b3ea15bdff189f503c78fffee737f678c854936bb2fa5ca768e0c71f8,0xfd1352cae1ee4f2d3a18e19cc290bb7ab7298067855093acfd60ff71b76e492b,115169437589995816901586861523947955406998522856051033989976606187488636875596,115169437589995816901586861523947955406998522856051033989976606187488636875596,ethereum-up-or-down-march-24-2026-2pm-et,ethereum-up-or-down-march-24-2026-2pm-et,"Ethereum Up or Down - March 24, 2PM ET",Down,1,BUY,0.06,20,1.2,endpoint_usdcSize,fast_crypto_up_down,ETH,true,,,unavailable,entry_candidate,0x1f0ebc543b2d411f66947041625c0aa1ce61cf86|0xfd1352cae1ee4f2d3a18e19cc290bb7ab7298067855093acfd60ff71b76e492b|115169437589995816901586861523947955406998522856051033989976606187488636875596|Down,0x1f0ebc543b2d411f66947041625c0aa1ce61cf86|activity_primary|0x9e7f874b3ea15bdff189f503c78fffee737f678c854936bb2fa5ca768e0c71f8|0xfd1352cae1ee4f2d3a18e19cc290bb7ab7298067855093acfd60ff71b76e492b|115169437589995816901586861523947955406998522856051033989976606187488636875596|1774377349|buy|0.06|20,2026-06-24T20:54:35+00:00,0f83219dfd5cac5684459237963c4f5bacf11a7e2bed10fb678e03615c91361f,e9c3dfe377679a735c68fe33b70d4e88ba2f151fbd9b6e4bd9a44f96c399dd7e,wallet_trade_history_v1,none
0x1f0ebc543b2d411f66947041625c0aa1ce61cf86,https://polymarket.com/0x1f0ebc543b2d411f66947041625c0aa1ce61cf86,https://data-api.polymarket.com/activity?user=0x1f0ebc543b2d411f66947041625c0aa1ce61cf86&type=TRADE&limit=100&offset=0&sortBy=TIMESTAMP&sortDirection=DESC,activity_primary,TRADE,1774377349,2026-03-24T18:35:49+00:00,0xcf0eb10ff1951e0789dac878787dcee5fffd0ec7e600fa530e44aade259b28e0,0xfd1352cae1ee4f2d3a18e19cc290bb7ab7298067855093acfd60ff71b76e492b,115169437589995816901586861523947955406998522856051033989976606187488636875596,115169437589995816901586861523947955406998522856051033989976606187488636875596,ethereum-up-or-down-march-24-2026-2pm-et,ethereum-up-or-down-march-24-2026-2pm-et,"Ethereum Up or Down - March 24, 2PM ET",Down,1,BUY,0.06,3,0.18,endpoint_usdcSize,fast_crypto_up_down,ETH,true,,,unavailable,entry_candidate,0x1f0ebc543b2d411f66947041625c0aa1ce61cf86|0xfd1352cae1ee4f2d3a18e19cc290bb7ab7298067855093acfd60ff71b76e492b|115169437589995816901586861523947955406998522856051033989976606187488636875596|Down,0x1f0ebc543b2d411f66947041625c0aa1ce61cf86|activity_primary|0xcf0eb10ff1951e0789dac878787dcee5fffd0ec7e600fa530e44aade259b28e0|0xfd1352cae1ee4f2d3a18e19cc290bb7ab7298067855093acfd60ff71b76e492b|115169437589995816901586861523947955406998522856051033989976606187488636875596|1774377349|buy|0.06|3,2026-06-24T20:54:35+00:00,dc3c962b5b02b65ab20d943ea36bcdc8043ada2ed34cd3ab392f32d93c1e46b4,e9c3dfe377679a735c68fe33b70d4e88ba2f151fbd9b6e4bd9a44f96c399dd7e,wallet_trade_history_v1,none
0x1f0ebc543b2d411f66947041625c0aa1ce61cf86,https://polymarket.com/0x1f0ebc543b2d411f66947041625c0aa1ce61cf86,https://data-api.polymarket.com/activity?user=0x1f0ebc543b2d411f66947041625c0aa1ce61cf86&type=TRADE&limit=100&offset=0&sortBy=TIMESTAMP&sortDirection=DESC,activity_primary,TRADE,1774377347,2026-03-24T18:35:47+00:00,0xc609cfd10b82e52875be47e51b0169a177d7e80ac541e2107fa21375154a3c3f,0xfd1352cae1ee4f2d3a18e19cc290bb7ab7298067855093acfd60ff71b76e492b,115169437589995816901586861523947955406998522856051033989976606187488636875596,115169437589995816901586861523947955406998522856051033989976606187488636875596,ethereum-up-or-down-march-24-2026-2pm-et,ethereum-up-or-down-march-24-2026-2pm-et,"Ethereum Up or Down - March 24, 2PM ET",Down,1,BUY,0.06,29.1,1.746,endpoint_usdcSize,fast_crypto_up_down,ETH,true,,,unavailable,entry_candidate,0x1f0ebc543b2d411f66947041625c0aa1ce61cf86|0xfd1352cae1ee4f2d3a18e19cc290bb7ab7298067855093acfd60ff71b76e492b|115169437589995816901586861523947955406998522856051033989976606187488636875596|Down,0x1f0ebc543b2d411f66947041625c0aa1ce61cf86|activity_primary|0xc609cfd10b82e52875be47e51b0169a177d7e80ac541e2107fa21375154a3c3f|0xfd1352cae1ee4f2d3a18e19cc290bb7ab7298067855093acfd60ff71b76e492b|115169437589995816901586861523947955406998522856051033989976606187488636875596|1774377347|buy|0.06|29.1,2026-06-24T20:54:35+00:00,c5280e2d7467f8caf447fb6e0b42661a37a0bc8d36bf98858c4737bca8ad85d2,e9c3dfe377679a735c68fe33b70d4e88ba2f151fbd9b6e4bd9a44f96c399dd7e,wallet_trade_history_v1,none
0x1f0ebc543b2d411f66947041625c0aa1ce61cf86,https://polymarket.com/0x1f0ebc543b2d411f66947041625c0aa1ce61cf86,https://data-api.polymarket.com/activity?user=0x1f0ebc543b2d411f66947041625c0aa1ce61cf86&type=TRADE&limit=100&offset=0&sortBy=TIMESTAMP&sortDirection=DESC,activity_primary,TRADE,1774377347,2026-03-24T18:35:47+00:00,0xcd0ba152633c85c411a7685e868a484e4928d43b883f9a2a1f30f4c8a18e2033,0xfd1352cae1ee4f2d3a18e19cc290bb7ab7298067855093acfd60ff71b76e492b,115169437589995816901586861523947955406998522856051033989976606187488636875596,115169437589995816901586861523947955406998522856051033989976606187488636875596,ethereum-up-or-down-march-24-2026-2pm-et,ethereum-up-or-down-march-24-2026-2pm-et,"Ethereum Up or Down - March 24, 2PM ET",Down,1,BUY,0.06,10.03,0.6018,endpoint_usdcSize,fast_crypto_up_down,ETH,true,,,unavailable,entry_candidate,0x1f0ebc543b2d411f66947041625c0aa1ce61cf86|0xfd1352cae1ee4f2d3a18e19cc290bb7ab7298067855093acfd60ff71b76e492b|115169437589995816901586861523947955406998522856051033989976606187488636875596|Down,0x1f0ebc543b2d411f66947041625c0aa1ce61cf86|activity_primary|0xcd0ba152633c85c411a7685e868a484e4928d43b883f9a2a1f30f4c8a18e2033|0xfd1352cae1ee4f2d3a18e19cc290bb7ab7298067855093acfd60ff71b76e492b|115169437589995816901586861523947955406998522856051033989976606187488636875596|1774377347|buy|0.06|10.03,2026-06-24T20:54:35+00:00,6b18d039546a3752eee9fddf551cf64bb6d116fc1d37ec0129353568e54fdd37,e9c3dfe377679a735c68fe33b70d4e88ba2f151fbd9b6e4bd9a44f96c399dd7e,wallet_trade_history_v1,none
0x1f0ebc543b2d411f66947041625c0aa1ce61cf86,https://polymarket.com/0x1f0ebc543b2d411f66947041625c0aa1ce61cf86,https://data-api.polymarket.com/activity?user=0x1f0ebc543b2d411f66947041625c0aa1ce61cf86&type=TRADE&limit=100&offset=0&sortBy=TIMESTAMP&sortDirection=DESC,activity_primary,TRADE,1774377345,2026-03-24T18:35:45+00:00,0x06686f93337cf1c91816c01beaea92ce335836a341443a4a58ccf76956948109,0xfd1352cae1ee4f2d3a18e19cc290bb7ab7298067855093acfd60ff71b76e492b,115169437589995816901586861523947955406998522856051033989976606187488636875596,115169437589995816901586861523947955406998522856051033989976606187488636875596,ethereum-up-or-down-march-24-2026-2pm-et,ethereum-up-or-down-march-24-2026-2pm-et,"Ethereum Up or Down - March 24, 2PM ET",Down,1,BUY,0.06,55,3.3,endpoint_usdcSize,fast_crypto_up_down,ETH,true,,,unavailable,entry_candidate,0x1f0ebc543b2d411f66947041625c0aa1ce61cf86|0xfd1352cae1ee4f2d3a18e19cc290bb7ab7298067855093acfd60ff71b76e492b|115169437589995816901586861523947955406998522856051033989976606187488636875596|Down,0x1f0ebc543b2d411f66947041625c0aa1ce61cf86|activity_primary|0x06686f93337cf1c91816c01beaea92ce335836a341443a4a58ccf76956948109|0xfd1352cae1ee4f2d3a18e19cc290bb7ab7298067855093acfd60ff71b76e492b|115169437589995816901586861523947955406998522856051033989976606187488636875596|1774377345|buy|0.06|55,2026-06-24T20:54:35+00:00,db82277f9eaef5027a58957f53551d9361a435217574758139169b5570319d83,e9c3dfe377679a735c68fe33b70d4e88ba2f151fbd9b6e4bd9a44f96c399dd7e,wallet_trade_history_v1,none
0x1f0ebc543b2d411f66947041625c0aa1ce61cf86,https://polymarket.com/0x1f0ebc543b2d411f66947041625c0aa1ce61cf86,https://data-api.polymarket.com/activity?user=0x1f0ebc543b2d411f66947041625c0aa1ce61cf86&type=TRADE&limit=100&offset=0&sortBy=TIMESTAMP&sortDirection=DESC,activity_primary,TRADE,1774377345,2026-03-24T18:35:45+00:00,0x525bb7ee1624ec55bda378c4139024219e6d1ec2926c7808cf3fa60dd5748078,0xce7ce28c2bc063f7bc326d165e320fff802c9f5543634b20398cf07a781f7a3d,37991023055813221626257004391277697884585468218774831207491616820794622902233,37991023055813221626257004391277697884585468218774831207491616820794622902233,solana-up-or-down-march-24-2026-2pm-et,solana-up-or-down-march-24-2026-2pm-et,"Solana Up or Down - March 24, 2PM ET",Down,1,BUY,0.35,27,9.45,endpoint_usdcSize,fast_crypto_up_down,SOL,true,,,unavailable,entry_candidate,0x1f0ebc543b2d411f66947041625c0aa1ce61cf86|0xce7ce28c2bc063f7bc326d165e320fff802c9f5543634b20398cf07a781f7a3d|37991023055813221626257004391277697884585468218774831207491616820794622902233|Down,0x1f0ebc543b2d411f66947041625c0aa1ce61cf86|activity_primary|0x525bb7ee1624ec55bda378c4139024219e6d1ec2926c7808cf3fa60dd5748078|0xce7ce28c2bc063f7bc326d165e320fff802c9f5543634b20398cf07a781f7a3d|37991023055813221626257004391277697884585468218774831207491616820794622902233|1774377345|buy|0.35|27,2026-06-24T20:54:35+00:00,a57ef97d4c5dcdc8dbd3e070f734b10217af7f59c87acab02bb7d625ed49c1db,e9c3dfe377679a735c68fe33b70d4e88ba2f151fbd9b6e4bd9a44f96c399dd7e,wallet_trade_history_v1,none
0x1f0ebc543b2d411f66947041625c0aa1ce61cf86,https://polymarket.com/0x1f0ebc543b2d411f66947041625c0aa1ce61cf86,https://data-api.polymarket.com/activity?user=0x1f0ebc543b2d411f66947041625c0aa1ce61cf86&type=TRADE&limit=100&offset=0&sortBy=TIMESTAMP&sortDirection=DESC,activity_primary,TRADE,1774377345,2026-03-24T18:35:45+00:00,0xf89b1371c74eae487404158f5eec35e0b523d2758ca46a17c8731528f95056e9,0xfd1352cae1ee4f2d3a18e19cc290bb7ab7298067855093acfd60ff71b76e492b,115169437589995816901586861523947955406998522856051033989976606187488636875596,115169437589995816901586861523947955406998522856051033989976606187488636875596,ethereum-up-or-down-march-24-2026-2pm-et,ethereum-up-or-down-march-24-2026-2pm-et,"Ethereum Up or Down - March 24, 2PM ET",Down,1,BUY,0.06,50,3,endpoint_usdcSize,fast_crypto_up_down,ETH,true,,,unavailable,entry_candidate,0x1f0ebc543b2d411f66947041625c0aa1ce61cf86|0xfd1352cae1ee4f2d3a18e19cc290bb7ab7298067855093acfd60ff71b76e492b|115169437589995816901586861523947955406998522856051033989976606187488636875596|Down,0x1f0ebc543b2d411f66947041625c0aa1ce61cf86|activity_primary|0xf89b1371c74eae487404158f5eec35e0b523d2758ca46a17c8731528f95056e9|0xfd1352cae1ee4f2d3a18e19cc290bb7ab7298067855093acfd60ff71b76e492b|115169437589995816901586861523947955406998522856051033989976606187488636875596|1774377345|buy|0.06|50,2026-06-24T20:54:35+00:00,a42034934c1a121e912d85f361473fdbe2c2675beb2181f986236b42f7df2a06,e9c3dfe377679a735c68fe33b70d4e88ba2f151fbd9b6e4bd9a44f96c399dd7e,wallet_trade_history_v1,none
0x1f0ebc543b2d411f66947041625c0aa1ce61cf86,https://polymarket.com/0x1f0ebc543b2d411f66947041625c0aa1ce61cf86,https://data-api.polymarket.com/activity?user=0x1f0ebc543b2d411f66947041625c0aa1ce61cf86&type=TRADE&limit=100&offset=0&sortBy=TIMESTAMP&sortDirection=DESC,activity_primary,TRADE,1774377345,2026-03-24T18:35:45+00:00,0xaa7787fef08e7ad5b4472fd9f8da5a3d78666535317fcec62574c8f37450dae4,0xce7ce28c2bc063f7bc326d165e320fff802c9f5543634b20398cf07a781f7a3d,37991023055813221626257004391277697884585468218774831207491616820794622902233,37991023055813221626257004391277697884585468218774831207491616820794622902233,solana-up-or-down-march-24-2026-2pm-et,solana-up-or-down-march-24-2026-2pm-et,"Solana Up or Down - March 24, 2PM ET",Down,1,BUY,0.35,171,59.85,endpoint_usdcSize,fast_crypto_up_down,SOL,true,,,unavailable,entry_candidate,0x1f0ebc543b2d411f66947041625c0aa1ce61cf86|0xce7ce28c2bc063f7bc326d165e320fff802c9f5543634b20398cf07a781f7a3d|37991023055813221626257004391277697884585468218774831207491616820794622902233|Down,0x1f0ebc543b2d411f66947041625c0aa1ce61cf86|activity_primary|0xaa7787fef08e7ad5b4472fd9f8da5a3d78666535317fcec62574c8f37450dae4|0xce7ce28c2bc063f7bc326d165e320fff802c9f5543634b20398cf07a781f7a3d|37991023055813221626257004391277697884585468218774831207491616820794622902233|1774377345|buy|0.35|171,2026-06-24T20:54:35+00:00,4f322f1d2efe69200a2845738d7c58e8c1f124bad1827f1fb36dd725ad667def,e9c3dfe377679a735c68fe33b70d4e88ba2f151fbd9b6e4bd9a44f96c399dd7e,wallet_trade_history_v1,none
0x1f0ebc543b2d411f66947041625c0aa1ce61cf86,https://polymarket.com/0x1f0ebc543b2d411f66947041625c0aa1ce61cf86,https://data-api.polymarket.com/activity?user=0x1f0ebc543b2d411f66947041625c0aa1ce61cf86&type=TRADE&limit=100&offset=0&sortBy=TIMESTAMP&sortDirection=DESC,activity_primary,TRADE,1774377345,2026-03-24T18:35:45+00:00,0x5661565cb02aebd79bb520ba5fb82b98dbf53a83a7c070b5a583be592e57c97f,0xce7ce28c2bc063f7bc326d165e320fff802c9f5543634b20398cf07a781f7a3d,37991023055813221626257004391277697884585468218774831207491616820794622902233,37991023055813221626257004391277697884585468218774831207491616820794622902233,solana-up-or-down-march-24-2026-2pm-et,solana-up-or-down-march-24-2026-2pm-et,"Solana Up or Down - March 24, 2PM ET",Down,1,BUY,0.35,36,12.6,endpoint_usdcSize,fast_crypto_up_down,SOL,true,,,unavailable,entry_candidate,0x1f0ebc543b2d411f66947041625c0aa1ce61cf86|0xce7ce28c2bc063f7bc326d165e320fff802c9f5543634b20398cf07a781f7a3d|37991023055813221626257004391277697884585468218774831207491616820794622902233|Down,0x1f0ebc543b2d411f66947041625c0aa1ce61cf86|activity_primary|0x5661565cb02aebd79bb520ba5fb82b98dbf53a83a7c070b5a583be592e57c97f|0xce7ce28c2bc063f7bc326d165e320fff802c9f5543634b20398cf07a781f7a3d|37991023055813221626257004391277697884585468218774831207491616820794622902233|1774377345|buy|0.35|36,2026-06-24T20:54:35+00:00,6b65af9c478197fcd2a8522b976efe841deeaae961b002194e7c9916ae099244,e9c3dfe377679a735c68fe33b70d4e88ba2f151fbd9b6e4bd9a44f96c399dd7e,wallet_trade_history_v1,none
0x1f0ebc543b2d411f66947041625c0aa1ce61cf86,https://polymarket.com/0x1f0ebc543b2d411f66947041625c0aa1ce61cf86,https://data-api.polymarket.com/activity?user=0x1f0ebc543b2d411f66947041625c0aa1ce61cf86&type=TRADE&limit=100&offset=0&sortBy=TIMESTAMP&sortDirection=DESC,activity_primary,TRADE,1774377345,2026-03-24T18:35:45+00:00,0x799334128c49e359f9e7e46c32baa86ee7862b4e7d1e3e2e3fc2473b9634a57b,0xfd1352cae1ee4f2d3a18e19cc290bb7ab7298067855093acfd60ff71b76e492b,115169437589995816901586861523947955406998522856051033989976606187488636875596,115169437589995816901586861523947955406998522856051033989976606187488636875596,ethereum-up-or-down-march-24-2026-2pm-et,ethereum-up-or-down-march-24-2026-2pm-et,"Ethereum Up or Down - March 24, 2PM ET",Down,1,BUY,0.06,50,3,endpoint_usdcSize,fast_crypto_up_down,ETH,true,,,unavailable,entry_candidate,0x1f0ebc543b2d411f66947041625c0aa1ce61cf86|0xfd1352cae1ee4f2d3a18e19cc290bb7ab7298067855093acfd60ff71b76e492b|115169437589995816901586861523947955406998522856051033989976606187488636875596|Down,0x1f0ebc543b2d411f66947041625c0aa1ce61cf86|activity_primary|0x799334128c49e359f9e7e46c32baa86ee7862b4e7d1e3e2e3fc2473b9634a57b|0xfd1352cae1ee4f2d3a18e19cc290bb7ab7298067855093acfd60ff71b76e492b|115169437589995816901586861523947955406998522856051033989976606187488636875596|1774377345|buy|0.06|50,2026-06-24T20:54:35+00:00,823aff9eef794c42c912b0b277a568a351c813a946102394cfe9cca634fce43d,e9c3dfe377679a735c68fe33b70d4e88ba2f151fbd9b6e4bd9a44f96c399dd7e,wallet_trade_history_v1,none
0x1f0ebc543b2d411f66947041625c0aa1ce61cf86,https://polymarket.com/0x1f0ebc543b2d411f66947041625c0aa1ce61cf86,https://data-api.polymarket.com/activity?user=0x1f0ebc543b2d411f66947041625c0aa1ce61cf86&type=TRADE&limit=100&offset=0&sortBy=TIMESTAMP&sortDirection=DESC,activity_primary,TRADE,1774377345,2026-03-24T18:35:45+00:00,0x1f77313cfbe9a93a3eb770d343b463b0a3afdebf04d7f1adbdee383790436a87,0x6c13248425c7f5f9a527da1f2ca0524b982dede8d0118291491205877bbb0965,110149152872065717396833727502509557448427278670048810846518524434717338696140,110149152872065717396833727502509557448427278670048810846518524434717338696140,bitcoin-up-or-down-march-24-2026-2pm-et,bitcoin-up-or-down-march-24-2026-2pm-et,"Bitcoin Up or Down - March 24, 2PM ET",Down,1,BUY,0.08,100,8,endpoint_usdcSize,fast_crypto_up_down,BTC,true,,,unavailable,entry_candidate,0x1f0ebc543b2d411f66947041625c0aa1ce61cf86|0x6c13248425c7f5f9a527da1f2ca0524b982dede8d0118291491205877bbb0965|110149152872065717396833727502509557448427278670048810846518524434717338696140|Down,0x1f0ebc543b2d411f66947041625c0aa1ce61cf86|activity_primary|0x1f77313cfbe9a93a3eb770d343b463b0a3afdebf04d7f1adbdee383790436a87|0x6c13248425c7f5f9a527da1f2ca0524b982dede8d0118291491205877bbb0965|110149152872065717396833727502509557448427278670048810846518524434717338696140|1774377345|buy|0.08|100,2026-06-24T20:54:35+00:00,51d52803e821b52a6350980afa1bce629fc42f9e8279d9f8a704fe5b1a5548a2,e9c3dfe377679a735c68fe33b70d4e88ba2f151fbd9b6e4bd9a44f96c399dd7e,wallet_trade_history_v1,none
0x1f0ebc543b2d411f66947041625c0aa1ce61cf86,https://polymarket.com/0x1f0ebc543b2d411f66947041625c0aa1ce61cf86,https://data-api.polymarket.com/activity?user=0x1f0ebc543b2d411f66947041625c0aa1ce61cf86&type=TRADE&limit=100&offset=0&sortBy=TIMESTAMP&sortDirection=DESC,activity_primary,TRADE,1774377345,2026-03-24T18:35:45+00:00,0xcd6b0770ec11539d1b38ad70ec412dbd869b0f67ced0028678242bbac2cf3962,0x6c13248425c7f5f9a527da1f2ca0524b982dede8d0118291491205877bbb0965,110149152872065717396833727502509557448427278670048810846518524434717338696140,110149152872065717396833727502509557448427278670048810846518524434717338696140,bitcoin-up-or-down-march-24-2026-2pm-et,bitcoin-up-or-down-march-24-2026-2pm-et,"Bitcoin Up or Down - March 24, 2PM ET",Down,1,BUY,0.08,75,6,endpoint_usdcSize,fast_crypto_up_down,BTC,true,,,unavailable,entry_candidate,0x1f0ebc543b2d411f66947041625c0aa1ce61cf86|0x6c13248425c7f5f9a527da1f2ca0524b982dede8d0118291491205877bbb0965|110149152872065717396833727502509557448427278670048810846518524434717338696140|Down,0x1f0ebc543b2d411f66947041625c0aa1ce61cf86|activity_primary|0xcd6b0770ec11539d1b38ad70ec412dbd869b0f67ced0028678242bbac2cf3962|0x6c13248425c7f5f9a527da1f2ca0524b982dede8d0118291491205877bbb0965|110149152872065717396833727502509557448427278670048810846518524434717338696140|1774377345|buy|0.08|75,2026-06-24T20:54:35+00:00,9bb2b39f7953c1a62d04a316ba19b6693fc25c4abf5c04402ad0d113f8a4fbd9,e9c3dfe377679a735c68fe33b70d4e88ba2f151fbd9b6e4bd9a44f96c399dd7e,wallet_trade_history_v1,none
0x1f0ebc543b2d411f66947041625c0aa1ce61cf86,https://polymarket.com/0x1f0ebc543b2d411f66947041625c0aa1ce61cf86,https://data-api.polymarket.com/activity?user=0x1f0ebc543b2d411f66947041625c0aa1ce61cf86&type=TRADE&limit=100&offset=0&sortBy=TIMESTAMP&sortDirection=DESC,activity_primary,TRADE,1774377345,2026-03-24T18:35:45+00:00,0x2da758645c7fa700a3d009c643a1bf289066ac314c70efa4e3bd6753f4562f66,0x6c13248425c7f5f9a527da1f2ca0524b982dede8d0118291491205877bbb0965,110149152872065717396833727502509557448427278670048810846518524434717338696140,110149152872065717396833727502509557448427278670048810846518524434717338696140,bitcoin-up-or-down-march-24-2026-2pm-et,bitcoin-up-or-down-march-24-2026-2pm-et,"Bitcoin Up or Down - March 24, 2PM ET",Down,1,BUY,0.08,20,1.6,endpoint_usdcSize,fast_crypto_up_down,BTC,true,,,unavailable,entry_candidate,0x1f0ebc543b2d411f66947041625c0aa1ce61cf86|0x6c13248425c7f5f9a527da1f2ca0524b982dede8d0118291491205877bbb0965|110149152872065717396833727502509557448427278670048810846518524434717338696140|Down,0x1f0ebc543b2d411f66947041625c0aa1ce61cf86|activity_primary|0x2da758645c7fa700a3d009c643a1bf289066ac314c70efa4e3bd6753f4562f66|0x6c13248425c7f5f9a527da1f2ca0524b982dede8d0118291491205877bbb0965|110149152872065717396833727502509557448427278670048810846518524434717338696140|1774377345|buy|0.08|20,2026-06-24T20:54:35+00:00,15508511c1478369f806e4b6fc5e73f16ef126e08414fba19015328aa7e99c29,e9c3dfe377679a735c68fe33b70d4e88ba2f151fbd9b6e4bd9a44f96c399dd7e,wallet_trade_history_v1,none
0x1f0ebc543b2d411f66947041625c0aa1ce61cf86,https://polymarket.com/0x1f0ebc543b2d411f66947041625c0aa1ce61cf86,https://data-api.polymarket.com/activity?user=0x1f0ebc543b2d411f66947041625c0aa1ce61cf86&type=TRADE&limit=100&offset=0&sortBy=TIMESTAMP&sortDirection=DESC,activity_primary,TRADE,1774377343,2026-03-24T18:35:43+00:00,0xd095e4af9e133842fb2dc029ce6dca4bf9824e6b5590fa0a53caf47ff0b51790,0xce7ce28c2bc063f7bc326d165e320fff802c9f5543634b20398cf07a781f7a3d,37991023055813221626257004391277697884585468218774831207491616820794622902233,37991023055813221626257004391277697884585468218774831207491616820794622902233,solana-up-or-down-march-24-2026-2pm-et,solana-up-or-down-march-24-2026-2pm-et,"Solana Up or Down - March 24, 2PM ET",Down,1,BUY,0.35,34,11.9,endpoint_usdcSize,fast_crypto_up_down,SOL,true,,,unavailable,entry_candidate,0x1f0ebc543b2d411f66947041625c0aa1ce61cf86|0xce7ce28c2bc063f7bc326d165e320fff802c9f5543634b20398cf07a781f7a3d|37991023055813221626257004391277697884585468218774831207491616820794622902233|Down,0x1f0ebc543b2d411f66947041625c0aa1ce61cf86|activity_primary|0xd095e4af9e133842fb2dc029ce6dca4bf9824e6b5590fa0a53caf47ff0b51790|0xce7ce28c2bc063f7bc326d165e320fff802c9f5543634b20398cf07a781f7a3d|37991023055813221626257004391277697884585468218774831207491616820794622902233|1774377343|buy|0.35|34,2026-06-24T20:54:35+00:00,5658d6ff5902ac287e3d0888b79fa8ab4e4c9825f655517402f9800a1472d2f9,e9c3dfe377679a735c68fe33b70d4e88ba2f151fbd9b6e4bd9a44f96c399dd7e,wallet_trade_history_v1,none
0x1f0ebc543b2d411f66947041625c0aa1ce61cf86,https://polymarket.com/0x1f0ebc543b2d411f66947041625c0aa1ce61cf86,https://data-api.polymarket.com/activity?user=0x1f0ebc543b2d411f66947041625c0aa1ce61cf86&type=TRADE&limit=100&offset=0&sortBy=TIMESTAMP&sortDirection=DESC,activity_primary,TRADE,1774377343,2026-03-24T18:35:43+00:00,0x85254a3ecec7d7a6eb155e5779c7b79ed29e5616298e408d729441ded874b727,0xce7ce28c2bc063f7bc326d165e320fff802c9f5543634b20398cf07a781f7a3d,37991023055813221626257004391277697884585468218774831207491616820794622902233,37991023055813221626257004391277697884585468218774831207491616820794622902233,solana-up-or-down-march-24-2026-2pm-et,solana-up-or-down-march-24-2026-2pm-et,"Solana Up or Down - March 24, 2PM ET",Down,1,BUY,0.35,10,3.5,endpoint_usdcSize,fast_crypto_up_down,SOL,true,,,unavailable,entry_candidate,0x1f0ebc543b2d411f66947041625c0aa1ce61cf86|0xce7ce28c2bc063f7bc326d165e320fff802c9f5543634b20398cf07a781f7a3d|37991023055813221626257004391277697884585468218774831207491616820794622902233|Down,0x1f0ebc543b2d411f66947041625c0aa1ce61cf86|activity_primary|0x85254a3ecec7d7a6eb155e5779c7b79ed29e5616298e408d729441ded874b727|0xce7ce28c2bc063f7bc326d165e320fff802c9f5543634b20398cf07a781f7a3d|37991023055813221626257004391277697884585468218774831207491616820794622902233|1774377343|buy|0.35|10,2026-06-24T20:54:35+00:00,5ac6fe6f90ca96c6c4e6511b68912f99b15943eeb5d15e90061db966e24e445c,e9c3dfe377679a735c68fe33b70d4e88ba2f151fbd9b6e4bd9a44f96c399dd7e,wallet_trade_history_v1,none
0x1f0ebc543b2d411f66947041625c0aa1ce61cf86,https://polymarket.com/0x1f0ebc543b2d411f66947041625c0aa1ce61cf86,https://data-api.polymarket.com/activity?user=0x1f0ebc543b2d411f66947041625c0aa1ce61cf86&type=TRADE&limit=100&offset=0&sortBy=TIMESTAMP&sortDirection=DESC,activity_primary,TRADE,1774377343,2026-03-24T18:35:43+00:00,0x3f10b0157750950bd181a9a130e9989a4140c9c9cded8b49c9fb6f87ec41d0c6,0x6c13248425c7f5f9a527da1f2ca0524b982dede8d0118291491205877bbb0965,110149152872065717396833727502509557448427278670048810846518524434717338696140,110149152872065717396833727502509557448427278670048810846518524434717338696140,bitcoin-up-or-down-march-24-2026-2pm-et,bitcoin-up-or-down-march-24-2026-2pm-et,"Bitcoin Up or Down - March 24, 2PM ET",Down,1,BUY,0.08,45,3.6,endpoint_usdcSize,fast_crypto_up_down,BTC,true,,,unavailable,entry_candidate,0x1f0ebc543b2d411f66947041625c0aa1ce61cf86|0x6c13248425c7f5f9a527da1f2ca0524b982dede8d0118291491205877bbb0965|110149152872065717396833727502509557448427278670048810846518524434717338696140|Down,0x1f0ebc543b2d411f66947041625c0aa1ce61cf86|activity_primary|0x3f10b0157750950bd181a9a130e9989a4140c9c9cded8b49c9fb6f87ec41d0c6|0x6c13248425c7f5f9a527da1f2ca0524b982dede8d0118291491205877bbb0965|110149152872065717396833727502509557448427278670048810846518524434717338696140|1774377343|buy|0.08|45,2026-06-24T20:54:35+00:00,0807125bde75b9592b77ff5fbbccf422f5503a83355decb9d9a1c99686d8d226,e9c3dfe377679a735c68fe33b70d4e88ba2f151fbd9b6e4bd9a44f96c399dd7e,wallet_trade_history_v1,none
0x1f0ebc543b2d411f66947041625c0aa1ce61cf86,https://polymarket.com/0x1f0ebc543b2d411f66947041625c0aa1ce61cf86,https://data-api.polymarket.com/activity?user=0x1f0ebc543b2d411f66947041625c0aa1ce61cf86&type=TRADE&limit=100&offset=0&sortBy=TIMESTAMP&sortDirection=DESC,activity_primary,TRADE,1774377343,2026-03-24T18:35:43+00:00,0xc8e0b704537e1ca2f2e8e5c243db0bcc920b9c333c49d279b14386399065eb40,0x6c13248425c7f5f9a527da1f2ca0524b982dede8d0118291491205877bbb0965,110149152872065717396833727502509557448427278670048810846518524434717338696140,110149152872065717396833727502509557448427278670048810846518524434717338696140,bitcoin-up-or-down-march-24-2026-2pm-et,bitcoin-up-or-down-march-24-2026-2pm-et,"Bitcoin Up or Down - March 24, 2PM ET",Down,1,BUY,0.08,20,1.6,endpoint_usdcSize,fast_crypto_up_down,BTC,true,,,unavailable,entry_candidate,0x1f0ebc543b2d411f66947041625c0aa1ce61cf86|0x6c13248425c7f5f9a527da1f2ca0524b982dede8d0118291491205877bbb0965|110149152872065717396833727502509557448427278670048810846518524434717338696140|Down,0x1f0ebc543b2d411f66947041625c0aa1ce61cf86|activity_primary|0xc8e0b704537e1ca2f2e8e5c243db0bcc920b9c333c49d279b14386399065eb40|0x6c13248425c7f5f9a527da1f2ca0524b982dede8d0118291491205877bbb0965|110149152872065717396833727502509557448427278670048810846518524434717338696140|1774377343|buy|0.08|20,2026-06-24T20:54:35+00:00,73dfb8a82cb5c8ea3c6b24431e410cce0cb578efa3368a981be3d2bef4d12fc7,e9c3dfe377679a735c68fe33b70d4e88ba2f151fbd9b6e4bd9a44f96c399dd7e,wallet_trade_history_v1,none
0x1f0ebc543b2d411f66947041625c0aa1ce61cf86,https://polymarket.com/0x1f0ebc543b2d411f66947041625c0aa1ce61cf86,https://data-api.polymarket.com/activity?user=0x1f0ebc543b2d411f66947041625c0aa1ce61cf86&type=TRADE&limit=100&offset=0&sortBy=TIMESTAMP&sortDirection=DESC,activity_primary,TRADE,1774377343,2026-03-24T18:35:43+00:00,0x4ad0c2b04cab218a3f08362c6a749ec79c61e40ffdf86200057d4929e1225158,0x6c13248425c7f5f9a527da1f2ca0524b982dede8d0118291491205877bbb0965,110149152872065717396833727502509557448427278670048810846518524434717338696140,110149152872065717396833727502509557448427278670048810846518524434717338696140,bitcoin-up-or-down-march-24-2026-2pm-et,bitcoin-up-or-down-march-24-2026-2pm-et,"Bitcoin Up or Down - March 24, 2PM ET",Down,1,BUY,0.08,100,8,endpoint_usdcSize,fast_crypto_up_down,BTC,true,,,unavailable,entry_candidate,0x1f0ebc543b2d411f66947041625c0aa1ce61cf86|0x6c13248425c7f5f9a527da1f2ca0524b982dede8d0118291491205877bbb0965|110149152872065717396833727502509557448427278670048810846518524434717338696140|Down,0x1f0ebc543b2d411f66947041625c0aa1ce61cf86|activity_primary|0x4ad0c2b04cab218a3f08362c6a749ec79c61e40ffdf86200057d4929e1225158|0x6c13248425c7f5f9a527da1f2ca0524b982dede8d0118291491205877bbb0965|110149152872065717396833727502509557448427278670048810846518524434717338696140|1774377343|buy|0.08|100,2026-06-24T20:54:35+00:00,961f77591b6bb0edcb46ae4c683c6ac82370178e6c444977c860449930682e2d,e9c3dfe377679a735c68fe33b70d4e88ba2f151fbd9b6e4bd9a44f96c399dd7e,wallet_trade_history_v1,none
0x1f0ebc543b2d411f66947041625c0aa1ce61cf86,https://polymarket.com/0x1f0ebc543b2d411f66947041625c0aa1ce61cf86,https://data-api.polymarket.com/activity?user=0x1f0ebc543b2d411f66947041625c0aa1ce61cf86&type=TRADE&limit=100&offset=0&sortBy=TIMESTAMP&sortDirection=DESC,activity_primary,TRADE,1774377343,2026-03-24T18:35:43+00:00,0x5fab718eb26ce7327f84f09f35a7e1f47a7d4b6d3ab2b91a69e35e874567d5f0,0x6c13248425c7f5f9a527da1f2ca0524b982dede8d0118291491205877bbb0965,110149152872065717396833727502509557448427278670048810846518524434717338696140,110149152872065717396833727502509557448427278670048810846518524434717338696140,bitcoin-up-or-down-march-24-2026-2pm-et,bitcoin-up-or-down-march-24-2026-2pm-et,"Bitcoin Up or Down - March 24, 2PM ET",Down,1,BUY,0.08000001840000884,2.173912,0.173913,endpoint_usdcSize,fast_crypto_up_down,BTC,true,,,unavailable,entry_candidate,0x1f0ebc543b2d411f66947041625c0aa1ce61cf86|0x6c13248425c7f5f9a527da1f2ca0524b982dede8d0118291491205877bbb0965|110149152872065717396833727502509557448427278670048810846518524434717338696140|Down,0x1f0ebc543b2d411f66947041625c0aa1ce61cf86|activity_primary|0x5fab718eb26ce7327f84f09f35a7e1f47a7d4b6d3ab2b91a69e35e874567d5f0|0x6c13248425c7f5f9a527da1f2ca0524b982dede8d0118291491205877bbb0965|110149152872065717396833727502509557448427278670048810846518524434717338696140|1774377343|buy|0.08000001840000884|2.173912,2026-06-24T20:54:35+00:00,6484fdea14116369a0f47ed20a98c665cefa66712b28fb7674ef595c13de6ed4,e9c3dfe377679a735c68fe33b70d4e88ba2f151fbd9b6e4bd9a44f96c399dd7e,wallet_trade_history_v1,none
0x1f0ebc543b2d411f66947041625c0aa1ce61cf86,https://polymarket.com/0x1f0ebc543b2d411f66947041625c0aa1ce61cf86,https://data-api.polymarket.com/activity?user=0x1f0ebc543b2d411f66947041625c0aa1ce61cf86&type=TRADE&limit=100&offset=0&sortBy=TIMESTAMP&sortDirection=DESC,activity_primary,TRADE,1774377343,2026-03-24T18:35:43+00:00,0x926930758239e1e834b72fd3ae9a21692c23f26e45323ffa311b07270c9a594c,0x6c13248425c7f5f9a527da1f2ca0524b982dede8d0118291491205877bbb0965,110149152872065717396833727502509557448427278670048810846518524434717338696140,110149152872065717396833727502509557448427278670048810846518524434717338696140,bitcoin-up-or-down-march-24-2026-2pm-et,bitcoin-up-or-down-march-24-2026-2pm-et,"Bitcoin Up or Down - March 24, 2PM ET",Down,1,BUY,0.08,20,1.6,endpoint_usdcSize,fast_crypto_up_down,BTC,true,,,unavailable,entry_candidate,0x1f0ebc543b2d411f66947041625c0aa1ce61cf86|0x6c13248425c7f5f9a527da1f2ca0524b982dede8d0118291491205877bbb0965|110149152872065717396833727502509557448427278670048810846518524434717338696140|Down,0x1f0ebc543b2d411f66947041625c0aa1ce61cf86|activity_primary|0x926930758239e1e834b72fd3ae9a21692c23f26e45323ffa311b07270c9a594c|0x6c13248425c7f5f9a527da1f2ca0524b982dede8d0118291491205877bbb0965|110149152872065717396833727502509557448427278670048810846518524434717338696140|1774377343|buy|0.08|20,2026-06-24T20:54:35+00:00,5e31173cd4b1c5cae68d967fa4bab6eac8c1a9cb77dc66904c6b55497b2b2e94,e9c3dfe377679a735c68fe33b70d4e88ba2f151fbd9b6e4bd9a44f96c399dd7e,wallet_trade_history_v1,none
0x1f0ebc543b2d411f66947041625c0aa1ce61cf86,https://polymarket.com/0x1f0ebc543b2d411f66947041625c0aa1ce61cf86,https://data-api.polymarket.com/activity?user=0x1f0ebc543b2d411f66947041625c0aa1ce61cf86&type=TRADE&limit=100&offset=0&sortBy=TIMESTAMP&sortDirection=DESC,activity_primary,TRADE,1774377341,2026-03-24T18:35:41+00:00,0x854912bf1d50bbf8fd8187c3c6505212805e5b500f34d8a76b8d4179229ff739,0x6c13248425c7f5f9a527da1f2ca0524b982dede8d0118291491205877bbb0965,110149152872065717396833727502509557448427278670048810846518524434717338696140,110149152872065717396833727502509557448427278670048810846518524434717338696140,bitcoin-up-or-down-march-24-2026-2pm-et,bitcoin-up-or-down-march-24-2026-2pm-et,"Bitcoin Up or Down - March 24, 2PM ET",Down,1,BUY,0.08,5,0.4,endpoint_usdcSize,fast_crypto_up_down,BTC,true,,,unavailable,entry_candidate,0x1f0ebc543b2d411f66947041625c0aa1ce61cf86|0x6c13248425c7f5f9a527da1f2ca0524b982dede8d0118291491205877bbb0965|110149152872065717396833727502509557448427278670048810846518524434717338696140|Down,0x1f0ebc543b2d411f66947041625c0aa1ce61cf86|activity_primary|0x854912bf1d50bbf8fd8187c3c6505212805e5b500f34d8a76b8d4179229ff739|0x6c13248425c7f5f9a527da1f2ca0524b982dede8d0118291491205877bbb0965|110149152872065717396833727502509557448427278670048810846518524434717338696140|1774377341|buy|0.08|5,2026-06-24T20:54:35+00:00,9aa3a2dfca18023c2b619389486e6ee5ee064f960609821f197e165bfd7e9444,e9c3dfe377679a735c68fe33b70d4e88ba2f151fbd9b6e4bd9a44f96c399dd7e,wallet_trade_history_v1,none
0x1f0ebc543b2d411f66947041625c0aa1ce61cf86,https://polymarket.com/0x1f0ebc543b2d411f66947041625c0aa1ce61cf86,https://data-api.polymarket.com/activity?user=0x1f0ebc543b2d411f66947041625c0aa1ce61cf86&type=TRADE&limit=100&offset=0&sortBy=TIMESTAMP&sortDirection=DESC,activity_primary,TRADE,1774377341,2026-03-24T18:35:41+00:00,0x195d85564e006194e16ee74e5fc17858568919e02f257e47c509721c1111f3ce,0x6c13248425c7f5f9a527da1f2ca0524b982dede8d0118291491205877bbb0965,110149152872065717396833727502509557448427278670048810846518524434717338696140,110149152872065717396833727502509557448427278670048810846518524434717338696140,bitcoin-up-or-down-march-24-2026-2pm-et,bitcoin-up-or-down-march-24-2026-2pm-et,"Bitcoin Up or Down - March 24, 2PM ET",Down,1,BUY,0.08,25,2,endpoint_usdcSize,fast_crypto_up_down,BTC,true,,,unavailable,entry_candidate,0x1f0ebc543b2d411f66947041625c0aa1ce61cf86|0x6c13248425c7f5f9a527da1f2ca0524b982dede8d0118291491205877bbb0965|110149152872065717396833727502509557448427278670048810846518524434717338696140|Down,0x1f0ebc543b2d411f66947041625c0aa1ce61cf86|activity_primary|0x195d85564e006194e16ee74e5fc17858568919e02f257e47c509721c1111f3ce|0x6c13248425c7f5f9a527da1f2ca0524b982dede8d0118291491205877bbb0965|110149152872065717396833727502509557448427278670048810846518524434717338696140|1774377341|buy|0.08|25,2026-06-24T20:54:35+00:00,f3f7a7ae27c56454afc079044fbb83d0c46a0a116e64e830eac0fd34286e2b31,e9c3dfe377679a735c68fe33b70d4e88ba2f151fbd9b6e4bd9a44f96c399dd7e,wallet_trade_history_v1,none
0x1f0ebc543b2d411f66947041625c0aa1ce61cf86,https://polymarket.com/0x1f0ebc543b2d411f66947041625c0aa1ce61cf86,https://data-api.polymarket.com/activity?user=0x1f0ebc543b2d411f66947041625c0aa1ce61cf86&type=TRADE&limit=100&offset=0&sortBy=TIMESTAMP&sortDirection=DESC,activity_primary,TRADE,1774377341,2026-03-24T18:35:41+00:00,0xcfb2ed84c6a36c707fa50b9bc644020d4f4ba8f4119f4742eeecbe5f5200c316,0xce7ce28c2bc063f7bc326d165e320fff802c9f5543634b20398cf07a781f7a3d,37991023055813221626257004391277697884585468218774831207491616820794622902233,37991023055813221626257004391277697884585468218774831207491616820794622902233,solana-up-or-down-march-24-2026-2pm-et,solana-up-or-down-march-24-2026-2pm-et,"Solana Up or Down - March 24, 2PM ET",Down,1,BUY,0.35,34,11.9,endpoint_usdcSize,fast_crypto_up_down,SOL,true,,,unavailable,entry_candidate,0x1f0ebc543b2d411f66947041625c0aa1ce61cf86|0xce7ce28c2bc063f7bc326d165e320fff802c9f5543634b20398cf07a781f7a3d|37991023055813221626257004391277697884585468218774831207491616820794622902233|Down,0x1f0ebc543b2d411f66947041625c0aa1ce61cf86|activity_primary|0xcfb2ed84c6a36c707fa50b9bc644020d4f4ba8f4119f4742eeecbe5f5200c316|0xce7ce28c2bc063f7bc326d165e320fff802c9f5543634b20398cf07a781f7a3d|37991023055813221626257004391277697884585468218774831207491616820794622902233|1774377341|buy|0.35|34,2026-06-24T20:54:35+00:00,879ee8f1b9d8244b70affd9c065a9e64d9c9db9c53e14819fa54f25ab4631333,e9c3dfe377679a735c68fe33b70d4e88ba2f151fbd9b6e4bd9a44f96c399dd7e,wallet_trade_history_v1,none
0x1f0ebc543b2d411f66947041625c0aa1ce61cf86,https://polymarket.com/0x1f0ebc543b2d411f66947041625c0aa1ce61cf86,https://data-api.polymarket.com/activity?user=0x1f0ebc543b2d411f66947041625c0aa1ce61cf86&type=TRADE&limit=100&offset=0&sortBy=TIMESTAMP&sortDirection=DESC,activity_primary,TRADE,1774377341,2026-03-24T18:35:41+00:00,0x6a0dc1d87e347329bdd9ed5b8f257105e5691d82136cc69bb3e16e02374213f0,0x6c13248425c7f5f9a527da1f2ca0524b982dede8d0118291491205877bbb0965,110149152872065717396833727502509557448427278670048810846518524434717338696140,110149152872065717396833727502509557448427278670048810846518524434717338696140,bitcoin-up-or-down-march-24-2026-2pm-et,bitcoin-up-or-down-march-24-2026-2pm-et,"Bitcoin Up or Down - March 24, 2PM ET",Down,1,BUY,0.08,3,0.24,endpoint_usdcSize,fast_crypto_up_down,BTC,true,,,unavailable,entry_candidate,0x1f0ebc543b2d411f66947041625c0aa1ce61cf86|0x6c13248425c7f5f9a527da1f2ca0524b982dede8d0118291491205877bbb0965|110149152872065717396833727502509557448427278670048810846518524434717338696140|Down,0x1f0ebc543b2d411f66947041625c0aa1ce61cf86|activity_primary|0x6a0dc1d87e347329bdd9ed5b8f257105e5691d82136cc69bb3e16e02374213f0|0x6c13248425c7f5f9a527da1f2ca0524b982dede8d0118291491205877bbb0965|110149152872065717396833727502509557448427278670048810846518524434717338696140|1774377341|buy|0.08|3,2026-06-24T20:54:35+00:00,0003283c169db3fc42f77f2df261da5e08fcbebe114302227d75e2eed1ea62b0,e9c3dfe377679a735c68fe33b70d4e88ba2f151fbd9b6e4bd9a44f96c399dd7e,wallet_trade_history_v1,none
0x1f0ebc543b2d411f66947041625c0aa1ce61cf86,https://polymarket.com/0x1f0ebc543b2d411f66947041625c0aa1ce61cf86,https://data-api.polymarket.com/activity?user=0x1f0ebc543b2d411f66947041625c0aa1ce61cf86&type=TRADE&limit=100&offset=0&sortBy=TIMESTAMP&sortDirection=DESC,activity_primary,TRADE,1774377339,2026-03-24T18:35:39+00:00,0xe17ef1f78218c4546fa8f026f5288117fdd956591ad48ba2c03bdfc1a091fd90,0x6c13248425c7f5f9a527da1f2ca0524b982dede8d0118291491205877bbb0965,110149152872065717396833727502509557448427278670048810846518524434717338696140,110149152872065717396833727502509557448427278670048810846518524434717338696140,bitcoin-up-or-down-march-24-2026-2pm-et,bitcoin-up-or-down-march-24-2026-2pm-et,"Bitcoin Up or Down - March 24, 2PM ET",Down,1,BUY,0.08,19,1.52,endpoint_usdcSize,fast_crypto_up_down,BTC,true,,,unavailable,entry_candidate,0x1f0ebc543b2d411f66947041625c0aa1ce61cf86|0x6c13248425c7f5f9a527da1f2ca0524b982dede8d0118291491205877bbb0965|110149152872065717396833727502509557448427278670048810846518524434717338696140|Down,0x1f0ebc543b2d411f66947041625c0aa1ce61cf86|activity_primary|0xe17ef1f78218c4546fa8f026f5288117fdd956591ad48ba2c03bdfc1a091fd90|0x6c13248425c7f5f9a527da1f2ca0524b982dede8d0118291491205877bbb0965|110149152872065717396833727502509557448427278670048810846518524434717338696140|1774377339|buy|0.08|19,2026-06-24T20:54:35+00:00,99db4634797b05097eb059875e0b27aeab1572ad265114154f5b33777e1c7e7a,e9c3dfe377679a735c68fe33b70d4e88ba2f151fbd9b6e4bd9a44f96c399dd7e,wallet_trade_history_v1,none
0x1f0ebc543b2d411f66947041625c0aa1ce61cf86,https://polymarket.com/0x1f0ebc543b2d411f66947041625c0aa1ce61cf86,https://data-api.polymarket.com/activity?user=0x1f0ebc543b2d411f66947041625c0aa1ce61cf86&type=TRADE&limit=100&offset=0&sortBy=TIMESTAMP&sortDirection=DESC,activity_primary,TRADE,1774377339,2026-03-24T18:35:39+00:00,0x597e26fdb52e995e8b982ac1bc81a6f7e9d3d0c3bfc5e3ad3cec67da564df74f,0x6c13248425c7f5f9a527da1f2ca0524b982dede8d0118291491205877bbb0965,110149152872065717396833727502509557448427278670048810846518524434717338696140,110149152872065717396833727502509557448427278670048810846518524434717338696140,bitcoin-up-or-down-march-24-2026-2pm-et,bitcoin-up-or-down-march-24-2026-2pm-et,"Bitcoin Up or Down - March 24, 2PM ET",Down,1,BUY,0.08,25,2,endpoint_usdcSize,fast_crypto_up_down,BTC,true,,,unavailable,entry_candidate,0x1f0ebc543b2d411f66947041625c0aa1ce61cf86|0x6c13248425c7f5f9a527da1f2ca0524b982dede8d0118291491205877bbb0965|110149152872065717396833727502509557448427278670048810846518524434717338696140|Down,0x1f0ebc543b2d411f66947041625c0aa1ce61cf86|activity_primary|0x597e26fdb52e995e8b982ac1bc81a6f7e9d3d0c3bfc5e3ad3cec67da564df74f|0x6c13248425c7f5f9a527da1f2ca0524b982dede8d0118291491205877bbb0965|110149152872065717396833727502509557448427278670048810846518524434717338696140|1774377339|buy|0.08|25,2026-06-24T20:54:35+00:00,8443e4f7ba6d133ea5b0540e03279c0ec00aaab924bdb446491fa30f4025aa78,e9c3dfe377679a735c68fe33b70d4e88ba2f151fbd9b6e4bd9a44f96c399dd7e,wallet_trade_history_v1,none
0x1f0ebc543b2d411f66947041625c0aa1ce61cf86,https://polymarket.com/0x1f0ebc543b2d411f66947041625c0aa1ce61cf86,https://data-api.polymarket.com/activity?user=0x1f0ebc543b2d411f66947041625c0aa1ce61cf86&type=TRADE&limit=100&offset=0&sortBy=TIMESTAMP&sortDirection=DESC,activity_primary,TRADE,1774377339,2026-03-24T18:35:39+00:00,0x84ba00450ec156bbdf9d705724f61ec8d255b2f04eaeefbf8d218b083959c49e,0x6c13248425c7f5f9a527da1f2ca0524b982dede8d0118291491205877bbb0965,110149152872065717396833727502509557448427278670048810846518524434717338696140,110149152872065717396833727502509557448427278670048810846518524434717338696140,bitcoin-up-or-down-march-24-2026-2pm-et,bitcoin-up-or-down-march-24-2026-2pm-et,"Bitcoin Up or Down - March 24, 2PM ET",Down,1,BUY,0.08,75,6,endpoint_usdcSize,fast_crypto_up_down,BTC,true,,,unavailable,entry_candidate,0x1f0ebc543b2d411f66947041625c0aa1ce61cf86|0x6c13248425c7f5f9a527da1f2ca0524b982dede8d0118291491205877bbb0965|110149152872065717396833727502509557448427278670048810846518524434717338696140|Down,0x1f0ebc543b2d411f66947041625c0aa1ce61cf86|activity_primary|0x84ba00450ec156bbdf9d705724f61ec8d255b2f04eaeefbf8d218b083959c49e|0x6c13248425c7f5f9a527da1f2ca0524b982dede8d0118291491205877bbb0965|110149152872065717396833727502509557448427278670048810846518524434717338696140|1774377339|buy|0.08|75,2026-06-24T20:54:35+00:00,a76a20aec252b9db16e68f6a66c0883bfb28c0508cd585a42cc9026827327e8d,e9c3dfe377679a735c68fe33b70d4e88ba2f151fbd9b6e4bd9a44f96c399dd7e,wallet_trade_history_v1,none
0x1f0ebc543b2d411f66947041625c0aa1ce61cf86,https://polymarket.com/0x1f0ebc543b2d411f66947041625c0aa1ce61cf86,https://data-api.polymarket.com/activity?user=0x1f0ebc543b2d411f66947041625c0aa1ce61cf86&type=TRADE&limit=100&offset=0&sortBy=TIMESTAMP&sortDirection=DESC,activity_primary,TRADE,1774377339,2026-03-24T18:35:39+00:00,0x62ed4131610a97742fe81eb7fbc5ebbfe18d98d6832241c6857f37b5b8fe727f,0x6c13248425c7f5f9a527da1f2ca0524b982dede8d0118291491205877bbb0965,110149152872065717396833727502509557448427278670048810846518524434717338696140,110149152872065717396833727502509557448427278670048810846518524434717338696140,bitcoin-up-or-down-march-24-2026-2pm-et,bitcoin-up-or-down-march-24-2026-2pm-et,"Bitcoin Up or Down - March 24, 2PM ET",Down,1,BUY,0.08,100,8,endpoint_usdcSize,fast_crypto_up_down,BTC,true,,,unavailable,entry_candidate,0x1f0ebc543b2d411f66947041625c0aa1ce61cf86|0x6c13248425c7f5f9a527da1f2ca0524b982dede8d0118291491205877bbb0965|110149152872065717396833727502509557448427278670048810846518524434717338696140|Down,0x1f0ebc543b2d411f66947041625c0aa1ce61cf86|activity_primary|0x62ed4131610a97742fe81eb7fbc5ebbfe18d98d6832241c6857f37b5b8fe727f|0x6c13248425c7f5f9a527da1f2ca0524b982dede8d0118291491205877bbb0965|110149152872065717396833727502509557448427278670048810846518524434717338696140|1774377339|buy|0.08|100,2026-06-24T20:54:35+00:00,a563246873d0c53bf3e8c5e8accfe30b9e14c7cf286c99e927abb16de5583203,e9c3dfe377679a735c68fe33b70d4e88ba2f151fbd9b6e4bd9a44f96c399dd7e,wallet_trade_history_v1,none
0x1f0ebc543b2d411f66947041625c0aa1ce61cf86,https://polymarket.com/0x1f0ebc543b2d411f66947041625c0aa1ce61cf86,https://data-api.polymarket.com/activity?user=0x1f0ebc543b2d411f66947041625c0aa1ce61cf86&type=TRADE&limit=100&offset=0&sortBy=TIMESTAMP&sortDirection=DESC,activity_primary,TRADE,1774377339,2026-03-24T18:35:39+00:00,0xc1672eece1eb9f76b79be37bbd66dd5a42d721dedcfcc73971794ed396b256d3,0x6c13248425c7f5f9a527da1f2ca0524b982dede8d0118291491205877bbb0965,110149152872065717396833727502509557448427278670048810846518524434717338696140,110149152872065717396833727502509557448427278670048810846518524434717338696140,bitcoin-up-or-down-march-24-2026-2pm-et,bitcoin-up-or-down-march-24-2026-2pm-et,"Bitcoin Up or Down - March 24, 2PM ET",Down,1,BUY,0.08,25,2,endpoint_usdcSize,fast_crypto_up_down,BTC,true,,,unavailable,entry_candidate,0x1f0ebc543b2d411f66947041625c0aa1ce61cf86|0x6c13248425c7f5f9a527da1f2ca0524b982dede8d0118291491205877bbb0965|110149152872065717396833727502509557448427278670048810846518524434717338696140|Down,0x1f0ebc543b2d411f66947041625c0aa1ce61cf86|activity_primary|0xc1672eece1eb9f76b79be37bbd66dd5a42d721dedcfcc73971794ed396b256d3|0x6c13248425c7f5f9a527da1f2ca0524b982dede8d0118291491205877bbb0965|110149152872065717396833727502509557448427278670048810846518524434717338696140|1774377339|buy|0.08|25,2026-06-24T20:54:35+00:00,36172591c29e17e294077914ffae5d415403d35a4f9d3edfccd9718e817ded4e,e9c3dfe377679a735c68fe33b70d4e88ba2f151fbd9b6e4bd9a44f96c399dd7e,wallet_trade_history_v1,none
0x1f0ebc543b2d411f66947041625c0aa1ce61cf86,https://polymarket.com/0x1f0ebc543b2d411f66947041625c0aa1ce61cf86,https://data-api.polymarket.com/activity?user=0x1f0ebc543b2d411f66947041625c0aa1ce61cf86&type=TRADE&limit=100&offset=0&sortBy=TIMESTAMP&sortDirection=DESC,activity_primary,TRADE,1774377339,2026-03-24T18:35:39+00:00,0x434978ef4b6a9150444994784814942ed58781231e1f983b410e9c8825045157,0x6c13248425c7f5f9a527da1f2ca0524b982dede8d0118291491205877bbb0965,110149152872065717396833727502509557448427278670048810846518524434717338696140,110149152872065717396833727502509557448427278670048810846518524434717338696140,bitcoin-up-or-down-march-24-2026-2pm-et,bitcoin-up-or-down-march-24-2026-2pm-et,"Bitcoin Up or Down - March 24, 2PM ET",Down,1,BUY,0.08,37.22,2.9776,endpoint_usdcSize,fast_crypto_up_down,BTC,true,,,unavailable,entry_candidate,0x1f0ebc543b2d411f66947041625c0aa1ce61cf86|0x6c13248425c7f5f9a527da1f2ca0524b982dede8d0118291491205877bbb0965|110149152872065717396833727502509557448427278670048810846518524434717338696140|Down,0x1f0ebc543b2d411f66947041625c0aa1ce61cf86|activity_primary|0x434978ef4b6a9150444994784814942ed58781231e1f983b410e9c8825045157|0x6c13248425c7f5f9a527da1f2ca0524b982dede8d0118291491205877bbb0965|110149152872065717396833727502509557448427278670048810846518524434717338696140|1774377339|buy|0.08|37.22,2026-06-24T20:54:35+00:00,5e354d9901fecf06bccf09209d1201a806037bf9c280e8641fe429d48c3d3934,e9c3dfe377679a735c68fe33b70d4e88ba2f151fbd9b6e4bd9a44f96c399dd7e,wallet_trade_history_v1,none
0x1f0ebc543b2d411f66947041625c0aa1ce61cf86,https://polymarket.com/0x1f0ebc543b2d411f66947041625c0aa1ce61cf86,https://data-api.polymarket.com/activity?user=0x1f0ebc543b2d411f66947041625c0aa1ce61cf86&type=TRADE&limit=100&offset=0&sortBy=TIMESTAMP&sortDirection=DESC,activity_primary,TRADE,1774377307,2026-03-24T18:35:07+00:00,0xae72ff1c7a19de0b7623048840bafdcc86af1223360c7156a6e9e9e9bc72a67c,0x6c13248425c7f5f9a527da1f2ca0524b982dede8d0118291491205877bbb0965,2234561175646023811959671001477924963695928604621768960063986790345769535149,2234561175646023811959671001477924963695928604621768960063986790345769535149,bitcoin-up-or-down-march-24-2026-2pm-et,bitcoin-up-or-down-march-24-2026-2pm-et,"Bitcoin Up or Down - March 24, 2PM ET",Up,0,BUY,0.89,45,40.05,endpoint_usdcSize,fast_crypto_up_down,BTC,true,,,unavailable,entry_candidate,0x1f0ebc543b2d411f66947041625c0aa1ce61cf86|0x6c13248425c7f5f9a527da1f2ca0524b982dede8d0118291491205877bbb0965|2234561175646023811959671001477924963695928604621768960063986790345769535149|Up,0x1f0ebc543b2d411f66947041625c0aa1ce61cf86|activity_primary|0xae72ff1c7a19de0b7623048840bafdcc86af1223360c7156a6e9e9e9bc72a67c|0x6c13248425c7f5f9a527da1f2ca0524b982dede8d0118291491205877bbb0965|2234561175646023811959671001477924963695928604621768960063986790345769535149|1774377307|buy|0.89|45,2026-06-24T20:54:35+00:00,daea9eaabd16f4f76ef299dd7019e2b8bffdd8cfaba1ea5eff40160bd9027f87,e9c3dfe377679a735c68fe33b70d4e88ba2f151fbd9b6e4bd9a44f96c399dd7e,wallet_trade_history_v1,none
0x1f0ebc543b2d411f66947041625c0aa1ce61cf86,https://polymarket.com/0x1f0ebc543b2d411f66947041625c0aa1ce61cf86,https://data-api.polymarket.com/activity?user=0x1f0ebc543b2d411f66947041625c0aa1ce61cf86&type=TRADE&limit=100&offset=0&sortBy=TIMESTAMP&sortDirection=DESC,activity_primary,TRADE,1774377305,2026-03-24T18:35:05+00:00,0xd24466c3fb02cf0135ba08970f65a4197fb9cca194708943c1175d8043c93528,0x6c13248425c7f5f9a527da1f2ca0524b982dede8d0118291491205877bbb0965,2234561175646023811959671001477924963695928604621768960063986790345769535149,2234561175646023811959671001477924963695928604621768960063986790345769535149,bitcoin-up-or-down-march-24-2026-2pm-et,bitcoin-up-or-down-march-24-2026-2pm-et,"Bitcoin Up or Down - March 24, 2PM ET",Up,0,BUY,0.8900000968000116,9.090908,8.090909,endpoint_usdcSize,fast_crypto_up_down,BTC,true,,,unavailable,entry_candidate,0x1f0ebc543b2d411f66947041625c0aa1ce61cf86|0x6c13248425c7f5f9a527da1f2ca0524b982dede8d0118291491205877bbb0965|2234561175646023811959671001477924963695928604621768960063986790345769535149|Up,0x1f0ebc543b2d411f66947041625c0aa1ce61cf86|activity_primary|0xd24466c3fb02cf0135ba08970f65a4197fb9cca194708943c1175d8043c93528|0x6c13248425c7f5f9a527da1f2ca0524b982dede8d0118291491205877bbb0965|2234561175646023811959671001477924963695928604621768960063986790345769535149|1774377305|buy|0.8900000968000116|9.090908,2026-06-24T20:54:35+00:00,c85ffa479665a2728fc7574aae4e448e257ac2ac9dab3dc2842282559ae46485,e9c3dfe377679a735c68fe33b70d4e88ba2f151fbd9b6e4bd9a44f96c399dd7e,wallet_trade_history_v1,none
0x1f0ebc543b2d411f66947041625c0aa1ce61cf86,https://polymarket.com/0x1f0ebc543b2d411f66947041625c0aa1ce61cf86,https://data-api.polymarket.com/activity?user=0x1f0ebc543b2d411f66947041625c0aa1ce61cf86&type=TRADE&limit=100&offset=0&sortBy=TIMESTAMP&sortDirection=DESC,activity_primary,TRADE,1774377295,2026-03-24T18:34:55+00:00,0x4f0217c7baa63105d4689923ddfd26445b1229732689ad1c4e853ad7601a239d,0xce7ce28c2bc063f7bc326d165e320fff802c9f5543634b20398cf07a781f7a3d,20881779262064316543440862647577579327424219439536468411528238160809874822443,20881779262064316543440862647577579327424219439536468411528238160809874822443,solana-up-or-down-march-24-2026-2pm-et,solana-up-or-down-march-24-2026-2pm-et,"Solana Up or Down - March 24, 2PM ET",Up,0,BUY,0.59,34,20.06,endpoint_usdcSize,fast_crypto_up_down,SOL,true,,,unavailable,entry_candidate,0x1f0ebc543b2d411f66947041625c0aa1ce61cf86|0xce7ce28c2bc063f7bc326d165e320fff802c9f5543634b20398cf07a781f7a3d|20881779262064316543440862647577579327424219439536468411528238160809874822443|Up,0x1f0ebc543b2d411f66947041625c0aa1ce61cf86|activity_primary|0x4f0217c7baa63105d4689923ddfd26445b1229732689ad1c4e853ad7601a239d|0xce7ce28c2bc063f7bc326d165e320fff802c9f5543634b20398cf07a781f7a3d|20881779262064316543440862647577579327424219439536468411528238160809874822443|1774377295|buy|0.59|34,2026-06-24T20:54:35+00:00,fde85544f83876b477f0a41c478a790fa1f15ea02c2ebac89f55b6d71eb73d98,e9c3dfe377679a735c68fe33b70d4e88ba2f151fbd9b6e4bd9a44f96c399dd7e,wallet_trade_history_v1,none
0x1f0ebc543b2d411f66947041625c0aa1ce61cf86,https://polymarket.com/0x1f0ebc543b2d411f66947041625c0aa1ce61cf86,https://data-api.polymarket.com/activity?user=0x1f0ebc543b2d411f66947041625c0aa1ce61cf86&type=TRADE&limit=100&offset=0&sortBy=TIMESTAMP&sortDirection=DESC,activity_primary,TRADE,1774377287,2026-03-24T18:34:47+00:00,0x36d9b2aaed568135ca1e8ed5267f2ab24f6c1382b29f55eb6aea730333fb6c76,0x6c13248425c7f5f9a527da1f2ca0524b982dede8d0118291491205877bbb0965,2234561175646023811959671001477924963695928604621768960063986790345769535149,2234561175646023811959671001477924963695928604621768960063986790345769535149,bitcoin-up-or-down-march-24-2026-2pm-et,bitcoin-up-or-down-march-24-2026-2pm-et,"Bitcoin Up or Down - March 24, 2PM ET",Up,0,BUY,0.89,100,89,endpoint_usdcSize,fast_crypto_up_down,BTC,true,,,unavailable,entry_candidate,0x1f0ebc543b2d411f66947041625c0aa1ce61cf86|0x6c13248425c7f5f9a527da1f2ca0524b982dede8d0118291491205877bbb0965|2234561175646023811959671001477924963695928604621768960063986790345769535149|Up,0x1f0ebc543b2d411f66947041625c0aa1ce61cf86|activity_primary|0x36d9b2aaed568135ca1e8ed5267f2ab24f6c1382b29f55eb6aea730333fb6c76|0x6c13248425c7f5f9a527da1f2ca0524b982dede8d0118291491205877bbb0965|2234561175646023811959671001477924963695928604621768960063986790345769535149|1774377287|buy|0.89|100,2026-06-24T20:54:35+00:00,0ed5c5f7e44ad2fec028c0f8c9edf6d845d70e1ff401b87980f06d596c4b613b,e9c3dfe377679a735c68fe33b70d4e88ba2f151fbd9b6e4bd9a44f96c399dd7e,wallet_trade_history_v1,none
0x1f0ebc543b2d411f66947041625c0aa1ce61cf86,https://polymarket.com/0x1f0ebc543b2d411f66947041625c0aa1ce61cf86,https://data-api.polymarket.com/activity?user=0x1f0ebc543b2d411f66947041625c0aa1ce61cf86&type=TRADE&limit=100&offset=0&sortBy=TIMESTAMP&sortDirection=DESC,activity_primary,TRADE,1774377261,2026-03-24T18:34:21+00:00,0x02120e2a9cd1bca2197bb8ed9110a78ba813410120be64d57ca62a2343b9d0cd,0xfd1352cae1ee4f2d3a18e19cc290bb7ab7298067855093acfd60ff71b76e492b,8921099597592663234025646762245308546585208537920818862238543308542884929056,8921099597592663234025646762245308546585208537920818862238543308542884929056,ethereum-up-or-down-march-24-2026-2pm-et,ethereum-up-or-down-march-24-2026-2pm-et,"Ethereum Up or Down - March 24, 2PM ET",Up,0,BUY,0.92,10,9.2,endpoint_usdcSize,fast_crypto_up_down,ETH,true,,,unavailable,entry_candidate,0x1f0ebc543b2d411f66947041625c0aa1ce61cf86|0xfd1352cae1ee4f2d3a18e19cc290bb7ab7298067855093acfd60ff71b76e492b|8921099597592663234025646762245308546585208537920818862238543308542884929056|Up,0x1f0ebc543b2d411f66947041625c0aa1ce61cf86|activity_primary|0x02120e2a9cd1bca2197bb8ed9110a78ba813410120be64d57ca62a2343b9d0cd|0xfd1352cae1ee4f2d3a18e19cc290bb7ab7298067855093acfd60ff71b76e492b|8921099597592663234025646762245308546585208537920818862238543308542884929056|1774377261|buy|0.92|10,2026-06-24T20:54:35+00:00,42a7dcc5d9721abacbce32306959e75c13a1c2863293cc2b364ab097e2328418,e9c3dfe377679a735c68fe33b70d4e88ba2f151fbd9b6e4bd9a44f96c399dd7e,wallet_trade_history_v1,none
0x1f0ebc543b2d411f66947041625c0aa1ce61cf86,https://polymarket.com/0x1f0ebc543b2d411f66947041625c0aa1ce61cf86,https://data-api.polymarket.com/activity?user=0x1f0ebc543b2d411f66947041625c0aa1ce61cf86&type=TRADE&limit=100&offset=0&sortBy=TIMESTAMP&sortDirection=DESC,activity_primary,TRADE,1774377243,2026-03-24T18:34:03+00:00,0x3d16c80074d63afaa793c90e51ac83bb0a521d8435b3725b8b234ed477929d61,0xfd1352cae1ee4f2d3a18e19cc290bb7ab7298067855093acfd60ff71b76e492b,8921099597592663234025646762245308546585208537920818862238543308542884929056,8921099597592663234025646762245308546585208537920818862238543308542884929056,ethereum-up-or-down-march-24-2026-2pm-et,ethereum-up-or-down-march-24-2026-2pm-et,"Ethereum Up or Down - March 24, 2PM ET",Up,0,BUY,0.92,600,552,endpoint_usdcSize,fast_crypto_up_down,ETH,true,,,unavailable,entry_candidate,0x1f0ebc543b2d411f66947041625c0aa1ce61cf86|0xfd1352cae1ee4f2d3a18e19cc290bb7ab7298067855093acfd60ff71b76e492b|8921099597592663234025646762245308546585208537920818862238543308542884929056|Up,0x1f0ebc543b2d411f66947041625c0aa1ce61cf86|activity_primary|0x3d16c80074d63afaa793c90e51ac83bb0a521d8435b3725b8b234ed477929d61|0xfd1352cae1ee4f2d3a18e19cc290bb7ab7298067855093acfd60ff71b76e492b|8921099597592663234025646762245308546585208537920818862238543308542884929056|1774377243|buy|0.92|600,2026-06-24T20:54:35+00:00,eb239525e0bd87d1c06bc285d7c7c0e5e0ef169c4be901b267c2080e0065eba5,e9c3dfe377679a735c68fe33b70d4e88ba2f151fbd9b6e4bd9a44f96c399dd7e,wallet_trade_history_v1,none
0x1f0ebc543b2d411f66947041625c0aa1ce61cf86,https://polymarket.com/0x1f0ebc543b2d411f66947041625c0aa1ce61cf86,https://data-api.polymarket.com/activity?user=0x1f0ebc543b2d411f66947041625c0aa1ce61cf86&type=TRADE&limit=100&offset=0&sortBy=TIMESTAMP&sortDirection=DESC,activity_primary,TRADE,1774377241,2026-03-24T18:34:01+00:00,0x978daacf6678b383bfa7b6fd61b2afe7766e7d3c8635d2fd933221d035156eec,0xfd1352cae1ee4f2d3a18e19cc290bb7ab7298067855093acfd60ff71b76e492b,8921099597592663234025646762245308546585208537920818862238543308542884929056,8921099597592663234025646762245308546585208537920818862238543308542884929056,ethereum-up-or-down-march-24-2026-2pm-et,ethereum-up-or-down-march-24-2026-2pm-et,"Ethereum Up or Down - March 24, 2PM ET",Up,0,BUY,0.92,14,12.88,endpoint_usdcSize,fast_crypto_up_down,ETH,true,,,unavailable,entry_candidate,0x1f0ebc543b2d411f66947041625c0aa1ce61cf86|0xfd1352cae1ee4f2d3a18e19cc290bb7ab7298067855093acfd60ff71b76e492b|8921099597592663234025646762245308546585208537920818862238543308542884929056|Up,0x1f0ebc543b2d411f66947041625c0aa1ce61cf86|activity_primary|0x978daacf6678b383bfa7b6fd61b2afe7766e7d3c8635d2fd933221d035156eec|0xfd1352cae1ee4f2d3a18e19cc290bb7ab7298067855093acfd60ff71b76e492b|8921099597592663234025646762245308546585208537920818862238543308542884929056|1774377241|buy|0.92|14,2026-06-24T20:54:35+00:00,fb7d1da3c0e27271cd3ad2ae9bfd900c5263a384ca4265ac1b50b4f59c36682e,e9c3dfe377679a735c68fe33b70d4e88ba2f151fbd9b6e4bd9a44f96c399dd7e,wallet_trade_history_v1,none
0x1f0ebc543b2d411f66947041625c0aa1ce61cf86,https://polymarket.com/0x1f0ebc543b2d411f66947041625c0aa1ce61cf86,https://data-api.polymarket.com/activity?user=0x1f0ebc543b2d411f66947041625c0aa1ce61cf86&type=TRADE&limit=100&offset=0&sortBy=TIMESTAMP&sortDirection=DESC,activity_primary,TRADE,1774377227,2026-03-24T18:33:47+00:00,0x2e32c82c9e166c7ffc25b95578e08dae90305df12ba284cfa0c30943bf2a71a9,0xce7ce28c2bc063f7bc326d165e320fff802c9f5543634b20398cf07a781f7a3d,37991023055813221626257004391277697884585468218774831207491616820794622902233,37991023055813221626257004391277697884585468218774831207491616820794622902233,solana-up-or-down-march-24-2026-2pm-et,solana-up-or-down-march-24-2026-2pm-et,"Solana Up or Down - March 24, 2PM ET",Down,1,BUY,0.36834078786575164,30.135134,11.099999,endpoint_usdcSize,fast_crypto_up_down,SOL,true,,,unavailable,entry_candidate,0x1f0ebc543b2d411f66947041625c0aa1ce61cf86|0xce7ce28c2bc063f7bc326d165e320fff802c9f5543634b20398cf07a781f7a3d|37991023055813221626257004391277697884585468218774831207491616820794622902233|Down,0x1f0ebc543b2d411f66947041625c0aa1ce61cf86|activity_primary|0x2e32c82c9e166c7ffc25b95578e08dae90305df12ba284cfa0c30943bf2a71a9|0xce7ce28c2bc063f7bc326d165e320fff802c9f5543634b20398cf07a781f7a3d|37991023055813221626257004391277697884585468218774831207491616820794622902233|1774377227|buy|0.36834078786575164|30.135134,2026-06-24T20:54:35+00:00,d0ec4ae2582c31d96eeecf96e81540700556e5b2622c7447396831af8df89321,e9c3dfe377679a735c68fe33b70d4e88ba2f151fbd9b6e4bd9a44f96c399dd7e,wallet_trade_history_v1,none
0x1f0ebc543b2d411f66947041625c0aa1ce61cf86,https://polymarket.com/0x1f0ebc543b2d411f66947041625c0aa1ce61cf86,https://data-api.polymarket.com/activity?user=0x1f0ebc543b2d411f66947041625c0aa1ce61cf86&type=TRADE&limit=100&offset=0&sortBy=TIMESTAMP&sortDirection=DESC,activity_primary,TRADE,1774377227,2026-03-24T18:33:47+00:00,0xe7b2e3927cc63f059d59261da675f0506a62b5ad4401f82796db1f5494740dd5,0xfd1352cae1ee4f2d3a18e19cc290bb7ab7298067855093acfd60ff71b76e492b,115169437589995816901586861523947955406998522856051033989976606187488636875596,115169437589995816901586861523947955406998522856051033989976606187488636875596,ethereum-up-or-down-march-24-2026-2pm-et,ethereum-up-or-down-march-24-2026-2pm-et,"Ethereum Up or Down - March 24, 2PM ET",Down,1,BUY,0.07,6,0.42,endpoint_usdcSize,fast_crypto_up_down,ETH,true,,,unavailable,entry_candidate,0x1f0ebc543b2d411f66947041625c0aa1ce61cf86|0xfd1352cae1ee4f2d3a18e19cc290bb7ab7298067855093acfd60ff71b76e492b|115169437589995816901586861523947955406998522856051033989976606187488636875596|Down,0x1f0ebc543b2d411f66947041625c0aa1ce61cf86|activity_primary|0xe7b2e3927cc63f059d59261da675f0506a62b5ad4401f82796db1f5494740dd5|0xfd1352cae1ee4f2d3a18e19cc290bb7ab7298067855093acfd60ff71b76e492b|115169437589995816901586861523947955406998522856051033989976606187488636875596|1774377227|buy|0.07|6,2026-06-24T20:54:35+00:00,6fd2609b9c502a9339f530b74051f858afe2dc08a82b8512b3e1673935b6d6d5,e9c3dfe377679a735c68fe33b70d4e88ba2f151fbd9b6e4bd9a44f96c399dd7e,wallet_trade_history_v1,none
0x1f0ebc543b2d411f66947041625c0aa1ce61cf86,https://polymarket.com/0x1f0ebc543b2d411f66947041625c0aa1ce61cf86,https://data-api.polymarket.com/activity?user=0x1f0ebc543b2d411f66947041625c0aa1ce61cf86&type=TRADE&limit=100&offset=0&sortBy=TIMESTAMP&sortDirection=DESC,activity_primary,TRADE,1774377221,2026-03-24T18:33:41+00:00,0x7a1b84aaef11341510baea944705183f13c437d09d78fae5a0d6c44a6e603f7f,0xfd1352cae1ee4f2d3a18e19cc290bb7ab7298067855093acfd60ff71b76e492b,115169437589995816901586861523947955406998522856051033989976606187488636875596,115169437589995816901586861523947955406998522856051033989976606187488636875596,ethereum-up-or-down-march-24-2026-2pm-et,ethereum-up-or-down-march-24-2026-2pm-et,"Ethereum Up or Down - March 24, 2PM ET",Down,1,BUY,0.08,34,2.72,endpoint_usdcSize,fast_crypto_up_down,ETH,true,,,unavailable,entry_candidate,0x1f0ebc543b2d411f66947041625c0aa1ce61cf86|0xfd1352cae1ee4f2d3a18e19cc290bb7ab7298067855093acfd60ff71b76e492b|115169437589995816901586861523947955406998522856051033989976606187488636875596|Down,0x1f0ebc543b2d411f66947041625c0aa1ce61cf86|activity_primary|0x7a1b84aaef11341510baea944705183f13c437d09d78fae5a0d6c44a6e603f7f|0xfd1352cae1ee4f2d3a18e19cc290bb7ab7298067855093acfd60ff71b76e492b|115169437589995816901586861523947955406998522856051033989976606187488636875596|1774377221|buy|0.08|34,2026-06-24T20:54:35+00:00,9ff0861b75a32b9fc7085e31e27dd6e8927c7e64d0cf946f2284ea87b80da220,e9c3dfe377679a735c68fe33b70d4e88ba2f151fbd9b6e4bd9a44f96c399dd7e,wallet_trade_history_v1,none
0x1f0ebc543b2d411f66947041625c0aa1ce61cf86,https://polymarket.com/0x1f0ebc543b2d411f66947041625c0aa1ce61cf86,https://data-api.polymarket.com/activity?user=0x1f0ebc543b2d411f66947041625c0aa1ce61cf86&type=TRADE&limit=100&offset=0&sortBy=TIMESTAMP&sortDirection=DESC,activity_primary,TRADE,1774377197,2026-03-24T18:33:17+00:00,0x5bddd85b4ebbc592787533f35e04c3bc5311271cb33750287f7333cd37150f3a,0xce7ce28c2bc063f7bc326d165e320fff802c9f5543634b20398cf07a781f7a3d,20881779262064316543440862647577579327424219439536468411528238160809874822443,20881779262064316543440862647577579327424219439536468411528238160809874822443,solana-up-or-down-march-24-2026-2pm-et,solana-up-or-down-march-24-2026-2pm-et,"Solana Up or Down - March 24, 2PM ET",Up,0,BUY,0.62,101,62.62,endpoint_usdcSize,fast_crypto_up_down,SOL,true,,,unavailable,entry_candidate,0x1f0ebc543b2d411f66947041625c0aa1ce61cf86|0xce7ce28c2bc063f7bc326d165e320fff802c9f5543634b20398cf07a781f7a3d|20881779262064316543440862647577579327424219439536468411528238160809874822443|Up,0x1f0ebc543b2d411f66947041625c0aa1ce61cf86|activity_primary|0x5bddd85b4ebbc592787533f35e04c3bc5311271cb33750287f7333cd37150f3a|0xce7ce28c2bc063f7bc326d165e320fff802c9f5543634b20398cf07a781f7a3d|20881779262064316543440862647577579327424219439536468411528238160809874822443|1774377197|buy|0.62|101,2026-06-24T20:54:35+00:00,6a91c28e1ffc118a41d4ffbc4d6b0df6b878c6cb0453102611799db73ab65c6c,e9c3dfe377679a735c68fe33b70d4e88ba2f151fbd9b6e4bd9a44f96c399dd7e,wallet_trade_history_v1,none
0x1f0ebc543b2d411f66947041625c0aa1ce61cf86,https://polymarket.com/0x1f0ebc543b2d411f66947041625c0aa1ce61cf86,https://data-api.polymarket.com/activity?user=0x1f0ebc543b2d411f66947041625c0aa1ce61cf86&type=TRADE&limit=100&offset=0&sortBy=TIMESTAMP&sortDirection=DESC,activity_primary,TRADE,1774377195,2026-03-24T18:33:15+00:00,0x0c82942b432566262121ebf4169a4ea223a757ed0228bb0bbedc3421388b8eec,0xce7ce28c2bc063f7bc326d165e320fff802c9f5543634b20398cf07a781f7a3d,20881779262064316543440862647577579327424219439536468411528238160809874822443,20881779262064316543440862647577579327424219439536468411528238160809874822443,solana-up-or-down-march-24-2026-2pm-et,solana-up-or-down-march-24-2026-2pm-et,"Solana Up or Down - March 24, 2PM ET",Up,0,BUY,0.62,40,24.8,endpoint_usdcSize,fast_crypto_up_down,SOL,true,,,unavailable,entry_candidate,0x1f0ebc543b2d411f66947041625c0aa1ce61cf86|0xce7ce28c2bc063f7bc326d165e320fff802c9f5543634b20398cf07a781f7a3d|20881779262064316543440862647577579327424219439536468411528238160809874822443|Up,0x1f0ebc543b2d411f66947041625c0aa1ce61cf86|activity_primary|0x0c82942b432566262121ebf4169a4ea223a757ed0228bb0bbedc3421388b8eec|0xce7ce28c2bc063f7bc326d165e320fff802c9f5543634b20398cf07a781f7a3d|20881779262064316543440862647577579327424219439536468411528238160809874822443|1774377195|buy|0.62|40,2026-06-24T20:54:35+00:00,c3aff1aa6799fec4112b5d34373a01346947da478e47acc5c637073f1ea2848a,e9c3dfe377679a735c68fe33b70d4e88ba2f151fbd9b6e4bd9a44f96c399dd7e,wallet_trade_history_v1,none
0x1f0ebc543b2d411f66947041625c0aa1ce61cf86,https://polymarket.com/0x1f0ebc543b2d411f66947041625c0aa1ce61cf86,https://data-api.polymarket.com/activity?user=0x1f0ebc543b2d411f66947041625c0aa1ce61cf86&type=TRADE&limit=100&offset=0&sortBy=TIMESTAMP&sortDirection=DESC,activity_primary,TRADE,1774377195,2026-03-24T18:33:15+00:00,0x766d791c90d8417a5311b31f9ced605b8728345581230456549b1ad2a3773226,0xce7ce28c2bc063f7bc326d165e320fff802c9f5543634b20398cf07a781f7a3d,20881779262064316543440862647577579327424219439536468411528238160809874822443,20881779262064316543440862647577579327424219439536468411528238160809874822443,solana-up-or-down-march-24-2026-2pm-et,solana-up-or-down-march-24-2026-2pm-et,"Solana Up or Down - March 24, 2PM ET",Up,0,BUY,0.62,171,106.02,endpoint_usdcSize,fast_crypto_up_down,SOL,true,,,unavailable,entry_candidate,0x1f0ebc543b2d411f66947041625c0aa1ce61cf86|0xce7ce28c2bc063f7bc326d165e320fff802c9f5543634b20398cf07a781f7a3d|20881779262064316543440862647577579327424219439536468411528238160809874822443|Up,0x1f0ebc543b2d411f66947041625c0aa1ce61cf86|activity_primary|0x766d791c90d8417a5311b31f9ced605b8728345581230456549b1ad2a3773226|0xce7ce28c2bc063f7bc326d165e320fff802c9f5543634b20398cf07a781f7a3d|20881779262064316543440862647577579327424219439536468411528238160809874822443|1774377195|buy|0.62|171,2026-06-24T20:54:35+00:00,2a47e3339f3c2dc0b290d2d7994226739a4cb4e49e430f9a7c20c9cee21f576a,e9c3dfe377679a735c68fe33b70d4e88ba2f151fbd9b6e4bd9a44f96c399dd7e,wallet_trade_history_v1,none
0x1f0ebc543b2d411f66947041625c0aa1ce61cf86,https://polymarket.com/0x1f0ebc543b2d411f66947041625c0aa1ce61cf86,https://data-api.polymarket.com/activity?user=0x1f0ebc543b2d411f66947041625c0aa1ce61cf86&type=TRADE&limit=100&offset=0&sortBy=TIMESTAMP&sortDirection=DESC,activity_primary,TRADE,1774377191,2026-03-24T18:33:11+00:00,0x25f09acbc7723d6db34f8c276afc17fe169e709e58622d8cf2b116e17ea546f8,0x6c13248425c7f5f9a527da1f2ca0524b982dede8d0118291491205877bbb0965,2234561175646023811959671001477924963695928604621768960063986790345769535149,2234561175646023811959671001477924963695928604621768960063986790345769535149,bitcoin-up-or-down-march-24-2026-2pm-et,bitcoin-up-or-down-march-24-2026-2pm-et,"Bitcoin Up or Down - March 24, 2PM ET",Up,0,BUY,0.9,687.6,618.84,endpoint_usdcSize,fast_crypto_up_down,BTC,true,,,unavailable,entry_candidate,0x1f0ebc543b2d411f66947041625c0aa1ce61cf86|0x6c13248425c7f5f9a527da1f2ca0524b982dede8d0118291491205877bbb0965|2234561175646023811959671001477924963695928604621768960063986790345769535149|Up,0x1f0ebc543b2d411f66947041625c0aa1ce61cf86|activity_primary|0x25f09acbc7723d6db34f8c276afc17fe169e709e58622d8cf2b116e17ea546f8|0x6c13248425c7f5f9a527da1f2ca0524b982dede8d0118291491205877bbb0965|2234561175646023811959671001477924963695928604621768960063986790345769535149|1774377191|buy|0.9|687.6,2026-06-24T20:54:35+00:00,c944aaf09b66a9f8fca5b7bf634c30ccc9d8b239d87af0b09493ec50562a9902,e9c3dfe377679a735c68fe33b70d4e88ba2f151fbd9b6e4bd9a44f96c399dd7e,wallet_trade_history_v1,none
0x1f0ebc543b2d411f66947041625c0aa1ce61cf86,https://polymarket.com/0x1f0ebc543b2d411f66947041625c0aa1ce61cf86,https://data-api.polymarket.com/activity?user=0x1f0ebc543b2d411f66947041625c0aa1ce61cf86&type=TRADE&limit=100&offset=0&sortBy=TIMESTAMP&sortDirection=DESC,activity_primary,TRADE,1774377179,2026-03-24T18:32:59+00:00,0x03b1c481b7726cdccd8f0e3d00a6c8909d96a30f2b9f846314bb059f41b97388,0x6c13248425c7f5f9a527da1f2ca0524b982dede8d0118291491205877bbb0965,110149152872065717396833727502509557448427278670048810846518524434717338696140,110149152872065717396833727502509557448427278670048810846518524434717338696140,bitcoin-up-or-down-march-24-2026-2pm-et,bitcoin-up-or-down-march-24-2026-2pm-et,"Bitcoin Up or Down - March 24, 2PM ET",Down,1,BUY,0.09,20,1.8,endpoint_usdcSize,fast_crypto_up_down,BTC,true,,,unavailable,entry_candidate,0x1f0ebc543b2d411f66947041625c0aa1ce61cf86|0x6c13248425c7f5f9a527da1f2ca0524b982dede8d0118291491205877bbb0965|110149152872065717396833727502509557448427278670048810846518524434717338696140|Down,0x1f0ebc543b2d411f66947041625c0aa1ce61cf86|activity_primary|0x03b1c481b7726cdccd8f0e3d00a6c8909d96a30f2b9f846314bb059f41b97388|0x6c13248425c7f5f9a527da1f2ca0524b982dede8d0118291491205877bbb0965|110149152872065717396833727502509557448427278670048810846518524434717338696140|1774377179|buy|0.09|20,2026-06-24T20:54:35+00:00,7aa88bf5154bb1b860d0b876840548c944061f4b29c27331d7c9b392bb886c4c,e9c3dfe377679a735c68fe33b70d4e88ba2f151fbd9b6e4bd9a44f96c399dd7e,wallet_trade_history_v1,none
0x1f0ebc543b2d411f66947041625c0aa1ce61cf86,https://polymarket.com/0x1f0ebc543b2d411f66947041625c0aa1ce61cf86,https://data-api.polymarket.com/activity?user=0x1f0ebc543b2d411f66947041625c0aa1ce61cf86&type=TRADE&limit=100&offset=0&sortBy=TIMESTAMP&sortDirection=DESC,activity_primary,TRADE,1774377179,2026-03-24T18:32:59+00:00,0x74d19fecda2a40a836998f8efeb19145d53e4e6e042d8d468577a2b8ee408232,0x6c13248425c7f5f9a527da1f2ca0524b982dede8d0118291491205877bbb0965,110149152872065717396833727502509557448427278670048810846518524434717338696140,110149152872065717396833727502509557448427278670048810846518524434717338696140,bitcoin-up-or-down-march-24-2026-2pm-et,bitcoin-up-or-down-march-24-2026-2pm-et,"Bitcoin Up or Down - March 24, 2PM ET",Down,1,BUY,0.09,5.4945,0.494505,endpoint_usdcSize,fast_crypto_up_down,BTC,true,,,unavailable,entry_candidate,0x1f0ebc543b2d411f66947041625c0aa1ce61cf86|0x6c13248425c7f5f9a527da1f2ca0524b982dede8d0118291491205877bbb0965|110149152872065717396833727502509557448427278670048810846518524434717338696140|Down,0x1f0ebc543b2d411f66947041625c0aa1ce61cf86|activity_primary|0x74d19fecda2a40a836998f8efeb19145d53e4e6e042d8d468577a2b8ee408232|0x6c13248425c7f5f9a527da1f2ca0524b982dede8d0118291491205877bbb0965|110149152872065717396833727502509557448427278670048810846518524434717338696140|1774377179|buy|0.09|5.4945,2026-06-24T20:54:35+00:00,b3d5f283945fc52e5998b48c67605d95be0a4a4e095f330f34b465d1e3bc7fbe,e9c3dfe377679a735c68fe33b70d4e88ba2f151fbd9b6e4bd9a44f96c399dd7e,wallet_trade_history_v1,none
0x1f0ebc543b2d411f66947041625c0aa1ce61cf86,https://polymarket.com/0x1f0ebc543b2d411f66947041625c0aa1ce61cf86,https://data-api.polymarket.com/activity?user=0x1f0ebc543b2d411f66947041625c0aa1ce61cf86&type=TRADE&limit=100&offset=0&sortBy=TIMESTAMP&sortDirection=DESC,activity_primary,TRADE,1774377179,2026-03-24T18:32:59+00:00,0x891899ef73ef599bc0974bbf7dfec86776ca2190d069783bf85b524d0c41667b,0x6c13248425c7f5f9a527da1f2ca0524b982dede8d0118291491205877bbb0965,110149152872065717396833727502509557448427278670048810846518524434717338696140,110149152872065717396833727502509557448427278670048810846518524434717338696140,bitcoin-up-or-down-march-24-2026-2pm-et,bitcoin-up-or-down-march-24-2026-2pm-et,"Bitcoin Up or Down - March 24, 2PM ET",Down,1,BUY,0.09,20,1.8,endpoint_usdcSize,fast_crypto_up_down,BTC,true,,,unavailable,entry_candidate,0x1f0ebc543b2d411f66947041625c0aa1ce61cf86|0x6c13248425c7f5f9a527da1f2ca0524b982dede8d0118291491205877bbb0965|110149152872065717396833727502509557448427278670048810846518524434717338696140|Down,0x1f0ebc543b2d411f66947041625c0aa1ce61cf86|activity_primary|0x891899ef73ef599bc0974bbf7dfec86776ca2190d069783bf85b524d0c41667b|0x6c13248425c7f5f9a527da1f2ca0524b982dede8d0118291491205877bbb0965|110149152872065717396833727502509557448427278670048810846518524434717338696140|1774377179|buy|0.09|20,2026-06-24T20:54:35+00:00,26ecd5aa6018ecf9a7ae8ab1a1c0ceeeea6bb95f718898e9fa558d9d518bb575,e9c3dfe377679a735c68fe33b70d4e88ba2f151fbd9b6e4bd9a44f96c399dd7e,wallet_trade_history_v1,none
0x1f0ebc543b2d411f66947041625c0aa1ce61cf86,https://polymarket.com/0x1f0ebc543b2d411f66947041625c0aa1ce61cf86,https://data-api.polymarket.com/activity?user=0x1f0ebc543b2d411f66947041625c0aa1ce61cf86&type=TRADE&limit=100&offset=0&sortBy=TIMESTAMP&sortDirection=DESC,activity_primary,TRADE,1774377177,2026-03-24T18:32:57+00:00,0x37686af8f799f14a92689c9ee4b04947dec0813afd915af4ba8b6c377220a069,0x6c13248425c7f5f9a527da1f2ca0524b982dede8d0118291491205877bbb0965,110149152872065717396833727502509557448427278670048810846518524434717338696140,110149152872065717396833727502509557448427278670048810846518524434717338696140,bitcoin-up-or-down-march-24-2026-2pm-et,bitcoin-up-or-down-march-24-2026-2pm-et,"Bitcoin Up or Down - March 24, 2PM ET",Down,1,BUY,0.09,88,7.92,endpoint_usdcSize,fast_crypto_up_down,BTC,true,,,unavailable,entry_candidate,0x1f0ebc543b2d411f66947041625c0aa1ce61cf86|0x6c13248425c7f5f9a527da1f2ca0524b982dede8d0118291491205877bbb0965|110149152872065717396833727502509557448427278670048810846518524434717338696140|Down,0x1f0ebc543b2d411f66947041625c0aa1ce61cf86|activity_primary|0x37686af8f799f14a92689c9ee4b04947dec0813afd915af4ba8b6c377220a069|0x6c13248425c7f5f9a527da1f2ca0524b982dede8d0118291491205877bbb0965|110149152872065717396833727502509557448427278670048810846518524434717338696140|1774377177|buy|0.09|88,2026-06-24T20:54:35+00:00,5c19ced7be956135eea418ebb58326a360a3961ef09c22a052e7c2c67014535c,e9c3dfe377679a735c68fe33b70d4e88ba2f151fbd9b6e4bd9a44f96c399dd7e,wallet_trade_history_v1,none
0x1f0ebc543b2d411f66947041625c0aa1ce61cf86,https://polymarket.com/0x1f0ebc543b2d411f66947041625c0aa1ce61cf86,https://data-api.polymarket.com/activity?user=0x1f0ebc543b2d411f66947041625c0aa1ce61cf86&type=TRADE&limit=100&offset=0&sortBy=TIMESTAMP&sortDirection=DESC,activity_primary,TRADE,1774377171,2026-03-24T18:32:51+00:00,0xe90d541e36327c7b6c94c117f473af09457e51cacb65d3e93d0acb57166e724f,0xfd1352cae1ee4f2d3a18e19cc290bb7ab7298067855093acfd60ff71b76e492b,115169437589995816901586861523947955406998522856051033989976606187488636875596,115169437589995816901586861523947955406998522856051033989976606187488636875596,ethereum-up-or-down-march-24-2026-2pm-et,ethereum-up-or-down-march-24-2026-2pm-et,"Ethereum Up or Down - March 24, 2PM ET",Down,1,BUY,0.06000000664312123,3.010633,0.180638,endpoint_usdcSize,fast_crypto_up_down,ETH,true,,,unavailable,entry_candidate,0x1f0ebc543b2d411f66947041625c0aa1ce61cf86|0xfd1352cae1ee4f2d3a18e19cc290bb7ab7298067855093acfd60ff71b76e492b|115169437589995816901586861523947955406998522856051033989976606187488636875596|Down,0x1f0ebc543b2d411f66947041625c0aa1ce61cf86|activity_primary|0xe90d541e36327c7b6c94c117f473af09457e51cacb65d3e93d0acb57166e724f|0xfd1352cae1ee4f2d3a18e19cc290bb7ab7298067855093acfd60ff71b76e492b|115169437589995816901586861523947955406998522856051033989976606187488636875596|1774377171|buy|0.06000000664312123|3.010633,2026-06-24T20:54:35+00:00,4a4334fbdc6029228ff265a86cfc014c68d09a8677c5b90e3e5727bb0656011c,e9c3dfe377679a735c68fe33b70d4e88ba2f151fbd9b6e4bd9a44f96c399dd7e,wallet_trade_history_v1,none
0x1f0ebc543b2d411f66947041625c0aa1ce61cf86,https://polymarket.com/0x1f0ebc543b2d411f66947041625c0aa1ce61cf86,https://data-api.polymarket.com/activity?user=0x1f0ebc543b2d411f66947041625c0aa1ce61cf86&type=TRADE&limit=100&offset=0&sortBy=TIMESTAMP&sortDirection=DESC,activity_primary,TRADE,1774377171,2026-03-24T18:32:51+00:00,0xc18a7cdf02294dba4c9b937cfe4dd85e8f1bfa977f576d03308878983e74a7be,0xfd1352cae1ee4f2d3a18e19cc290bb7ab7298067855093acfd60ff71b76e492b,115169437589995816901586861523947955406998522856051033989976606187488636875596,115169437589995816901586861523947955406998522856051033989976606187488636875596,ethereum-up-or-down-march-24-2026-2pm-et,ethereum-up-or-down-march-24-2026-2pm-et,"Ethereum Up or Down - March 24, 2PM ET",Down,1,BUY,0.06,17.98935,1.079361,endpoint_usdcSize,fast_crypto_up_down,ETH,true,,,unavailable,entry_candidate,0x1f0ebc543b2d411f66947041625c0aa1ce61cf86|0xfd1352cae1ee4f2d3a18e19cc290bb7ab7298067855093acfd60ff71b76e492b|115169437589995816901586861523947955406998522856051033989976606187488636875596|Down,0x1f0ebc543b2d411f66947041625c0aa1ce61cf86|activity_primary|0xc18a7cdf02294dba4c9b937cfe4dd85e8f1bfa977f576d03308878983e74a7be|0xfd1352cae1ee4f2d3a18e19cc290bb7ab7298067855093acfd60ff71b76e492b|115169437589995816901586861523947955406998522856051033989976606187488636875596|1774377171|buy|0.06|17.98935,2026-06-24T20:54:35+00:00,4373bf60143a5834fd8ae9d8523ce22aeef776280009e275e40778339fdb8c53,e9c3dfe377679a735c68fe33b70d4e88ba2f151fbd9b6e4bd9a44f96c399dd7e,wallet_trade_history_v1,none
0x1f0ebc543b2d411f66947041625c0aa1ce61cf86,https://polymarket.com/0x1f0ebc543b2d411f66947041625c0aa1ce61cf86,https://data-api.polymarket.com/activity?user=0x1f0ebc543b2d411f66947041625c0aa1ce61cf86&type=TRADE&limit=100&offset=0&sortBy=TIMESTAMP&sortDirection=DESC,activity_primary,TRADE,1774377169,2026-03-24T18:32:49+00:00,0xc75a503e6fa8b247a4727feadf924971a19815fc16c0fcfdd9e637515141a369,0x6c13248425c7f5f9a527da1f2ca0524b982dede8d0118291491205877bbb0965,110149152872065717396833727502509557448427278670048810846518524434717338696140,110149152872065717396833727502509557448427278670048810846518524434717338696140,bitcoin-up-or-down-march-24-2026-2pm-et,bitcoin-up-or-down-march-24-2026-2pm-et,"Bitcoin Up or Down - March 24, 2PM ET",Down,1,BUY,0.08,140,11.2,endpoint_usdcSize,fast_crypto_up_down,BTC,true,,,unavailable,entry_candidate,0x1f0ebc543b2d411f66947041625c0aa1ce61cf86|0x6c13248425c7f5f9a527da1f2ca0524b982dede8d0118291491205877bbb0965|110149152872065717396833727502509557448427278670048810846518524434717338696140|Down,0x1f0ebc543b2d411f66947041625c0aa1ce61cf86|activity_primary|0xc75a503e6fa8b247a4727feadf924971a19815fc16c0fcfdd9e637515141a369|0x6c13248425c7f5f9a527da1f2ca0524b982dede8d0118291491205877bbb0965|110149152872065717396833727502509557448427278670048810846518524434717338696140|1774377169|buy|0.08|140,2026-06-24T20:54:35+00:00,58bcff35ec88056cdedf075a3cca27ca55f6d2450add140da4711d0da40fdb97,e9c3dfe377679a735c68fe33b70d4e88ba2f151fbd9b6e4bd9a44f96c399dd7e,wallet_trade_history_v1,none
0x1f0ebc543b2d411f66947041625c0aa1ce61cf86,https://polymarket.com/0x1f0ebc543b2d411f66947041625c0aa1ce61cf86,https://data-api.polymarket.com/activity?user=0x1f0ebc543b2d411f66947041625c0aa1ce61cf86&type=TRADE&limit=100&offset=0&sortBy=TIMESTAMP&sortDirection=DESC,activity_primary,TRADE,1774377169,2026-03-24T18:32:49+00:00,0x00bcac310d39bbf61e9e4fefde2aec64802adb2a5f345d9eccd1ec788f99e9df,0x6c13248425c7f5f9a527da1f2ca0524b982dede8d0118291491205877bbb0965,110149152872065717396833727502509557448427278670048810846518524434717338696140,110149152872065717396833727502509557448427278670048810846518524434717338696140,bitcoin-up-or-down-march-24-2026-2pm-et,bitcoin-up-or-down-march-24-2026-2pm-et,"Bitcoin Up or Down - March 24, 2PM ET",Down,1,BUY,0.08,50,4,endpoint_usdcSize,fast_crypto_up_down,BTC,true,,,unavailable,entry_candidate,0x1f0ebc543b2d411f66947041625c0aa1ce61cf86|0x6c13248425c7f5f9a527da1f2ca0524b982dede8d0118291491205877bbb0965|110149152872065717396833727502509557448427278670048810846518524434717338696140|Down,0x1f0ebc543b2d411f66947041625c0aa1ce61cf86|activity_primary|0x00bcac310d39bbf61e9e4fefde2aec64802adb2a5f345d9eccd1ec788f99e9df|0x6c13248425c7f5f9a527da1f2ca0524b982dede8d0118291491205877bbb0965|110149152872065717396833727502509557448427278670048810846518524434717338696140|1774377169|buy|0.08|50,2026-06-24T20:54:35+00:00,a2f98e2a1dd245b643edee0db3b4f475fc9dcbea69fa8f807fc74c5946814def,e9c3dfe377679a735c68fe33b70d4e88ba2f151fbd9b6e4bd9a44f96c399dd7e,wallet_trade_history_v1,none
0x1f0ebc543b2d411f66947041625c0aa1ce61cf86,https://polymarket.com/0x1f0ebc543b2d411f66947041625c0aa1ce61cf86,https://data-api.polymarket.com/activity?user=0x1f0ebc543b2d411f66947041625c0aa1ce61cf86&type=TRADE&limit=100&offset=0&sortBy=TIMESTAMP&sortDirection=DESC,activity_primary,TRADE,1774377167,2026-03-24T18:32:47+00:00,0x4043cb58b57ba94105c2c8d95996bb66101c1420130d65d4857d592361bf6a22,0xfd1352cae1ee4f2d3a18e19cc290bb7ab7298067855093acfd60ff71b76e492b,115169437589995816901586861523947955406998522856051033989976606187488636875596,115169437589995816901586861523947955406998522856051033989976606187488636875596,ethereum-up-or-down-march-24-2026-2pm-et,ethereum-up-or-down-march-24-2026-2pm-et,"Ethereum Up or Down - March 24, 2PM ET",Down,1,BUY,0.06,10.6,0.636,endpoint_usdcSize,fast_crypto_up_down,ETH,true,,,unavailable,entry_candidate,0x1f0ebc543b2d411f66947041625c0aa1ce61cf86|0xfd1352cae1ee4f2d3a18e19cc290bb7ab7298067855093acfd60ff71b76e492b|115169437589995816901586861523947955406998522856051033989976606187488636875596|Down,0x1f0ebc543b2d411f66947041625c0aa1ce61cf86|activity_primary|0x4043cb58b57ba94105c2c8d95996bb66101c1420130d65d4857d592361bf6a22|0xfd1352cae1ee4f2d3a18e19cc290bb7ab7298067855093acfd60ff71b76e492b|115169437589995816901586861523947955406998522856051033989976606187488636875596|1774377167|buy|0.06|10.6,2026-06-24T20:54:35+00:00,c01fd8c3bbac28fb451a99ba0ccc0f3ba774ecbe2bf29e6cd3d8bce9524f4ee0,e9c3dfe377679a735c68fe33b70d4e88ba2f151fbd9b6e4bd9a44f96c399dd7e,wallet_trade_history_v1,none
0x1f0ebc543b2d411f66947041625c0aa1ce61cf86,https://polymarket.com/0x1f0ebc543b2d411f66947041625c0aa1ce61cf86,https://data-api.polymarket.com/activity?user=0x1f0ebc543b2d411f66947041625c0aa1ce61cf86&type=TRADE&limit=100&offset=0&sortBy=TIMESTAMP&sortDirection=DESC,activity_primary,TRADE,1774377167,2026-03-24T18:32:47+00:00,0xb260d679285c729d5a513bbdab3eeb14164e213ae5b639ebfbf6ac584c2f6e9e,0x6c13248425c7f5f9a527da1f2ca0524b982dede8d0118291491205877bbb0965,110149152872065717396833727502509557448427278670048810846518524434717338696140,110149152872065717396833727502509557448427278670048810846518524434717338696140,bitcoin-up-or-down-march-24-2026-2pm-et,bitcoin-up-or-down-march-24-2026-2pm-et,"Bitcoin Up or Down - March 24, 2PM ET",Down,1,BUY,0.08,2.69565,0.215652,endpoint_usdcSize,fast_crypto_up_down,BTC,true,,,unavailable,entry_candidate,0x1f0ebc543b2d411f66947041625c0aa1ce61cf86|0x6c13248425c7f5f9a527da1f2ca0524b982dede8d0118291491205877bbb0965|110149152872065717396833727502509557448427278670048810846518524434717338696140|Down,0x1f0ebc543b2d411f66947041625c0aa1ce61cf86|activity_primary|0xb260d679285c729d5a513bbdab3eeb14164e213ae5b639ebfbf6ac584c2f6e9e|0x6c13248425c7f5f9a527da1f2ca0524b982dede8d0118291491205877bbb0965|110149152872065717396833727502509557448427278670048810846518524434717338696140|1774377167|buy|0.08|2.69565,2026-06-24T20:54:35+00:00,1a4e034157c4bc9b223b89bde04ff1e6d45e7df63303eab98aa44e039abab610,e9c3dfe377679a735c68fe33b70d4e88ba2f151fbd9b6e4bd9a44f96c399dd7e,wallet_trade_history_v1,none
0x1f0ebc543b2d411f66947041625c0aa1ce61cf86,https://polymarket.com/0x1f0ebc543b2d411f66947041625c0aa1ce61cf86,https://data-api.polymarket.com/activity?user=0x1f0ebc543b2d411f66947041625c0aa1ce61cf86&type=TRADE&limit=100&offset=0&sortBy=TIMESTAMP&sortDirection=DESC,activity_primary,TRADE,1774377165,2026-03-24T18:32:45+00:00,0x62f746113099f3e1c5b5c3632282d80df0837aeea7ca743e74bba9b74d61bb6e,0x6c13248425c7f5f9a527da1f2ca0524b982dede8d0118291491205877bbb0965,110149152872065717396833727502509557448427278670048810846518524434717338696140,110149152872065717396833727502509557448427278670048810846518524434717338696140,bitcoin-up-or-down-march-24-2026-2pm-et,bitcoin-up-or-down-march-24-2026-2pm-et,"Bitcoin Up or Down - March 24, 2PM ET",Down,1,BUY,0.08,100,8,endpoint_usdcSize,fast_crypto_up_down,BTC,true,,,unavailable,entry_candidate,0x1f0ebc543b2d411f66947041625c0aa1ce61cf86|0x6c13248425c7f5f9a527da1f2ca0524b982dede8d0118291491205877bbb0965|110149152872065717396833727502509557448427278670048810846518524434717338696140|Down,0x1f0ebc543b2d411f66947041625c0aa1ce61cf86|activity_primary|0x62f746113099f3e1c5b5c3632282d80df0837aeea7ca743e74bba9b74d61bb6e|0x6c13248425c7f5f9a527da1f2ca0524b982dede8d0118291491205877bbb0965|110149152872065717396833727502509557448427278670048810846518524434717338696140|1774377165|buy|0.08|100,2026-06-24T20:54:35+00:00,cc534f47fee10b5253c2d98b7f77f90bf5d105ce110c1121f390b7d7f6c3e9c1,e9c3dfe377679a735c68fe33b70d4e88ba2f151fbd9b6e4bd9a44f96c399dd7e,wallet_trade_history_v1,none
0x1f0ebc543b2d411f66947041625c0aa1ce61cf86,https://polymarket.com/0x1f0ebc543b2d411f66947041625c0aa1ce61cf86,https://data-api.polymarket.com/activity?user=0x1f0ebc543b2d411f66947041625c0aa1ce61cf86&type=TRADE&limit=100&offset=0&sortBy=TIMESTAMP&sortDirection=DESC,activity_primary,TRADE,1774377163,2026-03-24T18:32:43+00:00,0x943413ac3db7c91bc6d23d5c001a9c1e88621291875c0d294ad194768d1d15e2,0x6c13248425c7f5f9a527da1f2ca0524b982dede8d0118291491205877bbb0965,110149152872065717396833727502509557448427278670048810846518524434717338696140,110149152872065717396833727502509557448427278670048810846518524434717338696140,bitcoin-up-or-down-march-24-2026-2pm-et,bitcoin-up-or-down-march-24-2026-2pm-et,"Bitcoin Up or Down - March 24, 2PM ET",Down,1,BUY,0.08,11.69,0.9352,endpoint_usdcSize,fast_crypto_up_down,BTC,true,,,unavailable,entry_candidate,0x1f0ebc543b2d411f66947041625c0aa1ce61cf86|0x6c13248425c7f5f9a527da1f2ca0524b982dede8d0118291491205877bbb0965|110149152872065717396833727502509557448427278670048810846518524434717338696140|Down,0x1f0ebc543b2d411f66947041625c0aa1ce61cf86|activity_primary|0x943413ac3db7c91bc6d23d5c001a9c1e88621291875c0d294ad194768d1d15e2|0x6c13248425c7f5f9a527da1f2ca0524b982dede8d0118291491205877bbb0965|110149152872065717396833727502509557448427278670048810846518524434717338696140|1774377163|buy|0.08|11.69,2026-06-24T20:54:35+00:00,25486872433167fb1930f469e58250128997dcb4371a7664abdf437922894b3a,e9c3dfe377679a735c68fe33b70d4e88ba2f151fbd9b6e4bd9a44f96c399dd7e,wallet_trade_history_v1,none
0x1f0ebc543b2d411f66947041625c0aa1ce61cf86,https://polymarket.com/0x1f0ebc543b2d411f66947041625c0aa1ce61cf86,https://data-api.polymarket.com/activity?user=0x1f0ebc543b2d411f66947041625c0aa1ce61cf86&type=TRADE&limit=100&offset=0&sortBy=TIMESTAMP&sortDirection=DESC,activity_primary,TRADE,1774377163,2026-03-24T18:32:43+00:00,0x538ddfbcf030dffd97cb47b329e8262d4f6f93eaed96bb088062f2049ab1a522,0x6c13248425c7f5f9a527da1f2ca0524b982dede8d0118291491205877bbb0965,110149152872065717396833727502509557448427278670048810846518524434717338696140,110149152872065717396833727502509557448427278670048810846518524434717338696140,bitcoin-up-or-down-march-24-2026-2pm-et,bitcoin-up-or-down-march-24-2026-2pm-et,"Bitcoin Up or Down - March 24, 2PM ET",Down,1,BUY,0.08,0.99,0.0792,endpoint_usdcSize,fast_crypto_up_down,BTC,true,,,unavailable,entry_candidate,0x1f0ebc543b2d411f66947041625c0aa1ce61cf86|0x6c13248425c7f5f9a527da1f2ca0524b982dede8d0118291491205877bbb0965|110149152872065717396833727502509557448427278670048810846518524434717338696140|Down,0x1f0ebc543b2d411f66947041625c0aa1ce61cf86|activity_primary|0x538ddfbcf030dffd97cb47b329e8262d4f6f93eaed96bb088062f2049ab1a522|0x6c13248425c7f5f9a527da1f2ca0524b982dede8d0118291491205877bbb0965|110149152872065717396833727502509557448427278670048810846518524434717338696140|1774377163|buy|0.08|0.99,2026-06-24T20:54:35+00:00,66c7d09b933b07ed3df855d6b4e7805a642a5ad119341309c9d440e677ce937c,e9c3dfe377679a735c68fe33b70d4e88ba2f151fbd9b6e4bd9a44f96c399dd7e,wallet_trade_history_v1,none
0x1f0ebc543b2d411f66947041625c0aa1ce61cf86,https://polymarket.com/0x1f0ebc543b2d411f66947041625c0aa1ce61cf86,https://data-api.polymarket.com/activity?user=0x1f0ebc543b2d411f66947041625c0aa1ce61cf86&type=TRADE&limit=100&offset=0&sortBy=TIMESTAMP&sortDirection=DESC,activity_primary,TRADE,1774377161,2026-03-24T18:32:41+00:00,0xc8c8d6d1610c5d5747676d53afe5b8664c9ef5cf5651e0378dad71e204752a1c,0xfd1352cae1ee4f2d3a18e19cc290bb7ab7298067855093acfd60ff71b76e492b,115169437589995816901586861523947955406998522856051033989976606187488636875596,115169437589995816901586861523947955406998522856051033989976606187488636875596,ethereum-up-or-down-march-24-2026-2pm-et,ethereum-up-or-down-march-24-2026-2pm-et,"Ethereum Up or Down - March 24, 2PM ET",Down,1,BUY,0.07,18,1.26,endpoint_usdcSize,fast_crypto_up_down,ETH,true,,,unavailable,entry_candidate,0x1f0ebc543b2d411f66947041625c0aa1ce61cf86|0xfd1352cae1ee4f2d3a18e19cc290bb7ab7298067855093acfd60ff71b76e492b|115169437589995816901586861523947955406998522856051033989976606187488636875596|Down,0x1f0ebc543b2d411f66947041625c0aa1ce61cf86|activity_primary|0xc8c8d6d1610c5d5747676d53afe5b8664c9ef5cf5651e0378dad71e204752a1c|0xfd1352cae1ee4f2d3a18e19cc290bb7ab7298067855093acfd60ff71b76e492b|115169437589995816901586861523947955406998522856051033989976606187488636875596|1774377161|buy|0.07|18,2026-06-24T20:54:35+00:00,ee652531ca9f06319bca38f6893696b0e44793aace019371b5d205389a6c457b,e9c3dfe377679a735c68fe33b70d4e88ba2f151fbd9b6e4bd9a44f96c399dd7e,wallet_trade_history_v1,none
0x1f0ebc543b2d411f66947041625c0aa1ce61cf86,https://polymarket.com/0x1f0ebc543b2d411f66947041625c0aa1ce61cf86,https://data-api.polymarket.com/activity?user=0x1f0ebc543b2d411f66947041625c0aa1ce61cf86&type=TRADE&limit=100&offset=0&sortBy=TIMESTAMP&sortDirection=DESC,activity_primary,TRADE,1774377161,2026-03-24T18:32:41+00:00,0x503e8fe9c38556076ddbecf27e5424327952774372e18fb6044cfe5dd245991c,0x6c13248425c7f5f9a527da1f2ca0524b982dede8d0118291491205877bbb0965,110149152872065717396833727502509557448427278670048810846518524434717338696140,110149152872065717396833727502509557448427278670048810846518524434717338696140,bitcoin-up-or-down-march-24-2026-2pm-et,bitcoin-up-or-down-march-24-2026-2pm-et,"Bitcoin Up or Down - March 24, 2PM ET",Down,1,BUY,0.08,140,11.2,endpoint_usdcSize,fast_crypto_up_down,BTC,true,,,unavailable,entry_candidate,0x1f0ebc543b2d411f66947041625c0aa1ce61cf86|0x6c13248425c7f5f9a527da1f2ca0524b982dede8d0118291491205877bbb0965|110149152872065717396833727502509557448427278670048810846518524434717338696140|Down,0x1f0ebc543b2d411f66947041625c0aa1ce61cf86|activity_primary|0x503e8fe9c38556076ddbecf27e5424327952774372e18fb6044cfe5dd245991c|0x6c13248425c7f5f9a527da1f2ca0524b982dede8d0118291491205877bbb0965|110149152872065717396833727502509557448427278670048810846518524434717338696140|1774377161|buy|0.08|140,2026-06-24T20:54:35+00:00,b6e04fb0b5ab9bed7c6ad20709ea4278d1b63ac45a0f899d4ae6f3ad2b933513,e9c3dfe377679a735c68fe33b70d4e88ba2f151fbd9b6e4bd9a44f96c399dd7e,wallet_trade_history_v1,none
0x1f0ebc543b2d411f66947041625c0aa1ce61cf86,https://polymarket.com/0x1f0ebc543b2d411f66947041625c0aa1ce61cf86,https://data-api.polymarket.com/activity?user=0x1f0ebc543b2d411f66947041625c0aa1ce61cf86&type=TRADE&limit=100&offset=0&sortBy=TIMESTAMP&sortDirection=DESC,activity_primary,TRADE,1774377161,2026-03-24T18:32:41+00:00,0x7fb3cade33d5fc108d4ff8e7650cd37b9b84642ecc09ae710428b4cf88013c02,0xfd1352cae1ee4f2d3a18e19cc290bb7ab7298067855093acfd60ff71b76e492b,115169437589995816901586861523947955406998522856051033989976606187488636875596,115169437589995816901586861523947955406998522856051033989976606187488636875596,ethereum-up-or-down-march-24-2026-2pm-et,ethereum-up-or-down-march-24-2026-2pm-et,"Ethereum Up or Down - March 24, 2PM ET",Down,1,BUY,0.07,19,1.33,endpoint_usdcSize,fast_crypto_up_down,ETH,true,,,unavailable,entry_candidate,0x1f0ebc543b2d411f66947041625c0aa1ce61cf86|0xfd1352cae1ee4f2d3a18e19cc290bb7ab7298067855093acfd60ff71b76e492b|115169437589995816901586861523947955406998522856051033989976606187488636875596|Down,0x1f0ebc543b2d411f66947041625c0aa1ce61cf86|activity_primary|0x7fb3cade33d5fc108d4ff8e7650cd37b9b84642ecc09ae710428b4cf88013c02|0xfd1352cae1ee4f2d3a18e19cc290bb7ab7298067855093acfd60ff71b76e492b|115169437589995816901586861523947955406998522856051033989976606187488636875596|1774377161|buy|0.07|19,2026-06-24T20:54:35+00:00,d013ad3f6f459d310f3ff80882f36aed77adeff6041f0264827cfb1102926401,e9c3dfe377679a735c68fe33b70d4e88ba2f151fbd9b6e4bd9a44f96c399dd7e,wallet_trade_history_v1,none
0x1f0ebc543b2d411f66947041625c0aa1ce61cf86,https://polymarket.com/0x1f0ebc543b2d411f66947041625c0aa1ce61cf86,https://data-api.polymarket.com/activity?user=0x1f0ebc543b2d411f66947041625c0aa1ce61cf86&type=TRADE&limit=100&offset=0&sortBy=TIMESTAMP&sortDirection=DESC,activity_primary,TRADE,1774377161,2026-03-24T18:32:41+00:00,0xba3b9f3950fad506ff14659e98e8c474c4fba7e79f0f318429aeb470857e629c,0xfd1352cae1ee4f2d3a18e19cc290bb7ab7298067855093acfd60ff71b76e492b,115169437589995816901586861523947955406998522856051033989976606187488636875596,115169437589995816901586861523947955406998522856051033989976606187488636875596,ethereum-up-or-down-march-24-2026-2pm-et,ethereum-up-or-down-march-24-2026-2pm-et,"Ethereum Up or Down - March 24, 2PM ET",Down,1,BUY,0.07,22,1.54,endpoint_usdcSize,fast_crypto_up_down,ETH,true,,,unavailable,entry_candidate,0x1f0ebc543b2d411f66947041625c0aa1ce61cf86|0xfd1352cae1ee4f2d3a18e19cc290bb7ab7298067855093acfd60ff71b76e492b|115169437589995816901586861523947955406998522856051033989976606187488636875596|Down,0x1f0ebc543b2d411f66947041625c0aa1ce61cf86|activity_primary|0xba3b9f3950fad506ff14659e98e8c474c4fba7e79f0f318429aeb470857e629c|0xfd1352cae1ee4f2d3a18e19cc290bb7ab7298067855093acfd60ff71b76e492b|115169437589995816901586861523947955406998522856051033989976606187488636875596|1774377161|buy|0.07|22,2026-06-24T20:54:35+00:00,1bdb409c84ce83e04f2a684be03f0c28034c8622de7e32733c743cad010ba175,e9c3dfe377679a735c68fe33b70d4e88ba2f151fbd9b6e4bd9a44f96c399dd7e,wallet_trade_history_v1,none
0x1f0ebc543b2d411f66947041625c0aa1ce61cf86,https://polymarket.com/0x1f0ebc543b2d411f66947041625c0aa1ce61cf86,https://data-api.polymarket.com/activity?user=0x1f0ebc543b2d411f66947041625c0aa1ce61cf86&type=TRADE&limit=100&offset=0&sortBy=TIMESTAMP&sortDirection=DESC,activity_primary,TRADE,1774377157,2026-03-24T18:32:37+00:00,0x363bceb1e961ca25c727023adffa800ae62c17f20911b3ed9b5f43d80da3f7c7,0x6c13248425c7f5f9a527da1f2ca0524b982dede8d0118291491205877bbb0965,110149152872065717396833727502509557448427278670048810846518524434717338696140,110149152872065717396833727502509557448427278670048810846518524434717338696140,bitcoin-up-or-down-march-24-2026-2pm-et,bitcoin-up-or-down-march-24-2026-2pm-et,"Bitcoin Up or Down - March 24, 2PM ET",Down,1,BUY,0.08,0.59,0.0472,endpoint_usdcSize,fast_crypto_up_down,BTC,true,,,unavailable,entry_candidate,0x1f0ebc543b2d411f66947041625c0aa1ce61cf86|0x6c13248425c7f5f9a527da1f2ca0524b982dede8d0118291491205877bbb0965|110149152872065717396833727502509557448427278670048810846518524434717338696140|Down,0x1f0ebc543b2d411f66947041625c0aa1ce61cf86|activity_primary|0x363bceb1e961ca25c727023adffa800ae62c17f20911b3ed9b5f43d80da3f7c7|0x6c13248425c7f5f9a527da1f2ca0524b982dede8d0118291491205877bbb0965|110149152872065717396833727502509557448427278670048810846518524434717338696140|1774377157|buy|0.08|0.59,2026-06-24T20:54:35+00:00,f08160d49d744bd3af627ba891ac72be2ba878f29846e11c58730bade2bfcb25,e9c3dfe377679a735c68fe33b70d4e88ba2f151fbd9b6e4bd9a44f96c399dd7e,wallet_trade_history_v1,none
0x1f0ebc543b2d411f66947041625c0aa1ce61cf86,https://polymarket.com/0x1f0ebc543b2d411f66947041625c0aa1ce61cf86,https://data-api.polymarket.com/activity?user=0x1f0ebc543b2d411f66947041625c0aa1ce61cf86&type=TRADE&limit=100&offset=0&sortBy=TIMESTAMP&sortDirection=DESC,activity_primary,TRADE,1774377157,2026-03-24T18:32:37+00:00,0x8e80dd0466253f97860c502c5e530c48a5a2328096a72426651149dc239481f0,0x6c13248425c7f5f9a527da1f2ca0524b982dede8d0118291491205877bbb0965,110149152872065717396833727502509557448427278670048810846518524434717338696140,110149152872065717396833727502509557448427278670048810846518524434717338696140,bitcoin-up-or-down-march-24-2026-2pm-et,bitcoin-up-or-down-march-24-2026-2pm-et,"Bitcoin Up or Down - March 24, 2PM ET",Down,1,BUY,0.08,122.05,9.764,endpoint_usdcSize,fast_crypto_up_down,BTC,true,,,unavailable,entry_candidate,0x1f0ebc543b2d411f66947041625c0aa1ce61cf86|0x6c13248425c7f5f9a527da1f2ca0524b982dede8d0118291491205877bbb0965|110149152872065717396833727502509557448427278670048810846518524434717338696140|Down,0x1f0ebc543b2d411f66947041625c0aa1ce61cf86|activity_primary|0x8e80dd0466253f97860c502c5e530c48a5a2328096a72426651149dc239481f0|0x6c13248425c7f5f9a527da1f2ca0524b982dede8d0118291491205877bbb0965|110149152872065717396833727502509557448427278670048810846518524434717338696140|1774377157|buy|0.08|122.05,2026-06-24T20:54:35+00:00,87719ea9af063519086516d234148882cd3b163e7c1844627fbd7129f7533133,e9c3dfe377679a735c68fe33b70d4e88ba2f151fbd9b6e4bd9a44f96c399dd7e,wallet_trade_history_v1,none
0x1f0ebc543b2d411f66947041625c0aa1ce61cf86,https://polymarket.com/0x1f0ebc543b2d411f66947041625c0aa1ce61cf86,https://data-api.polymarket.com/activity?user=0x1f0ebc543b2d411f66947041625c0aa1ce61cf86&type=TRADE&limit=100&offset=0&sortBy=TIMESTAMP&sortDirection=DESC,activity_primary,TRADE,1774377153,2026-03-24T18:32:33+00:00,0x596831cc29a074f47e9174d10033cfc5621261d3a34faecd05ac66d323dfc70c,0x6c13248425c7f5f9a527da1f2ca0524b982dede8d0118291491205877bbb0965,110149152872065717396833727502509557448427278670048810846518524434717338696140,110149152872065717396833727502509557448427278670048810846518524434717338696140,bitcoin-up-or-down-march-24-2026-2pm-et,bitcoin-up-or-down-march-24-2026-2pm-et,"Bitcoin Up or Down - March 24, 2PM ET",Down,1,BUY,0.07,40.79,2.8553,endpoint_usdcSize,fast_crypto_up_down,BTC,true,,,unavailable,entry_candidate,0x1f0ebc543b2d411f66947041625c0aa1ce61cf86|0x6c13248425c7f5f9a527da1f2ca0524b982dede8d0118291491205877bbb0965|110149152872065717396833727502509557448427278670048810846518524434717338696140|Down,0x1f0ebc543b2d411f66947041625c0aa1ce61cf86|activity_primary|0x596831cc29a074f47e9174d10033cfc5621261d3a34faecd05ac66d323dfc70c|0x6c13248425c7f5f9a527da1f2ca0524b982dede8d0118291491205877bbb0965|110149152872065717396833727502509557448427278670048810846518524434717338696140|1774377153|buy|0.07|40.79,2026-06-24T20:54:35+00:00,587a467b39ca18deb98df305dfffa9fbc55e1a576e54cca02f4795481c84236d,e9c3dfe377679a735c68fe33b70d4e88ba2f151fbd9b6e4bd9a44f96c399dd7e,wallet_trade_history_v1,none
0x1f0ebc543b2d411f66947041625c0aa1ce61cf86,https://polymarket.com/0x1f0ebc543b2d411f66947041625c0aa1ce61cf86,https://data-api.polymarket.com/activity?user=0x1f0ebc543b2d411f66947041625c0aa1ce61cf86&type=TRADE&limit=100&offset=0&sortBy=TIMESTAMP&sortDirection=DESC,activity_primary,TRADE,1774377153,2026-03-24T18:32:33+00:00,0xe8b18c100dd69ad0ab0a18d5eeeae4d37d175801231e99c84407765bd588b91f,0x6c13248425c7f5f9a527da1f2ca0524b982dede8d0118291491205877bbb0965,110149152872065717396833727502509557448427278670048810846518524434717338696140,110149152872065717396833727502509557448427278670048810846518524434717338696140,bitcoin-up-or-down-march-24-2026-2pm-et,bitcoin-up-or-down-march-24-2026-2pm-et,"Bitcoin Up or Down - March 24, 2PM ET",Down,1,BUY,0.07,21,1.47,endpoint_usdcSize,fast_crypto_up_down,BTC,true,,,unavailable,entry_candidate,0x1f0ebc543b2d411f66947041625c0aa1ce61cf86|0x6c13248425c7f5f9a527da1f2ca0524b982dede8d0118291491205877bbb0965|110149152872065717396833727502509557448427278670048810846518524434717338696140|Down,0x1f0ebc543b2d411f66947041625c0aa1ce61cf86|activity_primary|0xe8b18c100dd69ad0ab0a18d5eeeae4d37d175801231e99c84407765bd588b91f|0x6c13248425c7f5f9a527da1f2ca0524b982dede8d0118291491205877bbb0965|110149152872065717396833727502509557448427278670048810846518524434717338696140|1774377153|buy|0.07|21,2026-06-24T20:54:35+00:00,9169e53a8279494caab33978d8024f5658ddbf1b93648645695996dc82df18d2,e9c3dfe377679a735c68fe33b70d4e88ba2f151fbd9b6e4bd9a44f96c399dd7e,wallet_trade_history_v1,none
0x1f0ebc543b2d411f66947041625c0aa1ce61cf86,https://polymarket.com/0x1f0ebc543b2d411f66947041625c0aa1ce61cf86,https://data-api.polymarket.com/activity?user=0x1f0ebc543b2d411f66947041625c0aa1ce61cf86&type=TRADE&limit=100&offset=0&sortBy=TIMESTAMP&sortDirection=DESC,activity_primary,TRADE,1774377153,2026-03-24T18:32:33+00:00,0x6bbe0ab207d0a11077694e7f0b64f062443a5578bdc7ae4998cdca9fe0bb86bc,0xfd1352cae1ee4f2d3a18e19cc290bb7ab7298067855093acfd60ff71b76e492b,115169437589995816901586861523947955406998522856051033989976606187488636875596,115169437589995816901586861523947955406998522856051033989976606187488636875596,ethereum-up-or-down-march-24-2026-2pm-et,ethereum-up-or-down-march-24-2026-2pm-et,"Ethereum Up or Down - March 24, 2PM ET",Down,1,BUY,0.07,19,1.33,endpoint_usdcSize,fast_crypto_up_down,ETH,true,,,unavailable,entry_candidate,0x1f0ebc543b2d411f66947041625c0aa1ce61cf86|0xfd1352cae1ee4f2d3a18e19cc290bb7ab7298067855093acfd60ff71b76e492b|115169437589995816901586861523947955406998522856051033989976606187488636875596|Down,0x1f0ebc543b2d411f66947041625c0aa1ce61cf86|activity_primary|0x6bbe0ab207d0a11077694e7f0b64f062443a5578bdc7ae4998cdca9fe0bb86bc|0xfd1352cae1ee4f2d3a18e19cc290bb7ab7298067855093acfd60ff71b76e492b|115169437589995816901586861523947955406998522856051033989976606187488636875596|1774377153|buy|0.07|19,2026-06-24T20:54:35+00:00,8a3afab16a799ee3f12a48c6f59f1b68ba903ce37ced9d900e01cb36f2708124,e9c3dfe377679a735c68fe33b70d4e88ba2f151fbd9b6e4bd9a44f96c399dd7e,wallet_trade_history_v1,none
0x1f0ebc543b2d411f66947041625c0aa1ce61cf86,https://polymarket.com/0x1f0ebc543b2d411f66947041625c0aa1ce61cf86,https://data-api.polymarket.com/activity?user=0x1f0ebc543b2d411f66947041625c0aa1ce61cf86&type=TRADE&limit=100&offset=0&sortBy=TIMESTAMP&sortDirection=DESC,activity_primary,TRADE,1774377153,2026-03-24T18:32:33+00:00,0xff863741bf4b265197511e167b709b118fe6a9cdc00e3effa36fad60c203cf59,0xfd1352cae1ee4f2d3a18e19cc290bb7ab7298067855093acfd60ff71b76e492b,115169437589995816901586861523947955406998522856051033989976606187488636875596,115169437589995816901586861523947955406998522856051033989976606187488636875596,ethereum-up-or-down-march-24-2026-2pm-et,ethereum-up-or-down-march-24-2026-2pm-et,"Ethereum Up or Down - March 24, 2PM ET",Down,1,BUY,0.07,150,10.5,endpoint_usdcSize,fast_crypto_up_down,ETH,true,,,unavailable,entry_candidate,0x1f0ebc543b2d411f66947041625c0aa1ce61cf86|0xfd1352cae1ee4f2d3a18e19cc290bb7ab7298067855093acfd60ff71b76e492b|115169437589995816901586861523947955406998522856051033989976606187488636875596|Down,0x1f0ebc543b2d411f66947041625c0aa1ce61cf86|activity_primary|0xff863741bf4b265197511e167b709b118fe6a9cdc00e3effa36fad60c203cf59|0xfd1352cae1ee4f2d3a18e19cc290bb7ab7298067855093acfd60ff71b76e492b|115169437589995816901586861523947955406998522856051033989976606187488636875596|1774377153|buy|0.07|150,2026-06-24T20:54:35+00:00,1247095c1b1f4406c6b8a978b2cdb77dfe39021c8f08be4c8b7be3a81552d9cf,e9c3dfe377679a735c68fe33b70d4e88ba2f151fbd9b6e4bd9a44f96c399dd7e,wallet_trade_history_v1,none
0x1f0ebc543b2d411f66947041625c0aa1ce61cf86,https://polymarket.com/0x1f0ebc543b2d411f66947041625c0aa1ce61cf86,https://data-api.polymarket.com/activity?user=0x1f0ebc543b2d411f66947041625c0aa1ce61cf86&type=TRADE&limit=100&offset=0&sortBy=TIMESTAMP&sortDirection=DESC,activity_primary,TRADE,1774377151,2026-03-24T18:32:31+00:00,0xcaff535bf9e1aa9e659a524ee70a6ff48bc042c5b497c19d3fecf28559350dfe,0x6c13248425c7f5f9a527da1f2ca0524b982dede8d0118291491205877bbb0965,110149152872065717396833727502509557448427278670048810846518524434717338696140,110149152872065717396833727502509557448427278670048810846518524434717338696140,bitcoin-up-or-down-march-24-2026-2pm-et,bitcoin-up-or-down-march-24-2026-2pm-et,"Bitcoin Up or Down - March 24, 2PM ET",Down,1,BUY,0.08,15,1.2,endpoint_usdcSize,fast_crypto_up_down,BTC,true,,,unavailable,entry_candidate,0x1f0ebc543b2d411f66947041625c0aa1ce61cf86|0x6c13248425c7f5f9a527da1f2ca0524b982dede8d0118291491205877bbb0965|110149152872065717396833727502509557448427278670048810846518524434717338696140|Down,0x1f0ebc543b2d411f66947041625c0aa1ce61cf86|activity_primary|0xcaff535bf9e1aa9e659a524ee70a6ff48bc042c5b497c19d3fecf28559350dfe|0x6c13248425c7f5f9a527da1f2ca0524b982dede8d0118291491205877bbb0965|110149152872065717396833727502509557448427278670048810846518524434717338696140|1774377151|buy|0.08|15,2026-06-24T20:54:35+00:00,768032b0fddee8cb7ee5c2225540b72b6fa0daa33283c980b4e2e6dbad3a10c4,e9c3dfe377679a735c68fe33b70d4e88ba2f151fbd9b6e4bd9a44f96c399dd7e,wallet_trade_history_v1,none
0x1f0ebc543b2d411f66947041625c0aa1ce61cf86,https://polymarket.com/0x1f0ebc543b2d411f66947041625c0aa1ce61cf86,https://data-api.polymarket.com/activity?user=0x1f0ebc543b2d411f66947041625c0aa1ce61cf86&type=TRADE&limit=100&offset=0&sortBy=TIMESTAMP&sortDirection=DESC,activity_primary,TRADE,1774377151,2026-03-24T18:32:31+00:00,0x2f61d28e530860562b049860300279b307b68a59797e336b67c3a9592cb368bc,0xfd1352cae1ee4f2d3a18e19cc290bb7ab7298067855093acfd60ff71b76e492b,115169437589995816901586861523947955406998522856051033989976606187488636875596,115169437589995816901586861523947955406998522856051033989976606187488636875596,ethereum-up-or-down-march-24-2026-2pm-et,ethereum-up-or-down-march-24-2026-2pm-et,"Ethereum Up or Down - March 24, 2PM ET",Down,1,BUY,0.07,34,2.38,endpoint_usdcSize,fast_crypto_up_down,ETH,true,,,unavailable,entry_candidate,0x1f0ebc543b2d411f66947041625c0aa1ce61cf86|0xfd1352cae1ee4f2d3a18e19cc290bb7ab7298067855093acfd60ff71b76e492b|115169437589995816901586861523947955406998522856051033989976606187488636875596|Down,0x1f0ebc543b2d411f66947041625c0aa1ce61cf86|activity_primary|0x2f61d28e530860562b049860300279b307b68a59797e336b67c3a9592cb368bc|0xfd1352cae1ee4f2d3a18e19cc290bb7ab7298067855093acfd60ff71b76e492b|115169437589995816901586861523947955406998522856051033989976606187488636875596|1774377151|buy|0.07|34,2026-06-24T20:54:35+00:00,c5787d916d61e0601a05f06ee0bd42901932f9bae2e66b99da1721784f1218e3,e9c3dfe377679a735c68fe33b70d4e88ba2f151fbd9b6e4bd9a44f96c399dd7e,wallet_trade_history_v1,none
0x1f0ebc543b2d411f66947041625c0aa1ce61cf86,https://polymarket.com/0x1f0ebc543b2d411f66947041625c0aa1ce61cf86,https://data-api.polymarket.com/activity?user=0x1f0ebc543b2d411f66947041625c0aa1ce61cf86&type=TRADE&limit=100&offset=0&sortBy=TIMESTAMP&sortDirection=DESC,activity_primary,TRADE,1774377149,2026-03-24T18:32:29+00:00,0xccf344fe03955b6e53db8b990634df0266ed57602d059ea68d4d8c1ad8491da9,0xfd1352cae1ee4f2d3a18e19cc290bb7ab7298067855093acfd60ff71b76e492b,115169437589995816901586861523947955406998522856051033989976606187488636875596,115169437589995816901586861523947955406998522856051033989976606187488636875596,ethereum-up-or-down-march-24-2026-2pm-et,ethereum-up-or-down-march-24-2026-2pm-et,"Ethereum Up or Down - March 24, 2PM ET",Down,1,BUY,0.07,19,1.33,endpoint_usdcSize,fast_crypto_up_down,ETH,true,,,unavailable,entry_candidate,0x1f0ebc543b2d411f66947041625c0aa1ce61cf86|0xfd1352cae1ee4f2d3a18e19cc290bb7ab7298067855093acfd60ff71b76e492b|115169437589995816901586861523947955406998522856051033989976606187488636875596|Down,0x1f0ebc543b2d411f66947041625c0aa1ce61cf86|activity_primary|0xccf344fe03955b6e53db8b990634df0266ed57602d059ea68d4d8c1ad8491da9|0xfd1352cae1ee4f2d3a18e19cc290bb7ab7298067855093acfd60ff71b76e492b|115169437589995816901586861523947955406998522856051033989976606187488636875596|1774377149|buy|0.07|19,2026-06-24T20:54:35+00:00,cbcc6c31413dd94c6288418fba6eec28ed6d2bf70c506705ba9274e9d9822684,e9c3dfe377679a735c68fe33b70d4e88ba2f151fbd9b6e4bd9a44f96c399dd7e,wallet_trade_history_v1,none
0x1f0ebc543b2d411f66947041625c0aa1ce61cf86,https://polymarket.com/0x1f0ebc543b2d411f66947041625c0aa1ce61cf86,https://data-api.polymarket.com/activity?user=0x1f0ebc543b2d411f66947041625c0aa1ce61cf86&type=TRADE&limit=100&offset=0&sortBy=TIMESTAMP&sortDirection=DESC,activity_primary,TRADE,1774377149,2026-03-24T18:32:29+00:00,0xad14064b843412624d1c9b7d0b3513f2939725d7ca42fa03de2e6dc3926f1b2a,0x6c13248425c7f5f9a527da1f2ca0524b982dede8d0118291491205877bbb0965,110149152872065717396833727502509557448427278670048810846518524434717338696140,110149152872065717396833727502509557448427278670048810846518524434717338696140,bitcoin-up-or-down-march-24-2026-2pm-et,bitcoin-up-or-down-march-24-2026-2pm-et,"Bitcoin Up or Down - March 24, 2PM ET",Down,1,BUY,0.08,100,8,endpoint_usdcSize,fast_crypto_up_down,BTC,true,,,unavailable,entry_candidate,0x1f0ebc543b2d411f66947041625c0aa1ce61cf86|0x6c13248425c7f5f9a527da1f2ca0524b982dede8d0118291491205877bbb0965|110149152872065717396833727502509557448427278670048810846518524434717338696140|Down,0x1f0ebc543b2d411f66947041625c0aa1ce61cf86|activity_primary|0xad14064b843412624d1c9b7d0b3513f2939725d7ca42fa03de2e6dc3926f1b2a|0x6c13248425c7f5f9a527da1f2ca0524b982dede8d0118291491205877bbb0965|110149152872065717396833727502509557448427278670048810846518524434717338696140|1774377149|buy|0.08|100,2026-06-24T20:54:35+00:00,1f43e89c828df3029340031359d2739bd6b5bfc43735046ef0ba301c92fb531e,e9c3dfe377679a735c68fe33b70d4e88ba2f151fbd9b6e4bd9a44f96c399dd7e,wallet_trade_history_v1,none
0x1f0ebc543b2d411f66947041625c0aa1ce61cf86,https://polymarket.com/0x1f0ebc543b2d411f66947041625c0aa1ce61cf86,https://data-api.polymarket.com/activity?user=0x1f0ebc543b2d411f66947041625c0aa1ce61cf86&type=TRADE&limit=100&offset=0&sortBy=TIMESTAMP&sortDirection=DESC,activity_primary,TRADE,1774377149,2026-03-24T18:32:29+00:00,0xe13c9bdc1d96a7386ef6b98a22899d409e9f026e43c5aa505b61f61618f36424,0xfd1352cae1ee4f2d3a18e19cc290bb7ab7298067855093acfd60ff71b76e492b,115169437589995816901586861523947955406998522856051033989976606187488636875596,115169437589995816901586861523947955406998522856051033989976606187488636875596,ethereum-up-or-down-march-24-2026-2pm-et,ethereum-up-or-down-march-24-2026-2pm-et,"Ethereum Up or Down - March 24, 2PM ET",Down,1,BUY,0.07,21,1.47,endpoint_usdcSize,fast_crypto_up_down,ETH,true,,,unavailable,entry_candidate,0x1f0ebc543b2d411f66947041625c0aa1ce61cf86|0xfd1352cae1ee4f2d3a18e19cc290bb7ab7298067855093acfd60ff71b76e492b|115169437589995816901586861523947955406998522856051033989976606187488636875596|Down,0x1f0ebc543b2d411f66947041625c0aa1ce61cf86|activity_primary|0xe13c9bdc1d96a7386ef6b98a22899d409e9f026e43c5aa505b61f61618f36424|0xfd1352cae1ee4f2d3a18e19cc290bb7ab7298067855093acfd60ff71b76e492b|115169437589995816901586861523947955406998522856051033989976606187488636875596|1774377149|buy|0.07|21,2026-06-24T20:54:35+00:00,a12c30adc1ac91db8504451bdbab24c8ca9b39a80641607e8ac684286a7eeeca,e9c3dfe377679a735c68fe33b70d4e88ba2f151fbd9b6e4bd9a44f96c399dd7e,wallet_trade_history_v1,none
0x1f0ebc543b2d411f66947041625c0aa1ce61cf86,https://polymarket.com/0x1f0ebc543b2d411f66947041625c0aa1ce61cf86,https://data-api.polymarket.com/activity?user=0x1f0ebc543b2d411f66947041625c0aa1ce61cf86&type=TRADE&limit=100&offset=0&sortBy=TIMESTAMP&sortDirection=DESC,activity_primary,TRADE,1774377149,2026-03-24T18:32:29+00:00,0x81fbb6bb8290cf30d5770eeb52738121a774397e768cc4779fa049586aae5120,0x6c13248425c7f5f9a527da1f2ca0524b982dede8d0118291491205877bbb0965,110149152872065717396833727502509557448427278670048810846518524434717338696140,110149152872065717396833727502509557448427278670048810846518524434717338696140,bitcoin-up-or-down-march-24-2026-2pm-et,bitcoin-up-or-down-march-24-2026-2pm-et,"Bitcoin Up or Down - March 24, 2PM ET",Down,1,BUY,0.08,19,1.52,endpoint_usdcSize,fast_crypto_up_down,BTC,true,,,unavailable,entry_candidate,0x1f0ebc543b2d411f66947041625c0aa1ce61cf86|0x6c13248425c7f5f9a527da1f2ca0524b982dede8d0118291491205877bbb0965|110149152872065717396833727502509557448427278670048810846518524434717338696140|Down,0x1f0ebc543b2d411f66947041625c0aa1ce61cf86|activity_primary|0x81fbb6bb8290cf30d5770eeb52738121a774397e768cc4779fa049586aae5120|0x6c13248425c7f5f9a527da1f2ca0524b982dede8d0118291491205877bbb0965|110149152872065717396833727502509557448427278670048810846518524434717338696140|1774377149|buy|0.08|19,2026-06-24T20:54:35+00:00,5913228e6d4335cb2f660b5b3961c84d1db7146322d1c2b19643aa1e36e188c3,e9c3dfe377679a735c68fe33b70d4e88ba2f151fbd9b6e4bd9a44f96c399dd7e,wallet_trade_history_v1,none
0x1f0ebc543b2d411f66947041625c0aa1ce61cf86,https://polymarket.com/0x1f0ebc543b2d411f66947041625c0aa1ce61cf86,https://data-api.polymarket.com/activity?user=0x1f0ebc543b2d411f66947041625c0aa1ce61cf86&type=TRADE&limit=100&offset=0&sortBy=TIMESTAMP&sortDirection=DESC,activity_primary,TRADE,1774377147,2026-03-24T18:32:27+00:00,0x06f8c73c5a22a3bae338ebe9b8077c24093fea4e9a31d141cbc352323da99924,0xfd1352cae1ee4f2d3a18e19cc290bb7ab7298067855093acfd60ff71b76e492b,115169437589995816901586861523947955406998522856051033989976606187488636875596,115169437589995816901586861523947955406998522856051033989976606187488636875596,ethereum-up-or-down-march-24-2026-2pm-et,ethereum-up-or-down-march-24-2026-2pm-et,"Ethereum Up or Down - March 24, 2PM ET",Down,1,BUY,0.07,25,1.75,endpoint_usdcSize,fast_crypto_up_down,ETH,true,,,unavailable,entry_candidate,0x1f0ebc543b2d411f66947041625c0aa1ce61cf86|0xfd1352cae1ee4f2d3a18e19cc290bb7ab7298067855093acfd60ff71b76e492b|115169437589995816901586861523947955406998522856051033989976606187488636875596|Down,0x1f0ebc543b2d411f66947041625c0aa1ce61cf86|activity_primary|0x06f8c73c5a22a3bae338ebe9b8077c24093fea4e9a31d141cbc352323da99924|0xfd1352cae1ee4f2d3a18e19cc290bb7ab7298067855093acfd60ff71b76e492b|115169437589995816901586861523947955406998522856051033989976606187488636875596|1774377147|buy|0.07|25,2026-06-24T20:54:35+00:00,626c5c9f545834c96b2c1cb7e11c4df65a3b503dfdd40f82fc1dc031fbde1735,e9c3dfe377679a735c68fe33b70d4e88ba2f151fbd9b6e4bd9a44f96c399dd7e,wallet_trade_history_v1,none
0x1f0ebc543b2d411f66947041625c0aa1ce61cf86,https://polymarket.com/0x1f0ebc543b2d411f66947041625c0aa1ce61cf86,https://data-api.polymarket.com/activity?user=0x1f0ebc543b2d411f66947041625c0aa1ce61cf86&type=TRADE&limit=100&offset=0&sortBy=TIMESTAMP&sortDirection=DESC,activity_primary,TRADE,1774377147,2026-03-24T18:32:27+00:00,0xb5e6f54e12bd10e99691824c04250ce6152dd930321bd4191a5ed08efe9c415a,0x6c13248425c7f5f9a527da1f2ca0524b982dede8d0118291491205877bbb0965,110149152872065717396833727502509557448427278670048810846518524434717338696140,110149152872065717396833727502509557448427278670048810846518524434717338696140,bitcoin-up-or-down-march-24-2026-2pm-et,bitcoin-up-or-down-march-24-2026-2pm-et,"Bitcoin Up or Down - March 24, 2PM ET",Down,1,BUY,0.08,100,8,endpoint_usdcSize,fast_crypto_up_down,BTC,true,,,unavailable,entry_candidate,0x1f0ebc543b2d411f66947041625c0aa1ce61cf86|0x6c13248425c7f5f9a527da1f2ca0524b982dede8d0118291491205877bbb0965|110149152872065717396833727502509557448427278670048810846518524434717338696140|Down,0x1f0ebc543b2d411f66947041625c0aa1ce61cf86|activity_primary|0xb5e6f54e12bd10e99691824c04250ce6152dd930321bd4191a5ed08efe9c415a|0x6c13248425c7f5f9a527da1f2ca0524b982dede8d0118291491205877bbb0965|110149152872065717396833727502509557448427278670048810846518524434717338696140|1774377147|buy|0.08|100,2026-06-24T20:54:35+00:00,efbbbd848b63f8d90c8daf56b0f5f00b43ffe4328b9651b70cd5dbf3fe589d2c,e9c3dfe377679a735c68fe33b70d4e88ba2f151fbd9b6e4bd9a44f96c399dd7e,wallet_trade_history_v1,none
0x1f0ebc543b2d411f66947041625c0aa1ce61cf86,https://polymarket.com/0x1f0ebc543b2d411f66947041625c0aa1ce61cf86,https://data-api.polymarket.com/activity?user=0x1f0ebc543b2d411f66947041625c0aa1ce61cf86&type=TRADE&limit=100&offset=0&sortBy=TIMESTAMP&sortDirection=DESC,activity_primary,TRADE,1774377147,2026-03-24T18:32:27+00:00,0x50bbafead3eed0461f58136002966bc9644818734b20d472f00b58b8651b4015,0x6c13248425c7f5f9a527da1f2ca0524b982dede8d0118291491205877bbb0965,110149152872065717396833727502509557448427278670048810846518524434717338696140,110149152872065717396833727502509557448427278670048810846518524434717338696140,bitcoin-up-or-down-march-24-2026-2pm-et,bitcoin-up-or-down-march-24-2026-2pm-et,"Bitcoin Up or Down - March 24, 2PM ET",Down,1,BUY,0.08,114,9.12,endpoint_usdcSize,fast_crypto_up_down,BTC,true,,,unavailable,entry_candidate,0x1f0ebc543b2d411f66947041625c0aa1ce61cf86|0x6c13248425c7f5f9a527da1f2ca0524b982dede8d0118291491205877bbb0965|110149152872065717396833727502509557448427278670048810846518524434717338696140|Down,0x1f0ebc543b2d411f66947041625c0aa1ce61cf86|activity_primary|0x50bbafead3eed0461f58136002966bc9644818734b20d472f00b58b8651b4015|0x6c13248425c7f5f9a527da1f2ca0524b982dede8d0118291491205877bbb0965|110149152872065717396833727502509557448427278670048810846518524434717338696140|1774377147|buy|0.08|114,2026-06-24T20:54:35+00:00,f9278884ae2e76cc0a99d0250143df61c22d9963c4ba98acf6ae57ceffbab106,e9c3dfe377679a735c68fe33b70d4e88ba2f151fbd9b6e4bd9a44f96c399dd7e,wallet_trade_history_v1,none
0x1f0ebc543b2d411f66947041625c0aa1ce61cf86,https://polymarket.com/0x1f0ebc543b2d411f66947041625c0aa1ce61cf86,https://data-api.polymarket.com/activity?user=0x1f0ebc543b2d411f66947041625c0aa1ce61cf86&type=TRADE&limit=100&offset=0&sortBy=TIMESTAMP&sortDirection=DESC,activity_primary,TRADE,1774377145,2026-03-24T18:32:25+00:00,0xc82de4661c06fbe7a5d66eed4dda896a53a95d319fdfde8f95f3741804c8aa2c,0x6c13248425c7f5f9a527da1f2ca0524b982dede8d0118291491205877bbb0965,110149152872065717396833727502509557448427278670048810846518524434717338696140,110149152872065717396833727502509557448427278670048810846518524434717338696140,bitcoin-up-or-down-march-24-2026-2pm-et,bitcoin-up-or-down-march-24-2026-2pm-et,"Bitcoin Up or Down - March 24, 2PM ET",Down,1,BUY,0.08,150,12,endpoint_usdcSize,fast_crypto_up_down,BTC,true,,,unavailable,entry_candidate,0x1f0ebc543b2d411f66947041625c0aa1ce61cf86|0x6c13248425c7f5f9a527da1f2ca0524b982dede8d0118291491205877bbb0965|110149152872065717396833727502509557448427278670048810846518524434717338696140|Down,0x1f0ebc543b2d411f66947041625c0aa1ce61cf86|activity_primary|0xc82de4661c06fbe7a5d66eed4dda896a53a95d319fdfde8f95f3741804c8aa2c|0x6c13248425c7f5f9a527da1f2ca0524b982dede8d0118291491205877bbb0965|110149152872065717396833727502509557448427278670048810846518524434717338696140|1774377145|buy|0.08|150,2026-06-24T20:54:35+00:00,648c4f7815c9d941736baf07bcd1213747d997a82f20712e8ce78832e87facff,e9c3dfe377679a735c68fe33b70d4e88ba2f151fbd9b6e4bd9a44f96c399dd7e,wallet_trade_history_v1,none
0x1f0ebc543b2d411f66947041625c0aa1ce61cf86,https://polymarket.com/0x1f0ebc543b2d411f66947041625c0aa1ce61cf86,https://data-api.polymarket.com/activity?user=0x1f0ebc543b2d411f66947041625c0aa1ce61cf86&type=TRADE&limit=100&offset=0&sortBy=TIMESTAMP&sortDirection=DESC,activity_primary,TRADE,1774377145,2026-03-24T18:32:25+00:00,0x16871f1c3d86263bf5a184cdc06d7526387a61f383c7e9e3c0339115aeb5e24a,0x6c13248425c7f5f9a527da1f2ca0524b982dede8d0118291491205877bbb0965,110149152872065717396833727502509557448427278670048810846518524434717338696140,110149152872065717396833727502509557448427278670048810846518524434717338696140,bitcoin-up-or-down-march-24-2026-2pm-et,bitcoin-up-or-down-march-24-2026-2pm-et,"Bitcoin Up or Down - March 24, 2PM ET",Down,1,BUY,0.08,154,12.32,endpoint_usdcSize,fast_crypto_up_down,BTC,true,,,unavailable,entry_candidate,0x1f0ebc543b2d411f66947041625c0aa1ce61cf86|0x6c13248425c7f5f9a527da1f2ca0524b982dede8d0118291491205877bbb0965|110149152872065717396833727502509557448427278670048810846518524434717338696140|Down,0x1f0ebc543b2d411f66947041625c0aa1ce61cf86|activity_primary|0x16871f1c3d86263bf5a184cdc06d7526387a61f383c7e9e3c0339115aeb5e24a|0x6c13248425c7f5f9a527da1f2ca0524b982dede8d0118291491205877bbb0965|110149152872065717396833727502509557448427278670048810846518524434717338696140|1774377145|buy|0.08|154,2026-06-24T20:54:35+00:00,67c88e1f91d63703c58ad2c4b07829b34a838d39733e7a4a1c997060323e1c9d,e9c3dfe377679a735c68fe33b70d4e88ba2f151fbd9b6e4bd9a44f96c399dd7e,wallet_trade_history_v1,none
0x1f0ebc543b2d411f66947041625c0aa1ce61cf86,https://polymarket.com/0x1f0ebc543b2d411f66947041625c0aa1ce61cf86,https://data-api.polymarket.com/activity?user=0x1f0ebc543b2d411f66947041625c0aa1ce61cf86&type=TRADE&limit=100&offset=0&sortBy=TIMESTAMP&sortDirection=DESC,activity_primary,TRADE,1774377145,2026-03-24T18:32:25+00:00,0xa3d819f951739a19a4107b5a3b6b74f854924cd57db5de88aaaa004977632607,0xfd1352cae1ee4f2d3a18e19cc290bb7ab7298067855093acfd60ff71b76e492b,115169437589995816901586861523947955406998522856051033989976606187488636875596,115169437589995816901586861523947955406998522856051033989976606187488636875596,ethereum-up-or-down-march-24-2026-2pm-et,ethereum-up-or-down-march-24-2026-2pm-et,"Ethereum Up or Down - March 24, 2PM ET",Down,1,BUY,0.07,75,5.25,endpoint_usdcSize,fast_crypto_up_down,ETH,true,,,unavailable,entry_candidate,0x1f0ebc543b2d411f66947041625c0aa1ce61cf86|0xfd1352cae1ee4f2d3a18e19cc290bb7ab7298067855093acfd60ff71b76e492b|115169437589995816901586861523947955406998522856051033989976606187488636875596|Down,0x1f0ebc543b2d411f66947041625c0aa1ce61cf86|activity_primary|0xa3d819f951739a19a4107b5a3b6b74f854924cd57db5de88aaaa004977632607|0xfd1352cae1ee4f2d3a18e19cc290bb7ab7298067855093acfd60ff71b76e492b|115169437589995816901586861523947955406998522856051033989976606187488636875596|1774377145|buy|0.07|75,2026-06-24T20:54:35+00:00,03b36e124fa5a091827781509a52d2c9c142ca023e981b6659e65910b14a6dc1,e9c3dfe377679a735c68fe33b70d4e88ba2f151fbd9b6e4bd9a44f96c399dd7e,wallet_trade_history_v1,none
0x1f0ebc543b2d411f66947041625c0aa1ce61cf86,https://polymarket.com/0x1f0ebc543b2d411f66947041625c0aa1ce61cf86,https://data-api.polymarket.com/activity?user=0x1f0ebc543b2d411f66947041625c0aa1ce61cf86&type=TRADE&limit=100&offset=0&sortBy=TIMESTAMP&sortDirection=DESC,activity_primary,TRADE,1774377145,2026-03-24T18:32:25+00:00,0xa057cccad7e5747ba3666ac5fe96da3de67768d727dd5cf7b8cfde2b6c1f3445,0xfd1352cae1ee4f2d3a18e19cc290bb7ab7298067855093acfd60ff71b76e492b,115169437589995816901586861523947955406998522856051033989976606187488636875596,115169437589995816901586861523947955406998522856051033989976606187488636875596,ethereum-up-or-down-march-24-2026-2pm-et,ethereum-up-or-down-march-24-2026-2pm-et,"Ethereum Up or Down - March 24, 2PM ET",Down,1,BUY,0.07,100,7,endpoint_usdcSize,fast_crypto_up_down,ETH,true,,,unavailable,entry_candidate,0x1f0ebc543b2d411f66947041625c0aa1ce61cf86|0xfd1352cae1ee4f2d3a18e19cc290bb7ab7298067855093acfd60ff71b76e492b|115169437589995816901586861523947955406998522856051033989976606187488636875596|Down,0x1f0ebc543b2d411f66947041625c0aa1ce61cf86|activity_primary|0xa057cccad7e5747ba3666ac5fe96da3de67768d727dd5cf7b8cfde2b6c1f3445|0xfd1352cae1ee4f2d3a18e19cc290bb7ab7298067855093acfd60ff71b76e492b|115169437589995816901586861523947955406998522856051033989976606187488636875596|1774377145|buy|0.07|100,2026-06-24T20:54:35+00:00,1376db7774edf0bc5bfc45ff7f67163b21cea1aa21e38353785f47ef9bc1ef76,e9c3dfe377679a735c68fe33b70d4e88ba2f151fbd9b6e4bd9a44f96c399dd7e,wallet_trade_history_v1,none
0x1f0ebc543b2d411f66947041625c0aa1ce61cf86,https://polymarket.com/0x1f0ebc543b2d411f66947041625c0aa1ce61cf86,https://data-api.polymarket.com/activity?user=0x1f0ebc543b2d411f66947041625c0aa1ce61cf86&type=TRADE&limit=100&offset=0&sortBy=TIMESTAMP&sortDirection=DESC,activity_primary,TRADE,1774377143,2026-03-24T18:32:23+00:00,0x10f993941f20acabd55662167582a7ec4b46c0f5bfa4f32a0849c0e7739f7fbf,0x6c13248425c7f5f9a527da1f2ca0524b982dede8d0118291491205877bbb0965,110149152872065717396833727502509557448427278670048810846518524434717338696140,110149152872065717396833727502509557448427278670048810846518524434717338696140,bitcoin-up-or-down-march-24-2026-2pm-et,bitcoin-up-or-down-march-24-2026-2pm-et,"Bitcoin Up or Down - March 24, 2PM ET",Down,1,BUY,0.08000001840000884,2.173912,0.173913,endpoint_usdcSize,fast_crypto_up_down,BTC,true,,,unavailable,entry_candidate,0x1f0ebc543b2d411f66947041625c0aa1ce61cf86|0x6c13248425c7f5f9a527da1f2ca0524b982dede8d0118291491205877bbb0965|110149152872065717396833727502509557448427278670048810846518524434717338696140|Down,0x1f0ebc543b2d411f66947041625c0aa1ce61cf86|activity_primary|0x10f993941f20acabd55662167582a7ec4b46c0f5bfa4f32a0849c0e7739f7fbf|0x6c13248425c7f5f9a527da1f2ca0524b982dede8d0118291491205877bbb0965|110149152872065717396833727502509557448427278670048810846518524434717338696140|1774377143|buy|0.08000001840000884|2.173912,2026-06-24T20:54:35+00:00,e879b42676c0b75302d3a4cc4d0837fdaa5fd548585548223bc644df965fcf46,e9c3dfe377679a735c68fe33b70d4e88ba2f151fbd9b6e4bd9a44f96c399dd7e,wallet_trade_history_v1,none
0x1f0ebc543b2d411f66947041625c0aa1ce61cf86,https://polymarket.com/0x1f0ebc543b2d411f66947041625c0aa1ce61cf86,https://data-api.polymarket.com/activity?user=0x1f0ebc543b2d411f66947041625c0aa1ce61cf86&type=TRADE&limit=100&offset=0&sortBy=TIMESTAMP&sortDirection=DESC,activity_primary,TRADE,1774377143,2026-03-24T18:32:23+00:00,0x2a894a50682941e2ff514881cc2592b52200570f0c5205386c322aea22646659,0xfd1352cae1ee4f2d3a18e19cc290bb7ab7298067855093acfd60ff71b76e492b,115169437589995816901586861523947955406998522856051033989976606187488636875596,115169437589995816901586861523947955406998522856051033989976606187488636875596,ethereum-up-or-down-march-24-2026-2pm-et,ethereum-up-or-down-march-24-2026-2pm-et,"Ethereum Up or Down - March 24, 2PM ET",Down,1,BUY,0.07,34,2.38,endpoint_usdcSize,fast_crypto_up_down,ETH,true,,,unavailable,entry_candidate,0x1f0ebc543b2d411f66947041625c0aa1ce61cf86|0xfd1352cae1ee4f2d3a18e19cc290bb7ab7298067855093acfd60ff71b76e492b|115169437589995816901586861523947955406998522856051033989976606187488636875596|Down,0x1f0ebc543b2d411f66947041625c0aa1ce61cf86|activity_primary|0x2a894a50682941e2ff514881cc2592b52200570f0c5205386c322aea22646659|0xfd1352cae1ee4f2d3a18e19cc290bb7ab7298067855093acfd60ff71b76e492b|115169437589995816901586861523947955406998522856051033989976606187488636875596|1774377143|buy|0.07|34,2026-06-24T20:54:35+00:00,255a6b97a06cd3600062d84447d27f30214d2b8803754b20fbb89526a95159f4,e9c3dfe377679a735c68fe33b70d4e88ba2f151fbd9b6e4bd9a44f96c399dd7e,wallet_trade_history_v1,none
0x1f0ebc543b2d411f66947041625c0aa1ce61cf86,https://polymarket.com/0x1f0ebc543b2d411f66947041625c0aa1ce61cf86,https://data-api.polymarket.com/activity?user=0x1f0ebc543b2d411f66947041625c0aa1ce61cf86&type=TRADE&limit=100&offset=0&sortBy=TIMESTAMP&sortDirection=DESC,activity_primary,TRADE,1774377139,2026-03-24T18:32:19+00:00,0x600cccc54c3a626dc76a81a9add8cda1eb1a3d914f3c61120c3865dcf1e5cd46,0x6c13248425c7f5f9a527da1f2ca0524b982dede8d0118291491205877bbb0965,110149152872065717396833727502509557448427278670048810846518524434717338696140,110149152872065717396833727502509557448427278670048810846518524434717338696140,bitcoin-up-or-down-march-24-2026-2pm-et,bitcoin-up-or-down-march-24-2026-2pm-et,"Bitcoin Up or Down - March 24, 2PM ET",Down,1,BUY,0.08,10,0.8,endpoint_usdcSize,fast_crypto_up_down,BTC,true,,,unavailable,entry_candidate,0x1f0ebc543b2d411f66947041625c0aa1ce61cf86|0x6c13248425c7f5f9a527da1f2ca0524b982dede8d0118291491205877bbb0965|110149152872065717396833727502509557448427278670048810846518524434717338696140|Down,0x1f0ebc543b2d411f66947041625c0aa1ce61cf86|activity_primary|0x600cccc54c3a626dc76a81a9add8cda1eb1a3d914f3c61120c3865dcf1e5cd46|0x6c13248425c7f5f9a527da1f2ca0524b982dede8d0118291491205877bbb0965|110149152872065717396833727502509557448427278670048810846518524434717338696140|1774377139|buy|0.08|10,2026-06-24T20:54:35+00:00,e8a8256ba9e20ff10496c1e18b36d160fc9cb606abd8c4fe453d629838b8a8a0,e9c3dfe377679a735c68fe33b70d4e88ba2f151fbd9b6e4bd9a44f96c399dd7e,wallet_trade_history_v1,none
0x1f0ebc543b2d411f66947041625c0aa1ce61cf86,https://polymarket.com/0x1f0ebc543b2d411f66947041625c0aa1ce61cf86,https://data-api.polymarket.com/activity?user=0x1f0ebc543b2d411f66947041625c0aa1ce61cf86&type=TRADE&limit=100&offset=0&sortBy=TIMESTAMP&sortDirection=DESC,activity_primary,TRADE,1774377139,2026-03-24T18:32:19+00:00,0x494d55d6e9ed42d416c21da67ad1356569a66006472213dd978fdd5c2e99adb4,0xfd1352cae1ee4f2d3a18e19cc290bb7ab7298067855093acfd60ff71b76e492b,115169437589995816901586861523947955406998522856051033989976606187488636875596,115169437589995816901586861523947955406998522856051033989976606187488636875596,ethereum-up-or-down-march-24-2026-2pm-et,ethereum-up-or-down-march-24-2026-2pm-et,"Ethereum Up or Down - March 24, 2PM ET",Down,1,BUY,0.07000000079148946,25.268814,1.768817,endpoint_usdcSize,fast_crypto_up_down,ETH,true,,,unavailable,entry_candidate,0x1f0ebc543b2d411f66947041625c0aa1ce61cf86|0xfd1352cae1ee4f2d3a18e19cc290bb7ab7298067855093acfd60ff71b76e492b|115169437589995816901586861523947955406998522856051033989976606187488636875596|Down,0x1f0ebc543b2d411f66947041625c0aa1ce61cf86|activity_primary|0x494d55d6e9ed42d416c21da67ad1356569a66006472213dd978fdd5c2e99adb4|0xfd1352cae1ee4f2d3a18e19cc290bb7ab7298067855093acfd60ff71b76e492b|115169437589995816901586861523947955406998522856051033989976606187488636875596|1774377139|buy|0.07000000079148946|25.268814,2026-06-24T20:54:35+00:00,c1f62057073d495a66b2850f25d31e83a00279e1b109fe3d6422cfba11bce2c6,e9c3dfe377679a735c68fe33b70d4e88ba2f151fbd9b6e4bd9a44f96c399dd7e,wallet_trade_history_v1,none
0x1f0ebc543b2d411f66947041625c0aa1ce61cf86,https://polymarket.com/0x1f0ebc543b2d411f66947041625c0aa1ce61cf86,https://data-api.polymarket.com/activity?user=0x1f0ebc543b2d411f66947041625c0aa1ce61cf86&type=TRADE&limit=100&offset=0&sortBy=TIMESTAMP&sortDirection=DESC,activity_primary,TRADE,1774377139,2026-03-24T18:32:19+00:00,0x6e805120656b85028b47c19784beda7db50fe6fe7b94705fe395822b93a2d67b,0x6c13248425c7f5f9a527da1f2ca0524b982dede8d0118291491205877bbb0965,110149152872065717396833727502509557448427278670048810846518524434717338696140,110149152872065717396833727502509557448427278670048810846518524434717338696140,bitcoin-up-or-down-march-24-2026-2pm-et,bitcoin-up-or-down-march-24-2026-2pm-et,"Bitcoin Up or Down - March 24, 2PM ET",Down,1,BUY,0.09,88.89,8.0001,endpoint_usdcSize,fast_crypto_up_down,BTC,true,,,unavailable,entry_candidate,0x1f0ebc543b2d411f66947041625c0aa1ce61cf86|0x6c13248425c7f5f9a527da1f2ca0524b982dede8d0118291491205877bbb0965|110149152872065717396833727502509557448427278670048810846518524434717338696140|Down,0x1f0ebc543b2d411f66947041625c0aa1ce61cf86|activity_primary|0x6e805120656b85028b47c19784beda7db50fe6fe7b94705fe395822b93a2d67b|0x6c13248425c7f5f9a527da1f2ca0524b982dede8d0118291491205877bbb0965|110149152872065717396833727502509557448427278670048810846518524434717338696140|1774377139|buy|0.09|88.89,2026-06-24T20:54:35+00:00,1e84a5965be81f54a953639c1a74ce74d1c5dc45a5c9ae887a023fd75d20821a,e9c3dfe377679a735c68fe33b70d4e88ba2f151fbd9b6e4bd9a44f96c399dd7e,wallet_trade_history_v1,none
0x1f0ebc543b2d411f66947041625c0aa1ce61cf86,https://polymarket.com/0x1f0ebc543b2d411f66947041625c0aa1ce61cf86,https://data-api.polymarket.com/activity?user=0x1f0ebc543b2d411f66947041625c0aa1ce61cf86&type=TRADE&limit=100&offset=0&sortBy=TIMESTAMP&sortDirection=DESC,activity_primary,TRADE,1774377139,2026-03-24T18:32:19+00:00,0xce282c884ab18a9dba91ea5875d2647eba92789a67775b6110c4023c8e62e9bb,0x6c13248425c7f5f9a527da1f2ca0524b982dede8d0118291491205877bbb0965,110149152872065717396833727502509557448427278670048810846518524434717338696140,110149152872065717396833727502509557448427278670048810846518524434717338696140,bitcoin-up-or-down-march-24-2026-2pm-et,bitcoin-up-or-down-march-24-2026-2pm-et,"Bitcoin Up or Down - March 24, 2PM ET",Down,1,BUY,0.08,10,0.8,endpoint_usdcSize,fast_crypto_up_down,BTC,true,,,unavailable,entry_candidate,0x1f0ebc543b2d411f66947041625c0aa1ce61cf86|0x6c13248425c7f5f9a527da1f2ca0524b982dede8d0118291491205877bbb0965|110149152872065717396833727502509557448427278670048810846518524434717338696140|Down,0x1f0ebc543b2d411f66947041625c0aa1ce61cf86|activity_primary|0xce282c884ab18a9dba91ea5875d2647eba92789a67775b6110c4023c8e62e9bb|0x6c13248425c7f5f9a527da1f2ca0524b982dede8d0118291491205877bbb0965|110149152872065717396833727502509557448427278670048810846518524434717338696140|1774377139|buy|0.08|10,2026-06-24T20:54:35+00:00,56bdf65b350ce641a4ffcc603bec53cdedc491862c2d3cac47cc9c34ac4046eb,e9c3dfe377679a735c68fe33b70d4e88ba2f151fbd9b6e4bd9a44f96c399dd7e,wallet_trade_history_v1,none
0x1f0ebc543b2d411f66947041625c0aa1ce61cf86,https://polymarket.com/0x1f0ebc543b2d411f66947041625c0aa1ce61cf86,https://data-api.polymarket.com/activity?user=0x1f0ebc543b2d411f66947041625c0aa1ce61cf86&type=TRADE&limit=100&offset=0&sortBy=TIMESTAMP&sortDirection=DESC,activity_primary,TRADE,1774377139,2026-03-24T18:32:19+00:00,0xa287fcf4a24fff1e51db65fcadbe7fab9355668caa6738bda1b12c2ce704ecfc,0xfd1352cae1ee4f2d3a18e19cc290bb7ab7298067855093acfd60ff71b76e492b,115169437589995816901586861523947955406998522856051033989976606187488636875596,115169437589995816901586861523947955406998522856051033989976606187488636875596,ethereum-up-or-down-march-24-2026-2pm-et,ethereum-up-or-down-march-24-2026-2pm-et,"Ethereum Up or Down - March 24, 2PM ET",Down,1,BUY,0.07000000079148946,25.268814,1.768817,endpoint_usdcSize,fast_crypto_up_down,ETH,true,,,unavailable,entry_candidate,0x1f0ebc543b2d411f66947041625c0aa1ce61cf86|0xfd1352cae1ee4f2d3a18e19cc290bb7ab7298067855093acfd60ff71b76e492b|115169437589995816901586861523947955406998522856051033989976606187488636875596|Down,0x1f0ebc543b2d411f66947041625c0aa1ce61cf86|activity_primary|0xa287fcf4a24fff1e51db65fcadbe7fab9355668caa6738bda1b12c2ce704ecfc|0xfd1352cae1ee4f2d3a18e19cc290bb7ab7298067855093acfd60ff71b76e492b|115169437589995816901586861523947955406998522856051033989976606187488636875596|1774377139|buy|0.07000000079148946|25.268814,2026-06-24T20:54:35+00:00,5cc39ac4eff8eaae475a49cedd28d2cca571888eed8d3fcac7cc59718a5c10aa,e9c3dfe377679a735c68fe33b70d4e88ba2f151fbd9b6e4bd9a44f96c399dd7e,wallet_trade_history_v1,none
0x1f0ebc543b2d411f66947041625c0aa1ce61cf86,https://polymarket.com/0x1f0ebc543b2d411f66947041625c0aa1ce61cf86,https://data-api.polymarket.com/activity?user=0x1f0ebc543b2d411f66947041625c0aa1ce61cf86&type=TRADE&limit=100&offset=0&sortBy=TIMESTAMP&sortDirection=DESC,activity_primary,TRADE,1774377137,2026-03-24T18:32:17+00:00,0x99e6ef8dcb63fa3ad2586b1578ffbffff324c63c045b9c473d24bfacad7f3c27,0x6c13248425c7f5f9a527da1f2ca0524b982dede8d0118291491205877bbb0965,110149152872065717396833727502509557448427278670048810846518524434717338696140,110149152872065717396833727502509557448427278670048810846518524434717338696140,bitcoin-up-or-down-march-24-2026-2pm-et,bitcoin-up-or-down-march-24-2026-2pm-et,"Bitcoin Up or Down - March 24, 2PM ET",Down,1,BUY,0.08,2.69565,0.215652,endpoint_usdcSize,fast_crypto_up_down,BTC,true,,,unavailable,entry_candidate,0x1f0ebc543b2d411f66947041625c0aa1ce61cf86|0x6c13248425c7f5f9a527da1f2ca0524b982dede8d0118291491205877bbb0965|110149152872065717396833727502509557448427278670048810846518524434717338696140|Down,0x1f0ebc543b2d411f66947041625c0aa1ce61cf86|activity_primary|0x99e6ef8dcb63fa3ad2586b1578ffbffff324c63c045b9c473d24bfacad7f3c27|0x6c13248425c7f5f9a527da1f2ca0524b982dede8d0118291491205877bbb0965|110149152872065717396833727502509557448427278670048810846518524434717338696140|1774377137|buy|0.08|2.69565,2026-06-24T20:54:35+00:00,bd25068b4e9c18cd2d0c270cdf236c9507a804554e02ce9a780a7c784ce78825,e9c3dfe377679a735c68fe33b70d4e88ba2f151fbd9b6e4bd9a44f96c399dd7e,wallet_trade_history_v1,none
0x1f0ebc543b2d411f66947041625c0aa1ce61cf86,https://polymarket.com/0x1f0ebc543b2d411f66947041625c0aa1ce61cf86,https://data-api.polymarket.com/activity?user=0x1f0ebc543b2d411f66947041625c0aa1ce61cf86&type=TRADE&limit=100&offset=0&sortBy=TIMESTAMP&sortDirection=DESC,activity_primary,TRADE,1774377137,2026-03-24T18:32:17+00:00,0x0f8731dd4cd916e6a20c081e2604270ccab1642950524627cf68357779a02a53,0x6c13248425c7f5f9a527da1f2ca0524b982dede8d0118291491205877bbb0965,110149152872065717396833727502509557448427278670048810846518524434717338696140,110149152872065717396833727502509557448427278670048810846518524434717338696140,bitcoin-up-or-down-march-24-2026-2pm-et,bitcoin-up-or-down-march-24-2026-2pm-et,"Bitcoin Up or Down - March 24, 2PM ET",Down,1,BUY,0.08,70,5.6,endpoint_usdcSize,fast_crypto_up_down,BTC,true,,,unavailable,entry_candidate,0x1f0ebc543b2d411f66947041625c0aa1ce61cf86|0x6c13248425c7f5f9a527da1f2ca0524b982dede8d0118291491205877bbb0965|110149152872065717396833727502509557448427278670048810846518524434717338696140|Down,0x1f0ebc543b2d411f66947041625c0aa1ce61cf86|activity_primary|0x0f8731dd4cd916e6a20c081e2604270ccab1642950524627cf68357779a02a53|0x6c13248425c7f5f9a527da1f2ca0524b982dede8d0118291491205877bbb0965|110149152872065717396833727502509557448427278670048810846518524434717338696140|1774377137|buy|0.08|70,2026-06-24T20:54:35+00:00,3c66a5bba885e43d4cfeea91e10b0d42864aa5cc410be7bd3529d2a6780052de,e9c3dfe377679a735c68fe33b70d4e88ba2f151fbd9b6e4bd9a44f96c399dd7e,wallet_trade_history_v1,none
0x1f0ebc543b2d411f66947041625c0aa1ce61cf86,https://polymarket.com/0x1f0ebc543b2d411f66947041625c0aa1ce61cf86,https://data-api.polymarket.com/activity?user=0x1f0ebc543b2d411f66947041625c0aa1ce61cf86&type=TRADE&limit=100&offset=0&sortBy=TIMESTAMP&sortDirection=DESC,activity_primary,TRADE,1774377137,2026-03-24T18:32:17+00:00,0x1cf7daf4cd39f55e8d3a55cecccd52aab179b40e7d75f608fb49dfb8824f4fb5,0x6c13248425c7f5f9a527da1f2ca0524b982dede8d0118291491205877bbb0965,110149152872065717396833727502509557448427278670048810846518524434717338696140,110149152872065717396833727502509557448427278670048810846518524434717338696140,bitcoin-up-or-down-march-24-2026-2pm-et,bitcoin-up-or-down-march-24-2026-2pm-et,"Bitcoin Up or Down - March 24, 2PM ET",Down,1,BUY,0.08000001936847162,2.065212,0.165217,endpoint_usdcSize,fast_crypto_up_down,BTC,true,,,unavailable,entry_candidate,0x1f0ebc543b2d411f66947041625c0aa1ce61cf86|0x6c13248425c7f5f9a527da1f2ca0524b982dede8d0118291491205877bbb0965|110149152872065717396833727502509557448427278670048810846518524434717338696140|Down,0x1f0ebc543b2d411f66947041625c0aa1ce61cf86|activity_primary|0x1cf7daf4cd39f55e8d3a55cecccd52aab179b40e7d75f608fb49dfb8824f4fb5|0x6c13248425c7f5f9a527da1f2ca0524b982dede8d0118291491205877bbb0965|110149152872065717396833727502509557448427278670048810846518524434717338696140|1774377137|buy|0.08000001936847162|2.065212,2026-06-24T20:54:35+00:00,d3c2c884be92bf95776fa4e104ded41ee1e05db21ef88d5e74723b3124a82754,e9c3dfe377679a735c68fe33b70d4e88ba2f151fbd9b6e4bd9a44f96c399dd7e,wallet_trade_history_v1,none
0x1f0ebc543b2d411f66947041625c0aa1ce61cf86,https://polymarket.com/0x1f0ebc543b2d411f66947041625c0aa1ce61cf86,https://data-api.polymarket.com/activity?user=0x1f0ebc543b2d411f66947041625c0aa1ce61cf86&type=TRADE&limit=100&offset=0&sortBy=TIMESTAMP&sortDirection=DESC,activity_primary,TRADE,1774377137,2026-03-24T18:32:17+00:00,0xfbc8976580e793e9fe3346dc5e79335b27ab655d1d4025bad629bd2775daf11e,0x6c13248425c7f5f9a527da1f2ca0524b982dede8d0118291491205877bbb0965,110149152872065717396833727502509557448427278670048810846518524434717338696140,110149152872065717396833727502509557448427278670048810846518524434717338696140,bitcoin-up-or-down-march-24-2026-2pm-et,bitcoin-up-or-down-march-24-2026-2pm-et,"Bitcoin Up or Down - March 24, 2PM ET",Down,1,BUY,0.08,110,8.8,endpoint_usdcSize,fast_crypto_up_down,BTC,true,,,unavailable,entry_candidate,0x1f0ebc543b2d411f66947041625c0aa1ce61cf86|0x6c13248425c7f5f9a527da1f2ca0524b982dede8d0118291491205877bbb0965|110149152872065717396833727502509557448427278670048810846518524434717338696140|Down,0x1f0ebc543b2d411f66947041625c0aa1ce61cf86|activity_primary|0xfbc8976580e793e9fe3346dc5e79335b27ab655d1d4025bad629bd2775daf11e|0x6c13248425c7f5f9a527da1f2ca0524b982dede8d0118291491205877bbb0965|110149152872065717396833727502509557448427278670048810846518524434717338696140|1774377137|buy|0.08|110,2026-06-24T20:54:35+00:00,5869f85dfe2dffcc03351c232dcb1737d59b719569f93408ea65a7b21f366055,e9c3dfe377679a735c68fe33b70d4e88ba2f151fbd9b6e4bd9a44f96c399dd7e,wallet_trade_history_v1,none
0x1f0ebc543b2d411f66947041625c0aa1ce61cf86,https://polymarket.com/0x1f0ebc543b2d411f66947041625c0aa1ce61cf86,https://data-api.polymarket.com/activity?user=0x1f0ebc543b2d411f66947041625c0aa1ce61cf86&type=TRADE&limit=100&offset=0&sortBy=TIMESTAMP&sortDirection=DESC,activity_primary,TRADE,1774377137,2026-03-24T18:32:17+00:00,0x78bc339b9a15116ef3015e2177b09f177982be896ae39c68ebc7a075c9f23910,0xfd1352cae1ee4f2d3a18e19cc290bb7ab7298067855093acfd60ff71b76e492b,115169437589995816901586861523947955406998522856051033989976606187488636875596,115169437589995816901586861523947955406998522856051033989976606187488636875596,ethereum-up-or-down-march-24-2026-2pm-et,ethereum-up-or-down-march-24-2026-2pm-et,"Ethereum Up or Down - March 24, 2PM ET",Down,1,BUY,0.07,20,1.4,endpoint_usdcSize,fast_crypto_up_down,ETH,true,,,unavailable,entry_candidate,0x1f0ebc543b2d411f66947041625c0aa1ce61cf86|0xfd1352cae1ee4f2d3a18e19cc290bb7ab7298067855093acfd60ff71b76e492b|115169437589995816901586861523947955406998522856051033989976606187488636875596|Down,0x1f0ebc543b2d411f66947041625c0aa1ce61cf86|activity_primary|0x78bc339b9a15116ef3015e2177b09f177982be896ae39c68ebc7a075c9f23910|0xfd1352cae1ee4f2d3a18e19cc290bb7ab7298067855093acfd60ff71b76e492b|115169437589995816901586861523947955406998522856051033989976606187488636875596|1774377137|buy|0.07|20,2026-06-24T20:54:35+00:00,b62adc85f97896bad06a7b77f3557aee73ed1b755ef143bb8f18d826b6eefc71,e9c3dfe377679a735c68fe33b70d4e88ba2f151fbd9b6e4bd9a44f96c399dd7e,wallet_trade_history_v1,none
0xd0d6053c3c37e727402d84c14069780d360993aa,https://polymarket.com/@k9Q2mX4L8A7ZP3R,https://data-api.polymarket.com/activity?user=0xd0d6053c3c37e727402d84c14069780d360993aa&type=TRADE&limit=100&offset=0&sortBy=TIMESTAMP&sortDirection=DESC,activity_primary,TRADE,1775479047,2026-04-06T12:37:27+00:00,0xf59d993dacfaf8544ae92772a6774ec0f7c672bcf794de2d787c5316e199858f,0x8fe2ec3961b5151878793f5ee9f3386462ab2cffa341f521ea4af3c943f4f1e1,106321015771996003843951031116798387360396092381038356576150508114564342386617,106321015771996003843951031116798387360396092381038356576150508114564342386617,xrp-updown-5m-1771916400,xrp-updown-5m-1771916400,"XRP Up or Down - February 24, 2:00AM-2:05AM ET",Up,0,SELL,0.002,194.59,0.38918,endpoint_usdcSize,other,other,false,,,unavailable,exit_candidate,0xd0d6053c3c37e727402d84c14069780d360993aa|0x8fe2ec3961b5151878793f5ee9f3386462ab2cffa341f521ea4af3c943f4f1e1|106321015771996003843951031116798387360396092381038356576150508114564342386617|Up,0xd0d6053c3c37e727402d84c14069780d360993aa|activity_primary|0xf59d993dacfaf8544ae92772a6774ec0f7c672bcf794de2d787c5316e199858f|0x8fe2ec3961b5151878793f5ee9f3386462ab2cffa341f521ea4af3c943f4f1e1|106321015771996003843951031116798387360396092381038356576150508114564342386617|1775479047|sell|0.002|194.59,2026-06-24T20:54:37+00:00,82217dae93a6e60ca3d867983c358fe28d09dccb97e792a4767cac2d89ccec49,7e44e74b1dbbf8ac94f43156da0fecfebadc6271d0da6b7ab9f50dc9f04025fd,wallet_trade_history_v1,non_crypto_or_unclassified_market
0xd0d6053c3c37e727402d84c14069780d360993aa,https://polymarket.com/@k9Q2mX4L8A7ZP3R,https://data-api.polymarket.com/activity?user=0xd0d6053c3c37e727402d84c14069780d360993aa&type=TRADE&limit=100&offset=0&sortBy=TIMESTAMP&sortDirection=DESC,activity_primary,TRADE,1775478999,2026-04-06T12:36:39+00:00,0x77ed729c58be5ef39f039355379e90d0e5d9b0f0e61bc1f54e093bcccf8c82ec,0x8fe2ec3961b5151878793f5ee9f3386462ab2cffa341f521ea4af3c943f4f1e1,63871622315168997250449926595191905329567685141975937804940439076331565817724,63871622315168997250449926595191905329567685141975937804940439076331565817724,xrp-updown-5m-1771916400,xrp-updown-5m-1771916400,"XRP Up or Down - February 24, 2:00AM-2:05AM ET",Down,1,SELL,0.991,215.54,213.60014,endpoint_usdcSize,other,other,false,,,unavailable,exit_candidate,0xd0d6053c3c37e727402d84c14069780d360993aa|0x8fe2ec3961b5151878793f5ee9f3386462ab2cffa341f521ea4af3c943f4f1e1|63871622315168997250449926595191905329567685141975937804940439076331565817724|Down,0xd0d6053c3c37e727402d84c14069780d360993aa|activity_primary|0x77ed729c58be5ef39f039355379e90d0e5d9b0f0e61bc1f54e093bcccf8c82ec|0x8fe2ec3961b5151878793f5ee9f3386462ab2cffa341f521ea4af3c943f4f1e1|63871622315168997250449926595191905329567685141975937804940439076331565817724|1775478999|sell|0.991|215.54,2026-06-24T20:54:37+00:00,6f491c5f21ac5ae02c736f6eb3cc12c31b55cc069dc09e44bc4afbde43f65c6a,7e44e74b1dbbf8ac94f43156da0fecfebadc6271d0da6b7ab9f50dc9f04025fd,wallet_trade_history_v1,non_crypto_or_unclassified_market
0xd0d6053c3c37e727402d84c14069780d360993aa,https://polymarket.com/@k9Q2mX4L8A7ZP3R,https://data-api.polymarket.com/activity?user=0xd0d6053c3c37e727402d84c14069780d360993aa&type=TRADE&limit=100&offset=0&sortBy=TIMESTAMP&sortDirection=DESC,activity_primary,TRADE,1774354377,2026-03-24T12:12:57+00:00,0xf4d987bba28441dc9baffbd3b141e3a57809160825d29c285ab2ed5019be9e39,0xa2fda9f86408298bdc36dd3d1bef7957f6cb4ef114fa5e6871f944eb169da774,3001122599774871719771217659422417276145740147746151603625973587736643850787,3001122599774871719771217659422417276145740147746151603625973587736643850787,btc-updown-5m-1774354200,btc-updown-5m-1774354200,"Bitcoin Up or Down - March 24, 8:10AM-8:15AM ET",Down,1,BUY,0.4,30.84,12.336,endpoint_usdcSize,fast_crypto_up_down,BTC,true,,,unavailable,entry_candidate,0xd0d6053c3c37e727402d84c14069780d360993aa|0xa2fda9f86408298bdc36dd3d1bef7957f6cb4ef114fa5e6871f944eb169da774|3001122599774871719771217659422417276145740147746151603625973587736643850787|Down,0xd0d6053c3c37e727402d84c14069780d360993aa|activity_primary|0xf4d987bba28441dc9baffbd3b141e3a57809160825d29c285ab2ed5019be9e39|0xa2fda9f86408298bdc36dd3d1bef7957f6cb4ef114fa5e6871f944eb169da774|3001122599774871719771217659422417276145740147746151603625973587736643850787|1774354377|buy|0.4|30.84,2026-06-24T20:54:37+00:00,516e36081075faf4c159460f21f10f171814fd6858ea76d30a40edd11e63670c,7e44e74b1dbbf8ac94f43156da0fecfebadc6271d0da6b7ab9f50dc9f04025fd,wallet_trade_history_v1,none
0xd0d6053c3c37e727402d84c14069780d360993aa,https://polymarket.com/@k9Q2mX4L8A7ZP3R,https://data-api.polymarket.com/activity?user=0xd0d6053c3c37e727402d84c14069780d360993aa&type=TRADE&limit=100&offset=0&sortBy=TIMESTAMP&sortDirection=DESC,activity_primary,TRADE,1774354377,2026-03-24T12:12:57+00:00,0xd8340d14da0f98075ab0a5da4707ab06268a3275daf943b744bd179092f2ca5d,0xa2fda9f86408298bdc36dd3d1bef7957f6cb4ef114fa5e6871f944eb169da774,3001122599774871719771217659422417276145740147746151603625973587736643850787,3001122599774871719771217659422417276145740147746151603625973587736643850787,btc-updown-5m-1774354200,btc-updown-5m-1774354200,"Bitcoin Up or Down - March 24, 8:10AM-8:15AM ET",Down,1,BUY,0.41,31,12.71,endpoint_usdcSize,fast_crypto_up_down,BTC,true,,,unavailable,entry_candidate,0xd0d6053c3c37e727402d84c14069780d360993aa|0xa2fda9f86408298bdc36dd3d1bef7957f6cb4ef114fa5e6871f944eb169da774|3001122599774871719771217659422417276145740147746151603625973587736643850787|Down,0xd0d6053c3c37e727402d84c14069780d360993aa|activity_primary|0xd8340d14da0f98075ab0a5da4707ab06268a3275daf943b744bd179092f2ca5d|0xa2fda9f86408298bdc36dd3d1bef7957f6cb4ef114fa5e6871f944eb169da774|3001122599774871719771217659422417276145740147746151603625973587736643850787|1774354377|buy|0.41|31,2026-06-24T20:54:37+00:00,b88155470fa810ef76917bccf8f70d2741f8a4765538ad3bfaf036baacd48c1e,7e44e74b1dbbf8ac94f43156da0fecfebadc6271d0da6b7ab9f50dc9f04025fd,wallet_trade_history_v1,none
0xd0d6053c3c37e727402d84c14069780d360993aa,https://polymarket.com/@k9Q2mX4L8A7ZP3R,https://data-api.polymarket.com/activity?user=0xd0d6053c3c37e727402d84c14069780d360993aa&type=TRADE&limit=100&offset=0&sortBy=TIMESTAMP&sortDirection=DESC,activity_primary,TRADE,1774354377,2026-03-24T12:12:57+00:00,0xbea9c5de83cb8e69f85245a7e2cb69f82f3cc71a36416d0ada2058f9acf903e1,0xa2fda9f86408298bdc36dd3d1bef7957f6cb4ef114fa5e6871f944eb169da774,3001122599774871719771217659422417276145740147746151603625973587736643850787,3001122599774871719771217659422417276145740147746151603625973587736643850787,btc-updown-5m-1774354200,btc-updown-5m-1774354200,"Bitcoin Up or Down - March 24, 8:10AM-8:15AM ET",Down,1,BUY,0.4,0.16,0.064,endpoint_usdcSize,fast_crypto_up_down,BTC,true,,,unavailable,entry_candidate,0xd0d6053c3c37e727402d84c14069780d360993aa|0xa2fda9f86408298bdc36dd3d1bef7957f6cb4ef114fa5e6871f944eb169da774|3001122599774871719771217659422417276145740147746151603625973587736643850787|Down,0xd0d6053c3c37e727402d84c14069780d360993aa|activity_primary|0xbea9c5de83cb8e69f85245a7e2cb69f82f3cc71a36416d0ada2058f9acf903e1|0xa2fda9f86408298bdc36dd3d1bef7957f6cb4ef114fa5e6871f944eb169da774|3001122599774871719771217659422417276145740147746151603625973587736643850787|1774354377|buy|0.4|0.16,2026-06-24T20:54:37+00:00,c93d0b07fb4be89732514f00c0a7d264a82b31f1670ac2eb2dcdc934555dc963,7e44e74b1dbbf8ac94f43156da0fecfebadc6271d0da6b7ab9f50dc9f04025fd,wallet_trade_history_v1,none
0xd0d6053c3c37e727402d84c14069780d360993aa,https://polymarket.com/@k9Q2mX4L8A7ZP3R,https://data-api.polymarket.com/activity?user=0xd0d6053c3c37e727402d84c14069780d360993aa&type=TRADE&limit=100&offset=0&sortBy=TIMESTAMP&sortDirection=DESC,activity_primary,TRADE,1774354223,2026-03-24T12:10:23+00:00,0x5b9ef6064940d801198107eb336600d18b63b84eea60d72bb6682beba36a5e4e,0xa2fda9f86408298bdc36dd3d1bef7957f6cb4ef114fa5e6871f944eb169da774,3001122599774871719771217659422417276145740147746151603625973587736643850787,3001122599774871719771217659422417276145740147746151603625973587736643850787,btc-updown-5m-1774354200,btc-updown-5m-1774354200,"Bitcoin Up or Down - March 24, 8:10AM-8:15AM ET",Down,1,BUY,0.56,5,2.8,endpoint_usdcSize,fast_crypto_up_down,BTC,true,,,unavailable,entry_candidate,0xd0d6053c3c37e727402d84c14069780d360993aa|0xa2fda9f86408298bdc36dd3d1bef7957f6cb4ef114fa5e6871f944eb169da774|3001122599774871719771217659422417276145740147746151603625973587736643850787|Down,0xd0d6053c3c37e727402d84c14069780d360993aa|activity_primary|0x5b9ef6064940d801198107eb336600d18b63b84eea60d72bb6682beba36a5e4e|0xa2fda9f86408298bdc36dd3d1bef7957f6cb4ef114fa5e6871f944eb169da774|3001122599774871719771217659422417276145740147746151603625973587736643850787|1774354223|buy|0.56|5,2026-06-24T20:54:37+00:00,3ac7390470938a816eff45470d71d29e248b38ea695ab9c26ce75612a85dd829,7e44e74b1dbbf8ac94f43156da0fecfebadc6271d0da6b7ab9f50dc9f04025fd,wallet_trade_history_v1,none
0xd0d6053c3c37e727402d84c14069780d360993aa,https://polymarket.com/@k9Q2mX4L8A7ZP3R,https://data-api.polymarket.com/activity?user=0xd0d6053c3c37e727402d84c14069780d360993aa&type=TRADE&limit=100&offset=0&sortBy=TIMESTAMP&sortDirection=DESC,activity_primary,TRADE,1774354223,2026-03-24T12:10:23+00:00,0x949c652709af7c0b44ba388b68ea4eb2355b7c7de0f2bd977efa8a7be94fd966,0xa2fda9f86408298bdc36dd3d1bef7957f6cb4ef114fa5e6871f944eb169da774,3001122599774871719771217659422417276145740147746151603625973587736643850787,3001122599774871719771217659422417276145740147746151603625973587736643850787,btc-updown-5m-1774354200,btc-updown-5m-1774354200,"Bitcoin Up or Down - March 24, 8:10AM-8:15AM ET",Down,1,BUY,0.56,14.86,8.3216,endpoint_usdcSize,fast_crypto_up_down,BTC,true,,,unavailable,entry_candidate,0xd0d6053c3c37e727402d84c14069780d360993aa|0xa2fda9f86408298bdc36dd3d1bef7957f6cb4ef114fa5e6871f944eb169da774|3001122599774871719771217659422417276145740147746151603625973587736643850787|Down,0xd0d6053c3c37e727402d84c14069780d360993aa|activity_primary|0x949c652709af7c0b44ba388b68ea4eb2355b7c7de0f2bd977efa8a7be94fd966|0xa2fda9f86408298bdc36dd3d1bef7957f6cb4ef114fa5e6871f944eb169da774|3001122599774871719771217659422417276145740147746151603625973587736643850787|1774354223|buy|0.56|14.86,2026-06-24T20:54:37+00:00,8e3e25e253ec932847e4c8b823dd619f639aeff0d519f6084029a77a32ad7df5,7e44e74b1dbbf8ac94f43156da0fecfebadc6271d0da6b7ab9f50dc9f04025fd,wallet_trade_history_v1,none
0xd0d6053c3c37e727402d84c14069780d360993aa,https://polymarket.com/@k9Q2mX4L8A7ZP3R,https://data-api.polymarket.com/activity?user=0xd0d6053c3c37e727402d84c14069780d360993aa&type=TRADE&limit=100&offset=0&sortBy=TIMESTAMP&sortDirection=DESC,activity_primary,TRADE,1774354221,2026-03-24T12:10:21+00:00,0xcffa1ef47d0a63e71ca72d2d6c008a8d12cccd4633a68bc19058d0dad2e00454,0xa2fda9f86408298bdc36dd3d1bef7957f6cb4ef114fa5e6871f944eb169da774,3001122599774871719771217659422417276145740147746151603625973587736643850787,3001122599774871719771217659422417276145740147746151603625973587736643850787,btc-updown-5m-1774354200,btc-updown-5m-1774354200,"Bitcoin Up or Down - March 24, 8:10AM-8:15AM ET",Down,1,BUY,0.5200000099469504,20.106665,10.455466,endpoint_usdcSize,fast_crypto_up_down,BTC,true,,,unavailable,entry_candidate,0xd0d6053c3c37e727402d84c14069780d360993aa|0xa2fda9f86408298bdc36dd3d1bef7957f6cb4ef114fa5e6871f944eb169da774|3001122599774871719771217659422417276145740147746151603625973587736643850787|Down,0xd0d6053c3c37e727402d84c14069780d360993aa|activity_primary|0xcffa1ef47d0a63e71ca72d2d6c008a8d12cccd4633a68bc19058d0dad2e00454|0xa2fda9f86408298bdc36dd3d1bef7957f6cb4ef114fa5e6871f944eb169da774|3001122599774871719771217659422417276145740147746151603625973587736643850787|1774354221|buy|0.5200000099469504|20.106665,2026-06-24T20:54:37+00:00,58151f37db63a133ecd117bc6bc5b8cb86f2f67e49c1984fd09a2f1596131893,7e44e74b1dbbf8ac94f43156da0fecfebadc6271d0da6b7ab9f50dc9f04025fd,wallet_trade_history_v1,none
0xd0d6053c3c37e727402d84c14069780d360993aa,https://polymarket.com/@k9Q2mX4L8A7ZP3R,https://data-api.polymarket.com/activity?user=0xd0d6053c3c37e727402d84c14069780d360993aa&type=TRADE&limit=100&offset=0&sortBy=TIMESTAMP&sortDirection=DESC,activity_primary,TRADE,1774354221,2026-03-24T12:10:21+00:00,0xc9768cfd66d22f5539778ba02e32f36bf7f4364b47c10fe33c658e0dea3d8334,0xa2fda9f86408298bdc36dd3d1bef7957f6cb4ef114fa5e6871f944eb169da774,3001122599774871719771217659422417276145740147746151603625973587736643850787,3001122599774871719771217659422417276145740147746151603625973587736643850787,btc-updown-5m-1774354200,btc-updown-5m-1774354200,"Bitcoin Up or Down - March 24, 8:10AM-8:15AM ET",Down,1,BUY,0.52,8.13,4.2276,endpoint_usdcSize,fast_crypto_up_down,BTC,true,,,unavailable,entry_candidate,0xd0d6053c3c37e727402d84c14069780d360993aa|0xa2fda9f86408298bdc36dd3d1bef7957f6cb4ef114fa5e6871f944eb169da774|3001122599774871719771217659422417276145740147746151603625973587736643850787|Down,0xd0d6053c3c37e727402d84c14069780d360993aa|activity_primary|0xc9768cfd66d22f5539778ba02e32f36bf7f4364b47c10fe33c658e0dea3d8334|0xa2fda9f86408298bdc36dd3d1bef7957f6cb4ef114fa5e6871f944eb169da774|3001122599774871719771217659422417276145740147746151603625973587736643850787|1774354221|buy|0.52|8.13,2026-06-24T20:54:37+00:00,7b536334b775058e846fea1d5f88289b18ce075c777315f961bb4dc5b768401d,7e44e74b1dbbf8ac94f43156da0fecfebadc6271d0da6b7ab9f50dc9f04025fd,wallet_trade_history_v1,none
0xd0d6053c3c37e727402d84c14069780d360993aa,https://polymarket.com/@k9Q2mX4L8A7ZP3R,https://data-api.polymarket.com/activity?user=0xd0d6053c3c37e727402d84c14069780d360993aa&type=TRADE&limit=100&offset=0&sortBy=TIMESTAMP&sortDirection=DESC,activity_primary,TRADE,1774354221,2026-03-24T12:10:21+00:00,0x5f37679dcfe31e09e5ab5cd6129aa085d723d088ed61617909cd70e31aacd0b4,0xa2fda9f86408298bdc36dd3d1bef7957f6cb4ef114fa5e6871f944eb169da774,3001122599774871719771217659422417276145740147746151603625973587736643850787,3001122599774871719771217659422417276145740147746151603625973587736643850787,btc-updown-5m-1774354200,btc-updown-5m-1774354200,"Bitcoin Up or Down - March 24, 8:10AM-8:15AM ET",Down,1,BUY,0.5200000725514344,2.756665,1.433466,endpoint_usdcSize,fast_crypto_up_down,BTC,true,,,unavailable,entry_candidate,0xd0d6053c3c37e727402d84c14069780d360993aa|0xa2fda9f86408298bdc36dd3d1bef7957f6cb4ef114fa5e6871f944eb169da774|3001122599774871719771217659422417276145740147746151603625973587736643850787|Down,0xd0d6053c3c37e727402d84c14069780d360993aa|activity_primary|0x5f37679dcfe31e09e5ab5cd6129aa085d723d088ed61617909cd70e31aacd0b4|0xa2fda9f86408298bdc36dd3d1bef7957f6cb4ef114fa5e6871f944eb169da774|3001122599774871719771217659422417276145740147746151603625973587736643850787|1774354221|buy|0.5200000725514344|2.756665,2026-06-24T20:54:37+00:00,515a91b75bb51c002fa03ddf2653a170ceb118c58a665ad8c6012bde986259b1,7e44e74b1dbbf8ac94f43156da0fecfebadc6271d0da6b7ab9f50dc9f04025fd,wallet_trade_history_v1,none
0xd0d6053c3c37e727402d84c14069780d360993aa,https://polymarket.com/@k9Q2mX4L8A7ZP3R,https://data-api.polymarket.com/activity?user=0xd0d6053c3c37e727402d84c14069780d360993aa&type=TRADE&limit=100&offset=0&sortBy=TIMESTAMP&sortDirection=DESC,activity_primary,TRADE,1774354221,2026-03-24T12:10:21+00:00,0x9b5bae41f2e3f754cea415318f418a407ddd78cea7ef6107bab2b7030cd25053,0xa2fda9f86408298bdc36dd3d1bef7957f6cb4ef114fa5e6871f944eb169da774,3001122599774871719771217659422417276145740147746151603625973587736643850787,3001122599774871719771217659422417276145740147746151603625973587736643850787,btc-updown-5m-1774354200,btc-updown-5m-1774354200,"Bitcoin Up or Down - March 24, 8:10AM-8:15AM ET",Down,1,BUY,0.53,31,16.43,endpoint_usdcSize,fast_crypto_up_down,BTC,true,,,unavailable,entry_candidate,0xd0d6053c3c37e727402d84c14069780d360993aa|0xa2fda9f86408298bdc36dd3d1bef7957f6cb4ef114fa5e6871f944eb169da774|3001122599774871719771217659422417276145740147746151603625973587736643850787|Down,0xd0d6053c3c37e727402d84c14069780d360993aa|activity_primary|0x9b5bae41f2e3f754cea415318f418a407ddd78cea7ef6107bab2b7030cd25053|0xa2fda9f86408298bdc36dd3d1bef7957f6cb4ef114fa5e6871f944eb169da774|3001122599774871719771217659422417276145740147746151603625973587736643850787|1774354221|buy|0.53|31,2026-06-24T20:54:37+00:00,4a722e82bf183a3dc647e133d0c7e16b1f0514242970d690649d5d8838365491,7e44e74b1dbbf8ac94f43156da0fecfebadc6271d0da6b7ab9f50dc9f04025fd,wallet_trade_history_v1,none
0xd0d6053c3c37e727402d84c14069780d360993aa,https://polymarket.com/@k9Q2mX4L8A7ZP3R,https://data-api.polymarket.com/activity?user=0xd0d6053c3c37e727402d84c14069780d360993aa&type=TRADE&limit=100&offset=0&sortBy=TIMESTAMP&sortDirection=DESC,activity_primary,TRADE,1774354215,2026-03-24T12:10:15+00:00,0x52002d15b43614f0588090764daf5f70993f54c908fabefa370c46ab558f89c3,0xa2fda9f86408298bdc36dd3d1bef7957f6cb4ef114fa5e6871f944eb169da774,3001122599774871719771217659422417276145740147746151603625973587736643850787,3001122599774871719771217659422417276145740147746151603625973587736643850787,btc-updown-5m-1774354200,btc-updown-5m-1774354200,"Bitcoin Up or Down - March 24, 8:10AM-8:15AM ET",Down,1,BUY,0.51,31,15.81,endpoint_usdcSize,fast_crypto_up_down,BTC,true,,,unavailable,entry_candidate,0xd0d6053c3c37e727402d84c14069780d360993aa|0xa2fda9f86408298bdc36dd3d1bef7957f6cb4ef114fa5e6871f944eb169da774|3001122599774871719771217659422417276145740147746151603625973587736643850787|Down,0xd0d6053c3c37e727402d84c14069780d360993aa|activity_primary|0x52002d15b43614f0588090764daf5f70993f54c908fabefa370c46ab558f89c3|0xa2fda9f86408298bdc36dd3d1bef7957f6cb4ef114fa5e6871f944eb169da774|3001122599774871719771217659422417276145740147746151603625973587736643850787|1774354215|buy|0.51|31,2026-06-24T20:54:37+00:00,0bcfa870fb8d6c60cf8360882b15446dfb379046bae85bb8ac58b9eb54dedeab,7e44e74b1dbbf8ac94f43156da0fecfebadc6271d0da6b7ab9f50dc9f04025fd,wallet_trade_history_v1,none
0xd0d6053c3c37e727402d84c14069780d360993aa,https://polymarket.com/@k9Q2mX4L8A7ZP3R,https://data-api.polymarket.com/activity?user=0xd0d6053c3c37e727402d84c14069780d360993aa&type=TRADE&limit=100&offset=0&sortBy=TIMESTAMP&sortDirection=DESC,activity_primary,TRADE,1774354215,2026-03-24T12:10:15+00:00,0x57bcd2582face5f867cba5e06093b2a702a9443ea9e988f91809f6d18b6e6f7e,0xa2fda9f86408298bdc36dd3d1bef7957f6cb4ef114fa5e6871f944eb169da774,3001122599774871719771217659422417276145740147746151603625973587736643850787,3001122599774871719771217659422417276145740147746151603625973587736643850787,btc-updown-5m-1774354200,btc-updown-5m-1774354200,"Bitcoin Up or Down - March 24, 8:10AM-8:15AM ET",Down,1,BUY,0.48,31,14.88,endpoint_usdcSize,fast_crypto_up_down,BTC,true,,,unavailable,entry_candidate,0xd0d6053c3c37e727402d84c14069780d360993aa|0xa2fda9f86408298bdc36dd3d1bef7957f6cb4ef114fa5e6871f944eb169da774|3001122599774871719771217659422417276145740147746151603625973587736643850787|Down,0xd0d6053c3c37e727402d84c14069780d360993aa|activity_primary|0x57bcd2582face5f867cba5e06093b2a702a9443ea9e988f91809f6d18b6e6f7e|0xa2fda9f86408298bdc36dd3d1bef7957f6cb4ef114fa5e6871f944eb169da774|3001122599774871719771217659422417276145740147746151603625973587736643850787|1774354215|buy|0.48|31,2026-06-24T20:54:37+00:00,755eaf963e895a3abba9f818f5de1a868ae74a28ad2130113c18eb1886cbdac1,7e44e74b1dbbf8ac94f43156da0fecfebadc6271d0da6b7ab9f50dc9f04025fd,wallet_trade_history_v1,none
0xd0d6053c3c37e727402d84c14069780d360993aa,https://polymarket.com/@k9Q2mX4L8A7ZP3R,https://data-api.polymarket.com/activity?user=0xd0d6053c3c37e727402d84c14069780d360993aa&type=TRADE&limit=100&offset=0&sortBy=TIMESTAMP&sortDirection=DESC,activity_primary,TRADE,1774354215,2026-03-24T12:10:15+00:00,0xf0357cb43f7702c9789a886c1cd49361a255f0e4e24e7235a92776fd3f9f33f2,0xa2fda9f86408298bdc36dd3d1bef7957f6cb4ef114fa5e6871f944eb169da774,3001122599774871719771217659422417276145740147746151603625973587736643850787,3001122599774871719771217659422417276145740147746151603625973587736643850787,btc-updown-5m-1774354200,btc-updown-5m-1774354200,"Bitcoin Up or Down - March 24, 8:10AM-8:15AM ET",Down,1,BUY,0.48,31,14.88,endpoint_usdcSize,fast_crypto_up_down,BTC,true,,,unavailable,entry_candidate,0xd0d6053c3c37e727402d84c14069780d360993aa|0xa2fda9f86408298bdc36dd3d1bef7957f6cb4ef114fa5e6871f944eb169da774|3001122599774871719771217659422417276145740147746151603625973587736643850787|Down,0xd0d6053c3c37e727402d84c14069780d360993aa|activity_primary|0xf0357cb43f7702c9789a886c1cd49361a255f0e4e24e7235a92776fd3f9f33f2|0xa2fda9f86408298bdc36dd3d1bef7957f6cb4ef114fa5e6871f944eb169da774|3001122599774871719771217659422417276145740147746151603625973587736643850787|1774354215|buy|0.48|31,2026-06-24T20:54:37+00:00,f87721116e0000147bfde8fade3f9344321a0f94f3504186fd979bb5e645a5ff,7e44e74b1dbbf8ac94f43156da0fecfebadc6271d0da6b7ab9f50dc9f04025fd,wallet_trade_history_v1,none
0xd0d6053c3c37e727402d84c14069780d360993aa,https://polymarket.com/@k9Q2mX4L8A7ZP3R,https://data-api.polymarket.com/activity?user=0xd0d6053c3c37e727402d84c14069780d360993aa&type=TRADE&limit=100&offset=0&sortBy=TIMESTAMP&sortDirection=DESC,activity_primary,TRADE,1774354209,2026-03-24T12:10:09+00:00,0x7c61a6e8a1a0402afab29e7fac51f89c17b2e71fac4516ac4fff4d1192653fa6,0xa2fda9f86408298bdc36dd3d1bef7957f6cb4ef114fa5e6871f944eb169da774,57757711353948206496308974720653041281531664620819592620274509612885753631860,57757711353948206496308974720653041281531664620819592620274509612885753631860,btc-updown-5m-1774354200,btc-updown-5m-1774354200,"Bitcoin Up or Down - March 24, 8:10AM-8:15AM ET",Up,0,BUY,0.55,16.09,8.8495,endpoint_usdcSize,fast_crypto_up_down,BTC,true,,,unavailable,entry_candidate,0xd0d6053c3c37e727402d84c14069780d360993aa|0xa2fda9f86408298bdc36dd3d1bef7957f6cb4ef114fa5e6871f944eb169da774|57757711353948206496308974720653041281531664620819592620274509612885753631860|Up,0xd0d6053c3c37e727402d84c14069780d360993aa|activity_primary|0x7c61a6e8a1a0402afab29e7fac51f89c17b2e71fac4516ac4fff4d1192653fa6|0xa2fda9f86408298bdc36dd3d1bef7957f6cb4ef114fa5e6871f944eb169da774|57757711353948206496308974720653041281531664620819592620274509612885753631860|1774354209|buy|0.55|16.09,2026-06-24T20:54:37+00:00,a830c2768f23e2994733a4161cc703bfae75b14107a0f4ef8bc9309d37e195bc,7e44e74b1dbbf8ac94f43156da0fecfebadc6271d0da6b7ab9f50dc9f04025fd,wallet_trade_history_v1,none
0xd0d6053c3c37e727402d84c14069780d360993aa,https://polymarket.com/@k9Q2mX4L8A7ZP3R,https://data-api.polymarket.com/activity?user=0xd0d6053c3c37e727402d84c14069780d360993aa&type=TRADE&limit=100&offset=0&sortBy=TIMESTAMP&sortDirection=DESC,activity_primary,TRADE,1774354209,2026-03-24T12:10:09+00:00,0xfae875a6f1fdc8a42c89dd4b1452af21c25b647237aead8b3601ed41df61b61a,0xa2fda9f86408298bdc36dd3d1bef7957f6cb4ef114fa5e6871f944eb169da774,57757711353948206496308974720653041281531664620819592620274509612885753631860,57757711353948206496308974720653041281531664620819592620274509612885753631860,btc-updown-5m-1774354200,btc-updown-5m-1774354200,"Bitcoin Up or Down - March 24, 8:10AM-8:15AM ET",Up,0,BUY,0.55,14.904,8.1972,endpoint_usdcSize,fast_crypto_up_down,BTC,true,,,unavailable,entry_candidate,0xd0d6053c3c37e727402d84c14069780d360993aa|0xa2fda9f86408298bdc36dd3d1bef7957f6cb4ef114fa5e6871f944eb169da774|57757711353948206496308974720653041281531664620819592620274509612885753631860|Up,0xd0d6053c3c37e727402d84c14069780d360993aa|activity_primary|0xfae875a6f1fdc8a42c89dd4b1452af21c25b647237aead8b3601ed41df61b61a|0xa2fda9f86408298bdc36dd3d1bef7957f6cb4ef114fa5e6871f944eb169da774|57757711353948206496308974720653041281531664620819592620274509612885753631860|1774354209|buy|0.55|14.904,2026-06-24T20:54:37+00:00,bd3e3aca92da320be6d2d1cbf3828206f3a85bcfb9e0c4ac6daac0deced6e7ca,7e44e74b1dbbf8ac94f43156da0fecfebadc6271d0da6b7ab9f50dc9f04025fd,wallet_trade_history_v1,none
0xd0d6053c3c37e727402d84c14069780d360993aa,https://polymarket.com/@k9Q2mX4L8A7ZP3R,https://data-api.polymarket.com/activity?user=0xd0d6053c3c37e727402d84c14069780d360993aa&type=TRADE&limit=100&offset=0&sortBy=TIMESTAMP&sortDirection=DESC,activity_primary,TRADE,1774354207,2026-03-24T12:10:07+00:00,0xafcdb3ff87fca08d2282740904057385154d6f1f019c83305e4748695e0e1a81,0xa2fda9f86408298bdc36dd3d1bef7957f6cb4ef114fa5e6871f944eb169da774,3001122599774871719771217659422417276145740147746151603625973587736643850787,3001122599774871719771217659422417276145740147746151603625973587736643850787,btc-updown-5m-1774354200,btc-updown-5m-1774354200,"Bitcoin Up or Down - March 24, 8:10AM-8:15AM ET",Down,1,BUY,0.45,0.08,0.036,endpoint_usdcSize,fast_crypto_up_down,BTC,true,,,unavailable,entry_candidate,0xd0d6053c3c37e727402d84c14069780d360993aa|0xa2fda9f86408298bdc36dd3d1bef7957f6cb4ef114fa5e6871f944eb169da774|3001122599774871719771217659422417276145740147746151603625973587736643850787|Down,0xd0d6053c3c37e727402d84c14069780d360993aa|activity_primary|0xafcdb3ff87fca08d2282740904057385154d6f1f019c83305e4748695e0e1a81|0xa2fda9f86408298bdc36dd3d1bef7957f6cb4ef114fa5e6871f944eb169da774|3001122599774871719771217659422417276145740147746151603625973587736643850787|1774354207|buy|0.45|0.08,2026-06-24T20:54:37+00:00,5fe79a631d516d4029d16dfb4d61c5129403a955a27d81fab35d49e3c7fa5ef9,7e44e74b1dbbf8ac94f43156da0fecfebadc6271d0da6b7ab9f50dc9f04025fd,wallet_trade_history_v1,none
0xd0d6053c3c37e727402d84c14069780d360993aa,https://polymarket.com/@k9Q2mX4L8A7ZP3R,https://data-api.polymarket.com/activity?user=0xd0d6053c3c37e727402d84c14069780d360993aa&type=TRADE&limit=100&offset=0&sortBy=TIMESTAMP&sortDirection=DESC,activity_primary,TRADE,1774354207,2026-03-24T12:10:07+00:00,0xb4b4a61fbc164d760820bbd46410986a01eaa22a527886ef1dc543482e682f2f,0xa2fda9f86408298bdc36dd3d1bef7957f6cb4ef114fa5e6871f944eb169da774,3001122599774871719771217659422417276145740147746151603625973587736643850787,3001122599774871719771217659422417276145740147746151603625973587736643850787,btc-updown-5m-1774354200,btc-updown-5m-1774354200,"Bitcoin Up or Down - March 24, 8:10AM-8:15AM ET",Down,1,BUY,0.4500000275000124,3.636362,1.636363,endpoint_usdcSize,fast_crypto_up_down,BTC,true,,,unavailable,entry_candidate,0xd0d6053c3c37e727402d84c14069780d360993aa|0xa2fda9f86408298bdc36dd3d1bef7957f6cb4ef114fa5e6871f944eb169da774|3001122599774871719771217659422417276145740147746151603625973587736643850787|Down,0xd0d6053c3c37e727402d84c14069780d360993aa|activity_primary|0xb4b4a61fbc164d760820bbd46410986a01eaa22a527886ef1dc543482e682f2f|0xa2fda9f86408298bdc36dd3d1bef7957f6cb4ef114fa5e6871f944eb169da774|3001122599774871719771217659422417276145740147746151603625973587736643850787|1774354207|buy|0.4500000275000124|3.636362,2026-06-24T20:54:37+00:00,c0633f582fbe1765a6cc6f2c4c5ee68f925d1e3e62951d3245e61d1fdc7f0b8c,7e44e74b1dbbf8ac94f43156da0fecfebadc6271d0da6b7ab9f50dc9f04025fd,wallet_trade_history_v1,none
0xd0d6053c3c37e727402d84c14069780d360993aa,https://polymarket.com/@k9Q2mX4L8A7ZP3R,https://data-api.polymarket.com/activity?user=0xd0d6053c3c37e727402d84c14069780d360993aa&type=TRADE&limit=100&offset=0&sortBy=TIMESTAMP&sortDirection=DESC,activity_primary,TRADE,1774354207,2026-03-24T12:10:07+00:00,0xd6725aac291ede5ffbf744413bd1e5697221c9ed38863db33cae98cd3800e95b,0xa2fda9f86408298bdc36dd3d1bef7957f6cb4ef114fa5e6871f944eb169da774,3001122599774871719771217659422417276145740147746151603625973587736643850787,3001122599774871719771217659422417276145740147746151603625973587736643850787,btc-updown-5m-1774354200,btc-updown-5m-1774354200,"Bitcoin Up or Down - March 24, 8:10AM-8:15AM ET",Down,1,BUY,0.4500000275000124,3.636362,1.636363,endpoint_usdcSize,fast_crypto_up_down,BTC,true,,,unavailable,entry_candidate,0xd0d6053c3c37e727402d84c14069780d360993aa|0xa2fda9f86408298bdc36dd3d1bef7957f6cb4ef114fa5e6871f944eb169da774|3001122599774871719771217659422417276145740147746151603625973587736643850787|Down,0xd0d6053c3c37e727402d84c14069780d360993aa|activity_primary|0xd6725aac291ede5ffbf744413bd1e5697221c9ed38863db33cae98cd3800e95b|0xa2fda9f86408298bdc36dd3d1bef7957f6cb4ef114fa5e6871f944eb169da774|3001122599774871719771217659422417276145740147746151603625973587736643850787|1774354207|buy|0.4500000275000124|3.636362,2026-06-24T20:54:37+00:00,b7c1219fd26b80f57e604aeff460b49245cf0004359dbf74f33aa07cb3a8169f,7e44e74b1dbbf8ac94f43156da0fecfebadc6271d0da6b7ab9f50dc9f04025fd,wallet_trade_history_v1,none
0xd0d6053c3c37e727402d84c14069780d360993aa,https://polymarket.com/@k9Q2mX4L8A7ZP3R,https://data-api.polymarket.com/activity?user=0xd0d6053c3c37e727402d84c14069780d360993aa&type=TRADE&limit=100&offset=0&sortBy=TIMESTAMP&sortDirection=DESC,activity_primary,TRADE,1774354207,2026-03-24T12:10:07+00:00,0xd3cdf3a29584f49b6fe1c4e76104046e9f30cd350a89f6b2ba9e91983b0133ca,0xa2fda9f86408298bdc36dd3d1bef7957f6cb4ef114fa5e6871f944eb169da774,3001122599774871719771217659422417276145740147746151603625973587736643850787,3001122599774871719771217659422417276145740147746151603625973587736643850787,btc-updown-5m-1774354200,btc-updown-5m-1774354200,"Bitcoin Up or Down - March 24, 8:10AM-8:15AM ET",Down,1,BUY,0.45,1.81818,0.818181,endpoint_usdcSize,fast_crypto_up_down,BTC,true,,,unavailable,entry_candidate,0xd0d6053c3c37e727402d84c14069780d360993aa|0xa2fda9f86408298bdc36dd3d1bef7957f6cb4ef114fa5e6871f944eb169da774|3001122599774871719771217659422417276145740147746151603625973587736643850787|Down,0xd0d6053c3c37e727402d84c14069780d360993aa|activity_primary|0xd3cdf3a29584f49b6fe1c4e76104046e9f30cd350a89f6b2ba9e91983b0133ca|0xa2fda9f86408298bdc36dd3d1bef7957f6cb4ef114fa5e6871f944eb169da774|3001122599774871719771217659422417276145740147746151603625973587736643850787|1774354207|buy|0.45|1.81818,2026-06-24T20:54:37+00:00,e4446055ae91119ed7751c6cb398b931b814b37c092e6e180ddc9f5843061991,7e44e74b1dbbf8ac94f43156da0fecfebadc6271d0da6b7ab9f50dc9f04025fd,wallet_trade_history_v1,none
0xd0d6053c3c37e727402d84c14069780d360993aa,https://polymarket.com/@k9Q2mX4L8A7ZP3R,https://data-api.polymarket.com/activity?user=0xd0d6053c3c37e727402d84c14069780d360993aa&type=TRADE&limit=100&offset=0&sortBy=TIMESTAMP&sortDirection=DESC,activity_primary,TRADE,1774354207,2026-03-24T12:10:07+00:00,0x39143c04d24e03b4559df5221498c46913ef339f77487d5239458d73ba17d5e3,0xa2fda9f86408298bdc36dd3d1bef7957f6cb4ef114fa5e6871f944eb169da774,3001122599774871719771217659422417276145740147746151603625973587736643850787,3001122599774871719771217659422417276145740147746151603625973587736643850787,btc-updown-5m-1774354200,btc-updown-5m-1774354200,"Bitcoin Up or Down - March 24, 8:10AM-8:15AM ET",Down,1,BUY,0.45,21.81818,9.818181,endpoint_usdcSize,fast_crypto_up_down,BTC,true,,,unavailable,entry_candidate,0xd0d6053c3c37e727402d84c14069780d360993aa|0xa2fda9f86408298bdc36dd3d1bef7957f6cb4ef114fa5e6871f944eb169da774|3001122599774871719771217659422417276145740147746151603625973587736643850787|Down,0xd0d6053c3c37e727402d84c14069780d360993aa|activity_primary|0x39143c04d24e03b4559df5221498c46913ef339f77487d5239458d73ba17d5e3|0xa2fda9f86408298bdc36dd3d1bef7957f6cb4ef114fa5e6871f944eb169da774|3001122599774871719771217659422417276145740147746151603625973587736643850787|1774354207|buy|0.45|21.81818,2026-06-24T20:54:37+00:00,af9bb5419cf7ec8b407103f42607de669f6ac4a2fd5baa6c28320f869514e4d3,7e44e74b1dbbf8ac94f43156da0fecfebadc6271d0da6b7ab9f50dc9f04025fd,wallet_trade_history_v1,none
0xd0d6053c3c37e727402d84c14069780d360993aa,https://polymarket.com/@k9Q2mX4L8A7ZP3R,https://data-api.polymarket.com/activity?user=0xd0d6053c3c37e727402d84c14069780d360993aa&type=TRADE&limit=100&offset=0&sortBy=TIMESTAMP&sortDirection=DESC,activity_primary,TRADE,1774354205,2026-03-24T12:10:05+00:00,0xa8e99e3ee2936ca22c32b932d7f8c954e4c19d5bfb22aaa52c3ef9f1b3e9455e,0xa2fda9f86408298bdc36dd3d1bef7957f6cb4ef114fa5e6871f944eb169da774,57757711353948206496308974720653041281531664620819592620274509612885753631860,57757711353948206496308974720653041281531664620819592620274509612885753631860,btc-updown-5m-1774354200,btc-updown-5m-1774354200,"Bitcoin Up or Down - March 24, 8:10AM-8:15AM ET",Up,0,BUY,0.56,5,2.8,endpoint_usdcSize,fast_crypto_up_down,BTC,true,,,unavailable,entry_candidate,0xd0d6053c3c37e727402d84c14069780d360993aa|0xa2fda9f86408298bdc36dd3d1bef7957f6cb4ef114fa5e6871f944eb169da774|57757711353948206496308974720653041281531664620819592620274509612885753631860|Up,0xd0d6053c3c37e727402d84c14069780d360993aa|activity_primary|0xa8e99e3ee2936ca22c32b932d7f8c954e4c19d5bfb22aaa52c3ef9f1b3e9455e|0xa2fda9f86408298bdc36dd3d1bef7957f6cb4ef114fa5e6871f944eb169da774|57757711353948206496308974720653041281531664620819592620274509612885753631860|1774354205|buy|0.56|5,2026-06-24T20:54:37+00:00,3b2e66a467b18250a4465bc83d8893994fbb26089a43bb41f9dbeba0170113c1,7e44e74b1dbbf8ac94f43156da0fecfebadc6271d0da6b7ab9f50dc9f04025fd,wallet_trade_history_v1,none
0xd0d6053c3c37e727402d84c14069780d360993aa,https://polymarket.com/@k9Q2mX4L8A7ZP3R,https://data-api.polymarket.com/activity?user=0xd0d6053c3c37e727402d84c14069780d360993aa&type=TRADE&limit=100&offset=0&sortBy=TIMESTAMP&sortDirection=DESC,activity_primary,TRADE,1774354205,2026-03-24T12:10:05+00:00,0xdd45474efb9c223a5a98482697572bbe7f83327c4c38722b669946cdb495d799,0xa2fda9f86408298bdc36dd3d1bef7957f6cb4ef114fa5e6871f944eb169da774,57757711353948206496308974720653041281531664620819592620274509612885753631860,57757711353948206496308974720653041281531664620819592620274509612885753631860,btc-updown-5m-1774354200,btc-updown-5m-1774354200,"Bitcoin Up or Down - March 24, 8:10AM-8:15AM ET",Up,0,BUY,0.56,5,2.8,endpoint_usdcSize,fast_crypto_up_down,BTC,true,,,unavailable,entry_candidate,0xd0d6053c3c37e727402d84c14069780d360993aa|0xa2fda9f86408298bdc36dd3d1bef7957f6cb4ef114fa5e6871f944eb169da774|57757711353948206496308974720653041281531664620819592620274509612885753631860|Up,0xd0d6053c3c37e727402d84c14069780d360993aa|activity_primary|0xdd45474efb9c223a5a98482697572bbe7f83327c4c38722b669946cdb495d799|0xa2fda9f86408298bdc36dd3d1bef7957f6cb4ef114fa5e6871f944eb169da774|57757711353948206496308974720653041281531664620819592620274509612885753631860|1774354205|buy|0.56|5,2026-06-24T20:54:37+00:00,7f758b821f77ca9199d9884459938818da01a2af5be2c16c7e7ebd7e6574e44f,7e44e74b1dbbf8ac94f43156da0fecfebadc6271d0da6b7ab9f50dc9f04025fd,wallet_trade_history_v1,none
0xd0d6053c3c37e727402d84c14069780d360993aa,https://polymarket.com/@k9Q2mX4L8A7ZP3R,https://data-api.polymarket.com/activity?user=0xd0d6053c3c37e727402d84c14069780d360993aa&type=TRADE&limit=100&offset=0&sortBy=TIMESTAMP&sortDirection=DESC,activity_primary,TRADE,1774354179,2026-03-24T12:09:39+00:00,0xab866549e9a12d347ee114ba70a69d5efb6c08cbe18478a4a70eae073e72a2d0,0x1f92e3544ed41cd369a5f42fb581fe411022a196b97590709b3e52b8f849ad0a,8244077164856926411261303233955005884093998385465040993262466644766374364805,8244077164856926411261303233955005884093998385465040993262466644766374364805,btc-updown-5m-1774353900,btc-updown-5m-1774353900,"Bitcoin Up or Down - March 24, 8:05AM-8:10AM ET",Down,1,BUY,0.23,15.22,3.5006,endpoint_usdcSize,fast_crypto_up_down,BTC,true,,,unavailable,entry_candidate,0xd0d6053c3c37e727402d84c14069780d360993aa|0x1f92e3544ed41cd369a5f42fb581fe411022a196b97590709b3e52b8f849ad0a|8244077164856926411261303233955005884093998385465040993262466644766374364805|Down,0xd0d6053c3c37e727402d84c14069780d360993aa|activity_primary|0xab866549e9a12d347ee114ba70a69d5efb6c08cbe18478a4a70eae073e72a2d0|0x1f92e3544ed41cd369a5f42fb581fe411022a196b97590709b3e52b8f849ad0a|8244077164856926411261303233955005884093998385465040993262466644766374364805|1774354179|buy|0.23|15.22,2026-06-24T20:54:37+00:00,ceee500b30779659fba47b70ed3745d2abbcbdc35c8cd0f247ff5b7eb9d99377,7e44e74b1dbbf8ac94f43156da0fecfebadc6271d0da6b7ab9f50dc9f04025fd,wallet_trade_history_v1,none
0xd0d6053c3c37e727402d84c14069780d360993aa,https://polymarket.com/@k9Q2mX4L8A7ZP3R,https://data-api.polymarket.com/activity?user=0xd0d6053c3c37e727402d84c14069780d360993aa&type=TRADE&limit=100&offset=0&sortBy=TIMESTAMP&sortDirection=DESC,activity_primary,TRADE,1774354179,2026-03-24T12:09:39+00:00,0x3ca4dc1979017f87ca0dabd607fddaeb13f67b6e976a9c477ce957034c1d1903,0x1f92e3544ed41cd369a5f42fb581fe411022a196b97590709b3e52b8f849ad0a,8244077164856926411261303233955005884093998385465040993262466644766374364805,8244077164856926411261303233955005884093998385465040993262466644766374364805,btc-updown-5m-1774353900,btc-updown-5m-1774353900,"Bitcoin Up or Down - March 24, 8:05AM-8:10AM ET",Down,1,BUY,0.23,15.78,3.6294,endpoint_usdcSize,fast_crypto_up_down,BTC,true,,,unavailable,entry_candidate,0xd0d6053c3c37e727402d84c14069780d360993aa|0x1f92e3544ed41cd369a5f42fb581fe411022a196b97590709b3e52b8f849ad0a|8244077164856926411261303233955005884093998385465040993262466644766374364805|Down,0xd0d6053c3c37e727402d84c14069780d360993aa|activity_primary|0x3ca4dc1979017f87ca0dabd607fddaeb13f67b6e976a9c477ce957034c1d1903|0x1f92e3544ed41cd369a5f42fb581fe411022a196b97590709b3e52b8f849ad0a|8244077164856926411261303233955005884093998385465040993262466644766374364805|1774354179|buy|0.23|15.78,2026-06-24T20:54:37+00:00,8050b2de396be2e0b1ac9065e34d6ab4472bc1f81fc6b0b5153dcaffbaef1659,7e44e74b1dbbf8ac94f43156da0fecfebadc6271d0da6b7ab9f50dc9f04025fd,wallet_trade_history_v1,none
0xd0d6053c3c37e727402d84c14069780d360993aa,https://polymarket.com/@k9Q2mX4L8A7ZP3R,https://data-api.polymarket.com/activity?user=0xd0d6053c3c37e727402d84c14069780d360993aa&type=TRADE&limit=100&offset=0&sortBy=TIMESTAMP&sortDirection=DESC,activity_primary,TRADE,1774354179,2026-03-24T12:09:39+00:00,0x4ffb841eeab3f467c28f51f5a0bc9208eb019c8f33ecf7d58252358e35f92668,0x1f92e3544ed41cd369a5f42fb581fe411022a196b97590709b3e52b8f849ad0a,8244077164856926411261303233955005884093998385465040993262466644766374364805,8244077164856926411261303233955005884093998385465040993262466644766374364805,btc-updown-5m-1774353900,btc-updown-5m-1774353900,"Bitcoin Up or Down - March 24, 8:05AM-8:10AM ET",Down,1,SELL,0.34,31,10.54,endpoint_usdcSize,fast_crypto_up_down,BTC,true,,,unavailable,exit_candidate,0xd0d6053c3c37e727402d84c14069780d360993aa|0x1f92e3544ed41cd369a5f42fb581fe411022a196b97590709b3e52b8f849ad0a|8244077164856926411261303233955005884093998385465040993262466644766374364805|Down,0xd0d6053c3c37e727402d84c14069780d360993aa|activity_primary|0x4ffb841eeab3f467c28f51f5a0bc9208eb019c8f33ecf7d58252358e35f92668|0x1f92e3544ed41cd369a5f42fb581fe411022a196b97590709b3e52b8f849ad0a|8244077164856926411261303233955005884093998385465040993262466644766374364805|1774354179|sell|0.34|31,2026-06-24T20:54:37+00:00,0fc4e22fa319c981f3779c74805fd6b54795aec4270c3b3b2f3bcc40f31fd274,7e44e74b1dbbf8ac94f43156da0fecfebadc6271d0da6b7ab9f50dc9f04025fd,wallet_trade_history_v1,none
0xd0d6053c3c37e727402d84c14069780d360993aa,https://polymarket.com/@k9Q2mX4L8A7ZP3R,https://data-api.polymarket.com/activity?user=0xd0d6053c3c37e727402d84c14069780d360993aa&type=TRADE&limit=100&offset=0&sortBy=TIMESTAMP&sortDirection=DESC,activity_primary,TRADE,1774354179,2026-03-24T12:09:39+00:00,0x37e72a072d4da81de99a1d0e64bb672d5f8a3dc4e46eac7a39814f73d7739c8b,0x1f92e3544ed41cd369a5f42fb581fe411022a196b97590709b3e52b8f849ad0a,8244077164856926411261303233955005884093998385465040993262466644766374364805,8244077164856926411261303233955005884093998385465040993262466644766374364805,btc-updown-5m-1774353900,btc-updown-5m-1774353900,"Bitcoin Up or Down - March 24, 8:05AM-8:10AM ET",Down,1,BUY,0.35,31,10.85,endpoint_usdcSize,fast_crypto_up_down,BTC,true,,,unavailable,entry_candidate,0xd0d6053c3c37e727402d84c14069780d360993aa|0x1f92e3544ed41cd369a5f42fb581fe411022a196b97590709b3e52b8f849ad0a|8244077164856926411261303233955005884093998385465040993262466644766374364805|Down,0xd0d6053c3c37e727402d84c14069780d360993aa|activity_primary|0x37e72a072d4da81de99a1d0e64bb672d5f8a3dc4e46eac7a39814f73d7739c8b|0x1f92e3544ed41cd369a5f42fb581fe411022a196b97590709b3e52b8f849ad0a|8244077164856926411261303233955005884093998385465040993262466644766374364805|1774354179|buy|0.35|31,2026-06-24T20:54:37+00:00,a1147cd92a1be19962163af5064abf9279e3124acef034ebee8a899ce6f01c8b,7e44e74b1dbbf8ac94f43156da0fecfebadc6271d0da6b7ab9f50dc9f04025fd,wallet_trade_history_v1,none
0xd0d6053c3c37e727402d84c14069780d360993aa,https://polymarket.com/@k9Q2mX4L8A7ZP3R,https://data-api.polymarket.com/activity?user=0xd0d6053c3c37e727402d84c14069780d360993aa&type=TRADE&limit=100&offset=0&sortBy=TIMESTAMP&sortDirection=DESC,activity_primary,TRADE,1774354177,2026-03-24T12:09:37+00:00,0x4f8aa3b97e55bbe3b8d4a99432a57ad0da3308271ffd1a3459fdc4cb655a8a88,0x1f92e3544ed41cd369a5f42fb581fe411022a196b97590709b3e52b8f849ad0a,8244077164856926411261303233955005884093998385465040993262466644766374364805,8244077164856926411261303233955005884093998385465040993262466644766374364805,btc-updown-5m-1774353900,btc-updown-5m-1774353900,"Bitcoin Up or Down - March 24, 8:05AM-8:10AM ET",Down,1,SELL,0.21,1.15,0.2415,endpoint_usdcSize,fast_crypto_up_down,BTC,true,,,unavailable,exit_candidate,0xd0d6053c3c37e727402d84c14069780d360993aa|0x1f92e3544ed41cd369a5f42fb581fe411022a196b97590709b3e52b8f849ad0a|8244077164856926411261303233955005884093998385465040993262466644766374364805|Down,0xd0d6053c3c37e727402d84c14069780d360993aa|activity_primary|0x4f8aa3b97e55bbe3b8d4a99432a57ad0da3308271ffd1a3459fdc4cb655a8a88|0x1f92e3544ed41cd369a5f42fb581fe411022a196b97590709b3e52b8f849ad0a|8244077164856926411261303233955005884093998385465040993262466644766374364805|1774354177|sell|0.21|1.15,2026-06-24T20:54:37+00:00,8dadaf197b329195c7b7d47cbd90775ba953ccf964735d5216a5d2c29d4c3467,7e44e74b1dbbf8ac94f43156da0fecfebadc6271d0da6b7ab9f50dc9f04025fd,wallet_trade_history_v1,none
0xd0d6053c3c37e727402d84c14069780d360993aa,https://polymarket.com/@k9Q2mX4L8A7ZP3R,https://data-api.polymarket.com/activity?user=0xd0d6053c3c37e727402d84c14069780d360993aa&type=TRADE&limit=100&offset=0&sortBy=TIMESTAMP&sortDirection=DESC,activity_primary,TRADE,1774354177,2026-03-24T12:09:37+00:00,0x4373f952b3acbc2fac49adcf73a5304aa5099cba3bb3021e1d8fff7c96de4390,0x1f92e3544ed41cd369a5f42fb581fe411022a196b97590709b3e52b8f849ad0a,8244077164856926411261303233955005884093998385465040993262466644766374364805,8244077164856926411261303233955005884093998385465040993262466644766374364805,btc-updown-5m-1774353900,btc-updown-5m-1774353900,"Bitcoin Up or Down - March 24, 8:05AM-8:10AM ET",Down,1,SELL,0.21,2.85,0.5985,endpoint_usdcSize,fast_crypto_up_down,BTC,true,,,unavailable,exit_candidate,0xd0d6053c3c37e727402d84c14069780d360993aa|0x1f92e3544ed41cd369a5f42fb581fe411022a196b97590709b3e52b8f849ad0a|8244077164856926411261303233955005884093998385465040993262466644766374364805|Down,0xd0d6053c3c37e727402d84c14069780d360993aa|activity_primary|0x4373f952b3acbc2fac49adcf73a5304aa5099cba3bb3021e1d8fff7c96de4390|0x1f92e3544ed41cd369a5f42fb581fe411022a196b97590709b3e52b8f849ad0a|8244077164856926411261303233955005884093998385465040993262466644766374364805|1774354177|sell|0.21|2.85,2026-06-24T20:54:37+00:00,1b228b01bf6ebe25d60f86c9b99a26c2de03bbe76c0aec764495e6d0592c7f63,7e44e74b1dbbf8ac94f43156da0fecfebadc6271d0da6b7ab9f50dc9f04025fd,wallet_trade_history_v1,none
0xd0d6053c3c37e727402d84c14069780d360993aa,https://polymarket.com/@k9Q2mX4L8A7ZP3R,https://data-api.polymarket.com/activity?user=0xd0d6053c3c37e727402d84c14069780d360993aa&type=TRADE&limit=100&offset=0&sortBy=TIMESTAMP&sortDirection=DESC,activity_primary,TRADE,1774354177,2026-03-24T12:09:37+00:00,0x7e3327142aa0579d78ea32397d0bc004cdca06c267c5d486fa47b14536d03500,0x1f92e3544ed41cd369a5f42fb581fe411022a196b97590709b3e52b8f849ad0a,8244077164856926411261303233955005884093998385465040993262466644766374364805,8244077164856926411261303233955005884093998385465040993262466644766374364805,btc-updown-5m-1774353900,btc-updown-5m-1774353900,"Bitcoin Up or Down - March 24, 8:05AM-8:10AM ET",Down,1,SELL,0.21,27,5.67,endpoint_usdcSize,fast_crypto_up_down,BTC,true,,,unavailable,exit_candidate,0xd0d6053c3c37e727402d84c14069780d360993aa|0x1f92e3544ed41cd369a5f42fb581fe411022a196b97590709b3e52b8f849ad0a|8244077164856926411261303233955005884093998385465040993262466644766374364805|Down,0xd0d6053c3c37e727402d84c14069780d360993aa|activity_primary|0x7e3327142aa0579d78ea32397d0bc004cdca06c267c5d486fa47b14536d03500|0x1f92e3544ed41cd369a5f42fb581fe411022a196b97590709b3e52b8f849ad0a|8244077164856926411261303233955005884093998385465040993262466644766374364805|1774354177|sell|0.21|27,2026-06-24T20:54:37+00:00,f1d1abd5c3039ed306188c99645d9f9624db000f6bfe37b60d8eca94983d8958,7e44e74b1dbbf8ac94f43156da0fecfebadc6271d0da6b7ab9f50dc9f04025fd,wallet_trade_history_v1,none
0xd0d6053c3c37e727402d84c14069780d360993aa,https://polymarket.com/@k9Q2mX4L8A7ZP3R,https://data-api.polymarket.com/activity?user=0xd0d6053c3c37e727402d84c14069780d360993aa&type=TRADE&limit=100&offset=0&sortBy=TIMESTAMP&sortDirection=DESC,activity_primary,TRADE,1774354177,2026-03-24T12:09:37+00:00,0xdcc0caa676be6b24e3980cbc8cac4295336c2a4cd68e5830db94578f5d5d6b9f,0x1f92e3544ed41cd369a5f42fb581fe411022a196b97590709b3e52b8f849ad0a,8244077164856926411261303233955005884093998385465040993262466644766374364805,8244077164856926411261303233955005884093998385465040993262466644766374364805,btc-updown-5m-1774353900,btc-updown-5m-1774353900,"Bitcoin Up or Down - March 24, 8:05AM-8:10AM ET",Down,1,BUY,0.21,31,6.51,endpoint_usdcSize,fast_crypto_up_down,BTC,true,,,unavailable,entry_candidate,0xd0d6053c3c37e727402d84c14069780d360993aa|0x1f92e3544ed41cd369a5f42fb581fe411022a196b97590709b3e52b8f849ad0a|8244077164856926411261303233955005884093998385465040993262466644766374364805|Down,0xd0d6053c3c37e727402d84c14069780d360993aa|activity_primary|0xdcc0caa676be6b24e3980cbc8cac4295336c2a4cd68e5830db94578f5d5d6b9f|0x1f92e3544ed41cd369a5f42fb581fe411022a196b97590709b3e52b8f849ad0a|8244077164856926411261303233955005884093998385465040993262466644766374364805|1774354177|buy|0.21|31,2026-06-24T20:54:37+00:00,8b2c4f00267366fd82840a17ff176b95539457565c0b02bfff9bbf032a1d4b8d,7e44e74b1dbbf8ac94f43156da0fecfebadc6271d0da6b7ab9f50dc9f04025fd,wallet_trade_history_v1,none
0xd0d6053c3c37e727402d84c14069780d360993aa,https://polymarket.com/@k9Q2mX4L8A7ZP3R,https://data-api.polymarket.com/activity?user=0xd0d6053c3c37e727402d84c14069780d360993aa&type=TRADE&limit=100&offset=0&sortBy=TIMESTAMP&sortDirection=DESC,activity_primary,TRADE,1774354167,2026-03-24T12:09:27+00:00,0x19c43d85633b134da06a8867dcb9b0058726f36df61a1bc915a8b2dea48a9575,0x1f92e3544ed41cd369a5f42fb581fe411022a196b97590709b3e52b8f849ad0a,8244077164856926411261303233955005884093998385465040993262466644766374364805,8244077164856926411261303233955005884093998385465040993262466644766374364805,btc-updown-5m-1774353900,btc-updown-5m-1774353900,"Bitcoin Up or Down - March 24, 8:05AM-8:10AM ET",Down,1,SELL,0.27,16.5,4.455,endpoint_usdcSize,fast_crypto_up_down,BTC,true,,,unavailable,exit_candidate,0xd0d6053c3c37e727402d84c14069780d360993aa|0x1f92e3544ed41cd369a5f42fb581fe411022a196b97590709b3e52b8f849ad0a|8244077164856926411261303233955005884093998385465040993262466644766374364805|Down,0xd0d6053c3c37e727402d84c14069780d360993aa|activity_primary|0x19c43d85633b134da06a8867dcb9b0058726f36df61a1bc915a8b2dea48a9575|0x1f92e3544ed41cd369a5f42fb581fe411022a196b97590709b3e52b8f849ad0a|8244077164856926411261303233955005884093998385465040993262466644766374364805|1774354167|sell|0.27|16.5,2026-06-24T20:54:37+00:00,afede52dfca45d92ec1b502064aef98226f31713d403054da33d65968f75b3d9,7e44e74b1dbbf8ac94f43156da0fecfebadc6271d0da6b7ab9f50dc9f04025fd,wallet_trade_history_v1,none
0xd0d6053c3c37e727402d84c14069780d360993aa,https://polymarket.com/@k9Q2mX4L8A7ZP3R,https://data-api.polymarket.com/activity?user=0xd0d6053c3c37e727402d84c14069780d360993aa&type=TRADE&limit=100&offset=0&sortBy=TIMESTAMP&sortDirection=DESC,activity_primary,TRADE,1774354165,2026-03-24T12:09:25+00:00,0x99ff9fe34c90b12a78651100102370281d18a6dc351e6f945fa3f7dfa49e0e3b,0x1f92e3544ed41cd369a5f42fb581fe411022a196b97590709b3e52b8f849ad0a,8244077164856926411261303233955005884093998385465040993262466644766374364805,8244077164856926411261303233955005884093998385465040993262466644766374364805,btc-updown-5m-1774353900,btc-updown-5m-1774353900,"Bitcoin Up or Down - March 24, 8:05AM-8:10AM ET",Down,1,SELL,0.27,9.44,2.5488,endpoint_usdcSize,fast_crypto_up_down,BTC,true,,,unavailable,exit_candidate,0xd0d6053c3c37e727402d84c14069780d360993aa|0x1f92e3544ed41cd369a5f42fb581fe411022a196b97590709b3e52b8f849ad0a|8244077164856926411261303233955005884093998385465040993262466644766374364805|Down,0xd0d6053c3c37e727402d84c14069780d360993aa|activity_primary|0x99ff9fe34c90b12a78651100102370281d18a6dc351e6f945fa3f7dfa49e0e3b|0x1f92e3544ed41cd369a5f42fb581fe411022a196b97590709b3e52b8f849ad0a|8244077164856926411261303233955005884093998385465040993262466644766374364805|1774354165|sell|0.27|9.44,2026-06-24T20:54:37+00:00,87ad599fb61c94db02a201a109d2f8740eab40abc20eaa992d54cb021f603088,7e44e74b1dbbf8ac94f43156da0fecfebadc6271d0da6b7ab9f50dc9f04025fd,wallet_trade_history_v1,none
0xd0d6053c3c37e727402d84c14069780d360993aa,https://polymarket.com/@k9Q2mX4L8A7ZP3R,https://data-api.polymarket.com/activity?user=0xd0d6053c3c37e727402d84c14069780d360993aa&type=TRADE&limit=100&offset=0&sortBy=TIMESTAMP&sortDirection=DESC,activity_primary,TRADE,1774354165,2026-03-24T12:09:25+00:00,0xda3b3ac6c885e3dffc4ff882f65c2458521d76bbf0768d5f60360b3e4b9ecdab,0x1f92e3544ed41cd369a5f42fb581fe411022a196b97590709b3e52b8f849ad0a,8244077164856926411261303233955005884093998385465040993262466644766374364805,8244077164856926411261303233955005884093998385465040993262466644766374364805,btc-updown-5m-1774353900,btc-updown-5m-1774353900,"Bitcoin Up or Down - March 24, 8:05AM-8:10AM ET",Down,1,SELL,0.27,5.06,1.3662,endpoint_usdcSize,fast_crypto_up_down,BTC,true,,,unavailable,exit_candidate,0xd0d6053c3c37e727402d84c14069780d360993aa|0x1f92e3544ed41cd369a5f42fb581fe411022a196b97590709b3e52b8f849ad0a|8244077164856926411261303233955005884093998385465040993262466644766374364805|Down,0xd0d6053c3c37e727402d84c14069780d360993aa|activity_primary|0xda3b3ac6c885e3dffc4ff882f65c2458521d76bbf0768d5f60360b3e4b9ecdab|0x1f92e3544ed41cd369a5f42fb581fe411022a196b97590709b3e52b8f849ad0a|8244077164856926411261303233955005884093998385465040993262466644766374364805|1774354165|sell|0.27|5.06,2026-06-24T20:54:37+00:00,1ee5ca8e96b83ef92843565cb8ebbdf5a5121cd04b5250615eb92a481c0612d5,7e44e74b1dbbf8ac94f43156da0fecfebadc6271d0da6b7ab9f50dc9f04025fd,wallet_trade_history_v1,none
0xd0d6053c3c37e727402d84c14069780d360993aa,https://polymarket.com/@k9Q2mX4L8A7ZP3R,https://data-api.polymarket.com/activity?user=0xd0d6053c3c37e727402d84c14069780d360993aa&type=TRADE&limit=100&offset=0&sortBy=TIMESTAMP&sortDirection=DESC,activity_primary,TRADE,1774354165,2026-03-24T12:09:25+00:00,0x202e0de288f73094f343fd60a79454442a88b120ef744ff79d06ffde4e994750,0x1f92e3544ed41cd369a5f42fb581fe411022a196b97590709b3e52b8f849ad0a,8244077164856926411261303233955005884093998385465040993262466644766374364805,8244077164856926411261303233955005884093998385465040993262466644766374364805,btc-updown-5m-1774353900,btc-updown-5m-1774353900,"Bitcoin Up or Down - March 24, 8:05AM-8:10AM ET",Down,1,SELL,0.26,31,8.06,endpoint_usdcSize,fast_crypto_up_down,BTC,true,,,unavailable,exit_candidate,0xd0d6053c3c37e727402d84c14069780d360993aa|0x1f92e3544ed41cd369a5f42fb581fe411022a196b97590709b3e52b8f849ad0a|8244077164856926411261303233955005884093998385465040993262466644766374364805|Down,0xd0d6053c3c37e727402d84c14069780d360993aa|activity_primary|0x202e0de288f73094f343fd60a79454442a88b120ef744ff79d06ffde4e994750|0x1f92e3544ed41cd369a5f42fb581fe411022a196b97590709b3e52b8f849ad0a|8244077164856926411261303233955005884093998385465040993262466644766374364805|1774354165|sell|0.26|31,2026-06-24T20:54:37+00:00,c68ed0d4a21bc342191527d5771bdbd52827d17d7ac643725f99b4c2392ad4e7,7e44e74b1dbbf8ac94f43156da0fecfebadc6271d0da6b7ab9f50dc9f04025fd,wallet_trade_history_v1,none
0xd0d6053c3c37e727402d84c14069780d360993aa,https://polymarket.com/@k9Q2mX4L8A7ZP3R,https://data-api.polymarket.com/activity?user=0xd0d6053c3c37e727402d84c14069780d360993aa&type=TRADE&limit=100&offset=0&sortBy=TIMESTAMP&sortDirection=DESC,activity_primary,TRADE,1774354165,2026-03-24T12:09:25+00:00,0x4851e5f21813208afe5ee12ad36f8f6bf8661a87badf423dedbdda2b5b4afbb6,0x1f92e3544ed41cd369a5f42fb581fe411022a196b97590709b3e52b8f849ad0a,8244077164856926411261303233955005884093998385465040993262466644766374364805,8244077164856926411261303233955005884093998385465040993262466644766374364805,btc-updown-5m-1774353900,btc-updown-5m-1774353900,"Bitcoin Up or Down - March 24, 8:05AM-8:10AM ET",Down,1,SELL,0.26,31,8.06,endpoint_usdcSize,fast_crypto_up_down,BTC,true,,,unavailable,exit_candidate,0xd0d6053c3c37e727402d84c14069780d360993aa|0x1f92e3544ed41cd369a5f42fb581fe411022a196b97590709b3e52b8f849ad0a|8244077164856926411261303233955005884093998385465040993262466644766374364805|Down,0xd0d6053c3c37e727402d84c14069780d360993aa|activity_primary|0x4851e5f21813208afe5ee12ad36f8f6bf8661a87badf423dedbdda2b5b4afbb6|0x1f92e3544ed41cd369a5f42fb581fe411022a196b97590709b3e52b8f849ad0a|8244077164856926411261303233955005884093998385465040993262466644766374364805|1774354165|sell|0.26|31,2026-06-24T20:54:37+00:00,948ded7a8c1c5a603332df078765ecb246bf5670be4fac90118f007c55899890,7e44e74b1dbbf8ac94f43156da0fecfebadc6271d0da6b7ab9f50dc9f04025fd,wallet_trade_history_v1,none
0xd0d6053c3c37e727402d84c14069780d360993aa,https://polymarket.com/@k9Q2mX4L8A7ZP3R,https://data-api.polymarket.com/activity?user=0xd0d6053c3c37e727402d84c14069780d360993aa&type=TRADE&limit=100&offset=0&sortBy=TIMESTAMP&sortDirection=DESC,activity_primary,TRADE,1774354161,2026-03-24T12:09:21+00:00,0x79ec4a911f247ce83140a15cc3917c5d634bd36c1c3711df5dd83d4784ef5223,0x1f92e3544ed41cd369a5f42fb581fe411022a196b97590709b3e52b8f849ad0a,8244077164856926411261303233955005884093998385465040993262466644766374364805,8244077164856926411261303233955005884093998385465040993262466644766374364805,btc-updown-5m-1774353900,btc-updown-5m-1774353900,"Bitcoin Up or Down - March 24, 8:05AM-8:10AM ET",Down,1,BUY,0.41,31,12.71,endpoint_usdcSize,fast_crypto_up_down,BTC,true,,,unavailable,entry_candidate,0xd0d6053c3c37e727402d84c14069780d360993aa|0x1f92e3544ed41cd369a5f42fb581fe411022a196b97590709b3e52b8f849ad0a|8244077164856926411261303233955005884093998385465040993262466644766374364805|Down,0xd0d6053c3c37e727402d84c14069780d360993aa|activity_primary|0x79ec4a911f247ce83140a15cc3917c5d634bd36c1c3711df5dd83d4784ef5223|0x1f92e3544ed41cd369a5f42fb581fe411022a196b97590709b3e52b8f849ad0a|8244077164856926411261303233955005884093998385465040993262466644766374364805|1774354161|buy|0.41|31,2026-06-24T20:54:37+00:00,69fc469f46457655a938033484e51c38e841bb64f5e18a9349a966e74b7d565b,7e44e74b1dbbf8ac94f43156da0fecfebadc6271d0da6b7ab9f50dc9f04025fd,wallet_trade_history_v1,none
0xd0d6053c3c37e727402d84c14069780d360993aa,https://polymarket.com/@k9Q2mX4L8A7ZP3R,https://data-api.polymarket.com/activity?user=0xd0d6053c3c37e727402d84c14069780d360993aa&type=TRADE&limit=100&offset=0&sortBy=TIMESTAMP&sortDirection=DESC,activity_primary,TRADE,1774354159,2026-03-24T12:09:19+00:00,0x0bf8e5fb9e23daea2d1f590fdb22b58d7177b3d7f3a8d20a0df254861f501e6c,0x1f92e3544ed41cd369a5f42fb581fe411022a196b97590709b3e52b8f849ad0a,18125977540959621330469258877926842156733473654330308716310760170896087567874,18125977540959621330469258877926842156733473654330308716310760170896087567874,btc-updown-5m-1774353900,btc-updown-5m-1774353900,"Bitcoin Up or Down - March 24, 8:05AM-8:10AM ET",Up,0,BUY,0.59,24.3,14.337,endpoint_usdcSize,fast_crypto_up_down,BTC,true,,,unavailable,entry_candidate,0xd0d6053c3c37e727402d84c14069780d360993aa|0x1f92e3544ed41cd369a5f42fb581fe411022a196b97590709b3e52b8f849ad0a|18125977540959621330469258877926842156733473654330308716310760170896087567874|Up,0xd0d6053c3c37e727402d84c14069780d360993aa|activity_primary|0x0bf8e5fb9e23daea2d1f590fdb22b58d7177b3d7f3a8d20a0df254861f501e6c|0x1f92e3544ed41cd369a5f42fb581fe411022a196b97590709b3e52b8f849ad0a|18125977540959621330469258877926842156733473654330308716310760170896087567874|1774354159|buy|0.59|24.3,2026-06-24T20:54:37+00:00,66a06081ec77d2b1dd55b5d53d3521466801df20d1ef31dd14183aff46fdfbb8,7e44e74b1dbbf8ac94f43156da0fecfebadc6271d0da6b7ab9f50dc9f04025fd,wallet_trade_history_v1,none
0xd0d6053c3c37e727402d84c14069780d360993aa,https://polymarket.com/@k9Q2mX4L8A7ZP3R,https://data-api.polymarket.com/activity?user=0xd0d6053c3c37e727402d84c14069780d360993aa&type=TRADE&limit=100&offset=0&sortBy=TIMESTAMP&sortDirection=DESC,activity_primary,TRADE,1774354159,2026-03-24T12:09:19+00:00,0xf1ae00b6821c950e2f19d81ae4c724aa625487d49d9076661ba235bc1d780047,0x1f92e3544ed41cd369a5f42fb581fe411022a196b97590709b3e52b8f849ad0a,18125977540959621330469258877926842156733473654330308716310760170896087567874,18125977540959621330469258877926842156733473654330308716310760170896087567874,btc-updown-5m-1774353900,btc-updown-5m-1774353900,"Bitcoin Up or Down - March 24, 8:05AM-8:10AM ET",Up,0,BUY,0.59,6.7,3.953,endpoint_usdcSize,fast_crypto_up_down,BTC,true,,,unavailable,entry_candidate,0xd0d6053c3c37e727402d84c14069780d360993aa|0x1f92e3544ed41cd369a5f42fb581fe411022a196b97590709b3e52b8f849ad0a|18125977540959621330469258877926842156733473654330308716310760170896087567874|Up,0xd0d6053c3c37e727402d84c14069780d360993aa|activity_primary|0xf1ae00b6821c950e2f19d81ae4c724aa625487d49d9076661ba235bc1d780047|0x1f92e3544ed41cd369a5f42fb581fe411022a196b97590709b3e52b8f849ad0a|18125977540959621330469258877926842156733473654330308716310760170896087567874|1774354159|buy|0.59|6.7,2026-06-24T20:54:37+00:00,3e70fcd3639f567810aeca193d6461d8ac3679c1bb7ad3cecdc362e127671c10,7e44e74b1dbbf8ac94f43156da0fecfebadc6271d0da6b7ab9f50dc9f04025fd,wallet_trade_history_v1,none
0xd0d6053c3c37e727402d84c14069780d360993aa,https://polymarket.com/@k9Q2mX4L8A7ZP3R,https://data-api.polymarket.com/activity?user=0xd0d6053c3c37e727402d84c14069780d360993aa&type=TRADE&limit=100&offset=0&sortBy=TIMESTAMP&sortDirection=DESC,activity_primary,TRADE,1774354157,2026-03-24T12:09:17+00:00,0x159c3f670193aebf2b6fd19061e86bb48fce703e922d9e0f773f8dbac7cd142e,0x1f92e3544ed41cd369a5f42fb581fe411022a196b97590709b3e52b8f849ad0a,8244077164856926411261303233955005884093998385465040993262466644766374364805,8244077164856926411261303233955005884093998385465040993262466644766374364805,btc-updown-5m-1774353900,btc-updown-5m-1774353900,"Bitcoin Up or Down - March 24, 8:05AM-8:10AM ET",Down,1,SELL,0.35,30,10.5,endpoint_usdcSize,fast_crypto_up_down,BTC,true,,,unavailable,exit_candidate,0xd0d6053c3c37e727402d84c14069780d360993aa|0x1f92e3544ed41cd369a5f42fb581fe411022a196b97590709b3e52b8f849ad0a|8244077164856926411261303233955005884093998385465040993262466644766374364805|Down,0xd0d6053c3c37e727402d84c14069780d360993aa|activity_primary|0x159c3f670193aebf2b6fd19061e86bb48fce703e922d9e0f773f8dbac7cd142e|0x1f92e3544ed41cd369a5f42fb581fe411022a196b97590709b3e52b8f849ad0a|8244077164856926411261303233955005884093998385465040993262466644766374364805|1774354157|sell|0.35|30,2026-06-24T20:54:37+00:00,53e930cc6f21dd26de1b5ae381c434493d54ad82ad115f1e77ad16599ffc7770,7e44e74b1dbbf8ac94f43156da0fecfebadc6271d0da6b7ab9f50dc9f04025fd,wallet_trade_history_v1,none
0xd0d6053c3c37e727402d84c14069780d360993aa,https://polymarket.com/@k9Q2mX4L8A7ZP3R,https://data-api.polymarket.com/activity?user=0xd0d6053c3c37e727402d84c14069780d360993aa&type=TRADE&limit=100&offset=0&sortBy=TIMESTAMP&sortDirection=DESC,activity_primary,TRADE,1774354157,2026-03-24T12:09:17+00:00,0xfb1b0fab9c7117c0b9ccc94f4f3367e7a3ad3ab4bbff751b09bedd17a48dec20,0x1f92e3544ed41cd369a5f42fb581fe411022a196b97590709b3e52b8f849ad0a,8244077164856926411261303233955005884093998385465040993262466644766374364805,8244077164856926411261303233955005884093998385465040993262466644766374364805,btc-updown-5m-1774353900,btc-updown-5m-1774353900,"Bitcoin Up or Down - March 24, 8:05AM-8:10AM ET",Down,1,BUY,0.3900000244000039,8.19672,3.196721,endpoint_usdcSize,fast_crypto_up_down,BTC,true,,,unavailable,entry_candidate,0xd0d6053c3c37e727402d84c14069780d360993aa|0x1f92e3544ed41cd369a5f42fb581fe411022a196b97590709b3e52b8f849ad0a|8244077164856926411261303233955005884093998385465040993262466644766374364805|Down,0xd0d6053c3c37e727402d84c14069780d360993aa|activity_primary|0xfb1b0fab9c7117c0b9ccc94f4f3367e7a3ad3ab4bbff751b09bedd17a48dec20|0x1f92e3544ed41cd369a5f42fb581fe411022a196b97590709b3e52b8f849ad0a|8244077164856926411261303233955005884093998385465040993262466644766374364805|1774354157|buy|0.3900000244000039|8.19672,2026-06-24T20:54:37+00:00,a6e97d6b1ba7fe01d5142a9ce7d6baf1f83e5501b9d72ad9fea35be410172d46,7e44e74b1dbbf8ac94f43156da0fecfebadc6271d0da6b7ab9f50dc9f04025fd,wallet_trade_history_v1,none
0xd0d6053c3c37e727402d84c14069780d360993aa,https://polymarket.com/@k9Q2mX4L8A7ZP3R,https://data-api.polymarket.com/activity?user=0xd0d6053c3c37e727402d84c14069780d360993aa&type=TRADE&limit=100&offset=0&sortBy=TIMESTAMP&sortDirection=DESC,activity_primary,TRADE,1774354157,2026-03-24T12:09:17+00:00,0xd59ff857f230157f661ae92bfc2a983dda47a9c5599cb8bc3f191eb8fed75d41,0x1f92e3544ed41cd369a5f42fb581fe411022a196b97590709b3e52b8f849ad0a,8244077164856926411261303233955005884093998385465040993262466644766374364805,8244077164856926411261303233955005884093998385465040993262466644766374364805,btc-updown-5m-1774353900,btc-updown-5m-1774353900,"Bitcoin Up or Down - March 24, 8:05AM-8:10AM ET",Down,1,BUY,0.36,31,11.16,endpoint_usdcSize,fast_crypto_up_down,BTC,true,,,unavailable,entry_candidate,0xd0d6053c3c37e727402d84c14069780d360993aa|0x1f92e3544ed41cd369a5f42fb581fe411022a196b97590709b3e52b8f849ad0a|8244077164856926411261303233955005884093998385465040993262466644766374364805|Down,0xd0d6053c3c37e727402d84c14069780d360993aa|activity_primary|0xd59ff857f230157f661ae92bfc2a983dda47a9c5599cb8bc3f191eb8fed75d41|0x1f92e3544ed41cd369a5f42fb581fe411022a196b97590709b3e52b8f849ad0a|8244077164856926411261303233955005884093998385465040993262466644766374364805|1774354157|buy|0.36|31,2026-06-24T20:54:37+00:00,632dd864c5b36ec3f0e2079b666ba583806d8f6c12d2ee8d5dd91ca3c626f25c,7e44e74b1dbbf8ac94f43156da0fecfebadc6271d0da6b7ab9f50dc9f04025fd,wallet_trade_history_v1,none
0xd0d6053c3c37e727402d84c14069780d360993aa,https://polymarket.com/@k9Q2mX4L8A7ZP3R,https://data-api.polymarket.com/activity?user=0xd0d6053c3c37e727402d84c14069780d360993aa&type=TRADE&limit=100&offset=0&sortBy=TIMESTAMP&sortDirection=DESC,activity_primary,TRADE,1774354157,2026-03-24T12:09:17+00:00,0xd59ff857f230157f661ae92bfc2a983dda47a9c5599cb8bc3f191eb8fed75d41,0x1f92e3544ed41cd369a5f42fb581fe411022a196b97590709b3e52b8f849ad0a,8244077164856926411261303233955005884093998385465040993262466644766374364805,8244077164856926411261303233955005884093998385465040993262466644766374364805,btc-updown-5m-1774353900,btc-updown-5m-1774353900,"Bitcoin Up or Down - March 24, 8:05AM-8:10AM ET",Down,1,BUY,0.39,21.12,8.2368,endpoint_usdcSize,fast_crypto_up_down,BTC,true,,,unavailable,entry_candidate,0xd0d6053c3c37e727402d84c14069780d360993aa|0x1f92e3544ed41cd369a5f42fb581fe411022a196b97590709b3e52b8f849ad0a|8244077164856926411261303233955005884093998385465040993262466644766374364805|Down,0xd0d6053c3c37e727402d84c14069780d360993aa|activity_primary|0xd59ff857f230157f661ae92bfc2a983dda47a9c5599cb8bc3f191eb8fed75d41|0x1f92e3544ed41cd369a5f42fb581fe411022a196b97590709b3e52b8f849ad0a|8244077164856926411261303233955005884093998385465040993262466644766374364805|1774354157|buy|0.39|21.12,2026-06-24T20:54:37+00:00,3e9db44616bd7b6f6ec4dce6e1433e56cf679efe329cf082a86c02538a33b473,7e44e74b1dbbf8ac94f43156da0fecfebadc6271d0da6b7ab9f50dc9f04025fd,wallet_trade_history_v1,none
0xd0d6053c3c37e727402d84c14069780d360993aa,https://polymarket.com/@k9Q2mX4L8A7ZP3R,https://data-api.polymarket.com/activity?user=0xd0d6053c3c37e727402d84c14069780d360993aa&type=TRADE&limit=100&offset=0&sortBy=TIMESTAMP&sortDirection=DESC,activity_primary,TRADE,1774354157,2026-03-24T12:09:17+00:00,0x0bf43c35ce0d53f562b8c1bdeca314fb20ee8dd82bf3757007dc32106303fbc1,0x1f92e3544ed41cd369a5f42fb581fe411022a196b97590709b3e52b8f849ad0a,8244077164856926411261303233955005884093998385465040993262466644766374364805,8244077164856926411261303233955005884093998385465040993262466644766374364805,btc-updown-5m-1774353900,btc-updown-5m-1774353900,"Bitcoin Up or Down - March 24, 8:05AM-8:10AM ET",Down,1,BUY,0.39000014030010804,1.639343,0.639344,endpoint_usdcSize,fast_crypto_up_down,BTC,true,,,unavailable,entry_candidate,0xd0d6053c3c37e727402d84c14069780d360993aa|0x1f92e3544ed41cd369a5f42fb581fe411022a196b97590709b3e52b8f849ad0a|8244077164856926411261303233955005884093998385465040993262466644766374364805|Down,0xd0d6053c3c37e727402d84c14069780d360993aa|activity_primary|0x0bf43c35ce0d53f562b8c1bdeca314fb20ee8dd82bf3757007dc32106303fbc1|0x1f92e3544ed41cd369a5f42fb581fe411022a196b97590709b3e52b8f849ad0a|8244077164856926411261303233955005884093998385465040993262466644766374364805|1774354157|buy|0.39000014030010804|1.639343,2026-06-24T20:54:37+00:00,32801227acd67e2845fe044fe69d21017d393ff6dad8dd07cd6771bc2360d47f,7e44e74b1dbbf8ac94f43156da0fecfebadc6271d0da6b7ab9f50dc9f04025fd,wallet_trade_history_v1,none
0xd0d6053c3c37e727402d84c14069780d360993aa,https://polymarket.com/@k9Q2mX4L8A7ZP3R,https://data-api.polymarket.com/activity?user=0xd0d6053c3c37e727402d84c14069780d360993aa&type=TRADE&limit=100&offset=0&sortBy=TIMESTAMP&sortDirection=DESC,activity_primary,TRADE,1774354157,2026-03-24T12:09:17+00:00,0x0d4ebd2483e15d9313c206c0f91e077417eddff31aec93eb533cb421673bbc28,0x1f92e3544ed41cd369a5f42fb581fe411022a196b97590709b3e52b8f849ad0a,8244077164856926411261303233955005884093998385465040993262466644766374364805,8244077164856926411261303233955005884093998385465040993262466644766374364805,btc-updown-5m-1774353900,btc-updown-5m-1774353900,"Bitcoin Up or Down - March 24, 8:05AM-8:10AM ET",Down,1,BUY,0.39,0.04,0.0156,endpoint_usdcSize,fast_crypto_up_down,BTC,true,,,unavailable,entry_candidate,0xd0d6053c3c37e727402d84c14069780d360993aa|0x1f92e3544ed41cd369a5f42fb581fe411022a196b97590709b3e52b8f849ad0a|8244077164856926411261303233955005884093998385465040993262466644766374364805|Down,0xd0d6053c3c37e727402d84c14069780d360993aa|activity_primary|0x0d4ebd2483e15d9313c206c0f91e077417eddff31aec93eb533cb421673bbc28|0x1f92e3544ed41cd369a5f42fb581fe411022a196b97590709b3e52b8f849ad0a|8244077164856926411261303233955005884093998385465040993262466644766374364805|1774354157|buy|0.39|0.04,2026-06-24T20:54:37+00:00,07e126f166ba769faa2194dc5e0bdf1f355c9e73c9f3eb3ece844cdc759c283a,7e44e74b1dbbf8ac94f43156da0fecfebadc6271d0da6b7ab9f50dc9f04025fd,wallet_trade_history_v1,none
0xd0d6053c3c37e727402d84c14069780d360993aa,https://polymarket.com/@k9Q2mX4L8A7ZP3R,https://data-api.polymarket.com/activity?user=0xd0d6053c3c37e727402d84c14069780d360993aa&type=TRADE&limit=100&offset=0&sortBy=TIMESTAMP&sortDirection=DESC,activity_primary,TRADE,1774354157,2026-03-24T12:09:17+00:00,0x73e2d945145382e1ee784d73359e6db198389ce8bc59ce5c6a86a6d6bcaa5180,0x1f92e3544ed41cd369a5f42fb581fe411022a196b97590709b3e52b8f849ad0a,18125977540959621330469258877926842156733473654330308716310760170896087567874,18125977540959621330469258877926842156733473654330308716310760170896087567874,btc-updown-5m-1774353900,btc-updown-5m-1774353900,"Bitcoin Up or Down - March 24, 8:05AM-8:10AM ET",Up,0,BUY,0.61,31,18.91,endpoint_usdcSize,fast_crypto_up_down,BTC,true,,,unavailable,entry_candidate,0xd0d6053c3c37e727402d84c14069780d360993aa|0x1f92e3544ed41cd369a5f42fb581fe411022a196b97590709b3e52b8f849ad0a|18125977540959621330469258877926842156733473654330308716310760170896087567874|Up,0xd0d6053c3c37e727402d84c14069780d360993aa|activity_primary|0x73e2d945145382e1ee784d73359e6db198389ce8bc59ce5c6a86a6d6bcaa5180|0x1f92e3544ed41cd369a5f42fb581fe411022a196b97590709b3e52b8f849ad0a|18125977540959621330469258877926842156733473654330308716310760170896087567874|1774354157|buy|0.61|31,2026-06-24T20:54:37+00:00,4b5a1b20be03aaab3e969372801de3f1dbeec58d4dd0f8d29fae600850d03a1a,7e44e74b1dbbf8ac94f43156da0fecfebadc6271d0da6b7ab9f50dc9f04025fd,wallet_trade_history_v1,none
0xd0d6053c3c37e727402d84c14069780d360993aa,https://polymarket.com/@k9Q2mX4L8A7ZP3R,https://data-api.polymarket.com/activity?user=0xd0d6053c3c37e727402d84c14069780d360993aa&type=TRADE&limit=100&offset=0&sortBy=TIMESTAMP&sortDirection=DESC,activity_primary,TRADE,1774354157,2026-03-24T12:09:17+00:00,0x3a3fa9189de12bf0e7d274a7fc4ce70ee4c423bb9f760c529fb2257fe602c2bd,0x1f92e3544ed41cd369a5f42fb581fe411022a196b97590709b3e52b8f849ad0a,8244077164856926411261303233955005884093998385465040993262466644766374364805,8244077164856926411261303233955005884093998385465040993262466644766374364805,btc-updown-5m-1774353900,btc-updown-5m-1774353900,"Bitcoin Up or Down - March 24, 8:05AM-8:10AM ET",Down,1,BUY,0.3300000060520725,28.089551,9.269552,endpoint_usdcSize,fast_crypto_up_down,BTC,true,,,unavailable,entry_candidate,0xd0d6053c3c37e727402d84c14069780d360993aa|0x1f92e3544ed41cd369a5f42fb581fe411022a196b97590709b3e52b8f849ad0a|8244077164856926411261303233955005884093998385465040993262466644766374364805|Down,0xd0d6053c3c37e727402d84c14069780d360993aa|activity_primary|0x3a3fa9189de12bf0e7d274a7fc4ce70ee4c423bb9f760c529fb2257fe602c2bd|0x1f92e3544ed41cd369a5f42fb581fe411022a196b97590709b3e52b8f849ad0a|8244077164856926411261303233955005884093998385465040993262466644766374364805|1774354157|buy|0.3300000060520725|28.089551,2026-06-24T20:54:37+00:00,717d12fd8f96cbe6bc9e23fc07b8451af6c100dc5aeb31bffdddc9994d774f57,7e44e74b1dbbf8ac94f43156da0fecfebadc6271d0da6b7ab9f50dc9f04025fd,wallet_trade_history_v1,none
0xd0d6053c3c37e727402d84c14069780d360993aa,https://polymarket.com/@k9Q2mX4L8A7ZP3R,https://data-api.polymarket.com/activity?user=0xd0d6053c3c37e727402d84c14069780d360993aa&type=TRADE&limit=100&offset=0&sortBy=TIMESTAMP&sortDirection=DESC,activity_primary,TRADE,1774354157,2026-03-24T12:09:17+00:00,0xd9f8e1df0f3223495fd07187aff4c9e7f81bd1feeb90439a1511a920186e98ad,0x1f92e3544ed41cd369a5f42fb581fe411022a196b97590709b3e52b8f849ad0a,8244077164856926411261303233955005884093998385465040993262466644766374364805,8244077164856926411261303233955005884093998385465040993262466644766374364805,btc-updown-5m-1774353900,btc-updown-5m-1774353900,"Bitcoin Up or Down - March 24, 8:05AM-8:10AM ET",Down,1,BUY,0.34000003473687684,2.878785,0.978787,endpoint_usdcSize,fast_crypto_up_down,BTC,true,,,unavailable,entry_candidate,0xd0d6053c3c37e727402d84c14069780d360993aa|0x1f92e3544ed41cd369a5f42fb581fe411022a196b97590709b3e52b8f849ad0a|8244077164856926411261303233955005884093998385465040993262466644766374364805|Down,0xd0d6053c3c37e727402d84c14069780d360993aa|activity_primary|0xd9f8e1df0f3223495fd07187aff4c9e7f81bd1feeb90439a1511a920186e98ad|0x1f92e3544ed41cd369a5f42fb581fe411022a196b97590709b3e52b8f849ad0a|8244077164856926411261303233955005884093998385465040993262466644766374364805|1774354157|buy|0.34000003473687684|2.878785,2026-06-24T20:54:37+00:00,31435f02292c6fd199dc58491767caf7273b0d394ab95fbecb2b1628de059a3f,7e44e74b1dbbf8ac94f43156da0fecfebadc6271d0da6b7ab9f50dc9f04025fd,wallet_trade_history_v1,none
0xd0d6053c3c37e727402d84c14069780d360993aa,https://polymarket.com/@k9Q2mX4L8A7ZP3R,https://data-api.polymarket.com/activity?user=0xd0d6053c3c37e727402d84c14069780d360993aa&type=TRADE&limit=100&offset=0&sortBy=TIMESTAMP&sortDirection=DESC,activity_primary,TRADE,1774354157,2026-03-24T12:09:17+00:00,0xd4317a83a99dd1b357d11e712791f125c7659f7e3f421078033ef3bd871b83f9,0x1f92e3544ed41cd369a5f42fb581fe411022a196b97590709b3e52b8f849ad0a,8244077164856926411261303233955005884093998385465040993262466644766374364805,8244077164856926411261303233955005884093998385465040993262466644766374364805,btc-updown-5m-1774353900,btc-updown-5m-1774353900,"Bitcoin Up or Down - March 24, 8:05AM-8:10AM ET",Down,1,BUY,0.33,2.91,0.9603,endpoint_usdcSize,fast_crypto_up_down,BTC,true,,,unavailable,entry_candidate,0xd0d6053c3c37e727402d84c14069780d360993aa|0x1f92e3544ed41cd369a5f42fb581fe411022a196b97590709b3e52b8f849ad0a|8244077164856926411261303233955005884093998385465040993262466644766374364805|Down,0xd0d6053c3c37e727402d84c14069780d360993aa|activity_primary|0xd4317a83a99dd1b357d11e712791f125c7659f7e3f421078033ef3bd871b83f9|0x1f92e3544ed41cd369a5f42fb581fe411022a196b97590709b3e52b8f849ad0a|8244077164856926411261303233955005884093998385465040993262466644766374364805|1774354157|buy|0.33|2.91,2026-06-24T20:54:37+00:00,4df979800c58d3f7fe682d14eeaf67b613d32d595e2aace2b0aac5bacb55dab0,7e44e74b1dbbf8ac94f43156da0fecfebadc6271d0da6b7ab9f50dc9f04025fd,wallet_trade_history_v1,none
0xd0d6053c3c37e727402d84c14069780d360993aa,https://polymarket.com/@k9Q2mX4L8A7ZP3R,https://data-api.polymarket.com/activity?user=0xd0d6053c3c37e727402d84c14069780d360993aa&type=TRADE&limit=100&offset=0&sortBy=TIMESTAMP&sortDirection=DESC,activity_primary,TRADE,1774354157,2026-03-24T12:09:17+00:00,0xd4317a83a99dd1b357d11e712791f125c7659f7e3f421078033ef3bd871b83f9,0x1f92e3544ed41cd369a5f42fb581fe411022a196b97590709b3e52b8f849ad0a,8244077164856926411261303233955005884093998385465040993262466644766374364805,8244077164856926411261303233955005884093998385465040993262466644766374364805,btc-updown-5m-1774353900,btc-updown-5m-1774353900,"Bitcoin Up or Down - March 24, 8:05AM-8:10AM ET",Down,1,BUY,0.34,4.83,1.6422,endpoint_usdcSize,fast_crypto_up_down,BTC,true,,,unavailable,entry_candidate,0xd0d6053c3c37e727402d84c14069780d360993aa|0x1f92e3544ed41cd369a5f42fb581fe411022a196b97590709b3e52b8f849ad0a|8244077164856926411261303233955005884093998385465040993262466644766374364805|Down,0xd0d6053c3c37e727402d84c14069780d360993aa|activity_primary|0xd4317a83a99dd1b357d11e712791f125c7659f7e3f421078033ef3bd871b83f9|0x1f92e3544ed41cd369a5f42fb581fe411022a196b97590709b3e52b8f849ad0a|8244077164856926411261303233955005884093998385465040993262466644766374364805|1774354157|buy|0.34|4.83,2026-06-24T20:54:37+00:00,490d657caa56a42fed1d1dd24973b0481de77ab72d8e39267ad3c0721c927464,7e44e74b1dbbf8ac94f43156da0fecfebadc6271d0da6b7ab9f50dc9f04025fd,wallet_trade_history_v1,none
0xd0d6053c3c37e727402d84c14069780d360993aa,https://polymarket.com/@k9Q2mX4L8A7ZP3R,https://data-api.polymarket.com/activity?user=0xd0d6053c3c37e727402d84c14069780d360993aa&type=TRADE&limit=100&offset=0&sortBy=TIMESTAMP&sortDirection=DESC,activity_primary,TRADE,1774354157,2026-03-24T12:09:17+00:00,0x03878e4306ccb98608af87c48faf87ebb93105c7a1f388a09f25160d8bce3eb7,0x1f92e3544ed41cd369a5f42fb581fe411022a196b97590709b3e52b8f849ad0a,8244077164856926411261303233955005884093998385465040993262466644766374364805,8244077164856926411261303233955005884093998385465040993262466644766374364805,btc-updown-5m-1774353900,btc-updown-5m-1774353900,"Bitcoin Up or Down - March 24, 8:05AM-8:10AM ET",Down,1,BUY,0.34000000687052784,23.287876,7.917878,endpoint_usdcSize,fast_crypto_up_down,BTC,true,,,unavailable,entry_candidate,0xd0d6053c3c37e727402d84c14069780d360993aa|0x1f92e3544ed41cd369a5f42fb581fe411022a196b97590709b3e52b8f849ad0a|8244077164856926411261303233955005884093998385465040993262466644766374364805|Down,0xd0d6053c3c37e727402d84c14069780d360993aa|activity_primary|0x03878e4306ccb98608af87c48faf87ebb93105c7a1f388a09f25160d8bce3eb7|0x1f92e3544ed41cd369a5f42fb581fe411022a196b97590709b3e52b8f849ad0a|8244077164856926411261303233955005884093998385465040993262466644766374364805|1774354157|buy|0.34000000687052784|23.287876,2026-06-24T20:54:37+00:00,e5d9694999b478cbcddccac3a606bc402e55f691e6c8107a6a26a5465a69fb64,7e44e74b1dbbf8ac94f43156da0fecfebadc6271d0da6b7ab9f50dc9f04025fd,wallet_trade_history_v1,none
0xd0d6053c3c37e727402d84c14069780d360993aa,https://polymarket.com/@k9Q2mX4L8A7ZP3R,https://data-api.polymarket.com/activity?user=0xd0d6053c3c37e727402d84c14069780d360993aa&type=TRADE&limit=100&offset=0&sortBy=TIMESTAMP&sortDirection=DESC,activity_primary,TRADE,1774354157,2026-03-24T12:09:17+00:00,0x9462b689154e18df1335d20a695f6c5471697912917a8119c5e55ea3b38b9ced,0x1f92e3544ed41cd369a5f42fb581fe411022a196b97590709b3e52b8f849ad0a,8244077164856926411261303233955005884093998385465040993262466644766374364805,8244077164856926411261303233955005884093998385465040993262466644766374364805,btc-updown-5m-1774353900,btc-updown-5m-1774353900,"Bitcoin Up or Down - March 24, 8:05AM-8:10AM ET",Down,1,SELL,0.36,29.13,10.4868,endpoint_usdcSize,fast_crypto_up_down,BTC,true,,,unavailable,exit_candidate,0xd0d6053c3c37e727402d84c14069780d360993aa|0x1f92e3544ed41cd369a5f42fb581fe411022a196b97590709b3e52b8f849ad0a|8244077164856926411261303233955005884093998385465040993262466644766374364805|Down,0xd0d6053c3c37e727402d84c14069780d360993aa|activity_primary|0x9462b689154e18df1335d20a695f6c5471697912917a8119c5e55ea3b38b9ced|0x1f92e3544ed41cd369a5f42fb581fe411022a196b97590709b3e52b8f849ad0a|8244077164856926411261303233955005884093998385465040993262466644766374364805|1774354157|sell|0.36|29.13,2026-06-24T20:54:37+00:00,e3c1684ca37b83f854cb3e1233dad853d5012708d0c57d96af25008230030686,7e44e74b1dbbf8ac94f43156da0fecfebadc6271d0da6b7ab9f50dc9f04025fd,wallet_trade_history_v1,none
0xd0d6053c3c37e727402d84c14069780d360993aa,https://polymarket.com/@k9Q2mX4L8A7ZP3R,https://data-api.polymarket.com/activity?user=0xd0d6053c3c37e727402d84c14069780d360993aa&type=TRADE&limit=100&offset=0&sortBy=TIMESTAMP&sortDirection=DESC,activity_primary,TRADE,1774354157,2026-03-24T12:09:17+00:00,0x9c6f4231a293de5afba28bd1e5a073900bf5badf0f9f3a5e4f457353a99f893f,0x1f92e3544ed41cd369a5f42fb581fe411022a196b97590709b3e52b8f849ad0a,18125977540959621330469258877926842156733473654330308716310760170896087567874,18125977540959621330469258877926842156733473654330308716310760170896087567874,btc-updown-5m-1774353900,btc-updown-5m-1774353900,"Bitcoin Up or Down - March 24, 8:05AM-8:10AM ET",Up,0,BUY,0.63,25,15.75,endpoint_usdcSize,fast_crypto_up_down,BTC,true,,,unavailable,entry_candidate,0xd0d6053c3c37e727402d84c14069780d360993aa|0x1f92e3544ed41cd369a5f42fb581fe411022a196b97590709b3e52b8f849ad0a|18125977540959621330469258877926842156733473654330308716310760170896087567874|Up,0xd0d6053c3c37e727402d84c14069780d360993aa|activity_primary|0x9c6f4231a293de5afba28bd1e5a073900bf5badf0f9f3a5e4f457353a99f893f|0x1f92e3544ed41cd369a5f42fb581fe411022a196b97590709b3e52b8f849ad0a|18125977540959621330469258877926842156733473654330308716310760170896087567874|1774354157|buy|0.63|25,2026-06-24T20:54:37+00:00,6f2f5e8ae3fc4f0eccc58d691e8c73b3432399ec4cf4e4502a718a10b3d753e7,7e44e74b1dbbf8ac94f43156da0fecfebadc6271d0da6b7ab9f50dc9f04025fd,wallet_trade_history_v1,none
0xd0d6053c3c37e727402d84c14069780d360993aa,https://polymarket.com/@k9Q2mX4L8A7ZP3R,https://data-api.polymarket.com/activity?user=0xd0d6053c3c37e727402d84c14069780d360993aa&type=TRADE&limit=100&offset=0&sortBy=TIMESTAMP&sortDirection=DESC,activity_primary,TRADE,1774354157,2026-03-24T12:09:17+00:00,0x5c0b9379d829d83c4f5390dfc4c1ef0a00a23a2c56454f26c6ab42744f647daf,0x1f92e3544ed41cd369a5f42fb581fe411022a196b97590709b3e52b8f849ad0a,18125977540959621330469258877926842156733473654330308716310760170896087567874,18125977540959621330469258877926842156733473654330308716310760170896087567874,btc-updown-5m-1774353900,btc-updown-5m-1774353900,"Bitcoin Up or Down - March 24, 8:05AM-8:10AM ET",Up,0,BUY,0.63,6,3.78,endpoint_usdcSize,fast_crypto_up_down,BTC,true,,,unavailable,entry_candidate,0xd0d6053c3c37e727402d84c14069780d360993aa|0x1f92e3544ed41cd369a5f42fb581fe411022a196b97590709b3e52b8f849ad0a|18125977540959621330469258877926842156733473654330308716310760170896087567874|Up,0xd0d6053c3c37e727402d84c14069780d360993aa|activity_primary|0x5c0b9379d829d83c4f5390dfc4c1ef0a00a23a2c56454f26c6ab42744f647daf|0x1f92e3544ed41cd369a5f42fb581fe411022a196b97590709b3e52b8f849ad0a|18125977540959621330469258877926842156733473654330308716310760170896087567874|1774354157|buy|0.63|6,2026-06-24T20:54:37+00:00,f42d872d55df4a79574948b7262d2a3eb423f790f6d8679f5f9e72eba1309429,7e44e74b1dbbf8ac94f43156da0fecfebadc6271d0da6b7ab9f50dc9f04025fd,wallet_trade_history_v1,none
0xd0d6053c3c37e727402d84c14069780d360993aa,https://polymarket.com/@k9Q2mX4L8A7ZP3R,https://data-api.polymarket.com/activity?user=0xd0d6053c3c37e727402d84c14069780d360993aa&type=TRADE&limit=100&offset=0&sortBy=TIMESTAMP&sortDirection=DESC,activity_primary,TRADE,1774354157,2026-03-24T12:09:17+00:00,0x588b2532275da31d6fae40209bea5fa89e480aa6b2d6f5faf99a1e959b9bfafc,0x1f92e3544ed41cd369a5f42fb581fe411022a196b97590709b3e52b8f849ad0a,8244077164856926411261303233955005884093998385465040993262466644766374364805,8244077164856926411261303233955005884093998385465040993262466644766374364805,btc-updown-5m-1774353900,btc-updown-5m-1774353900,"Bitcoin Up or Down - March 24, 8:05AM-8:10AM ET",Down,1,SELL,0.36,1.87,0.6732,endpoint_usdcSize,fast_crypto_up_down,BTC,true,,,unavailable,exit_candidate,0xd0d6053c3c37e727402d84c14069780d360993aa|0x1f92e3544ed41cd369a5f42fb581fe411022a196b97590709b3e52b8f849ad0a|8244077164856926411261303233955005884093998385465040993262466644766374364805|Down,0xd0d6053c3c37e727402d84c14069780d360993aa|activity_primary|0x588b2532275da31d6fae40209bea5fa89e480aa6b2d6f5faf99a1e959b9bfafc|0x1f92e3544ed41cd369a5f42fb581fe411022a196b97590709b3e52b8f849ad0a|8244077164856926411261303233955005884093998385465040993262466644766374364805|1774354157|sell|0.36|1.87,2026-06-24T20:54:37+00:00,4d0ca707d115f6503f23687db33bcf96d582f8b0712c8e4fe649d39137d33caa,7e44e74b1dbbf8ac94f43156da0fecfebadc6271d0da6b7ab9f50dc9f04025fd,wallet_trade_history_v1,none
0xd0d6053c3c37e727402d84c14069780d360993aa,https://polymarket.com/@k9Q2mX4L8A7ZP3R,https://data-api.polymarket.com/activity?user=0xd0d6053c3c37e727402d84c14069780d360993aa&type=TRADE&limit=100&offset=0&sortBy=TIMESTAMP&sortDirection=DESC,activity_primary,TRADE,1774354155,2026-03-24T12:09:15+00:00,0x47683d53a8dda74ad72f79547c47b77c594ea5933637a3b6a5d1762a5fd1061a,0x1f92e3544ed41cd369a5f42fb581fe411022a196b97590709b3e52b8f849ad0a,8244077164856926411261303233955005884093998385465040993262466644766374364805,8244077164856926411261303233955005884093998385465040993262466644766374364805,btc-updown-5m-1774353900,btc-updown-5m-1774353900,"Bitcoin Up or Down - March 24, 8:05AM-8:10AM ET",Down,1,SELL,0.34,27.51,9.3534,endpoint_usdcSize,fast_crypto_up_down,BTC,true,,,unavailable,exit_candidate,0xd0d6053c3c37e727402d84c14069780d360993aa|0x1f92e3544ed41cd369a5f42fb581fe411022a196b97590709b3e52b8f849ad0a|8244077164856926411261303233955005884093998385465040993262466644766374364805|Down,0xd0d6053c3c37e727402d84c14069780d360993aa|activity_primary|0x47683d53a8dda74ad72f79547c47b77c594ea5933637a3b6a5d1762a5fd1061a|0x1f92e3544ed41cd369a5f42fb581fe411022a196b97590709b3e52b8f849ad0a|8244077164856926411261303233955005884093998385465040993262466644766374364805|1774354155|sell|0.34|27.51,2026-06-24T20:54:37+00:00,f5c8958521e37f2aec49b4c2ee8214e07f36c8dd7ec71d9ebac0101d6ddbce76,7e44e74b1dbbf8ac94f43156da0fecfebadc6271d0da6b7ab9f50dc9f04025fd,wallet_trade_history_v1,none
0xd0d6053c3c37e727402d84c14069780d360993aa,https://polymarket.com/@k9Q2mX4L8A7ZP3R,https://data-api.polymarket.com/activity?user=0xd0d6053c3c37e727402d84c14069780d360993aa&type=TRADE&limit=100&offset=0&sortBy=TIMESTAMP&sortDirection=DESC,activity_primary,TRADE,1774354155,2026-03-24T12:09:15+00:00,0x9b26e4a3029b89960613200940c874f50c5ba5c1f2cbe09a7a24ffaabd3e686a,0x1f92e3544ed41cd369a5f42fb581fe411022a196b97590709b3e52b8f849ad0a,8244077164856926411261303233955005884093998385465040993262466644766374364805,8244077164856926411261303233955005884093998385465040993262466644766374364805,btc-updown-5m-1774353900,btc-updown-5m-1774353900,"Bitcoin Up or Down - March 24, 8:05AM-8:10AM ET",Down,1,SELL,0.34,3.49,1.1866,endpoint_usdcSize,fast_crypto_up_down,BTC,true,,,unavailable,exit_candidate,0xd0d6053c3c37e727402d84c14069780d360993aa|0x1f92e3544ed41cd369a5f42fb581fe411022a196b97590709b3e52b8f849ad0a|8244077164856926411261303233955005884093998385465040993262466644766374364805|Down,0xd0d6053c3c37e727402d84c14069780d360993aa|activity_primary|0x9b26e4a3029b89960613200940c874f50c5ba5c1f2cbe09a7a24ffaabd3e686a|0x1f92e3544ed41cd369a5f42fb581fe411022a196b97590709b3e52b8f849ad0a|8244077164856926411261303233955005884093998385465040993262466644766374364805|1774354155|sell|0.34|3.49,2026-06-24T20:54:37+00:00,197e72c3222a6bbae77b33844f03adc5bee4ccedefd4684b030839103816acd3,7e44e74b1dbbf8ac94f43156da0fecfebadc6271d0da6b7ab9f50dc9f04025fd,wallet_trade_history_v1,none
0xd0d6053c3c37e727402d84c14069780d360993aa,https://polymarket.com/@k9Q2mX4L8A7ZP3R,https://data-api.polymarket.com/activity?user=0xd0d6053c3c37e727402d84c14069780d360993aa&type=TRADE&limit=100&offset=0&sortBy=TIMESTAMP&sortDirection=DESC,activity_primary,TRADE,1774354155,2026-03-24T12:09:15+00:00,0x4f11749988435cff879a4e4b1b2435eb00e7df96da5243ea2a6967e903dffbce,0x1f92e3544ed41cd369a5f42fb581fe411022a196b97590709b3e52b8f849ad0a,8244077164856926411261303233955005884093998385465040993262466644766374364805,8244077164856926411261303233955005884093998385465040993262466644766374364805,btc-updown-5m-1774353900,btc-updown-5m-1774353900,"Bitcoin Up or Down - March 24, 8:05AM-8:10AM ET",Down,1,BUY,0.25,1.333332,0.333333,endpoint_usdcSize,fast_crypto_up_down,BTC,true,,,unavailable,entry_candidate,0xd0d6053c3c37e727402d84c14069780d360993aa|0x1f92e3544ed41cd369a5f42fb581fe411022a196b97590709b3e52b8f849ad0a|8244077164856926411261303233955005884093998385465040993262466644766374364805|Down,0xd0d6053c3c37e727402d84c14069780d360993aa|activity_primary|0x4f11749988435cff879a4e4b1b2435eb00e7df96da5243ea2a6967e903dffbce|0x1f92e3544ed41cd369a5f42fb581fe411022a196b97590709b3e52b8f849ad0a|8244077164856926411261303233955005884093998385465040993262466644766374364805|1774354155|buy|0.25|1.333332,2026-06-24T20:54:37+00:00,2c909ea1806206d7937253e3cb95187f9c5667f95807015499dfd27554f7f03b,7e44e74b1dbbf8ac94f43156da0fecfebadc6271d0da6b7ab9f50dc9f04025fd,wallet_trade_history_v1,none
0xd0d6053c3c37e727402d84c14069780d360993aa,https://polymarket.com/@k9Q2mX4L8A7ZP3R,https://data-api.polymarket.com/activity?user=0xd0d6053c3c37e727402d84c14069780d360993aa&type=TRADE&limit=100&offset=0&sortBy=TIMESTAMP&sortDirection=DESC,activity_primary,TRADE,1774354155,2026-03-24T12:09:15+00:00,0xeaa61eece00af646f58e1c9b42eefda00489ed446056a1dc2a8b8c4f0ca2bbd3,0x1f92e3544ed41cd369a5f42fb581fe411022a196b97590709b3e52b8f849ad0a,18125977540959621330469258877926842156733473654330308716310760170896087567874,18125977540959621330469258877926842156733473654330308716310760170896087567874,btc-updown-5m-1774353900,btc-updown-5m-1774353900,"Bitcoin Up or Down - March 24, 8:05AM-8:10AM ET",Up,0,BUY,0.69,31,21.39,endpoint_usdcSize,fast_crypto_up_down,BTC,true,,,unavailable,entry_candidate,0xd0d6053c3c37e727402d84c14069780d360993aa|0x1f92e3544ed41cd369a5f42fb581fe411022a196b97590709b3e52b8f849ad0a|18125977540959621330469258877926842156733473654330308716310760170896087567874|Up,0xd0d6053c3c37e727402d84c14069780d360993aa|activity_primary|0xeaa61eece00af646f58e1c9b42eefda00489ed446056a1dc2a8b8c4f0ca2bbd3|0x1f92e3544ed41cd369a5f42fb581fe411022a196b97590709b3e52b8f849ad0a|18125977540959621330469258877926842156733473654330308716310760170896087567874|1774354155|buy|0.69|31,2026-06-24T20:54:37+00:00,1b350c6e8db63f0413bcece8137bccd25aa35ef8c752e07204d318399849c967,7e44e74b1dbbf8ac94f43156da0fecfebadc6271d0da6b7ab9f50dc9f04025fd,wallet_trade_history_v1,none
0xd0d6053c3c37e727402d84c14069780d360993aa,https://polymarket.com/@k9Q2mX4L8A7ZP3R,https://data-api.polymarket.com/activity?user=0xd0d6053c3c37e727402d84c14069780d360993aa&type=TRADE&limit=100&offset=0&sortBy=TIMESTAMP&sortDirection=DESC,activity_primary,TRADE,1774354155,2026-03-24T12:09:15+00:00,0x4efa05706419ae76f1bfaf6b683d1d3ce0d6f73d55d2e3a3735522f63075a196,0x1f92e3544ed41cd369a5f42fb581fe411022a196b97590709b3e52b8f849ad0a,8244077164856926411261303233955005884093998385465040993262466644766374364805,8244077164856926411261303233955005884093998385465040993262466644766374364805,btc-updown-5m-1774353900,btc-updown-5m-1774353900,"Bitcoin Up or Down - March 24, 8:05AM-8:10AM ET",Down,1,BUY,0.25,5.893332,1.473333,endpoint_usdcSize,fast_crypto_up_down,BTC,true,,,unavailable,entry_candidate,0xd0d6053c3c37e727402d84c14069780d360993aa|0x1f92e3544ed41cd369a5f42fb581fe411022a196b97590709b3e52b8f849ad0a|8244077164856926411261303233955005884093998385465040993262466644766374364805|Down,0xd0d6053c3c37e727402d84c14069780d360993aa|activity_primary|0x4efa05706419ae76f1bfaf6b683d1d3ce0d6f73d55d2e3a3735522f63075a196|0x1f92e3544ed41cd369a5f42fb581fe411022a196b97590709b3e52b8f849ad0a|8244077164856926411261303233955005884093998385465040993262466644766374364805|1774354155|buy|0.25|5.893332,2026-06-24T20:54:37+00:00,887ee19f8f10fb1d0c6fd61aa39df15c8ba69f3e897847239d61d863c62c3a10,7e44e74b1dbbf8ac94f43156da0fecfebadc6271d0da6b7ab9f50dc9f04025fd,wallet_trade_history_v1,none
0xd0d6053c3c37e727402d84c14069780d360993aa,https://polymarket.com/@k9Q2mX4L8A7ZP3R,https://data-api.polymarket.com/activity?user=0xd0d6053c3c37e727402d84c14069780d360993aa&type=TRADE&limit=100&offset=0&sortBy=TIMESTAMP&sortDirection=DESC,activity_primary,TRADE,1774354155,2026-03-24T12:09:15+00:00,0x6483298f359b697d512a1dcc9a2293e40f771d85101f7a9efba0f04378884edc,0x1f92e3544ed41cd369a5f42fb581fe411022a196b97590709b3e52b8f849ad0a,8244077164856926411261303233955005884093998385465040993262466644766374364805,8244077164856926411261303233955005884093998385465040993262466644766374364805,btc-updown-5m-1774353900,btc-updown-5m-1774353900,"Bitcoin Up or Down - March 24, 8:05AM-8:10AM ET",Down,1,BUY,0.25,3.986664,0.996666,endpoint_usdcSize,fast_crypto_up_down,BTC,true,,,unavailable,entry_candidate,0xd0d6053c3c37e727402d84c14069780d360993aa|0x1f92e3544ed41cd369a5f42fb581fe411022a196b97590709b3e52b8f849ad0a|8244077164856926411261303233955005884093998385465040993262466644766374364805|Down,0xd0d6053c3c37e727402d84c14069780d360993aa|activity_primary|0x6483298f359b697d512a1dcc9a2293e40f771d85101f7a9efba0f04378884edc|0x1f92e3544ed41cd369a5f42fb581fe411022a196b97590709b3e52b8f849ad0a|8244077164856926411261303233955005884093998385465040993262466644766374364805|1774354155|buy|0.25|3.986664,2026-06-24T20:54:37+00:00,1f44656154896ceae8116395a2a2f60a0967d697390f49dd50db5f6758cb2b9f,7e44e74b1dbbf8ac94f43156da0fecfebadc6271d0da6b7ab9f50dc9f04025fd,wallet_trade_history_v1,none
0xd0d6053c3c37e727402d84c14069780d360993aa,https://polymarket.com/@k9Q2mX4L8A7ZP3R,https://data-api.polymarket.com/activity?user=0xd0d6053c3c37e727402d84c14069780d360993aa&type=TRADE&limit=100&offset=0&sortBy=TIMESTAMP&sortDirection=DESC,activity_primary,TRADE,1774354155,2026-03-24T12:09:15+00:00,0xc0fabcd8636bf3ec8a5404b6c975231c89a825aa89996047df9aa56beded99bf,0x1f92e3544ed41cd369a5f42fb581fe411022a196b97590709b3e52b8f849ad0a,8244077164856926411261303233955005884093998385465040993262466644766374364805,8244077164856926411261303233955005884093998385465040993262466644766374364805,btc-updown-5m-1774353900,btc-updown-5m-1774353900,"Bitcoin Up or Down - March 24, 8:05AM-8:10AM ET",Down,1,BUY,0.25,10,2.5,endpoint_usdcSize,fast_crypto_up_down,BTC,true,,,unavailable,entry_candidate,0xd0d6053c3c37e727402d84c14069780d360993aa|0x1f92e3544ed41cd369a5f42fb581fe411022a196b97590709b3e52b8f849ad0a|8244077164856926411261303233955005884093998385465040993262466644766374364805|Down,0xd0d6053c3c37e727402d84c14069780d360993aa|activity_primary|0xc0fabcd8636bf3ec8a5404b6c975231c89a825aa89996047df9aa56beded99bf|0x1f92e3544ed41cd369a5f42fb581fe411022a196b97590709b3e52b8f849ad0a|8244077164856926411261303233955005884093998385465040993262466644766374364805|1774354155|buy|0.25|10,2026-06-24T20:54:37+00:00,d3742a67c1008dfae4fb2a98053116544c0bce2532517f9956f79205be1e4487,7e44e74b1dbbf8ac94f43156da0fecfebadc6271d0da6b7ab9f50dc9f04025fd,wallet_trade_history_v1,none
0xd0d6053c3c37e727402d84c14069780d360993aa,https://polymarket.com/@k9Q2mX4L8A7ZP3R,https://data-api.polymarket.com/activity?user=0xd0d6053c3c37e727402d84c14069780d360993aa&type=TRADE&limit=100&offset=0&sortBy=TIMESTAMP&sortDirection=DESC,activity_primary,TRADE,1774354155,2026-03-24T12:09:15+00:00,0xc3d3de4ec43bbafe3470d4e9dccec25ba62244a259eb0b0e612816b8109d378b,0x1f92e3544ed41cd369a5f42fb581fe411022a196b97590709b3e52b8f849ad0a,8244077164856926411261303233955005884093998385465040993262466644766374364805,8244077164856926411261303233955005884093998385465040993262466644766374364805,btc-updown-5m-1774353900,btc-updown-5m-1774353900,"Bitcoin Up or Down - March 24, 8:05AM-8:10AM ET",Down,1,BUY,0.25,1.333332,0.333333,endpoint_usdcSize,fast_crypto_up_down,BTC,true,,,unavailable,entry_candidate,0xd0d6053c3c37e727402d84c14069780d360993aa|0x1f92e3544ed41cd369a5f42fb581fe411022a196b97590709b3e52b8f849ad0a|8244077164856926411261303233955005884093998385465040993262466644766374364805|Down,0xd0d6053c3c37e727402d84c14069780d360993aa|activity_primary|0xc3d3de4ec43bbafe3470d4e9dccec25ba62244a259eb0b0e612816b8109d378b|0x1f92e3544ed41cd369a5f42fb581fe411022a196b97590709b3e52b8f849ad0a|8244077164856926411261303233955005884093998385465040993262466644766374364805|1774354155|buy|0.25|1.333332,2026-06-24T20:54:37+00:00,ce3e62aae4a8802756c2c252231426f7932b4d2333282b6205c736ce1dfe2329,7e44e74b1dbbf8ac94f43156da0fecfebadc6271d0da6b7ab9f50dc9f04025fd,wallet_trade_history_v1,none
0xd0d6053c3c37e727402d84c14069780d360993aa,https://polymarket.com/@k9Q2mX4L8A7ZP3R,https://data-api.polymarket.com/activity?user=0xd0d6053c3c37e727402d84c14069780d360993aa&type=TRADE&limit=100&offset=0&sortBy=TIMESTAMP&sortDirection=DESC,activity_primary,TRADE,1774354151,2026-03-24T12:09:11+00:00,0x517412b29fe81609c51037f5f08023b93d471d5f808977e19d5c89e60924d857,0x1f92e3544ed41cd369a5f42fb581fe411022a196b97590709b3e52b8f849ad0a,8244077164856926411261303233955005884093998385465040993262466644766374364805,8244077164856926411261303233955005884093998385465040993262466644766374364805,btc-updown-5m-1774353900,btc-updown-5m-1774353900,"Bitcoin Up or Down - March 24, 8:05AM-8:10AM ET",Down,1,SELL,0.3499998774999204,2.857141,0.999999,endpoint_usdcSize,fast_crypto_up_down,BTC,true,,,unavailable,exit_candidate,0xd0d6053c3c37e727402d84c14069780d360993aa|0x1f92e3544ed41cd369a5f42fb581fe411022a196b97590709b3e52b8f849ad0a|8244077164856926411261303233955005884093998385465040993262466644766374364805|Down,0xd0d6053c3c37e727402d84c14069780d360993aa|activity_primary|0x517412b29fe81609c51037f5f08023b93d471d5f808977e19d5c89e60924d857|0x1f92e3544ed41cd369a5f42fb581fe411022a196b97590709b3e52b8f849ad0a|8244077164856926411261303233955005884093998385465040993262466644766374364805|1774354151|sell|0.3499998774999204|2.857141,2026-06-24T20:54:37+00:00,7354cd1a1ba05302ca3bfdcdfda873cff69be70f88bd3da2faa3c92e4287c3f5,7e44e74b1dbbf8ac94f43156da0fecfebadc6271d0da6b7ab9f50dc9f04025fd,wallet_trade_history_v1,none
0xd0d6053c3c37e727402d84c14069780d360993aa,https://polymarket.com/@k9Q2mX4L8A7ZP3R,https://data-api.polymarket.com/activity?user=0xd0d6053c3c37e727402d84c14069780d360993aa&type=TRADE&limit=100&offset=0&sortBy=TIMESTAMP&sortDirection=DESC,activity_primary,TRADE,1774354151,2026-03-24T12:09:11+00:00,0x224de3cecd39ed06f9f7137f19a0f7401433d14b7cd5ecdb199301b5a5dfe138,0x1f92e3544ed41cd369a5f42fb581fe411022a196b97590709b3e52b8f849ad0a,8244077164856926411261303233955005884093998385465040993262466644766374364805,8244077164856926411261303233955005884093998385465040993262466644766374364805,btc-updown-5m-1774353900,btc-updown-5m-1774353900,"Bitcoin Up or Down - March 24, 8:05AM-8:10AM ET",Down,1,SELL,0.35,10,3.5,endpoint_usdcSize,fast_crypto_up_down,BTC,true,,,unavailable,exit_candidate,0xd0d6053c3c37e727402d84c14069780d360993aa|0x1f92e3544ed41cd369a5f42fb581fe411022a196b97590709b3e52b8f849ad0a|8244077164856926411261303233955005884093998385465040993262466644766374364805|Down,0xd0d6053c3c37e727402d84c14069780d360993aa|activity_primary|0x224de3cecd39ed06f9f7137f19a0f7401433d14b7cd5ecdb199301b5a5dfe138|0x1f92e3544ed41cd369a5f42fb581fe411022a196b97590709b3e52b8f849ad0a|8244077164856926411261303233955005884093998385465040993262466644766374364805|1774354151|sell|0.35|10,2026-06-24T20:54:37+00:00,fd0d76a4af70800cab195d90e34ec741ad78f3dd0a8bc1dbeeaf41f4ced0ccfe,7e44e74b1dbbf8ac94f43156da0fecfebadc6271d0da6b7ab9f50dc9f04025fd,wallet_trade_history_v1,none
0xd0d6053c3c37e727402d84c14069780d360993aa,https://polymarket.com/@k9Q2mX4L8A7ZP3R,https://data-api.polymarket.com/activity?user=0xd0d6053c3c37e727402d84c14069780d360993aa&type=TRADE&limit=100&offset=0&sortBy=TIMESTAMP&sortDirection=DESC,activity_primary,TRADE,1774354147,2026-03-24T12:09:07+00:00,0x0e99d895974ca1d3b63bde9a871bb329b709c489cbd9a19822abd3400ec54408,0x1f92e3544ed41cd369a5f42fb581fe411022a196b97590709b3e52b8f849ad0a,18125977540959621330469258877926842156733473654330308716310760170896087567874,18125977540959621330469258877926842156733473654330308716310760170896087567874,btc-updown-5m-1774353900,btc-updown-5m-1774353900,"Bitcoin Up or Down - March 24, 8:05AM-8:10AM ET",Up,0,BUY,0.4900000215730356,14.833332,7.268333,endpoint_usdcSize,fast_crypto_up_down,BTC,true,,,unavailable,entry_candidate,0xd0d6053c3c37e727402d84c14069780d360993aa|0x1f92e3544ed41cd369a5f42fb581fe411022a196b97590709b3e52b8f849ad0a|18125977540959621330469258877926842156733473654330308716310760170896087567874|Up,0xd0d6053c3c37e727402d84c14069780d360993aa|activity_primary|0x0e99d895974ca1d3b63bde9a871bb329b709c489cbd9a19822abd3400ec54408|0x1f92e3544ed41cd369a5f42fb581fe411022a196b97590709b3e52b8f849ad0a|18125977540959621330469258877926842156733473654330308716310760170896087567874|1774354147|buy|0.4900000215730356|14.833332,2026-06-24T20:54:37+00:00,6a85d4fe91d8175572a941ae895705d32e64d384065017b8a99a1f44d33cc9bf,7e44e74b1dbbf8ac94f43156da0fecfebadc6271d0da6b7ab9f50dc9f04025fd,wallet_trade_history_v1,none
0xd0d6053c3c37e727402d84c14069780d360993aa,https://polymarket.com/@k9Q2mX4L8A7ZP3R,https://data-api.polymarket.com/activity?user=0xd0d6053c3c37e727402d84c14069780d360993aa&type=TRADE&limit=100&offset=0&sortBy=TIMESTAMP&sortDirection=DESC,activity_primary,TRADE,1774354147,2026-03-24T12:09:07+00:00,0xadb72eb6125062abbe2485762bc48db2214886f4a48cbcf89e7697caf16ef779,0x1f92e3544ed41cd369a5f42fb581fe411022a196b97590709b3e52b8f849ad0a,18125977540959621330469258877926842156733473654330308716310760170896087567874,18125977540959621330469258877926842156733473654330308716310760170896087567874,btc-updown-5m-1774353900,btc-updown-5m-1774353900,"Bitcoin Up or Down - March 24, 8:05AM-8:10AM ET",Up,0,BUY,0.49,16.16,7.9184,endpoint_usdcSize,fast_crypto_up_down,BTC,true,,,unavailable,entry_candidate,0xd0d6053c3c37e727402d84c14069780d360993aa|0x1f92e3544ed41cd369a5f42fb581fe411022a196b97590709b3e52b8f849ad0a|18125977540959621330469258877926842156733473654330308716310760170896087567874|Up,0xd0d6053c3c37e727402d84c14069780d360993aa|activity_primary|0xadb72eb6125062abbe2485762bc48db2214886f4a48cbcf89e7697caf16ef779|0x1f92e3544ed41cd369a5f42fb581fe411022a196b97590709b3e52b8f849ad0a|18125977540959621330469258877926842156733473654330308716310760170896087567874|1774354147|buy|0.49|16.16,2026-06-24T20:54:37+00:00,d6ed2a66808ed2f27de22d4ff3ef26bec34518904b54963f65d7e493ae357315,7e44e74b1dbbf8ac94f43156da0fecfebadc6271d0da6b7ab9f50dc9f04025fd,wallet_trade_history_v1,none
0xd0d6053c3c37e727402d84c14069780d360993aa,https://polymarket.com/@k9Q2mX4L8A7ZP3R,https://data-api.polymarket.com/activity?user=0xd0d6053c3c37e727402d84c14069780d360993aa&type=TRADE&limit=100&offset=0&sortBy=TIMESTAMP&sortDirection=DESC,activity_primary,TRADE,1774354119,2026-03-24T12:08:39+00:00,0x0be9f12ff00b7733cf4d0dddfe0fc2ff0df2a0e37a7b628294b4b40c5515e2d3,0x1f92e3544ed41cd369a5f42fb581fe411022a196b97590709b3e52b8f849ad0a,18125977540959621330469258877926842156733473654330308716310760170896087567874,18125977540959621330469258877926842156733473654330308716310760170896087567874,btc-updown-5m-1774353900,btc-updown-5m-1774353900,"Bitcoin Up or Down - March 24, 8:05AM-8:10AM ET",Up,0,BUY,0.54,31,16.74,endpoint_usdcSize,fast_crypto_up_down,BTC,true,,,unavailable,entry_candidate,0xd0d6053c3c37e727402d84c14069780d360993aa|0x1f92e3544ed41cd369a5f42fb581fe411022a196b97590709b3e52b8f849ad0a|18125977540959621330469258877926842156733473654330308716310760170896087567874|Up,0xd0d6053c3c37e727402d84c14069780d360993aa|activity_primary|0x0be9f12ff00b7733cf4d0dddfe0fc2ff0df2a0e37a7b628294b4b40c5515e2d3|0x1f92e3544ed41cd369a5f42fb581fe411022a196b97590709b3e52b8f849ad0a|18125977540959621330469258877926842156733473654330308716310760170896087567874|1774354119|buy|0.54|31,2026-06-24T20:54:37+00:00,91ba6dce63f1f6b9a7d6edf2a1db6b3dec83e81cbb56d959aa1ef9d3ac74548a,7e44e74b1dbbf8ac94f43156da0fecfebadc6271d0da6b7ab9f50dc9f04025fd,wallet_trade_history_v1,none
0xd0d6053c3c37e727402d84c14069780d360993aa,https://polymarket.com/@k9Q2mX4L8A7ZP3R,https://data-api.polymarket.com/activity?user=0xd0d6053c3c37e727402d84c14069780d360993aa&type=TRADE&limit=100&offset=0&sortBy=TIMESTAMP&sortDirection=DESC,activity_primary,TRADE,1774354119,2026-03-24T12:08:39+00:00,0x8cd26954918bf1e382ac4f015d34d446074d746336dbcc89125d5e2b78c9e744,0xf52eaf6a03a696f23bbd67e9ec475c5951b7d22d698250aa0fc2fd110e5eb95e,16820025249999639209657705542686085972345460376714202302628130376987697590719,16820025249999639209657705542686085972345460376714202302628130376987697590719,eth-updown-15m-1774353600,eth-updown-15m-1774353600,"Ethereum Up or Down - March 24, 8:00AM-8:15AM ET",Up,0,BUY,0.2,6.075,1.215,endpoint_usdcSize,fast_crypto_up_down,ETH,true,,,unavailable,entry_candidate,0xd0d6053c3c37e727402d84c14069780d360993aa|0xf52eaf6a03a696f23bbd67e9ec475c5951b7d22d698250aa0fc2fd110e5eb95e|16820025249999639209657705542686085972345460376714202302628130376987697590719|Up,0xd0d6053c3c37e727402d84c14069780d360993aa|activity_primary|0x8cd26954918bf1e382ac4f015d34d446074d746336dbcc89125d5e2b78c9e744|0xf52eaf6a03a696f23bbd67e9ec475c5951b7d22d698250aa0fc2fd110e5eb95e|16820025249999639209657705542686085972345460376714202302628130376987697590719|1774354119|buy|0.2|6.075,2026-06-24T20:54:37+00:00,3df87de937f88ddc6c28536c90a588605146e1a9bf9544c8375b21420e056376,7e44e74b1dbbf8ac94f43156da0fecfebadc6271d0da6b7ab9f50dc9f04025fd,wallet_trade_history_v1,none
0xd0d6053c3c37e727402d84c14069780d360993aa,https://polymarket.com/@k9Q2mX4L8A7ZP3R,https://data-api.polymarket.com/activity?user=0xd0d6053c3c37e727402d84c14069780d360993aa&type=TRADE&limit=100&offset=0&sortBy=TIMESTAMP&sortDirection=DESC,activity_primary,TRADE,1774354119,2026-03-24T12:08:39+00:00,0x597b2cbc659402dfaba88226c43092d4d8475bf041fb5f33732cd92ff4b947be,0x1f92e3544ed41cd369a5f42fb581fe411022a196b97590709b3e52b8f849ad0a,8244077164856926411261303233955005884093998385465040993262466644766374364805,8244077164856926411261303233955005884093998385465040993262466644766374364805,btc-updown-5m-1774353900,btc-updown-5m-1774353900,"Bitcoin Up or Down - March 24, 8:05AM-8:10AM ET",Down,1,BUY,0.5,31,15.5,endpoint_usdcSize,fast_crypto_up_down,BTC,true,,,unavailable,entry_candidate,0xd0d6053c3c37e727402d84c14069780d360993aa|0x1f92e3544ed41cd369a5f42fb581fe411022a196b97590709b3e52b8f849ad0a|8244077164856926411261303233955005884093998385465040993262466644766374364805|Down,0xd0d6053c3c37e727402d84c14069780d360993aa|activity_primary|0x597b2cbc659402dfaba88226c43092d4d8475bf041fb5f33732cd92ff4b947be|0x1f92e3544ed41cd369a5f42fb581fe411022a196b97590709b3e52b8f849ad0a|8244077164856926411261303233955005884093998385465040993262466644766374364805|1774354119|buy|0.5|31,2026-06-24T20:54:37+00:00,f7261af24759d0ffdb076901ac2821311c18b4fc8b42799898b367e2ee39e8a0,7e44e74b1dbbf8ac94f43156da0fecfebadc6271d0da6b7ab9f50dc9f04025fd,wallet_trade_history_v1,none
0xd0d6053c3c37e727402d84c14069780d360993aa,https://polymarket.com/@k9Q2mX4L8A7ZP3R,https://data-api.polymarket.com/activity?user=0xd0d6053c3c37e727402d84c14069780d360993aa&type=TRADE&limit=100&offset=0&sortBy=TIMESTAMP&sortDirection=DESC,activity_primary,TRADE,1774354119,2026-03-24T12:08:39+00:00,0x0e8ede1081f049d4135b1c988fde6397e8e9d9d1d997c42f4ea29486d92dbb4f,0x1ffe6eb7a9160a4db01ff7595e7762cf5c035a47822e31da6b575395c33c5219,106171518487354950961295162719317549533165780042017933081078468626111989784899,106171518487354950961295162719317549533165780042017933081078468626111989784899,bitcoin-up-or-down-march-24-2026-8am-et,bitcoin-up-or-down-march-24-2026-8am-et,"Bitcoin Up or Down - March 24, 8AM ET",Up,0,BUY,0.32,5,1.6,endpoint_usdcSize,fast_crypto_up_down,BTC,true,,,unavailable,entry_candidate,0xd0d6053c3c37e727402d84c14069780d360993aa|0x1ffe6eb7a9160a4db01ff7595e7762cf5c035a47822e31da6b575395c33c5219|106171518487354950961295162719317549533165780042017933081078468626111989784899|Up,0xd0d6053c3c37e727402d84c14069780d360993aa|activity_primary|0x0e8ede1081f049d4135b1c988fde6397e8e9d9d1d997c42f4ea29486d92dbb4f|0x1ffe6eb7a9160a4db01ff7595e7762cf5c035a47822e31da6b575395c33c5219|106171518487354950961295162719317549533165780042017933081078468626111989784899|1774354119|buy|0.32|5,2026-06-24T20:54:37+00:00,a6bdef18972b95da2156986bc2df4bb34219696b9db88d87d561be45ab82ade8,7e44e74b1dbbf8ac94f43156da0fecfebadc6271d0da6b7ab9f50dc9f04025fd,wallet_trade_history_v1,none
0xd0d6053c3c37e727402d84c14069780d360993aa,https://polymarket.com/@k9Q2mX4L8A7ZP3R,https://data-api.polymarket.com/activity?user=0xd0d6053c3c37e727402d84c14069780d360993aa&type=TRADE&limit=100&offset=0&sortBy=TIMESTAMP&sortDirection=DESC,activity_primary,TRADE,1774354119,2026-03-24T12:08:39+00:00,0x983856c23909f5a1d0b255b22bd6cc9fd499dd6b08fdf7511b295bb852766eec,0xf52eaf6a03a696f23bbd67e9ec475c5951b7d22d698250aa0fc2fd110e5eb95e,16820025249999639209657705542686085972345460376714202302628130376987697590719,16820025249999639209657705542686085972345460376714202302628130376987697590719,eth-updown-15m-1774353600,eth-updown-15m-1774353600,"Ethereum Up or Down - March 24, 8:00AM-8:15AM ET",Up,0,BUY,0.2,15,3,endpoint_usdcSize,fast_crypto_up_down,ETH,true,,,unavailable,entry_candidate,0xd0d6053c3c37e727402d84c14069780d360993aa|0xf52eaf6a03a696f23bbd67e9ec475c5951b7d22d698250aa0fc2fd110e5eb95e|16820025249999639209657705542686085972345460376714202302628130376987697590719|Up,0xd0d6053c3c37e727402d84c14069780d360993aa|activity_primary|0x983856c23909f5a1d0b255b22bd6cc9fd499dd6b08fdf7511b295bb852766eec|0xf52eaf6a03a696f23bbd67e9ec475c5951b7d22d698250aa0fc2fd110e5eb95e|16820025249999639209657705542686085972345460376714202302628130376987697590719|1774354119|buy|0.2|15,2026-06-24T20:54:37+00:00,d76786021083f778ff2bf4bbae19f293c0c6c8d6d89e113a1ddea75bb2857716,7e44e74b1dbbf8ac94f43156da0fecfebadc6271d0da6b7ab9f50dc9f04025fd,wallet_trade_history_v1,none
0xd0d6053c3c37e727402d84c14069780d360993aa,https://polymarket.com/@k9Q2mX4L8A7ZP3R,https://data-api.polymarket.com/activity?user=0xd0d6053c3c37e727402d84c14069780d360993aa&type=TRADE&limit=100&offset=0&sortBy=TIMESTAMP&sortDirection=DESC,activity_primary,TRADE,1774354119,2026-03-24T12:08:39+00:00,0x5f8bc96428cd4ac80a2531b92d453e6bfc7c63fff34dcd465b07d7a7f82f81bc,0x1ffe6eb7a9160a4db01ff7595e7762cf5c035a47822e31da6b575395c33c5219,106171518487354950961295162719317549533165780042017933081078468626111989784899,106171518487354950961295162719317549533165780042017933081078468626111989784899,bitcoin-up-or-down-march-24-2026-8am-et,bitcoin-up-or-down-march-24-2026-8am-et,"Bitcoin Up or Down - March 24, 8AM ET",Up,0,BUY,0.32,100,32,endpoint_usdcSize,fast_crypto_up_down,BTC,true,,,unavailable,entry_candidate,0xd0d6053c3c37e727402d84c14069780d360993aa|0x1ffe6eb7a9160a4db01ff7595e7762cf5c035a47822e31da6b575395c33c5219|106171518487354950961295162719317549533165780042017933081078468626111989784899|Up,0xd0d6053c3c37e727402d84c14069780d360993aa|activity_primary|0x5f8bc96428cd4ac80a2531b92d453e6bfc7c63fff34dcd465b07d7a7f82f81bc|0x1ffe6eb7a9160a4db01ff7595e7762cf5c035a47822e31da6b575395c33c5219|106171518487354950961295162719317549533165780042017933081078468626111989784899|1774354119|buy|0.32|100,2026-06-24T20:54:37+00:00,7ce1a5bfff1727df530313940f381bc1b87c3163dbbb73fdc885dafb9bcb32a6,7e44e74b1dbbf8ac94f43156da0fecfebadc6271d0da6b7ab9f50dc9f04025fd,wallet_trade_history_v1,none
0xd0d6053c3c37e727402d84c14069780d360993aa,https://polymarket.com/@k9Q2mX4L8A7ZP3R,https://data-api.polymarket.com/activity?user=0xd0d6053c3c37e727402d84c14069780d360993aa&type=TRADE&limit=100&offset=0&sortBy=TIMESTAMP&sortDirection=DESC,activity_primary,TRADE,1774354119,2026-03-24T12:08:39+00:00,0x4929e7501587913b5d5633d25ab304d436bfb106b0780d025656408681888a2e,0xf52eaf6a03a696f23bbd67e9ec475c5951b7d22d698250aa0fc2fd110e5eb95e,16820025249999639209657705542686085972345460376714202302628130376987697590719,16820025249999639209657705542686085972345460376714202302628130376987697590719,eth-updown-15m-1774353600,eth-updown-15m-1774353600,"Ethereum Up or Down - March 24, 8:00AM-8:15AM ET",Up,0,BUY,0.2,15,3,endpoint_usdcSize,fast_crypto_up_down,ETH,true,,,unavailable,entry_candidate,0xd0d6053c3c37e727402d84c14069780d360993aa|0xf52eaf6a03a696f23bbd67e9ec475c5951b7d22d698250aa0fc2fd110e5eb95e|16820025249999639209657705542686085972345460376714202302628130376987697590719|Up,0xd0d6053c3c37e727402d84c14069780d360993aa|activity_primary|0x4929e7501587913b5d5633d25ab304d436bfb106b0780d025656408681888a2e|0xf52eaf6a03a696f23bbd67e9ec475c5951b7d22d698250aa0fc2fd110e5eb95e|16820025249999639209657705542686085972345460376714202302628130376987697590719|1774354119|buy|0.2|15,2026-06-24T20:54:37+00:00,026cfcd51470e941e0d5cc7c8586f47c185865173b4839e37748e9afc656bfe5,7e44e74b1dbbf8ac94f43156da0fecfebadc6271d0da6b7ab9f50dc9f04025fd,wallet_trade_history_v1,none
0xd0d6053c3c37e727402d84c14069780d360993aa,https://polymarket.com/@k9Q2mX4L8A7ZP3R,https://data-api.polymarket.com/activity?user=0xd0d6053c3c37e727402d84c14069780d360993aa&type=TRADE&limit=100&offset=0&sortBy=TIMESTAMP&sortDirection=DESC,activity_primary,TRADE,1774354117,2026-03-24T12:08:37+00:00,0xe7745572a3d7ad02277c74dd68a67a76624330073cd1c8f2b08b0c3f533c871c,0xf52eaf6a03a696f23bbd67e9ec475c5951b7d22d698250aa0fc2fd110e5eb95e,16820025249999639209657705542686085972345460376714202302628130376987697590719,16820025249999639209657705542686085972345460376714202302628130376987697590719,eth-updown-15m-1774353600,eth-updown-15m-1774353600,"Ethereum Up or Down - March 24, 8:00AM-8:15AM ET",Up,0,BUY,0.21,12.29,2.5809,endpoint_usdcSize,fast_crypto_up_down,ETH,true,,,unavailable,entry_candidate,0xd0d6053c3c37e727402d84c14069780d360993aa|0xf52eaf6a03a696f23bbd67e9ec475c5951b7d22d698250aa0fc2fd110e5eb95e|16820025249999639209657705542686085972345460376714202302628130376987697590719|Up,0xd0d6053c3c37e727402d84c14069780d360993aa|activity_primary|0xe7745572a3d7ad02277c74dd68a67a76624330073cd1c8f2b08b0c3f533c871c|0xf52eaf6a03a696f23bbd67e9ec475c5951b7d22d698250aa0fc2fd110e5eb95e|16820025249999639209657705542686085972345460376714202302628130376987697590719|1774354117|buy|0.21|12.29,2026-06-24T20:54:37+00:00,c46862f2c9ba5ce67b2bf5bddd137d483cfe4e2ca3b7080bd130df683341d31c,7e44e74b1dbbf8ac94f43156da0fecfebadc6271d0da6b7ab9f50dc9f04025fd,wallet_trade_history_v1,none
0xd0d6053c3c37e727402d84c14069780d360993aa,https://polymarket.com/@k9Q2mX4L8A7ZP3R,https://data-api.polymarket.com/activity?user=0xd0d6053c3c37e727402d84c14069780d360993aa&type=TRADE&limit=100&offset=0&sortBy=TIMESTAMP&sortDirection=DESC,activity_primary,TRADE,1774354117,2026-03-24T12:08:37+00:00,0x3c850abf0591882a3f7c3f7e1e25554d007009eca29c9399179b98c426670d44,0xf52eaf6a03a696f23bbd67e9ec475c5951b7d22d698250aa0fc2fd110e5eb95e,16820025249999639209657705542686085972345460376714202302628130376987697590719,16820025249999639209657705542686085972345460376714202302628130376987697590719,eth-updown-15m-1774353600,eth-updown-15m-1774353600,"Ethereum Up or Down - March 24, 8:00AM-8:15AM ET",Up,0,BUY,0.21000002139584167,6.075947,1.275949,endpoint_usdcSize,fast_crypto_up_down,ETH,true,,,unavailable,entry_candidate,0xd0d6053c3c37e727402d84c14069780d360993aa|0xf52eaf6a03a696f23bbd67e9ec475c5951b7d22d698250aa0fc2fd110e5eb95e|16820025249999639209657705542686085972345460376714202302628130376987697590719|Up,0xd0d6053c3c37e727402d84c14069780d360993aa|activity_primary|0x3c850abf0591882a3f7c3f7e1e25554d007009eca29c9399179b98c426670d44|0xf52eaf6a03a696f23bbd67e9ec475c5951b7d22d698250aa0fc2fd110e5eb95e|16820025249999639209657705542686085972345460376714202302628130376987697590719|1774354117|buy|0.21000002139584167|6.075947,2026-06-24T20:54:37+00:00,cfe94305959c7cebb20aae39974a984e18ccad252ff6a8fb1bba8d617c3df700,7e44e74b1dbbf8ac94f43156da0fecfebadc6271d0da6b7ab9f50dc9f04025fd,wallet_trade_history_v1,none
0xd0d6053c3c37e727402d84c14069780d360993aa,https://polymarket.com/@k9Q2mX4L8A7ZP3R,https://data-api.polymarket.com/activity?user=0xd0d6053c3c37e727402d84c14069780d360993aa&type=TRADE&limit=100&offset=0&sortBy=TIMESTAMP&sortDirection=DESC,activity_primary,TRADE,1774354117,2026-03-24T12:08:37+00:00,0x956db385a13760ece3fdb8b75ad305ee5f0e6fa33c6958f8852625dc49533469,0xf52eaf6a03a696f23bbd67e9ec475c5951b7d22d698250aa0fc2fd110e5eb95e,16820025249999639209657705542686085972345460376714202302628130376987697590719,16820025249999639209657705542686085972345460376714202302628130376987697590719,eth-updown-15m-1774353600,eth-updown-15m-1774353600,"Ethereum Up or Down - March 24, 8:00AM-8:15AM ET",Up,0,BUY,0.21,16,3.36,endpoint_usdcSize,fast_crypto_up_down,ETH,true,,,unavailable,entry_candidate,0xd0d6053c3c37e727402d84c14069780d360993aa|0xf52eaf6a03a696f23bbd67e9ec475c5951b7d22d698250aa0fc2fd110e5eb95e|16820025249999639209657705542686085972345460376714202302628130376987697590719|Up,0xd0d6053c3c37e727402d84c14069780d360993aa|activity_primary|0x956db385a13760ece3fdb8b75ad305ee5f0e6fa33c6958f8852625dc49533469|0xf52eaf6a03a696f23bbd67e9ec475c5951b7d22d698250aa0fc2fd110e5eb95e|16820025249999639209657705542686085972345460376714202302628130376987697590719|1774354117|buy|0.21|16,2026-06-24T20:54:37+00:00,216ff2d3eb0afff8be1d8f3532d91db245d6269ce45083fbcea83ca0b4c2d3d8,7e44e74b1dbbf8ac94f43156da0fecfebadc6271d0da6b7ab9f50dc9f04025fd,wallet_trade_history_v1,none
0xd0d6053c3c37e727402d84c14069780d360993aa,https://polymarket.com/@k9Q2mX4L8A7ZP3R,https://data-api.polymarket.com/activity?user=0xd0d6053c3c37e727402d84c14069780d360993aa&type=TRADE&limit=100&offset=0&sortBy=TIMESTAMP&sortDirection=DESC,activity_primary,TRADE,1774354117,2026-03-24T12:08:37+00:00,0xb740f914355741cc335d7e3ff467a494dc5bc2dece871e78a022cc34c4df8991,0xf52eaf6a03a696f23bbd67e9ec475c5951b7d22d698250aa0fc2fd110e5eb95e,16820025249999639209657705542686085972345460376714202302628130376987697590719,16820025249999639209657705542686085972345460376714202302628130376987697590719,eth-updown-15m-1774353600,eth-updown-15m-1774353600,"Ethereum Up or Down - March 24, 8:00AM-8:15AM ET",Up,0,BUY,0.2,3.73925,0.74785,endpoint_usdcSize,fast_crypto_up_down,ETH,true,,,unavailable,entry_candidate,0xd0d6053c3c37e727402d84c14069780d360993aa|0xf52eaf6a03a696f23bbd67e9ec475c5951b7d22d698250aa0fc2fd110e5eb95e|16820025249999639209657705542686085972345460376714202302628130376987697590719|Up,0xd0d6053c3c37e727402d84c14069780d360993aa|activity_primary|0xb740f914355741cc335d7e3ff467a494dc5bc2dece871e78a022cc34c4df8991|0xf52eaf6a03a696f23bbd67e9ec475c5951b7d22d698250aa0fc2fd110e5eb95e|16820025249999639209657705542686085972345460376714202302628130376987697590719|1774354117|buy|0.2|3.73925,2026-06-24T20:54:37+00:00,ed925272b7f07fa760bd6c7408da98310000990f5ba2cabf5bc806e6c304db80,7e44e74b1dbbf8ac94f43156da0fecfebadc6271d0da6b7ab9f50dc9f04025fd,wallet_trade_history_v1,none
0xd0d6053c3c37e727402d84c14069780d360993aa,https://polymarket.com/@k9Q2mX4L8A7ZP3R,https://data-api.polymarket.com/activity?user=0xd0d6053c3c37e727402d84c14069780d360993aa&type=TRADE&limit=100&offset=0&sortBy=TIMESTAMP&sortDirection=DESC,activity_primary,TRADE,1774354117,2026-03-24T12:08:37+00:00,0xd167ff5f630fa4256a79a36ec4d99538f67c67f285c1104c90e5edc56828e099,0xf52eaf6a03a696f23bbd67e9ec475c5951b7d22d698250aa0fc2fd110e5eb95e,16820025249999639209657705542686085972345460376714202302628130376987697590719,16820025249999639209657705542686085972345460376714202302628130376987697590719,eth-updown-15m-1774353600,eth-updown-15m-1774353600,"Ethereum Up or Down - March 24, 8:00AM-8:15AM ET",Up,0,BUY,0.21,24.54,5.1534,endpoint_usdcSize,fast_crypto_up_down,ETH,true,,,unavailable,entry_candidate,0xd0d6053c3c37e727402d84c14069780d360993aa|0xf52eaf6a03a696f23bbd67e9ec475c5951b7d22d698250aa0fc2fd110e5eb95e|16820025249999639209657705542686085972345460376714202302628130376987697590719|Up,0xd0d6053c3c37e727402d84c14069780d360993aa|activity_primary|0xd167ff5f630fa4256a79a36ec4d99538f67c67f285c1104c90e5edc56828e099|0xf52eaf6a03a696f23bbd67e9ec475c5951b7d22d698250aa0fc2fd110e5eb95e|16820025249999639209657705542686085972345460376714202302628130376987697590719|1774354117|buy|0.21|24.54,2026-06-24T20:54:37+00:00,86e64dbddc2376ddb666bb7acde65ec2e9d4357e5fdd7916ce5cca6347e9fc6d,7e44e74b1dbbf8ac94f43156da0fecfebadc6271d0da6b7ab9f50dc9f04025fd,wallet_trade_history_v1,none
0xd0d6053c3c37e727402d84c14069780d360993aa,https://polymarket.com/@k9Q2mX4L8A7ZP3R,https://data-api.polymarket.com/activity?user=0xd0d6053c3c37e727402d84c14069780d360993aa&type=TRADE&limit=100&offset=0&sortBy=TIMESTAMP&sortDirection=DESC,activity_primary,TRADE,1774354117,2026-03-24T12:08:37+00:00,0x990546fa0aea8dc8bf141303a0e864cfeda81cc408198b1d91d99890c724df61,0xf52eaf6a03a696f23bbd67e9ec475c5951b7d22d698250aa0fc2fd110e5eb95e,16820025249999639209657705542686085972345460376714202302628130376987697590719,16820025249999639209657705542686085972345460376714202302628130376987697590719,eth-updown-15m-1774353600,eth-updown-15m-1774353600,"Ethereum Up or Down - March 24, 8:00AM-8:15AM ET",Up,0,BUY,0.21,6.6,1.386,endpoint_usdcSize,fast_crypto_up_down,ETH,true,,,unavailable,entry_candidate,0xd0d6053c3c37e727402d84c14069780d360993aa|0xf52eaf6a03a696f23bbd67e9ec475c5951b7d22d698250aa0fc2fd110e5eb95e|16820025249999639209657705542686085972345460376714202302628130376987697590719|Up,0xd0d6053c3c37e727402d84c14069780d360993aa|activity_primary|0x990546fa0aea8dc8bf141303a0e864cfeda81cc408198b1d91d99890c724df61|0xf52eaf6a03a696f23bbd67e9ec475c5951b7d22d698250aa0fc2fd110e5eb95e|16820025249999639209657705542686085972345460376714202302628130376987697590719|1774354117|buy|0.21|6.6,2026-06-24T20:54:37+00:00,e057ccb3362d7a7fae5c9d93e4398efa159d0c8ce7b4dbe443053c0f71239748,7e44e74b1dbbf8ac94f43156da0fecfebadc6271d0da6b7ab9f50dc9f04025fd,wallet_trade_history_v1,none
0xd0d6053c3c37e727402d84c14069780d360993aa,https://polymarket.com/@k9Q2mX4L8A7ZP3R,https://data-api.polymarket.com/activity?user=0xd0d6053c3c37e727402d84c14069780d360993aa&type=TRADE&limit=100&offset=0&sortBy=TIMESTAMP&sortDirection=DESC,activity_primary,TRADE,1774354117,2026-03-24T12:08:37+00:00,0x4b5abcd2c12171fd2002ce11cb787cf4de629bb1b2b881e46abd8220ef7a01c6,0xf52eaf6a03a696f23bbd67e9ec475c5951b7d22d698250aa0fc2fd110e5eb95e,16820025249999639209657705542686085972345460376714202302628130376987697590719,16820025249999639209657705542686085972345460376714202302628130376987697590719,eth-updown-15m-1774353600,eth-updown-15m-1774353600,"Ethereum Up or Down - March 24, 8:00AM-8:15AM ET",Up,0,BUY,0.2200000240926773,6.641022,1.461025,endpoint_usdcSize,fast_crypto_up_down,ETH,true,,,unavailable,entry_candidate,0xd0d6053c3c37e727402d84c14069780d360993aa|0xf52eaf6a03a696f23bbd67e9ec475c5951b7d22d698250aa0fc2fd110e5eb95e|16820025249999639209657705542686085972345460376714202302628130376987697590719|Up,0xd0d6053c3c37e727402d84c14069780d360993aa|activity_primary|0x4b5abcd2c12171fd2002ce11cb787cf4de629bb1b2b881e46abd8220ef7a01c6|0xf52eaf6a03a696f23bbd67e9ec475c5951b7d22d698250aa0fc2fd110e5eb95e|16820025249999639209657705542686085972345460376714202302628130376987697590719|1774354117|buy|0.2200000240926773|6.641022,2026-06-24T20:54:37+00:00,6b9e328b22b194cd6e9ab21495840010748f95a560c3abc5867ca0cc780cd93d,7e44e74b1dbbf8ac94f43156da0fecfebadc6271d0da6b7ab9f50dc9f04025fd,wallet_trade_history_v1,none
0xd0d6053c3c37e727402d84c14069780d360993aa,https://polymarket.com/@k9Q2mX4L8A7ZP3R,https://data-api.polymarket.com/activity?user=0xd0d6053c3c37e727402d84c14069780d360993aa&type=TRADE&limit=100&offset=0&sortBy=TIMESTAMP&sortDirection=DESC,activity_primary,TRADE,1774354117,2026-03-24T12:08:37+00:00,0x4d3c715aaf8bc38c09f02095f911b28144b912b279769265a38b5440f30d8c90,0xf52eaf6a03a696f23bbd67e9ec475c5951b7d22d698250aa0fc2fd110e5eb95e,16820025249999639209657705542686085972345460376714202302628130376987697590719,16820025249999639209657705542686085972345460376714202302628130376987697590719,eth-updown-15m-1774353600,eth-updown-15m-1774353600,"Ethereum Up or Down - March 24, 8:00AM-8:15AM ET",Up,0,BUY,0.21,18.49,3.8829,endpoint_usdcSize,fast_crypto_up_down,ETH,true,,,unavailable,entry_candidate,0xd0d6053c3c37e727402d84c14069780d360993aa|0xf52eaf6a03a696f23bbd67e9ec475c5951b7d22d698250aa0fc2fd110e5eb95e|16820025249999639209657705542686085972345460376714202302628130376987697590719|Up,0xd0d6053c3c37e727402d84c14069780d360993aa|activity_primary|0x4d3c715aaf8bc38c09f02095f911b28144b912b279769265a38b5440f30d8c90|0xf52eaf6a03a696f23bbd67e9ec475c5951b7d22d698250aa0fc2fd110e5eb95e|16820025249999639209657705542686085972345460376714202302628130376987697590719|1774354117|buy|0.21|18.49,2026-06-24T20:54:37+00:00,8812cb2019fc02e0883caece3ef4e6c8ff14112711f01e1f7e3d4f1162646986,7e44e74b1dbbf8ac94f43156da0fecfebadc6271d0da6b7ab9f50dc9f04025fd,wallet_trade_history_v1,none
0xd0d6053c3c37e727402d84c14069780d360993aa,https://polymarket.com/@k9Q2mX4L8A7ZP3R,https://data-api.polymarket.com/activity?user=0xd0d6053c3c37e727402d84c14069780d360993aa&type=TRADE&limit=100&offset=0&sortBy=TIMESTAMP&sortDirection=DESC,activity_primary,TRADE,1774354117,2026-03-24T12:08:37+00:00,0x4d3c715aaf8bc38c09f02095f911b28144b912b279769265a38b5440f30d8c90,0xf52eaf6a03a696f23bbd67e9ec475c5951b7d22d698250aa0fc2fd110e5eb95e,16820025249999639209657705542686085972345460376714202302628130376987697590719,16820025249999639209657705542686085972345460376714202302628130376987697590719,eth-updown-15m-1774353600,eth-updown-15m-1774353600,"Ethereum Up or Down - March 24, 8:00AM-8:15AM ET",Up,0,BUY,0.22,8.64,1.9008,endpoint_usdcSize,fast_crypto_up_down,ETH,true,,,unavailable,entry_candidate,0xd0d6053c3c37e727402d84c14069780d360993aa|0xf52eaf6a03a696f23bbd67e9ec475c5951b7d22d698250aa0fc2fd110e5eb95e|16820025249999639209657705542686085972345460376714202302628130376987697590719|Up,0xd0d6053c3c37e727402d84c14069780d360993aa|activity_primary|0x4d3c715aaf8bc38c09f02095f911b28144b912b279769265a38b5440f30d8c90|0xf52eaf6a03a696f23bbd67e9ec475c5951b7d22d698250aa0fc2fd110e5eb95e|16820025249999639209657705542686085972345460376714202302628130376987697590719|1774354117|buy|0.22|8.64,2026-06-24T20:54:37+00:00,d33186af985574568802e74b6fcdcd7d26a05f473c28263243bd7940266456d3,7e44e74b1dbbf8ac94f43156da0fecfebadc6271d0da6b7ab9f50dc9f04025fd,wallet_trade_history_v1,none
0xd0d6053c3c37e727402d84c14069780d360993aa,https://polymarket.com/@k9Q2mX4L8A7ZP3R,https://data-api.polymarket.com/activity?user=0xd0d6053c3c37e727402d84c14069780d360993aa&type=TRADE&limit=100&offset=0&sortBy=TIMESTAMP&sortDirection=DESC,activity_primary,TRADE,1774354117,2026-03-24T12:08:37+00:00,0x61b4d44b9f7230890015b2660501ba98fc0a85ecf7a1a5bf7513c4c9c076098f,0xf52eaf6a03a696f23bbd67e9ec475c5951b7d22d698250aa0fc2fd110e5eb95e,16820025249999639209657705542686085972345460376714202302628130376987697590719,16820025249999639209657705542686085972345460376714202302628130376987697590719,eth-updown-15m-1774353600,eth-updown-15m-1774353600,"Ethereum Up or Down - March 24, 8:00AM-8:15AM ET",Up,0,BUY,0.22000001390787702,8.628204,1.898205,endpoint_usdcSize,fast_crypto_up_down,ETH,true,,,unavailable,entry_candidate,0xd0d6053c3c37e727402d84c14069780d360993aa|0xf52eaf6a03a696f23bbd67e9ec475c5951b7d22d698250aa0fc2fd110e5eb95e|16820025249999639209657705542686085972345460376714202302628130376987697590719|Up,0xd0d6053c3c37e727402d84c14069780d360993aa|activity_primary|0x61b4d44b9f7230890015b2660501ba98fc0a85ecf7a1a5bf7513c4c9c076098f|0xf52eaf6a03a696f23bbd67e9ec475c5951b7d22d698250aa0fc2fd110e5eb95e|16820025249999639209657705542686085972345460376714202302628130376987697590719|1774354117|buy|0.22000001390787702|8.628204,2026-06-24T20:54:37+00:00,3b559fa8161a31ad925b780f4b45dbc98176cfb2b4496dda373ea78884ccc10e,7e44e74b1dbbf8ac94f43156da0fecfebadc6271d0da6b7ab9f50dc9f04025fd,wallet_trade_history_v1,none
0xd0d6053c3c37e727402d84c14069780d360993aa,https://polymarket.com/@k9Q2mX4L8A7ZP3R,https://data-api.polymarket.com/activity?user=0xd0d6053c3c37e727402d84c14069780d360993aa&type=TRADE&limit=100&offset=0&sortBy=TIMESTAMP&sortDirection=DESC,activity_primary,TRADE,1774354117,2026-03-24T12:08:37+00:00,0xa73de14f52217d81f30c0a527a1a1574a28573a3a2466e1fd96042479a9fa93d,0xf52eaf6a03a696f23bbd67e9ec475c5951b7d22d698250aa0fc2fd110e5eb95e,16820025249999639209657705542686085972345460376714202302628130376987697590719,16820025249999639209657705542686085972345460376714202302628130376987697590719,eth-updown-15m-1774353600,eth-updown-15m-1774353600,"Ethereum Up or Down - March 24, 8:00AM-8:15AM ET",Up,0,BUY,0.22,28.58,6.2876,endpoint_usdcSize,fast_crypto_up_down,ETH,true,,,unavailable,entry_candidate,0xd0d6053c3c37e727402d84c14069780d360993aa|0xf52eaf6a03a696f23bbd67e9ec475c5951b7d22d698250aa0fc2fd110e5eb95e|16820025249999639209657705542686085972345460376714202302628130376987697590719|Up,0xd0d6053c3c37e727402d84c14069780d360993aa|activity_primary|0xa73de14f52217d81f30c0a527a1a1574a28573a3a2466e1fd96042479a9fa93d|0xf52eaf6a03a696f23bbd67e9ec475c5951b7d22d698250aa0fc2fd110e5eb95e|16820025249999639209657705542686085972345460376714202302628130376987697590719|1774354117|buy|0.22|28.58,2026-06-24T20:54:37+00:00,1706f6ae6bc8d9536217c8989ffd59b7f933494edfa63bf2f399c5085c804514,7e44e74b1dbbf8ac94f43156da0fecfebadc6271d0da6b7ab9f50dc9f04025fd,wallet_trade_history_v1,none
0xd0d6053c3c37e727402d84c14069780d360993aa,https://polymarket.com/@k9Q2mX4L8A7ZP3R,https://data-api.polymarket.com/activity?user=0xd0d6053c3c37e727402d84c14069780d360993aa&type=TRADE&limit=100&offset=0&sortBy=TIMESTAMP&sortDirection=DESC,activity_primary,TRADE,1774354117,2026-03-24T12:08:37+00:00,0x0ec257163fb87875f8690da7a6d12f1a0b82762000b4a97ac5b47ea2aa053dba,0xf52eaf6a03a696f23bbd67e9ec475c5951b7d22d698250aa0fc2fd110e5eb95e,16820025249999639209657705542686085972345460376714202302628130376987697590719,16820025249999639209657705542686085972345460376714202302628130376987697590719,eth-updown-15m-1774353600,eth-updown-15m-1774353600,"Ethereum Up or Down - March 24, 8:00AM-8:15AM ET",Up,0,BUY,0.22,15,3.3,endpoint_usdcSize,fast_crypto_up_down,ETH,true,,,unavailable,entry_candidate,0xd0d6053c3c37e727402d84c14069780d360993aa|0xf52eaf6a03a696f23bbd67e9ec475c5951b7d22d698250aa0fc2fd110e5eb95e|16820025249999639209657705542686085972345460376714202302628130376987697590719|Up,0xd0d6053c3c37e727402d84c14069780d360993aa|activity_primary|0x0ec257163fb87875f8690da7a6d12f1a0b82762000b4a97ac5b47ea2aa053dba|0xf52eaf6a03a696f23bbd67e9ec475c5951b7d22d698250aa0fc2fd110e5eb95e|16820025249999639209657705542686085972345460376714202302628130376987697590719|1774354117|buy|0.22|15,2026-06-24T20:54:37+00:00,c2933787e48b233c78f181ac89ace7bb361a77757bcadff1c5a2cbc44818a52d,7e44e74b1dbbf8ac94f43156da0fecfebadc6271d0da6b7ab9f50dc9f04025fd,wallet_trade_history_v1,none
0xd0d6053c3c37e727402d84c14069780d360993aa,https://polymarket.com/@k9Q2mX4L8A7ZP3R,https://data-api.polymarket.com/activity?user=0xd0d6053c3c37e727402d84c14069780d360993aa&type=TRADE&limit=100&offset=0&sortBy=TIMESTAMP&sortDirection=DESC,activity_primary,TRADE,1774354115,2026-03-24T12:08:35+00:00,0xf6fe0891e162d898cc897b946cd7918551e3b3fbb299e382933c4a812c9d848c,0xf52eaf6a03a696f23bbd67e9ec475c5951b7d22d698250aa0fc2fd110e5eb95e,16820025249999639209657705542686085972345460376714202302628130376987697590719,16820025249999639209657705542686085972345460376714202302628130376987697590719,eth-updown-15m-1774353600,eth-updown-15m-1774353600,"Ethereum Up or Down - March 24, 8:00AM-8:15AM ET",Up,0,BUY,0.22,1.5,0.33,endpoint_usdcSize,fast_crypto_up_down,ETH,true,,,unavailable,entry_candidate,0xd0d6053c3c37e727402d84c14069780d360993aa|0xf52eaf6a03a696f23bbd67e9ec475c5951b7d22d698250aa0fc2fd110e5eb95e|16820025249999639209657705542686085972345460376714202302628130376987697590719|Up,0xd0d6053c3c37e727402d84c14069780d360993aa|activity_primary|0xf6fe0891e162d898cc897b946cd7918551e3b3fbb299e382933c4a812c9d848c|0xf52eaf6a03a696f23bbd67e9ec475c5951b7d22d698250aa0fc2fd110e5eb95e|16820025249999639209657705542686085972345460376714202302628130376987697590719|1774354115|buy|0.22|1.5,2026-06-24T20:54:37+00:00,7544b06255024aa91d8322169020f06270ab1fcb7f127e61dcf9070da894ca83,7e44e74b1dbbf8ac94f43156da0fecfebadc6271d0da6b7ab9f50dc9f04025fd,wallet_trade_history_v1,none
0xd0d6053c3c37e727402d84c14069780d360993aa,https://polymarket.com/@k9Q2mX4L8A7ZP3R,https://data-api.polymarket.com/activity?user=0xd0d6053c3c37e727402d84c14069780d360993aa&type=TRADE&limit=100&offset=0&sortBy=TIMESTAMP&sortDirection=DESC,activity_primary,TRADE,1774354113,2026-03-24T12:08:33+00:00,0xc96354d444109a3917004ba023686450a631e69dfddba6c764b3fe2c2953749a,0xf52eaf6a03a696f23bbd67e9ec475c5951b7d22d698250aa0fc2fd110e5eb95e,16820025249999639209657705542686085972345460376714202302628130376987697590719,16820025249999639209657705542686085972345460376714202302628130376987697590719,eth-updown-15m-1774353600,eth-updown-15m-1774353600,"Ethereum Up or Down - March 24, 8:00AM-8:15AM ET",Up,0,BUY,0.23,2.07,0.4761,endpoint_usdcSize,fast_crypto_up_down,ETH,true,,,unavailable,entry_candidate,0xd0d6053c3c37e727402d84c14069780d360993aa|0xf52eaf6a03a696f23bbd67e9ec475c5951b7d22d698250aa0fc2fd110e5eb95e|16820025249999639209657705542686085972345460376714202302628130376987697590719|Up,0xd0d6053c3c37e727402d84c14069780d360993aa|activity_primary|0xc96354d444109a3917004ba023686450a631e69dfddba6c764b3fe2c2953749a|0xf52eaf6a03a696f23bbd67e9ec475c5951b7d22d698250aa0fc2fd110e5eb95e|16820025249999639209657705542686085972345460376714202302628130376987697590719|1774354113|buy|0.23|2.07,2026-06-24T20:54:37+00:00,135c6c15485e59641cd9762ff9eacde9537425cf9ccf0a9528ff8e9570f0789e,7e44e74b1dbbf8ac94f43156da0fecfebadc6271d0da6b7ab9f50dc9f04025fd,wallet_trade_history_v1,none
0xd0d6053c3c37e727402d84c14069780d360993aa,https://polymarket.com/@k9Q2mX4L8A7ZP3R,https://data-api.polymarket.com/activity?user=0xd0d6053c3c37e727402d84c14069780d360993aa&type=TRADE&limit=100&offset=0&sortBy=TIMESTAMP&sortDirection=DESC,activity_primary,TRADE,1774354113,2026-03-24T12:08:33+00:00,0xce30dcc7192c8ceb4ded0ae10765c5047a3a802be0266a66d27f3c528fbb9fca,0xf52eaf6a03a696f23bbd67e9ec475c5951b7d22d698250aa0fc2fd110e5eb95e,16820025249999639209657705542686085972345460376714202302628130376987697590719,16820025249999639209657705542686085972345460376714202302628130376987697590719,eth-updown-15m-1774353600,eth-updown-15m-1774353600,"Ethereum Up or Down - March 24, 8:00AM-8:15AM ET",Up,0,BUY,0.23,10,2.3,endpoint_usdcSize,fast_crypto_up_down,ETH,true,,,unavailable,entry_candidate,0xd0d6053c3c37e727402d84c14069780d360993aa|0xf52eaf6a03a696f23bbd67e9ec475c5951b7d22d698250aa0fc2fd110e5eb95e|16820025249999639209657705542686085972345460376714202302628130376987697590719|Up,0xd0d6053c3c37e727402d84c14069780d360993aa|activity_primary|0xce30dcc7192c8ceb4ded0ae10765c5047a3a802be0266a66d27f3c528fbb9fca|0xf52eaf6a03a696f23bbd67e9ec475c5951b7d22d698250aa0fc2fd110e5eb95e|16820025249999639209657705542686085972345460376714202302628130376987697590719|1774354113|buy|0.23|10,2026-06-24T20:54:37+00:00,c44b0a945fccb89a5e6e2e9b13a34ffb9bc908b6f73379bf1795b9fa0f51c344,7e44e74b1dbbf8ac94f43156da0fecfebadc6271d0da6b7ab9f50dc9f04025fd,wallet_trade_history_v1,none
0xd0d6053c3c37e727402d84c14069780d360993aa,https://polymarket.com/@k9Q2mX4L8A7ZP3R,https://data-api.polymarket.com/activity?user=0xd0d6053c3c37e727402d84c14069780d360993aa&type=TRADE&limit=100&offset=0&sortBy=TIMESTAMP&sortDirection=DESC,activity_primary,TRADE,1774354113,2026-03-24T12:08:33+00:00,0x85085ed46526ef5e6fbe110249a68a30961ad90d7e7fc431faa104c2630427e3,0xf52eaf6a03a696f23bbd67e9ec475c5951b7d22d698250aa0fc2fd110e5eb95e,16820025249999639209657705542686085972345460376714202302628130376987697590719,16820025249999639209657705542686085972345460376714202302628130376987697590719,eth-updown-15m-1774353600,eth-updown-15m-1774353600,"Ethereum Up or Down - March 24, 8:00AM-8:15AM ET",Up,0,BUY,0.23,15,3.45,endpoint_usdcSize,fast_crypto_up_down,ETH,true,,,unavailable,entry_candidate,0xd0d6053c3c37e727402d84c14069780d360993aa|0xf52eaf6a03a696f23bbd67e9ec475c5951b7d22d698250aa0fc2fd110e5eb95e|16820025249999639209657705542686085972345460376714202302628130376987697590719|Up,0xd0d6053c3c37e727402d84c14069780d360993aa|activity_primary|0x85085ed46526ef5e6fbe110249a68a30961ad90d7e7fc431faa104c2630427e3|0xf52eaf6a03a696f23bbd67e9ec475c5951b7d22d698250aa0fc2fd110e5eb95e|16820025249999639209657705542686085972345460376714202302628130376987697590719|1774354113|buy|0.23|15,2026-06-24T20:54:37+00:00,31c7a59c68503ec6fac96141850fef9b75e99d906fd8667c486334cc036bccb4,7e44e74b1dbbf8ac94f43156da0fecfebadc6271d0da6b7ab9f50dc9f04025fd,wallet_trade_history_v1,none
0xd0d6053c3c37e727402d84c14069780d360993aa,https://polymarket.com/@k9Q2mX4L8A7ZP3R,https://data-api.polymarket.com/activity?user=0xd0d6053c3c37e727402d84c14069780d360993aa&type=TRADE&limit=100&offset=0&sortBy=TIMESTAMP&sortDirection=DESC,activity_primary,TRADE,1774354113,2026-03-24T12:08:33+00:00,0xd0183b259243e10479b20a103ba70bc0f98e16d14ceef08b1804e1022efdce42,0xf52eaf6a03a696f23bbd67e9ec475c5951b7d22d698250aa0fc2fd110e5eb95e,16820025249999639209657705542686085972345460376714202302628130376987697590719,16820025249999639209657705542686085972345460376714202302628130376987697590719,eth-updown-15m-1774353600,eth-updown-15m-1774353600,"Ethereum Up or Down - March 24, 8:00AM-8:15AM ET",Up,0,BUY,0.23,15,3.45,endpoint_usdcSize,fast_crypto_up_down,ETH,true,,,unavailable,entry_candidate,0xd0d6053c3c37e727402d84c14069780d360993aa|0xf52eaf6a03a696f23bbd67e9ec475c5951b7d22d698250aa0fc2fd110e5eb95e|16820025249999639209657705542686085972345460376714202302628130376987697590719|Up,0xd0d6053c3c37e727402d84c14069780d360993aa|activity_primary|0xd0183b259243e10479b20a103ba70bc0f98e16d14ceef08b1804e1022efdce42|0xf52eaf6a03a696f23bbd67e9ec475c5951b7d22d698250aa0fc2fd110e5eb95e|16820025249999639209657705542686085972345460376714202302628130376987697590719|1774354113|buy|0.23|15,2026-06-24T20:54:37+00:00,9a7b63f8f9fea6b63fbffac77437837d895332c7eeeafa07cfb39405c6f788e7,7e44e74b1dbbf8ac94f43156da0fecfebadc6271d0da6b7ab9f50dc9f04025fd,wallet_trade_history_v1,none
0xd0d6053c3c37e727402d84c14069780d360993aa,https://polymarket.com/@k9Q2mX4L8A7ZP3R,https://data-api.polymarket.com/activity?user=0xd0d6053c3c37e727402d84c14069780d360993aa&type=TRADE&limit=100&offset=0&sortBy=TIMESTAMP&sortDirection=DESC,activity_primary,TRADE,1774354113,2026-03-24T12:08:33+00:00,0x695460f4d8fcc54d3f3964aed58bd3147bba714432000fb3824a58b2c47c1880,0x1f92e3544ed41cd369a5f42fb581fe411022a196b97590709b3e52b8f849ad0a,18125977540959621330469258877926842156733473654330308716310760170896087567874,18125977540959621330469258877926842156733473654330308716310760170896087567874,btc-updown-5m-1774353900,btc-updown-5m-1774353900,"Bitcoin Up or Down - March 24, 8:05AM-8:10AM ET",Up,0,BUY,0.6200000479734318,7.921051,4.911052,endpoint_usdcSize,fast_crypto_up_down,BTC,true,,,unavailable,entry_candidate,0xd0d6053c3c37e727402d84c14069780d360993aa|0x1f92e3544ed41cd369a5f42fb581fe411022a196b97590709b3e52b8f849ad0a|18125977540959621330469258877926842156733473654330308716310760170896087567874|Up,0xd0d6053c3c37e727402d84c14069780d360993aa|activity_primary|0x695460f4d8fcc54d3f3964aed58bd3147bba714432000fb3824a58b2c47c1880|0x1f92e3544ed41cd369a5f42fb581fe411022a196b97590709b3e52b8f849ad0a|18125977540959621330469258877926842156733473654330308716310760170896087567874|1774354113|buy|0.6200000479734318|7.921051,2026-06-24T20:54:37+00:00,7dbfc34511c0b99dd31b4e7548e7d3f39f24adf04727e5fc730bc4c0a47d22d0,7e44e74b1dbbf8ac94f43156da0fecfebadc6271d0da6b7ab9f50dc9f04025fd,wallet_trade_history_v1,none
0xd0d6053c3c37e727402d84c14069780d360993aa,https://polymarket.com/@k9Q2mX4L8A7ZP3R,https://data-api.polymarket.com/activity?user=0xd0d6053c3c37e727402d84c14069780d360993aa&type=TRADE&limit=100&offset=0&sortBy=TIMESTAMP&sortDirection=DESC,activity_primary,TRADE,1774354113,2026-03-24T12:08:33+00:00,0xdbade5d1944bf9b29e11888704297e761c09e9b4d44e0b66a5a2bad5a0e94bb3,0xf52eaf6a03a696f23bbd67e9ec475c5951b7d22d698250aa0fc2fd110e5eb95e,16820025249999639209657705542686085972345460376714202302628130376987697590719,16820025249999639209657705542686085972345460376714202302628130376987697590719,eth-updown-15m-1774353600,eth-updown-15m-1774353600,"Ethereum Up or Down - March 24, 8:00AM-8:15AM ET",Up,0,BUY,0.22,15,3.3,endpoint_usdcSize,fast_crypto_up_down,ETH,true,,,unavailable,entry_candidate,0xd0d6053c3c37e727402d84c14069780d360993aa|0xf52eaf6a03a696f23bbd67e9ec475c5951b7d22d698250aa0fc2fd110e5eb95e|16820025249999639209657705542686085972345460376714202302628130376987697590719|Up,0xd0d6053c3c37e727402d84c14069780d360993aa|activity_primary|0xdbade5d1944bf9b29e11888704297e761c09e9b4d44e0b66a5a2bad5a0e94bb3|0xf52eaf6a03a696f23bbd67e9ec475c5951b7d22d698250aa0fc2fd110e5eb95e|16820025249999639209657705542686085972345460376714202302628130376987697590719|1774354113|buy|0.22|15,2026-06-24T20:54:37+00:00,c2012a01fe5ae2822900dc96bd857e2700d1b1ec9282db4e589143ddecbe73aa,7e44e74b1dbbf8ac94f43156da0fecfebadc6271d0da6b7ab9f50dc9f04025fd,wallet_trade_history_v1,none
0xd0d6053c3c37e727402d84c14069780d360993aa,https://polymarket.com/@k9Q2mX4L8A7ZP3R,https://data-api.polymarket.com/activity?user=0xd0d6053c3c37e727402d84c14069780d360993aa&type=TRADE&limit=100&offset=0&sortBy=TIMESTAMP&sortDirection=DESC,activity_primary,TRADE,1774354113,2026-03-24T12:08:33+00:00,0x443fd7aff610b410289c95345b219888df85774a9ba1ad77640800d17c58ea09,0x1f92e3544ed41cd369a5f42fb581fe411022a196b97590709b3e52b8f849ad0a,8244077164856926411261303233955005884093998385465040993262466644766374364805,8244077164856926411261303233955005884093998385465040993262466644766374364805,btc-updown-5m-1774353900,btc-updown-5m-1774353900,"Bitcoin Up or Down - March 24, 8:05AM-8:10AM ET",Down,1,SELL,0.37,31,11.47,endpoint_usdcSize,fast_crypto_up_down,BTC,true,,,unavailable,exit_candidate,0xd0d6053c3c37e727402d84c14069780d360993aa|0x1f92e3544ed41cd369a5f42fb581fe411022a196b97590709b3e52b8f849ad0a|8244077164856926411261303233955005884093998385465040993262466644766374364805|Down,0xd0d6053c3c37e727402d84c14069780d360993aa|activity_primary|0x443fd7aff610b410289c95345b219888df85774a9ba1ad77640800d17c58ea09|0x1f92e3544ed41cd369a5f42fb581fe411022a196b97590709b3e52b8f849ad0a|8244077164856926411261303233955005884093998385465040993262466644766374364805|1774354113|sell|0.37|31,2026-06-24T20:54:37+00:00,45c6fe40766d33b12635eabf25c5374d5548f18328bea420e937edbb42d4b6dc,7e44e74b1dbbf8ac94f43156da0fecfebadc6271d0da6b7ab9f50dc9f04025fd,wallet_trade_history_v1,none
0xd0d6053c3c37e727402d84c14069780d360993aa,https://polymarket.com/@k9Q2mX4L8A7ZP3R,https://data-api.polymarket.com/activity?user=0xd0d6053c3c37e727402d84c14069780d360993aa&type=TRADE&limit=100&offset=0&sortBy=TIMESTAMP&sortDirection=DESC,activity_primary,TRADE,1774354111,2026-03-24T12:08:31+00:00,0x62f7befc90f724105fddaab6133e36359cae4f8353b0b4ef054b9e6d0b0031b2,0xf52eaf6a03a696f23bbd67e9ec475c5951b7d22d698250aa0fc2fd110e5eb95e,16820025249999639209657705542686085972345460376714202302628130376987697590719,16820025249999639209657705542686085972345460376714202302628130376987697590719,eth-updown-15m-1774353600,eth-updown-15m-1774353600,"Ethereum Up or Down - March 24, 8:00AM-8:15AM ET",Up,0,BUY,0.23000010365389864,2.025973,0.465974,endpoint_usdcSize,fast_crypto_up_down,ETH,true,,,unavailable,entry_candidate,0xd0d6053c3c37e727402d84c14069780d360993aa|0xf52eaf6a03a696f23bbd67e9ec475c5951b7d22d698250aa0fc2fd110e5eb95e|16820025249999639209657705542686085972345460376714202302628130376987697590719|Up,0xd0d6053c3c37e727402d84c14069780d360993aa|activity_primary|0x62f7befc90f724105fddaab6133e36359cae4f8353b0b4ef054b9e6d0b0031b2|0xf52eaf6a03a696f23bbd67e9ec475c5951b7d22d698250aa0fc2fd110e5eb95e|16820025249999639209657705542686085972345460376714202302628130376987697590719|1774354111|buy|0.23000010365389864|2.025973,2026-06-24T20:54:37+00:00,b806a1ff0fc4c3ff0d20717903a7e4ffea55661de1c63f34b86d087ca79219df,7e44e74b1dbbf8ac94f43156da0fecfebadc6271d0da6b7ab9f50dc9f04025fd,wallet_trade_history_v1,none
0xd0d6053c3c37e727402d84c14069780d360993aa,https://polymarket.com/@k9Q2mX4L8A7ZP3R,https://data-api.polymarket.com/activity?user=0xd0d6053c3c37e727402d84c14069780d360993aa&type=TRADE&limit=100&offset=0&sortBy=TIMESTAMP&sortDirection=DESC,activity_primary,TRADE,1774354111,2026-03-24T12:08:31+00:00,0x22599e8d08aa1fcbc723bcb2c64891e14c8fc8ba344d81904becb34b52ac2ddc,0x1f92e3544ed41cd369a5f42fb581fe411022a196b97590709b3e52b8f849ad0a,8244077164856926411261303233955005884093998385465040993262466644766374364805,8244077164856926411261303233955005884093998385465040993262466644766374364805,btc-updown-5m-1774353900,btc-updown-5m-1774353900,"Bitcoin Up or Down - March 24, 8:05AM-8:10AM ET",Down,1,BUY,0.37000003167916046,9.154283,3.387085,endpoint_usdcSize,fast_crypto_up_down,BTC,true,,,unavailable,entry_candidate,0xd0d6053c3c37e727402d84c14069780d360993aa|0x1f92e3544ed41cd369a5f42fb581fe411022a196b97590709b3e52b8f849ad0a|8244077164856926411261303233955005884093998385465040993262466644766374364805|Down,0xd0d6053c3c37e727402d84c14069780d360993aa|activity_primary|0x22599e8d08aa1fcbc723bcb2c64891e14c8fc8ba344d81904becb34b52ac2ddc|0x1f92e3544ed41cd369a5f42fb581fe411022a196b97590709b3e52b8f849ad0a|8244077164856926411261303233955005884093998385465040993262466644766374364805|1774354111|buy|0.37000003167916046|9.154283,2026-06-24T20:54:37+00:00,3b845afb581b000fdb957bfe661a74c05b31d74821f60d8f52fdc885c2436613,7e44e74b1dbbf8ac94f43156da0fecfebadc6271d0da6b7ab9f50dc9f04025fd,wallet_trade_history_v1,none
0xd0d6053c3c37e727402d84c14069780d360993aa,https://polymarket.com/@k9Q2mX4L8A7ZP3R,https://data-api.polymarket.com/activity?user=0xd0d6053c3c37e727402d84c14069780d360993aa&type=TRADE&limit=100&offset=0&sortBy=TIMESTAMP&sortDirection=DESC,activity_primary,TRADE,1774354111,2026-03-24T12:08:31+00:00,0xd9a71f244f053183e909686e45dbef86c1bab533232e52c95151270b060e5cb3,0x1f92e3544ed41cd369a5f42fb581fe411022a196b97590709b3e52b8f849ad0a,8244077164856926411261303233955005884093998385465040993262466644766374364805,8244077164856926411261303233955005884093998385465040993262466644766374364805,btc-updown-5m-1774353900,btc-updown-5m-1774353900,"Bitcoin Up or Down - March 24, 8:05AM-8:10AM ET",Down,1,BUY,0.38,31,11.78,endpoint_usdcSize,fast_crypto_up_down,BTC,true,,,unavailable,entry_candidate,0xd0d6053c3c37e727402d84c14069780d360993aa|0x1f92e3544ed41cd369a5f42fb581fe411022a196b97590709b3e52b8f849ad0a|8244077164856926411261303233955005884093998385465040993262466644766374364805|Down,0xd0d6053c3c37e727402d84c14069780d360993aa|activity_primary|0xd9a71f244f053183e909686e45dbef86c1bab533232e52c95151270b060e5cb3|0x1f92e3544ed41cd369a5f42fb581fe411022a196b97590709b3e52b8f849ad0a|8244077164856926411261303233955005884093998385465040993262466644766374364805|1774354111|buy|0.38|31,2026-06-24T20:54:37+00:00,a4dc5015f84387e0202c18a04ef61df8988ae213684d1ca52b0ab29ba3d6f04e,7e44e74b1dbbf8ac94f43156da0fecfebadc6271d0da6b7ab9f50dc9f04025fd,wallet_trade_history_v1,none
0xd0d6053c3c37e727402d84c14069780d360993aa,https://polymarket.com/@k9Q2mX4L8A7ZP3R,https://data-api.polymarket.com/activity?user=0xd0d6053c3c37e727402d84c14069780d360993aa&type=TRADE&limit=100&offset=0&sortBy=TIMESTAMP&sortDirection=DESC,activity_primary,TRADE,1774354111,2026-03-24T12:08:31+00:00,0xb652ac40f3c1aefc4ac329272367fc18823a4a8b69f48003ebdcd5dbbf88b3df,0x1f92e3544ed41cd369a5f42fb581fe411022a196b97590709b3e52b8f849ad0a,8244077164856926411261303233955005884093998385465040993262466644766374364805,8244077164856926411261303233955005884093998385465040993262466644766374364805,btc-updown-5m-1774353900,btc-updown-5m-1774353900,"Bitcoin Up or Down - March 24, 8:05AM-8:10AM ET",Down,1,BUY,0.37,21.84,8.0808,endpoint_usdcSize,fast_crypto_up_down,BTC,true,,,unavailable,entry_candidate,0xd0d6053c3c37e727402d84c14069780d360993aa|0x1f92e3544ed41cd369a5f42fb581fe411022a196b97590709b3e52b8f849ad0a|8244077164856926411261303233955005884093998385465040993262466644766374364805|Down,0xd0d6053c3c37e727402d84c14069780d360993aa|activity_primary|0xb652ac40f3c1aefc4ac329272367fc18823a4a8b69f48003ebdcd5dbbf88b3df|0x1f92e3544ed41cd369a5f42fb581fe411022a196b97590709b3e52b8f849ad0a|8244077164856926411261303233955005884093998385465040993262466644766374364805|1774354111|buy|0.37|21.84,2026-06-24T20:54:37+00:00,379b48244fd17f994d78827082d845bcad1111a24d9371584f0936170931a783,7e44e74b1dbbf8ac94f43156da0fecfebadc6271d0da6b7ab9f50dc9f04025fd,wallet_trade_history_v1,none
0xd0d6053c3c37e727402d84c14069780d360993aa,https://polymarket.com/@k9Q2mX4L8A7ZP3R,https://data-api.polymarket.com/activity?user=0xd0d6053c3c37e727402d84c14069780d360993aa&type=TRADE&limit=100&offset=0&sortBy=TIMESTAMP&sortDirection=DESC,activity_primary,TRADE,1774354109,2026-03-24T12:08:29+00:00,0x032a6ef797b58c979445c099ce49b0864dbb75d90a0d80b3ed48a13d54eb6abe,0xf52eaf6a03a696f23bbd67e9ec475c5951b7d22d698250aa0fc2fd110e5eb95e,16820025249999639209657705542686085972345460376714202302628130376987697590719,16820025249999639209657705542686085972345460376714202302628130376987697590719,eth-updown-15m-1774353600,eth-updown-15m-1774353600,"Ethereum Up or Down - March 24, 8:00AM-8:15AM ET",Up,0,BUY,0.23,6.6,1.518,endpoint_usdcSize,fast_crypto_up_down,ETH,true,,,unavailable,entry_candidate,0xd0d6053c3c37e727402d84c14069780d360993aa|0xf52eaf6a03a696f23bbd67e9ec475c5951b7d22d698250aa0fc2fd110e5eb95e|16820025249999639209657705542686085972345460376714202302628130376987697590719|Up,0xd0d6053c3c37e727402d84c14069780d360993aa|activity_primary|0x032a6ef797b58c979445c099ce49b0864dbb75d90a0d80b3ed48a13d54eb6abe|0xf52eaf6a03a696f23bbd67e9ec475c5951b7d22d698250aa0fc2fd110e5eb95e|16820025249999639209657705542686085972345460376714202302628130376987697590719|1774354109|buy|0.23|6.6,2026-06-24T20:54:37+00:00,2079c96edc2fff15268594b59179fa27d8cd3c95b34a8731b6f5e618f0b86471,7e44e74b1dbbf8ac94f43156da0fecfebadc6271d0da6b7ab9f50dc9f04025fd,wallet_trade_history_v1,none
0xd0d6053c3c37e727402d84c14069780d360993aa,https://polymarket.com/@k9Q2mX4L8A7ZP3R,https://data-api.polymarket.com/activity?user=0xd0d6053c3c37e727402d84c14069780d360993aa&type=TRADE&limit=100&offset=0&sortBy=TIMESTAMP&sortDirection=DESC,activity_primary,TRADE,1774354109,2026-03-24T12:08:29+00:00,0x6615162de34e3b33d95c8dcf8b54fd4229fd9fd9197f582be6160620e29fe28d,0xf52eaf6a03a696f23bbd67e9ec475c5951b7d22d698250aa0fc2fd110e5eb95e,16820025249999639209657705542686085972345460376714202302628130376987697590719,16820025249999639209657705542686085972345460376714202302628130376987697590719,eth-updown-15m-1774353600,eth-updown-15m-1774353600,"Ethereum Up or Down - March 24, 8:00AM-8:15AM ET",Up,0,BUY,0.23,3.3,0.759,endpoint_usdcSize,fast_crypto_up_down,ETH,true,,,unavailable,entry_candidate,0xd0d6053c3c37e727402d84c14069780d360993aa|0xf52eaf6a03a696f23bbd67e9ec475c5951b7d22d698250aa0fc2fd110e5eb95e|16820025249999639209657705542686085972345460376714202302628130376987697590719|Up,0xd0d6053c3c37e727402d84c14069780d360993aa|activity_primary|0x6615162de34e3b33d95c8dcf8b54fd4229fd9fd9197f582be6160620e29fe28d|0xf52eaf6a03a696f23bbd67e9ec475c5951b7d22d698250aa0fc2fd110e5eb95e|16820025249999639209657705542686085972345460376714202302628130376987697590719|1774354109|buy|0.23|3.3,2026-06-24T20:54:37+00:00,b50ec65f0fea56914cc001f8c85fbff8a3bff56511846403da2839ef04eccbe3,7e44e74b1dbbf8ac94f43156da0fecfebadc6271d0da6b7ab9f50dc9f04025fd,wallet_trade_history_v1,none
0x594edb9112f526fa6a80b8f858a6379c8a2c1c11,https://polymarket.com/@0x594edB9112f526Fa6A80b8F858A6379C8A2c1C11,https://data-api.polymarket.com/activity?user=0x594edB9112f526Fa6A80b8F858A6379C8A2c1C11&type=TRADE&limit=100&offset=0&sortBy=TIMESTAMP&sortDirection=DESC,activity_primary,TRADE,1782221161,2026-06-23T13:26:01+00:00,0x0d4dc760a3591b477e63d938a3b468e55c31eed980efa8ddd6d1d5cc0827dfc2,0x96cd04e206ca3028e6237edb86d0bdaf38a68c5789c79281e0afaec9af9fb6b0,102660313272218957409800442946985135922472415062507147028925917603118469436849,102660313272218957409800442946985135922472415062507147028925917603118469436849,lowest-temperature-in-nyc-on-june-23-2026-70-71f,lowest-temperature-in-nyc-on-june-23-2026,Will the lowest temperature in New York City be between 70-71°F on June 23?,Yes,0,BUY,0.007,4.48,0.03136,endpoint_usdcSize,weather,other,false,,,unavailable,entry_candidate,0x594edb9112f526fa6a80b8f858a6379c8a2c1c11|0x96cd04e206ca3028e6237edb86d0bdaf38a68c5789c79281e0afaec9af9fb6b0|102660313272218957409800442946985135922472415062507147028925917603118469436849|Yes,0x594edb9112f526fa6a80b8f858a6379c8a2c1c11|activity_primary|0x0d4dc760a3591b477e63d938a3b468e55c31eed980efa8ddd6d1d5cc0827dfc2|0x96cd04e206ca3028e6237edb86d0bdaf38a68c5789c79281e0afaec9af9fb6b0|102660313272218957409800442946985135922472415062507147028925917603118469436849|1782221161|buy|0.007|4.48,2026-06-24T20:54:39+00:00,a61495ba47abf8bc75af6b35c02590ec000850388f0366700a12ee34e507431c,e2c10ed41245400b56d747ae94a82fa3a6c1a8e8e8a272e6be31b88159f262fc,wallet_trade_history_v1,none
0x594edb9112f526fa6a80b8f858a6379c8a2c1c11,https://polymarket.com/@0x594edB9112f526Fa6A80b8F858A6379C8A2c1C11,https://data-api.polymarket.com/activity?user=0x594edB9112f526Fa6A80b8F858A6379C8A2c1C11&type=TRADE&limit=100&offset=0&sortBy=TIMESTAMP&sortDirection=DESC,activity_primary,TRADE,1782221159,2026-06-23T13:25:59+00:00,0x4d2c8394172664bc4d41e781a18edfd692784e3745a9e8110378b9dee4f95b04,0x96cd04e206ca3028e6237edb86d0bdaf38a68c5789c79281e0afaec9af9fb6b0,102660313272218957409800442946985135922472415062507147028925917603118469436849,102660313272218957409800442946985135922472415062507147028925917603118469436849,lowest-temperature-in-nyc-on-june-23-2026-70-71f,lowest-temperature-in-nyc-on-june-23-2026,Will the lowest temperature in New York City be between 70-71°F on June 23?,Yes,0,BUY,0.007,3.001,0.021007,endpoint_usdcSize,weather,other,false,,,unavailable,entry_candidate,0x594edb9112f526fa6a80b8f858a6379c8a2c1c11|0x96cd04e206ca3028e6237edb86d0bdaf38a68c5789c79281e0afaec9af9fb6b0|102660313272218957409800442946985135922472415062507147028925917603118469436849|Yes,0x594edb9112f526fa6a80b8f858a6379c8a2c1c11|activity_primary|0x4d2c8394172664bc4d41e781a18edfd692784e3745a9e8110378b9dee4f95b04|0x96cd04e206ca3028e6237edb86d0bdaf38a68c5789c79281e0afaec9af9fb6b0|102660313272218957409800442946985135922472415062507147028925917603118469436849|1782221159|buy|0.007|3.001,2026-06-24T20:54:39+00:00,58b4d221e47f9f8ca82f665ca7644fa379f047c75e674ac807a1a395c944fd90,e2c10ed41245400b56d747ae94a82fa3a6c1a8e8e8a272e6be31b88159f262fc,wallet_trade_history_v1,none
0x594edb9112f526fa6a80b8f858a6379c8a2c1c11,https://polymarket.com/@0x594edB9112f526Fa6A80b8F858A6379C8A2c1C11,https://data-api.polymarket.com/activity?user=0x594edB9112f526Fa6A80b8F858A6379C8A2c1C11&type=TRADE&limit=100&offset=0&sortBy=TIMESTAMP&sortDirection=DESC,activity_primary,TRADE,1782221159,2026-06-23T13:25:59+00:00,0x3b83ee56478532cea65805730591d9f1a4144613410fb077cd820ec203fb7da7,0x96cd04e206ca3028e6237edb86d0bdaf38a68c5789c79281e0afaec9af9fb6b0,85842881957182701164454341981469531681668829991257755022194381353975916846096,85842881957182701164454341981469531681668829991257755022194381353975916846096,lowest-temperature-in-nyc-on-june-23-2026-70-71f,lowest-temperature-in-nyc-on-june-23-2026,Will the lowest temperature in New York City be between 70-71°F on June 23?,No,1,BUY,0.992,137.5,136.4,endpoint_usdcSize,weather,other,false,,,unavailable,entry_candidate,0x594edb9112f526fa6a80b8f858a6379c8a2c1c11|0x96cd04e206ca3028e6237edb86d0bdaf38a68c5789c79281e0afaec9af9fb6b0|85842881957182701164454341981469531681668829991257755022194381353975916846096|No,0x594edb9112f526fa6a80b8f858a6379c8a2c1c11|activity_primary|0x3b83ee56478532cea65805730591d9f1a4144613410fb077cd820ec203fb7da7|0x96cd04e206ca3028e6237edb86d0bdaf38a68c5789c79281e0afaec9af9fb6b0|85842881957182701164454341981469531681668829991257755022194381353975916846096|1782221159|buy|0.992|137.5,2026-06-24T20:54:39+00:00,00fc657be38a84e0a7112f3e5cc23ec9c6d168ac00062f27f8a03f0546227e18,e2c10ed41245400b56d747ae94a82fa3a6c1a8e8e8a272e6be31b88159f262fc,wallet_trade_history_v1,none
0x594edb9112f526fa6a80b8f858a6379c8a2c1c11,https://polymarket.com/@0x594edB9112f526Fa6A80b8F858A6379C8A2c1C11,https://data-api.polymarket.com/activity?user=0x594edB9112f526Fa6A80b8F858A6379C8A2c1C11&type=TRADE&limit=100&offset=0&sortBy=TIMESTAMP&sortDirection=DESC,activity_primary,TRADE,1782221159,2026-06-23T13:25:59+00:00,0x3dc560fe6b0eeeec85883b020484f6f53b3fc29b7ccbb477f2eeb16e347dfadb,0x96cd04e206ca3028e6237edb86d0bdaf38a68c5789c79281e0afaec9af9fb6b0,102660313272218957409800442946985135922472415062507147028925917603118469436849,102660313272218957409800442946985135922472415062507147028925917603118469436849,lowest-temperature-in-nyc-on-june-23-2026-70-71f,lowest-temperature-in-nyc-on-june-23-2026,Will the lowest temperature in New York City be between 70-71°F on June 23?,Yes,0,BUY,0.007,30.21,0.21147,endpoint_usdcSize,weather,other,false,,,unavailable,entry_candidate,0x594edb9112f526fa6a80b8f858a6379c8a2c1c11|0x96cd04e206ca3028e6237edb86d0bdaf38a68c5789c79281e0afaec9af9fb6b0|102660313272218957409800442946985135922472415062507147028925917603118469436849|Yes,0x594edb9112f526fa6a80b8f858a6379c8a2c1c11|activity_primary|0x3dc560fe6b0eeeec85883b020484f6f53b3fc29b7ccbb477f2eeb16e347dfadb|0x96cd04e206ca3028e6237edb86d0bdaf38a68c5789c79281e0afaec9af9fb6b0|102660313272218957409800442946985135922472415062507147028925917603118469436849|1782221159|buy|0.007|30.21,2026-06-24T20:54:39+00:00,60343259057a98a3b7dc21e58e0df23fbda332227a5807eb80458328c780b9a1,e2c10ed41245400b56d747ae94a82fa3a6c1a8e8e8a272e6be31b88159f262fc,wallet_trade_history_v1,none
0x594edb9112f526fa6a80b8f858a6379c8a2c1c11,https://polymarket.com/@0x594edB9112f526Fa6A80b8F858A6379C8A2c1C11,https://data-api.polymarket.com/activity?user=0x594edB9112f526Fa6A80b8F858A6379C8A2c1C11&type=TRADE&limit=100&offset=0&sortBy=TIMESTAMP&sortDirection=DESC,activity_primary,TRADE,1782221159,2026-06-23T13:25:59+00:00,0xcef3bb06fcfeed622d86822c401eee9c46f8bbe0eba4454ff613b00697f6a583,0x96cd04e206ca3028e6237edb86d0bdaf38a68c5789c79281e0afaec9af9fb6b0,102660313272218957409800442946985135922472415062507147028925917603118469436849,102660313272218957409800442946985135922472415062507147028925917603118469436849,lowest-temperature-in-nyc-on-june-23-2026-70-71f,lowest-temperature-in-nyc-on-june-23-2026,Will the lowest temperature in New York City be between 70-71°F on June 23?,Yes,0,BUY,0.007000002190466942,1.369571,0.009587,endpoint_usdcSize,weather,other,false,,,unavailable,entry_candidate,0x594edb9112f526fa6a80b8f858a6379c8a2c1c11|0x96cd04e206ca3028e6237edb86d0bdaf38a68c5789c79281e0afaec9af9fb6b0|102660313272218957409800442946985135922472415062507147028925917603118469436849|Yes,0x594edb9112f526fa6a80b8f858a6379c8a2c1c11|activity_primary|0xcef3bb06fcfeed622d86822c401eee9c46f8bbe0eba4454ff613b00697f6a583|0x96cd04e206ca3028e6237edb86d0bdaf38a68c5789c79281e0afaec9af9fb6b0|102660313272218957409800442946985135922472415062507147028925917603118469436849|1782221159|buy|0.007000002190466942|1.369571,2026-06-24T20:54:39+00:00,17a73f6e3bcfe926665d672e58fb2e922e776d91971f7dfa17bacddbf77e466f,e2c10ed41245400b56d747ae94a82fa3a6c1a8e8e8a272e6be31b88159f262fc,wallet_trade_history_v1,none
0x594edb9112f526fa6a80b8f858a6379c8a2c1c11,https://polymarket.com/@0x594edB9112f526Fa6A80b8F858A6379C8A2c1C11,https://data-api.polymarket.com/activity?user=0x594edB9112f526Fa6A80b8F858A6379C8A2c1C11&type=TRADE&limit=100&offset=0&sortBy=TIMESTAMP&sortDirection=DESC,activity_primary,TRADE,1782221158,2026-06-23T13:25:58+00:00,0x4fa3a74a6af14443bcd1c65a61f30ac9a660b6f96f9087c5a6159a6ed10a5824,0x96cd04e206ca3028e6237edb86d0bdaf38a68c5789c79281e0afaec9af9fb6b0,102660313272218957409800442946985135922472415062507147028925917603118469436849,102660313272218957409800442946985135922472415062507147028925917603118469436849,lowest-temperature-in-nyc-on-june-23-2026-70-71f,lowest-temperature-in-nyc-on-june-23-2026,Will the lowest temperature in New York City be between 70-71°F on June 23?,Yes,0,BUY,0.00510993624630695,192.93,1.0349,endpoint_usdcSize,weather,other,false,,,unavailable,entry_candidate,0x594edb9112f526fa6a80b8f858a6379c8a2c1c11|0x96cd04e206ca3028e6237edb86d0bdaf38a68c5789c79281e0afaec9af9fb6b0|102660313272218957409800442946985135922472415062507147028925917603118469436849|Yes,0x594edb9112f526fa6a80b8f858a6379c8a2c1c11|activity_primary|0x4fa3a74a6af14443bcd1c65a61f30ac9a660b6f96f9087c5a6159a6ed10a5824|0x96cd04e206ca3028e6237edb86d0bdaf38a68c5789c79281e0afaec9af9fb6b0|102660313272218957409800442946985135922472415062507147028925917603118469436849|1782221158|buy|0.00510993624630695|192.93,2026-06-24T20:54:39+00:00,85b03e457cfbafec7fbceaada7945500f74550ea5453676aa9ffbeb457ad6269,e2c10ed41245400b56d747ae94a82fa3a6c1a8e8e8a272e6be31b88159f262fc,wallet_trade_history_v1,none
0x594edb9112f526fa6a80b8f858a6379c8a2c1c11,https://polymarket.com/@0x594edB9112f526Fa6A80b8F858A6379C8A2c1C11,https://data-api.polymarket.com/activity?user=0x594edB9112f526Fa6A80b8F858A6379C8A2c1C11&type=TRADE&limit=100&offset=0&sortBy=TIMESTAMP&sortDirection=DESC,activity_primary,TRADE,1782125803,2026-06-22T10:56:43+00:00,0xb9f3325bee95c1e806d8c5d8e136e2a52364ec73d83339d0abbec1bcaae04bef,0xca1c28663ba0918b7d4989b6a9950d21477fe13e14a7e72ea69f05483064e737,58941793963660636013897047880237603461728823846394529518840025751400296930645,58941793963660636013897047880237603461728823846394529518840025751400296930645,lowest-temperature-in-nyc-on-june-22-2026-70-71f,lowest-temperature-in-nyc-on-june-22-2026,Will the lowest temperature in New York City be between 70-71°F on June 22?,No,1,BUY,0.99400000594,166.666665,165.666666,endpoint_usdcSize,weather,other,false,,,unavailable,entry_candidate,0x594edb9112f526fa6a80b8f858a6379c8a2c1c11|0xca1c28663ba0918b7d4989b6a9950d21477fe13e14a7e72ea69f05483064e737|58941793963660636013897047880237603461728823846394529518840025751400296930645|No,0x594edb9112f526fa6a80b8f858a6379c8a2c1c11|activity_primary|0xb9f3325bee95c1e806d8c5d8e136e2a52364ec73d83339d0abbec1bcaae04bef|0xca1c28663ba0918b7d4989b6a9950d21477fe13e14a7e72ea69f05483064e737|58941793963660636013897047880237603461728823846394529518840025751400296930645|1782125803|buy|0.99400000594|166.666665,2026-06-24T20:54:39+00:00,20e8667ed09188419af58e47c9e2953ef41abbec2213aedb133deaf2ec45a0ba,e2c10ed41245400b56d747ae94a82fa3a6c1a8e8e8a272e6be31b88159f262fc,wallet_trade_history_v1,none
0x594edb9112f526fa6a80b8f858a6379c8a2c1c11,https://polymarket.com/@0x594edB9112f526Fa6A80b8F858A6379C8A2c1C11,https://data-api.polymarket.com/activity?user=0x594edB9112f526Fa6A80b8F858A6379C8A2c1C11&type=TRADE&limit=100&offset=0&sortBy=TIMESTAMP&sortDirection=DESC,activity_primary,TRADE,1782125801,2026-06-22T10:56:41+00:00,0x370bd2188b6eda0ef6078dd07e1227f35a76690b6e0332909a132eae90b30b67,0x79c2cbcddf68f447406dcfda4f41e310c51a8942a98f4ad4db72d36a47332ac8,100022173967792159685845415143209525395531895392071645851308091192446060283505,100022173967792159685845415143209525395531895392071645851308091192446060283505,lowest-temperature-in-nyc-on-june-22-2026-68-69f,lowest-temperature-in-nyc-on-june-22-2026,Will the lowest temperature in New York City be between 68-69°F on June 22?,No,1,BUY,0.995,38,37.81,endpoint_usdcSize,weather,other,false,,,unavailable,entry_candidate,0x594edb9112f526fa6a80b8f858a6379c8a2c1c11|0x79c2cbcddf68f447406dcfda4f41e310c51a8942a98f4ad4db72d36a47332ac8|100022173967792159685845415143209525395531895392071645851308091192446060283505|No,0x594edb9112f526fa6a80b8f858a6379c8a2c1c11|activity_primary|0x370bd2188b6eda0ef6078dd07e1227f35a76690b6e0332909a132eae90b30b67|0x79c2cbcddf68f447406dcfda4f41e310c51a8942a98f4ad4db72d36a47332ac8|100022173967792159685845415143209525395531895392071645851308091192446060283505|1782125801|buy|0.995|38,2026-06-24T20:54:39+00:00,85d63897ec81dcc7f34f7596cd828e72cc0963da9691b6200d09481d79e45cb4,e2c10ed41245400b56d747ae94a82fa3a6c1a8e8e8a272e6be31b88159f262fc,wallet_trade_history_v1,none
0x594edb9112f526fa6a80b8f858a6379c8a2c1c11,https://polymarket.com/@0x594edB9112f526Fa6A80b8F858A6379C8A2c1C11,https://data-api.polymarket.com/activity?user=0x594edB9112f526Fa6A80b8F858A6379C8A2c1C11&type=TRADE&limit=100&offset=0&sortBy=TIMESTAMP&sortDirection=DESC,activity_primary,TRADE,1782125725,2026-06-22T10:55:25+00:00,0xabd3e8d93029e69f8a30cfe283af72d0acd5809e853abebd367e78ec27f84fe3,0x79c2cbcddf68f447406dcfda4f41e310c51a8942a98f4ad4db72d36a47332ac8,73504811964506341687667150854560609135973368582311552317078464726313097733877,73504811964506341687667150854560609135973368582311552317078464726313097733877,lowest-temperature-in-nyc-on-june-22-2026-68-69f,lowest-temperature-in-nyc-on-june-22-2026,Will the lowest temperature in New York City be between 68-69°F on June 22?,Yes,0,BUY,0.006,33.57,0.20142,endpoint_usdcSize,weather,other,false,,,unavailable,entry_candidate,0x594edb9112f526fa6a80b8f858a6379c8a2c1c11|0x79c2cbcddf68f447406dcfda4f41e310c51a8942a98f4ad4db72d36a47332ac8|73504811964506341687667150854560609135973368582311552317078464726313097733877|Yes,0x594edb9112f526fa6a80b8f858a6379c8a2c1c11|activity_primary|0xabd3e8d93029e69f8a30cfe283af72d0acd5809e853abebd367e78ec27f84fe3|0x79c2cbcddf68f447406dcfda4f41e310c51a8942a98f4ad4db72d36a47332ac8|73504811964506341687667150854560609135973368582311552317078464726313097733877|1782125725|buy|0.006|33.57,2026-06-24T20:54:39+00:00,64afe7969b5b9eb5b1a7f31688a3b6c3aa9b3070181affce0019bd06b213726e,e2c10ed41245400b56d747ae94a82fa3a6c1a8e8e8a272e6be31b88159f262fc,wallet_trade_history_v1,none
0x594edb9112f526fa6a80b8f858a6379c8a2c1c11,https://polymarket.com/@0x594edB9112f526Fa6A80b8F858A6379C8A2c1C11,https://data-api.polymarket.com/activity?user=0x594edB9112f526Fa6A80b8F858A6379C8A2c1C11&type=TRADE&limit=100&offset=0&sortBy=TIMESTAMP&sortDirection=DESC,activity_primary,TRADE,1782125723,2026-06-22T10:55:23+00:00,0x8bb5ebcfee188ac1ae06b04b256a64aefe2376e1a05287b4fbc0a0efa7d440e2,0x79c2cbcddf68f447406dcfda4f41e310c51a8942a98f4ad4db72d36a47332ac8,73504811964506341687667150854560609135973368582311552317078464726313097733877,73504811964506341687667150854560609135973368582311552317078464726313097733877,lowest-temperature-in-nyc-on-june-22-2026-68-69f,lowest-temperature-in-nyc-on-june-22-2026,Will the lowest temperature in New York City be between 68-69°F on June 22?,Yes,0,BUY,0.006,1.509,0.009054,endpoint_usdcSize,weather,other,false,,,unavailable,entry_candidate,0x594edb9112f526fa6a80b8f858a6379c8a2c1c11|0x79c2cbcddf68f447406dcfda4f41e310c51a8942a98f4ad4db72d36a47332ac8|73504811964506341687667150854560609135973368582311552317078464726313097733877|Yes,0x594edb9112f526fa6a80b8f858a6379c8a2c1c11|activity_primary|0x8bb5ebcfee188ac1ae06b04b256a64aefe2376e1a05287b4fbc0a0efa7d440e2|0x79c2cbcddf68f447406dcfda4f41e310c51a8942a98f4ad4db72d36a47332ac8|73504811964506341687667150854560609135973368582311552317078464726313097733877|1782125723|buy|0.006|1.509,2026-06-24T20:54:39+00:00,0160e9a0c70b947911142b3b0bed6620329d280a47a03073772cfe13910aa3d1,e2c10ed41245400b56d747ae94a82fa3a6c1a8e8e8a272e6be31b88159f262fc,wallet_trade_history_v1,none
0x594edb9112f526fa6a80b8f858a6379c8a2c1c11,https://polymarket.com/@0x594edB9112f526Fa6A80b8F858A6379C8A2c1C11,https://data-api.polymarket.com/activity?user=0x594edB9112f526Fa6A80b8F858A6379C8A2c1C11&type=TRADE&limit=100&offset=0&sortBy=TIMESTAMP&sortDirection=DESC,activity_primary,TRADE,1782125723,2026-06-22T10:55:23+00:00,0xa98a6070bdaf15af0dc65984a57f8719eb9324db820d7139881f6b79fb7e6f47,0x79c2cbcddf68f447406dcfda4f41e310c51a8942a98f4ad4db72d36a47332ac8,100022173967792159685845415143209525395531895392071645851308091192446060283505,100022173967792159685845415143209525395531895392071645851308091192446060283505,lowest-temperature-in-nyc-on-june-22-2026-68-69f,lowest-temperature-in-nyc-on-june-22-2026,Will the lowest temperature in New York City be between 68-69°F on June 22?,No,1,BUY,0.993,3.99,3.96207,endpoint_usdcSize,weather,other,false,,,unavailable,entry_candidate,0x594edb9112f526fa6a80b8f858a6379c8a2c1c11|0x79c2cbcddf68f447406dcfda4f41e310c51a8942a98f4ad4db72d36a47332ac8|100022173967792159685845415143209525395531895392071645851308091192446060283505|No,0x594edb9112f526fa6a80b8f858a6379c8a2c1c11|activity_primary|0xa98a6070bdaf15af0dc65984a57f8719eb9324db820d7139881f6b79fb7e6f47|0x79c2cbcddf68f447406dcfda4f41e310c51a8942a98f4ad4db72d36a47332ac8|100022173967792159685845415143209525395531895392071645851308091192446060283505|1782125723|buy|0.993|3.99,2026-06-24T20:54:39+00:00,b68b60dcdbcbb035c8fcbf04b60230cb05ddb76c1952c340e3f043c310f06638,e2c10ed41245400b56d747ae94a82fa3a6c1a8e8e8a272e6be31b88159f262fc,wallet_trade_history_v1,none
0x594edb9112f526fa6a80b8f858a6379c8a2c1c11,https://polymarket.com/@0x594edB9112f526Fa6A80b8F858A6379C8A2c1C11,https://data-api.polymarket.com/activity?user=0x594edB9112f526Fa6A80b8F858A6379C8A2c1C11&type=TRADE&limit=100&offset=0&sortBy=TIMESTAMP&sortDirection=DESC,activity_primary,TRADE,1782125722,2026-06-22T10:55:22+00:00,0x85604dd09ff44be5d00b144cdf805fb7af7dcf1233dfacb4f251826727fa0f0a,0x79c2cbcddf68f447406dcfda4f41e310c51a8942a98f4ad4db72d36a47332ac8,73504811964506341687667150854560609135973368582311552317078464726313097733877,73504811964506341687667150854560609135973368582311552317078464726313097733877,lowest-temperature-in-nyc-on-june-22-2026-68-69f,lowest-temperature-in-nyc-on-june-22-2026,Will the lowest temperature in New York City be between 68-69°F on June 22?,Yes,0,BUY,0.006,1.509,0.009054,endpoint_usdcSize,weather,other,false,,,unavailable,entry_candidate,0x594edb9112f526fa6a80b8f858a6379c8a2c1c11|0x79c2cbcddf68f447406dcfda4f41e310c51a8942a98f4ad4db72d36a47332ac8|73504811964506341687667150854560609135973368582311552317078464726313097733877|Yes,0x594edb9112f526fa6a80b8f858a6379c8a2c1c11|activity_primary|0x85604dd09ff44be5d00b144cdf805fb7af7dcf1233dfacb4f251826727fa0f0a|0x79c2cbcddf68f447406dcfda4f41e310c51a8942a98f4ad4db72d36a47332ac8|73504811964506341687667150854560609135973368582311552317078464726313097733877|1782125722|buy|0.006|1.509,2026-06-24T20:54:39+00:00,e26a51db60e2a3c49b35bfc60f1f19229d26b353d7dad3dae5ad657a76b0d7a0,e2c10ed41245400b56d747ae94a82fa3a6c1a8e8e8a272e6be31b88159f262fc,wallet_trade_history_v1,none
0x594edb9112f526fa6a80b8f858a6379c8a2c1c11,https://polymarket.com/@0x594edB9112f526Fa6A80b8F858A6379C8A2c1C11,https://data-api.polymarket.com/activity?user=0x594edB9112f526Fa6A80b8F858A6379C8A2c1C11&type=TRADE&limit=100&offset=0&sortBy=TIMESTAMP&sortDirection=DESC,activity_primary,TRADE,1782125720,2026-06-22T10:55:20+00:00,0x608baf65145f1eba73dc08b5baeef44604dcda7a8de3ed86d9859cebbb0565c1,0x79c2cbcddf68f447406dcfda4f41e310c51a8942a98f4ad4db72d36a47332ac8,73504811964506341687667150854560609135973368582311552317078464726313097733877,73504811964506341687667150854560609135973368582311552317078464726313097733877,lowest-temperature-in-nyc-on-june-22-2026-68-69f,lowest-temperature-in-nyc-on-june-22-2026,Will the lowest temperature in New York City be between 68-69°F on June 22?,Yes,0,BUY,0.006,1.509,0.009054,endpoint_usdcSize,weather,other,false,,,unavailable,entry_candidate,0x594edb9112f526fa6a80b8f858a6379c8a2c1c11|0x79c2cbcddf68f447406dcfda4f41e310c51a8942a98f4ad4db72d36a47332ac8|73504811964506341687667150854560609135973368582311552317078464726313097733877|Yes,0x594edb9112f526fa6a80b8f858a6379c8a2c1c11|activity_primary|0x608baf65145f1eba73dc08b5baeef44604dcda7a8de3ed86d9859cebbb0565c1|0x79c2cbcddf68f447406dcfda4f41e310c51a8942a98f4ad4db72d36a47332ac8|73504811964506341687667150854560609135973368582311552317078464726313097733877|1782125720|buy|0.006|1.509,2026-06-24T20:54:39+00:00,a015d4aba2283ed159dd4533a774026379071d9d802390a0d0728d2888b1b346,e2c10ed41245400b56d747ae94a82fa3a6c1a8e8e8a272e6be31b88159f262fc,wallet_trade_history_v1,none
0x594edb9112f526fa6a80b8f858a6379c8a2c1c11,https://polymarket.com/@0x594edB9112f526Fa6A80b8F858A6379C8A2c1C11,https://data-api.polymarket.com/activity?user=0x594edB9112f526Fa6A80b8F858A6379C8A2c1C11&type=TRADE&limit=100&offset=0&sortBy=TIMESTAMP&sortDirection=DESC,activity_primary,TRADE,1782125719,2026-06-22T10:55:19+00:00,0x91c33092dc2b48e1237f65a9d257d65273c701c7e6f76498f2e1480c89622d78,0x79c2cbcddf68f447406dcfda4f41e310c51a8942a98f4ad4db72d36a47332ac8,100022173967792159685845415143209525395531895392071645851308091192446060283505,100022173967792159685845415143209525395531895392071645851308091192446060283505,lowest-temperature-in-nyc-on-june-22-2026-68-69f,lowest-temperature-in-nyc-on-june-22-2026,Will the lowest temperature in New York City be between 68-69°F on June 22?,No,1,BUY,0.993,2.6,2.5818,endpoint_usdcSize,weather,other,false,,,unavailable,entry_candidate,0x594edb9112f526fa6a80b8f858a6379c8a2c1c11|0x79c2cbcddf68f447406dcfda4f41e310c51a8942a98f4ad4db72d36a47332ac8|100022173967792159685845415143209525395531895392071645851308091192446060283505|No,0x594edb9112f526fa6a80b8f858a6379c8a2c1c11|activity_primary|0x91c33092dc2b48e1237f65a9d257d65273c701c7e6f76498f2e1480c89622d78|0x79c2cbcddf68f447406dcfda4f41e310c51a8942a98f4ad4db72d36a47332ac8|100022173967792159685845415143209525395531895392071645851308091192446060283505|1782125719|buy|0.993|2.6,2026-06-24T20:54:39+00:00,920d41a562ef0e2a6f765b16cf7bd03e31f3fde931d6011832e320b3cb50b963,e2c10ed41245400b56d747ae94a82fa3a6c1a8e8e8a272e6be31b88159f262fc,wallet_trade_history_v1,none
0x594edb9112f526fa6a80b8f858a6379c8a2c1c11,https://polymarket.com/@0x594edB9112f526Fa6A80b8F858A6379C8A2c1C11,https://data-api.polymarket.com/activity?user=0x594edB9112f526Fa6A80b8F858A6379C8A2c1C11&type=TRADE&limit=100&offset=0&sortBy=TIMESTAMP&sortDirection=DESC,activity_primary,TRADE,1782125717,2026-06-22T10:55:17+00:00,0xb1f60ebe4eabb4b491e357d72fad679056721acadc6a6f76f3cc05247bfb7f11,0x79c2cbcddf68f447406dcfda4f41e310c51a8942a98f4ad4db72d36a47332ac8,100022173967792159685845415143209525395531895392071645851308091192446060283505,100022173967792159685845415143209525395531895392071645851308091192446060283505,lowest-temperature-in-nyc-on-june-22-2026-68-69f,lowest-temperature-in-nyc-on-june-22-2026,Will the lowest temperature in New York City be between 68-69°F on June 22?,No,1,BUY,0.993,3,2.979,endpoint_usdcSize,weather,other,false,,,unavailable,entry_candidate,0x594edb9112f526fa6a80b8f858a6379c8a2c1c11|0x79c2cbcddf68f447406dcfda4f41e310c51a8942a98f4ad4db72d36a47332ac8|100022173967792159685845415143209525395531895392071645851308091192446060283505|No,0x594edb9112f526fa6a80b8f858a6379c8a2c1c11|activity_primary|0xb1f60ebe4eabb4b491e357d72fad679056721acadc6a6f76f3cc05247bfb7f11|0x79c2cbcddf68f447406dcfda4f41e310c51a8942a98f4ad4db72d36a47332ac8|100022173967792159685845415143209525395531895392071645851308091192446060283505|1782125717|buy|0.993|3,2026-06-24T20:54:39+00:00,27f24abe5df287e1ee8f8a58a54f47a017fed40e35870ca67e63e99029e1850e,e2c10ed41245400b56d747ae94a82fa3a6c1a8e8e8a272e6be31b88159f262fc,wallet_trade_history_v1,none
0x594edb9112f526fa6a80b8f858a6379c8a2c1c11,https://polymarket.com/@0x594edB9112f526Fa6A80b8F858A6379C8A2c1C11,https://data-api.polymarket.com/activity?user=0x594edB9112f526Fa6A80b8F858A6379C8A2c1C11&type=TRADE&limit=100&offset=0&sortBy=TIMESTAMP&sortDirection=DESC,activity_primary,TRADE,1782125717,2026-06-22T10:55:17+00:00,0x417e835533f091240d4a6e1ff9482acea12ec7f0ce4bdf2e29704f72a626d0e7,0x79c2cbcddf68f447406dcfda4f41e310c51a8942a98f4ad4db72d36a47332ac8,100022173967792159685845415143209525395531895392071645851308091192446060283505,100022173967792159685845415143209525395531895392071645851308091192446060283505,lowest-temperature-in-nyc-on-june-22-2026-68-69f,lowest-temperature-in-nyc-on-june-22-2026,Will the lowest temperature in New York City be between 68-69°F on June 22?,No,1,BUY,0.993,3,2.979,endpoint_usdcSize,weather,other,false,,,unavailable,entry_candidate,0x594edb9112f526fa6a80b8f858a6379c8a2c1c11|0x79c2cbcddf68f447406dcfda4f41e310c51a8942a98f4ad4db72d36a47332ac8|100022173967792159685845415143209525395531895392071645851308091192446060283505|No,0x594edb9112f526fa6a80b8f858a6379c8a2c1c11|activity_primary|0x417e835533f091240d4a6e1ff9482acea12ec7f0ce4bdf2e29704f72a626d0e7|0x79c2cbcddf68f447406dcfda4f41e310c51a8942a98f4ad4db72d36a47332ac8|100022173967792159685845415143209525395531895392071645851308091192446060283505|1782125717|buy|0.993|3,2026-06-24T20:54:39+00:00,a897a45ac55969f1bd0ef10cb4684a9d23f39d49785f83f0050db1c97ee9bdef,e2c10ed41245400b56d747ae94a82fa3a6c1a8e8e8a272e6be31b88159f262fc,wallet_trade_history_v1,none
0x594edb9112f526fa6a80b8f858a6379c8a2c1c11,https://polymarket.com/@0x594edB9112f526Fa6A80b8F858A6379C8A2c1C11,https://data-api.polymarket.com/activity?user=0x594edB9112f526Fa6A80b8F858A6379C8A2c1C11&type=TRADE&limit=100&offset=0&sortBy=TIMESTAMP&sortDirection=DESC,activity_primary,TRADE,1782125717,2026-06-22T10:55:17+00:00,0xbddc4bf42764b39e3b91e311f9e41a38f919aefe1ea57f7695b0f08c96bce472,0x79c2cbcddf68f447406dcfda4f41e310c51a8942a98f4ad4db72d36a47332ac8,73504811964506341687667150854560609135973368582311552317078464726313097733877,73504811964506341687667150854560609135973368582311552317078464726313097733877,lowest-temperature-in-nyc-on-june-22-2026-68-69f,lowest-temperature-in-nyc-on-june-22-2026,Will the lowest temperature in New York City be between 68-69°F on June 22?,Yes,0,BUY,0.006,15,0.09,endpoint_usdcSize,weather,other,false,,,unavailable,entry_candidate,0x594edb9112f526fa6a80b8f858a6379c8a2c1c11|0x79c2cbcddf68f447406dcfda4f41e310c51a8942a98f4ad4db72d36a47332ac8|73504811964506341687667150854560609135973368582311552317078464726313097733877|Yes,0x594edb9112f526fa6a80b8f858a6379c8a2c1c11|activity_primary|0xbddc4bf42764b39e3b91e311f9e41a38f919aefe1ea57f7695b0f08c96bce472|0x79c2cbcddf68f447406dcfda4f41e310c51a8942a98f4ad4db72d36a47332ac8|73504811964506341687667150854560609135973368582311552317078464726313097733877|1782125717|buy|0.006|15,2026-06-24T20:54:39+00:00,587bafe4bec2e1591f8bac7362f48222b2b83df52f2bad068fcdee486eda9a46,e2c10ed41245400b56d747ae94a82fa3a6c1a8e8e8a272e6be31b88159f262fc,wallet_trade_history_v1,none
0x594edb9112f526fa6a80b8f858a6379c8a2c1c11,https://polymarket.com/@0x594edB9112f526Fa6A80b8F858A6379C8A2c1C11,https://data-api.polymarket.com/activity?user=0x594edB9112f526Fa6A80b8F858A6379C8A2c1C11&type=TRADE&limit=100&offset=0&sortBy=TIMESTAMP&sortDirection=DESC,activity_primary,TRADE,1782125696,2026-06-22T10:54:56+00:00,0xe2b717620c0dd7ae94f71317dd44a6fce2d3275b5608ad42cc0509f66ad94edd,0x79c2cbcddf68f447406dcfda4f41e310c51a8942a98f4ad4db72d36a47332ac8,73504811964506341687667150854560609135973368582311552317078464726313097733877,73504811964506341687667150854560609135973368582311552317078464726313097733877,lowest-temperature-in-nyc-on-june-22-2026-68-69f,lowest-temperature-in-nyc-on-june-22-2026,Will the lowest temperature in New York City be between 68-69°F on June 22?,Yes,0,BUY,0.006000000500772065,3.993833,0.023963,endpoint_usdcSize,weather,other,false,,,unavailable,entry_candidate,0x594edb9112f526fa6a80b8f858a6379c8a2c1c11|0x79c2cbcddf68f447406dcfda4f41e310c51a8942a98f4ad4db72d36a47332ac8|73504811964506341687667150854560609135973368582311552317078464726313097733877|Yes,0x594edb9112f526fa6a80b8f858a6379c8a2c1c11|activity_primary|0xe2b717620c0dd7ae94f71317dd44a6fce2d3275b5608ad42cc0509f66ad94edd|0x79c2cbcddf68f447406dcfda4f41e310c51a8942a98f4ad4db72d36a47332ac8|73504811964506341687667150854560609135973368582311552317078464726313097733877|1782125696|buy|0.006000000500772065|3.993833,2026-06-24T20:54:39+00:00,17bf691c429ef05653dbc0259e8705608e6eee253bec769fdb89ff9f46be9387,e2c10ed41245400b56d747ae94a82fa3a6c1a8e8e8a272e6be31b88159f262fc,wallet_trade_history_v1,none
0x594edb9112f526fa6a80b8f858a6379c8a2c1c11,https://polymarket.com/@0x594edB9112f526Fa6A80b8F858A6379C8A2c1C11,https://data-api.polymarket.com/activity?user=0x594edB9112f526Fa6A80b8F858A6379C8A2c1C11&type=TRADE&limit=100&offset=0&sortBy=TIMESTAMP&sortDirection=DESC,activity_primary,TRADE,1782125689,2026-06-22T10:54:49+00:00,0x85fd29e061a625f39e62a3a21f261bf2d5350ec40777f9c9fdfe10da62aeeac4,0x79c2cbcddf68f447406dcfda4f41e310c51a8942a98f4ad4db72d36a47332ac8,73504811964506341687667150854560609135973368582311552317078464726313097733877,73504811964506341687667150854560609135973368582311552317078464726313097733877,lowest-temperature-in-nyc-on-june-22-2026-68-69f,lowest-temperature-in-nyc-on-june-22-2026,Will the lowest temperature in New York City be between 68-69°F on June 22?,Yes,0,BUY,0.006,1.509,0.009054,endpoint_usdcSize,weather,other,false,,,unavailable,entry_candidate,0x594edb9112f526fa6a80b8f858a6379c8a2c1c11|0x79c2cbcddf68f447406dcfda4f41e310c51a8942a98f4ad4db72d36a47332ac8|73504811964506341687667150854560609135973368582311552317078464726313097733877|Yes,0x594edb9112f526fa6a80b8f858a6379c8a2c1c11|activity_primary|0x85fd29e061a625f39e62a3a21f261bf2d5350ec40777f9c9fdfe10da62aeeac4|0x79c2cbcddf68f447406dcfda4f41e310c51a8942a98f4ad4db72d36a47332ac8|73504811964506341687667150854560609135973368582311552317078464726313097733877|1782125689|buy|0.006|1.509,2026-06-24T20:54:39+00:00,187efd3886d9a1038e5a1bbf88298a94176a9a15f614ca94906d08e8c731409f,e2c10ed41245400b56d747ae94a82fa3a6c1a8e8e8a272e6be31b88159f262fc,wallet_trade_history_v1,none
0x594edb9112f526fa6a80b8f858a6379c8a2c1c11,https://polymarket.com/@0x594edB9112f526Fa6A80b8F858A6379C8A2c1C11,https://data-api.polymarket.com/activity?user=0x594edB9112f526Fa6A80b8F858A6379C8A2c1C11&type=TRADE&limit=100&offset=0&sortBy=TIMESTAMP&sortDirection=DESC,activity_primary,TRADE,1782125689,2026-06-22T10:54:49+00:00,0x1a47ecf5c5170a2c9985fd9955850ef3dcc8b343519b8196c88359db0dd5cce2,0x79c2cbcddf68f447406dcfda4f41e310c51a8942a98f4ad4db72d36a47332ac8,73504811964506341687667150854560609135973368582311552317078464726313097733877,73504811964506341687667150854560609135973368582311552317078464726313097733877,lowest-temperature-in-nyc-on-june-22-2026-68-69f,lowest-temperature-in-nyc-on-june-22-2026,Will the lowest temperature in New York City be between 68-69°F on June 22?,Yes,0,BUY,0.006000000076994643,25.975833,0.155855,endpoint_usdcSize,weather,other,false,,,unavailable,entry_candidate,0x594edb9112f526fa6a80b8f858a6379c8a2c1c11|0x79c2cbcddf68f447406dcfda4f41e310c51a8942a98f4ad4db72d36a47332ac8|73504811964506341687667150854560609135973368582311552317078464726313097733877|Yes,0x594edb9112f526fa6a80b8f858a6379c8a2c1c11|activity_primary|0x1a47ecf5c5170a2c9985fd9955850ef3dcc8b343519b8196c88359db0dd5cce2|0x79c2cbcddf68f447406dcfda4f41e310c51a8942a98f4ad4db72d36a47332ac8|73504811964506341687667150854560609135973368582311552317078464726313097733877|1782125689|buy|0.006000000076994643|25.975833,2026-06-24T20:54:39+00:00,35f29469e09181690d841c92f77188309d4a3feb8d9c82b3317acbafcf0706ae,e2c10ed41245400b56d747ae94a82fa3a6c1a8e8e8a272e6be31b88159f262fc,wallet_trade_history_v1,none
0x594edb9112f526fa6a80b8f858a6379c8a2c1c11,https://polymarket.com/@0x594edB9112f526Fa6A80b8F858A6379C8A2c1C11,https://data-api.polymarket.com/activity?user=0x594edB9112f526Fa6A80b8F858A6379C8A2c1C11&type=TRADE&limit=100&offset=0&sortBy=TIMESTAMP&sortDirection=DESC,activity_primary,TRADE,1782125686,2026-06-22T10:54:46+00:00,0x36598e969174d16a7a6733ad7156895aa0c1f8b6769d78b771c7712238b1c297,0x79c2cbcddf68f447406dcfda4f41e310c51a8942a98f4ad4db72d36a47332ac8,73504811964506341687667150854560609135973368582311552317078464726313097733877,73504811964506341687667150854560609135973368582311552317078464726313097733877,lowest-temperature-in-nyc-on-june-22-2026-68-69f,lowest-temperature-in-nyc-on-june-22-2026,Will the lowest temperature in New York City be between 68-69°F on June 22?,Yes,0,BUY,0.006,7.5955,0.045573,endpoint_usdcSize,weather,other,false,,,unavailable,entry_candidate,0x594edb9112f526fa6a80b8f858a6379c8a2c1c11|0x79c2cbcddf68f447406dcfda4f41e310c51a8942a98f4ad4db72d36a47332ac8|73504811964506341687667150854560609135973368582311552317078464726313097733877|Yes,0x594edb9112f526fa6a80b8f858a6379c8a2c1c11|activity_primary|0x36598e969174d16a7a6733ad7156895aa0c1f8b6769d78b771c7712238b1c297|0x79c2cbcddf68f447406dcfda4f41e310c51a8942a98f4ad4db72d36a47332ac8|73504811964506341687667150854560609135973368582311552317078464726313097733877|1782125686|buy|0.006|7.5955,2026-06-24T20:54:39+00:00,210c68f81143800ed95fbe1f6a70c4dd143f393b11f0504b4bbd5bb876608605,e2c10ed41245400b56d747ae94a82fa3a6c1a8e8e8a272e6be31b88159f262fc,wallet_trade_history_v1,none
0x594edb9112f526fa6a80b8f858a6379c8a2c1c11,https://polymarket.com/@0x594edB9112f526Fa6A80b8F858A6379C8A2c1C11,https://data-api.polymarket.com/activity?user=0x594edB9112f526Fa6A80b8F858A6379C8A2c1C11&type=TRADE&limit=100&offset=0&sortBy=TIMESTAMP&sortDirection=DESC,activity_primary,TRADE,1782125686,2026-06-22T10:54:46+00:00,0x879c8ea07c0ff899800839c501bc4f4cb3c3ff50f9c4a8c9ecdf966d2689435b,0x79c2cbcddf68f447406dcfda4f41e310c51a8942a98f4ad4db72d36a47332ac8,73504811964506341687667150854560609135973368582311552317078464726313097733877,73504811964506341687667150854560609135973368582311552317078464726313097733877,lowest-temperature-in-nyc-on-june-22-2026-68-69f,lowest-temperature-in-nyc-on-june-22-2026,Will the lowest temperature in New York City be between 68-69°F on June 22?,Yes,0,BUY,0.0060000013165837545,3.038166,0.018229,endpoint_usdcSize,weather,other,false,,,unavailable,entry_candidate,0x594edb9112f526fa6a80b8f858a6379c8a2c1c11|0x79c2cbcddf68f447406dcfda4f41e310c51a8942a98f4ad4db72d36a47332ac8|73504811964506341687667150854560609135973368582311552317078464726313097733877|Yes,0x594edb9112f526fa6a80b8f858a6379c8a2c1c11|activity_primary|0x879c8ea07c0ff899800839c501bc4f4cb3c3ff50f9c4a8c9ecdf966d2689435b|0x79c2cbcddf68f447406dcfda4f41e310c51a8942a98f4ad4db72d36a47332ac8|73504811964506341687667150854560609135973368582311552317078464726313097733877|1782125686|buy|0.0060000013165837545|3.038166,2026-06-24T20:54:39+00:00,d6e120c28a2e03d273a8e1bb9989ee9e812af21d5bf16da4bc007ba7cd0952d4,e2c10ed41245400b56d747ae94a82fa3a6c1a8e8e8a272e6be31b88159f262fc,wallet_trade_history_v1,none
0x594edb9112f526fa6a80b8f858a6379c8a2c1c11,https://polymarket.com/@0x594edB9112f526Fa6A80b8F858A6379C8A2c1C11,https://data-api.polymarket.com/activity?user=0x594edB9112f526Fa6A80b8F858A6379C8A2c1C11&type=TRADE&limit=100&offset=0&sortBy=TIMESTAMP&sortDirection=DESC,activity_primary,TRADE,1782125686,2026-06-22T10:54:46+00:00,0x65c6552ac202655cb4d4fbdce5daa27058fe9ef42296bd8c51788b98731b17a6,0x79c2cbcddf68f447406dcfda4f41e310c51a8942a98f4ad4db72d36a47332ac8,73504811964506341687667150854560609135973368582311552317078464726313097733877,73504811964506341687667150854560609135973368582311552317078464726313097733877,lowest-temperature-in-nyc-on-june-22-2026-68-69f,lowest-temperature-in-nyc-on-june-22-2026,Will the lowest temperature in New York City be between 68-69°F on June 22?,Yes,0,BUY,0.00600000066714857,2.997833,0.017987,endpoint_usdcSize,weather,other,false,,,unavailable,entry_candidate,0x594edb9112f526fa6a80b8f858a6379c8a2c1c11|0x79c2cbcddf68f447406dcfda4f41e310c51a8942a98f4ad4db72d36a47332ac8|73504811964506341687667150854560609135973368582311552317078464726313097733877|Yes,0x594edb9112f526fa6a80b8f858a6379c8a2c1c11|activity_primary|0x65c6552ac202655cb4d4fbdce5daa27058fe9ef42296bd8c51788b98731b17a6|0x79c2cbcddf68f447406dcfda4f41e310c51a8942a98f4ad4db72d36a47332ac8|73504811964506341687667150854560609135973368582311552317078464726313097733877|1782125686|buy|0.00600000066714857|2.997833,2026-06-24T20:54:39+00:00,f1f8e6b06cc378c5cbcebcf2f931386d98f4f75e301af42e54a4d77a55ec076b,e2c10ed41245400b56d747ae94a82fa3a6c1a8e8e8a272e6be31b88159f262fc,wallet_trade_history_v1,none
0x594edb9112f526fa6a80b8f858a6379c8a2c1c11,https://polymarket.com/@0x594edB9112f526Fa6A80b8F858A6379C8A2c1C11,https://data-api.polymarket.com/activity?user=0x594edB9112f526Fa6A80b8F858A6379C8A2c1C11&type=TRADE&limit=100&offset=0&sortBy=TIMESTAMP&sortDirection=DESC,activity_primary,TRADE,1782125686,2026-06-22T10:54:46+00:00,0x9bfc18b0236b020ee58e484a5bfafa56dc9ec4f8dee8821fdd3b4a34dc712910,0x79c2cbcddf68f447406dcfda4f41e310c51a8942a98f4ad4db72d36a47332ac8,73504811964506341687667150854560609135973368582311552317078464726313097733877,73504811964506341687667150854560609135973368582311552317078464726313097733877,lowest-temperature-in-nyc-on-june-22-2026-68-69f,lowest-temperature-in-nyc-on-june-22-2026,Will the lowest temperature in New York City be between 68-69°F on June 22?,Yes,0,BUY,0.006000000198800577,10.060333,0.060362,endpoint_usdcSize,weather,other,false,,,unavailable,entry_candidate,0x594edb9112f526fa6a80b8f858a6379c8a2c1c11|0x79c2cbcddf68f447406dcfda4f41e310c51a8942a98f4ad4db72d36a47332ac8|73504811964506341687667150854560609135973368582311552317078464726313097733877|Yes,0x594edb9112f526fa6a80b8f858a6379c8a2c1c11|activity_primary|0x9bfc18b0236b020ee58e484a5bfafa56dc9ec4f8dee8821fdd3b4a34dc712910|0x79c2cbcddf68f447406dcfda4f41e310c51a8942a98f4ad4db72d36a47332ac8|73504811964506341687667150854560609135973368582311552317078464726313097733877|1782125686|buy|0.006000000198800577|10.060333,2026-06-24T20:54:39+00:00,481379f232f31c006e45331afc48c4208a055db43f35c95149be5e219a67384f,e2c10ed41245400b56d747ae94a82fa3a6c1a8e8e8a272e6be31b88159f262fc,wallet_trade_history_v1,none
0x594edb9112f526fa6a80b8f858a6379c8a2c1c11,https://polymarket.com/@0x594edB9112f526Fa6A80b8F858A6379C8A2c1C11,https://data-api.polymarket.com/activity?user=0x594edB9112f526Fa6A80b8F858A6379C8A2c1C11&type=TRADE&limit=100&offset=0&sortBy=TIMESTAMP&sortDirection=DESC,activity_primary,TRADE,1782125684,2026-06-22T10:54:44+00:00,0x3740d3c5ef6a9070143f04be4841e3feb335d1ffe5df88e64b4b4eec1bd0652a,0x79c2cbcddf68f447406dcfda4f41e310c51a8942a98f4ad4db72d36a47332ac8,73504811964506341687667150854560609135973368582311552317078464726313097733877,73504811964506341687667150854560609135973368582311552317078464726313097733877,lowest-temperature-in-nyc-on-june-22-2026-68-69f,lowest-temperature-in-nyc-on-june-22-2026,Will the lowest temperature in New York City be between 68-69°F on June 22?,Yes,0,BUY,0.006,60,0.37789,endpoint_usdcSize,weather,other,false,,,unavailable,entry_candidate,0x594edb9112f526fa6a80b8f858a6379c8a2c1c11|0x79c2cbcddf68f447406dcfda4f41e310c51a8942a98f4ad4db72d36a47332ac8|73504811964506341687667150854560609135973368582311552317078464726313097733877|Yes,0x594edb9112f526fa6a80b8f858a6379c8a2c1c11|activity_primary|0x3740d3c5ef6a9070143f04be4841e3feb335d1ffe5df88e64b4b4eec1bd0652a|0x79c2cbcddf68f447406dcfda4f41e310c51a8942a98f4ad4db72d36a47332ac8|73504811964506341687667150854560609135973368582311552317078464726313097733877|1782125684|buy|0.006|60,2026-06-24T20:54:39+00:00,a22de80ed87e8499266b1e7ebe64457c980185d0b9dc56d5a1b7a66e11349670,e2c10ed41245400b56d747ae94a82fa3a6c1a8e8e8a272e6be31b88159f262fc,wallet_trade_history_v1,none
0x594edb9112f526fa6a80b8f858a6379c8a2c1c11,https://polymarket.com/@0x594edB9112f526Fa6A80b8F858A6379C8A2c1C11,https://data-api.polymarket.com/activity?user=0x594edB9112f526Fa6A80b8F858A6379C8A2c1C11&type=TRADE&limit=100&offset=0&sortBy=TIMESTAMP&sortDirection=DESC,activity_primary,TRADE,1782125684,2026-06-22T10:54:44+00:00,0x961e607032e584056b1378f3189dabdb17f0edd9395c0ef138855ed51ddc2e4b,0x79c2cbcddf68f447406dcfda4f41e310c51a8942a98f4ad4db72d36a47332ac8,73504811964506341687667150854560609135973368582311552317078464726313097733877,73504811964506341687667150854560609135973368582311552317078464726313097733877,lowest-temperature-in-nyc-on-june-22-2026-68-69f,lowest-temperature-in-nyc-on-june-22-2026,Will the lowest temperature in New York City be between 68-69°F on June 22?,Yes,0,BUY,0.006,1.519,0.009114,endpoint_usdcSize,weather,other,false,,,unavailable,entry_candidate,0x594edb9112f526fa6a80b8f858a6379c8a2c1c11|0x79c2cbcddf68f447406dcfda4f41e310c51a8942a98f4ad4db72d36a47332ac8|73504811964506341687667150854560609135973368582311552317078464726313097733877|Yes,0x594edb9112f526fa6a80b8f858a6379c8a2c1c11|activity_primary|0x961e607032e584056b1378f3189dabdb17f0edd9395c0ef138855ed51ddc2e4b|0x79c2cbcddf68f447406dcfda4f41e310c51a8942a98f4ad4db72d36a47332ac8|73504811964506341687667150854560609135973368582311552317078464726313097733877|1782125684|buy|0.006|1.519,2026-06-24T20:54:39+00:00,0619205afcd39ef110be70dc65bcaa915888c70c95e9cbb1d0f2e1da1161ef57,e2c10ed41245400b56d747ae94a82fa3a6c1a8e8e8a272e6be31b88159f262fc,wallet_trade_history_v1,none
0x594edb9112f526fa6a80b8f858a6379c8a2c1c11,https://polymarket.com/@0x594edB9112f526Fa6A80b8F858A6379C8A2c1C11,https://data-api.polymarket.com/activity?user=0x594edB9112f526Fa6A80b8F858A6379C8A2c1C11&type=TRADE&limit=100&offset=0&sortBy=TIMESTAMP&sortDirection=DESC,activity_primary,TRADE,1782125684,2026-06-22T10:54:44+00:00,0xf9b2a3bbd58acb67b0063d944fd6a900e397c34d0f99c80eb5a53b23595a69fa,0x79c2cbcddf68f447406dcfda4f41e310c51a8942a98f4ad4db72d36a47332ac8,73504811964506341687667150854560609135973368582311552317078464726313097733877,73504811964506341687667150854560609135973368582311552317078464726313097733877,lowest-temperature-in-nyc-on-june-22-2026-68-69f,lowest-temperature-in-nyc-on-june-22-2026,Will the lowest temperature in New York City be between 68-69°F on June 22?,Yes,0,BUY,0.006,30.18,0.18108,endpoint_usdcSize,weather,other,false,,,unavailable,entry_candidate,0x594edb9112f526fa6a80b8f858a6379c8a2c1c11|0x79c2cbcddf68f447406dcfda4f41e310c51a8942a98f4ad4db72d36a47332ac8|73504811964506341687667150854560609135973368582311552317078464726313097733877|Yes,0x594edb9112f526fa6a80b8f858a6379c8a2c1c11|activity_primary|0xf9b2a3bbd58acb67b0063d944fd6a900e397c34d0f99c80eb5a53b23595a69fa|0x79c2cbcddf68f447406dcfda4f41e310c51a8942a98f4ad4db72d36a47332ac8|73504811964506341687667150854560609135973368582311552317078464726313097733877|1782125684|buy|0.006|30.18,2026-06-24T20:54:39+00:00,2bac7bdbb20e73a95be9cd4fa0481cf269720e761b10a7e4309a9f2371744663,e2c10ed41245400b56d747ae94a82fa3a6c1a8e8e8a272e6be31b88159f262fc,wallet_trade_history_v1,none
0x594edb9112f526fa6a80b8f858a6379c8a2c1c11,https://polymarket.com/@0x594edB9112f526Fa6A80b8F858A6379C8A2c1C11,https://data-api.polymarket.com/activity?user=0x594edB9112f526Fa6A80b8F858A6379C8A2c1C11&type=TRADE&limit=100&offset=0&sortBy=TIMESTAMP&sortDirection=DESC,activity_primary,TRADE,1782125684,2026-06-22T10:54:44+00:00,0xf26aa3004aecead63dd845a329a59ff0184274054a043f52301cc43f43219a2f,0x79c2cbcddf68f447406dcfda4f41e310c51a8942a98f4ad4db72d36a47332ac8,100022173967792159685845415143209525395531895392071645851308091192446060283505,100022173967792159685845415143209525395531895392071645851308091192446060283505,lowest-temperature-in-nyc-on-june-22-2026-68-69f,lowest-temperature-in-nyc-on-june-22-2026,Will the lowest temperature in New York City be between 68-69°F on June 22?,No,1,BUY,0.9930000065201878,152.142856,151.077857,endpoint_usdcSize,weather,other,false,,,unavailable,entry_candidate,0x594edb9112f526fa6a80b8f858a6379c8a2c1c11|0x79c2cbcddf68f447406dcfda4f41e310c51a8942a98f4ad4db72d36a47332ac8|100022173967792159685845415143209525395531895392071645851308091192446060283505|No,0x594edb9112f526fa6a80b8f858a6379c8a2c1c11|activity_primary|0xf26aa3004aecead63dd845a329a59ff0184274054a043f52301cc43f43219a2f|0x79c2cbcddf68f447406dcfda4f41e310c51a8942a98f4ad4db72d36a47332ac8|100022173967792159685845415143209525395531895392071645851308091192446060283505|1782125684|buy|0.9930000065201878|152.142856,2026-06-24T20:54:39+00:00,89f1b71341caa0347bbfa243af96860cb824aed7d784dc9098bb65263e4e7a20,e2c10ed41245400b56d747ae94a82fa3a6c1a8e8e8a272e6be31b88159f262fc,wallet_trade_history_v1,none
0x594edb9112f526fa6a80b8f858a6379c8a2c1c11,https://polymarket.com/@0x594edB9112f526Fa6A80b8F858A6379C8A2c1C11,https://data-api.polymarket.com/activity?user=0x594edB9112f526Fa6A80b8F858A6379C8A2c1C11&type=TRADE&limit=100&offset=0&sortBy=TIMESTAMP&sortDirection=DESC,activity_primary,TRADE,1782125656,2026-06-22T10:54:16+00:00,0xe15a59d62e03e716365a7428f931274e546e07357585fa7873871af0d38c3984,0xca1c28663ba0918b7d4989b6a9950d21477fe13e14a7e72ea69f05483064e737,32049798925999586761657402586441204940804637908399488926798508419605204933530,32049798925999586761657402586441204940804637908399488926798508419605204933530,lowest-temperature-in-nyc-on-june-22-2026-70-71f,lowest-temperature-in-nyc-on-june-22-2026,Will the lowest temperature in New York City be between 70-71°F on June 22?,Yes,0,BUY,0.007000002190466942,1.369571,0.009587,endpoint_usdcSize,weather,other,false,,,unavailable,entry_candidate,0x594edb9112f526fa6a80b8f858a6379c8a2c1c11|0xca1c28663ba0918b7d4989b6a9950d21477fe13e14a7e72ea69f05483064e737|32049798925999586761657402586441204940804637908399488926798508419605204933530|Yes,0x594edb9112f526fa6a80b8f858a6379c8a2c1c11|activity_primary|0xe15a59d62e03e716365a7428f931274e546e07357585fa7873871af0d38c3984|0xca1c28663ba0918b7d4989b6a9950d21477fe13e14a7e72ea69f05483064e737|32049798925999586761657402586441204940804637908399488926798508419605204933530|1782125656|buy|0.007000002190466942|1.369571,2026-06-24T20:54:39+00:00,5986c4302a582a7fd34717064657520b6681ed7370cde23942ecf3cd5984ea69,e2c10ed41245400b56d747ae94a82fa3a6c1a8e8e8a272e6be31b88159f262fc,wallet_trade_history_v1,none
0x594edb9112f526fa6a80b8f858a6379c8a2c1c11,https://polymarket.com/@0x594edB9112f526Fa6A80b8F858A6379C8A2c1C11,https://data-api.polymarket.com/activity?user=0x594edB9112f526Fa6A80b8F858A6379C8A2c1C11&type=TRADE&limit=100&offset=0&sortBy=TIMESTAMP&sortDirection=DESC,activity_primary,TRADE,1782125656,2026-06-22T10:54:16+00:00,0x5e2d33637bee30a67a3e8dcb76da63af0d9ee5f78fdd5068eb22d9cea0973608,0xca1c28663ba0918b7d4989b6a9950d21477fe13e14a7e72ea69f05483064e737,32049798925999586761657402586441204940804637908399488926798508419605204933530,32049798925999586761657402586441204940804637908399488926798508419605204933530,lowest-temperature-in-nyc-on-june-22-2026-70-71f,lowest-temperature-in-nyc-on-june-22-2026,Will the lowest temperature in New York City be between 70-71°F on June 22?,Yes,0,BUY,0.007,30.21,0.21147,endpoint_usdcSize,weather,other,false,,,unavailable,entry_candidate,0x594edb9112f526fa6a80b8f858a6379c8a2c1c11|0xca1c28663ba0918b7d4989b6a9950d21477fe13e14a7e72ea69f05483064e737|32049798925999586761657402586441204940804637908399488926798508419605204933530|Yes,0x594edb9112f526fa6a80b8f858a6379c8a2c1c11|activity_primary|0x5e2d33637bee30a67a3e8dcb76da63af0d9ee5f78fdd5068eb22d9cea0973608|0xca1c28663ba0918b7d4989b6a9950d21477fe13e14a7e72ea69f05483064e737|32049798925999586761657402586441204940804637908399488926798508419605204933530|1782125656|buy|0.007|30.21,2026-06-24T20:54:39+00:00,f24a154574a6510c30450aea27138262f96853cfe267784786d9bc558af40aa3,e2c10ed41245400b56d747ae94a82fa3a6c1a8e8e8a272e6be31b88159f262fc,wallet_trade_history_v1,none
0x594edb9112f526fa6a80b8f858a6379c8a2c1c11,https://polymarket.com/@0x594edB9112f526Fa6A80b8F858A6379C8A2c1C11,https://data-api.polymarket.com/activity?user=0x594edB9112f526Fa6A80b8F858A6379C8A2c1C11&type=TRADE&limit=100&offset=0&sortBy=TIMESTAMP&sortDirection=DESC,activity_primary,TRADE,1782125656,2026-06-22T10:54:16+00:00,0xe9fb9d1bdc03d43ed6ad036399bf4dba8780b8006eb20cc4df16d13f57bdd36b,0xca1c28663ba0918b7d4989b6a9950d21477fe13e14a7e72ea69f05483064e737,32049798925999586761657402586441204940804637908399488926798508419605204933530,32049798925999586761657402586441204940804637908399488926798508419605204933530,lowest-temperature-in-nyc-on-june-22-2026-70-71f,lowest-temperature-in-nyc-on-june-22-2026,Will the lowest temperature in New York City be between 70-71°F on June 22?,Yes,0,BUY,0.007,5,0.035,endpoint_usdcSize,weather,other,false,,,unavailable,entry_candidate,0x594edb9112f526fa6a80b8f858a6379c8a2c1c11|0xca1c28663ba0918b7d4989b6a9950d21477fe13e14a7e72ea69f05483064e737|32049798925999586761657402586441204940804637908399488926798508419605204933530|Yes,0x594edb9112f526fa6a80b8f858a6379c8a2c1c11|activity_primary|0xe9fb9d1bdc03d43ed6ad036399bf4dba8780b8006eb20cc4df16d13f57bdd36b|0xca1c28663ba0918b7d4989b6a9950d21477fe13e14a7e72ea69f05483064e737|32049798925999586761657402586441204940804637908399488926798508419605204933530|1782125656|buy|0.007|5,2026-06-24T20:54:39+00:00,51d778015b5e874399cc0d1a7b74ea0130b08cf930a383363b89c90a2443f8a1,e2c10ed41245400b56d747ae94a82fa3a6c1a8e8e8a272e6be31b88159f262fc,wallet_trade_history_v1,none
0x594edb9112f526fa6a80b8f858a6379c8a2c1c11,https://polymarket.com/@0x594edB9112f526Fa6A80b8F858A6379C8A2c1C11,https://data-api.polymarket.com/activity?user=0x594edB9112f526Fa6A80b8F858A6379C8A2c1C11&type=TRADE&limit=100&offset=0&sortBy=TIMESTAMP&sortDirection=DESC,activity_primary,TRADE,1782125656,2026-06-22T10:54:16+00:00,0xc7731cfe472f6072d600ed480e7363edced379b2489447063856ac0fa2bdb5a3,0xca1c28663ba0918b7d4989b6a9950d21477fe13e14a7e72ea69f05483064e737,58941793963660636013897047880237603461728823846394529518840025751400296930645,58941793963660636013897047880237603461728823846394529518840025751400296930645,lowest-temperature-in-nyc-on-june-22-2026-70-71f,lowest-temperature-in-nyc-on-june-22-2026,Will the lowest temperature in New York City be between 70-71°F on June 22?,No,1,BUY,0.992,137.5,136.4,endpoint_usdcSize,weather,other,false,,,unavailable,entry_candidate,0x594edb9112f526fa6a80b8f858a6379c8a2c1c11|0xca1c28663ba0918b7d4989b6a9950d21477fe13e14a7e72ea69f05483064e737|58941793963660636013897047880237603461728823846394529518840025751400296930645|No,0x594edb9112f526fa6a80b8f858a6379c8a2c1c11|activity_primary|0xc7731cfe472f6072d600ed480e7363edced379b2489447063856ac0fa2bdb5a3|0xca1c28663ba0918b7d4989b6a9950d21477fe13e14a7e72ea69f05483064e737|58941793963660636013897047880237603461728823846394529518840025751400296930645|1782125656|buy|0.992|137.5,2026-06-24T20:54:39+00:00,8644e5904c6bec2229f2c8d98df09050e4645ca8ff7fd9f310c2af5c1c3b7be1,e2c10ed41245400b56d747ae94a82fa3a6c1a8e8e8a272e6be31b88159f262fc,wallet_trade_history_v1,none
0x594edb9112f526fa6a80b8f858a6379c8a2c1c11,https://polymarket.com/@0x594edB9112f526Fa6A80b8F858A6379C8A2c1C11,https://data-api.polymarket.com/activity?user=0x594edB9112f526Fa6A80b8F858A6379C8A2c1C11&type=TRADE&limit=100&offset=0&sortBy=TIMESTAMP&sortDirection=DESC,activity_primary,TRADE,1782125656,2026-06-22T10:54:16+00:00,0x1c0a8288356ea1e6eae270684539d7ce905bcee6ef01f4f75ca9c51f9f210160,0xca1c28663ba0918b7d4989b6a9950d21477fe13e14a7e72ea69f05483064e737,32049798925999586761657402586441204940804637908399488926798508419605204933530,32049798925999586761657402586441204940804637908399488926798508419605204933530,lowest-temperature-in-nyc-on-june-22-2026-70-71f,lowest-temperature-in-nyc-on-june-22-2026,Will the lowest temperature in New York City be between 70-71°F on June 22?,Yes,0,BUY,0.007,1.75,0.01225,endpoint_usdcSize,weather,other,false,,,unavailable,entry_candidate,0x594edb9112f526fa6a80b8f858a6379c8a2c1c11|0xca1c28663ba0918b7d4989b6a9950d21477fe13e14a7e72ea69f05483064e737|32049798925999586761657402586441204940804637908399488926798508419605204933530|Yes,0x594edb9112f526fa6a80b8f858a6379c8a2c1c11|activity_primary|0x1c0a8288356ea1e6eae270684539d7ce905bcee6ef01f4f75ca9c51f9f210160|0xca1c28663ba0918b7d4989b6a9950d21477fe13e14a7e72ea69f05483064e737|32049798925999586761657402586441204940804637908399488926798508419605204933530|1782125656|buy|0.007|1.75,2026-06-24T20:54:39+00:00,c2343fb573f220cb8ce3c5341d5e2c0d4a466622869cf66dac835e433907c4b4,e2c10ed41245400b56d747ae94a82fa3a6c1a8e8e8a272e6be31b88159f262fc,wallet_trade_history_v1,none
0x594edb9112f526fa6a80b8f858a6379c8a2c1c11,https://polymarket.com/@0x594edB9112f526Fa6A80b8F858A6379C8A2c1C11,https://data-api.polymarket.com/activity?user=0x594edB9112f526Fa6A80b8F858A6379C8A2c1C11&type=TRADE&limit=100&offset=0&sortBy=TIMESTAMP&sortDirection=DESC,activity_primary,TRADE,1782125656,2026-06-22T10:54:16+00:00,0x62fe4c9c50d5054d8f3c7b0322ccb173d61cf0a54bec88fd5ede73030812140d,0xca1c28663ba0918b7d4989b6a9950d21477fe13e14a7e72ea69f05483064e737,32049798925999586761657402586441204940804637908399488926798508419605204933530,32049798925999586761657402586441204940804637908399488926798508419605204933530,lowest-temperature-in-nyc-on-june-22-2026-70-71f,lowest-temperature-in-nyc-on-june-22-2026,Will the lowest temperature in New York City be between 70-71°F on June 22?,Yes,0,BUY,0.007,1.007,0.007049,endpoint_usdcSize,weather,other,false,,,unavailable,entry_candidate,0x594edb9112f526fa6a80b8f858a6379c8a2c1c11|0xca1c28663ba0918b7d4989b6a9950d21477fe13e14a7e72ea69f05483064e737|32049798925999586761657402586441204940804637908399488926798508419605204933530|Yes,0x594edb9112f526fa6a80b8f858a6379c8a2c1c11|activity_primary|0x62fe4c9c50d5054d8f3c7b0322ccb173d61cf0a54bec88fd5ede73030812140d|0xca1c28663ba0918b7d4989b6a9950d21477fe13e14a7e72ea69f05483064e737|32049798925999586761657402586441204940804637908399488926798508419605204933530|1782125656|buy|0.007|1.007,2026-06-24T20:54:39+00:00,1298a348cd97447ccb3b76acb98a96faa5c11090b2ac3fef4b37473052ce399c,e2c10ed41245400b56d747ae94a82fa3a6c1a8e8e8a272e6be31b88159f262fc,wallet_trade_history_v1,none
0x594edb9112f526fa6a80b8f858a6379c8a2c1c11,https://polymarket.com/@0x594edB9112f526Fa6A80b8F858A6379C8A2c1C11,https://data-api.polymarket.com/activity?user=0x594edB9112f526Fa6A80b8F858A6379C8A2c1C11&type=TRADE&limit=100&offset=0&sortBy=TIMESTAMP&sortDirection=DESC,activity_primary,TRADE,1782125654,2026-06-22T10:54:14+00:00,0x99647fcf29e96da4e7d68153a34466d67e3dd45d1350d1328628a8a01bf7ab37,0xca1c28663ba0918b7d4989b6a9950d21477fe13e14a7e72ea69f05483064e737,32049798925999586761657402586441204940804637908399488926798508419605204933530,32049798925999586761657402586441204940804637908399488926798508419605204933530,lowest-temperature-in-nyc-on-june-22-2026-70-71f,lowest-temperature-in-nyc-on-june-22-2026,Will the lowest temperature in New York City be between 70-71°F on June 22?,Yes,0,BUY,0.0013904724716907457,153.66,0.22432,endpoint_usdcSize,weather,other,false,,,unavailable,entry_candidate,0x594edb9112f526fa6a80b8f858a6379c8a2c1c11|0xca1c28663ba0918b7d4989b6a9950d21477fe13e14a7e72ea69f05483064e737|32049798925999586761657402586441204940804637908399488926798508419605204933530|Yes,0x594edb9112f526fa6a80b8f858a6379c8a2c1c11|activity_primary|0x99647fcf29e96da4e7d68153a34466d67e3dd45d1350d1328628a8a01bf7ab37|0xca1c28663ba0918b7d4989b6a9950d21477fe13e14a7e72ea69f05483064e737|32049798925999586761657402586441204940804637908399488926798508419605204933530|1782125654|buy|0.0013904724716907457|153.66,2026-06-24T20:54:39+00:00,502e32715c4dfe35be40109c9bf59d3422b397217651a3275d99f6c81fd1a193,e2c10ed41245400b56d747ae94a82fa3a6c1a8e8e8a272e6be31b88159f262fc,wallet_trade_history_v1,none
0x594edb9112f526fa6a80b8f858a6379c8a2c1c11,https://polymarket.com/@0x594edB9112f526Fa6A80b8F858A6379C8A2c1C11,https://data-api.polymarket.com/activity?user=0x594edB9112f526Fa6A80b8F858A6379C8A2c1C11&type=TRADE&limit=100&offset=0&sortBy=TIMESTAMP&sortDirection=DESC,activity_primary,TRADE,1782045278,2026-06-21T12:34:38+00:00,0xcc8a0ae948d5fd19acfd1d189b4cd98660793c136542ff132bea3a6803ef4399,0x44e25f753ae47dbdf2705d35e0a45db24d3a1b2996b82a1350ade2c7e92c4f93,14621976022388339155866443939403907158807725281606484508612016632018100973573,14621976022388339155866443939403907158807725281606484508612016632018100973573,fifwc-ecu-ger-2026-06-25-ecu,fifwc-ecu-ger-2026-06-25,Will Ecuador win on 2026-06-25?,Yes,0,BUY,0.28,10000,2860.48,endpoint_usdcSize,other,other,false,,,unavailable,entry_candidate,0x594edb9112f526fa6a80b8f858a6379c8a2c1c11|0x44e25f753ae47dbdf2705d35e0a45db24d3a1b2996b82a1350ade2c7e92c4f93|14621976022388339155866443939403907158807725281606484508612016632018100973573|Yes,0x594edb9112f526fa6a80b8f858a6379c8a2c1c11|activity_primary|0xcc8a0ae948d5fd19acfd1d189b4cd98660793c136542ff132bea3a6803ef4399|0x44e25f753ae47dbdf2705d35e0a45db24d3a1b2996b82a1350ade2c7e92c4f93|14621976022388339155866443939403907158807725281606484508612016632018100973573|1782045278|buy|0.28|10000,2026-06-24T20:54:39+00:00,36ddc295623bbaa54757aec97abf3f2622a2d4ac6775771d1fb4823f5009d8cf,e2c10ed41245400b56d747ae94a82fa3a6c1a8e8e8a272e6be31b88159f262fc,wallet_trade_history_v1,non_crypto_or_unclassified_market
0x594edb9112f526fa6a80b8f858a6379c8a2c1c11,https://polymarket.com/@0x594edB9112f526Fa6A80b8F858A6379C8A2c1C11,https://data-api.polymarket.com/activity?user=0x594edB9112f526Fa6A80b8F858A6379C8A2c1C11&type=TRADE&limit=100&offset=0&sortBy=TIMESTAMP&sortDirection=DESC,activity_primary,TRADE,1782044996,2026-06-21T12:29:56+00:00,0x09a1afb1f5d5698a972d46a0a69ab8c16f3d65e1b3b58800ff21bc1fe6897efc,0xe690620297dfea974d20df84b4cf90460e46a26ec864353482717b90509a3c0b,12895713634933367223676558147527749758143822673340639855731583908529004951892,12895713634933367223676558147527749758143822673340639855731583908529004951892,fifwc-ecu-ger-2026-06-25-ger,fifwc-ecu-ger-2026-06-25,Will Germany win on 2026-06-25?,No,1,BUY,0.5,16179.07,8210.87802,endpoint_usdcSize,other,other,false,,,unavailable,entry_candidate,0x594edb9112f526fa6a80b8f858a6379c8a2c1c11|0xe690620297dfea974d20df84b4cf90460e46a26ec864353482717b90509a3c0b|12895713634933367223676558147527749758143822673340639855731583908529004951892|No,0x594edb9112f526fa6a80b8f858a6379c8a2c1c11|activity_primary|0x09a1afb1f5d5698a972d46a0a69ab8c16f3d65e1b3b58800ff21bc1fe6897efc|0xe690620297dfea974d20df84b4cf90460e46a26ec864353482717b90509a3c0b|12895713634933367223676558147527749758143822673340639855731583908529004951892|1782044996|buy|0.5|16179.07,2026-06-24T20:54:39+00:00,4aed4762964e7f51d2c0b8f369419ec5c7ff3665df6093b1dfccab999ae5e08d,e2c10ed41245400b56d747ae94a82fa3a6c1a8e8e8a272e6be31b88159f262fc,wallet_trade_history_v1,non_crypto_or_unclassified_market
0x594edb9112f526fa6a80b8f858a6379c8a2c1c11,https://polymarket.com/@0x594edB9112f526Fa6A80b8F858A6379C8A2c1C11,https://data-api.polymarket.com/activity?user=0x594edB9112f526Fa6A80b8F858A6379C8A2c1C11&type=TRADE&limit=100&offset=0&sortBy=TIMESTAMP&sortDirection=DESC,activity_primary,TRADE,1782044948,2026-06-21T12:29:08+00:00,0x22e37b3fe225c5ec1675864604a49c85a9d66a4008cb145301f21c7228bb2dd2,0xe690620297dfea974d20df84b4cf90460e46a26ec864353482717b90509a3c0b,12895713634933367223676558147527749758143822673340639855731583908529004951892,12895713634933367223676558147527749758143822673340639855731583908529004951892,fifwc-ecu-ger-2026-06-25-ger,fifwc-ecu-ger-2026-06-25,Will Germany win on 2026-06-25?,No,1,BUY,0.5,5000,2537.5,endpoint_usdcSize,other,other,false,,,unavailable,entry_candidate,0x594edb9112f526fa6a80b8f858a6379c8a2c1c11|0xe690620297dfea974d20df84b4cf90460e46a26ec864353482717b90509a3c0b|12895713634933367223676558147527749758143822673340639855731583908529004951892|No,0x594edb9112f526fa6a80b8f858a6379c8a2c1c11|activity_primary|0x22e37b3fe225c5ec1675864604a49c85a9d66a4008cb145301f21c7228bb2dd2|0xe690620297dfea974d20df84b4cf90460e46a26ec864353482717b90509a3c0b|12895713634933367223676558147527749758143822673340639855731583908529004951892|1782044948|buy|0.5|5000,2026-06-24T20:54:39+00:00,1cff689cbfb1a9deaff1b74f7fdcfe54bd78c89414255617e0365da5fb55b27a,e2c10ed41245400b56d747ae94a82fa3a6c1a8e8e8a272e6be31b88159f262fc,wallet_trade_history_v1,non_crypto_or_unclassified_market
0x594edb9112f526fa6a80b8f858a6379c8a2c1c11,https://polymarket.com/@0x594edB9112f526Fa6A80b8F858A6379C8A2c1C11,https://data-api.polymarket.com/activity?user=0x594edB9112f526Fa6A80b8F858A6379C8A2c1C11&type=TRADE&limit=100&offset=0&sortBy=TIMESTAMP&sortDirection=DESC,activity_primary,TRADE,1782044884,2026-06-21T12:28:04+00:00,0xe5e35ce961ad5d29f1e449a1f03b7aa39a3a19464100f4549a14d13eb10de523,0xe690620297dfea974d20df84b4cf90460e46a26ec864353482717b90509a3c0b,12895713634933367223676558147527749758143822673340639855731583908529004951892,12895713634933367223676558147527749758143822673340639855731583908529004951892,fifwc-ecu-ger-2026-06-25-ger,fifwc-ecu-ger-2026-06-25,Will Germany win on 2026-06-25?,No,1,BUY,0.5,5000,2537.5,endpoint_usdcSize,other,other,false,,,unavailable,entry_candidate,0x594edb9112f526fa6a80b8f858a6379c8a2c1c11|0xe690620297dfea974d20df84b4cf90460e46a26ec864353482717b90509a3c0b|12895713634933367223676558147527749758143822673340639855731583908529004951892|No,0x594edb9112f526fa6a80b8f858a6379c8a2c1c11|activity_primary|0xe5e35ce961ad5d29f1e449a1f03b7aa39a3a19464100f4549a14d13eb10de523|0xe690620297dfea974d20df84b4cf90460e46a26ec864353482717b90509a3c0b|12895713634933367223676558147527749758143822673340639855731583908529004951892|1782044884|buy|0.5|5000,2026-06-24T20:54:39+00:00,4ca592982833e7db77cee64c14e0cc2acfa7fa77a950a5e927b50a3d7a98e51d,e2c10ed41245400b56d747ae94a82fa3a6c1a8e8e8a272e6be31b88159f262fc,wallet_trade_history_v1,non_crypto_or_unclassified_market
0x594edb9112f526fa6a80b8f858a6379c8a2c1c11,https://polymarket.com/@0x594edB9112f526Fa6A80b8F858A6379C8A2c1C11,https://data-api.polymarket.com/activity?user=0x594edB9112f526Fa6A80b8F858A6379C8A2c1C11&type=TRADE&limit=100&offset=0&sortBy=TIMESTAMP&sortDirection=DESC,activity_primary,TRADE,1782044548,2026-06-21T12:22:28+00:00,0x8c9ff64eb18dbe7b0a8e76ae4ea92f6e9d5f3c0fdb8d445ce6fe7686d76b8594,0x44e25f753ae47dbdf2705d35e0a45db24d3a1b2996b82a1350ade2c7e92c4f93,135792657791879031181866023056748029392055768984822794561479819351684481583,135792657791879031181866023056748029392055768984822794561479819351684481583,fifwc-ecu-ger-2026-06-25-ecu,fifwc-ecu-ger-2026-06-25,Will Ecuador win on 2026-06-25?,No,1,BUY,0.73,5,3.67956,endpoint_usdcSize,other,other,false,,,unavailable,entry_candidate,0x594edb9112f526fa6a80b8f858a6379c8a2c1c11|0x44e25f753ae47dbdf2705d35e0a45db24d3a1b2996b82a1350ade2c7e92c4f93|135792657791879031181866023056748029392055768984822794561479819351684481583|No,0x594edb9112f526fa6a80b8f858a6379c8a2c1c11|activity_primary|0x8c9ff64eb18dbe7b0a8e76ae4ea92f6e9d5f3c0fdb8d445ce6fe7686d76b8594|0x44e25f753ae47dbdf2705d35e0a45db24d3a1b2996b82a1350ade2c7e92c4f93|135792657791879031181866023056748029392055768984822794561479819351684481583|1782044548|buy|0.73|5,2026-06-24T20:54:39+00:00,d17e78454995f5599b9779d3732ef0be8809622cd8a0b044acd9139d24bc3d8c,e2c10ed41245400b56d747ae94a82fa3a6c1a8e8e8a272e6be31b88159f262fc,wallet_trade_history_v1,non_crypto_or_unclassified_market
0x594edb9112f526fa6a80b8f858a6379c8a2c1c11,https://polymarket.com/@0x594edB9112f526Fa6A80b8F858A6379C8A2c1C11,https://data-api.polymarket.com/activity?user=0x594edB9112f526Fa6A80b8F858A6379C8A2c1C11&type=TRADE&limit=100&offset=0&sortBy=TIMESTAMP&sortDirection=DESC,activity_primary,TRADE,1782044341,2026-06-21T12:19:01+00:00,0x15728ba1df9f1cf14746259fea5abfe7b73aefd4b9cccf41b53f259ce1da0f11,0x44e25f753ae47dbdf2705d35e0a45db24d3a1b2996b82a1350ade2c7e92c4f93,14621976022388339155866443939403907158807725281606484508612016632018100973573,14621976022388339155866443939403907158807725281606484508612016632018100973573,fifwc-ecu-ger-2026-06-25-ecu,fifwc-ecu-ger-2026-06-25,Will Ecuador win on 2026-06-25?,Yes,0,BUY,0.27,6847.78,1889.39152,endpoint_usdcSize,other,other,false,,,unavailable,entry_candidate,0x594edb9112f526fa6a80b8f858a6379c8a2c1c11|0x44e25f753ae47dbdf2705d35e0a45db24d3a1b2996b82a1350ade2c7e92c4f93|14621976022388339155866443939403907158807725281606484508612016632018100973573|Yes,0x594edb9112f526fa6a80b8f858a6379c8a2c1c11|activity_primary|0x15728ba1df9f1cf14746259fea5abfe7b73aefd4b9cccf41b53f259ce1da0f11|0x44e25f753ae47dbdf2705d35e0a45db24d3a1b2996b82a1350ade2c7e92c4f93|14621976022388339155866443939403907158807725281606484508612016632018100973573|1782044341|buy|0.27|6847.78,2026-06-24T20:54:39+00:00,c929d54d2b8bf39e03116589408787b4cd7745ba5c9b48925116dc5a98df3d1c,e2c10ed41245400b56d747ae94a82fa3a6c1a8e8e8a272e6be31b88159f262fc,wallet_trade_history_v1,non_crypto_or_unclassified_market
0x594edb9112f526fa6a80b8f858a6379c8a2c1c11,https://polymarket.com/@0x594edB9112f526Fa6A80b8F858A6379C8A2c1C11,https://data-api.polymarket.com/activity?user=0x594edB9112f526Fa6A80b8F858A6379C8A2c1C11&type=TRADE&limit=100&offset=0&sortBy=TIMESTAMP&sortDirection=DESC,activity_primary,TRADE,1782044312,2026-06-21T12:18:32+00:00,0x3e26838e844facb6e3d5fa47f2b5521de507a7bf73ed159ca88e6b5c6adb3509,0x24f3ed19366f1c7c52cc19506e21ffe17a4a3f1080d0c127d3ea63451d401715,31430364850864908418200780039082891631196867086863095952432440360738147303870,31430364850864908418200780039082891631196867086863095952432440360738147303870,lowest-temperature-in-nyc-on-june-21-2026-72-73f,lowest-temperature-in-nyc-on-june-21-2026,Will the lowest temperature in New York City be between 72-73°F on June 21?,No,1,BUY,0.992,81.0675,80.41896,endpoint_usdcSize,weather,other,false,,,unavailable,entry_candidate,0x594edb9112f526fa6a80b8f858a6379c8a2c1c11|0x24f3ed19366f1c7c52cc19506e21ffe17a4a3f1080d0c127d3ea63451d401715|31430364850864908418200780039082891631196867086863095952432440360738147303870|No,0x594edb9112f526fa6a80b8f858a6379c8a2c1c11|activity_primary|0x3e26838e844facb6e3d5fa47f2b5521de507a7bf73ed159ca88e6b5c6adb3509|0x24f3ed19366f1c7c52cc19506e21ffe17a4a3f1080d0c127d3ea63451d401715|31430364850864908418200780039082891631196867086863095952432440360738147303870|1782044312|buy|0.992|81.0675,2026-06-24T20:54:39+00:00,af6559753fd13b296cc2d6ee1bd0aefb3243232f21fc28f8e5e1bc62e2336620,e2c10ed41245400b56d747ae94a82fa3a6c1a8e8e8a272e6be31b88159f262fc,wallet_trade_history_v1,none
0x594edb9112f526fa6a80b8f858a6379c8a2c1c11,https://polymarket.com/@0x594edB9112f526Fa6A80b8F858A6379C8A2c1C11,https://data-api.polymarket.com/activity?user=0x594edB9112f526Fa6A80b8F858A6379C8A2c1C11&type=TRADE&limit=100&offset=0&sortBy=TIMESTAMP&sortDirection=DESC,activity_primary,TRADE,1782044297,2026-06-21T12:18:17+00:00,0x9cc65baf638406d31c212028e42023b229e540e28cf71ae8faad2b1d425660a6,0xbdc218319424944adbeecf9b2f9e41c388e9cd52eefae9e59530eb494f6847fd,24370412636953818631489003868213243104831822119863995605409685322905694997541,24370412636953818631489003868213243104831822119863995605409685322905694997541,lowest-temperature-in-nyc-on-june-21-2026-60-61f,lowest-temperature-in-nyc-on-june-21-2026,Will the lowest temperature in New York City be between 60-61°F on June 21?,Yes,0,BUY,0.008,0.13,0.00104,endpoint_usdcSize,weather,other,false,,,unavailable,entry_candidate,0x594edb9112f526fa6a80b8f858a6379c8a2c1c11|0xbdc218319424944adbeecf9b2f9e41c388e9cd52eefae9e59530eb494f6847fd|24370412636953818631489003868213243104831822119863995605409685322905694997541|Yes,0x594edb9112f526fa6a80b8f858a6379c8a2c1c11|activity_primary|0x9cc65baf638406d31c212028e42023b229e540e28cf71ae8faad2b1d425660a6|0xbdc218319424944adbeecf9b2f9e41c388e9cd52eefae9e59530eb494f6847fd|24370412636953818631489003868213243104831822119863995605409685322905694997541|1782044297|buy|0.008|0.13,2026-06-24T20:54:39+00:00,8b6244d1a2975e5791129c120d0eb5967f04029acb106d1d5a16edda0393e097,e2c10ed41245400b56d747ae94a82fa3a6c1a8e8e8a272e6be31b88159f262fc,wallet_trade_history_v1,none
0x594edb9112f526fa6a80b8f858a6379c8a2c1c11,https://polymarket.com/@0x594edB9112f526Fa6A80b8F858A6379C8A2c1C11,https://data-api.polymarket.com/activity?user=0x594edB9112f526Fa6A80b8F858A6379C8A2c1C11&type=TRADE&limit=100&offset=0&sortBy=TIMESTAMP&sortDirection=DESC,activity_primary,TRADE,1782044293,2026-06-21T12:18:13+00:00,0x43a85f2e082e1ee293977885dea6f105d4212dcceb080127069a8e5d47108113,0xbdc218319424944adbeecf9b2f9e41c388e9cd52eefae9e59530eb494f6847fd,22666965840197437617507758696118759486605695799276784584202895721760123676191,22666965840197437617507758696118759486605695799276784584202895721760123676191,lowest-temperature-in-nyc-on-june-21-2026-60-61f,lowest-temperature-in-nyc-on-june-21-2026,Will the lowest temperature in New York City be between 60-61°F on June 21?,No,1,BUY,0.991,1.51,1.49641,endpoint_usdcSize,weather,other,false,,,unavailable,entry_candidate,0x594edb9112f526fa6a80b8f858a6379c8a2c1c11|0xbdc218319424944adbeecf9b2f9e41c388e9cd52eefae9e59530eb494f6847fd|22666965840197437617507758696118759486605695799276784584202895721760123676191|No,0x594edb9112f526fa6a80b8f858a6379c8a2c1c11|activity_primary|0x43a85f2e082e1ee293977885dea6f105d4212dcceb080127069a8e5d47108113|0xbdc218319424944adbeecf9b2f9e41c388e9cd52eefae9e59530eb494f6847fd|22666965840197437617507758696118759486605695799276784584202895721760123676191|1782044293|buy|0.991|1.51,2026-06-24T20:54:39+00:00,df8d7be77444d600535c67c5b499467d5e2b2da9dab31ccb38e4aa1b3ee3bead,e2c10ed41245400b56d747ae94a82fa3a6c1a8e8e8a272e6be31b88159f262fc,wallet_trade_history_v1,none
0x594edb9112f526fa6a80b8f858a6379c8a2c1c11,https://polymarket.com/@0x594edB9112f526Fa6A80b8F858A6379C8A2c1C11,https://data-api.polymarket.com/activity?user=0x594edB9112f526Fa6A80b8F858A6379C8A2c1C11&type=TRADE&limit=100&offset=0&sortBy=TIMESTAMP&sortDirection=DESC,activity_primary,TRADE,1782044273,2026-06-21T12:17:53+00:00,0x4224ca32bcd43f125d3fe4dd2b185170a51e92d03320ae783e9e8dddbd807404,0xbdc218319424944adbeecf9b2f9e41c388e9cd52eefae9e59530eb494f6847fd,24370412636953818631489003868213243104831822119863995605409685322905694997541,24370412636953818631489003868213243104831822119863995605409685322905694997541,lowest-temperature-in-nyc-on-june-21-2026-60-61f,lowest-temperature-in-nyc-on-june-21-2026,Will the lowest temperature in New York City be between 60-61°F on June 21?,Yes,0,BUY,0.008,15.080625,0.120645,endpoint_usdcSize,weather,other,false,,,unavailable,entry_candidate,0x594edb9112f526fa6a80b8f858a6379c8a2c1c11|0xbdc218319424944adbeecf9b2f9e41c388e9cd52eefae9e59530eb494f6847fd|24370412636953818631489003868213243104831822119863995605409685322905694997541|Yes,0x594edb9112f526fa6a80b8f858a6379c8a2c1c11|activity_primary|0x4224ca32bcd43f125d3fe4dd2b185170a51e92d03320ae783e9e8dddbd807404|0xbdc218319424944adbeecf9b2f9e41c388e9cd52eefae9e59530eb494f6847fd|24370412636953818631489003868213243104831822119863995605409685322905694997541|1782044273|buy|0.008|15.080625,2026-06-24T20:54:39+00:00,2fda9d8c86e644c101047cafb486623ae5cda4afdcdf42f97108bab658593b74,e2c10ed41245400b56d747ae94a82fa3a6c1a8e8e8a272e6be31b88159f262fc,wallet_trade_history_v1,none
0x594edb9112f526fa6a80b8f858a6379c8a2c1c11,https://polymarket.com/@0x594edB9112f526Fa6A80b8F858A6379C8A2c1C11,https://data-api.polymarket.com/activity?user=0x594edB9112f526Fa6A80b8F858A6379C8A2c1C11&type=TRADE&limit=100&offset=0&sortBy=TIMESTAMP&sortDirection=DESC,activity_primary,TRADE,1782044159,2026-06-21T12:15:59+00:00,0x58a75321604d16ba725d5f8daab8b6941047e3f16b607fc61f13f7ba81ecd196,0xbdc218319424944adbeecf9b2f9e41c388e9cd52eefae9e59530eb494f6847fd,24370412636953818631489003868213243104831822119863995605409685322905694997541,24370412636953818631489003868213243104831822119863995605409685322905694997541,lowest-temperature-in-nyc-on-june-21-2026-60-61f,lowest-temperature-in-nyc-on-june-21-2026,Will the lowest temperature in New York City be between 60-61°F on June 21?,Yes,0,BUY,0.008,1.512,0.012096,endpoint_usdcSize,weather,other,false,,,unavailable,entry_candidate,0x594edb9112f526fa6a80b8f858a6379c8a2c1c11|0xbdc218319424944adbeecf9b2f9e41c388e9cd52eefae9e59530eb494f6847fd|24370412636953818631489003868213243104831822119863995605409685322905694997541|Yes,0x594edb9112f526fa6a80b8f858a6379c8a2c1c11|activity_primary|0x58a75321604d16ba725d5f8daab8b6941047e3f16b607fc61f13f7ba81ecd196|0xbdc218319424944adbeecf9b2f9e41c388e9cd52eefae9e59530eb494f6847fd|24370412636953818631489003868213243104831822119863995605409685322905694997541|1782044159|buy|0.008|1.512,2026-06-24T20:54:39+00:00,4c594990e0d692bdced326146b268f19875c2138b927e5efdb1a18dd9cd78f87,e2c10ed41245400b56d747ae94a82fa3a6c1a8e8e8a272e6be31b88159f262fc,wallet_trade_history_v1,none
0x594edb9112f526fa6a80b8f858a6379c8a2c1c11,https://polymarket.com/@0x594edB9112f526Fa6A80b8F858A6379C8A2c1C11,https://data-api.polymarket.com/activity?user=0x594edB9112f526Fa6A80b8F858A6379C8A2c1C11&type=TRADE&limit=100&offset=0&sortBy=TIMESTAMP&sortDirection=DESC,activity_primary,TRADE,1782044159,2026-06-21T12:15:59+00:00,0xc851f67c5bbc10b4cd1172c5ec39506182f231fb11f15ba94031dd840a4537a5,0xbdc218319424944adbeecf9b2f9e41c388e9cd52eefae9e59530eb494f6847fd,24370412636953818631489003868213243104831822119863995605409685322905694997541,24370412636953818631489003868213243104831822119863995605409685322905694997541,lowest-temperature-in-nyc-on-june-21-2026-60-61f,lowest-temperature-in-nyc-on-june-21-2026,Will the lowest temperature in New York City be between 60-61°F on June 21?,Yes,0,BUY,0.008,1.512,0.012096,endpoint_usdcSize,weather,other,false,,,unavailable,entry_candidate,0x594edb9112f526fa6a80b8f858a6379c8a2c1c11|0xbdc218319424944adbeecf9b2f9e41c388e9cd52eefae9e59530eb494f6847fd|24370412636953818631489003868213243104831822119863995605409685322905694997541|Yes,0x594edb9112f526fa6a80b8f858a6379c8a2c1c11|activity_primary|0xc851f67c5bbc10b4cd1172c5ec39506182f231fb11f15ba94031dd840a4537a5|0xbdc218319424944adbeecf9b2f9e41c388e9cd52eefae9e59530eb494f6847fd|24370412636953818631489003868213243104831822119863995605409685322905694997541|1782044159|buy|0.008|1.512,2026-06-24T20:54:39+00:00,f1c4ec0bb99169c47b9170bdb7f0e579677c7ca8f6d87564a8135cb3172afb91,e2c10ed41245400b56d747ae94a82fa3a6c1a8e8e8a272e6be31b88159f262fc,wallet_trade_history_v1,none
0x594edb9112f526fa6a80b8f858a6379c8a2c1c11,https://polymarket.com/@0x594edB9112f526Fa6A80b8F858A6379C8A2c1C11,https://data-api.polymarket.com/activity?user=0x594edB9112f526Fa6A80b8F858A6379C8A2c1C11&type=TRADE&limit=100&offset=0&sortBy=TIMESTAMP&sortDirection=DESC,activity_primary,TRADE,1782044156,2026-06-21T12:15:56+00:00,0x5261478d0f477fb414cb9bf780aec41ea11f88c8e3e408f253e95ede0c40a94a,0xbdc218319424944adbeecf9b2f9e41c388e9cd52eefae9e59530eb494f6847fd,22666965840197437617507758696118759486605695799276784584202895721760123676191,22666965840197437617507758696118759486605695799276784584202895721760123676191,lowest-temperature-in-nyc-on-june-21-2026-60-61f,lowest-temperature-in-nyc-on-june-21-2026,Will the lowest temperature in New York City be between 60-61°F on June 21?,No,1,BUY,0.991,3,2.973,endpoint_usdcSize,weather,other,false,,,unavailable,entry_candidate,0x594edb9112f526fa6a80b8f858a6379c8a2c1c11|0xbdc218319424944adbeecf9b2f9e41c388e9cd52eefae9e59530eb494f6847fd|22666965840197437617507758696118759486605695799276784584202895721760123676191|No,0x594edb9112f526fa6a80b8f858a6379c8a2c1c11|activity_primary|0x5261478d0f477fb414cb9bf780aec41ea11f88c8e3e408f253e95ede0c40a94a|0xbdc218319424944adbeecf9b2f9e41c388e9cd52eefae9e59530eb494f6847fd|22666965840197437617507758696118759486605695799276784584202895721760123676191|1782044156|buy|0.991|3,2026-06-24T20:54:39+00:00,bd76cfbbc8ab088c5df880a3fb1f6d45437a691863740992a7f870fe3c4a1c19,e2c10ed41245400b56d747ae94a82fa3a6c1a8e8e8a272e6be31b88159f262fc,wallet_trade_history_v1,none
0x594edb9112f526fa6a80b8f858a6379c8a2c1c11,https://polymarket.com/@0x594edB9112f526Fa6A80b8F858A6379C8A2c1C11,https://data-api.polymarket.com/activity?user=0x594edB9112f526Fa6A80b8F858A6379C8A2c1C11&type=TRADE&limit=100&offset=0&sortBy=TIMESTAMP&sortDirection=DESC,activity_primary,TRADE,1782044156,2026-06-21T12:15:56+00:00,0x44101c9278be65f665ad026f3fe0f2f03f69371f2893a98a2f67710dd013a91c,0xbdc218319424944adbeecf9b2f9e41c388e9cd52eefae9e59530eb494f6847fd,22666965840197437617507758696118759486605695799276784584202895721760123676191,22666965840197437617507758696118759486605695799276784584202895721760123676191,lowest-temperature-in-nyc-on-june-21-2026-60-61f,lowest-temperature-in-nyc-on-june-21-2026,Will the lowest temperature in New York City be between 60-61°F on June 21?,No,1,BUY,0.991,1.06,1.05046,endpoint_usdcSize,weather,other,false,,,unavailable,entry_candidate,0x594edb9112f526fa6a80b8f858a6379c8a2c1c11|0xbdc218319424944adbeecf9b2f9e41c388e9cd52eefae9e59530eb494f6847fd|22666965840197437617507758696118759486605695799276784584202895721760123676191|No,0x594edb9112f526fa6a80b8f858a6379c8a2c1c11|activity_primary|0x44101c9278be65f665ad026f3fe0f2f03f69371f2893a98a2f67710dd013a91c|0xbdc218319424944adbeecf9b2f9e41c388e9cd52eefae9e59530eb494f6847fd|22666965840197437617507758696118759486605695799276784584202895721760123676191|1782044156|buy|0.991|1.06,2026-06-24T20:54:39+00:00,22208589a1d6177152bb742746d43ceb8b585a5873c9e299cd2d70cc8d2876f4,e2c10ed41245400b56d747ae94a82fa3a6c1a8e8e8a272e6be31b88159f262fc,wallet_trade_history_v1,none
0x594edb9112f526fa6a80b8f858a6379c8a2c1c11,https://polymarket.com/@0x594edB9112f526Fa6A80b8F858A6379C8A2c1C11,https://data-api.polymarket.com/activity?user=0x594edB9112f526Fa6A80b8F858A6379C8A2c1C11&type=TRADE&limit=100&offset=0&sortBy=TIMESTAMP&sortDirection=DESC,activity_primary,TRADE,1782044144,2026-06-21T12:15:44+00:00,0x4c75ab09f7e7aa1ffdd93c1930529b7e489b6cc250b84717b24661f72ad81b43,0xbdc218319424944adbeecf9b2f9e41c388e9cd52eefae9e59530eb494f6847fd,24370412636953818631489003868213243104831822119863995605409685322905694997541,24370412636953818631489003868213243104831822119863995605409685322905694997541,lowest-temperature-in-nyc-on-june-21-2026-60-61f,lowest-temperature-in-nyc-on-june-21-2026,Will the lowest temperature in New York City be between 60-61°F on June 21?,Yes,0,BUY,0.008,0.22,0.00176,endpoint_usdcSize,weather,other,false,,,unavailable,entry_candidate,0x594edb9112f526fa6a80b8f858a6379c8a2c1c11|0xbdc218319424944adbeecf9b2f9e41c388e9cd52eefae9e59530eb494f6847fd|24370412636953818631489003868213243104831822119863995605409685322905694997541|Yes,0x594edb9112f526fa6a80b8f858a6379c8a2c1c11|activity_primary|0x4c75ab09f7e7aa1ffdd93c1930529b7e489b6cc250b84717b24661f72ad81b43|0xbdc218319424944adbeecf9b2f9e41c388e9cd52eefae9e59530eb494f6847fd|24370412636953818631489003868213243104831822119863995605409685322905694997541|1782044144|buy|0.008|0.22,2026-06-24T20:54:39+00:00,ee8af6c07269e2c291ad92c20b38260bdae1d8a9e16754c9e3d3b01c360ab2f1,e2c10ed41245400b56d747ae94a82fa3a6c1a8e8e8a272e6be31b88159f262fc,wallet_trade_history_v1,none
0x594edb9112f526fa6a80b8f858a6379c8a2c1c11,https://polymarket.com/@0x594edB9112f526Fa6A80b8F858A6379C8A2c1C11,https://data-api.polymarket.com/activity?user=0x594edB9112f526Fa6A80b8F858A6379C8A2c1C11&type=TRADE&limit=100&offset=0&sortBy=TIMESTAMP&sortDirection=DESC,activity_primary,TRADE,1782044135,2026-06-21T12:15:35+00:00,0xd3adba5a6391f179c9294dd589502b284b1ebf40ac573287aadc2ba94667d280,0xbdc218319424944adbeecf9b2f9e41c388e9cd52eefae9e59530eb494f6847fd,24370412636953818631489003868213243104831822119863995605409685322905694997541,24370412636953818631489003868213243104831822119863995605409685322905694997541,lowest-temperature-in-nyc-on-june-21-2026-60-61f,lowest-temperature-in-nyc-on-june-21-2026,Will the lowest temperature in New York City be between 60-61°F on June 21?,Yes,0,BUY,0.008,1.512,0.012096,endpoint_usdcSize,weather,other,false,,,unavailable,entry_candidate,0x594edb9112f526fa6a80b8f858a6379c8a2c1c11|0xbdc218319424944adbeecf9b2f9e41c388e9cd52eefae9e59530eb494f6847fd|24370412636953818631489003868213243104831822119863995605409685322905694997541|Yes,0x594edb9112f526fa6a80b8f858a6379c8a2c1c11|activity_primary|0xd3adba5a6391f179c9294dd589502b284b1ebf40ac573287aadc2ba94667d280|0xbdc218319424944adbeecf9b2f9e41c388e9cd52eefae9e59530eb494f6847fd|24370412636953818631489003868213243104831822119863995605409685322905694997541|1782044135|buy|0.008|1.512,2026-06-24T20:54:39+00:00,bf1370935c617d6539cc9ea73226a3dc28c49e8892e06cdb9ea71dd1b9837932,e2c10ed41245400b56d747ae94a82fa3a6c1a8e8e8a272e6be31b88159f262fc,wallet_trade_history_v1,none
0x594edb9112f526fa6a80b8f858a6379c8a2c1c11,https://polymarket.com/@0x594edB9112f526Fa6A80b8F858A6379C8A2c1C11,https://data-api.polymarket.com/activity?user=0x594edB9112f526Fa6A80b8F858A6379C8A2c1C11&type=TRADE&limit=100&offset=0&sortBy=TIMESTAMP&sortDirection=DESC,activity_primary,TRADE,1782044126,2026-06-21T12:15:26+00:00,0x9ee5750476301b644c9340fd3cefbc34a1a738cd122daffcd30e29a673660658,0xbdc218319424944adbeecf9b2f9e41c388e9cd52eefae9e59530eb494f6847fd,24370412636953818631489003868213243104831822119863995605409685322905694997541,24370412636953818631489003868213243104831822119863995605409685322905694997541,lowest-temperature-in-nyc-on-june-21-2026-60-61f,lowest-temperature-in-nyc-on-june-21-2026,Will the lowest temperature in New York City be between 60-61°F on June 21?,Yes,0,BUY,0.008,1.008,0.008064,endpoint_usdcSize,weather,other,false,,,unavailable,entry_candidate,0x594edb9112f526fa6a80b8f858a6379c8a2c1c11|0xbdc218319424944adbeecf9b2f9e41c388e9cd52eefae9e59530eb494f6847fd|24370412636953818631489003868213243104831822119863995605409685322905694997541|Yes,0x594edb9112f526fa6a80b8f858a6379c8a2c1c11|activity_primary|0x9ee5750476301b644c9340fd3cefbc34a1a738cd122daffcd30e29a673660658|0xbdc218319424944adbeecf9b2f9e41c388e9cd52eefae9e59530eb494f6847fd|24370412636953818631489003868213243104831822119863995605409685322905694997541|1782044126|buy|0.008|1.008,2026-06-24T20:54:39+00:00,0a2e65e97b43de9048b012dabce0304fd01a5ef752f125dc67998fed21e5c627,e2c10ed41245400b56d747ae94a82fa3a6c1a8e8e8a272e6be31b88159f262fc,wallet_trade_history_v1,none
0x594edb9112f526fa6a80b8f858a6379c8a2c1c11,https://polymarket.com/@0x594edB9112f526Fa6A80b8F858A6379C8A2c1C11,https://data-api.polymarket.com/activity?user=0x594edB9112f526Fa6A80b8F858A6379C8A2c1C11&type=TRADE&limit=100&offset=0&sortBy=TIMESTAMP&sortDirection=DESC,activity_primary,TRADE,1782044126,2026-06-21T12:15:26+00:00,0x189a0b11d5ada4773daea22b68a85742b3373444e94bf52841935551fda87fe6,0xbdc218319424944adbeecf9b2f9e41c388e9cd52eefae9e59530eb494f6847fd,24370412636953818631489003868213243104831822119863995605409685322905694997541,24370412636953818631489003868213243104831822119863995605409685322905694997541,lowest-temperature-in-nyc-on-june-21-2026-60-61f,lowest-temperature-in-nyc-on-june-21-2026,Will the lowest temperature in New York City be between 60-61°F on June 21?,Yes,0,BUY,0.008,5.85675,0.046854,endpoint_usdcSize,weather,other,false,,,unavailable,entry_candidate,0x594edb9112f526fa6a80b8f858a6379c8a2c1c11|0xbdc218319424944adbeecf9b2f9e41c388e9cd52eefae9e59530eb494f6847fd|24370412636953818631489003868213243104831822119863995605409685322905694997541|Yes,0x594edb9112f526fa6a80b8f858a6379c8a2c1c11|activity_primary|0x189a0b11d5ada4773daea22b68a85742b3373444e94bf52841935551fda87fe6|0xbdc218319424944adbeecf9b2f9e41c388e9cd52eefae9e59530eb494f6847fd|24370412636953818631489003868213243104831822119863995605409685322905694997541|1782044126|buy|0.008|5.85675,2026-06-24T20:54:39+00:00,85ca86d01937c1acdc30a001527f71997c709a45d6a27103eb6571e94d949700,e2c10ed41245400b56d747ae94a82fa3a6c1a8e8e8a272e6be31b88159f262fc,wallet_trade_history_v1,none
0x594edb9112f526fa6a80b8f858a6379c8a2c1c11,https://polymarket.com/@0x594edB9112f526Fa6A80b8F858A6379C8A2c1C11,https://data-api.polymarket.com/activity?user=0x594edB9112f526Fa6A80b8F858A6379C8A2c1C11&type=TRADE&limit=100&offset=0&sortBy=TIMESTAMP&sortDirection=DESC,activity_primary,TRADE,1782044126,2026-06-21T12:15:26+00:00,0x6fa00078239ef0659b0913adbd65cbe471ca1768824c67065124ae9d4520fb7b,0xbdc218319424944adbeecf9b2f9e41c388e9cd52eefae9e59530eb494f6847fd,24370412636953818631489003868213243104831822119863995605409685322905694997541,24370412636953818631489003868213243104831822119863995605409685322905694997541,lowest-temperature-in-nyc-on-june-21-2026-60-61f,lowest-temperature-in-nyc-on-june-21-2026,Will the lowest temperature in New York City be between 60-61°F on June 21?,Yes,0,BUY,0.008,1.16925,0.009354,endpoint_usdcSize,weather,other,false,,,unavailable,entry_candidate,0x594edb9112f526fa6a80b8f858a6379c8a2c1c11|0xbdc218319424944adbeecf9b2f9e41c388e9cd52eefae9e59530eb494f6847fd|24370412636953818631489003868213243104831822119863995605409685322905694997541|Yes,0x594edb9112f526fa6a80b8f858a6379c8a2c1c11|activity_primary|0x6fa00078239ef0659b0913adbd65cbe471ca1768824c67065124ae9d4520fb7b|0xbdc218319424944adbeecf9b2f9e41c388e9cd52eefae9e59530eb494f6847fd|24370412636953818631489003868213243104831822119863995605409685322905694997541|1782044126|buy|0.008|1.16925,2026-06-24T20:54:39+00:00,c35530ff0d6a638e2f8f9c0e1eb6018dafa6da5b8636ef361a57198648fcbbcf,e2c10ed41245400b56d747ae94a82fa3a6c1a8e8e8a272e6be31b88159f262fc,wallet_trade_history_v1,none
0x594edb9112f526fa6a80b8f858a6379c8a2c1c11,https://polymarket.com/@0x594edB9112f526Fa6A80b8F858A6379C8A2c1C11,https://data-api.polymarket.com/activity?user=0x594edB9112f526Fa6A80b8F858A6379C8A2c1C11&type=TRADE&limit=100&offset=0&sortBy=TIMESTAMP&sortDirection=DESC,activity_primary,TRADE,1782044126,2026-06-21T12:15:26+00:00,0x825a7886e6fc8a363405d5d565b45b2c6d1d359a8d87cf739f729c011bb1445c,0xbdc218319424944adbeecf9b2f9e41c388e9cd52eefae9e59530eb494f6847fd,24370412636953818631489003868213243104831822119863995605409685322905694997541,24370412636953818631489003868213243104831822119863995605409685322905694997541,lowest-temperature-in-nyc-on-june-21-2026-60-61f,lowest-temperature-in-nyc-on-june-21-2026,Will the lowest temperature in New York City be between 60-61°F on June 21?,Yes,0,BUY,0.008,30.24,0.24192,endpoint_usdcSize,weather,other,false,,,unavailable,entry_candidate,0x594edb9112f526fa6a80b8f858a6379c8a2c1c11|0xbdc218319424944adbeecf9b2f9e41c388e9cd52eefae9e59530eb494f6847fd|24370412636953818631489003868213243104831822119863995605409685322905694997541|Yes,0x594edb9112f526fa6a80b8f858a6379c8a2c1c11|activity_primary|0x825a7886e6fc8a363405d5d565b45b2c6d1d359a8d87cf739f729c011bb1445c|0xbdc218319424944adbeecf9b2f9e41c388e9cd52eefae9e59530eb494f6847fd|24370412636953818631489003868213243104831822119863995605409685322905694997541|1782044126|buy|0.008|30.24,2026-06-24T20:54:39+00:00,e7a5bb76cdac6de88e30f75600e466be4da7792e9cf561497d976b9a8186b97d,e2c10ed41245400b56d747ae94a82fa3a6c1a8e8e8a272e6be31b88159f262fc,wallet_trade_history_v1,none
0x594edb9112f526fa6a80b8f858a6379c8a2c1c11,https://polymarket.com/@0x594edB9112f526Fa6A80b8F858A6379C8A2c1C11,https://data-api.polymarket.com/activity?user=0x594edB9112f526Fa6A80b8F858A6379C8A2c1C11&type=TRADE&limit=100&offset=0&sortBy=TIMESTAMP&sortDirection=DESC,activity_primary,TRADE,1782044126,2026-06-21T12:15:26+00:00,0xceb1aa33c2dc27d7dbdd34c4749cf6fae0285ed644d9f70340ee0fc6a9f7a880,0xbdc218319424944adbeecf9b2f9e41c388e9cd52eefae9e59530eb494f6847fd,22666965840197437617507758696118759486605695799276784584202895721760123676191,22666965840197437617507758696118759486605695799276784584202895721760123676191,lowest-temperature-in-nyc-on-june-21-2026-60-61f,lowest-temperature-in-nyc-on-june-21-2026,Will the lowest temperature in New York City be between 60-61°F on June 21?,No,1,BUY,0.9910000084369669,117.222221,116.167222,endpoint_usdcSize,weather,other,false,,,unavailable,entry_candidate,0x594edb9112f526fa6a80b8f858a6379c8a2c1c11|0xbdc218319424944adbeecf9b2f9e41c388e9cd52eefae9e59530eb494f6847fd|22666965840197437617507758696118759486605695799276784584202895721760123676191|No,0x594edb9112f526fa6a80b8f858a6379c8a2c1c11|activity_primary|0xceb1aa33c2dc27d7dbdd34c4749cf6fae0285ed644d9f70340ee0fc6a9f7a880|0xbdc218319424944adbeecf9b2f9e41c388e9cd52eefae9e59530eb494f6847fd|22666965840197437617507758696118759486605695799276784584202895721760123676191|1782044126|buy|0.9910000084369669|117.222221,2026-06-24T20:54:39+00:00,e5e91e1b5ce025d61ec5f02f1b30430cdf32d868b828a43cf93f3dd5bc2415c8,e2c10ed41245400b56d747ae94a82fa3a6c1a8e8e8a272e6be31b88159f262fc,wallet_trade_history_v1,none
0x594edb9112f526fa6a80b8f858a6379c8a2c1c11,https://polymarket.com/@0x594edB9112f526Fa6A80b8F858A6379C8A2c1C11,https://data-api.polymarket.com/activity?user=0x594edB9112f526Fa6A80b8F858A6379C8A2c1C11&type=TRADE&limit=100&offset=0&sortBy=TIMESTAMP&sortDirection=DESC,activity_primary,TRADE,1782044126,2026-06-21T12:15:26+00:00,0xf631dcf3886b3cf5a68502e378c2c06fa696c6794b11a4607522608bf0224a7e,0xbdc218319424944adbeecf9b2f9e41c388e9cd52eefae9e59530eb494f6847fd,24370412636953818631489003868213243104831822119863995605409685322905694997541,24370412636953818631489003868213243104831822119863995605409685322905694997541,lowest-temperature-in-nyc-on-june-21-2026-60-61f,lowest-temperature-in-nyc-on-june-21-2026,Will the lowest temperature in New York City be between 60-61°F on June 21?,Yes,0,BUY,0.008,3.004,0.024032,endpoint_usdcSize,weather,other,false,,,unavailable,entry_candidate,0x594edb9112f526fa6a80b8f858a6379c8a2c1c11|0xbdc218319424944adbeecf9b2f9e41c388e9cd52eefae9e59530eb494f6847fd|24370412636953818631489003868213243104831822119863995605409685322905694997541|Yes,0x594edb9112f526fa6a80b8f858a6379c8a2c1c11|activity_primary|0xf631dcf3886b3cf5a68502e378c2c06fa696c6794b11a4607522608bf0224a7e|0xbdc218319424944adbeecf9b2f9e41c388e9cd52eefae9e59530eb494f6847fd|24370412636953818631489003868213243104831822119863995605409685322905694997541|1782044126|buy|0.008|3.004,2026-06-24T20:54:39+00:00,0d96a9dfef5fe32aad758507552bda7f384346cd27bffb24fb57e2d3e18cee36,e2c10ed41245400b56d747ae94a82fa3a6c1a8e8e8a272e6be31b88159f262fc,wallet_trade_history_v1,none
0x594edb9112f526fa6a80b8f858a6379c8a2c1c11,https://polymarket.com/@0x594edB9112f526Fa6A80b8F858A6379C8A2c1C11,https://data-api.polymarket.com/activity?user=0x594edB9112f526Fa6A80b8F858A6379C8A2c1C11&type=TRADE&limit=100&offset=0&sortBy=TIMESTAMP&sortDirection=DESC,activity_primary,TRADE,1782044125,2026-06-21T12:15:25+00:00,0x209f67cec865aee020936c8156594071fd4f9d33ca746ed4baa29d00431661c3,0xbdc218319424944adbeecf9b2f9e41c388e9cd52eefae9e59530eb494f6847fd,24370412636953818631489003868213243104831822119863995605409685322905694997541,24370412636953818631489003868213243104831822119863995605409685322905694997541,lowest-temperature-in-nyc-on-june-21-2026-60-61f,lowest-temperature-in-nyc-on-june-21-2026,Will the lowest temperature in New York City be between 60-61°F on June 21?,Yes,0,BUY,0.008,10.56,0.08867,endpoint_usdcSize,weather,other,false,,,unavailable,entry_candidate,0x594edb9112f526fa6a80b8f858a6379c8a2c1c11|0xbdc218319424944adbeecf9b2f9e41c388e9cd52eefae9e59530eb494f6847fd|24370412636953818631489003868213243104831822119863995605409685322905694997541|Yes,0x594edb9112f526fa6a80b8f858a6379c8a2c1c11|activity_primary|0x209f67cec865aee020936c8156594071fd4f9d33ca746ed4baa29d00431661c3|0xbdc218319424944adbeecf9b2f9e41c388e9cd52eefae9e59530eb494f6847fd|24370412636953818631489003868213243104831822119863995605409685322905694997541|1782044125|buy|0.008|10.56,2026-06-24T20:54:39+00:00,09129ccd5d25db8c2d29be3e926363e079c4fe2a44940ff3ef5a4bc7c70a8edc,e2c10ed41245400b56d747ae94a82fa3a6c1a8e8e8a272e6be31b88159f262fc,wallet_trade_history_v1,none
0x594edb9112f526fa6a80b8f858a6379c8a2c1c11,https://polymarket.com/@0x594edB9112f526Fa6A80b8F858A6379C8A2c1C11,https://data-api.polymarket.com/activity?user=0x594edB9112f526Fa6A80b8F858A6379C8A2c1C11&type=TRADE&limit=100&offset=0&sortBy=TIMESTAMP&sortDirection=DESC,activity_primary,TRADE,1782044023,2026-06-21T12:13:43+00:00,0x39b48d643b00cac95bf0506ef85659ab9367453b7f99bca28c5c21cf0e2a80fe,0x24f3ed19366f1c7c52cc19506e21ffe17a4a3f1080d0c127d3ea63451d401715,18461606518175740499810338649775757036755546525746499573273632990435469227329,18461606518175740499810338649775757036755546525746499573273632990435469227329,lowest-temperature-in-nyc-on-june-21-2026-72-73f,lowest-temperature-in-nyc-on-june-21-2026,Will the lowest temperature in New York City be between 72-73°F on June 21?,Yes,0,BUY,0.007,3.001,0.021007,endpoint_usdcSize,weather,other,false,,,unavailable,entry_candidate,0x594edb9112f526fa6a80b8f858a6379c8a2c1c11|0x24f3ed19366f1c7c52cc19506e21ffe17a4a3f1080d0c127d3ea63451d401715|18461606518175740499810338649775757036755546525746499573273632990435469227329|Yes,0x594edb9112f526fa6a80b8f858a6379c8a2c1c11|activity_primary|0x39b48d643b00cac95bf0506ef85659ab9367453b7f99bca28c5c21cf0e2a80fe|0x24f3ed19366f1c7c52cc19506e21ffe17a4a3f1080d0c127d3ea63451d401715|18461606518175740499810338649775757036755546525746499573273632990435469227329|1782044023|buy|0.007|3.001,2026-06-24T20:54:39+00:00,1512cbba0a766097446de697947f313c47346c453830080506e35abf9359f07b,e2c10ed41245400b56d747ae94a82fa3a6c1a8e8e8a272e6be31b88159f262fc,wallet_trade_history_v1,none
0x594edb9112f526fa6a80b8f858a6379c8a2c1c11,https://polymarket.com/@0x594edB9112f526Fa6A80b8F858A6379C8A2c1C11,https://data-api.polymarket.com/activity?user=0x594edB9112f526Fa6A80b8F858A6379C8A2c1C11&type=TRADE&limit=100&offset=0&sortBy=TIMESTAMP&sortDirection=DESC,activity_primary,TRADE,1782044023,2026-06-21T12:13:43+00:00,0xc82b7736c761c201a22aaeaaefae030c5bc0a6bd651170bccd67e2122de6f36f,0x24f3ed19366f1c7c52cc19506e21ffe17a4a3f1080d0c127d3ea63451d401715,18461606518175740499810338649775757036755546525746499573273632990435469227329,18461606518175740499810338649775757036755546525746499573273632990435469227329,lowest-temperature-in-nyc-on-june-21-2026-72-73f,lowest-temperature-in-nyc-on-june-21-2026,Will the lowest temperature in New York City be between 72-73°F on June 21?,Yes,0,BUY,0.007,1.873,0.013111,endpoint_usdcSize,weather,other,false,,,unavailable,entry_candidate,0x594edb9112f526fa6a80b8f858a6379c8a2c1c11|0x24f3ed19366f1c7c52cc19506e21ffe17a4a3f1080d0c127d3ea63451d401715|18461606518175740499810338649775757036755546525746499573273632990435469227329|Yes,0x594edb9112f526fa6a80b8f858a6379c8a2c1c11|activity_primary|0xc82b7736c761c201a22aaeaaefae030c5bc0a6bd651170bccd67e2122de6f36f|0x24f3ed19366f1c7c52cc19506e21ffe17a4a3f1080d0c127d3ea63451d401715|18461606518175740499810338649775757036755546525746499573273632990435469227329|1782044023|buy|0.007|1.873,2026-06-24T20:54:39+00:00,f968e9b0a259a24b1ff236da6eaf6713f30b8abf1106d8a5b1cb3315830b2fe1,e2c10ed41245400b56d747ae94a82fa3a6c1a8e8e8a272e6be31b88159f262fc,wallet_trade_history_v1,none
0x594edb9112f526fa6a80b8f858a6379c8a2c1c11,https://polymarket.com/@0x594edB9112f526Fa6A80b8F858A6379C8A2c1C11,https://data-api.polymarket.com/activity?user=0x594edB9112f526Fa6A80b8F858A6379C8A2c1C11&type=TRADE&limit=100&offset=0&sortBy=TIMESTAMP&sortDirection=DESC,activity_primary,TRADE,1782044023,2026-06-21T12:13:43+00:00,0x76e10f033c076a035fe9bf583747baa06ff471c3d810464a01148ad6ed6194c4,0x24f3ed19366f1c7c52cc19506e21ffe17a4a3f1080d0c127d3ea63451d401715,31430364850864908418200780039082891631196867086863095952432440360738147303870,31430364850864908418200780039082891631196867086863095952432440360738147303870,lowest-temperature-in-nyc-on-june-21-2026-72-73f,lowest-temperature-in-nyc-on-june-21-2026,Will the lowest temperature in New York City be between 72-73°F on June 21?,No,1,BUY,0.992,187.5,186,endpoint_usdcSize,weather,other,false,,,unavailable,entry_candidate,0x594edb9112f526fa6a80b8f858a6379c8a2c1c11|0x24f3ed19366f1c7c52cc19506e21ffe17a4a3f1080d0c127d3ea63451d401715|31430364850864908418200780039082891631196867086863095952432440360738147303870|No,0x594edb9112f526fa6a80b8f858a6379c8a2c1c11|activity_primary|0x76e10f033c076a035fe9bf583747baa06ff471c3d810464a01148ad6ed6194c4|0x24f3ed19366f1c7c52cc19506e21ffe17a4a3f1080d0c127d3ea63451d401715|31430364850864908418200780039082891631196867086863095952432440360738147303870|1782044023|buy|0.992|187.5,2026-06-24T20:54:39+00:00,dc96ad25bc0ce84c5b48912e1a53cb173548caf671d15eddb86648c57962c8c9,e2c10ed41245400b56d747ae94a82fa3a6c1a8e8e8a272e6be31b88159f262fc,wallet_trade_history_v1,none
0x594edb9112f526fa6a80b8f858a6379c8a2c1c11,https://polymarket.com/@0x594edB9112f526Fa6A80b8F858A6379C8A2c1C11,https://data-api.polymarket.com/activity?user=0x594edB9112f526Fa6A80b8F858A6379C8A2c1C11&type=TRADE&limit=100&offset=0&sortBy=TIMESTAMP&sortDirection=DESC,activity_primary,TRADE,1782044023,2026-06-21T12:13:43+00:00,0xb4673864c8a5b4f1afbdd4887615b0280e7021f46b4bede95199fdce47565571,0x24f3ed19366f1c7c52cc19506e21ffe17a4a3f1080d0c127d3ea63451d401715,18461606518175740499810338649775757036755546525746499573273632990435469227329,18461606518175740499810338649775757036755546525746499573273632990435469227329,lowest-temperature-in-nyc-on-june-21-2026-72-73f,lowest-temperature-in-nyc-on-june-21-2026,Will the lowest temperature in New York City be between 72-73°F on June 21?,Yes,0,BUY,0.007,30.21,0.21147,endpoint_usdcSize,weather,other,false,,,unavailable,entry_candidate,0x594edb9112f526fa6a80b8f858a6379c8a2c1c11|0x24f3ed19366f1c7c52cc19506e21ffe17a4a3f1080d0c127d3ea63451d401715|18461606518175740499810338649775757036755546525746499573273632990435469227329|Yes,0x594edb9112f526fa6a80b8f858a6379c8a2c1c11|activity_primary|0xb4673864c8a5b4f1afbdd4887615b0280e7021f46b4bede95199fdce47565571|0x24f3ed19366f1c7c52cc19506e21ffe17a4a3f1080d0c127d3ea63451d401715|18461606518175740499810338649775757036755546525746499573273632990435469227329|1782044023|buy|0.007|30.21,2026-06-24T20:54:39+00:00,25456a4f3bd43b3eb895671858736ceaad8d1058f179b40757a5515599647bc2,e2c10ed41245400b56d747ae94a82fa3a6c1a8e8e8a272e6be31b88159f262fc,wallet_trade_history_v1,none
0x594edb9112f526fa6a80b8f858a6379c8a2c1c11,https://polymarket.com/@0x594edB9112f526Fa6A80b8F858A6379C8A2c1C11,https://data-api.polymarket.com/activity?user=0x594edB9112f526Fa6A80b8F858A6379C8A2c1C11&type=TRADE&limit=100&offset=0&sortBy=TIMESTAMP&sortDirection=DESC,activity_primary,TRADE,1782044023,2026-06-21T12:13:43+00:00,0xfaa8d6e1fdf19a71017047939f6f2c63dbd075332dc81d940d15cc4567ac6055,0x24f3ed19366f1c7c52cc19506e21ffe17a4a3f1080d0c127d3ea63451d401715,18461606518175740499810338649775757036755546525746499573273632990435469227329,18461606518175740499810338649775757036755546525746499573273632990435469227329,lowest-temperature-in-nyc-on-june-21-2026-72-73f,lowest-temperature-in-nyc-on-june-21-2026,Will the lowest temperature in New York City be between 72-73°F on June 21?,Yes,0,BUY,0.007,1.9,0.0133,endpoint_usdcSize,weather,other,false,,,unavailable,entry_candidate,0x594edb9112f526fa6a80b8f858a6379c8a2c1c11|0x24f3ed19366f1c7c52cc19506e21ffe17a4a3f1080d0c127d3ea63451d401715|18461606518175740499810338649775757036755546525746499573273632990435469227329|Yes,0x594edb9112f526fa6a80b8f858a6379c8a2c1c11|activity_primary|0xfaa8d6e1fdf19a71017047939f6f2c63dbd075332dc81d940d15cc4567ac6055|0x24f3ed19366f1c7c52cc19506e21ffe17a4a3f1080d0c127d3ea63451d401715|18461606518175740499810338649775757036755546525746499573273632990435469227329|1782044023|buy|0.007|1.9,2026-06-24T20:54:39+00:00,71dc6a8e3db70adcf5f3906a7d20c57e649f0d8eb37cc776d589f3b79c0e0a10,e2c10ed41245400b56d747ae94a82fa3a6c1a8e8e8a272e6be31b88159f262fc,wallet_trade_history_v1,none
0x594edb9112f526fa6a80b8f858a6379c8a2c1c11,https://polymarket.com/@0x594edB9112f526Fa6A80b8F858A6379C8A2c1C11,https://data-api.polymarket.com/activity?user=0x594edB9112f526Fa6A80b8F858A6379C8A2c1C11&type=TRADE&limit=100&offset=0&sortBy=TIMESTAMP&sortDirection=DESC,activity_primary,TRADE,1782044023,2026-06-21T12:13:43+00:00,0x089a1c7ec5145c798590b9cac6a2ec2401679ff4dc1f1e1d014b658f59792c7e,0x24f3ed19366f1c7c52cc19506e21ffe17a4a3f1080d0c127d3ea63451d401715,18461606518175740499810338649775757036755546525746499573273632990435469227329,18461606518175740499810338649775757036755546525746499573273632990435469227329,lowest-temperature-in-nyc-on-june-21-2026-72-73f,lowest-temperature-in-nyc-on-june-21-2026,Will the lowest temperature in New York City be between 72-73°F on June 21?,Yes,0,BUY,0.007000000191145856,20.926428,0.146485,endpoint_usdcSize,weather,other,false,,,unavailable,entry_candidate,0x594edb9112f526fa6a80b8f858a6379c8a2c1c11|0x24f3ed19366f1c7c52cc19506e21ffe17a4a3f1080d0c127d3ea63451d401715|18461606518175740499810338649775757036755546525746499573273632990435469227329|Yes,0x594edb9112f526fa6a80b8f858a6379c8a2c1c11|activity_primary|0x089a1c7ec5145c798590b9cac6a2ec2401679ff4dc1f1e1d014b658f59792c7e|0x24f3ed19366f1c7c52cc19506e21ffe17a4a3f1080d0c127d3ea63451d401715|18461606518175740499810338649775757036755546525746499573273632990435469227329|1782044023|buy|0.007000000191145856|20.926428,2026-06-24T20:54:39+00:00,3a3a0cfce01430840a92635932d54aedfbe6a8a23298de3c798dd4f59f72f19e,e2c10ed41245400b56d747ae94a82fa3a6c1a8e8e8a272e6be31b88159f262fc,wallet_trade_history_v1,none
0x594edb9112f526fa6a80b8f858a6379c8a2c1c11,https://polymarket.com/@0x594edB9112f526Fa6A80b8F858A6379C8A2c1C11,https://data-api.polymarket.com/activity?user=0x594edB9112f526Fa6A80b8F858A6379C8A2c1C11&type=TRADE&limit=100&offset=0&sortBy=TIMESTAMP&sortDirection=DESC,activity_primary,TRADE,1782044023,2026-06-21T12:13:43+00:00,0x7871d2bcaa6162ff60fc4a9b82d261695e5f74b87bddd156e542c3eb804fd5b0,0x24f3ed19366f1c7c52cc19506e21ffe17a4a3f1080d0c127d3ea63451d401715,18461606518175740499810338649775757036755546525746499573273632990435469227329,18461606518175740499810338649775757036755546525746499573273632990435469227329,lowest-temperature-in-nyc-on-june-21-2026-72-73f,lowest-temperature-in-nyc-on-june-21-2026,Will the lowest temperature in New York City be between 72-73°F on June 21?,Yes,0,BUY,0.007,3.001,0.021007,endpoint_usdcSize,weather,other,false,,,unavailable,entry_candidate,0x594edb9112f526fa6a80b8f858a6379c8a2c1c11|0x24f3ed19366f1c7c52cc19506e21ffe17a4a3f1080d0c127d3ea63451d401715|18461606518175740499810338649775757036755546525746499573273632990435469227329|Yes,0x594edb9112f526fa6a80b8f858a6379c8a2c1c11|activity_primary|0x7871d2bcaa6162ff60fc4a9b82d261695e5f74b87bddd156e542c3eb804fd5b0|0x24f3ed19366f1c7c52cc19506e21ffe17a4a3f1080d0c127d3ea63451d401715|18461606518175740499810338649775757036755546525746499573273632990435469227329|1782044023|buy|0.007|3.001,2026-06-24T20:54:39+00:00,002d83659adde44b892060dc579fe60a1bc269de34b268366d276cd4f929acef,e2c10ed41245400b56d747ae94a82fa3a6c1a8e8e8a272e6be31b88159f262fc,wallet_trade_history_v1,none
0x594edb9112f526fa6a80b8f858a6379c8a2c1c11,https://polymarket.com/@0x594edB9112f526Fa6A80b8F858A6379C8A2c1C11,https://data-api.polymarket.com/activity?user=0x594edB9112f526Fa6A80b8F858A6379C8A2c1C11&type=TRADE&limit=100&offset=0&sortBy=TIMESTAMP&sortDirection=DESC,activity_primary,TRADE,1782044023,2026-06-21T12:13:43+00:00,0x923227caa0ad78f5873ded3a172dad6501c5ce6d8c32d7dbfebbb446c5152b85,0x24f3ed19366f1c7c52cc19506e21ffe17a4a3f1080d0c127d3ea63451d401715,18461606518175740499810338649775757036755546525746499573273632990435469227329,18461606518175740499810338649775757036755546525746499573273632990435469227329,lowest-temperature-in-nyc-on-june-21-2026-72-73f,lowest-temperature-in-nyc-on-june-21-2026,Will the lowest temperature in New York City be between 72-73°F on June 21?,Yes,0,BUY,0.007000000427102744,9.365428,0.065558,endpoint_usdcSize,weather,other,false,,,unavailable,entry_candidate,0x594edb9112f526fa6a80b8f858a6379c8a2c1c11|0x24f3ed19366f1c7c52cc19506e21ffe17a4a3f1080d0c127d3ea63451d401715|18461606518175740499810338649775757036755546525746499573273632990435469227329|Yes,0x594edb9112f526fa6a80b8f858a6379c8a2c1c11|activity_primary|0x923227caa0ad78f5873ded3a172dad6501c5ce6d8c32d7dbfebbb446c5152b85|0x24f3ed19366f1c7c52cc19506e21ffe17a4a3f1080d0c127d3ea63451d401715|18461606518175740499810338649775757036755546525746499573273632990435469227329|1782044023|buy|0.007000000427102744|9.365428,2026-06-24T20:54:39+00:00,0af8a7c53cfee2b846644c87cd81f83225f6c0e3ee7e2eef88a5cfc1a382ecb4,e2c10ed41245400b56d747ae94a82fa3a6c1a8e8e8a272e6be31b88159f262fc,wallet_trade_history_v1,none
0x594edb9112f526fa6a80b8f858a6379c8a2c1c11,https://polymarket.com/@0x594edB9112f526Fa6A80b8F858A6379C8A2c1C11,https://data-api.polymarket.com/activity?user=0x594edB9112f526Fa6A80b8F858A6379C8A2c1C11&type=TRADE&limit=100&offset=0&sortBy=TIMESTAMP&sortDirection=DESC,activity_primary,TRADE,1782044021,2026-06-21T12:13:41+00:00,0xd53325dcd0b5ccfc681eb52e3a63978479334f29d99a81382e8db36bbf0140e3,0x24f3ed19366f1c7c52cc19506e21ffe17a4a3f1080d0c127d3ea63451d401715,18461606518175740499810338649775757036755546525746499573273632990435469227329,18461606518175740499810338649775757036755546525746499573273632990435469227329,lowest-temperature-in-nyc-on-june-21-2026-72-73f,lowest-temperature-in-nyc-on-june-21-2026,Will the lowest temperature in New York City be between 72-73°F on June 21?,Yes,0,BUY,0.007,6.868,0.048076,endpoint_usdcSize,weather,other,false,,,unavailable,entry_candidate,0x594edb9112f526fa6a80b8f858a6379c8a2c1c11|0x24f3ed19366f1c7c52cc19506e21ffe17a4a3f1080d0c127d3ea63451d401715|18461606518175740499810338649775757036755546525746499573273632990435469227329|Yes,0x594edb9112f526fa6a80b8f858a6379c8a2c1c11|activity_primary|0xd53325dcd0b5ccfc681eb52e3a63978479334f29d99a81382e8db36bbf0140e3|0x24f3ed19366f1c7c52cc19506e21ffe17a4a3f1080d0c127d3ea63451d401715|18461606518175740499810338649775757036755546525746499573273632990435469227329|1782044021|buy|0.007|6.868,2026-06-24T20:54:39+00:00,ec07dde1a70d641e7310d28d50631dc1a29ef30f268a98b5a182199e61e10083,e2c10ed41245400b56d747ae94a82fa3a6c1a8e8e8a272e6be31b88159f262fc,wallet_trade_history_v1,none
0x594edb9112f526fa6a80b8f858a6379c8a2c1c11,https://polymarket.com/@0x594edB9112f526Fa6A80b8F858A6379C8A2c1C11,https://data-api.polymarket.com/activity?user=0x594edB9112f526Fa6A80b8F858A6379C8A2c1C11&type=TRADE&limit=100&offset=0&sortBy=TIMESTAMP&sortDirection=DESC,activity_primary,TRADE,1782044021,2026-06-21T12:13:41+00:00,0x1131b06148daf1c01008a40087513fdad4ea674c176ebe33f579596117e75790,0x24f3ed19366f1c7c52cc19506e21ffe17a4a3f1080d0c127d3ea63451d401715,18461606518175740499810338649775757036755546525746499573273632990435469227329,18461606518175740499810338649775757036755546525746499573273632990435469227329,lowest-temperature-in-nyc-on-june-21-2026-72-73f,lowest-temperature-in-nyc-on-june-21-2026,Will the lowest temperature in New York City be between 72-73°F on June 21?,Yes,0,BUY,0.007000000397202582,10.070428,0.070493,endpoint_usdcSize,weather,other,false,,,unavailable,entry_candidate,0x594edb9112f526fa6a80b8f858a6379c8a2c1c11|0x24f3ed19366f1c7c52cc19506e21ffe17a4a3f1080d0c127d3ea63451d401715|18461606518175740499810338649775757036755546525746499573273632990435469227329|Yes,0x594edb9112f526fa6a80b8f858a6379c8a2c1c11|activity_primary|0x1131b06148daf1c01008a40087513fdad4ea674c176ebe33f579596117e75790|0x24f3ed19366f1c7c52cc19506e21ffe17a4a3f1080d0c127d3ea63451d401715|18461606518175740499810338649775757036755546525746499573273632990435469227329|1782044021|buy|0.007000000397202582|10.070428,2026-06-24T20:54:39+00:00,89098c3c967172c4dd871d130df3fd3d58bbde541defb103ae5f5f734bf1b290,e2c10ed41245400b56d747ae94a82fa3a6c1a8e8e8a272e6be31b88159f262fc,wallet_trade_history_v1,none
0x594edb9112f526fa6a80b8f858a6379c8a2c1c11,https://polymarket.com/@0x594edB9112f526Fa6A80b8F858A6379C8A2c1C11,https://data-api.polymarket.com/activity?user=0x594edB9112f526Fa6A80b8F858A6379C8A2c1C11&type=TRADE&limit=100&offset=0&sortBy=TIMESTAMP&sortDirection=DESC,activity_primary,TRADE,1782044021,2026-06-21T12:13:41+00:00,0xb6d0516295f544306c3b542f3e70b1bd8433a1027cd86b431313344496193658,0x24f3ed19366f1c7c52cc19506e21ffe17a4a3f1080d0c127d3ea63451d401715,18461606518175740499810338649775757036755546525746499573273632990435469227329,18461606518175740499810338649775757036755546525746499573273632990435469227329,lowest-temperature-in-nyc-on-june-21-2026-72-73f,lowest-temperature-in-nyc-on-june-21-2026,Will the lowest temperature in New York City be between 72-73°F on June 21?,Yes,0,BUY,0.007000002190466942,2.739142,0.019174,endpoint_usdcSize,weather,other,false,,,unavailable,entry_candidate,0x594edb9112f526fa6a80b8f858a6379c8a2c1c11|0x24f3ed19366f1c7c52cc19506e21ffe17a4a3f1080d0c127d3ea63451d401715|18461606518175740499810338649775757036755546525746499573273632990435469227329|Yes,0x594edb9112f526fa6a80b8f858a6379c8a2c1c11|activity_primary|0xb6d0516295f544306c3b542f3e70b1bd8433a1027cd86b431313344496193658|0x24f3ed19366f1c7c52cc19506e21ffe17a4a3f1080d0c127d3ea63451d401715|18461606518175740499810338649775757036755546525746499573273632990435469227329|1782044021|buy|0.007000002190466942|2.739142,2026-06-24T20:54:39+00:00,18646764662c4fb695e58c668fb20ca2ba6fbe7fb7a33892b843ae01e6442b60,e2c10ed41245400b56d747ae94a82fa3a6c1a8e8e8a272e6be31b88159f262fc,wallet_trade_history_v1,none
0x594edb9112f526fa6a80b8f858a6379c8a2c1c11,https://polymarket.com/@0x594edB9112f526Fa6A80b8F858A6379C8A2c1C11,https://data-api.polymarket.com/activity?user=0x594edB9112f526Fa6A80b8F858A6379C8A2c1C11&type=TRADE&limit=100&offset=0&sortBy=TIMESTAMP&sortDirection=DESC,activity_primary,TRADE,1782044021,2026-06-21T12:13:41+00:00,0xb9157ea9fade0cfbe3c6aaf8568c865dd7e1620ca5917e49e4fde1be41d26059,0x24f3ed19366f1c7c52cc19506e21ffe17a4a3f1080d0c127d3ea63451d401715,18461606518175740499810338649775757036755546525746499573273632990435469227329,18461606518175740499810338649775757036755546525746499573273632990435469227329,lowest-temperature-in-nyc-on-june-21-2026-72-73f,lowest-temperature-in-nyc-on-june-21-2026,Will the lowest temperature in New York City be between 72-73°F on June 21?,Yes,0,BUY,0.007,10,0.07,endpoint_usdcSize,weather,other,false,,,unavailable,entry_candidate,0x594edb9112f526fa6a80b8f858a6379c8a2c1c11|0x24f3ed19366f1c7c52cc19506e21ffe17a4a3f1080d0c127d3ea63451d401715|18461606518175740499810338649775757036755546525746499573273632990435469227329|Yes,0x594edb9112f526fa6a80b8f858a6379c8a2c1c11|activity_primary|0xb9157ea9fade0cfbe3c6aaf8568c865dd7e1620ca5917e49e4fde1be41d26059|0x24f3ed19366f1c7c52cc19506e21ffe17a4a3f1080d0c127d3ea63451d401715|18461606518175740499810338649775757036755546525746499573273632990435469227329|1782044021|buy|0.007|10,2026-06-24T20:54:39+00:00,2bf43732e5ef532bd5ccb0ddb632cabc217d4eb7b48c3af6cb7ac26cdef300ef,e2c10ed41245400b56d747ae94a82fa3a6c1a8e8e8a272e6be31b88159f262fc,wallet_trade_history_v1,none
0x594edb9112f526fa6a80b8f858a6379c8a2c1c11,https://polymarket.com/@0x594edB9112f526Fa6A80b8F858A6379C8A2c1C11,https://data-api.polymarket.com/activity?user=0x594edB9112f526Fa6A80b8F858A6379C8A2c1C11&type=TRADE&limit=100&offset=0&sortBy=TIMESTAMP&sortDirection=DESC,activity_primary,TRADE,1782044020,2026-06-21T12:13:40+00:00,0x701f7ffbe969d56fb0936f4c68d1011cfc2bcd08c00b98d2d499e0c93fd06452,0x24f3ed19366f1c7c52cc19506e21ffe17a4a3f1080d0c127d3ea63451d401715,31430364850864908418200780039082891631196867086863095952432440360738147303870,31430364850864908418200780039082891631196867086863095952432440360738147303870,lowest-temperature-in-nyc-on-june-21-2026-72-73f,lowest-temperature-in-nyc-on-june-21-2026,Will the lowest temperature in New York City be between 72-73°F on June 21?,No,1,BUY,0.992,137.5,136.4,endpoint_usdcSize,weather,other,false,,,unavailable,entry_candidate,0x594edb9112f526fa6a80b8f858a6379c8a2c1c11|0x24f3ed19366f1c7c52cc19506e21ffe17a4a3f1080d0c127d3ea63451d401715|31430364850864908418200780039082891631196867086863095952432440360738147303870|No,0x594edb9112f526fa6a80b8f858a6379c8a2c1c11|activity_primary|0x701f7ffbe969d56fb0936f4c68d1011cfc2bcd08c00b98d2d499e0c93fd06452|0x24f3ed19366f1c7c52cc19506e21ffe17a4a3f1080d0c127d3ea63451d401715|31430364850864908418200780039082891631196867086863095952432440360738147303870|1782044020|buy|0.992|137.5,2026-06-24T20:54:39+00:00,8efd31678ad6ac64baac9168e8d42258f382d25647011831fd8e8e1ca3c21349,e2c10ed41245400b56d747ae94a82fa3a6c1a8e8e8a272e6be31b88159f262fc,wallet_trade_history_v1,none
0x594edb9112f526fa6a80b8f858a6379c8a2c1c11,https://polymarket.com/@0x594edB9112f526Fa6A80b8F858A6379C8A2c1C11,https://data-api.polymarket.com/activity?user=0x594edB9112f526Fa6A80b8F858A6379C8A2c1C11&type=TRADE&limit=100&offset=0&sortBy=TIMESTAMP&sortDirection=DESC,activity_primary,TRADE,1782044020,2026-06-21T12:13:40+00:00,0x0e3e3dff48070d8d61a7c7d9e79f2d5e3f378f7b528689c34e08d98cf7c69ead,0x24f3ed19366f1c7c52cc19506e21ffe17a4a3f1080d0c127d3ea63451d401715,18461606518175740499810338649775757036755546525746499573273632990435469227329,18461606518175740499810338649775757036755546525746499573273632990435469227329,lowest-temperature-in-nyc-on-june-21-2026-72-73f,lowest-temperature-in-nyc-on-june-21-2026,Will the lowest temperature in New York City be between 72-73°F on June 21?,Yes,0,BUY,0.0034304277206280453,350.93,1.26382,endpoint_usdcSize,weather,other,false,,,unavailable,entry_candidate,0x594edb9112f526fa6a80b8f858a6379c8a2c1c11|0x24f3ed19366f1c7c52cc19506e21ffe17a4a3f1080d0c127d3ea63451d401715|18461606518175740499810338649775757036755546525746499573273632990435469227329|Yes,0x594edb9112f526fa6a80b8f858a6379c8a2c1c11|activity_primary|0x0e3e3dff48070d8d61a7c7d9e79f2d5e3f378f7b528689c34e08d98cf7c69ead|0x24f3ed19366f1c7c52cc19506e21ffe17a4a3f1080d0c127d3ea63451d401715|18461606518175740499810338649775757036755546525746499573273632990435469227329|1782044020|buy|0.0034304277206280453|350.93,2026-06-24T20:54:39+00:00,e241789b11e30b0d2cf9427a0c530749213e010d0ffe34ea88cce73e51ec49e6,e2c10ed41245400b56d747ae94a82fa3a6c1a8e8e8a272e6be31b88159f262fc,wallet_trade_history_v1,none
0x594edb9112f526fa6a80b8f858a6379c8a2c1c11,https://polymarket.com/@0x594edB9112f526Fa6A80b8F858A6379C8A2c1C11,https://data-api.polymarket.com/activity?user=0x594edB9112f526Fa6A80b8F858A6379C8A2c1C11&type=TRADE&limit=100&offset=0&sortBy=TIMESTAMP&sortDirection=DESC,activity_primary,TRADE,1782043973,2026-06-21T12:12:53+00:00,0xac3cdd2416f13974d2e7b73c45a3e22c8cb34b00428143bc5d919f7224627a16,0x877f25a0cc94732b73ba2ea42a10476d8269ea3cc83f57386080a52e86e600fc,126422315861222131738266380579489202312987866556913008224529491279926045686,126422315861222131738266380579489202312987866556913008224529491279926045686,lowest-temperature-in-nyc-on-june-21-2026-70-71f,lowest-temperature-in-nyc-on-june-21-2026,Will the lowest temperature in New York City be between 70-71°F on June 21?,Yes,0,BUY,0.005,3.6582,0.018291,endpoint_usdcSize,weather,other,false,,,unavailable,entry_candidate,0x594edb9112f526fa6a80b8f858a6379c8a2c1c11|0x877f25a0cc94732b73ba2ea42a10476d8269ea3cc83f57386080a52e86e600fc|126422315861222131738266380579489202312987866556913008224529491279926045686|Yes,0x594edb9112f526fa6a80b8f858a6379c8a2c1c11|activity_primary|0xac3cdd2416f13974d2e7b73c45a3e22c8cb34b00428143bc5d919f7224627a16|0x877f25a0cc94732b73ba2ea42a10476d8269ea3cc83f57386080a52e86e600fc|126422315861222131738266380579489202312987866556913008224529491279926045686|1782043973|buy|0.005|3.6582,2026-06-24T20:54:39+00:00,2c77db7cb986e22c5bdc7fd234247cefa7097da573c17262a5c6498eb74d6c4a,e2c10ed41245400b56d747ae94a82fa3a6c1a8e8e8a272e6be31b88159f262fc,wallet_trade_history_v1,none
0x594edb9112f526fa6a80b8f858a6379c8a2c1c11,https://polymarket.com/@0x594edB9112f526Fa6A80b8F858A6379C8A2c1C11,https://data-api.polymarket.com/activity?user=0x594edB9112f526Fa6A80b8F858A6379C8A2c1C11&type=TRADE&limit=100&offset=0&sortBy=TIMESTAMP&sortDirection=DESC,activity_primary,TRADE,1782043973,2026-06-21T12:12:53+00:00,0x6e62569031e8f84671ea0c8aaf70f5c04c27f65ba89b04aae6b9d82630fb6ede,0x877f25a0cc94732b73ba2ea42a10476d8269ea3cc83f57386080a52e86e600fc,126422315861222131738266380579489202312987866556913008224529491279926045686,126422315861222131738266380579489202312987866556913008224529491279926045686,lowest-temperature-in-nyc-on-june-21-2026-70-71f,lowest-temperature-in-nyc-on-june-21-2026,Will the lowest temperature in New York City be between 70-71°F on June 21?,Yes,0,BUY,0.005,9.1556,0.045778,endpoint_usdcSize,weather,other,false,,,unavailable,entry_candidate,0x594edb9112f526fa6a80b8f858a6379c8a2c1c11|0x877f25a0cc94732b73ba2ea42a10476d8269ea3cc83f57386080a52e86e600fc|126422315861222131738266380579489202312987866556913008224529491279926045686|Yes,0x594edb9112f526fa6a80b8f858a6379c8a2c1c11|activity_primary|0x6e62569031e8f84671ea0c8aaf70f5c04c27f65ba89b04aae6b9d82630fb6ede|0x877f25a0cc94732b73ba2ea42a10476d8269ea3cc83f57386080a52e86e600fc|126422315861222131738266380579489202312987866556913008224529491279926045686|1782043973|buy|0.005|9.1556,2026-06-24T20:54:39+00:00,a9aa0d07491c01337145d93aba240b30943d7c43df220a4485bfbd52f34ef095,e2c10ed41245400b56d747ae94a82fa3a6c1a8e8e8a272e6be31b88159f262fc,wallet_trade_history_v1,none
0x594edb9112f526fa6a80b8f858a6379c8a2c1c11,https://polymarket.com/@0x594edB9112f526Fa6A80b8F858A6379C8A2c1C11,https://data-api.polymarket.com/activity?user=0x594edB9112f526Fa6A80b8F858A6379C8A2c1C11&type=TRADE&limit=100&offset=0&sortBy=TIMESTAMP&sortDirection=DESC,activity_primary,TRADE,1782043973,2026-06-21T12:12:53+00:00,0x3d1bf1cf97f7949de7f5629857ea1f51cf2ca8ed6acf425c9f01c565b3466aeb,0x877f25a0cc94732b73ba2ea42a10476d8269ea3cc83f57386080a52e86e600fc,126422315861222131738266380579489202312987866556913008224529491279926045686,126422315861222131738266380579489202312987866556913008224529491279926045686,lowest-temperature-in-nyc-on-june-21-2026-70-71f,lowest-temperature-in-nyc-on-june-21-2026,Will the lowest temperature in New York City be between 70-71°F on June 21?,Yes,0,BUY,0.005,10,0.05,endpoint_usdcSize,weather,other,false,,,unavailable,entry_candidate,0x594edb9112f526fa6a80b8f858a6379c8a2c1c11|0x877f25a0cc94732b73ba2ea42a10476d8269ea3cc83f57386080a52e86e600fc|126422315861222131738266380579489202312987866556913008224529491279926045686|Yes,0x594edb9112f526fa6a80b8f858a6379c8a2c1c11|activity_primary|0x3d1bf1cf97f7949de7f5629857ea1f51cf2ca8ed6acf425c9f01c565b3466aeb|0x877f25a0cc94732b73ba2ea42a10476d8269ea3cc83f57386080a52e86e600fc|126422315861222131738266380579489202312987866556913008224529491279926045686|1782043973|buy|0.005|10,2026-06-24T20:54:39+00:00,471b0c0d33bddcc03effa71e2378c814bea385579e9dee64c6265d17ceefade8,e2c10ed41245400b56d747ae94a82fa3a6c1a8e8e8a272e6be31b88159f262fc,wallet_trade_history_v1,none
0x594edb9112f526fa6a80b8f858a6379c8a2c1c11,https://polymarket.com/@0x594edB9112f526Fa6A80b8F858A6379C8A2c1C11,https://data-api.polymarket.com/activity?user=0x594edB9112f526Fa6A80b8F858A6379C8A2c1C11&type=TRADE&limit=100&offset=0&sortBy=TIMESTAMP&sortDirection=DESC,activity_primary,TRADE,1782043972,2026-06-21T12:12:52+00:00,0x7a74c426ca90976cad399c5d7032e59b943238bc910a563b99452c651304eb5b,0x877f25a0cc94732b73ba2ea42a10476d8269ea3cc83f57386080a52e86e600fc,7477547147414505500735006809199373092375578129892354771252461613711053065614,7477547147414505500735006809199373092375578129892354771252461613711053065614,lowest-temperature-in-nyc-on-june-21-2026-70-71f,lowest-temperature-in-nyc-on-june-21-2026,Will the lowest temperature in New York City be between 70-71°F on June 21?,No,1,BUY,0.9940000054109092,183.333332,182.233333,endpoint_usdcSize,weather,other,false,,,unavailable,entry_candidate,0x594edb9112f526fa6a80b8f858a6379c8a2c1c11|0x877f25a0cc94732b73ba2ea42a10476d8269ea3cc83f57386080a52e86e600fc|7477547147414505500735006809199373092375578129892354771252461613711053065614|No,0x594edb9112f526fa6a80b8f858a6379c8a2c1c11|activity_primary|0x7a74c426ca90976cad399c5d7032e59b943238bc910a563b99452c651304eb5b|0x877f25a0cc94732b73ba2ea42a10476d8269ea3cc83f57386080a52e86e600fc|7477547147414505500735006809199373092375578129892354771252461613711053065614|1782043972|buy|0.9940000054109092|183.333332,2026-06-24T20:54:39+00:00,fa348ec7ff119a8006e0cbd90d1c2ec1c527b33405b6dfd41f037c56279cb779,e2c10ed41245400b56d747ae94a82fa3a6c1a8e8e8a272e6be31b88159f262fc,wallet_trade_history_v1,none
0x594edb9112f526fa6a80b8f858a6379c8a2c1c11,https://polymarket.com/@0x594edB9112f526Fa6A80b8F858A6379C8A2c1C11,https://data-api.polymarket.com/activity?user=0x594edB9112f526Fa6A80b8F858A6379C8A2c1C11&type=TRADE&limit=100&offset=0&sortBy=TIMESTAMP&sortDirection=DESC,activity_primary,TRADE,1782043972,2026-06-21T12:12:52+00:00,0xbd8a41557777e913621b7bacd1e1c83b2ea0134c17c8f86a95c96110f46e2bfc,0x877f25a0cc94732b73ba2ea42a10476d8269ea3cc83f57386080a52e86e600fc,126422315861222131738266380579489202312987866556913008224529491279926045686,126422315861222131738266380579489202312987866556913008224529491279926045686,lowest-temperature-in-nyc-on-june-21-2026-70-71f,lowest-temperature-in-nyc-on-june-21-2026,Will the lowest temperature in New York City be between 70-71°F on June 21?,Yes,0,BUY,0.005,5,0.025,endpoint_usdcSize,weather,other,false,,,unavailable,entry_candidate,0x594edb9112f526fa6a80b8f858a6379c8a2c1c11|0x877f25a0cc94732b73ba2ea42a10476d8269ea3cc83f57386080a52e86e600fc|126422315861222131738266380579489202312987866556913008224529491279926045686|Yes,0x594edb9112f526fa6a80b8f858a6379c8a2c1c11|activity_primary|0xbd8a41557777e913621b7bacd1e1c83b2ea0134c17c8f86a95c96110f46e2bfc|0x877f25a0cc94732b73ba2ea42a10476d8269ea3cc83f57386080a52e86e600fc|126422315861222131738266380579489202312987866556913008224529491279926045686|1782043972|buy|0.005|5,2026-06-24T20:54:39+00:00,69c0411a1702bc57341a537b2bbf6d50ae5fef8cd078620d3fdd73a334690340,e2c10ed41245400b56d747ae94a82fa3a6c1a8e8e8a272e6be31b88159f262fc,wallet_trade_history_v1,none
0x594edb9112f526fa6a80b8f858a6379c8a2c1c11,https://polymarket.com/@0x594edB9112f526Fa6A80b8F858A6379C8A2c1C11,https://data-api.polymarket.com/activity?user=0x594edB9112f526Fa6A80b8F858A6379C8A2c1C11&type=TRADE&limit=100&offset=0&sortBy=TIMESTAMP&sortDirection=DESC,activity_primary,TRADE,1782043972,2026-06-21T12:12:52+00:00,0x88c7e7d2c48f60c9e00b88d1592f523983c97e088aaa2d22524df3292dc54c51,0x877f25a0cc94732b73ba2ea42a10476d8269ea3cc83f57386080a52e86e600fc,126422315861222131738266380579489202312987866556913008224529491279926045686,126422315861222131738266380579489202312987866556913008224529491279926045686,lowest-temperature-in-nyc-on-june-21-2026-70-71f,lowest-temperature-in-nyc-on-june-21-2026,Will the lowest temperature in New York City be between 70-71°F on June 21?,Yes,0,BUY,0.005,1.1054,0.005527,endpoint_usdcSize,weather,other,false,,,unavailable,entry_candidate,0x594edb9112f526fa6a80b8f858a6379c8a2c1c11|0x877f25a0cc94732b73ba2ea42a10476d8269ea3cc83f57386080a52e86e600fc|126422315861222131738266380579489202312987866556913008224529491279926045686|Yes,0x594edb9112f526fa6a80b8f858a6379c8a2c1c11|activity_primary|0x88c7e7d2c48f60c9e00b88d1592f523983c97e088aaa2d22524df3292dc54c51|0x877f25a0cc94732b73ba2ea42a10476d8269ea3cc83f57386080a52e86e600fc|126422315861222131738266380579489202312987866556913008224529491279926045686|1782043972|buy|0.005|1.1054,2026-06-24T20:54:39+00:00,fcae93fc81aee547a734e5e1f831152701b03f447d0bbf17f5eeeee271bf2f86,e2c10ed41245400b56d747ae94a82fa3a6c1a8e8e8a272e6be31b88159f262fc,wallet_trade_history_v1,none
0x594edb9112f526fa6a80b8f858a6379c8a2c1c11,https://polymarket.com/@0x594edB9112f526Fa6A80b8F858A6379C8A2c1C11,https://data-api.polymarket.com/activity?user=0x594edB9112f526Fa6A80b8F858A6379C8A2c1C11&type=TRADE&limit=100&offset=0&sortBy=TIMESTAMP&sortDirection=DESC,activity_primary,TRADE,1782043972,2026-06-21T12:12:52+00:00,0xaf79c2e1472058f16b4ba90cb0f467c7f3e9d0af6922fef21f3ec87da3128cac,0x877f25a0cc94732b73ba2ea42a10476d8269ea3cc83f57386080a52e86e600fc,126422315861222131738266380579489202312987866556913008224529491279926045686,126422315861222131738266380579489202312987866556913008224529491279926045686,lowest-temperature-in-nyc-on-june-21-2026-70-71f,lowest-temperature-in-nyc-on-june-21-2026,Will the lowest temperature in New York City be between 70-71°F on June 21?,Yes,0,BUY,0.005,1.829,0.009145,endpoint_usdcSize,weather,other,false,,,unavailable,entry_candidate,0x594edb9112f526fa6a80b8f858a6379c8a2c1c11|0x877f25a0cc94732b73ba2ea42a10476d8269ea3cc83f57386080a52e86e600fc|126422315861222131738266380579489202312987866556913008224529491279926045686|Yes,0x594edb9112f526fa6a80b8f858a6379c8a2c1c11|activity_primary|0xaf79c2e1472058f16b4ba90cb0f467c7f3e9d0af6922fef21f3ec87da3128cac|0x877f25a0cc94732b73ba2ea42a10476d8269ea3cc83f57386080a52e86e600fc|126422315861222131738266380579489202312987866556913008224529491279926045686|1782043972|buy|0.005|1.829,2026-06-24T20:54:39+00:00,69b0e45e8523a290b357560315710189e95ded6ff814f2477e14ef1b9913ecf1,e2c10ed41245400b56d747ae94a82fa3a6c1a8e8e8a272e6be31b88159f262fc,wallet_trade_history_v1,none
0x594edb9112f526fa6a80b8f858a6379c8a2c1c11,https://polymarket.com/@0x594edB9112f526Fa6A80b8F858A6379C8A2c1C11,https://data-api.polymarket.com/activity?user=0x594edB9112f526Fa6A80b8F858A6379C8A2c1C11&type=TRADE&limit=100&offset=0&sortBy=TIMESTAMP&sortDirection=DESC,activity_primary,TRADE,1782043970,2026-06-21T12:12:50+00:00,0xa3a60382a87f0cbb04a5dbd5ea9c2691d5e0057f0ff6368fd47bdafb14f1f4ed,0x877f25a0cc94732b73ba2ea42a10476d8269ea3cc83f57386080a52e86e600fc,126422315861222131738266380579489202312987866556913008224529491279926045686,126422315861222131738266380579489202312987866556913008224529491279926045686,lowest-temperature-in-nyc-on-june-21-2026-70-71f,lowest-temperature-in-nyc-on-june-21-2026,Will the lowest temperature in New York City be between 70-71°F on June 21?,Yes,0,BUY,0.001,29.51,0.03098,endpoint_usdcSize,weather,other,false,,,unavailable,entry_candidate,0x594edb9112f526fa6a80b8f858a6379c8a2c1c11|0x877f25a0cc94732b73ba2ea42a10476d8269ea3cc83f57386080a52e86e600fc|126422315861222131738266380579489202312987866556913008224529491279926045686|Yes,0x594edb9112f526fa6a80b8f858a6379c8a2c1c11|activity_primary|0xa3a60382a87f0cbb04a5dbd5ea9c2691d5e0057f0ff6368fd47bdafb14f1f4ed|0x877f25a0cc94732b73ba2ea42a10476d8269ea3cc83f57386080a52e86e600fc|126422315861222131738266380579489202312987866556913008224529491279926045686|1782043970|buy|0.001|29.51,2026-06-24T20:54:39+00:00,d5f8ea4d32b58837510e4befc29f46b1c4b8bcb1d33dc82d8860b823d4cbbd5d,e2c10ed41245400b56d747ae94a82fa3a6c1a8e8e8a272e6be31b88159f262fc,wallet_trade_history_v1,none
0x594edb9112f526fa6a80b8f858a6379c8a2c1c11,https://polymarket.com/@0x594edB9112f526Fa6A80b8F858A6379C8A2c1C11,https://data-api.polymarket.com/activity?user=0x594edB9112f526Fa6A80b8F858A6379C8A2c1C11&type=TRADE&limit=100&offset=0&sortBy=TIMESTAMP&sortDirection=DESC,activity_primary,TRADE,1781989888,2026-06-20T21:11:28+00:00,0xf6a815a2df54215a09e4760811ebd88188a272668c66a319a2509967a3729bee,0x212c7e843acc6916130033679a5a24ef20986c3f7c64a53bc9c4fa670709dd7e,99769633863000789645692491702656211888914849289352307244203372310499778055456,99769633863000789645692491702656211888914849289352307244203372310499778055456,lowest-temperature-in-nyc-on-june-20-2026-62-63f,lowest-temperature-in-nyc-on-june-20-2026,Will the lowest temperature in New York City be between 62-63°F on June 20?,No,1,BUY,0.992,280.8325,278.58584,endpoint_usdcSize,weather,other,false,,,unavailable,entry_candidate,0x594edb9112f526fa6a80b8f858a6379c8a2c1c11|0x212c7e843acc6916130033679a5a24ef20986c3f7c64a53bc9c4fa670709dd7e|99769633863000789645692491702656211888914849289352307244203372310499778055456|No,0x594edb9112f526fa6a80b8f858a6379c8a2c1c11|activity_primary|0xf6a815a2df54215a09e4760811ebd88188a272668c66a319a2509967a3729bee|0x212c7e843acc6916130033679a5a24ef20986c3f7c64a53bc9c4fa670709dd7e|99769633863000789645692491702656211888914849289352307244203372310499778055456|1781989888|buy|0.992|280.8325,2026-06-24T20:54:39+00:00,abd1cda32edfd0c7af5aaf7a7b481884ad74edea4289fa896b4b366ea8f67671,e2c10ed41245400b56d747ae94a82fa3a6c1a8e8e8a272e6be31b88159f262fc,wallet_trade_history_v1,none
0x594edb9112f526fa6a80b8f858a6379c8a2c1c11,https://polymarket.com/@0x594edB9112f526Fa6A80b8F858A6379C8A2c1C11,https://data-api.polymarket.com/activity?user=0x594edB9112f526Fa6A80b8F858A6379C8A2c1C11&type=TRADE&limit=100&offset=0&sortBy=TIMESTAMP&sortDirection=DESC,activity_primary,TRADE,1781989714,2026-06-20T21:08:34+00:00,0x802e635e2455203f2561facebb8d800c02a1d045d218b419c2138f1cc591af51,0x212c7e843acc6916130033679a5a24ef20986c3f7c64a53bc9c4fa670709dd7e,37039479971942063042260964360953762192077779614012811481606086499313952798578,37039479971942063042260964360953762192077779614012811481606086499313952798578,lowest-temperature-in-nyc-on-june-20-2026-62-63f,lowest-temperature-in-nyc-on-june-20-2026,Will the lowest temperature in New York City be between 62-63°F on June 20?,Yes,0,BUY,0.007000001805520197,1.107714,0.007754,endpoint_usdcSize,weather,other,false,,,unavailable,entry_candidate,0x594edb9112f526fa6a80b8f858a6379c8a2c1c11|0x212c7e843acc6916130033679a5a24ef20986c3f7c64a53bc9c4fa670709dd7e|37039479971942063042260964360953762192077779614012811481606086499313952798578|Yes,0x594edb9112f526fa6a80b8f858a6379c8a2c1c11|activity_primary|0x802e635e2455203f2561facebb8d800c02a1d045d218b419c2138f1cc591af51|0x212c7e843acc6916130033679a5a24ef20986c3f7c64a53bc9c4fa670709dd7e|37039479971942063042260964360953762192077779614012811481606086499313952798578|1781989714|buy|0.007000001805520197|1.107714,2026-06-24T20:54:39+00:00,cc4520f48992f01f56186ac0c40fd57d00adeeeb77eeec25880b927c55e4ce38,e2c10ed41245400b56d747ae94a82fa3a6c1a8e8e8a272e6be31b88159f262fc,wallet_trade_history_v1,none
0x594edb9112f526fa6a80b8f858a6379c8a2c1c11,https://polymarket.com/@0x594edB9112f526Fa6A80b8F858A6379C8A2c1C11,https://data-api.polymarket.com/activity?user=0x594edB9112f526Fa6A80b8F858A6379C8A2c1C11&type=TRADE&limit=100&offset=0&sortBy=TIMESTAMP&sortDirection=DESC,activity_primary,TRADE,1781989714,2026-06-20T21:08:34+00:00,0x09fd2e7a5d659c7cce0fd65de2207ec2b30c1e680e2b1147f5c651028f4867bb,0x212c7e843acc6916130033679a5a24ef20986c3f7c64a53bc9c4fa670709dd7e,37039479971942063042260964360953762192077779614012811481606086499313952798578,37039479971942063042260964360953762192077779614012811481606086499313952798578,lowest-temperature-in-nyc-on-june-20-2026-62-63f,lowest-temperature-in-nyc-on-june-20-2026,Will the lowest temperature in New York City be between 62-63°F on June 20?,Yes,0,BUY,0.0070000016016477755,1.248714,0.008741,endpoint_usdcSize,weather,other,false,,,unavailable,entry_candidate,0x594edb9112f526fa6a80b8f858a6379c8a2c1c11|0x212c7e843acc6916130033679a5a24ef20986c3f7c64a53bc9c4fa670709dd7e|37039479971942063042260964360953762192077779614012811481606086499313952798578|Yes,0x594edb9112f526fa6a80b8f858a6379c8a2c1c11|activity_primary|0x09fd2e7a5d659c7cce0fd65de2207ec2b30c1e680e2b1147f5c651028f4867bb|0x212c7e843acc6916130033679a5a24ef20986c3f7c64a53bc9c4fa670709dd7e|37039479971942063042260964360953762192077779614012811481606086499313952798578|1781989714|buy|0.0070000016016477755|1.248714,2026-06-24T20:54:39+00:00,3ffed756f927a1e75225a860518013ae99162995e0821654bc7a0481eeae98d0,e2c10ed41245400b56d747ae94a82fa3a6c1a8e8e8a272e6be31b88159f262fc,wallet_trade_history_v1,none
0x594edb9112f526fa6a80b8f858a6379c8a2c1c11,https://polymarket.com/@0x594edB9112f526Fa6A80b8F858A6379C8A2c1C11,https://data-api.polymarket.com/activity?user=0x594edB9112f526Fa6A80b8F858A6379C8A2c1C11&type=TRADE&limit=100&offset=0&sortBy=TIMESTAMP&sortDirection=DESC,activity_primary,TRADE,1781989714,2026-06-20T21:08:34+00:00,0x0c3f2bd8102b04840d2ef54bc1a862f50eed3aea2c29bdc8abb9d1ccf44fe3c6,0x212c7e843acc6916130033679a5a24ef20986c3f7c64a53bc9c4fa670709dd7e,99769633863000789645692491702656211888914849289352307244203372310499778055456,99769633863000789645692491702656211888914849289352307244203372310499778055456,lowest-temperature-in-nyc-on-june-20-2026-62-63f,lowest-temperature-in-nyc-on-june-20-2026,Will the lowest temperature in New York City be between 62-63°F on June 20?,No,1,BUY,0.992,125,124,endpoint_usdcSize,weather,other,false,,,unavailable,entry_candidate,0x594edb9112f526fa6a80b8f858a6379c8a2c1c11|0x212c7e843acc6916130033679a5a24ef20986c3f7c64a53bc9c4fa670709dd7e|99769633863000789645692491702656211888914849289352307244203372310499778055456|No,0x594edb9112f526fa6a80b8f858a6379c8a2c1c11|activity_primary|0x0c3f2bd8102b04840d2ef54bc1a862f50eed3aea2c29bdc8abb9d1ccf44fe3c6|0x212c7e843acc6916130033679a5a24ef20986c3f7c64a53bc9c4fa670709dd7e|99769633863000789645692491702656211888914849289352307244203372310499778055456|1781989714|buy|0.992|125,2026-06-24T20:54:39+00:00,dcc29d27a65b09e96331381ecba3cf928d7f32d18d5f815618da889cae3864b9,e2c10ed41245400b56d747ae94a82fa3a6c1a8e8e8a272e6be31b88159f262fc,wallet_trade_history_v1,none
0x594edb9112f526fa6a80b8f858a6379c8a2c1c11,https://polymarket.com/@0x594edB9112f526Fa6A80b8F858A6379C8A2c1C11,https://data-api.polymarket.com/activity?user=0x594edB9112f526Fa6A80b8F858A6379C8A2c1C11&type=TRADE&limit=100&offset=0&sortBy=TIMESTAMP&sortDirection=DESC,activity_primary,TRADE,1781989714,2026-06-20T21:08:34+00:00,0xa2ec01c4e7787824da80dd7620d2e54cc7c7b99b657aecf15cc4349fefe20c40,0x212c7e843acc6916130033679a5a24ef20986c3f7c64a53bc9c4fa670709dd7e,37039479971942063042260964360953762192077779614012811481606086499313952798578,37039479971942063042260964360953762192077779614012811481606086499313952798578,lowest-temperature-in-nyc-on-june-20-2026-62-63f,lowest-temperature-in-nyc-on-june-20-2026,Will the lowest temperature in New York City be between 62-63°F on June 20?,Yes,0,BUY,0.00278359096313912,168.2,0.49154,endpoint_usdcSize,weather,other,false,,,unavailable,entry_candidate,0x594edb9112f526fa6a80b8f858a6379c8a2c1c11|0x212c7e843acc6916130033679a5a24ef20986c3f7c64a53bc9c4fa670709dd7e|37039479971942063042260964360953762192077779614012811481606086499313952798578|Yes,0x594edb9112f526fa6a80b8f858a6379c8a2c1c11|activity_primary|0xa2ec01c4e7787824da80dd7620d2e54cc7c7b99b657aecf15cc4349fefe20c40|0x212c7e843acc6916130033679a5a24ef20986c3f7c64a53bc9c4fa670709dd7e|37039479971942063042260964360953762192077779614012811481606086499313952798578|1781989714|buy|0.00278359096313912|168.2,2026-06-24T20:54:39+00:00,9396b9dfa826acbc78a3ab8d2833477310c09d9d7797306be2ed877a22334efb,e2c10ed41245400b56d747ae94a82fa3a6c1a8e8e8a272e6be31b88159f262fc,wallet_trade_history_v1,none
0x594edb9112f526fa6a80b8f858a6379c8a2c1c11,https://polymarket.com/@0x594edB9112f526Fa6A80b8F858A6379C8A2c1C11,https://data-api.polymarket.com/activity?user=0x594edB9112f526Fa6A80b8F858A6379C8A2c1C11&type=TRADE&limit=100&offset=0&sortBy=TIMESTAMP&sortDirection=DESC,activity_primary,TRADE,1781989714,2026-06-20T21:08:34+00:00,0x2f78a9633b83c77a5276d02a2cc637964155723e22605ffa9916b10fb1f36dec,0x212c7e843acc6916130033679a5a24ef20986c3f7c64a53bc9c4fa670709dd7e,37039479971942063042260964360953762192077779614012811481606086499313952798578,37039479971942063042260964360953762192077779614012811481606086499313952798578,lowest-temperature-in-nyc-on-june-20-2026-62-63f,lowest-temperature-in-nyc-on-june-20-2026,Will the lowest temperature in New York City be between 62-63°F on June 20?,Yes,0,BUY,0.007,47.44,0.33208,endpoint_usdcSize,weather,other,false,,,unavailable,entry_candidate,0x594edb9112f526fa6a80b8f858a6379c8a2c1c11|0x212c7e843acc6916130033679a5a24ef20986c3f7c64a53bc9c4fa670709dd7e|37039479971942063042260964360953762192077779614012811481606086499313952798578|Yes,0x594edb9112f526fa6a80b8f858a6379c8a2c1c11|activity_primary|0x2f78a9633b83c77a5276d02a2cc637964155723e22605ffa9916b10fb1f36dec|0x212c7e843acc6916130033679a5a24ef20986c3f7c64a53bc9c4fa670709dd7e|37039479971942063042260964360953762192077779614012811481606086499313952798578|1781989714|buy|0.007|47.44,2026-06-24T20:54:39+00:00,a34e12a6a0b6df785949f7ed301ea45282c9beba38c83d9053afc8512633cde0,e2c10ed41245400b56d747ae94a82fa3a6c1a8e8e8a272e6be31b88159f262fc,wallet_trade_history_v1,none
0x594edb9112f526fa6a80b8f858a6379c8a2c1c11,https://polymarket.com/@0x594edB9112f526Fa6A80b8F858A6379C8A2c1C11,https://data-api.polymarket.com/activity?user=0x594edB9112f526Fa6A80b8F858A6379C8A2c1C11&type=TRADE&limit=100&offset=0&sortBy=TIMESTAMP&sortDirection=DESC,activity_primary,TRADE,1781944265,2026-06-20T08:31:05+00:00,0x51055879f484f90eae9f5ea03658153f407641abf03d936b16372932a39150ab,0x3c68a96e13e76554c58dff71df15805926acdceea41757bef1a9c1ceaf0d6783,15059905967714190593668832939995386451988887496067462931012613204011997922681,15059905967714190593668832939995386451988887496067462931012613204011997922681,highest-temperature-in-wuhan-on-june-20-2026-33c,highest-temperature-in-wuhan-on-june-20-2026,Will the highest temperature in Wuhan be 33°C on June 20?,No,1,BUY,0.9876936611457796,426.26,421.27335,endpoint_usdcSize,weather,other,false,,,unavailable,entry_candidate,0x594edb9112f526fa6a80b8f858a6379c8a2c1c11|0x3c68a96e13e76554c58dff71df15805926acdceea41757bef1a9c1ceaf0d6783|15059905967714190593668832939995386451988887496067462931012613204011997922681|No,0x594edb9112f526fa6a80b8f858a6379c8a2c1c11|activity_primary|0x51055879f484f90eae9f5ea03658153f407641abf03d936b16372932a39150ab|0x3c68a96e13e76554c58dff71df15805926acdceea41757bef1a9c1ceaf0d6783|15059905967714190593668832939995386451988887496067462931012613204011997922681|1781944265|buy|0.9876936611457796|426.26,2026-06-24T20:54:39+00:00,300f3559b642505a7799251b6c68fa6f9e47d2f6159cf3dd745ad8c321214e75,e2c10ed41245400b56d747ae94a82fa3a6c1a8e8e8a272e6be31b88159f262fc,wallet_trade_history_v1,none
0x594edb9112f526fa6a80b8f858a6379c8a2c1c11,https://polymarket.com/@0x594edB9112f526Fa6A80b8F858A6379C8A2c1C11,https://data-api.polymarket.com/activity?user=0x594edB9112f526Fa6A80b8F858A6379C8A2c1C11&type=TRADE&limit=100&offset=0&sortBy=TIMESTAMP&sortDirection=DESC,activity_primary,TRADE,1781944258,2026-06-20T08:30:58+00:00,0x2e9539d4e207ac9728f09181f99f2ce565837a7cbe60c70e1d8c02baa359f2cc,0xe978bfab09c729a7fb5945bd28c00bfe379f4211e0230544d1ad3a8a268cf280,78993937814505522252929515263122146934627212210859904818605168080992715609494,78993937814505522252929515263122146934627212210859904818605168080992715609494,highest-temperature-in-wuhan-on-june-20-2026-32c,highest-temperature-in-wuhan-on-june-20-2026,Will the highest temperature in Wuhan be 32°C on June 20?,Yes,0,BUY,0.991,167,165.57147,endpoint_usdcSize,weather,other,false,,,unavailable,entry_candidate,0x594edb9112f526fa6a80b8f858a6379c8a2c1c11|0xe978bfab09c729a7fb5945bd28c00bfe379f4211e0230544d1ad3a8a268cf280|78993937814505522252929515263122146934627212210859904818605168080992715609494|Yes,0x594edb9112f526fa6a80b8f858a6379c8a2c1c11|activity_primary|0x2e9539d4e207ac9728f09181f99f2ce565837a7cbe60c70e1d8c02baa359f2cc|0xe978bfab09c729a7fb5945bd28c00bfe379f4211e0230544d1ad3a8a268cf280|78993937814505522252929515263122146934627212210859904818605168080992715609494|1781944258|buy|0.991|167,2026-06-24T20:54:39+00:00,9460f9b7dba521779dd752ec8c5ff4c9507ba3d300e81d158ceb1e26de3c553a,e2c10ed41245400b56d747ae94a82fa3a6c1a8e8e8a272e6be31b88159f262fc,wallet_trade_history_v1,none
0x594edb9112f526fa6a80b8f858a6379c8a2c1c11,https://polymarket.com/@0x594edB9112f526Fa6A80b8F858A6379C8A2c1C11,https://data-api.polymarket.com/activity?user=0x594edB9112f526Fa6A80b8F858A6379C8A2c1C11&type=TRADE&limit=100&offset=0&sortBy=TIMESTAMP&sortDirection=DESC,activity_primary,TRADE,1781943704,2026-06-20T08:21:44+00:00,0xa3d5e40ff62dcce1f023a054afc68f19fa0c2d1123bdc488035fba3f555e8d1b,0x4df51028f392ee57706ab9d747089b703b4005d16c5a79316e17098d2a601b0e,93315483698985941423674013231794044924896193274177915156131297297869712263011,93315483698985941423674013231794044924896193274177915156131297297869712263011,lowest-temperature-in-london-on-june-20-2026-16c,lowest-temperature-in-london-on-june-20-2026,Will the lowest temperature in London be 16°C on June 20?,Yes,0,BUY,0.007,13.99,0.09793,endpoint_usdcSize,weather,other,false,,,unavailable,entry_candidate,0x594edb9112f526fa6a80b8f858a6379c8a2c1c11|0x4df51028f392ee57706ab9d747089b703b4005d16c5a79316e17098d2a601b0e|93315483698985941423674013231794044924896193274177915156131297297869712263011|Yes,0x594edb9112f526fa6a80b8f858a6379c8a2c1c11|activity_primary|0xa3d5e40ff62dcce1f023a054afc68f19fa0c2d1123bdc488035fba3f555e8d1b|0x4df51028f392ee57706ab9d747089b703b4005d16c5a79316e17098d2a601b0e|93315483698985941423674013231794044924896193274177915156131297297869712263011|1781943704|buy|0.007|13.99,2026-06-24T20:54:39+00:00,9a6096814c71cdbc0bac6b0693122f4523bc2a56c5cc89c5a07d85742c6e6b6c,e2c10ed41245400b56d747ae94a82fa3a6c1a8e8e8a272e6be31b88159f262fc,wallet_trade_history_v1,none
0x594edb9112f526fa6a80b8f858a6379c8a2c1c11,https://polymarket.com/@0x594edB9112f526Fa6A80b8F858A6379C8A2c1C11,https://data-api.polymarket.com/activity?user=0x594edB9112f526Fa6A80b8F858A6379C8A2c1C11&type=TRADE&limit=100&offset=0&sortBy=TIMESTAMP&sortDirection=DESC,activity_primary,TRADE,1781943653,2026-06-20T08:20:53+00:00,0x74b255d4d1f795d6a7491cf8a8bd4878c007291d657e3d64da43a021870333ce,0x4df51028f392ee57706ab9d747089b703b4005d16c5a79316e17098d2a601b0e,93315483698985941423674013231794044924896193274177915156131297297869712263011,93315483698985941423674013231794044924896193274177915156131297297869712263011,lowest-temperature-in-london-on-june-20-2026-16c,lowest-temperature-in-london-on-june-20-2026,Will the lowest temperature in London be 16°C on June 20?,Yes,0,BUY,0.007,5,0.035,endpoint_usdcSize,weather,other,false,,,unavailable,entry_candidate,0x594edb9112f526fa6a80b8f858a6379c8a2c1c11|0x4df51028f392ee57706ab9d747089b703b4005d16c5a79316e17098d2a601b0e|93315483698985941423674013231794044924896193274177915156131297297869712263011|Yes,0x594edb9112f526fa6a80b8f858a6379c8a2c1c11|activity_primary|0x74b255d4d1f795d6a7491cf8a8bd4878c007291d657e3d64da43a021870333ce|0x4df51028f392ee57706ab9d747089b703b4005d16c5a79316e17098d2a601b0e|93315483698985941423674013231794044924896193274177915156131297297869712263011|1781943653|buy|0.007|5,2026-06-24T20:54:39+00:00,283bfbd1dd9d38edfcb58fb92844c15898a551719e248e206e499c7741d22692,e2c10ed41245400b56d747ae94a82fa3a6c1a8e8e8a272e6be31b88159f262fc,wallet_trade_history_v1,none
0x594edb9112f526fa6a80b8f858a6379c8a2c1c11,https://polymarket.com/@0x594edB9112f526Fa6A80b8F858A6379C8A2c1C11,https://data-api.polymarket.com/activity?user=0x594edB9112f526Fa6A80b8F858A6379C8A2c1C11&type=TRADE&limit=100&offset=0&sortBy=TIMESTAMP&sortDirection=DESC,activity_primary,TRADE,1781943626,2026-06-20T08:20:26+00:00,0x2c9b0194f205749ec183aa0bf691a433296695495345ee75aad73e96083ce8b3,0x4df51028f392ee57706ab9d747089b703b4005d16c5a79316e17098d2a601b0e,93315483698985941423674013231794044924896193274177915156131297297869712263011,93315483698985941423674013231794044924896193274177915156131297297869712263011,lowest-temperature-in-london-on-june-20-2026-16c,lowest-temperature-in-london-on-june-20-2026,Will the lowest temperature in London be 16°C on June 20?,Yes,0,BUY,0.007,1.007,0.007049,endpoint_usdcSize,weather,other,false,,,unavailable,entry_candidate,0x594edb9112f526fa6a80b8f858a6379c8a2c1c11|0x4df51028f392ee57706ab9d747089b703b4005d16c5a79316e17098d2a601b0e|93315483698985941423674013231794044924896193274177915156131297297869712263011|Yes,0x594edb9112f526fa6a80b8f858a6379c8a2c1c11|activity_primary|0x2c9b0194f205749ec183aa0bf691a433296695495345ee75aad73e96083ce8b3|0x4df51028f392ee57706ab9d747089b703b4005d16c5a79316e17098d2a601b0e|93315483698985941423674013231794044924896193274177915156131297297869712263011|1781943626|buy|0.007|1.007,2026-06-24T20:54:39+00:00,56c55c564bad48a6bbff93e6d9236a1db121b90368a63082d3adf33ddd68391d,e2c10ed41245400b56d747ae94a82fa3a6c1a8e8e8a272e6be31b88159f262fc,wallet_trade_history_v1,none
0x594edb9112f526fa6a80b8f858a6379c8a2c1c11,https://polymarket.com/@0x594edB9112f526Fa6A80b8F858A6379C8A2c1C11,https://data-api.polymarket.com/activity?user=0x594edB9112f526Fa6A80b8F858A6379C8A2c1C11&type=TRADE&limit=100&offset=0&sortBy=TIMESTAMP&sortDirection=DESC,activity_primary,TRADE,1781943560,2026-06-20T08:19:20+00:00,0x001d59ad59e043855d2ed7f5b2c521c1dba27cf2f99d8c2d61cd8510541ae16b,0x44f3d9c9aee644f9b34013c9c973998796b6af0fa3d67f5e1a5efe8a2481eda0,31568045861545531920199171194043987688073495511478161058900770925741290259704,31568045861545531920199171194043987688073495511478161058900770925741290259704,lowest-temperature-in-nyc-on-june-20-2026-57forbelow,lowest-temperature-in-nyc-on-june-20-2026,Will the lowest temperature in New York City be 57°F or below on June 20?,No,1,BUY,0.992,375,372,endpoint_usdcSize,weather,other,false,,,unavailable,entry_candidate,0x594edb9112f526fa6a80b8f858a6379c8a2c1c11|0x44f3d9c9aee644f9b34013c9c973998796b6af0fa3d67f5e1a5efe8a2481eda0|31568045861545531920199171194043987688073495511478161058900770925741290259704|No,0x594edb9112f526fa6a80b8f858a6379c8a2c1c11|activity_primary|0x001d59ad59e043855d2ed7f5b2c521c1dba27cf2f99d8c2d61cd8510541ae16b|0x44f3d9c9aee644f9b34013c9c973998796b6af0fa3d67f5e1a5efe8a2481eda0|31568045861545531920199171194043987688073495511478161058900770925741290259704|1781943560|buy|0.992|375,2026-06-24T20:54:39+00:00,4d63ddf2f2293de3cbb04a74236d911a1f5609b11db6ec284754a6475369f088,e2c10ed41245400b56d747ae94a82fa3a6c1a8e8e8a272e6be31b88159f262fc,wallet_trade_history_v1,none
0x594edb9112f526fa6a80b8f858a6379c8a2c1c11,https://polymarket.com/@0x594edB9112f526Fa6A80b8F858A6379C8A2c1C11,https://data-api.polymarket.com/activity?user=0x594edB9112f526Fa6A80b8F858A6379C8A2c1C11&type=TRADE&limit=100&offset=0&sortBy=TIMESTAMP&sortDirection=DESC,activity_primary,TRADE,1781943560,2026-06-20T08:19:20+00:00,0x24566b05dd885b293cc5134ec8e03b48b70deb922184bdcc2161e2be3e3ef2d5,0x44f3d9c9aee644f9b34013c9c973998796b6af0fa3d67f5e1a5efe8a2481eda0,36255663122300922446827895188196106105402047261505221207536072485792491869397,36255663122300922446827895188196106105402047261505221207536072485792491869397,lowest-temperature-in-nyc-on-june-20-2026-57forbelow,lowest-temperature-in-nyc-on-june-20-2026,Will the lowest temperature in New York City be 57°F or below on June 20?,Yes,0,BUY,0.0070000016016477755,3.746142,0.026223,endpoint_usdcSize,weather,other,false,,,unavailable,entry_candidate,0x594edb9112f526fa6a80b8f858a6379c8a2c1c11|0x44f3d9c9aee644f9b34013c9c973998796b6af0fa3d67f5e1a5efe8a2481eda0|36255663122300922446827895188196106105402047261505221207536072485792491869397|Yes,0x594edb9112f526fa6a80b8f858a6379c8a2c1c11|activity_primary|0x24566b05dd885b293cc5134ec8e03b48b70deb922184bdcc2161e2be3e3ef2d5|0x44f3d9c9aee644f9b34013c9c973998796b6af0fa3d67f5e1a5efe8a2481eda0|36255663122300922446827895188196106105402047261505221207536072485792491869397|1781943560|buy|0.0070000016016477755|3.746142,2026-06-24T20:54:39+00:00,6743b89366212479730a429b972f39e2cd91b3851de762623ce8ea87ebcea47a,e2c10ed41245400b56d747ae94a82fa3a6c1a8e8e8a272e6be31b88159f262fc,wallet_trade_history_v1,none
0x594edb9112f526fa6a80b8f858a6379c8a2c1c11,https://polymarket.com/@0x594edB9112f526Fa6A80b8F858A6379C8A2c1C11,https://data-api.polymarket.com/activity?user=0x594edB9112f526Fa6A80b8F858A6379C8A2c1C11&type=TRADE&limit=100&offset=0&sortBy=TIMESTAMP&sortDirection=DESC,activity_primary,TRADE,1781943560,2026-06-20T08:19:20+00:00,0x3ae5796b999a52fa6302f42dd096651481ee8d166d5364858506232f45afb86d,0x44f3d9c9aee644f9b34013c9c973998796b6af0fa3d67f5e1a5efe8a2481eda0,36255663122300922446827895188196106105402047261505221207536072485792491869397,36255663122300922446827895188196106105402047261505221207536072485792491869397,lowest-temperature-in-nyc-on-june-20-2026-57forbelow,lowest-temperature-in-nyc-on-june-20-2026,Will the lowest temperature in New York City be 57°F or below on June 20?,Yes,0,BUY,0.007,23.13,0.16191,endpoint_usdcSize,weather,other,false,,,unavailable,entry_candidate,0x594edb9112f526fa6a80b8f858a6379c8a2c1c11|0x44f3d9c9aee644f9b34013c9c973998796b6af0fa3d67f5e1a5efe8a2481eda0|36255663122300922446827895188196106105402047261505221207536072485792491869397|Yes,0x594edb9112f526fa6a80b8f858a6379c8a2c1c11|activity_primary|0x3ae5796b999a52fa6302f42dd096651481ee8d166d5364858506232f45afb86d|0x44f3d9c9aee644f9b34013c9c973998796b6af0fa3d67f5e1a5efe8a2481eda0|36255663122300922446827895188196106105402047261505221207536072485792491869397|1781943560|buy|0.007|23.13,2026-06-24T20:54:39+00:00,9c18ef19e2c5b2d4a9066630294804b32316bfc72e86353bfc863068ddc1b8c8,e2c10ed41245400b56d747ae94a82fa3a6c1a8e8e8a272e6be31b88159f262fc,wallet_trade_history_v1,none
0x594edb9112f526fa6a80b8f858a6379c8a2c1c11,https://polymarket.com/@0x594edB9112f526Fa6A80b8F858A6379C8A2c1C11,https://data-api.polymarket.com/activity?user=0x594edB9112f526Fa6A80b8F858A6379C8A2c1C11&type=TRADE&limit=100&offset=0&sortBy=TIMESTAMP&sortDirection=DESC,activity_primary,TRADE,1781943535,2026-06-20T08:18:55+00:00,0xe97eb9734e7a0e1aaa2504195df2d2631f57808caa6bcc1af0bcb713b280ab30,0x44f3d9c9aee644f9b34013c9c973998796b6af0fa3d67f5e1a5efe8a2481eda0,36255663122300922446827895188196106105402047261505221207536072485792491869397,36255663122300922446827895188196106105402047261505221207536072485792491869397,lowest-temperature-in-nyc-on-june-20-2026-57forbelow,lowest-temperature-in-nyc-on-june-20-2026,Will the lowest temperature in New York City be 57°F or below on June 20?,Yes,0,BUY,0.007000001986003968,1.510571,0.010574,endpoint_usdcSize,weather,other,false,,,unavailable,entry_candidate,0x594edb9112f526fa6a80b8f858a6379c8a2c1c11|0x44f3d9c9aee644f9b34013c9c973998796b6af0fa3d67f5e1a5efe8a2481eda0|36255663122300922446827895188196106105402047261505221207536072485792491869397|Yes,0x594edb9112f526fa6a80b8f858a6379c8a2c1c11|activity_primary|0xe97eb9734e7a0e1aaa2504195df2d2631f57808caa6bcc1af0bcb713b280ab30|0x44f3d9c9aee644f9b34013c9c973998796b6af0fa3d67f5e1a5efe8a2481eda0|36255663122300922446827895188196106105402047261505221207536072485792491869397|1781943535|buy|0.007000001986003968|1.510571,2026-06-24T20:54:39+00:00,b307c8dab48c4e00a7105987171a473f24147a855bdba34b3a22c7e971a25c0d,e2c10ed41245400b56d747ae94a82fa3a6c1a8e8e8a272e6be31b88159f262fc,wallet_trade_history_v1,none
0x594edb9112f526fa6a80b8f858a6379c8a2c1c11,https://polymarket.com/@0x594edB9112f526Fa6A80b8F858A6379C8A2c1C11,https://data-api.polymarket.com/activity?user=0x594edB9112f526Fa6A80b8F858A6379C8A2c1C11&type=TRADE&limit=100&offset=0&sortBy=TIMESTAMP&sortDirection=DESC,activity_primary,TRADE,1781943532,2026-06-20T08:18:52+00:00,0xda285ae39d3f0c69e17f4dedf43ac252f0c1eea0cb30ebc69520b73c55c34dc4,0x44f3d9c9aee644f9b34013c9c973998796b6af0fa3d67f5e1a5efe8a2481eda0,31568045861545531920199171194043987688073495511478161058900770925741290259704,31568045861545531920199171194043987688073495511478161058900770925741290259704,lowest-temperature-in-nyc-on-june-20-2026-57forbelow,lowest-temperature-in-nyc-on-june-20-2026,Will the lowest temperature in New York City be 57°F or below on June 20?,No,1,BUY,0.992,3,2.976,endpoint_usdcSize,weather,other,false,,,unavailable,entry_candidate,0x594edb9112f526fa6a80b8f858a6379c8a2c1c11|0x44f3d9c9aee644f9b34013c9c973998796b6af0fa3d67f5e1a5efe8a2481eda0|31568045861545531920199171194043987688073495511478161058900770925741290259704|No,0x594edb9112f526fa6a80b8f858a6379c8a2c1c11|activity_primary|0xda285ae39d3f0c69e17f4dedf43ac252f0c1eea0cb30ebc69520b73c55c34dc4|0x44f3d9c9aee644f9b34013c9c973998796b6af0fa3d67f5e1a5efe8a2481eda0|31568045861545531920199171194043987688073495511478161058900770925741290259704|1781943532|buy|0.992|3,2026-06-24T20:54:39+00:00,1cca59944782c06d51b53739c97059887d7b8208fc38dab69f49588c8104ff46,e2c10ed41245400b56d747ae94a82fa3a6c1a8e8e8a272e6be31b88159f262fc,wallet_trade_history_v1,none
0x594edb9112f526fa6a80b8f858a6379c8a2c1c11,https://polymarket.com/@0x594edB9112f526Fa6A80b8F858A6379C8A2c1C11,https://data-api.polymarket.com/activity?user=0x594edB9112f526Fa6A80b8F858A6379C8A2c1C11&type=TRADE&limit=100&offset=0&sortBy=TIMESTAMP&sortDirection=DESC,activity_primary,TRADE,1781943529,2026-06-20T08:18:49+00:00,0x454b426d8d7144d9c0c12a3f94d20158529a6bb5c1b5ff0fc91764bca470ac2d,0x44f3d9c9aee644f9b34013c9c973998796b6af0fa3d67f5e1a5efe8a2481eda0,36255663122300922446827895188196106105402047261505221207536072485792491869397,36255663122300922446827895188196106105402047261505221207536072485792491869397,lowest-temperature-in-nyc-on-june-20-2026-57forbelow,lowest-temperature-in-nyc-on-june-20-2026,Will the lowest temperature in New York City be 57°F or below on June 20?,Yes,0,BUY,0.007,1.6,0.0112,endpoint_usdcSize,weather,other,false,,,unavailable,entry_candidate,0x594edb9112f526fa6a80b8f858a6379c8a2c1c11|0x44f3d9c9aee644f9b34013c9c973998796b6af0fa3d67f5e1a5efe8a2481eda0|36255663122300922446827895188196106105402047261505221207536072485792491869397|Yes,0x594edb9112f526fa6a80b8f858a6379c8a2c1c11|activity_primary|0x454b426d8d7144d9c0c12a3f94d20158529a6bb5c1b5ff0fc91764bca470ac2d|0x44f3d9c9aee644f9b34013c9c973998796b6af0fa3d67f5e1a5efe8a2481eda0|36255663122300922446827895188196106105402047261505221207536072485792491869397|1781943529|buy|0.007|1.6,2026-06-24T20:54:39+00:00,edeab3d2875ff31e769d00f17c7be22789552009f2dd9f605fb210ee749d8318,e2c10ed41245400b56d747ae94a82fa3a6c1a8e8e8a272e6be31b88159f262fc,wallet_trade_history_v1,none
0x594edb9112f526fa6a80b8f858a6379c8a2c1c11,https://polymarket.com/@0x594edB9112f526Fa6A80b8F858A6379C8A2c1C11,https://data-api.polymarket.com/activity?user=0x594edB9112f526Fa6A80b8F858A6379C8A2c1C11&type=TRADE&limit=100&offset=0&sortBy=TIMESTAMP&sortDirection=DESC,activity_primary,TRADE,1781943515,2026-06-20T08:18:35+00:00,0x723ecf4b3813bcc71fcb1d42b3b53597bc4fe44536f14e3f464289a07498dffd,0x44f3d9c9aee644f9b34013c9c973998796b6af0fa3d67f5e1a5efe8a2481eda0,36255663122300922446827895188196106105402047261505221207536072485792491869397,36255663122300922446827895188196106105402047261505221207536072485792491869397,lowest-temperature-in-nyc-on-june-20-2026-57forbelow,lowest-temperature-in-nyc-on-june-20-2026,Will the lowest temperature in New York City be 57°F or below on June 20?,Yes,0,BUY,0.005416666666666667,120,0.68232,endpoint_usdcSize,weather,other,false,,,unavailable,entry_candidate,0x594edb9112f526fa6a80b8f858a6379c8a2c1c11|0x44f3d9c9aee644f9b34013c9c973998796b6af0fa3d67f5e1a5efe8a2481eda0|36255663122300922446827895188196106105402047261505221207536072485792491869397|Yes,0x594edb9112f526fa6a80b8f858a6379c8a2c1c11|activity_primary|0x723ecf4b3813bcc71fcb1d42b3b53597bc4fe44536f14e3f464289a07498dffd|0x44f3d9c9aee644f9b34013c9c973998796b6af0fa3d67f5e1a5efe8a2481eda0|36255663122300922446827895188196106105402047261505221207536072485792491869397|1781943515|buy|0.005416666666666667|120,2026-06-24T20:54:39+00:00,2480ab304629fa37227c7ef3f17e13ac4a362957212a9d8662e1642e1e057d70,e2c10ed41245400b56d747ae94a82fa3a6c1a8e8e8a272e6be31b88159f262fc,wallet_trade_history_v1,none
0x594edb9112f526fa6a80b8f858a6379c8a2c1c11,https://polymarket.com/@0x594edB9112f526Fa6A80b8F858A6379C8A2c1C11,https://data-api.polymarket.com/activity?user=0x594edB9112f526Fa6A80b8F858A6379C8A2c1C11&type=TRADE&limit=100&offset=0&sortBy=TIMESTAMP&sortDirection=DESC,activity_primary,TRADE,1781943452,2026-06-20T08:17:32+00:00,0xe08199a79f92e7f222677095013f30a7889a1e545b9597d6a320c7cfc902b179,0x821bc8c2f4aafde29d3c949a223bad2d8348e1d280597e52575e78a5a2367d20,19676761885837643254143961349212177204688254535805995626688623154747890231312,19676761885837643254143961349212177204688254535805995626688623154747890231312,lowest-temperature-in-nyc-on-june-20-2026-72-73f,lowest-temperature-in-nyc-on-june-20-2026,Will the lowest temperature in New York City be between 72-73°F on June 20?,Yes,0,BUY,0.005,20,0.1,endpoint_usdcSize,weather,other,false,,,unavailable,entry_candidate,0x594edb9112f526fa6a80b8f858a6379c8a2c1c11|0x821bc8c2f4aafde29d3c949a223bad2d8348e1d280597e52575e78a5a2367d20|19676761885837643254143961349212177204688254535805995626688623154747890231312|Yes,0x594edb9112f526fa6a80b8f858a6379c8a2c1c11|activity_primary|0xe08199a79f92e7f222677095013f30a7889a1e545b9597d6a320c7cfc902b179|0x821bc8c2f4aafde29d3c949a223bad2d8348e1d280597e52575e78a5a2367d20|19676761885837643254143961349212177204688254535805995626688623154747890231312|1781943452|buy|0.005|20,2026-06-24T20:54:39+00:00,db896d24ef576abe274c910363a46aac776d93ac00b0c83680e2dd9b92ebdebd,e2c10ed41245400b56d747ae94a82fa3a6c1a8e8e8a272e6be31b88159f262fc,wallet_trade_history_v1,none
0x594edb9112f526fa6a80b8f858a6379c8a2c1c11,https://polymarket.com/@0x594edB9112f526Fa6A80b8F858A6379C8A2c1C11,https://data-api.polymarket.com/activity?user=0x594edB9112f526Fa6A80b8F858A6379C8A2c1C11&type=TRADE&limit=100&offset=0&sortBy=TIMESTAMP&sortDirection=DESC,activity_primary,TRADE,1781943451,2026-06-20T08:17:31+00:00,0x238aee55b99802087d5ab82251346edf81efee6e4904da2e85fcdef93df6c070,0x821bc8c2f4aafde29d3c949a223bad2d8348e1d280597e52575e78a5a2367d20,19676761885837643254143961349212177204688254535805995626688623154747890231312,19676761885837643254143961349212177204688254535805995626688623154747890231312,lowest-temperature-in-nyc-on-june-20-2026-72-73f,lowest-temperature-in-nyc-on-june-20-2026,Will the lowest temperature in New York City be between 72-73°F on June 20?,Yes,0,BUY,0.002,63,0.13228,endpoint_usdcSize,weather,other,false,,,unavailable,entry_candidate,0x594edb9112f526fa6a80b8f858a6379c8a2c1c11|0x821bc8c2f4aafde29d3c949a223bad2d8348e1d280597e52575e78a5a2367d20|19676761885837643254143961349212177204688254535805995626688623154747890231312|Yes,0x594edb9112f526fa6a80b8f858a6379c8a2c1c11|activity_primary|0x238aee55b99802087d5ab82251346edf81efee6e4904da2e85fcdef93df6c070|0x821bc8c2f4aafde29d3c949a223bad2d8348e1d280597e52575e78a5a2367d20|19676761885837643254143961349212177204688254535805995626688623154747890231312|1781943451|buy|0.002|63,2026-06-24T20:54:39+00:00,51afc197d18ac68e0553c1ade44aef2ecf7549695c50e0f927eef2971a321f90,e2c10ed41245400b56d747ae94a82fa3a6c1a8e8e8a272e6be31b88159f262fc,wallet_trade_history_v1,none
0xde79cc7660d5c05b4cd2f4e72cae30cde2583d9a,https://polymarket.com/0xde79cc7660d5c05b4cd2f4e72cae30cde2583d9a,https://data-api.polymarket.com/activity?user=0xde79cc7660d5c05b4cd2f4e72cae30cde2583d9a&type=TRADE&limit=100&offset=0&sortBy=TIMESTAMP&sortDirection=DESC,activity_primary,TRADE,1771327799,2026-02-17T11:29:59+00:00,0x74f2662398d61e910d4be6384428ddc94180dedba929727e5ccd1202c2f93ccc,0x06dd1b616803bab24ff7b640dfd2c1ef15f07aa57424214496cb587950c979e8,55648064559060824625092770575020159635730869561247365209150047148659062670156,55648064559060824625092770575020159635730869561247365209150047148659062670156,btc-updown-15m-1771326900,btc-updown-15m-1771326900,"Bitcoin Up or Down - February 17, 6:15AM-6:30AM ET",Down,1,SELL,0.28,2.76,0.7728,endpoint_usdcSize,fast_crypto_up_down,BTC,true,,,unavailable,exit_candidate,0xde79cc7660d5c05b4cd2f4e72cae30cde2583d9a|0x06dd1b616803bab24ff7b640dfd2c1ef15f07aa57424214496cb587950c979e8|55648064559060824625092770575020159635730869561247365209150047148659062670156|Down,0xde79cc7660d5c05b4cd2f4e72cae30cde2583d9a|activity_primary|0x74f2662398d61e910d4be6384428ddc94180dedba929727e5ccd1202c2f93ccc|0x06dd1b616803bab24ff7b640dfd2c1ef15f07aa57424214496cb587950c979e8|55648064559060824625092770575020159635730869561247365209150047148659062670156|1771327799|sell|0.28|2.76,2026-06-24T20:54:42+00:00,8fdcade0bd43130c3f37d004a9301362b1801b1ca3debc30db487fbcfcaf51d8,b6c649bb98d450a889082d2496cc73c47eab42b131a53b234722c1b2202cdf38,wallet_trade_history_v1,none
0xde79cc7660d5c05b4cd2f4e72cae30cde2583d9a,https://polymarket.com/0xde79cc7660d5c05b4cd2f4e72cae30cde2583d9a,https://data-api.polymarket.com/activity?user=0xde79cc7660d5c05b4cd2f4e72cae30cde2583d9a&type=TRADE&limit=100&offset=0&sortBy=TIMESTAMP&sortDirection=DESC,activity_primary,TRADE,1771327653,2026-02-17T11:27:33+00:00,0x6d6b9ccd6b41c6664fef1af0a473610fa3a7ea164e5560e1b49aaf92ce5290e9,0x06dd1b616803bab24ff7b640dfd2c1ef15f07aa57424214496cb587950c979e8,55648064559060824625092770575020159635730869561247365209150047148659062670156,55648064559060824625092770575020159635730869561247365209150047148659062670156,btc-updown-15m-1771326900,btc-updown-15m-1771326900,"Bitcoin Up or Down - February 17, 6:15AM-6:30AM ET",Down,1,BUY,0.98,102.13265,100.089997,endpoint_usdcSize,fast_crypto_up_down,BTC,true,,,unavailable,entry_candidate,0xde79cc7660d5c05b4cd2f4e72cae30cde2583d9a|0x06dd1b616803bab24ff7b640dfd2c1ef15f07aa57424214496cb587950c979e8|55648064559060824625092770575020159635730869561247365209150047148659062670156|Down,0xde79cc7660d5c05b4cd2f4e72cae30cde2583d9a|activity_primary|0x6d6b9ccd6b41c6664fef1af0a473610fa3a7ea164e5560e1b49aaf92ce5290e9|0x06dd1b616803bab24ff7b640dfd2c1ef15f07aa57424214496cb587950c979e8|55648064559060824625092770575020159635730869561247365209150047148659062670156|1771327653|buy|0.98|102.13265,2026-06-24T20:54:42+00:00,d98f63b0c974950f57c91c1afa0c71fbea69c98ca1d2e244aff5830f3dc19244,b6c649bb98d450a889082d2496cc73c47eab42b131a53b234722c1b2202cdf38,wallet_trade_history_v1,none
0xde79cc7660d5c05b4cd2f4e72cae30cde2583d9a,https://polymarket.com/0xde79cc7660d5c05b4cd2f4e72cae30cde2583d9a,https://data-api.polymarket.com/activity?user=0xde79cc7660d5c05b4cd2f4e72cae30cde2583d9a&type=TRADE&limit=100&offset=0&sortBy=TIMESTAMP&sortDirection=DESC,activity_primary,TRADE,1771324971,2026-02-17T10:42:51+00:00,0x75214b2188ee4a2f195409dcd2dacd7f0c9c0cd690c89d7e1c3a417b2f93c75a,0xdd7a489c86322fba4e4a8a20638f98c378cc076eef493d08fd6af1d2b73edb3c,103927816016202751061724512752989082199956598040964653826191736903517318487556,103927816016202751061724512752989082199956598040964653826191736903517318487556,btc-updown-15m-1771324200,btc-updown-15m-1771324200,"Bitcoin Up or Down - February 17, 5:30AM-5:45AM ET",Down,1,BUY,0.9796003668632196,100.0918,98.049964,endpoint_usdcSize,fast_crypto_up_down,BTC,true,,,unavailable,entry_candidate,0xde79cc7660d5c05b4cd2f4e72cae30cde2583d9a|0xdd7a489c86322fba4e4a8a20638f98c378cc076eef493d08fd6af1d2b73edb3c|103927816016202751061724512752989082199956598040964653826191736903517318487556|Down,0xde79cc7660d5c05b4cd2f4e72cae30cde2583d9a|activity_primary|0x75214b2188ee4a2f195409dcd2dacd7f0c9c0cd690c89d7e1c3a417b2f93c75a|0xdd7a489c86322fba4e4a8a20638f98c378cc076eef493d08fd6af1d2b73edb3c|103927816016202751061724512752989082199956598040964653826191736903517318487556|1771324971|buy|0.9796003668632196|100.0918,2026-06-24T20:54:42+00:00,9d0c4c39fb3867e65201d937a00463c8cf483cc14b2835f3c5dc7649f216c42d,b6c649bb98d450a889082d2496cc73c47eab42b131a53b234722c1b2202cdf38,wallet_trade_history_v1,none
0xde79cc7660d5c05b4cd2f4e72cae30cde2583d9a,https://polymarket.com/0xde79cc7660d5c05b4cd2f4e72cae30cde2583d9a,https://data-api.polymarket.com/activity?user=0xde79cc7660d5c05b4cd2f4e72cae30cde2583d9a&type=TRADE&limit=100&offset=0&sortBy=TIMESTAMP&sortDirection=DESC,activity_primary,TRADE,1771282381,2026-02-16T22:53:01+00:00,0xbdf6b1640d603547af52829308bdc892ca4b28aad2167b9f75153d7b29aeab94,0xbc5b3456f58b9d50591593c1855b36990be36e986523f3c936d7eece1ac6aa75,60372480659066749659245261515726029271626208338423506511721323939353936635772,60372480659066749659245261515726029271626208338423506511721323939353936635772,btc-updown-5m-1771282200,btc-updown-5m-1771282200,"Bitcoin Up or Down - February 16, 5:50PM-5:55PM ET",Down,1,BUY,0.9229273578139554,259.4787,239.479991,endpoint_usdcSize,fast_crypto_up_down,BTC,true,,,unavailable,entry_candidate,0xde79cc7660d5c05b4cd2f4e72cae30cde2583d9a|0xbc5b3456f58b9d50591593c1855b36990be36e986523f3c936d7eece1ac6aa75|60372480659066749659245261515726029271626208338423506511721323939353936635772|Down,0xde79cc7660d5c05b4cd2f4e72cae30cde2583d9a|activity_primary|0xbdf6b1640d603547af52829308bdc892ca4b28aad2167b9f75153d7b29aeab94|0xbc5b3456f58b9d50591593c1855b36990be36e986523f3c936d7eece1ac6aa75|60372480659066749659245261515726029271626208338423506511721323939353936635772|1771282381|buy|0.9229273578139554|259.4787,2026-06-24T20:54:42+00:00,0178d6f53dc7f0dc475cc463bb8490eea1c4fe568c221ef374cdec626f60a5d9,b6c649bb98d450a889082d2496cc73c47eab42b131a53b234722c1b2202cdf38,wallet_trade_history_v1,none
0xde79cc7660d5c05b4cd2f4e72cae30cde2583d9a,https://polymarket.com/0xde79cc7660d5c05b4cd2f4e72cae30cde2583d9a,https://data-api.polymarket.com/activity?user=0xde79cc7660d5c05b4cd2f4e72cae30cde2583d9a&type=TRADE&limit=100&offset=0&sortBy=TIMESTAMP&sortDirection=DESC,activity_primary,TRADE,1771281421,2026-02-16T22:37:01+00:00,0xc0866a03c3ca6b1de61cdead512e17f855a65c413034288d1638e926dae386c5,0xf09cbb02a77963866fc39fbf3785ef6d4664b0737bed4513c33d60d6fc4c0c32,111220752415266568315044210759061945840571789611044601803375625216801382173396,111220752415266568315044210759061945840571789611044601803375625216801382173396,btc-updown-5m-1771281000,btc-updown-5m-1771281000,"Bitcoin Up or Down - February 16, 5:30PM-5:35PM ET",Up,0,SELL,0.999,239.72,239.48028,endpoint_usdcSize,fast_crypto_up_down,BTC,true,,,unavailable,exit_candidate,0xde79cc7660d5c05b4cd2f4e72cae30cde2583d9a|0xf09cbb02a77963866fc39fbf3785ef6d4664b0737bed4513c33d60d6fc4c0c32|111220752415266568315044210759061945840571789611044601803375625216801382173396|Up,0xde79cc7660d5c05b4cd2f4e72cae30cde2583d9a|activity_primary|0xc0866a03c3ca6b1de61cdead512e17f855a65c413034288d1638e926dae386c5|0xf09cbb02a77963866fc39fbf3785ef6d4664b0737bed4513c33d60d6fc4c0c32|111220752415266568315044210759061945840571789611044601803375625216801382173396|1771281421|sell|0.999|239.72,2026-06-24T20:54:42+00:00,e68f69489c1ddf92b02a84f078c6ab8f066060d322d9398224a5887c0db2a445,b6c649bb98d450a889082d2496cc73c47eab42b131a53b234722c1b2202cdf38,wallet_trade_history_v1,none
0xde79cc7660d5c05b4cd2f4e72cae30cde2583d9a,https://polymarket.com/0xde79cc7660d5c05b4cd2f4e72cae30cde2583d9a,https://data-api.polymarket.com/activity?user=0xde79cc7660d5c05b4cd2f4e72cae30cde2583d9a&type=TRADE&limit=100&offset=0&sortBy=TIMESTAMP&sortDirection=DESC,activity_primary,TRADE,1771281253,2026-02-16T22:34:13+00:00,0x74c24427510253ca8ed3814cfa879d5335b8824d0765daca39b3bf77ce410baa,0xf09cbb02a77963866fc39fbf3785ef6d4664b0737bed4513c33d60d6fc4c0c32,111220752415266568315044210759061945840571789611044601803375625216801382173396,111220752415266568315044210759061945840571789611044601803375625216801382173396,btc-updown-5m-1771281000,btc-updown-5m-1771281000,"Bitcoin Up or Down - February 16, 5:30PM-5:35PM ET",Up,0,BUY,0.9741717360898372,239.76265,233.569997,endpoint_usdcSize,fast_crypto_up_down,BTC,true,,,unavailable,entry_candidate,0xde79cc7660d5c05b4cd2f4e72cae30cde2583d9a|0xf09cbb02a77963866fc39fbf3785ef6d4664b0737bed4513c33d60d6fc4c0c32|111220752415266568315044210759061945840571789611044601803375625216801382173396|Up,0xde79cc7660d5c05b4cd2f4e72cae30cde2583d9a|activity_primary|0x74c24427510253ca8ed3814cfa879d5335b8824d0765daca39b3bf77ce410baa|0xf09cbb02a77963866fc39fbf3785ef6d4664b0737bed4513c33d60d6fc4c0c32|111220752415266568315044210759061945840571789611044601803375625216801382173396|1771281253|buy|0.9741717360898372|239.76265,2026-06-24T20:54:42+00:00,b112b67da66a6f79f7a142f3fd37c5784c61beedbbe834198a44f89803278f81,b6c649bb98d450a889082d2496cc73c47eab42b131a53b234722c1b2202cdf38,wallet_trade_history_v1,none
0xde79cc7660d5c05b4cd2f4e72cae30cde2583d9a,https://polymarket.com/0xde79cc7660d5c05b4cd2f4e72cae30cde2583d9a,https://data-api.polymarket.com/activity?user=0xde79cc7660d5c05b4cd2f4e72cae30cde2583d9a&type=TRADE&limit=100&offset=0&sortBy=TIMESTAMP&sortDirection=DESC,activity_primary,TRADE,1771281151,2026-02-16T22:32:31+00:00,0xe68e171f747d2ed6d647fd9bcacb9330c552a9402bad1d2f16c3985a0bb6d101,0xc99e4cf77c61b329f6e996693726cda90abc578e0d22f588f62b78d76185645b,115122762883553093991228315491545172369724679350097496427535717136355209576798,115122762883553093991228315491545172369724679350097496427535717136355209576798,btc-updown-15m-1771280100,btc-updown-15m-1771280100,"Bitcoin Up or Down - February 16, 5:15PM-5:30PM ET",Down,1,SELL,0.999,233.81,233.57619,endpoint_usdcSize,fast_crypto_up_down,BTC,true,,,unavailable,exit_candidate,0xde79cc7660d5c05b4cd2f4e72cae30cde2583d9a|0xc99e4cf77c61b329f6e996693726cda90abc578e0d22f588f62b78d76185645b|115122762883553093991228315491545172369724679350097496427535717136355209576798|Down,0xde79cc7660d5c05b4cd2f4e72cae30cde2583d9a|activity_primary|0xe68e171f747d2ed6d647fd9bcacb9330c552a9402bad1d2f16c3985a0bb6d101|0xc99e4cf77c61b329f6e996693726cda90abc578e0d22f588f62b78d76185645b|115122762883553093991228315491545172369724679350097496427535717136355209576798|1771281151|sell|0.999|233.81,2026-06-24T20:54:42+00:00,cd1db7e54f0e87a5862dd4fe566d69abce5c85336cdda00fe9277505cc1c7c1e,b6c649bb98d450a889082d2496cc73c47eab42b131a53b234722c1b2202cdf38,wallet_trade_history_v1,none
0xde79cc7660d5c05b4cd2f4e72cae30cde2583d9a,https://polymarket.com/0xde79cc7660d5c05b4cd2f4e72cae30cde2583d9a,https://data-api.polymarket.com/activity?user=0xde79cc7660d5c05b4cd2f4e72cae30cde2583d9a&type=TRADE&limit=100&offset=0&sortBy=TIMESTAMP&sortDirection=DESC,activity_primary,TRADE,1771280845,2026-02-16T22:27:25+00:00,0x4f8b98ea239c0666d6a8c6487b8bde64a4e7d052d74d455878eb44c7e6bea948,0xc99e4cf77c61b329f6e996693726cda90abc578e0d22f588f62b78d76185645b,115122762883553093991228315491545172369724679350097496427535717136355209576798,115122762883553093991228315491545172369724679350097496427535717136355209576798,btc-updown-15m-1771280100,btc-updown-15m-1771280100,"Bitcoin Up or Down - February 16, 5:15PM-5:30PM ET",Down,1,BUY,0.95,233.94736,222.249992,endpoint_usdcSize,fast_crypto_up_down,BTC,true,,,unavailable,entry_candidate,0xde79cc7660d5c05b4cd2f4e72cae30cde2583d9a|0xc99e4cf77c61b329f6e996693726cda90abc578e0d22f588f62b78d76185645b|115122762883553093991228315491545172369724679350097496427535717136355209576798|Down,0xde79cc7660d5c05b4cd2f4e72cae30cde2583d9a|activity_primary|0x4f8b98ea239c0666d6a8c6487b8bde64a4e7d052d74d455878eb44c7e6bea948|0xc99e4cf77c61b329f6e996693726cda90abc578e0d22f588f62b78d76185645b|115122762883553093991228315491545172369724679350097496427535717136355209576798|1771280845|buy|0.95|233.94736,2026-06-24T20:54:42+00:00,461f890be7c28ee924db60802f11f0230295df00b38a1be18aba459c6f3ddba7,b6c649bb98d450a889082d2496cc73c47eab42b131a53b234722c1b2202cdf38,wallet_trade_history_v1,none
0xde79cc7660d5c05b4cd2f4e72cae30cde2583d9a,https://polymarket.com/0xde79cc7660d5c05b4cd2f4e72cae30cde2583d9a,https://data-api.polymarket.com/activity?user=0xde79cc7660d5c05b4cd2f4e72cae30cde2583d9a&type=TRADE&limit=100&offset=0&sortBy=TIMESTAMP&sortDirection=DESC,activity_primary,TRADE,1771280819,2026-02-16T22:26:59+00:00,0x44292d16b04d46277cb73133378b628f413f0fd5b9535f0ee6ed960a45df5a7d,0x93588b5ea0a09101bfe29296c926c7370786c90765388ff4a08b0c4bc9cd90ac,17944200751466517208015636353327867435472750391074869945116249375875489474678,17944200751466517208015636353327867435472750391074869945116249375875489474678,btc-updown-5m-1771280400,btc-updown-5m-1771280400,"Bitcoin Up or Down - February 16, 5:20PM-5:25PM ET",Down,1,SELL,0.999,222.47,222.24753,endpoint_usdcSize,fast_crypto_up_down,BTC,true,,,unavailable,exit_candidate,0xde79cc7660d5c05b4cd2f4e72cae30cde2583d9a|0x93588b5ea0a09101bfe29296c926c7370786c90765388ff4a08b0c4bc9cd90ac|17944200751466517208015636353327867435472750391074869945116249375875489474678|Down,0xde79cc7660d5c05b4cd2f4e72cae30cde2583d9a|activity_primary|0x44292d16b04d46277cb73133378b628f413f0fd5b9535f0ee6ed960a45df5a7d|0x93588b5ea0a09101bfe29296c926c7370786c90765388ff4a08b0c4bc9cd90ac|17944200751466517208015636353327867435472750391074869945116249375875489474678|1771280819|sell|0.999|222.47,2026-06-24T20:54:42+00:00,1ab4a9322c57a2c1337e660aec009278fe289e00947694857ee9010b61d16eb7,b6c649bb98d450a889082d2496cc73c47eab42b131a53b234722c1b2202cdf38,wallet_trade_history_v1,none
0xde79cc7660d5c05b4cd2f4e72cae30cde2583d9a,https://polymarket.com/0xde79cc7660d5c05b4cd2f4e72cae30cde2583d9a,https://data-api.polymarket.com/activity?user=0xde79cc7660d5c05b4cd2f4e72cae30cde2583d9a&type=TRADE&limit=100&offset=0&sortBy=TIMESTAMP&sortDirection=DESC,activity_primary,TRADE,1771280677,2026-02-16T22:24:37+00:00,0xd242c912b4fac796494c139d38529fa62b7e9eeb694689da2d1fe6a4c4daaeaf,0x93588b5ea0a09101bfe29296c926c7370786c90765388ff4a08b0c4bc9cd90ac,17944200751466517208015636353327867435472750391074869945116249375875489474678,17944200751466517208015636353327867435472750391074869945116249375875489474678,btc-updown-5m-1771280400,btc-updown-5m-1771280400,"Bitcoin Up or Down - February 16, 5:20PM-5:25PM ET",Down,1,BUY,0.99,222.4848,220.259952,endpoint_usdcSize,fast_crypto_up_down,BTC,true,,,unavailable,entry_candidate,0xde79cc7660d5c05b4cd2f4e72cae30cde2583d9a|0x93588b5ea0a09101bfe29296c926c7370786c90765388ff4a08b0c4bc9cd90ac|17944200751466517208015636353327867435472750391074869945116249375875489474678|Down,0xde79cc7660d5c05b4cd2f4e72cae30cde2583d9a|activity_primary|0xd242c912b4fac796494c139d38529fa62b7e9eeb694689da2d1fe6a4c4daaeaf|0x93588b5ea0a09101bfe29296c926c7370786c90765388ff4a08b0c4bc9cd90ac|17944200751466517208015636353327867435472750391074869945116249375875489474678|1771280677|buy|0.99|222.4848,2026-06-24T20:54:42+00:00,57120f77f19bb84f0aac50a4ddd7d0db935931898e8fa19d75d9d29c453ef99e,b6c649bb98d450a889082d2496cc73c47eab42b131a53b234722c1b2202cdf38,wallet_trade_history_v1,none
0xde79cc7660d5c05b4cd2f4e72cae30cde2583d9a,https://polymarket.com/0xde79cc7660d5c05b4cd2f4e72cae30cde2583d9a,https://data-api.polymarket.com/activity?user=0xde79cc7660d5c05b4cd2f4e72cae30cde2583d9a&type=TRADE&limit=100&offset=0&sortBy=TIMESTAMP&sortDirection=DESC,activity_primary,TRADE,1771280011,2026-02-16T22:13:31+00:00,0x6a3c76c17879e7c24860c44c559d0095e080dd01f13cd847dbf2ada9106a7675,0xc10bcbf65b84d311cfd2a249dd321b03106ae2c2aa2746c829babf979aebf372,56786514857032019101074734002165588949835999213983845374984169374202673110696,56786514857032019101074734002165588949835999213983845374984169374202673110696,btc-updown-15m-1771279200,btc-updown-15m-1771279200,"Bitcoin Up or Down - February 16, 5:00PM-5:15PM ET",Down,1,BUY,0.98,202.37755,198.329999,endpoint_usdcSize,fast_crypto_up_down,BTC,true,,,unavailable,entry_candidate,0xde79cc7660d5c05b4cd2f4e72cae30cde2583d9a|0xc10bcbf65b84d311cfd2a249dd321b03106ae2c2aa2746c829babf979aebf372|56786514857032019101074734002165588949835999213983845374984169374202673110696|Down,0xde79cc7660d5c05b4cd2f4e72cae30cde2583d9a|activity_primary|0x6a3c76c17879e7c24860c44c559d0095e080dd01f13cd847dbf2ada9106a7675|0xc10bcbf65b84d311cfd2a249dd321b03106ae2c2aa2746c829babf979aebf372|56786514857032019101074734002165588949835999213983845374984169374202673110696|1771280011|buy|0.98|202.37755,2026-06-24T20:54:42+00:00,47696151b707dfedf610cc6d00d81ff4c42fc4671fcc3aa9ea2ba45085ae7725,b6c649bb98d450a889082d2496cc73c47eab42b131a53b234722c1b2202cdf38,wallet_trade_history_v1,none
0xde79cc7660d5c05b4cd2f4e72cae30cde2583d9a,https://polymarket.com/0xde79cc7660d5c05b4cd2f4e72cae30cde2583d9a,https://data-api.polymarket.com/activity?user=0xde79cc7660d5c05b4cd2f4e72cae30cde2583d9a&type=TRADE&limit=100&offset=0&sortBy=TIMESTAMP&sortDirection=DESC,activity_primary,TRADE,1771279997,2026-02-16T22:13:17+00:00,0x1a349ff7ec4564195e1cac03b0aa59eabd838eb3eff2747ed578e4d683271311,0xd17e2e81c2e8f526ad1152d171be78352284824f84e8e1b42fe69c97272eb481,114020280452071777084023062623741247341034443897425248630000621577531069118965,114020280452071777084023062623741247341034443897425248630000621577531069118965,btc-updown-5m-1771279800,btc-updown-5m-1771279800,"Bitcoin Up or Down - February 16, 5:10PM-5:15PM ET",Up,0,SELL,0.63,347.95,219.2085,endpoint_usdcSize,fast_crypto_up_down,BTC,true,,,unavailable,exit_candidate,0xde79cc7660d5c05b4cd2f4e72cae30cde2583d9a|0xd17e2e81c2e8f526ad1152d171be78352284824f84e8e1b42fe69c97272eb481|114020280452071777084023062623741247341034443897425248630000621577531069118965|Up,0xde79cc7660d5c05b4cd2f4e72cae30cde2583d9a|activity_primary|0x1a349ff7ec4564195e1cac03b0aa59eabd838eb3eff2747ed578e4d683271311|0xd17e2e81c2e8f526ad1152d171be78352284824f84e8e1b42fe69c97272eb481|114020280452071777084023062623741247341034443897425248630000621577531069118965|1771279997|sell|0.63|347.95,2026-06-24T20:54:42+00:00,582a888fce79c7a10a24c54fea5f9dbebfac1e741cdc32c24627c2588cfa60c1,b6c649bb98d450a889082d2496cc73c47eab42b131a53b234722c1b2202cdf38,wallet_trade_history_v1,none
0xde79cc7660d5c05b4cd2f4e72cae30cde2583d9a,https://polymarket.com/0xde79cc7660d5c05b4cd2f4e72cae30cde2583d9a,https://data-api.polymarket.com/activity?user=0xde79cc7660d5c05b4cd2f4e72cae30cde2583d9a&type=TRADE&limit=100&offset=0&sortBy=TIMESTAMP&sortDirection=DESC,activity_primary,TRADE,1771279933,2026-02-16T22:12:13+00:00,0x7d73d2a283b943a45c18a95d05a3afb003f4fc7a7ae1da2d5acff6efcbcb6229,0xd17e2e81c2e8f526ad1152d171be78352284824f84e8e1b42fe69c97272eb481,114020280452071777084023062623741247341034443897425248630000621577531069118965,114020280452071777084023062623741247341034443897425248630000621577531069118965,btc-updown-5m-1771279800,btc-updown-5m-1771279800,"Bitcoin Up or Down - February 16, 5:10PM-5:15PM ET",Up,0,BUY,0.7831174306494115,350.483832,274.469998,endpoint_usdcSize,fast_crypto_up_down,BTC,true,,,unavailable,entry_candidate,0xde79cc7660d5c05b4cd2f4e72cae30cde2583d9a|0xd17e2e81c2e8f526ad1152d171be78352284824f84e8e1b42fe69c97272eb481|114020280452071777084023062623741247341034443897425248630000621577531069118965|Up,0xde79cc7660d5c05b4cd2f4e72cae30cde2583d9a|activity_primary|0x7d73d2a283b943a45c18a95d05a3afb003f4fc7a7ae1da2d5acff6efcbcb6229|0xd17e2e81c2e8f526ad1152d171be78352284824f84e8e1b42fe69c97272eb481|114020280452071777084023062623741247341034443897425248630000621577531069118965|1771279933|buy|0.7831174306494115|350.483832,2026-06-24T20:54:42+00:00,5d0df575026c1dfe3002cb9710aaa4a1004fa47b986cf15644c26be92b09a059,b6c649bb98d450a889082d2496cc73c47eab42b131a53b234722c1b2202cdf38,wallet_trade_history_v1,none
0xde79cc7660d5c05b4cd2f4e72cae30cde2583d9a,https://polymarket.com/0xde79cc7660d5c05b4cd2f4e72cae30cde2583d9a,https://data-api.polymarket.com/activity?user=0xde79cc7660d5c05b4cd2f4e72cae30cde2583d9a&type=TRADE&limit=100&offset=0&sortBy=TIMESTAMP&sortDirection=DESC,activity_primary,TRADE,1771279717,2026-02-16T22:08:37+00:00,0x5eabbb001800147e992817fef30b6a2205fce1640e1781204f6511277e2bd3e3,0x6170f17fee8f1ad791f30e245771374abd9a0f527312720a03055c83b25e23de,866618764004672938401506932445494621631763177504393811253855425274531075192,866618764004672938401506932445494621631763177504393811253855425274531075192,btc-updown-5m-1771279500,btc-updown-5m-1771279500,"Bitcoin Up or Down - February 16, 5:05PM-5:10PM ET",Down,1,SELL,0.5950265985856816,468.07,278.5141,endpoint_usdcSize,fast_crypto_up_down,BTC,true,,,unavailable,exit_candidate,0xde79cc7660d5c05b4cd2f4e72cae30cde2583d9a|0x6170f17fee8f1ad791f30e245771374abd9a0f527312720a03055c83b25e23de|866618764004672938401506932445494621631763177504393811253855425274531075192|Down,0xde79cc7660d5c05b4cd2f4e72cae30cde2583d9a|activity_primary|0x5eabbb001800147e992817fef30b6a2205fce1640e1781204f6511277e2bd3e3|0x6170f17fee8f1ad791f30e245771374abd9a0f527312720a03055c83b25e23de|866618764004672938401506932445494621631763177504393811253855425274531075192|1771279717|sell|0.5950265985856816|468.07,2026-06-24T20:54:42+00:00,731bade94a630ffe368bb0bfd266245a5e3b6530dee61f03eb617d2f4d835ead,b6c649bb98d450a889082d2496cc73c47eab42b131a53b234722c1b2202cdf38,wallet_trade_history_v1,none
0xde79cc7660d5c05b4cd2f4e72cae30cde2583d9a,https://polymarket.com/0xde79cc7660d5c05b4cd2f4e72cae30cde2583d9a,https://data-api.polymarket.com/activity?user=0xde79cc7660d5c05b4cd2f4e72cae30cde2583d9a&type=TRADE&limit=100&offset=0&sortBy=TIMESTAMP&sortDirection=DESC,activity_primary,TRADE,1771279665,2026-02-16T22:07:45+00:00,0x01150c97a2f8736700e93ef1f4e6fcc83b0b26417365cb4b38da95774cd025c5,0x6170f17fee8f1ad791f30e245771374abd9a0f527312720a03055c83b25e23de,866618764004672938401506932445494621631763177504393811253855425274531075192,866618764004672938401506932445494621631763177504393811253855425274531075192,btc-updown-5m-1771279500,btc-updown-5m-1771279500,"Bitcoin Up or Down - February 16, 5:05PM-5:10PM ET",Down,1,BUY,0.8072047199806209,470.921425,380.129997,endpoint_usdcSize,fast_crypto_up_down,BTC,true,,,unavailable,entry_candidate,0xde79cc7660d5c05b4cd2f4e72cae30cde2583d9a|0x6170f17fee8f1ad791f30e245771374abd9a0f527312720a03055c83b25e23de|866618764004672938401506932445494621631763177504393811253855425274531075192|Down,0xde79cc7660d5c05b4cd2f4e72cae30cde2583d9a|activity_primary|0x01150c97a2f8736700e93ef1f4e6fcc83b0b26417365cb4b38da95774cd025c5|0x6170f17fee8f1ad791f30e245771374abd9a0f527312720a03055c83b25e23de|866618764004672938401506932445494621631763177504393811253855425274531075192|1771279665|buy|0.8072047199806209|470.921425,2026-06-24T20:54:42+00:00,22a634356a76efc0d391832f6805e999a8f3b3afecae8ccdc40509a8f24c5d9e,b6c649bb98d450a889082d2496cc73c47eab42b131a53b234722c1b2202cdf38,wallet_trade_history_v1,none
0xde79cc7660d5c05b4cd2f4e72cae30cde2583d9a,https://polymarket.com/0xde79cc7660d5c05b4cd2f4e72cae30cde2583d9a,https://data-api.polymarket.com/activity?user=0xde79cc7660d5c05b4cd2f4e72cae30cde2583d9a&type=TRADE&limit=100&offset=0&sortBy=TIMESTAMP&sortDirection=DESC,activity_primary,TRADE,1771279333,2026-02-16T22:02:13+00:00,0xed727062db5fc4809b65d4323896c8c980cafbbf130a55a256f3942d6a9cd4aa,0x9ff912f9a78b17ebf7b39fa00e1aa732f0871a611b3349728e9dab45a56e0e0c,6606385024474879371520514013925326270155710322314391181655404617277436314025,6606385024474879371520514013925326270155710322314391181655404617277436314025,btc-updown-5m-1771278900,btc-updown-5m-1771278900,"Bitcoin Up or Down - February 16, 4:55PM-5:00PM ET",Up,0,SELL,0.999,380.51,380.12949,endpoint_usdcSize,fast_crypto_up_down,BTC,true,,,unavailable,exit_candidate,0xde79cc7660d5c05b4cd2f4e72cae30cde2583d9a|0x9ff912f9a78b17ebf7b39fa00e1aa732f0871a611b3349728e9dab45a56e0e0c|6606385024474879371520514013925326270155710322314391181655404617277436314025|Up,0xde79cc7660d5c05b4cd2f4e72cae30cde2583d9a|activity_primary|0xed727062db5fc4809b65d4323896c8c980cafbbf130a55a256f3942d6a9cd4aa|0x9ff912f9a78b17ebf7b39fa00e1aa732f0871a611b3349728e9dab45a56e0e0c|6606385024474879371520514013925326270155710322314391181655404617277436314025|1771279333|sell|0.999|380.51,2026-06-24T20:54:42+00:00,8dbe9852af7b25039c6da2ad384bd35414cc65d51f9d8d37fc1fb81ad0f3b94c,b6c649bb98d450a889082d2496cc73c47eab42b131a53b234722c1b2202cdf38,wallet_trade_history_v1,none
0xde79cc7660d5c05b4cd2f4e72cae30cde2583d9a,https://polymarket.com/0xde79cc7660d5c05b4cd2f4e72cae30cde2583d9a,https://data-api.polymarket.com/activity?user=0xde79cc7660d5c05b4cd2f4e72cae30cde2583d9a&type=TRADE&limit=100&offset=0&sortBy=TIMESTAMP&sortDirection=DESC,activity_primary,TRADE,1771279073,2026-02-16T21:57:53+00:00,0x77afc469ebf5a1949abc81a8a792c1c00fa9ef6ef7bf95d54fea5ea11cb4e45e,0x9ff912f9a78b17ebf7b39fa00e1aa732f0871a611b3349728e9dab45a56e0e0c,6606385024474879371520514013925326270155710322314391181655404617277436314025,6606385024474879371520514013925326270155710322314391181655404617277436314025,btc-updown-5m-1771278900,btc-updown-5m-1771278900,"Bitcoin Up or Down - February 16, 4:55PM-5:00PM ET",Up,0,BUY,0.95,380.7263,361.689985,endpoint_usdcSize,fast_crypto_up_down,BTC,true,,,unavailable,entry_candidate,0xde79cc7660d5c05b4cd2f4e72cae30cde2583d9a|0x9ff912f9a78b17ebf7b39fa00e1aa732f0871a611b3349728e9dab45a56e0e0c|6606385024474879371520514013925326270155710322314391181655404617277436314025|Up,0xde79cc7660d5c05b4cd2f4e72cae30cde2583d9a|activity_primary|0x77afc469ebf5a1949abc81a8a792c1c00fa9ef6ef7bf95d54fea5ea11cb4e45e|0x9ff912f9a78b17ebf7b39fa00e1aa732f0871a611b3349728e9dab45a56e0e0c|6606385024474879371520514013925326270155710322314391181655404617277436314025|1771279073|buy|0.95|380.7263,2026-06-24T20:54:42+00:00,f6ca8a2c6ef466e50481cc66dafb962be1e04c1e3c3f0aaf1d254bc65c2917a4,b6c649bb98d450a889082d2496cc73c47eab42b131a53b234722c1b2202cdf38,wallet_trade_history_v1,none
0xde79cc7660d5c05b4cd2f4e72cae30cde2583d9a,https://polymarket.com/0xde79cc7660d5c05b4cd2f4e72cae30cde2583d9a,https://data-api.polymarket.com/activity?user=0xde79cc7660d5c05b4cd2f4e72cae30cde2583d9a&type=TRADE&limit=100&offset=0&sortBy=TIMESTAMP&sortDirection=DESC,activity_primary,TRADE,1771278563,2026-02-16T21:49:23+00:00,0x05d37198b6f3f25aeda551ca19ed71e12c2524fa9e377c5f7fc033f10c72f065,0x47df549a34923c8a71b143756bb8a139855a509b7de6dd6701ba333fe179a722,42045196942851189099495476013580188725113997948888346476316172741479588272452,42045196942851189099495476013580188725113997948888346476316172741479588272452,btc-updown-5m-1771278300,btc-updown-5m-1771278300,"Bitcoin Up or Down - February 16, 4:45PM-4:50PM ET",Up,0,SELL,0.79260641485392,40.14994,31.8231,endpoint_usdcSize,fast_crypto_up_down,BTC,true,,,unavailable,exit_candidate,0xde79cc7660d5c05b4cd2f4e72cae30cde2583d9a|0x47df549a34923c8a71b143756bb8a139855a509b7de6dd6701ba333fe179a722|42045196942851189099495476013580188725113997948888346476316172741479588272452|Up,0xde79cc7660d5c05b4cd2f4e72cae30cde2583d9a|activity_primary|0x05d37198b6f3f25aeda551ca19ed71e12c2524fa9e377c5f7fc033f10c72f065|0x47df549a34923c8a71b143756bb8a139855a509b7de6dd6701ba333fe179a722|42045196942851189099495476013580188725113997948888346476316172741479588272452|1771278563|sell|0.79260641485392|40.14994,2026-06-24T20:54:42+00:00,89cc4ab34ec45257dd1d6db226b9acc64c4a9994101e40e1f765a5e169b0d0d7,b6c649bb98d450a889082d2496cc73c47eab42b131a53b234722c1b2202cdf38,wallet_trade_history_v1,none
0xde79cc7660d5c05b4cd2f4e72cae30cde2583d9a,https://polymarket.com/0xde79cc7660d5c05b4cd2f4e72cae30cde2583d9a,https://data-api.polymarket.com/activity?user=0xde79cc7660d5c05b4cd2f4e72cae30cde2583d9a&type=TRADE&limit=100&offset=0&sortBy=TIMESTAMP&sortDirection=DESC,activity_primary,TRADE,1771278525,2026-02-16T21:48:45+00:00,0x46b45860969a204bbc4ee3f53177df3aa77ec1f795d30d4dc0a8fd2395af94e1,0x47df549a34923c8a71b143756bb8a139855a509b7de6dd6701ba333fe179a722,42045196942851189099495476013580188725113997948888346476316172741479588272452,42045196942851189099495476013580188725113997948888346476316172741479588272452,btc-updown-5m-1771278300,btc-updown-5m-1771278300,"Bitcoin Up or Down - February 16, 4:45PM-4:50PM ET",Up,0,BUY,0.5712889826757527,87.521378,49.999999,endpoint_usdcSize,fast_crypto_up_down,BTC,true,,,unavailable,entry_candidate,0xde79cc7660d5c05b4cd2f4e72cae30cde2583d9a|0x47df549a34923c8a71b143756bb8a139855a509b7de6dd6701ba333fe179a722|42045196942851189099495476013580188725113997948888346476316172741479588272452|Up,0xde79cc7660d5c05b4cd2f4e72cae30cde2583d9a|activity_primary|0x46b45860969a204bbc4ee3f53177df3aa77ec1f795d30d4dc0a8fd2395af94e1|0x47df549a34923c8a71b143756bb8a139855a509b7de6dd6701ba333fe179a722|42045196942851189099495476013580188725113997948888346476316172741479588272452|1771278525|buy|0.5712889826757527|87.521378,2026-06-24T20:54:42+00:00,b08e112a0630cb80be50f2e5146bfcacf5ef48667c0e299959f6f95a8234ae70,b6c649bb98d450a889082d2496cc73c47eab42b131a53b234722c1b2202cdf38,wallet_trade_history_v1,none
0xde79cc7660d5c05b4cd2f4e72cae30cde2583d9a,https://polymarket.com/0xde79cc7660d5c05b4cd2f4e72cae30cde2583d9a,https://data-api.polymarket.com/activity?user=0xde79cc7660d5c05b4cd2f4e72cae30cde2583d9a&type=TRADE&limit=100&offset=0&sortBy=TIMESTAMP&sortDirection=DESC,activity_primary,TRADE,1771278325,2026-02-16T21:45:25+00:00,0xb87b2d9ccd090feed9dc022eecc9f78d4fb4bb90ccd37764466cc59bbefeb38a,0x19e77bc46e80a0fa9a59140785f05645a94d936d27cd39d51f4dffff5dcd0c32,94045889077382798226797945340822934699792963694350439856987804666751828433019,94045889077382798226797945340822934699792963694350439856987804666751828433019,btc-updown-5m-1771278000,btc-updown-5m-1771278000,"Bitcoin Up or Down - February 16, 4:40PM-4:45PM ET",Up,0,SELL,0.99,34.75,34.4025,endpoint_usdcSize,fast_crypto_up_down,BTC,true,,,unavailable,exit_candidate,0xde79cc7660d5c05b4cd2f4e72cae30cde2583d9a|0x19e77bc46e80a0fa9a59140785f05645a94d936d27cd39d51f4dffff5dcd0c32|94045889077382798226797945340822934699792963694350439856987804666751828433019|Up,0xde79cc7660d5c05b4cd2f4e72cae30cde2583d9a|activity_primary|0xb87b2d9ccd090feed9dc022eecc9f78d4fb4bb90ccd37764466cc59bbefeb38a|0x19e77bc46e80a0fa9a59140785f05645a94d936d27cd39d51f4dffff5dcd0c32|94045889077382798226797945340822934699792963694350439856987804666751828433019|1771278325|sell|0.99|34.75,2026-06-24T20:54:42+00:00,017c3f0217a23229d65e492d2f6f4123c0aa6ef9ff49d38da7fc8fde7f93a0d6,b6c649bb98d450a889082d2496cc73c47eab42b131a53b234722c1b2202cdf38,wallet_trade_history_v1,none
0xde79cc7660d5c05b4cd2f4e72cae30cde2583d9a,https://polymarket.com/0xde79cc7660d5c05b4cd2f4e72cae30cde2583d9a,https://data-api.polymarket.com/activity?user=0xde79cc7660d5c05b4cd2f4e72cae30cde2583d9a&type=TRADE&limit=100&offset=0&sortBy=TIMESTAMP&sortDirection=DESC,activity_primary,TRADE,1771278283,2026-02-16T21:44:43+00:00,0xd6306e1b6be966d2aa52a79987f86ac6d493642f7fb47557af37e34cf22f5c33,0x19e77bc46e80a0fa9a59140785f05645a94d936d27cd39d51f4dffff5dcd0c32,94045889077382798226797945340822934699792963694350439856987804666751828433019,94045889077382798226797945340822934699792963694350439856987804666751828433019,btc-updown-5m-1771278000,btc-updown-5m-1771278000,"Bitcoin Up or Down - February 16, 4:40PM-4:45PM ET",Up,0,BUY,0.8599999988533331,34.883714,29.999994,endpoint_usdcSize,fast_crypto_up_down,BTC,true,,,unavailable,entry_candidate,0xde79cc7660d5c05b4cd2f4e72cae30cde2583d9a|0x19e77bc46e80a0fa9a59140785f05645a94d936d27cd39d51f4dffff5dcd0c32|94045889077382798226797945340822934699792963694350439856987804666751828433019|Up,0xde79cc7660d5c05b4cd2f4e72cae30cde2583d9a|activity_primary|0xd6306e1b6be966d2aa52a79987f86ac6d493642f7fb47557af37e34cf22f5c33|0x19e77bc46e80a0fa9a59140785f05645a94d936d27cd39d51f4dffff5dcd0c32|94045889077382798226797945340822934699792963694350439856987804666751828433019|1771278283|buy|0.8599999988533331|34.883714,2026-06-24T20:54:42+00:00,fac097f647ba872e1fd404f466f16a27c1cc25a3fbcb9b7dd43c6c0c62388818,b6c649bb98d450a889082d2496cc73c47eab42b131a53b234722c1b2202cdf38,wallet_trade_history_v1,none
0xde79cc7660d5c05b4cd2f4e72cae30cde2583d9a,https://polymarket.com/0xde79cc7660d5c05b4cd2f4e72cae30cde2583d9a,https://data-api.polymarket.com/activity?user=0xde79cc7660d5c05b4cd2f4e72cae30cde2583d9a&type=TRADE&limit=100&offset=0&sortBy=TIMESTAMP&sortDirection=DESC,activity_primary,TRADE,1771277355,2026-02-16T21:29:15+00:00,0x478683a3c44e95ae080d3fb16eb1f01a908888de0c296ff2687192588a07e545,0xa18225b7b4d58006efa92cea79afa8b291c2d54c8408db3bb4ce6451c485f390,10906957689825578248095717120710111004991497566423815155656124539196077930870,10906957689825578248095717120710111004991497566423815155656124539196077930870,btc-updown-15m-1771276500,btc-updown-15m-1771276500,"Bitcoin Up or Down - February 16, 4:15PM-4:30PM ET",Down,1,BUY,0.98,375.71425,368.199965,endpoint_usdcSize,fast_crypto_up_down,BTC,true,,,unavailable,entry_candidate,0xde79cc7660d5c05b4cd2f4e72cae30cde2583d9a|0xa18225b7b4d58006efa92cea79afa8b291c2d54c8408db3bb4ce6451c485f390|10906957689825578248095717120710111004991497566423815155656124539196077930870|Down,0xde79cc7660d5c05b4cd2f4e72cae30cde2583d9a|activity_primary|0x478683a3c44e95ae080d3fb16eb1f01a908888de0c296ff2687192588a07e545|0xa18225b7b4d58006efa92cea79afa8b291c2d54c8408db3bb4ce6451c485f390|10906957689825578248095717120710111004991497566423815155656124539196077930870|1771277355|buy|0.98|375.71425,2026-06-24T20:54:42+00:00,823c15771fb1dcbc2a80848cbafa15cafc976282d03ae07d63622b0d81dd293a,b6c649bb98d450a889082d2496cc73c47eab42b131a53b234722c1b2202cdf38,wallet_trade_history_v1,none
0xde79cc7660d5c05b4cd2f4e72cae30cde2583d9a,https://polymarket.com/0xde79cc7660d5c05b4cd2f4e72cae30cde2583d9a,https://data-api.polymarket.com/activity?user=0xde79cc7660d5c05b4cd2f4e72cae30cde2583d9a&type=TRADE&limit=100&offset=0&sortBy=TIMESTAMP&sortDirection=DESC,activity_primary,TRADE,1771277077,2026-02-16T21:24:37+00:00,0xa2019dd463215a12b68d86de26ba2c1d313678a6b4f31d72c070fbda6746eded,0x8ced0e4d2900af69ac5c6c3ecef53a4482f8218434e433594302db734af86938,5213490661297316071692634491837821149835210454614811172124639536329599779615,5213490661297316071692634491837821149835210454614811172124639536329599779615,btc-updown-5m-1771276800,btc-updown-5m-1771276800,"Bitcoin Up or Down - February 16, 4:20PM-4:25PM ET",Down,1,BUY,0.37897269975414144,52.77425,20,endpoint_usdcSize,fast_crypto_up_down,BTC,true,,,unavailable,entry_candidate,0xde79cc7660d5c05b4cd2f4e72cae30cde2583d9a|0x8ced0e4d2900af69ac5c6c3ecef53a4482f8218434e433594302db734af86938|5213490661297316071692634491837821149835210454614811172124639536329599779615|Down,0xde79cc7660d5c05b4cd2f4e72cae30cde2583d9a|activity_primary|0xa2019dd463215a12b68d86de26ba2c1d313678a6b4f31d72c070fbda6746eded|0x8ced0e4d2900af69ac5c6c3ecef53a4482f8218434e433594302db734af86938|5213490661297316071692634491837821149835210454614811172124639536329599779615|1771277077|buy|0.37897269975414144|52.77425,2026-06-24T20:54:42+00:00,acbc25a6a2ec2cacdba365034833ad0377baf72924ca8bf0bfc987efc002759b,b6c649bb98d450a889082d2496cc73c47eab42b131a53b234722c1b2202cdf38,wallet_trade_history_v1,none
0xde79cc7660d5c05b4cd2f4e72cae30cde2583d9a,https://polymarket.com/0xde79cc7660d5c05b4cd2f4e72cae30cde2583d9a,https://data-api.polymarket.com/activity?user=0xde79cc7660d5c05b4cd2f4e72cae30cde2583d9a&type=TRADE&limit=100&offset=0&sortBy=TIMESTAMP&sortDirection=DESC,activity_primary,TRADE,1771277053,2026-02-16T21:24:13+00:00,0xacc7107ae53c5b035ac78bd4b8f11b95ddddc0d76ec870525bc125368bcfcda3,0x8ced0e4d2900af69ac5c6c3ecef53a4482f8218434e433594302db734af86938,113479280045891239200991823895759301920013756994755608189069230801587414128425,113479280045891239200991823895759301920013756994755608189069230801587414128425,btc-updown-5m-1771276800,btc-updown-5m-1771276800,"Bitcoin Up or Down - February 16, 4:20PM-4:25PM ET",Up,0,SELL,0.8891242260150342,437.67,389.143,endpoint_usdcSize,fast_crypto_up_down,BTC,true,,,unavailable,exit_candidate,0xde79cc7660d5c05b4cd2f4e72cae30cde2583d9a|0x8ced0e4d2900af69ac5c6c3ecef53a4482f8218434e433594302db734af86938|113479280045891239200991823895759301920013756994755608189069230801587414128425|Up,0xde79cc7660d5c05b4cd2f4e72cae30cde2583d9a|activity_primary|0xacc7107ae53c5b035ac78bd4b8f11b95ddddc0d76ec870525bc125368bcfcda3|0x8ced0e4d2900af69ac5c6c3ecef53a4482f8218434e433594302db734af86938|113479280045891239200991823895759301920013756994755608189069230801587414128425|1771277053|sell|0.8891242260150342|437.67,2026-06-24T20:54:42+00:00,c645415c88edded12f3354b9cb2965da299c6df4a5f9e40e9c834e4965aec35e,b6c649bb98d450a889082d2496cc73c47eab42b131a53b234722c1b2202cdf38,wallet_trade_history_v1,none
0xde79cc7660d5c05b4cd2f4e72cae30cde2583d9a,https://polymarket.com/0xde79cc7660d5c05b4cd2f4e72cae30cde2583d9a,https://data-api.polymarket.com/activity?user=0xde79cc7660d5c05b4cd2f4e72cae30cde2583d9a&type=TRADE&limit=100&offset=0&sortBy=TIMESTAMP&sortDirection=DESC,activity_primary,TRADE,1771276999,2026-02-16T21:23:19+00:00,0xf9e8af22f0b597730eb70ef09b9c7285fdec9f2cb06c5ddc8c7fe71dc2b48a8f,0x8ced0e4d2900af69ac5c6c3ecef53a4482f8218434e433594302db734af86938,113479280045891239200991823895759301920013756994755608189069230801587414128425,113479280045891239200991823895759301920013756994755608189069230801587414128425,btc-updown-5m-1771276800,btc-updown-5m-1771276800,"Bitcoin Up or Down - February 16, 4:20PM-4:25PM ET",Up,0,BUY,0.9466978258075942,437.95388,414.609986,endpoint_usdcSize,fast_crypto_up_down,BTC,true,,,unavailable,entry_candidate,0xde79cc7660d5c05b4cd2f4e72cae30cde2583d9a|0x8ced0e4d2900af69ac5c6c3ecef53a4482f8218434e433594302db734af86938|113479280045891239200991823895759301920013756994755608189069230801587414128425|Up,0xde79cc7660d5c05b4cd2f4e72cae30cde2583d9a|activity_primary|0xf9e8af22f0b597730eb70ef09b9c7285fdec9f2cb06c5ddc8c7fe71dc2b48a8f|0x8ced0e4d2900af69ac5c6c3ecef53a4482f8218434e433594302db734af86938|113479280045891239200991823895759301920013756994755608189069230801587414128425|1771276999|buy|0.9466978258075942|437.95388,2026-06-24T20:54:42+00:00,4df7781c6022e344032e8df8e2e2e736de5c4ed2c2f27a7fb3f7014dc65379ae,b6c649bb98d450a889082d2496cc73c47eab42b131a53b234722c1b2202cdf38,wallet_trade_history_v1,none
0xde79cc7660d5c05b4cd2f4e72cae30cde2583d9a,https://polymarket.com/0xde79cc7660d5c05b4cd2f4e72cae30cde2583d9a,https://data-api.polymarket.com/activity?user=0xde79cc7660d5c05b4cd2f4e72cae30cde2583d9a&type=TRADE&limit=100&offset=0&sortBy=TIMESTAMP&sortDirection=DESC,activity_primary,TRADE,1771276157,2026-02-16T21:09:17+00:00,0x61f3fc4a8de3aad75bac9a163d793bb85fd8b3aac1dab9335dbd3657da1db65f,0xdf9a79ef3faf407febdb179da21ab93423ab420021b70170b508af14b95eefa6,35657530019220905780436760381506499019343558108763721414474519073851519052687,35657530019220905780436760381506499019343558108763721414474519073851519052687,btc-updown-5m-1771275900,btc-updown-5m-1771275900,"Bitcoin Up or Down - February 16, 4:05PM-4:10PM ET",Up,0,BUY,0.9699999996865212,414.701029,402.259998,endpoint_usdcSize,fast_crypto_up_down,BTC,true,,,unavailable,entry_candidate,0xde79cc7660d5c05b4cd2f4e72cae30cde2583d9a|0xdf9a79ef3faf407febdb179da21ab93423ab420021b70170b508af14b95eefa6|35657530019220905780436760381506499019343558108763721414474519073851519052687|Up,0xde79cc7660d5c05b4cd2f4e72cae30cde2583d9a|activity_primary|0x61f3fc4a8de3aad75bac9a163d793bb85fd8b3aac1dab9335dbd3657da1db65f|0xdf9a79ef3faf407febdb179da21ab93423ab420021b70170b508af14b95eefa6|35657530019220905780436760381506499019343558108763721414474519073851519052687|1771276157|buy|0.9699999996865212|414.701029,2026-06-24T20:54:42+00:00,456302946001b428aa5c6489e14f6ee66569e70f56e20cda90f41080ef65fc4c,b6c649bb98d450a889082d2496cc73c47eab42b131a53b234722c1b2202cdf38,wallet_trade_history_v1,none
0xde79cc7660d5c05b4cd2f4e72cae30cde2583d9a,https://polymarket.com/0xde79cc7660d5c05b4cd2f4e72cae30cde2583d9a,https://data-api.polymarket.com/activity?user=0xde79cc7660d5c05b4cd2f4e72cae30cde2583d9a&type=TRADE&limit=100&offset=0&sortBy=TIMESTAMP&sortDirection=DESC,activity_primary,TRADE,1771275745,2026-02-16T21:02:25+00:00,0xfdd956f5d4f9942bc84d012d5e1e9ff92dbe50b1293c56d31b064636fe597ee1,0xd7ab328735923b293a244b6966d57a0e1362f7d81ffa0008e0c40e2f670d635e,108527551578113685821848196631559975620480584721305267560519961645860771758147,108527551578113685821848196631559975620480584721305267560519961645860771758147,btc-updown-15m-1771274700,btc-updown-15m-1771274700,"Bitcoin Up or Down - February 16, 3:45PM-4:00PM ET",Up,0,SELL,0.999,402.66,402.25734,endpoint_usdcSize,fast_crypto_up_down,BTC,true,,,unavailable,exit_candidate,0xde79cc7660d5c05b4cd2f4e72cae30cde2583d9a|0xd7ab328735923b293a244b6966d57a0e1362f7d81ffa0008e0c40e2f670d635e|108527551578113685821848196631559975620480584721305267560519961645860771758147|Up,0xde79cc7660d5c05b4cd2f4e72cae30cde2583d9a|activity_primary|0xfdd956f5d4f9942bc84d012d5e1e9ff92dbe50b1293c56d31b064636fe597ee1|0xd7ab328735923b293a244b6966d57a0e1362f7d81ffa0008e0c40e2f670d635e|108527551578113685821848196631559975620480584721305267560519961645860771758147|1771275745|sell|0.999|402.66,2026-06-24T20:54:42+00:00,4c6d4f1084a45ac48baa6dcd111777eea1cede6e3789f432f3e7e568824d88d2,b6c649bb98d450a889082d2496cc73c47eab42b131a53b234722c1b2202cdf38,wallet_trade_history_v1,none
0xde79cc7660d5c05b4cd2f4e72cae30cde2583d9a,https://polymarket.com/0xde79cc7660d5c05b4cd2f4e72cae30cde2583d9a,https://data-api.polymarket.com/activity?user=0xde79cc7660d5c05b4cd2f4e72cae30cde2583d9a&type=TRADE&limit=100&offset=0&sortBy=TIMESTAMP&sortDirection=DESC,activity_primary,TRADE,1771275283,2026-02-16T20:54:43+00:00,0x1c3eb170a6fab455129f64b863a8e18500d8319832317b41ddad69b1751e2568,0xd7ab328735923b293a244b6966d57a0e1362f7d81ffa0008e0c40e2f670d635e,108527551578113685821848196631559975620480584721305267560519961645860771758147,108527551578113685821848196631559975620480584721305267560519961645860771758147,btc-updown-15m-1771274700,btc-updown-15m-1771274700,"Bitcoin Up or Down - February 16, 3:45PM-4:00PM ET",Up,0,BUY,0.9048097566141802,403.410766,365.009997,endpoint_usdcSize,fast_crypto_up_down,BTC,true,,,unavailable,entry_candidate,0xde79cc7660d5c05b4cd2f4e72cae30cde2583d9a|0xd7ab328735923b293a244b6966d57a0e1362f7d81ffa0008e0c40e2f670d635e|108527551578113685821848196631559975620480584721305267560519961645860771758147|Up,0xde79cc7660d5c05b4cd2f4e72cae30cde2583d9a|activity_primary|0x1c3eb170a6fab455129f64b863a8e18500d8319832317b41ddad69b1751e2568|0xd7ab328735923b293a244b6966d57a0e1362f7d81ffa0008e0c40e2f670d635e|108527551578113685821848196631559975620480584721305267560519961645860771758147|1771275283|buy|0.9048097566141802|403.410766,2026-06-24T20:54:42+00:00,d908d0a18a1e9e6bfa66c564b18c73ba5f97d6d924efb236fcbf73e6c8dcb962,b6c649bb98d450a889082d2496cc73c47eab42b131a53b234722c1b2202cdf38,wallet_trade_history_v1,none
0xde79cc7660d5c05b4cd2f4e72cae30cde2583d9a,https://polymarket.com/0xde79cc7660d5c05b4cd2f4e72cae30cde2583d9a,https://data-api.polymarket.com/activity?user=0xde79cc7660d5c05b4cd2f4e72cae30cde2583d9a&type=TRADE&limit=100&offset=0&sortBy=TIMESTAMP&sortDirection=DESC,activity_primary,TRADE,1771275259,2026-02-16T20:54:19+00:00,0x25dd45730aa2401b11df4e8031e92127ac79c87cbffeab34081ffd7197b4bb4d,0xa6fff465e2ab6340e80ecc871b7008cd7c575ccb5bbc22461ff77ffd2935a123,44436746328484984469490752918502108640768301581973396360758223280479557935949,44436746328484984469490752918502108640768301581973396360758223280479557935949,btc-updown-5m-1771275000,btc-updown-5m-1771275000,"Bitcoin Up or Down - February 16, 3:50PM-3:55PM ET",Up,0,SELL,0.99,368.71,365.0229,endpoint_usdcSize,fast_crypto_up_down,BTC,true,,,unavailable,exit_candidate,0xde79cc7660d5c05b4cd2f4e72cae30cde2583d9a|0xa6fff465e2ab6340e80ecc871b7008cd7c575ccb5bbc22461ff77ffd2935a123|44436746328484984469490752918502108640768301581973396360758223280479557935949|Up,0xde79cc7660d5c05b4cd2f4e72cae30cde2583d9a|activity_primary|0x25dd45730aa2401b11df4e8031e92127ac79c87cbffeab34081ffd7197b4bb4d|0xa6fff465e2ab6340e80ecc871b7008cd7c575ccb5bbc22461ff77ffd2935a123|44436746328484984469490752918502108640768301581973396360758223280479557935949|1771275259|sell|0.99|368.71,2026-06-24T20:54:42+00:00,83bfae95f76f59c35e5dc85aae7c30b0d04411dae637cf95896043aeaf1d877d,b6c649bb98d450a889082d2496cc73c47eab42b131a53b234722c1b2202cdf38,wallet_trade_history_v1,none
0xde79cc7660d5c05b4cd2f4e72cae30cde2583d9a,https://polymarket.com/0xde79cc7660d5c05b4cd2f4e72cae30cde2583d9a,https://data-api.polymarket.com/activity?user=0xde79cc7660d5c05b4cd2f4e72cae30cde2583d9a&type=TRADE&limit=100&offset=0&sortBy=TIMESTAMP&sortDirection=DESC,activity_primary,TRADE,1771275171,2026-02-16T20:52:51+00:00,0xb0121d0d8d3f1092fcd5aed82f8cc3c7437d957bb2e59924b0d0127243179690,0xa6fff465e2ab6340e80ecc871b7008cd7c575ccb5bbc22461ff77ffd2935a123,44436746328484984469490752918502108640768301581973396360758223280479557935949,44436746328484984469490752918502108640768301581973396360758223280479557935949,btc-updown-5m-1771275000,btc-updown-5m-1771275000,"Bitcoin Up or Down - February 16, 3:50PM-3:55PM ET",Up,0,BUY,0.95,368.9263,350.479985,endpoint_usdcSize,fast_crypto_up_down,BTC,true,,,unavailable,entry_candidate,0xde79cc7660d5c05b4cd2f4e72cae30cde2583d9a|0xa6fff465e2ab6340e80ecc871b7008cd7c575ccb5bbc22461ff77ffd2935a123|44436746328484984469490752918502108640768301581973396360758223280479557935949|Up,0xde79cc7660d5c05b4cd2f4e72cae30cde2583d9a|activity_primary|0xb0121d0d8d3f1092fcd5aed82f8cc3c7437d957bb2e59924b0d0127243179690|0xa6fff465e2ab6340e80ecc871b7008cd7c575ccb5bbc22461ff77ffd2935a123|44436746328484984469490752918502108640768301581973396360758223280479557935949|1771275171|buy|0.95|368.9263,2026-06-24T20:54:42+00:00,b9e114a9a0f0c5430d1786e033da9ba7ca4a5e50db083f82743ef7001ab9e2b1,b6c649bb98d450a889082d2496cc73c47eab42b131a53b234722c1b2202cdf38,wallet_trade_history_v1,none
0xde79cc7660d5c05b4cd2f4e72cae30cde2583d9a,https://polymarket.com/0xde79cc7660d5c05b4cd2f4e72cae30cde2583d9a,https://data-api.polymarket.com/activity?user=0xde79cc7660d5c05b4cd2f4e72cae30cde2583d9a&type=TRADE&limit=100&offset=0&sortBy=TIMESTAMP&sortDirection=DESC,activity_primary,TRADE,1771274573,2026-02-16T20:42:53+00:00,0xd2c7b9c9a765c15b2be69731ec7cdbf90e56985ca9fc3a721b4d953e2ab76516,0x6bc5db5dd63ae81c1fb74e0f1168d42b2c09f80efed885c61643172a1090d485,46962087069571492782435623495398541574727652643525800344175584502556144045648,46962087069571492782435623495398541574727652643525800344175584502556144045648,btc-updown-5m-1771274400,btc-updown-5m-1771274400,"Bitcoin Up or Down - February 16, 3:40PM-3:45PM ET",Up,0,BUY,0.968431066928688,350.5567,339.489999,endpoint_usdcSize,fast_crypto_up_down,BTC,true,,,unavailable,entry_candidate,0xde79cc7660d5c05b4cd2f4e72cae30cde2583d9a|0x6bc5db5dd63ae81c1fb74e0f1168d42b2c09f80efed885c61643172a1090d485|46962087069571492782435623495398541574727652643525800344175584502556144045648|Up,0xde79cc7660d5c05b4cd2f4e72cae30cde2583d9a|activity_primary|0xd2c7b9c9a765c15b2be69731ec7cdbf90e56985ca9fc3a721b4d953e2ab76516|0x6bc5db5dd63ae81c1fb74e0f1168d42b2c09f80efed885c61643172a1090d485|46962087069571492782435623495398541574727652643525800344175584502556144045648|1771274573|buy|0.968431066928688|350.5567,2026-06-24T20:54:42+00:00,f0523362e1e06f16ff302900c4dda9193e9ab394502499961a8c86912795762b,b6c649bb98d450a889082d2496cc73c47eab42b131a53b234722c1b2202cdf38,wallet_trade_history_v1,none
0xde79cc7660d5c05b4cd2f4e72cae30cde2583d9a,https://polymarket.com/0xde79cc7660d5c05b4cd2f4e72cae30cde2583d9a,https://data-api.polymarket.com/activity?user=0xde79cc7660d5c05b4cd2f4e72cae30cde2583d9a&type=TRADE&limit=100&offset=0&sortBy=TIMESTAMP&sortDirection=DESC,activity_primary,TRADE,1771274483,2026-02-16T20:41:23+00:00,0xbf3f9081b3c96151b6670cee60e5071e0b5caee8e7be902caf816b8d968623f8,0xabaa7ec522b8a84ca0c5c1ab3a7a4530f78c26fd6d4be9b23aaf8ce2932cfe67,10095620726424702722283864933313057337217664126660941979921878304498754548787,10095620726424702722283864933313057337217664126660941979921878304498754548787,btc-updown-5m-1771274100,btc-updown-5m-1771274100,"Bitcoin Up or Down - February 16, 3:35PM-3:40PM ET",Down,1,SELL,0.999,339.83,339.49017,endpoint_usdcSize,fast_crypto_up_down,BTC,true,,,unavailable,exit_candidate,0xde79cc7660d5c05b4cd2f4e72cae30cde2583d9a|0xabaa7ec522b8a84ca0c5c1ab3a7a4530f78c26fd6d4be9b23aaf8ce2932cfe67|10095620726424702722283864933313057337217664126660941979921878304498754548787|Down,0xde79cc7660d5c05b4cd2f4e72cae30cde2583d9a|activity_primary|0xbf3f9081b3c96151b6670cee60e5071e0b5caee8e7be902caf816b8d968623f8|0xabaa7ec522b8a84ca0c5c1ab3a7a4530f78c26fd6d4be9b23aaf8ce2932cfe67|10095620726424702722283864933313057337217664126660941979921878304498754548787|1771274483|sell|0.999|339.83,2026-06-24T20:54:42+00:00,3cfaacb157d0c7db096a2eb8b61383a698a173c154b8fbc8ca67e4f0e9ed4c16,b6c649bb98d450a889082d2496cc73c47eab42b131a53b234722c1b2202cdf38,wallet_trade_history_v1,none
0xde79cc7660d5c05b4cd2f4e72cae30cde2583d9a,https://polymarket.com/0xde79cc7660d5c05b4cd2f4e72cae30cde2583d9a,https://data-api.polymarket.com/activity?user=0xde79cc7660d5c05b4cd2f4e72cae30cde2583d9a&type=TRADE&limit=100&offset=0&sortBy=TIMESTAMP&sortDirection=DESC,activity_primary,TRADE,1771274325,2026-02-16T20:38:45+00:00,0x14867506036e5fb32f1a73a8ab6a7ef4d17682c4f0d03ca9901064cf25fed327,0xabaa7ec522b8a84ca0c5c1ab3a7a4530f78c26fd6d4be9b23aaf8ce2932cfe67,10095620726424702722283864933313057337217664126660941979921878304498754548787,10095620726424702722283864933313057337217664126660941979921878304498754548787,btc-updown-5m-1771274100,btc-updown-5m-1771274100,"Bitcoin Up or Down - February 16, 3:35PM-3:40PM ET",Down,1,BUY,0.95,340.03156,323.029982,endpoint_usdcSize,fast_crypto_up_down,BTC,true,,,unavailable,entry_candidate,0xde79cc7660d5c05b4cd2f4e72cae30cde2583d9a|0xabaa7ec522b8a84ca0c5c1ab3a7a4530f78c26fd6d4be9b23aaf8ce2932cfe67|10095620726424702722283864933313057337217664126660941979921878304498754548787|Down,0xde79cc7660d5c05b4cd2f4e72cae30cde2583d9a|activity_primary|0x14867506036e5fb32f1a73a8ab6a7ef4d17682c4f0d03ca9901064cf25fed327|0xabaa7ec522b8a84ca0c5c1ab3a7a4530f78c26fd6d4be9b23aaf8ce2932cfe67|10095620726424702722283864933313057337217664126660941979921878304498754548787|1771274325|buy|0.95|340.03156,2026-06-24T20:54:42+00:00,ae2bc95c3d1b280bd761b276ccfe22dab306649aa239ecd5dd32a10461c1a292,b6c649bb98d450a889082d2496cc73c47eab42b131a53b234722c1b2202cdf38,wallet_trade_history_v1,none
0xde79cc7660d5c05b4cd2f4e72cae30cde2583d9a,https://polymarket.com/0xde79cc7660d5c05b4cd2f4e72cae30cde2583d9a,https://data-api.polymarket.com/activity?user=0xde79cc7660d5c05b4cd2f4e72cae30cde2583d9a&type=TRADE&limit=100&offset=0&sortBy=TIMESTAMP&sortDirection=DESC,activity_primary,TRADE,1771273685,2026-02-16T20:28:05+00:00,0xf2db16dd995b2653fe78c1123bef3a8f6c5cce7e2de2ceed8717225583d10fcc,0x014d772d72f9fb6fe8322e237b7316cc3a94da59106afd5200aca974da5bb246,22746638373726296409807898808757890817235990282731073683419477891580498901019,22746638373726296409807898808757890817235990282731073683419477891580498901019,btc-updown-5m-1771273500,btc-updown-5m-1771273500,"Bitcoin Up or Down - February 16, 3:25PM-3:30PM ET",Up,0,BUY,0.9357371456077511,323.327966,302.549988,endpoint_usdcSize,fast_crypto_up_down,BTC,true,,,unavailable,entry_candidate,0xde79cc7660d5c05b4cd2f4e72cae30cde2583d9a|0x014d772d72f9fb6fe8322e237b7316cc3a94da59106afd5200aca974da5bb246|22746638373726296409807898808757890817235990282731073683419477891580498901019|Up,0xde79cc7660d5c05b4cd2f4e72cae30cde2583d9a|activity_primary|0xf2db16dd995b2653fe78c1123bef3a8f6c5cce7e2de2ceed8717225583d10fcc|0x014d772d72f9fb6fe8322e237b7316cc3a94da59106afd5200aca974da5bb246|22746638373726296409807898808757890817235990282731073683419477891580498901019|1771273685|buy|0.9357371456077511|323.327966,2026-06-24T20:54:42+00:00,9cf52319e6b1749438910e6a4ceb9e71ecaf987695e7ba5166e0050e12fc39c3,b6c649bb98d450a889082d2496cc73c47eab42b131a53b234722c1b2202cdf38,wallet_trade_history_v1,none
0xde79cc7660d5c05b4cd2f4e72cae30cde2583d9a,https://polymarket.com/0xde79cc7660d5c05b4cd2f4e72cae30cde2583d9a,https://data-api.polymarket.com/activity?user=0xde79cc7660d5c05b4cd2f4e72cae30cde2583d9a&type=TRADE&limit=100&offset=0&sortBy=TIMESTAMP&sortDirection=DESC,activity_primary,TRADE,1771273669,2026-02-16T20:27:49+00:00,0xf716bc13a890f93e19adc77d42e3c4f17b17149983f4feae48f4a6a14ae59027,0xd6e743655f74c8e3c67527de54aecaf70642cbc68579d46112adadb788f9e5a9,84123857543977526234600150595912372209973460701684676831569529221079135611195,84123857543977526234600150595912372209973460701684676831569529221079135611195,btc-updown-15m-1771272900,btc-updown-15m-1771272900,"Bitcoin Up or Down - February 16, 3:15PM-3:30PM ET",Up,0,SELL,0.98,308.75,302.575,endpoint_usdcSize,fast_crypto_up_down,BTC,true,,,unavailable,exit_candidate,0xde79cc7660d5c05b4cd2f4e72cae30cde2583d9a|0xd6e743655f74c8e3c67527de54aecaf70642cbc68579d46112adadb788f9e5a9|84123857543977526234600150595912372209973460701684676831569529221079135611195|Up,0xde79cc7660d5c05b4cd2f4e72cae30cde2583d9a|activity_primary|0xf716bc13a890f93e19adc77d42e3c4f17b17149983f4feae48f4a6a14ae59027|0xd6e743655f74c8e3c67527de54aecaf70642cbc68579d46112adadb788f9e5a9|84123857543977526234600150595912372209973460701684676831569529221079135611195|1771273669|sell|0.98|308.75,2026-06-24T20:54:42+00:00,aff520fbac5087bf698ff0aae069b95f1469d7d4fa3a1faa122d76a4dd977c30,b6c649bb98d450a889082d2496cc73c47eab42b131a53b234722c1b2202cdf38,wallet_trade_history_v1,none
0xde79cc7660d5c05b4cd2f4e72cae30cde2583d9a,https://polymarket.com/0xde79cc7660d5c05b4cd2f4e72cae30cde2583d9a,https://data-api.polymarket.com/activity?user=0xde79cc7660d5c05b4cd2f4e72cae30cde2583d9a&type=TRADE&limit=100&offset=0&sortBy=TIMESTAMP&sortDirection=DESC,activity_primary,TRADE,1771273609,2026-02-16T20:26:49+00:00,0x6ee7e692c45b5239cb5a9eeb895e8954cc056e8a2707d74ea13e7ea1d329d257,0xd6e743655f74c8e3c67527de54aecaf70642cbc68579d46112adadb788f9e5a9,84123857543977526234600150595912372209973460701684676831569529221079135611195,84123857543977526234600150595912372209973460701684676831569529221079135611195,btc-updown-15m-1771272900,btc-updown-15m-1771272900,"Bitcoin Up or Down - February 16, 3:15PM-3:30PM ET",Up,0,BUY,0.98,308.7857,302.609986,endpoint_usdcSize,fast_crypto_up_down,BTC,true,,,unavailable,entry_candidate,0xde79cc7660d5c05b4cd2f4e72cae30cde2583d9a|0xd6e743655f74c8e3c67527de54aecaf70642cbc68579d46112adadb788f9e5a9|84123857543977526234600150595912372209973460701684676831569529221079135611195|Up,0xde79cc7660d5c05b4cd2f4e72cae30cde2583d9a|activity_primary|0x6ee7e692c45b5239cb5a9eeb895e8954cc056e8a2707d74ea13e7ea1d329d257|0xd6e743655f74c8e3c67527de54aecaf70642cbc68579d46112adadb788f9e5a9|84123857543977526234600150595912372209973460701684676831569529221079135611195|1771273609|buy|0.98|308.7857,2026-06-24T20:54:42+00:00,49498ef8e1beb102627c7c6097bf6d4f5ab897f9d95df2278e076ef444268ac1,b6c649bb98d450a889082d2496cc73c47eab42b131a53b234722c1b2202cdf38,wallet_trade_history_v1,none
0xde79cc7660d5c05b4cd2f4e72cae30cde2583d9a,https://polymarket.com/0xde79cc7660d5c05b4cd2f4e72cae30cde2583d9a,https://data-api.polymarket.com/activity?user=0xde79cc7660d5c05b4cd2f4e72cae30cde2583d9a&type=TRADE&limit=100&offset=0&sortBy=TIMESTAMP&sortDirection=DESC,activity_primary,TRADE,1771273595,2026-02-16T20:26:35+00:00,0xe00c447096b37abf8279afeb8bed91b097b1086d4d2c6abf18d3c7edc24482de,0xf16102dfb2f1f52820379f41ca1e9f080f52a3c77d07e35b36d530886570ab70,110412322559634297179390871586061836199823585395911718369401115060791720876342,110412322559634297179390871586061836199823585395911718369401115060791720876342,btc-updown-5m-1771273200,btc-updown-5m-1771273200,"Bitcoin Up or Down - February 16, 3:20PM-3:25PM ET",Up,0,SELL,0.99,303.45,300.4155,endpoint_usdcSize,fast_crypto_up_down,BTC,true,,,unavailable,exit_candidate,0xde79cc7660d5c05b4cd2f4e72cae30cde2583d9a|0xf16102dfb2f1f52820379f41ca1e9f080f52a3c77d07e35b36d530886570ab70|110412322559634297179390871586061836199823585395911718369401115060791720876342|Up,0xde79cc7660d5c05b4cd2f4e72cae30cde2583d9a|activity_primary|0xe00c447096b37abf8279afeb8bed91b097b1086d4d2c6abf18d3c7edc24482de|0xf16102dfb2f1f52820379f41ca1e9f080f52a3c77d07e35b36d530886570ab70|110412322559634297179390871586061836199823585395911718369401115060791720876342|1771273595|sell|0.99|303.45,2026-06-24T20:54:42+00:00,0d5d8d06e922a05fa9ff48c3868035a83101f2bb139ef3ca45adb08fcde1c986,b6c649bb98d450a889082d2496cc73c47eab42b131a53b234722c1b2202cdf38,wallet_trade_history_v1,none
0xde79cc7660d5c05b4cd2f4e72cae30cde2583d9a,https://polymarket.com/0xde79cc7660d5c05b4cd2f4e72cae30cde2583d9a,https://data-api.polymarket.com/activity?user=0xde79cc7660d5c05b4cd2f4e72cae30cde2583d9a&type=TRADE&limit=100&offset=0&sortBy=TIMESTAMP&sortDirection=DESC,activity_primary,TRADE,1771273461,2026-02-16T20:24:21+00:00,0x4982468ebb621a41d88feaa25ea3014a70e24af1f3b8a787ae7c3b7276152788,0xf16102dfb2f1f52820379f41ca1e9f080f52a3c77d07e35b36d530886570ab70,25055498435800800252876333907251267767119488125976788948432409978919647209726,25055498435800800252876333907251267767119488125976788948432409978919647209726,btc-updown-5m-1771273200,btc-updown-5m-1771273200,"Bitcoin Up or Down - February 16, 3:20PM-3:25PM ET",Down,1,SELL,0.04,55.22,2.2088,endpoint_usdcSize,fast_crypto_up_down,BTC,true,,,unavailable,exit_candidate,0xde79cc7660d5c05b4cd2f4e72cae30cde2583d9a|0xf16102dfb2f1f52820379f41ca1e9f080f52a3c77d07e35b36d530886570ab70|25055498435800800252876333907251267767119488125976788948432409978919647209726|Down,0xde79cc7660d5c05b4cd2f4e72cae30cde2583d9a|activity_primary|0x4982468ebb621a41d88feaa25ea3014a70e24af1f3b8a787ae7c3b7276152788|0xf16102dfb2f1f52820379f41ca1e9f080f52a3c77d07e35b36d530886570ab70|25055498435800800252876333907251267767119488125976788948432409978919647209726|1771273461|sell|0.04|55.22,2026-06-24T20:54:42+00:00,0821136ee3be4aba98edde885892095e01f52f95bca6b9e5c714332c8cc3fa5e,b6c649bb98d450a889082d2496cc73c47eab42b131a53b234722c1b2202cdf38,wallet_trade_history_v1,none
0xde79cc7660d5c05b4cd2f4e72cae30cde2583d9a,https://polymarket.com/0xde79cc7660d5c05b4cd2f4e72cae30cde2583d9a,https://data-api.polymarket.com/activity?user=0xde79cc7660d5c05b4cd2f4e72cae30cde2583d9a&type=TRADE&limit=100&offset=0&sortBy=TIMESTAMP&sortDirection=DESC,activity_primary,TRADE,1771273449,2026-02-16T20:24:09+00:00,0xfb396e086a1405095bfef70dc599da31ed51c526b7cee267860d9c88ed6a8907,0xf16102dfb2f1f52820379f41ca1e9f080f52a3c77d07e35b36d530886570ab70,110412322559634297179390871586061836199823585395911718369401115060791720876342,110412322559634297179390871586061836199823585395911718369401115060791720876342,btc-updown-5m-1771273200,btc-updown-5m-1771273200,"Bitcoin Up or Down - February 16, 3:20PM-3:25PM ET",Up,0,BUY,0.9695400713060086,303.525333,294.279973,endpoint_usdcSize,fast_crypto_up_down,BTC,true,,,unavailable,entry_candidate,0xde79cc7660d5c05b4cd2f4e72cae30cde2583d9a|0xf16102dfb2f1f52820379f41ca1e9f080f52a3c77d07e35b36d530886570ab70|110412322559634297179390871586061836199823585395911718369401115060791720876342|Up,0xde79cc7660d5c05b4cd2f4e72cae30cde2583d9a|activity_primary|0xfb396e086a1405095bfef70dc599da31ed51c526b7cee267860d9c88ed6a8907|0xf16102dfb2f1f52820379f41ca1e9f080f52a3c77d07e35b36d530886570ab70|110412322559634297179390871586061836199823585395911718369401115060791720876342|1771273449|buy|0.9695400713060086|303.525333,2026-06-24T20:54:42+00:00,9915f7bd3d708cd20e71e60b59d73c588efb14f4433755a0a7d032c950a47269,b6c649bb98d450a889082d2496cc73c47eab42b131a53b234722c1b2202cdf38,wallet_trade_history_v1,none
0xde79cc7660d5c05b4cd2f4e72cae30cde2583d9a,https://polymarket.com/0xde79cc7660d5c05b4cd2f4e72cae30cde2583d9a,https://data-api.polymarket.com/activity?user=0xde79cc7660d5c05b4cd2f4e72cae30cde2583d9a&type=TRADE&limit=100&offset=0&sortBy=TIMESTAMP&sortDirection=DESC,activity_primary,TRADE,1771273401,2026-02-16T20:23:21+00:00,0x9cfcf4a2f6a6dc3c0b1947662af44b4be0227cf4ffc6b8ad30ad4dc445456781,0xf16102dfb2f1f52820379f41ca1e9f080f52a3c77d07e35b36d530886570ab70,25055498435800800252876333907251267767119488125976788948432409978919647209726,25055498435800800252876333907251267767119488125976788948432409978919647209726,btc-updown-5m-1771273200,btc-updown-5m-1771273200,"Bitcoin Up or Down - February 16, 3:20PM-3:25PM ET",Down,1,BUY,0.18007770605902296,55.531577,9.999999,endpoint_usdcSize,fast_crypto_up_down,BTC,true,,,unavailable,entry_candidate,0xde79cc7660d5c05b4cd2f4e72cae30cde2583d9a|0xf16102dfb2f1f52820379f41ca1e9f080f52a3c77d07e35b36d530886570ab70|25055498435800800252876333907251267767119488125976788948432409978919647209726|Down,0xde79cc7660d5c05b4cd2f4e72cae30cde2583d9a|activity_primary|0x9cfcf4a2f6a6dc3c0b1947662af44b4be0227cf4ffc6b8ad30ad4dc445456781|0xf16102dfb2f1f52820379f41ca1e9f080f52a3c77d07e35b36d530886570ab70|25055498435800800252876333907251267767119488125976788948432409978919647209726|1771273401|buy|0.18007770605902296|55.531577,2026-06-24T20:54:42+00:00,3a10088ba6ff3e914d421b9615112a4aa3cd95a987f7523bfb9ae3fab06ad1f8,b6c649bb98d450a889082d2496cc73c47eab42b131a53b234722c1b2202cdf38,wallet_trade_history_v1,none
0xde79cc7660d5c05b4cd2f4e72cae30cde2583d9a,https://polymarket.com/0xde79cc7660d5c05b4cd2f4e72cae30cde2583d9a,https://data-api.polymarket.com/activity?user=0xde79cc7660d5c05b4cd2f4e72cae30cde2583d9a&type=TRADE&limit=100&offset=0&sortBy=TIMESTAMP&sortDirection=DESC,activity_primary,TRADE,1771272949,2026-02-16T20:15:49+00:00,0x35dd7fd0eaef9fae4c510d09c1e7d6107137f2cb9918ac7d89a1d18b1322a09f,0xf6575864037284884a429b895a41f5bca8ecba5a29832746954144acd766c97b,37130010088332442648744861772391477522187945138945162874088816234183570825771,37130010088332442648744861772391477522187945138945162874088816234183570825771,btc-updown-5m-1771272600,btc-updown-5m-1771272600,"Bitcoin Up or Down - February 16, 3:10PM-3:15PM ET",Up,0,SELL,0.92,44.23,40.6916,endpoint_usdcSize,fast_crypto_up_down,BTC,true,,,unavailable,exit_candidate,0xde79cc7660d5c05b4cd2f4e72cae30cde2583d9a|0xf6575864037284884a429b895a41f5bca8ecba5a29832746954144acd766c97b|37130010088332442648744861772391477522187945138945162874088816234183570825771|Up,0xde79cc7660d5c05b4cd2f4e72cae30cde2583d9a|activity_primary|0x35dd7fd0eaef9fae4c510d09c1e7d6107137f2cb9918ac7d89a1d18b1322a09f|0xf6575864037284884a429b895a41f5bca8ecba5a29832746954144acd766c97b|37130010088332442648744861772391477522187945138945162874088816234183570825771|1771272949|sell|0.92|44.23,2026-06-24T20:54:42+00:00,eab03cb9ea41a5f80cf19f1422b47fa1318241e5e57553f16afea3cdce773e87,b6c649bb98d450a889082d2496cc73c47eab42b131a53b234722c1b2202cdf38,wallet_trade_history_v1,none
0xde79cc7660d5c05b4cd2f4e72cae30cde2583d9a,https://polymarket.com/0xde79cc7660d5c05b4cd2f4e72cae30cde2583d9a,https://data-api.polymarket.com/activity?user=0xde79cc7660d5c05b4cd2f4e72cae30cde2583d9a&type=TRADE&limit=100&offset=0&sortBy=TIMESTAMP&sortDirection=DESC,activity_primary,TRADE,1771272849,2026-02-16T20:14:09+00:00,0x908ccd188afde7cc8288c73e8a2d94e81e6046725e87f5af76683aa47a1e16e0,0xf6575864037284884a429b895a41f5bca8ecba5a29832746954144acd766c97b,37130010088332442648744861772391477522187945138945162874088816234183570825771,37130010088332442648744861772391477522187945138945162874088816234183570825771,btc-updown-5m-1771272600,btc-updown-5m-1771272600,"Bitcoin Up or Down - February 16, 3:10PM-3:15PM ET",Up,0,BUY,0.4452249510308183,44.92111,19.999999,endpoint_usdcSize,fast_crypto_up_down,BTC,true,,,unavailable,entry_candidate,0xde79cc7660d5c05b4cd2f4e72cae30cde2583d9a|0xf6575864037284884a429b895a41f5bca8ecba5a29832746954144acd766c97b|37130010088332442648744861772391477522187945138945162874088816234183570825771|Up,0xde79cc7660d5c05b4cd2f4e72cae30cde2583d9a|activity_primary|0x908ccd188afde7cc8288c73e8a2d94e81e6046725e87f5af76683aa47a1e16e0|0xf6575864037284884a429b895a41f5bca8ecba5a29832746954144acd766c97b|37130010088332442648744861772391477522187945138945162874088816234183570825771|1771272849|buy|0.4452249510308183|44.92111,2026-06-24T20:54:42+00:00,8f43966330de8a9b08c7b964fb3f6618f4348737e723d83591c528cb33d1302a,b6c649bb98d450a889082d2496cc73c47eab42b131a53b234722c1b2202cdf38,wallet_trade_history_v1,none
0xde79cc7660d5c05b4cd2f4e72cae30cde2583d9a,https://polymarket.com/0xde79cc7660d5c05b4cd2f4e72cae30cde2583d9a,https://data-api.polymarket.com/activity?user=0xde79cc7660d5c05b4cd2f4e72cae30cde2583d9a&type=TRADE&limit=100&offset=0&sortBy=TIMESTAMP&sortDirection=DESC,activity_primary,TRADE,1771272627,2026-02-16T20:10:27+00:00,0xd9983aee32f666df103ceee063d019f783277e2ea53a24571fc9283266946233,0xf6a628bf4b0aa4b1ad98151a26d50591ed8644c69c15a8d123ee0eaccef91b82,24858849614183142479964066150980801656466116672945242948492693250520073404090,24858849614183142479964066150980801656466116672945242948492693250520073404090,btc-updown-5m-1771272300,btc-updown-5m-1771272300,"Bitcoin Up or Down - February 16, 3:05PM-3:10PM ET",Up,0,SELL,0.99,20.5,20.295,endpoint_usdcSize,fast_crypto_up_down,BTC,true,,,unavailable,exit_candidate,0xde79cc7660d5c05b4cd2f4e72cae30cde2583d9a|0xf6a628bf4b0aa4b1ad98151a26d50591ed8644c69c15a8d123ee0eaccef91b82|24858849614183142479964066150980801656466116672945242948492693250520073404090|Up,0xde79cc7660d5c05b4cd2f4e72cae30cde2583d9a|activity_primary|0xd9983aee32f666df103ceee063d019f783277e2ea53a24571fc9283266946233|0xf6a628bf4b0aa4b1ad98151a26d50591ed8644c69c15a8d123ee0eaccef91b82|24858849614183142479964066150980801656466116672945242948492693250520073404090|1771272627|sell|0.99|20.5,2026-06-24T20:54:42+00:00,8e4682ce0350cf49d34c0d9783814cbe40aec968c5fd9a61f1dfac546567a3e0,b6c649bb98d450a889082d2496cc73c47eab42b131a53b234722c1b2202cdf38,wallet_trade_history_v1,none
0xde79cc7660d5c05b4cd2f4e72cae30cde2583d9a,https://polymarket.com/0xde79cc7660d5c05b4cd2f4e72cae30cde2583d9a,https://data-api.polymarket.com/activity?user=0xde79cc7660d5c05b4cd2f4e72cae30cde2583d9a&type=TRADE&limit=100&offset=0&sortBy=TIMESTAMP&sortDirection=DESC,activity_primary,TRADE,1771272587,2026-02-16T20:09:47+00:00,0x47a7d590bff24d61dc4d1f1293cec84eb4bbdc86a9e041fe7a99e46d9a3c4f2f,0xf6a628bf4b0aa4b1ad98151a26d50591ed8644c69c15a8d123ee0eaccef91b82,24858849614183142479964066150980801656466116672945242948492693250520073404090,24858849614183142479964066150980801656466116672945242948492693250520073404090,btc-updown-5m-1771272300,btc-updown-5m-1771272300,"Bitcoin Up or Down - February 16, 3:05PM-3:10PM ET",Up,0,BUY,0.4799999827199989,20.833332,9.999999,endpoint_usdcSize,fast_crypto_up_down,BTC,true,,,unavailable,entry_candidate,0xde79cc7660d5c05b4cd2f4e72cae30cde2583d9a|0xf6a628bf4b0aa4b1ad98151a26d50591ed8644c69c15a8d123ee0eaccef91b82|24858849614183142479964066150980801656466116672945242948492693250520073404090|Up,0xde79cc7660d5c05b4cd2f4e72cae30cde2583d9a|activity_primary|0x47a7d590bff24d61dc4d1f1293cec84eb4bbdc86a9e041fe7a99e46d9a3c4f2f|0xf6a628bf4b0aa4b1ad98151a26d50591ed8644c69c15a8d123ee0eaccef91b82|24858849614183142479964066150980801656466116672945242948492693250520073404090|1771272587|buy|0.4799999827199989|20.833332,2026-06-24T20:54:42+00:00,5fd6bc139df3401f71fc9c0413d4a8ad73aaa5d291bc911eaea501b754071a3e,b6c649bb98d450a889082d2496cc73c47eab42b131a53b234722c1b2202cdf38,wallet_trade_history_v1,none
0xde79cc7660d5c05b4cd2f4e72cae30cde2583d9a,https://polymarket.com/0xde79cc7660d5c05b4cd2f4e72cae30cde2583d9a,https://data-api.polymarket.com/activity?user=0xde79cc7660d5c05b4cd2f4e72cae30cde2583d9a&type=TRADE&limit=100&offset=0&sortBy=TIMESTAMP&sortDirection=DESC,activity_primary,TRADE,1771272487,2026-02-16T20:08:07+00:00,0xc1553decb6a2ccb6a4b138dd872d93e5eb3e57ca2b1b2a6b048076b53570527a,0xf6a628bf4b0aa4b1ad98151a26d50591ed8644c69c15a8d123ee0eaccef91b82,68190867518223789074472591711104344287481977052831963904935184472968831390555,68190867518223789074472591711104344287481977052831963904935184472968831390555,btc-updown-5m-1771272300,btc-updown-5m-1771272300,"Bitcoin Up or Down - February 16, 3:05PM-3:10PM ET",Down,1,SELL,0.6576488194213502,420.98,276.857,endpoint_usdcSize,fast_crypto_up_down,BTC,true,,,unavailable,exit_candidate,0xde79cc7660d5c05b4cd2f4e72cae30cde2583d9a|0xf6a628bf4b0aa4b1ad98151a26d50591ed8644c69c15a8d123ee0eaccef91b82|68190867518223789074472591711104344287481977052831963904935184472968831390555|Down,0xde79cc7660d5c05b4cd2f4e72cae30cde2583d9a|activity_primary|0xc1553decb6a2ccb6a4b138dd872d93e5eb3e57ca2b1b2a6b048076b53570527a|0xf6a628bf4b0aa4b1ad98151a26d50591ed8644c69c15a8d123ee0eaccef91b82|68190867518223789074472591711104344287481977052831963904935184472968831390555|1771272487|sell|0.6576488194213502|420.98,2026-06-24T20:54:42+00:00,6b0104e249a8f39ef786d49fd9032ffde1f5534bf020478f97bff13862ab48d7,b6c649bb98d450a889082d2496cc73c47eab42b131a53b234722c1b2202cdf38,wallet_trade_history_v1,none
0xde79cc7660d5c05b4cd2f4e72cae30cde2583d9a,https://polymarket.com/0xde79cc7660d5c05b4cd2f4e72cae30cde2583d9a,https://data-api.polymarket.com/activity?user=0xde79cc7660d5c05b4cd2f4e72cae30cde2583d9a&type=TRADE&limit=100&offset=0&sortBy=TIMESTAMP&sortDirection=DESC,activity_primary,TRADE,1771272413,2026-02-16T20:06:53+00:00,0x990ab2954a7a09068fb1669c0df41543f65d45a35beafee8221665f3ddc18af7,0xf6a628bf4b0aa4b1ad98151a26d50591ed8644c69c15a8d123ee0eaccef91b82,68190867518223789074472591711104344287481977052831963904935184472968831390555,68190867518223789074472591711104344287481977052831963904935184472968831390555,btc-updown-5m-1771272300,btc-updown-5m-1771272300,"Bitcoin Up or Down - February 16, 3:05PM-3:10PM ET",Down,1,BUY,0.8767817307362704,422.214541,370.189996,endpoint_usdcSize,fast_crypto_up_down,BTC,true,,,unavailable,entry_candidate,0xde79cc7660d5c05b4cd2f4e72cae30cde2583d9a|0xf6a628bf4b0aa4b1ad98151a26d50591ed8644c69c15a8d123ee0eaccef91b82|68190867518223789074472591711104344287481977052831963904935184472968831390555|Down,0xde79cc7660d5c05b4cd2f4e72cae30cde2583d9a|activity_primary|0x990ab2954a7a09068fb1669c0df41543f65d45a35beafee8221665f3ddc18af7|0xf6a628bf4b0aa4b1ad98151a26d50591ed8644c69c15a8d123ee0eaccef91b82|68190867518223789074472591711104344287481977052831963904935184472968831390555|1771272413|buy|0.8767817307362704|422.214541,2026-06-24T20:54:42+00:00,dbbe29f0ef8e70c17db0522e69f161a0904987d98c93735b271c8751661f8533,b6c649bb98d450a889082d2496cc73c47eab42b131a53b234722c1b2202cdf38,wallet_trade_history_v1,none
0xde79cc7660d5c05b4cd2f4e72cae30cde2583d9a,https://polymarket.com/0xde79cc7660d5c05b4cd2f4e72cae30cde2583d9a,https://data-api.polymarket.com/activity?user=0xde79cc7660d5c05b4cd2f4e72cae30cde2583d9a&type=TRADE&limit=100&offset=0&sortBy=TIMESTAMP&sortDirection=DESC,activity_primary,TRADE,1771272089,2026-02-16T20:01:29+00:00,0x19c1172a4e643f96a989aad60d8ac84c80aa45d9101f308aaf023d8552f5bf73,0x5347c8ca47a3144f5fdaf7709f7fcfc2f85623fed6ba57e1d9dc384d1bb6321d,69637911578793052368008211676271961739584786184960498765872150690899251079037,69637911578793052368008211676271961739584786184960498765872150690899251079037,btc-updown-15m-1771271100,btc-updown-15m-1771271100,"Bitcoin Up or Down - February 16, 2:45PM-3:00PM ET",Down,1,SELL,0.999,370.56,370.18944,endpoint_usdcSize,fast_crypto_up_down,BTC,true,,,unavailable,exit_candidate,0xde79cc7660d5c05b4cd2f4e72cae30cde2583d9a|0x5347c8ca47a3144f5fdaf7709f7fcfc2f85623fed6ba57e1d9dc384d1bb6321d|69637911578793052368008211676271961739584786184960498765872150690899251079037|Down,0xde79cc7660d5c05b4cd2f4e72cae30cde2583d9a|activity_primary|0x19c1172a4e643f96a989aad60d8ac84c80aa45d9101f308aaf023d8552f5bf73|0x5347c8ca47a3144f5fdaf7709f7fcfc2f85623fed6ba57e1d9dc384d1bb6321d|69637911578793052368008211676271961739584786184960498765872150690899251079037|1771272089|sell|0.999|370.56,2026-06-24T20:54:42+00:00,a8c742a5becb7eafed1227f228baf281a4b82534632b8bdcd5ad672a6921a0cf,b6c649bb98d450a889082d2496cc73c47eab42b131a53b234722c1b2202cdf38,wallet_trade_history_v1,none
0xde79cc7660d5c05b4cd2f4e72cae30cde2583d9a,https://polymarket.com/0xde79cc7660d5c05b4cd2f4e72cae30cde2583d9a,https://data-api.polymarket.com/activity?user=0xde79cc7660d5c05b4cd2f4e72cae30cde2583d9a&type=TRADE&limit=100&offset=0&sortBy=TIMESTAMP&sortDirection=DESC,activity_primary,TRADE,1771271623,2026-02-16T19:53:43+00:00,0x7cd16e7a002c863347ce343da4c405eefbb6a956bb39fad73a06f28586b1806f,0x5347c8ca47a3144f5fdaf7709f7fcfc2f85623fed6ba57e1d9dc384d1bb6321d,69637911578793052368008211676271961739584786184960498765872150690899251079037,69637911578793052368008211676271961739584786184960498765872150690899251079037,btc-updown-15m-1771271100,btc-updown-15m-1771271100,"Bitcoin Up or Down - February 16, 2:45PM-3:00PM ET",Down,1,BUY,0.9323832228214547,370.931166,345.849996,endpoint_usdcSize,fast_crypto_up_down,BTC,true,,,unavailable,entry_candidate,0xde79cc7660d5c05b4cd2f4e72cae30cde2583d9a|0x5347c8ca47a3144f5fdaf7709f7fcfc2f85623fed6ba57e1d9dc384d1bb6321d|69637911578793052368008211676271961739584786184960498765872150690899251079037|Down,0xde79cc7660d5c05b4cd2f4e72cae30cde2583d9a|activity_primary|0x7cd16e7a002c863347ce343da4c405eefbb6a956bb39fad73a06f28586b1806f|0x5347c8ca47a3144f5fdaf7709f7fcfc2f85623fed6ba57e1d9dc384d1bb6321d|69637911578793052368008211676271961739584786184960498765872150690899251079037|1771271623|buy|0.9323832228214547|370.931166,2026-06-24T20:54:42+00:00,3612ae3db3188659e48825abefa16fe2e400dde0d9f18f4f73b346f9c6111883,b6c649bb98d450a889082d2496cc73c47eab42b131a53b234722c1b2202cdf38,wallet_trade_history_v1,none
0xde79cc7660d5c05b4cd2f4e72cae30cde2583d9a,https://polymarket.com/0xde79cc7660d5c05b4cd2f4e72cae30cde2583d9a,https://data-api.polymarket.com/activity?user=0xde79cc7660d5c05b4cd2f4e72cae30cde2583d9a&type=TRADE&limit=100&offset=0&sortBy=TIMESTAMP&sortDirection=DESC,activity_primary,TRADE,1771271253,2026-02-16T19:47:33+00:00,0x64b2e5bcac79996dd12d698379f425d58b4b5d8c0d89879917079dfd1c44facf,0x0fb2ceba05d2dae4139f3daf1f5edd70254c664ecac1cfe69d18460326e8fe76,104061064247386173772545788287993890111136470160307905128698268433378957395936,104061064247386173772545788287993890111136470160307905128698268433378957395936,btc-updown-5m-1771271100,btc-updown-5m-1771271100,"Bitcoin Up or Down - February 16, 2:45PM-2:50PM ET",Down,1,BUY,0.8844489778559358,346.746963,306.679997,endpoint_usdcSize,fast_crypto_up_down,BTC,true,,,unavailable,entry_candidate,0xde79cc7660d5c05b4cd2f4e72cae30cde2583d9a|0x0fb2ceba05d2dae4139f3daf1f5edd70254c664ecac1cfe69d18460326e8fe76|104061064247386173772545788287993890111136470160307905128698268433378957395936|Down,0xde79cc7660d5c05b4cd2f4e72cae30cde2583d9a|activity_primary|0x64b2e5bcac79996dd12d698379f425d58b4b5d8c0d89879917079dfd1c44facf|0x0fb2ceba05d2dae4139f3daf1f5edd70254c664ecac1cfe69d18460326e8fe76|104061064247386173772545788287993890111136470160307905128698268433378957395936|1771271253|buy|0.8844489778559358|346.746963,2026-06-24T20:54:42+00:00,42cf9bb557f102eafeb076b9493ac611c31cbfd1ab954f708b46c27a0ea97105,b6c649bb98d450a889082d2496cc73c47eab42b131a53b234722c1b2202cdf38,wallet_trade_history_v1,none
0xde79cc7660d5c05b4cd2f4e72cae30cde2583d9a,https://polymarket.com/0xde79cc7660d5c05b4cd2f4e72cae30cde2583d9a,https://data-api.polymarket.com/activity?user=0xde79cc7660d5c05b4cd2f4e72cae30cde2583d9a&type=TRADE&limit=100&offset=0&sortBy=TIMESTAMP&sortDirection=DESC,activity_primary,TRADE,1771271157,2026-02-16T19:45:57+00:00,0xbdf22529d692ad26a50034c64d8784233b2155109ddd7be7ba991f40338d650e,0x5285379beb1a5637ff4d1a33f49ce07e62e9247115f85ccee99516ad98167c17,62922206268673932069584517583171119840340241116716892977729491249445845991568,62922206268673932069584517583171119840340241116716892977729491249445845991568,btc-updown-15m-1771270200,btc-updown-15m-1771270200,"Bitcoin Up or Down - February 16, 2:30PM-2:45PM ET",Up,0,SELL,0.999,306.99,306.68301,endpoint_usdcSize,fast_crypto_up_down,BTC,true,,,unavailable,exit_candidate,0xde79cc7660d5c05b4cd2f4e72cae30cde2583d9a|0x5285379beb1a5637ff4d1a33f49ce07e62e9247115f85ccee99516ad98167c17|62922206268673932069584517583171119840340241116716892977729491249445845991568|Up,0xde79cc7660d5c05b4cd2f4e72cae30cde2583d9a|activity_primary|0xbdf22529d692ad26a50034c64d8784233b2155109ddd7be7ba991f40338d650e|0x5285379beb1a5637ff4d1a33f49ce07e62e9247115f85ccee99516ad98167c17|62922206268673932069584517583171119840340241116716892977729491249445845991568|1771271157|sell|0.999|306.99,2026-06-24T20:54:42+00:00,75fd10e8a60fb309c9b9bc74a3aa0f944a6892556c7ab6e2e39119f610988f42,b6c649bb98d450a889082d2496cc73c47eab42b131a53b234722c1b2202cdf38,wallet_trade_history_v1,none
0xde79cc7660d5c05b4cd2f4e72cae30cde2583d9a,https://polymarket.com/0xde79cc7660d5c05b4cd2f4e72cae30cde2583d9a,https://data-api.polymarket.com/activity?user=0xde79cc7660d5c05b4cd2f4e72cae30cde2583d9a&type=TRADE&limit=100&offset=0&sortBy=TIMESTAMP&sortDirection=DESC,activity_primary,TRADE,1771270903,2026-02-16T19:41:43+00:00,0xc3693c22e6b5708e344e0d40d1d015bbee8b3e712bfb4582930b3fbbb7829014,0x5285379beb1a5637ff4d1a33f49ce07e62e9247115f85ccee99516ad98167c17,62922206268673932069584517583171119840340241116716892977729491249445845991568,62922206268673932069584517583171119840340241116716892977729491249445845991568,btc-updown-15m-1771270200,btc-updown-15m-1771270200,"Bitcoin Up or Down - February 16, 2:30PM-2:45PM ET",Up,0,BUY,0.9361018536372637,307.27425,287.639995,endpoint_usdcSize,fast_crypto_up_down,BTC,true,,,unavailable,entry_candidate,0xde79cc7660d5c05b4cd2f4e72cae30cde2583d9a|0x5285379beb1a5637ff4d1a33f49ce07e62e9247115f85ccee99516ad98167c17|62922206268673932069584517583171119840340241116716892977729491249445845991568|Up,0xde79cc7660d5c05b4cd2f4e72cae30cde2583d9a|activity_primary|0xc3693c22e6b5708e344e0d40d1d015bbee8b3e712bfb4582930b3fbbb7829014|0x5285379beb1a5637ff4d1a33f49ce07e62e9247115f85ccee99516ad98167c17|62922206268673932069584517583171119840340241116716892977729491249445845991568|1771270903|buy|0.9361018536372637|307.27425,2026-06-24T20:54:42+00:00,650f5110a45a2b9597c3f8ae7efa9973b2b884851d94050a4777668d01546865,b6c649bb98d450a889082d2496cc73c47eab42b131a53b234722c1b2202cdf38,wallet_trade_history_v1,none
0xde79cc7660d5c05b4cd2f4e72cae30cde2583d9a,https://polymarket.com/0xde79cc7660d5c05b4cd2f4e72cae30cde2583d9a,https://data-api.polymarket.com/activity?user=0xde79cc7660d5c05b4cd2f4e72cae30cde2583d9a&type=TRADE&limit=100&offset=0&sortBy=TIMESTAMP&sortDirection=DESC,activity_primary,TRADE,1771270763,2026-02-16T19:39:23+00:00,0x03d17c8802cf5d70d0cfef1f8feca818240b94f8fb4c2a763061a0911ec85dbe,0x1e946cd8e5627303b5d6244831dae73bee2d7e72e83164312ff2d95e89116bd5,23183029198438796838763268887136305485866656141117934527295977555329105022147,23183029198438796838763268887136305485866656141117934527295977555329105022147,btc-updown-5m-1771270500,btc-updown-5m-1771270500,"Bitcoin Up or Down - February 16, 2:35PM-2:40PM ET",Up,0,SELL,0.8857534246575343,325.58,288.3836,endpoint_usdcSize,fast_crypto_up_down,BTC,true,,,unavailable,exit_candidate,0xde79cc7660d5c05b4cd2f4e72cae30cde2583d9a|0x1e946cd8e5627303b5d6244831dae73bee2d7e72e83164312ff2d95e89116bd5|23183029198438796838763268887136305485866656141117934527295977555329105022147|Up,0xde79cc7660d5c05b4cd2f4e72cae30cde2583d9a|activity_primary|0x03d17c8802cf5d70d0cfef1f8feca818240b94f8fb4c2a763061a0911ec85dbe|0x1e946cd8e5627303b5d6244831dae73bee2d7e72e83164312ff2d95e89116bd5|23183029198438796838763268887136305485866656141117934527295977555329105022147|1771270763|sell|0.8857534246575343|325.58,2026-06-24T20:54:42+00:00,87c35030459e234c45e721e10c323102a369a1fdadcbf682970d1ed052ca5db7,b6c649bb98d450a889082d2496cc73c47eab42b131a53b234722c1b2202cdf38,wallet_trade_history_v1,none
0xde79cc7660d5c05b4cd2f4e72cae30cde2583d9a,https://polymarket.com/0xde79cc7660d5c05b4cd2f4e72cae30cde2583d9a,https://data-api.polymarket.com/activity?user=0xde79cc7660d5c05b4cd2f4e72cae30cde2583d9a&type=TRADE&limit=100&offset=0&sortBy=TIMESTAMP&sortDirection=DESC,activity_primary,TRADE,1771270725,2026-02-16T19:38:45+00:00,0x9477ead6681db3069a9ca3b85536f083538a710dab9b95a46ca39adb739e3463,0x1e946cd8e5627303b5d6244831dae73bee2d7e72e83164312ff2d95e89116bd5,23183029198438796838763268887136305485866656141117934527295977555329105022147,23183029198438796838763268887136305485866656141117934527295977555329105022147,btc-updown-5m-1771270500,btc-updown-5m-1771270500,"Bitcoin Up or Down - February 16, 2:35PM-2:40PM ET",Up,0,BUY,0.9663493604115782,325.668966,314.709997,endpoint_usdcSize,fast_crypto_up_down,BTC,true,,,unavailable,entry_candidate,0xde79cc7660d5c05b4cd2f4e72cae30cde2583d9a|0x1e946cd8e5627303b5d6244831dae73bee2d7e72e83164312ff2d95e89116bd5|23183029198438796838763268887136305485866656141117934527295977555329105022147|Up,0xde79cc7660d5c05b4cd2f4e72cae30cde2583d9a|activity_primary|0x9477ead6681db3069a9ca3b85536f083538a710dab9b95a46ca39adb739e3463|0x1e946cd8e5627303b5d6244831dae73bee2d7e72e83164312ff2d95e89116bd5|23183029198438796838763268887136305485866656141117934527295977555329105022147|1771270725|buy|0.9663493604115782|325.668966,2026-06-24T20:54:42+00:00,4e8ef766a26586d4ad569302eebdffa060491eff560c0617ac7501e3ef22c944,b6c649bb98d450a889082d2496cc73c47eab42b131a53b234722c1b2202cdf38,wallet_trade_history_v1,none
0xde79cc7660d5c05b4cd2f4e72cae30cde2583d9a,https://polymarket.com/0xde79cc7660d5c05b4cd2f4e72cae30cde2583d9a,https://data-api.polymarket.com/activity?user=0xde79cc7660d5c05b4cd2f4e72cae30cde2583d9a&type=TRADE&limit=100&offset=0&sortBy=TIMESTAMP&sortDirection=DESC,activity_primary,TRADE,1771269577,2026-02-16T19:19:37+00:00,0x0fcc058a457a7ca1f51944a1aee77bcb82892d1d4546376c9de58ea2dc44d5ca,0x99602c170d19db5a543c8f6088a87c7d9d4d7a9a775438920034837f49c4064e,63631808186054856475182296880724840304334582067146217227800203876735418792089,63631808186054856475182296880724840304334582067146217227800203876735418792089,btc-updown-5m-1771269300,btc-updown-5m-1771269300,"Bitcoin Up or Down - February 16, 2:15PM-2:20PM ET",Down,1,BUY,0.99,314.7171,311.569929,endpoint_usdcSize,fast_crypto_up_down,BTC,true,,,unavailable,entry_candidate,0xde79cc7660d5c05b4cd2f4e72cae30cde2583d9a|0x99602c170d19db5a543c8f6088a87c7d9d4d7a9a775438920034837f49c4064e|63631808186054856475182296880724840304334582067146217227800203876735418792089|Down,0xde79cc7660d5c05b4cd2f4e72cae30cde2583d9a|activity_primary|0x0fcc058a457a7ca1f51944a1aee77bcb82892d1d4546376c9de58ea2dc44d5ca|0x99602c170d19db5a543c8f6088a87c7d9d4d7a9a775438920034837f49c4064e|63631808186054856475182296880724840304334582067146217227800203876735418792089|1771269577|buy|0.99|314.7171,2026-06-24T20:54:42+00:00,26a9b8d3778b18a90e02e02a4ddf782b48c4010ecb9f235bdbcb86be013deacf,b6c649bb98d450a889082d2496cc73c47eab42b131a53b234722c1b2202cdf38,wallet_trade_history_v1,none
0xde79cc7660d5c05b4cd2f4e72cae30cde2583d9a,https://polymarket.com/0xde79cc7660d5c05b4cd2f4e72cae30cde2583d9a,https://data-api.polymarket.com/activity?user=0xde79cc7660d5c05b4cd2f4e72cae30cde2583d9a&type=TRADE&limit=100&offset=0&sortBy=TIMESTAMP&sortDirection=DESC,activity_primary,TRADE,1771269157,2026-02-16T19:12:37+00:00,0xf6cb18b52744bc3a8c7debdf0ec863f9ade3352273d30bda990d6ec1beb3e84e,0x77cbfa13a63e6a90f097087c7730d2b0348cecd749f1bcb9ecfc475ce65d5469,71181147860562048180834851861529845675396112006771217257727615301916266325262,71181147860562048180834851861529845675396112006771217257727615301916266325262,btc-updown-15m-1771268400,btc-updown-15m-1771268400,"Bitcoin Up or Down - February 16, 2:00PM-2:15PM ET",Up,0,BUY,0.9724693307421353,311.61905,303.039969,endpoint_usdcSize,fast_crypto_up_down,BTC,true,,,unavailable,entry_candidate,0xde79cc7660d5c05b4cd2f4e72cae30cde2583d9a|0x77cbfa13a63e6a90f097087c7730d2b0348cecd749f1bcb9ecfc475ce65d5469|71181147860562048180834851861529845675396112006771217257727615301916266325262|Up,0xde79cc7660d5c05b4cd2f4e72cae30cde2583d9a|activity_primary|0xf6cb18b52744bc3a8c7debdf0ec863f9ade3352273d30bda990d6ec1beb3e84e|0x77cbfa13a63e6a90f097087c7730d2b0348cecd749f1bcb9ecfc475ce65d5469|71181147860562048180834851861529845675396112006771217257727615301916266325262|1771269157|buy|0.9724693307421353|311.61905,2026-06-24T20:54:42+00:00,c4207623bf4bbc63779e2824033c9550c3f1341a639c24e579d3934e231759b0,b6c649bb98d450a889082d2496cc73c47eab42b131a53b234722c1b2202cdf38,wallet_trade_history_v1,none
0xde79cc7660d5c05b4cd2f4e72cae30cde2583d9a,https://polymarket.com/0xde79cc7660d5c05b4cd2f4e72cae30cde2583d9a,https://data-api.polymarket.com/activity?user=0xde79cc7660d5c05b4cd2f4e72cae30cde2583d9a&type=TRADE&limit=100&offset=0&sortBy=TIMESTAMP&sortDirection=DESC,activity_primary,TRADE,1771268235,2026-02-16T18:57:15+00:00,0xccd8445fadb2b78c31fb842ddce566fc456a5f9ad07ee2c14d5afb948be205dc,0x708fabadc1990fd2ff131ffc8e0b17ac1f015aecfc3acc03d4fc8361ab71061c,81273356517762487146958974805519619949641660317502392493400157921279866792998,81273356517762487146958974805519619949641660317502392493400157921279866792998,btc-updown-15m-1771267500,btc-updown-15m-1771267500,"Bitcoin Up or Down - February 16, 1:45PM-2:00PM ET",Down,1,BUY,0.921993483041281,303.440314,279.769992,endpoint_usdcSize,fast_crypto_up_down,BTC,true,,,unavailable,entry_candidate,0xde79cc7660d5c05b4cd2f4e72cae30cde2583d9a|0x708fabadc1990fd2ff131ffc8e0b17ac1f015aecfc3acc03d4fc8361ab71061c|81273356517762487146958974805519619949641660317502392493400157921279866792998|Down,0xde79cc7660d5c05b4cd2f4e72cae30cde2583d9a|activity_primary|0xccd8445fadb2b78c31fb842ddce566fc456a5f9ad07ee2c14d5afb948be205dc|0x708fabadc1990fd2ff131ffc8e0b17ac1f015aecfc3acc03d4fc8361ab71061c|81273356517762487146958974805519619949641660317502392493400157921279866792998|1771268235|buy|0.921993483041281|303.440314,2026-06-24T20:54:42+00:00,5545a8324c763572501345dc60ad4a0622c000da62860dae74b9799dd1ad5d39,b6c649bb98d450a889082d2496cc73c47eab42b131a53b234722c1b2202cdf38,wallet_trade_history_v1,none
0xde79cc7660d5c05b4cd2f4e72cae30cde2583d9a,https://polymarket.com/0xde79cc7660d5c05b4cd2f4e72cae30cde2583d9a,https://data-api.polymarket.com/activity?user=0xde79cc7660d5c05b4cd2f4e72cae30cde2583d9a&type=TRADE&limit=100&offset=0&sortBy=TIMESTAMP&sortDirection=DESC,activity_primary,TRADE,1771267715,2026-02-16T18:48:35+00:00,0x213ffa53390561b484c792a71d125fd02280b21c3d4da1e4ca0571bfed057194,0xd271dec2c36f3f4596d3ccec5a97fa288886ff67a456a74c80af29a4efe50f0e,66232177729087725563513157602537363907148875330337597264239684497710813625692,66232177729087725563513157602537363907148875330337597264239684497710813625692,btc-updown-5m-1771267500,btc-updown-5m-1771267500,"Bitcoin Up or Down - February 16, 1:45PM-1:50PM ET",Down,1,BUY,0.9389874749155857,279.993083,262.909998,endpoint_usdcSize,fast_crypto_up_down,BTC,true,,,unavailable,entry_candidate,0xde79cc7660d5c05b4cd2f4e72cae30cde2583d9a|0xd271dec2c36f3f4596d3ccec5a97fa288886ff67a456a74c80af29a4efe50f0e|66232177729087725563513157602537363907148875330337597264239684497710813625692|Down,0xde79cc7660d5c05b4cd2f4e72cae30cde2583d9a|activity_primary|0x213ffa53390561b484c792a71d125fd02280b21c3d4da1e4ca0571bfed057194|0xd271dec2c36f3f4596d3ccec5a97fa288886ff67a456a74c80af29a4efe50f0e|66232177729087725563513157602537363907148875330337597264239684497710813625692|1771267715|buy|0.9389874749155857|279.993083,2026-06-24T20:54:42+00:00,d73090e97fa189f4d8822db97757e512221b4b908268f98443353f36e4b55b71,b6c649bb98d450a889082d2496cc73c47eab42b131a53b234722c1b2202cdf38,wallet_trade_history_v1,none
0xde79cc7660d5c05b4cd2f4e72cae30cde2583d9a,https://polymarket.com/0xde79cc7660d5c05b4cd2f4e72cae30cde2583d9a,https://data-api.polymarket.com/activity?user=0xde79cc7660d5c05b4cd2f4e72cae30cde2583d9a&type=TRADE&limit=100&offset=0&sortBy=TIMESTAMP&sortDirection=DESC,activity_primary,TRADE,1771267599,2026-02-16T18:46:39+00:00,0xb9ccdaa5aaaeba8410de3fb776ff29ff0cf940dbbeca5f259ed4137855a05208,0x5ff746c1d31f12286aa625db85e355d2d988e0073bec198e0c2857214abdf8b9,115480262796006240218429441737423217780462618680474307990506602882620905842920,115480262796006240218429441737423217780462618680474307990506602882620905842920,btc-updown-15m-1771266600,btc-updown-15m-1771266600,"Bitcoin Up or Down - February 16, 1:30PM-1:45PM ET",Down,1,SELL,0.999,263.18,262.91682,endpoint_usdcSize,fast_crypto_up_down,BTC,true,,,unavailable,exit_candidate,0xde79cc7660d5c05b4cd2f4e72cae30cde2583d9a|0x5ff746c1d31f12286aa625db85e355d2d988e0073bec198e0c2857214abdf8b9|115480262796006240218429441737423217780462618680474307990506602882620905842920|Down,0xde79cc7660d5c05b4cd2f4e72cae30cde2583d9a|activity_primary|0xb9ccdaa5aaaeba8410de3fb776ff29ff0cf940dbbeca5f259ed4137855a05208|0x5ff746c1d31f12286aa625db85e355d2d988e0073bec198e0c2857214abdf8b9|115480262796006240218429441737423217780462618680474307990506602882620905842920|1771267599|sell|0.999|263.18,2026-06-24T20:54:42+00:00,01d3a0b7bc1bbc274a839207bab6129f23462510bb0fd32874256bfec658c164,b6c649bb98d450a889082d2496cc73c47eab42b131a53b234722c1b2202cdf38,wallet_trade_history_v1,none
0xde79cc7660d5c05b4cd2f4e72cae30cde2583d9a,https://polymarket.com/0xde79cc7660d5c05b4cd2f4e72cae30cde2583d9a,https://data-api.polymarket.com/activity?user=0xde79cc7660d5c05b4cd2f4e72cae30cde2583d9a&type=TRADE&limit=100&offset=0&sortBy=TIMESTAMP&sortDirection=DESC,activity_primary,TRADE,1771267375,2026-02-16T18:42:55+00:00,0x61c1cff76c4555e555445cbf9b092c409cacf5e08552fd5c9ffecd4e728249c2,0x5ff746c1d31f12286aa625db85e355d2d988e0073bec198e0c2857214abdf8b9,115480262796006240218429441737423217780462618680474307990506602882620905842920,115480262796006240218429441737423217780462618680474307990506602882620905842920,btc-updown-15m-1771266600,btc-updown-15m-1771266600,"Bitcoin Up or Down - February 16, 1:30PM-1:45PM ET",Down,1,BUY,0.9697830913022272,263.2444,255.289968,endpoint_usdcSize,fast_crypto_up_down,BTC,true,,,unavailable,entry_candidate,0xde79cc7660d5c05b4cd2f4e72cae30cde2583d9a|0x5ff746c1d31f12286aa625db85e355d2d988e0073bec198e0c2857214abdf8b9|115480262796006240218429441737423217780462618680474307990506602882620905842920|Down,0xde79cc7660d5c05b4cd2f4e72cae30cde2583d9a|activity_primary|0x61c1cff76c4555e555445cbf9b092c409cacf5e08552fd5c9ffecd4e728249c2|0x5ff746c1d31f12286aa625db85e355d2d988e0073bec198e0c2857214abdf8b9|115480262796006240218429441737423217780462618680474307990506602882620905842920|1771267375|buy|0.9697830913022272|263.2444,2026-06-24T20:54:42+00:00,d82141917315d4f773f0c3f24f5dc4eb3fdc611e54d996f33cd3fe8e7d68f374,b6c649bb98d450a889082d2496cc73c47eab42b131a53b234722c1b2202cdf38,wallet_trade_history_v1,none
0xde79cc7660d5c05b4cd2f4e72cae30cde2583d9a,https://polymarket.com/0xde79cc7660d5c05b4cd2f4e72cae30cde2583d9a,https://data-api.polymarket.com/activity?user=0xde79cc7660d5c05b4cd2f4e72cae30cde2583d9a&type=TRADE&limit=100&offset=0&sortBy=TIMESTAMP&sortDirection=DESC,activity_primary,TRADE,1771267281,2026-02-16T18:41:21+00:00,0x13ac78a6e4865fca75068bba300be420a11bd378f21b296185ee2e40925dd8ac,0x416f5ac8b55799610964327e14c0f215e5bd9345045be8f69b55ac2795ab2987,114330972001947446373267624812733762852793861814978582285805523179420636679816,114330972001947446373267624812733762852793861814978582285805523179420636679816,btc-updown-5m-1771266900,btc-updown-5m-1771266900,"Bitcoin Up or Down - February 16, 1:35PM-1:40PM ET",Down,1,SELL,0.999,255.54,255.28446,endpoint_usdcSize,fast_crypto_up_down,BTC,true,,,unavailable,exit_candidate,0xde79cc7660d5c05b4cd2f4e72cae30cde2583d9a|0x416f5ac8b55799610964327e14c0f215e5bd9345045be8f69b55ac2795ab2987|114330972001947446373267624812733762852793861814978582285805523179420636679816|Down,0xde79cc7660d5c05b4cd2f4e72cae30cde2583d9a|activity_primary|0x13ac78a6e4865fca75068bba300be420a11bd378f21b296185ee2e40925dd8ac|0x416f5ac8b55799610964327e14c0f215e5bd9345045be8f69b55ac2795ab2987|114330972001947446373267624812733762852793861814978582285805523179420636679816|1771267281|sell|0.999|255.54,2026-06-24T20:54:42+00:00,bc01e7012c27d14bd880dc1ed85121e2899293a17d89cc975f40c008a1a565ab,b6c649bb98d450a889082d2496cc73c47eab42b131a53b234722c1b2202cdf38,wallet_trade_history_v1,none
0xde79cc7660d5c05b4cd2f4e72cae30cde2583d9a,https://polymarket.com/0xde79cc7660d5c05b4cd2f4e72cae30cde2583d9a,https://data-api.polymarket.com/activity?user=0xde79cc7660d5c05b4cd2f4e72cae30cde2583d9a&type=TRADE&limit=100&offset=0&sortBy=TIMESTAMP&sortDirection=DESC,activity_primary,TRADE,1771267039,2026-02-16T18:37:19+00:00,0x9ef11f1f3797196d8971bc3576eb644d7f74980d8a9c5f498d129bdaeea0f444,0x416f5ac8b55799610964327e14c0f215e5bd9345045be8f69b55ac2795ab2987,114330972001947446373267624812733762852793861814978582285805523179420636679816,114330972001947446373267624812733762852793861814978582285805523179420636679816,btc-updown-5m-1771266900,btc-updown-5m-1771266900,"Bitcoin Up or Down - February 16, 1:35PM-1:40PM ET",Down,1,BUY,0.939999999843594,255.744666,240.399986,endpoint_usdcSize,fast_crypto_up_down,BTC,true,,,unavailable,entry_candidate,0xde79cc7660d5c05b4cd2f4e72cae30cde2583d9a|0x416f5ac8b55799610964327e14c0f215e5bd9345045be8f69b55ac2795ab2987|114330972001947446373267624812733762852793861814978582285805523179420636679816|Down,0xde79cc7660d5c05b4cd2f4e72cae30cde2583d9a|activity_primary|0x9ef11f1f3797196d8971bc3576eb644d7f74980d8a9c5f498d129bdaeea0f444|0x416f5ac8b55799610964327e14c0f215e5bd9345045be8f69b55ac2795ab2987|114330972001947446373267624812733762852793861814978582285805523179420636679816|1771267039|buy|0.939999999843594|255.744666,2026-06-24T20:54:42+00:00,d41918ab0cfd70bf57181589c84187a7900807f72c7e2c45324501788e4c9ded,b6c649bb98d450a889082d2496cc73c47eab42b131a53b234722c1b2202cdf38,wallet_trade_history_v1,none
0xde79cc7660d5c05b4cd2f4e72cae30cde2583d9a,https://polymarket.com/0xde79cc7660d5c05b4cd2f4e72cae30cde2583d9a,https://data-api.polymarket.com/activity?user=0xde79cc7660d5c05b4cd2f4e72cae30cde2583d9a&type=TRADE&limit=100&offset=0&sortBy=TIMESTAMP&sortDirection=DESC,activity_primary,TRADE,1771266561,2026-02-16T18:29:21+00:00,0x32eae79d9e0c9a55aafa5c970570b975bd04967bd26d0e0ffc4494fce2ea188c,0x654f8d472d23c05f7646660a112bef3d14ab8c4dc7e39bc0d21d85d9a8c13764,69206862295163078061519395247442270894268204874829590922532212336725566636116,69206862295163078061519395247442270894268204874829590922532212336725566636116,btc-updown-5m-1771266300,btc-updown-5m-1771266300,"Bitcoin Up or Down - February 16, 1:25PM-1:30PM ET",Down,1,BUY,0.98,240.42855,235.619979,endpoint_usdcSize,fast_crypto_up_down,BTC,true,,,unavailable,entry_candidate,0xde79cc7660d5c05b4cd2f4e72cae30cde2583d9a|0x654f8d472d23c05f7646660a112bef3d14ab8c4dc7e39bc0d21d85d9a8c13764|69206862295163078061519395247442270894268204874829590922532212336725566636116|Down,0xde79cc7660d5c05b4cd2f4e72cae30cde2583d9a|activity_primary|0x32eae79d9e0c9a55aafa5c970570b975bd04967bd26d0e0ffc4494fce2ea188c|0x654f8d472d23c05f7646660a112bef3d14ab8c4dc7e39bc0d21d85d9a8c13764|69206862295163078061519395247442270894268204874829590922532212336725566636116|1771266561|buy|0.98|240.42855,2026-06-24T20:54:42+00:00,dd140f57a3038b85dd9ee53505e1d058c7d0850612aaac9648392975e16bb1b1,b6c649bb98d450a889082d2496cc73c47eab42b131a53b234722c1b2202cdf38,wallet_trade_history_v1,none
0xde79cc7660d5c05b4cd2f4e72cae30cde2583d9a,https://polymarket.com/0xde79cc7660d5c05b4cd2f4e72cae30cde2583d9a,https://data-api.polymarket.com/activity?user=0xde79cc7660d5c05b4cd2f4e72cae30cde2583d9a&type=TRADE&limit=100&offset=0&sortBy=TIMESTAMP&sortDirection=DESC,activity_primary,TRADE,1771265729,2026-02-16T18:15:29+00:00,0x6b711ad1ed08e3685e34087301a9541661870eae5d3a05faebe1132b813bbb4d,0x2b450bcc83edbeb9535637c0a7297cc3d879d19c833d0b689509e48d7c286258,83903844925943482149246592001153703688440556741429351793898444449998286250349,83903844925943482149246592001153703688440556741429351793898444449998286250349,btc-updown-15m-1771264800,btc-updown-15m-1771264800,"Bitcoin Up or Down - February 16, 1:00PM-1:15PM ET",Up,0,SELL,0.999,235.85,235.61415,endpoint_usdcSize,fast_crypto_up_down,BTC,true,,,unavailable,exit_candidate,0xde79cc7660d5c05b4cd2f4e72cae30cde2583d9a|0x2b450bcc83edbeb9535637c0a7297cc3d879d19c833d0b689509e48d7c286258|83903844925943482149246592001153703688440556741429351793898444449998286250349|Up,0xde79cc7660d5c05b4cd2f4e72cae30cde2583d9a|activity_primary|0x6b711ad1ed08e3685e34087301a9541661870eae5d3a05faebe1132b813bbb4d|0x2b450bcc83edbeb9535637c0a7297cc3d879d19c833d0b689509e48d7c286258|83903844925943482149246592001153703688440556741429351793898444449998286250349|1771265729|sell|0.999|235.85,2026-06-24T20:54:42+00:00,870c5146b1b1b313480e1a65166cefa58f8781a4fd8933d9d991127db7b71ef4,b6c649bb98d450a889082d2496cc73c47eab42b131a53b234722c1b2202cdf38,wallet_trade_history_v1,none
0xde79cc7660d5c05b4cd2f4e72cae30cde2583d9a,https://polymarket.com/0xde79cc7660d5c05b4cd2f4e72cae30cde2583d9a,https://data-api.polymarket.com/activity?user=0xde79cc7660d5c05b4cd2f4e72cae30cde2583d9a&type=TRADE&limit=100&offset=0&sortBy=TIMESTAMP&sortDirection=DESC,activity_primary,TRADE,1771265513,2026-02-16T18:11:53+00:00,0xa7a19a2ca20f4e38eeb4af2b7bcc24319b7754350635b00abed9deb8ae30f22a,0x2b450bcc83edbeb9535637c0a7297cc3d879d19c833d0b689509e48d7c286258,83903844925943482149246592001153703688440556741429351793898444449998286250349,83903844925943482149246592001153703688440556741429351793898444449998286250349,btc-updown-15m-1771264800,btc-updown-15m-1771264800,"Bitcoin Up or Down - February 16, 1:00PM-1:15PM ET",Up,0,BUY,0.99,235.8484,233.489916,endpoint_usdcSize,fast_crypto_up_down,BTC,true,,,unavailable,entry_candidate,0xde79cc7660d5c05b4cd2f4e72cae30cde2583d9a|0x2b450bcc83edbeb9535637c0a7297cc3d879d19c833d0b689509e48d7c286258|83903844925943482149246592001153703688440556741429351793898444449998286250349|Up,0xde79cc7660d5c05b4cd2f4e72cae30cde2583d9a|activity_primary|0xa7a19a2ca20f4e38eeb4af2b7bcc24319b7754350635b00abed9deb8ae30f22a|0x2b450bcc83edbeb9535637c0a7297cc3d879d19c833d0b689509e48d7c286258|83903844925943482149246592001153703688440556741429351793898444449998286250349|1771265513|buy|0.99|235.8484,2026-06-24T20:54:42+00:00,66e5d059b4c598e06bd7d9df2098c8c3999ffd9611dd52a6300f294992696578,b6c649bb98d450a889082d2496cc73c47eab42b131a53b234722c1b2202cdf38,wallet_trade_history_v1,none
0xde79cc7660d5c05b4cd2f4e72cae30cde2583d9a,https://polymarket.com/0xde79cc7660d5c05b4cd2f4e72cae30cde2583d9a,https://data-api.polymarket.com/activity?user=0xde79cc7660d5c05b4cd2f4e72cae30cde2583d9a&type=TRADE&limit=100&offset=0&sortBy=TIMESTAMP&sortDirection=DESC,activity_primary,TRADE,1771265461,2026-02-16T18:11:01+00:00,0x72f6e1cd33b4e2b70bdadee97bd330340336387fcea5e8a0d6a2c8bccf936e56,0x2b450bcc83edbeb9535637c0a7297cc3d879d19c833d0b689509e48d7c286258,83903844925943482149246592001153703688440556741429351793898444449998286250349,83903844925943482149246592001153703688440556741429351793898444449998286250349,btc-updown-15m-1771264800,btc-updown-15m-1771264800,"Bitcoin Up or Down - February 16, 1:00PM-1:15PM ET",Up,0,SELL,0.9580059059962267,243.82,233.581,endpoint_usdcSize,fast_crypto_up_down,BTC,true,,,unavailable,exit_candidate,0xde79cc7660d5c05b4cd2f4e72cae30cde2583d9a|0x2b450bcc83edbeb9535637c0a7297cc3d879d19c833d0b689509e48d7c286258|83903844925943482149246592001153703688440556741429351793898444449998286250349|Up,0xde79cc7660d5c05b4cd2f4e72cae30cde2583d9a|activity_primary|0x72f6e1cd33b4e2b70bdadee97bd330340336387fcea5e8a0d6a2c8bccf936e56|0x2b450bcc83edbeb9535637c0a7297cc3d879d19c833d0b689509e48d7c286258|83903844925943482149246592001153703688440556741429351793898444449998286250349|1771265461|sell|0.9580059059962267|243.82,2026-06-24T20:54:42+00:00,9a422f459f6a4524c1ae59ae3d40e88a6c78054b39b1833d10e6e34553c77d04,b6c649bb98d450a889082d2496cc73c47eab42b131a53b234722c1b2202cdf38,wallet_trade_history_v1,none
0xde79cc7660d5c05b4cd2f4e72cae30cde2583d9a,https://polymarket.com/0xde79cc7660d5c05b4cd2f4e72cae30cde2583d9a,https://data-api.polymarket.com/activity?user=0xde79cc7660d5c05b4cd2f4e72cae30cde2583d9a&type=TRADE&limit=100&offset=0&sortBy=TIMESTAMP&sortDirection=DESC,activity_primary,TRADE,1771265329,2026-02-16T18:08:49+00:00,0x0a1d21fad62e58e9f229ab9bfe19477c0ecc72497bc7f3247b2ed2b5f45c79d3,0x2b450bcc83edbeb9535637c0a7297cc3d879d19c833d0b689509e48d7c286258,83903844925943482149246592001153703688440556741429351793898444449998286250349,83903844925943482149246592001153703688440556741429351793898444449998286250349,btc-updown-15m-1771264800,btc-updown-15m-1771264800,"Bitcoin Up or Down - February 16, 1:00PM-1:15PM ET",Up,0,BUY,0.9299999999180617,244.086014,226.999993,endpoint_usdcSize,fast_crypto_up_down,BTC,true,,,unavailable,entry_candidate,0xde79cc7660d5c05b4cd2f4e72cae30cde2583d9a|0x2b450bcc83edbeb9535637c0a7297cc3d879d19c833d0b689509e48d7c286258|83903844925943482149246592001153703688440556741429351793898444449998286250349|Up,0xde79cc7660d5c05b4cd2f4e72cae30cde2583d9a|activity_primary|0x0a1d21fad62e58e9f229ab9bfe19477c0ecc72497bc7f3247b2ed2b5f45c79d3|0x2b450bcc83edbeb9535637c0a7297cc3d879d19c833d0b689509e48d7c286258|83903844925943482149246592001153703688440556741429351793898444449998286250349|1771265329|buy|0.9299999999180617|244.086014,2026-06-24T20:54:42+00:00,0957a282d4a251ed5b16e258e56c44b257490dda4f027f02681acb8c21d9f538,b6c649bb98d450a889082d2496cc73c47eab42b131a53b234722c1b2202cdf38,wallet_trade_history_v1,none
0xde79cc7660d5c05b4cd2f4e72cae30cde2583d9a,https://polymarket.com/0xde79cc7660d5c05b4cd2f4e72cae30cde2583d9a,https://data-api.polymarket.com/activity?user=0xde79cc7660d5c05b4cd2f4e72cae30cde2583d9a&type=TRADE&limit=100&offset=0&sortBy=TIMESTAMP&sortDirection=DESC,activity_primary,TRADE,1771264183,2026-02-16T17:49:43+00:00,0xd6b04831a38df6bda860c1f699d75d1a942a54a0b56e24538d22314fc2a023bd,0x9b9d6055850bcf6b9b0a34d7c1a77604a9cacc5657913bd34759958057e78da0,57382135162319986287004092026273109462553688522454777479501243620022814963556,57382135162319986287004092026273109462553688522454777479501243620022814963556,btc-updown-5m-1771263900,btc-updown-5m-1771263900,"Bitcoin Up or Down - February 16, 12:45PM-12:50PM ET",Down,1,SELL,0.98,231.66,227.0268,endpoint_usdcSize,fast_crypto_up_down,BTC,true,,,unavailable,exit_candidate,0xde79cc7660d5c05b4cd2f4e72cae30cde2583d9a|0x9b9d6055850bcf6b9b0a34d7c1a77604a9cacc5657913bd34759958057e78da0|57382135162319986287004092026273109462553688522454777479501243620022814963556|Down,0xde79cc7660d5c05b4cd2f4e72cae30cde2583d9a|activity_primary|0xd6b04831a38df6bda860c1f699d75d1a942a54a0b56e24538d22314fc2a023bd|0x9b9d6055850bcf6b9b0a34d7c1a77604a9cacc5657913bd34759958057e78da0|57382135162319986287004092026273109462553688522454777479501243620022814963556|1771264183|sell|0.98|231.66,2026-06-24T20:54:42+00:00,744600f8bb0e102e49509030ba50807a24731b90c7a906b6128d764c5e221334,b6c649bb98d450a889082d2496cc73c47eab42b131a53b234722c1b2202cdf38,wallet_trade_history_v1,none
0xde79cc7660d5c05b4cd2f4e72cae30cde2583d9a,https://polymarket.com/0xde79cc7660d5c05b4cd2f4e72cae30cde2583d9a,https://data-api.polymarket.com/activity?user=0xde79cc7660d5c05b4cd2f4e72cae30cde2583d9a&type=TRADE&limit=100&offset=0&sortBy=TIMESTAMP&sortDirection=DESC,activity_primary,TRADE,1771264067,2026-02-16T17:47:47+00:00,0xe934dc3d604c1c9e743a9c913335cf1ce07145f758e6e2b860d3d151f8dec932,0x9b9d6055850bcf6b9b0a34d7c1a77604a9cacc5657913bd34759958057e78da0,57382135162319986287004092026273109462553688522454777479501243620022814963556,57382135162319986287004092026273109462553688522454777479501243620022814963556,btc-updown-5m-1771263900,btc-updown-5m-1771263900,"Bitcoin Up or Down - February 16, 12:45PM-12:50PM ET",Down,1,BUY,0.92,231.97825,213.41999,endpoint_usdcSize,fast_crypto_up_down,BTC,true,,,unavailable,entry_candidate,0xde79cc7660d5c05b4cd2f4e72cae30cde2583d9a|0x9b9d6055850bcf6b9b0a34d7c1a77604a9cacc5657913bd34759958057e78da0|57382135162319986287004092026273109462553688522454777479501243620022814963556|Down,0xde79cc7660d5c05b4cd2f4e72cae30cde2583d9a|activity_primary|0xe934dc3d604c1c9e743a9c913335cf1ce07145f758e6e2b860d3d151f8dec932|0x9b9d6055850bcf6b9b0a34d7c1a77604a9cacc5657913bd34759958057e78da0|57382135162319986287004092026273109462553688522454777479501243620022814963556|1771264067|buy|0.92|231.97825,2026-06-24T20:54:42+00:00,157acf9504a36c893b3a35ad206587b003511142772090bd27f23866d849fd3e,b6c649bb98d450a889082d2496cc73c47eab42b131a53b234722c1b2202cdf38,wallet_trade_history_v1,none
0xde79cc7660d5c05b4cd2f4e72cae30cde2583d9a,https://polymarket.com/0xde79cc7660d5c05b4cd2f4e72cae30cde2583d9a,https://data-api.polymarket.com/activity?user=0xde79cc7660d5c05b4cd2f4e72cae30cde2583d9a&type=TRADE&limit=100&offset=0&sortBy=TIMESTAMP&sortDirection=DESC,activity_primary,TRADE,1771263933,2026-02-16T17:45:33+00:00,0xa0a3e820cc08fb0a898a4f9b342c0fcd46c62bb9414059ae2fda013addcb01b0,0x59e9af0092b48f6dc87fd817957b5cb58588e4159b633c002002c2bb04e051ea,16453558317275321655400376147068921681305890100072149537140031670835236583270,16453558317275321655400376147068921681305890100072149537140031670835236583270,btc-updown-15m-1771263000,btc-updown-15m-1771263000,"Bitcoin Up or Down - February 16, 12:30PM-12:45PM ET",Up,0,SELL,0.999,213.63,213.41637,endpoint_usdcSize,fast_crypto_up_down,BTC,true,,,unavailable,exit_candidate,0xde79cc7660d5c05b4cd2f4e72cae30cde2583d9a|0x59e9af0092b48f6dc87fd817957b5cb58588e4159b633c002002c2bb04e051ea|16453558317275321655400376147068921681305890100072149537140031670835236583270|Up,0xde79cc7660d5c05b4cd2f4e72cae30cde2583d9a|activity_primary|0xa0a3e820cc08fb0a898a4f9b342c0fcd46c62bb9414059ae2fda013addcb01b0|0x59e9af0092b48f6dc87fd817957b5cb58588e4159b633c002002c2bb04e051ea|16453558317275321655400376147068921681305890100072149537140031670835236583270|1771263933|sell|0.999|213.63,2026-06-24T20:54:42+00:00,846f3320e3a3e9254a40fe7058074185efe3a1f533660ec4d9a7fc109d726544,b6c649bb98d450a889082d2496cc73c47eab42b131a53b234722c1b2202cdf38,wallet_trade_history_v1,none
0xde79cc7660d5c05b4cd2f4e72cae30cde2583d9a,https://polymarket.com/0xde79cc7660d5c05b4cd2f4e72cae30cde2583d9a,https://data-api.polymarket.com/activity?user=0xde79cc7660d5c05b4cd2f4e72cae30cde2583d9a&type=TRADE&limit=100&offset=0&sortBy=TIMESTAMP&sortDirection=DESC,activity_primary,TRADE,1771263775,2026-02-16T17:42:55+00:00,0xe404d6ecd84797228a8ca5dabc196622f5e41605d7639274b77a6b16f4cd6e0f,0x59e9af0092b48f6dc87fd817957b5cb58588e4159b633c002002c2bb04e051ea,16453558317275321655400376147068921681305890100072149537140031670835236583270,16453558317275321655400376147068921681305890100072149537140031670835236583270,btc-updown-15m-1771263000,btc-updown-15m-1771263000,"Bitcoin Up or Down - February 16, 12:30PM-12:45PM ET",Up,0,BUY,0.98,213.65305,209.379989,endpoint_usdcSize,fast_crypto_up_down,BTC,true,,,unavailable,entry_candidate,0xde79cc7660d5c05b4cd2f4e72cae30cde2583d9a|0x59e9af0092b48f6dc87fd817957b5cb58588e4159b633c002002c2bb04e051ea|16453558317275321655400376147068921681305890100072149537140031670835236583270|Up,0xde79cc7660d5c05b4cd2f4e72cae30cde2583d9a|activity_primary|0xe404d6ecd84797228a8ca5dabc196622f5e41605d7639274b77a6b16f4cd6e0f|0x59e9af0092b48f6dc87fd817957b5cb58588e4159b633c002002c2bb04e051ea|16453558317275321655400376147068921681305890100072149537140031670835236583270|1771263775|buy|0.98|213.65305,2026-06-24T20:54:42+00:00,b9e92ab8a875f5cb9f489a0c29879f49ea918f3ee079f5f2b31d1b3e5467d947,b6c649bb98d450a889082d2496cc73c47eab42b131a53b234722c1b2202cdf38,wallet_trade_history_v1,none
0xde79cc7660d5c05b4cd2f4e72cae30cde2583d9a,https://polymarket.com/0xde79cc7660d5c05b4cd2f4e72cae30cde2583d9a,https://data-api.polymarket.com/activity?user=0xde79cc7660d5c05b4cd2f4e72cae30cde2583d9a&type=TRADE&limit=100&offset=0&sortBy=TIMESTAMP&sortDirection=DESC,activity_primary,TRADE,1771263323,2026-02-16T17:35:23+00:00,0xe7407f5f2a6703467119cbb47646c1cdd2783136d86882962ad9631c2a117b89,0x5e0458cdece6709fa56779c846e67b7bd4b4cea7741b77146d4b0aca711107dc,35441344274099810393490507311360612768143473068230484234960392087767184495778,35441344274099810393490507311360612768143473068230484234960392087767184495778,btc-updown-5m-1771263000,btc-updown-5m-1771263000,"Bitcoin Up or Down - February 16, 12:30PM-12:35PM ET",Up,0,SELL,0.999,209.59,209.38041,endpoint_usdcSize,fast_crypto_up_down,BTC,true,,,unavailable,exit_candidate,0xde79cc7660d5c05b4cd2f4e72cae30cde2583d9a|0x5e0458cdece6709fa56779c846e67b7bd4b4cea7741b77146d4b0aca711107dc|35441344274099810393490507311360612768143473068230484234960392087767184495778|Up,0xde79cc7660d5c05b4cd2f4e72cae30cde2583d9a|activity_primary|0xe7407f5f2a6703467119cbb47646c1cdd2783136d86882962ad9631c2a117b89|0x5e0458cdece6709fa56779c846e67b7bd4b4cea7741b77146d4b0aca711107dc|35441344274099810393490507311360612768143473068230484234960392087767184495778|1771263323|sell|0.999|209.59,2026-06-24T20:54:42+00:00,15c18a076431774685818d7682d984bd2f107a5e555a70bb72527f6b27ad2040,b6c649bb98d450a889082d2496cc73c47eab42b131a53b234722c1b2202cdf38,wallet_trade_history_v1,none
0xde79cc7660d5c05b4cd2f4e72cae30cde2583d9a,https://polymarket.com/0xde79cc7660d5c05b4cd2f4e72cae30cde2583d9a,https://data-api.polymarket.com/activity?user=0xde79cc7660d5c05b4cd2f4e72cae30cde2583d9a&type=TRADE&limit=100&offset=0&sortBy=TIMESTAMP&sortDirection=DESC,activity_primary,TRADE,1771263225,2026-02-16T17:33:45+00:00,0xed0ee6d2218f85441c6b2e5ec787a93f1116ce9abf15f372921d37199880388f,0x5e0458cdece6709fa56779c846e67b7bd4b4cea7741b77146d4b0aca711107dc,35441344274099810393490507311360612768143473068230484234960392087767184495778,35441344274099810393490507311360612768143473068230484234960392087767184495778,btc-updown-5m-1771263000,btc-updown-5m-1771263000,"Bitcoin Up or Down - February 16, 12:30PM-12:35PM ET",Up,0,BUY,0.969999999904598,209.639166,203.349991,endpoint_usdcSize,fast_crypto_up_down,BTC,true,,,unavailable,entry_candidate,0xde79cc7660d5c05b4cd2f4e72cae30cde2583d9a|0x5e0458cdece6709fa56779c846e67b7bd4b4cea7741b77146d4b0aca711107dc|35441344274099810393490507311360612768143473068230484234960392087767184495778|Up,0xde79cc7660d5c05b4cd2f4e72cae30cde2583d9a|activity_primary|0xed0ee6d2218f85441c6b2e5ec787a93f1116ce9abf15f372921d37199880388f|0x5e0458cdece6709fa56779c846e67b7bd4b4cea7741b77146d4b0aca711107dc|35441344274099810393490507311360612768143473068230484234960392087767184495778|1771263225|buy|0.969999999904598|209.639166,2026-06-24T20:54:42+00:00,76a734f50910e75c190d674b22a0c03b9be70b73c779333e4047a22e7af03582,b6c649bb98d450a889082d2496cc73c47eab42b131a53b234722c1b2202cdf38,wallet_trade_history_v1,none
0xde79cc7660d5c05b4cd2f4e72cae30cde2583d9a,https://polymarket.com/0xde79cc7660d5c05b4cd2f4e72cae30cde2583d9a,https://data-api.polymarket.com/activity?user=0xde79cc7660d5c05b4cd2f4e72cae30cde2583d9a&type=TRADE&limit=100&offset=0&sortBy=TIMESTAMP&sortDirection=DESC,activity_primary,TRADE,1771263119,2026-02-16T17:31:59+00:00,0xb3227d4bbc389410f01de81058ced3721b080e44a4c80fce3915a8d12f7474f1,0x080ac9ec85a8ec23cfeacced59dd88680bf964af07d80d2e2f2d6cbf953665f4,3732732560340064546733385922962917690102703962128566869528624270788891317615,3732732560340064546733385922962917690102703962128566869528624270788891317615,btc-updown-15m-1771262100,btc-updown-15m-1771262100,"Bitcoin Up or Down - February 16, 12:15PM-12:30PM ET",Up,0,SELL,0.999,203.56,203.35644,endpoint_usdcSize,fast_crypto_up_down,BTC,true,,,unavailable,exit_candidate,0xde79cc7660d5c05b4cd2f4e72cae30cde2583d9a|0x080ac9ec85a8ec23cfeacced59dd88680bf964af07d80d2e2f2d6cbf953665f4|3732732560340064546733385922962917690102703962128566869528624270788891317615|Up,0xde79cc7660d5c05b4cd2f4e72cae30cde2583d9a|activity_primary|0xb3227d4bbc389410f01de81058ced3721b080e44a4c80fce3915a8d12f7474f1|0x080ac9ec85a8ec23cfeacced59dd88680bf964af07d80d2e2f2d6cbf953665f4|3732732560340064546733385922962917690102703962128566869528624270788891317615|1771263119|sell|0.999|203.56,2026-06-24T20:54:42+00:00,110293a3e7224ae494e0aa8f543ceae95e6898ad69184a27b189627d773b57cd,b6c649bb98d450a889082d2496cc73c47eab42b131a53b234722c1b2202cdf38,wallet_trade_history_v1,none
0xde79cc7660d5c05b4cd2f4e72cae30cde2583d9a,https://polymarket.com/0xde79cc7660d5c05b4cd2f4e72cae30cde2583d9a,https://data-api.polymarket.com/activity?user=0xde79cc7660d5c05b4cd2f4e72cae30cde2583d9a&type=TRADE&limit=100&offset=0&sortBy=TIMESTAMP&sortDirection=DESC,activity_primary,TRADE,1771262863,2026-02-16T17:27:43+00:00,0xcf354e6874c1a46c5d01e4218131c565944a0b5629d12a0e95895b8c51f252c2,0x080ac9ec85a8ec23cfeacced59dd88680bf964af07d80d2e2f2d6cbf953665f4,3732732560340064546733385922962917690102703962128566869528624270788891317615,3732732560340064546733385922962917690102703962128566869528624270788891317615,btc-updown-15m-1771262100,btc-updown-15m-1771262100,"Bitcoin Up or Down - February 16, 12:15PM-12:30PM ET",Up,0,BUY,0.99,203.5656,201.529944,endpoint_usdcSize,fast_crypto_up_down,BTC,true,,,unavailable,entry_candidate,0xde79cc7660d5c05b4cd2f4e72cae30cde2583d9a|0x080ac9ec85a8ec23cfeacced59dd88680bf964af07d80d2e2f2d6cbf953665f4|3732732560340064546733385922962917690102703962128566869528624270788891317615|Up,0xde79cc7660d5c05b4cd2f4e72cae30cde2583d9a|activity_primary|0xcf354e6874c1a46c5d01e4218131c565944a0b5629d12a0e95895b8c51f252c2|0x080ac9ec85a8ec23cfeacced59dd88680bf964af07d80d2e2f2d6cbf953665f4|3732732560340064546733385922962917690102703962128566869528624270788891317615|1771262863|buy|0.99|203.5656,2026-06-24T20:54:42+00:00,ac51d57f621ba0aa9dfc879affb098e0132278f82e0613e1e7e02ded71e43583,b6c649bb98d450a889082d2496cc73c47eab42b131a53b234722c1b2202cdf38,wallet_trade_history_v1,none
0xde79cc7660d5c05b4cd2f4e72cae30cde2583d9a,https://polymarket.com/0xde79cc7660d5c05b4cd2f4e72cae30cde2583d9a,https://data-api.polymarket.com/activity?user=0xde79cc7660d5c05b4cd2f4e72cae30cde2583d9a&type=TRADE&limit=100&offset=0&sortBy=TIMESTAMP&sortDirection=DESC,activity_primary,TRADE,1771262787,2026-02-16T17:26:27+00:00,0x32e31be51e0a1eb443d2b3ae906de7a07c5366b22cad979e886ed21351144a7c,0x8ad986c2cbee07c6b3556aee11fa0eff88a37da9f6bee0bc08b86d0035e54a76,260127016427671013418306537834113480030919661721355058066168560717244623351,260127016427671013418306537834113480030919661721355058066168560717244623351,btc-updown-5m-1771262400,btc-updown-5m-1771262400,"Bitcoin Up or Down - February 16, 12:20PM-12:25PM ET",Up,0,SELL,0.999,201.73,201.52827,endpoint_usdcSize,fast_crypto_up_down,BTC,true,,,unavailable,exit_candidate,0xde79cc7660d5c05b4cd2f4e72cae30cde2583d9a|0x8ad986c2cbee07c6b3556aee11fa0eff88a37da9f6bee0bc08b86d0035e54a76|260127016427671013418306537834113480030919661721355058066168560717244623351|Up,0xde79cc7660d5c05b4cd2f4e72cae30cde2583d9a|activity_primary|0x32e31be51e0a1eb443d2b3ae906de7a07c5366b22cad979e886ed21351144a7c|0x8ad986c2cbee07c6b3556aee11fa0eff88a37da9f6bee0bc08b86d0035e54a76|260127016427671013418306537834113480030919661721355058066168560717244623351|1771262787|sell|0.999|201.73,2026-06-24T20:54:42+00:00,439b8db355edd4a1fb2ad26b613f269463d8137310a3bc4d9de49914ad8f3ff8,b6c649bb98d450a889082d2496cc73c47eab42b131a53b234722c1b2202cdf38,wallet_trade_history_v1,none
0xde79cc7660d5c05b4cd2f4e72cae30cde2583d9a,https://polymarket.com/0xde79cc7660d5c05b4cd2f4e72cae30cde2583d9a,https://data-api.polymarket.com/activity?user=0xde79cc7660d5c05b4cd2f4e72cae30cde2583d9a&type=TRADE&limit=100&offset=0&sortBy=TIMESTAMP&sortDirection=DESC,activity_primary,TRADE,1771262581,2026-02-16T17:23:01+00:00,0x77c75b2ba3b850b690127c0e27ac3da66384a28822af3d2593eff639ff9e294a,0x8ad986c2cbee07c6b3556aee11fa0eff88a37da9f6bee0bc08b86d0035e54a76,260127016427671013418306537834113480030919661721355058066168560717244623351,260127016427671013418306537834113480030919661721355058066168560717244623351,btc-updown-5m-1771262400,btc-updown-5m-1771262400,"Bitcoin Up or Down - February 16, 12:20PM-12:25PM ET",Up,0,BUY,0.9499999975229453,201.85263,191.759998,endpoint_usdcSize,fast_crypto_up_down,BTC,true,,,unavailable,entry_candidate,0xde79cc7660d5c05b4cd2f4e72cae30cde2583d9a|0x8ad986c2cbee07c6b3556aee11fa0eff88a37da9f6bee0bc08b86d0035e54a76|260127016427671013418306537834113480030919661721355058066168560717244623351|Up,0xde79cc7660d5c05b4cd2f4e72cae30cde2583d9a|activity_primary|0x77c75b2ba3b850b690127c0e27ac3da66384a28822af3d2593eff639ff9e294a|0x8ad986c2cbee07c6b3556aee11fa0eff88a37da9f6bee0bc08b86d0035e54a76|260127016427671013418306537834113480030919661721355058066168560717244623351|1771262581|buy|0.9499999975229453|201.85263,2026-06-24T20:54:42+00:00,58892531f85b9ed3859f44f74bb560f6e8e66341e547d829911a42d7560a6a56,b6c649bb98d450a889082d2496cc73c47eab42b131a53b234722c1b2202cdf38,wallet_trade_history_v1,none
0xde79cc7660d5c05b4cd2f4e72cae30cde2583d9a,https://polymarket.com/0xde79cc7660d5c05b4cd2f4e72cae30cde2583d9a,https://data-api.polymarket.com/activity?user=0xde79cc7660d5c05b4cd2f4e72cae30cde2583d9a&type=TRADE&limit=100&offset=0&sortBy=TIMESTAMP&sortDirection=DESC,activity_primary,TRADE,1771262387,2026-02-16T17:19:47+00:00,0xf92418e4b68487bfaf61a2105273ca7c80e218fbef7e6884da605dd256c05ff5,0xc7af825c5745cac5c1e6670d854bc77656ca03da9c4c8ac4bf2a2ba81ad0a1b5,84247069850592364727366838969780080901628433006217408981327913765280727350970,84247069850592364727366838969780080901628433006217408981327913765280727350970,btc-updown-5m-1771262100,btc-updown-5m-1771262100,"Bitcoin Up or Down - February 16, 12:15PM-12:20PM ET",Down,1,SELL,0.9712969715385394,197.46,191.7923,endpoint_usdcSize,fast_crypto_up_down,BTC,true,,,unavailable,exit_candidate,0xde79cc7660d5c05b4cd2f4e72cae30cde2583d9a|0xc7af825c5745cac5c1e6670d854bc77656ca03da9c4c8ac4bf2a2ba81ad0a1b5|84247069850592364727366838969780080901628433006217408981327913765280727350970|Down,0xde79cc7660d5c05b4cd2f4e72cae30cde2583d9a|activity_primary|0xf92418e4b68487bfaf61a2105273ca7c80e218fbef7e6884da605dd256c05ff5|0xc7af825c5745cac5c1e6670d854bc77656ca03da9c4c8ac4bf2a2ba81ad0a1b5|84247069850592364727366838969780080901628433006217408981327913765280727350970|1771262387|sell|0.9712969715385394|197.46,2026-06-24T20:54:42+00:00,3d9ac1bb416c68485879a1a8d036e3fb35552410e72d7d569627ec9efb0e550b,b6c649bb98d450a889082d2496cc73c47eab42b131a53b234722c1b2202cdf38,wallet_trade_history_v1,none
0xde79cc7660d5c05b4cd2f4e72cae30cde2583d9a,https://polymarket.com/0xde79cc7660d5c05b4cd2f4e72cae30cde2583d9a,https://data-api.polymarket.com/activity?user=0xde79cc7660d5c05b4cd2f4e72cae30cde2583d9a&type=TRADE&limit=100&offset=0&sortBy=TIMESTAMP&sortDirection=DESC,activity_primary,TRADE,1771262267,2026-02-16T17:17:47+00:00,0xe16b3a3d5a7c599df4616e42080ef5d349b6add041ccfbd54435bfacf536a5c0,0xc7af825c5745cac5c1e6670d854bc77656ca03da9c4c8ac4bf2a2ba81ad0a1b5,84247069850592364727366838969780080901628433006217408981327913765280727350970,84247069850592364727366838969780080901628433006217408981327913765280727350970,btc-updown-5m-1771262100,btc-updown-5m-1771262100,"Bitcoin Up or Down - February 16, 12:15PM-12:20PM ET",Down,1,BUY,0.9058043545599985,197.824166,179.189991,endpoint_usdcSize,fast_crypto_up_down,BTC,true,,,unavailable,entry_candidate,0xde79cc7660d5c05b4cd2f4e72cae30cde2583d9a|0xc7af825c5745cac5c1e6670d854bc77656ca03da9c4c8ac4bf2a2ba81ad0a1b5|84247069850592364727366838969780080901628433006217408981327913765280727350970|Down,0xde79cc7660d5c05b4cd2f4e72cae30cde2583d9a|activity_primary|0xe16b3a3d5a7c599df4616e42080ef5d349b6add041ccfbd54435bfacf536a5c0|0xc7af825c5745cac5c1e6670d854bc77656ca03da9c4c8ac4bf2a2ba81ad0a1b5|84247069850592364727366838969780080901628433006217408981327913765280727350970|1771262267|buy|0.9058043545599985|197.824166,2026-06-24T20:54:42+00:00,0b4d7a20110b347fde2047b800c1008982f9152ae4bc85deaadfaab089e1f620,b6c649bb98d450a889082d2496cc73c47eab42b131a53b234722c1b2202cdf38,wallet_trade_history_v1,none
0xde79cc7660d5c05b4cd2f4e72cae30cde2583d9a,https://polymarket.com/0xde79cc7660d5c05b4cd2f4e72cae30cde2583d9a,https://data-api.polymarket.com/activity?user=0xde79cc7660d5c05b4cd2f4e72cae30cde2583d9a&type=TRADE&limit=100&offset=0&sortBy=TIMESTAMP&sortDirection=DESC,activity_primary,TRADE,1771262101,2026-02-16T17:15:01+00:00,0x4720584c539b7b04e045e3f466ede1b4f1050aa38cf2c47bb947bec2233c32f2,0x752ae08d059598eb1ca8483a4225e7af27dcfb63e394d0c1640ddd122cf2b989,44194815726062936172744349182805860888200887063648054747113350123226607416774,44194815726062936172744349182805860888200887063648054747113350123226607416774,btc-updown-15m-1771261200,btc-updown-15m-1771261200,"Bitcoin Up or Down - February 16, 12:00PM-12:15PM ET",Down,1,SELL,0.999,179.37,179.19063,endpoint_usdcSize,fast_crypto_up_down,BTC,true,,,unavailable,exit_candidate,0xde79cc7660d5c05b4cd2f4e72cae30cde2583d9a|0x752ae08d059598eb1ca8483a4225e7af27dcfb63e394d0c1640ddd122cf2b989|44194815726062936172744349182805860888200887063648054747113350123226607416774|Down,0xde79cc7660d5c05b4cd2f4e72cae30cde2583d9a|activity_primary|0x4720584c539b7b04e045e3f466ede1b4f1050aa38cf2c47bb947bec2233c32f2|0x752ae08d059598eb1ca8483a4225e7af27dcfb63e394d0c1640ddd122cf2b989|44194815726062936172744349182805860888200887063648054747113350123226607416774|1771262101|sell|0.999|179.37,2026-06-24T20:54:42+00:00,a426e891139b53caa7bf67f283c63d3ba834066b9e6cb196ea8d302a5900a059,b6c649bb98d450a889082d2496cc73c47eab42b131a53b234722c1b2202cdf38,wallet_trade_history_v1,none
0xde79cc7660d5c05b4cd2f4e72cae30cde2583d9a,https://polymarket.com/0xde79cc7660d5c05b4cd2f4e72cae30cde2583d9a,https://data-api.polymarket.com/activity?user=0xde79cc7660d5c05b4cd2f4e72cae30cde2583d9a&type=TRADE&limit=100&offset=0&sortBy=TIMESTAMP&sortDirection=DESC,activity_primary,TRADE,1771261857,2026-02-16T17:10:57+00:00,0x04ffaeffe46b6aeb96dc314f6b7d4fc8097c3f55da663d307ea2fac5f108d65c,0x752ae08d059598eb1ca8483a4225e7af27dcfb63e394d0c1640ddd122cf2b989,44194815726062936172744349182805860888200887063648054747113350123226607416774,44194815726062936172744349182805860888200887063648054747113350123226607416774,btc-updown-15m-1771261200,btc-updown-15m-1771261200,"Bitcoin Up or Down - February 16, 12:00PM-12:15PM ET",Down,1,BUY,0.9199999997773071,179.619562,165.249997,endpoint_usdcSize,fast_crypto_up_down,BTC,true,,,unavailable,entry_candidate,0xde79cc7660d5c05b4cd2f4e72cae30cde2583d9a|0x752ae08d059598eb1ca8483a4225e7af27dcfb63e394d0c1640ddd122cf2b989|44194815726062936172744349182805860888200887063648054747113350123226607416774|Down,0xde79cc7660d5c05b4cd2f4e72cae30cde2583d9a|activity_primary|0x04ffaeffe46b6aeb96dc314f6b7d4fc8097c3f55da663d307ea2fac5f108d65c|0x752ae08d059598eb1ca8483a4225e7af27dcfb63e394d0c1640ddd122cf2b989|44194815726062936172744349182805860888200887063648054747113350123226607416774|1771261857|buy|0.9199999997773071|179.619562,2026-06-24T20:54:42+00:00,8661730ab726ac03d5b928aeefa66d1ce2cd21f1d00baca3c07948d984d9dac0,b6c649bb98d450a889082d2496cc73c47eab42b131a53b234722c1b2202cdf38,wallet_trade_history_v1,none
0xde79cc7660d5c05b4cd2f4e72cae30cde2583d9a,https://polymarket.com/0xde79cc7660d5c05b4cd2f4e72cae30cde2583d9a,https://data-api.polymarket.com/activity?user=0xde79cc7660d5c05b4cd2f4e72cae30cde2583d9a&type=TRADE&limit=100&offset=0&sortBy=TIMESTAMP&sortDirection=DESC,activity_primary,TRADE,1771261841,2026-02-16T17:10:41+00:00,0x11cabe277a380bf48d7130ea539859d43e9c08fa39e1afd5b3d9ee0b7480ee11,0x97e08b3f412b93e56521616643fb9d6bae0714396f2de9f9c782e9420abe353b,124155584934381387493315157328451783728016576555400405581401299428588985697,124155584934381387493315157328451783728016576555400405581401299428588985697,btc-updown-5m-1771261500,btc-updown-5m-1771261500,"Bitcoin Up or Down - February 16, 12:05PM-12:10PM ET",Down,1,SELL,0.99,166.93,165.2607,endpoint_usdcSize,fast_crypto_up_down,BTC,true,,,unavailable,exit_candidate,0xde79cc7660d5c05b4cd2f4e72cae30cde2583d9a|0x97e08b3f412b93e56521616643fb9d6bae0714396f2de9f9c782e9420abe353b|124155584934381387493315157328451783728016576555400405581401299428588985697|Down,0xde79cc7660d5c05b4cd2f4e72cae30cde2583d9a|activity_primary|0x11cabe277a380bf48d7130ea539859d43e9c08fa39e1afd5b3d9ee0b7480ee11|0x97e08b3f412b93e56521616643fb9d6bae0714396f2de9f9c782e9420abe353b|124155584934381387493315157328451783728016576555400405581401299428588985697|1771261841|sell|0.99|166.93,2026-06-24T20:54:42+00:00,ed5b8f97939543fb0e8ac6e77d18a1a4f912d850eadfab9ee7fd0d085587cb18,b6c649bb98d450a889082d2496cc73c47eab42b131a53b234722c1b2202cdf38,wallet_trade_history_v1,none
0xde79cc7660d5c05b4cd2f4e72cae30cde2583d9a,https://polymarket.com/0xde79cc7660d5c05b4cd2f4e72cae30cde2583d9a,https://data-api.polymarket.com/activity?user=0xde79cc7660d5c05b4cd2f4e72cae30cde2583d9a&type=TRADE&limit=100&offset=0&sortBy=TIMESTAMP&sortDirection=DESC,activity_primary,TRADE,1771261751,2026-02-16T17:09:11+00:00,0xc6aabb43085d4e3596158a2cb639ce6e07470f7daeb64311ccd43f05764e502e,0x97e08b3f412b93e56521616643fb9d6bae0714396f2de9f9c782e9420abe353b,124155584934381387493315157328451783728016576555400405581401299428588985697,124155584934381387493315157328451783728016576555400405581401299428588985697,btc-updown-5m-1771261500,btc-updown-5m-1771261500,"Bitcoin Up or Down - February 16, 12:05PM-12:10PM ET",Down,1,BUY,0.8826148060486729,167.388981,147.739993,endpoint_usdcSize,fast_crypto_up_down,BTC,true,,,unavailable,entry_candidate,0xde79cc7660d5c05b4cd2f4e72cae30cde2583d9a|0x97e08b3f412b93e56521616643fb9d6bae0714396f2de9f9c782e9420abe353b|124155584934381387493315157328451783728016576555400405581401299428588985697|Down,0xde79cc7660d5c05b4cd2f4e72cae30cde2583d9a|activity_primary|0xc6aabb43085d4e3596158a2cb639ce6e07470f7daeb64311ccd43f05764e502e|0x97e08b3f412b93e56521616643fb9d6bae0714396f2de9f9c782e9420abe353b|124155584934381387493315157328451783728016576555400405581401299428588985697|1771261751|buy|0.8826148060486729|167.388981,2026-06-24T20:54:42+00:00,e8c6e4889a8678999d119efeddd4f3497d437f62cebbc171b9e8d18fabf91e96,b6c649bb98d450a889082d2496cc73c47eab42b131a53b234722c1b2202cdf38,wallet_trade_history_v1,none
0xde79cc7660d5c05b4cd2f4e72cae30cde2583d9a,https://polymarket.com/0xde79cc7660d5c05b4cd2f4e72cae30cde2583d9a,https://data-api.polymarket.com/activity?user=0xde79cc7660d5c05b4cd2f4e72cae30cde2583d9a&type=TRADE&limit=100&offset=0&sortBy=TIMESTAMP&sortDirection=DESC,activity_primary,TRADE,1771245555,2026-02-16T12:39:15+00:00,0x4c462621ad8e657ff03063810e94a541995e98ef219b9f3fd798b75b3b3c884f,0x23ba9568dea52f9568e411c902fee0d4cca10bb37bda07c088d04a0f7590cc0c,44823544487228093036750103471403718337666294152715461275786181226903452412659,44823544487228093036750103471403718337666294152715461275786181226903452412659,btc-updown-5m-1771245300,btc-updown-5m-1771245300,"Bitcoin Up or Down - February 16, 7:35AM-7:40AM ET",Down,1,BUY,0.95,50.38946,47.869987,endpoint_usdcSize,fast_crypto_up_down,BTC,true,,,unavailable,entry_candidate,0xde79cc7660d5c05b4cd2f4e72cae30cde2583d9a|0x23ba9568dea52f9568e411c902fee0d4cca10bb37bda07c088d04a0f7590cc0c|44823544487228093036750103471403718337666294152715461275786181226903452412659|Down,0xde79cc7660d5c05b4cd2f4e72cae30cde2583d9a|activity_primary|0x4c462621ad8e657ff03063810e94a541995e98ef219b9f3fd798b75b3b3c884f|0x23ba9568dea52f9568e411c902fee0d4cca10bb37bda07c088d04a0f7590cc0c|44823544487228093036750103471403718337666294152715461275786181226903452412659|1771245555|buy|0.95|50.38946,2026-06-24T20:54:42+00:00,8eb208a465dd4e665cdcbeb326ca416aa4cf72f7cefc9c4383aec41764584dcc,b6c649bb98d450a889082d2496cc73c47eab42b131a53b234722c1b2202cdf38,wallet_trade_history_v1,none
0xde79cc7660d5c05b4cd2f4e72cae30cde2583d9a,https://polymarket.com/0xde79cc7660d5c05b4cd2f4e72cae30cde2583d9a,https://data-api.polymarket.com/activity?user=0xde79cc7660d5c05b4cd2f4e72cae30cde2583d9a&type=TRADE&limit=100&offset=0&sortBy=TIMESTAMP&sortDirection=DESC,activity_primary,TRADE,1771245545,2026-02-16T12:39:05+00:00,0x59d4a5aa811317a049540f7738c17752fd13ea90c814539ab8ae1ee1bd7c6910,0x23ba9568dea52f9568e411c902fee0d4cca10bb37bda07c088d04a0f7590cc0c,44823544487228093036750103471403718337666294152715461275786181226903452412659,44823544487228093036750103471403718337666294152715461275786181226903452412659,btc-updown-5m-1771245300,btc-updown-5m-1771245300,"Bitcoin Up or Down - February 16, 7:35AM-7:40AM ET",Down,1,BUY,0.86,11.6279,9.999994,endpoint_usdcSize,fast_crypto_up_down,BTC,true,,,unavailable,entry_candidate,0xde79cc7660d5c05b4cd2f4e72cae30cde2583d9a|0x23ba9568dea52f9568e411c902fee0d4cca10bb37bda07c088d04a0f7590cc0c|44823544487228093036750103471403718337666294152715461275786181226903452412659|Down,0xde79cc7660d5c05b4cd2f4e72cae30cde2583d9a|activity_primary|0x59d4a5aa811317a049540f7738c17752fd13ea90c814539ab8ae1ee1bd7c6910|0x23ba9568dea52f9568e411c902fee0d4cca10bb37bda07c088d04a0f7590cc0c|44823544487228093036750103471403718337666294152715461275786181226903452412659|1771245545|buy|0.86|11.6279,2026-06-24T20:54:42+00:00,482951c9f194483d7726962340b45472b4fb42a548c04431a366d45536e80c13,b6c649bb98d450a889082d2496cc73c47eab42b131a53b234722c1b2202cdf38,wallet_trade_history_v1,none
0xde79cc7660d5c05b4cd2f4e72cae30cde2583d9a,https://polymarket.com/0xde79cc7660d5c05b4cd2f4e72cae30cde2583d9a,https://data-api.polymarket.com/activity?user=0xde79cc7660d5c05b4cd2f4e72cae30cde2583d9a&type=TRADE&limit=100&offset=0&sortBy=TIMESTAMP&sortDirection=DESC,activity_primary,TRADE,1771245081,2026-02-16T12:31:21+00:00,0x81f451f56164afc0b827bb22856ada1e0c762567524ea81057d76f8f403bfe67,0x6f53b2b45ddaa64f959d71136e16ef2993a1e19242291c45d2c70d9fcc4031fa,68006001811534563959271838417573543168489727307731776830463708648017371923516,68006001811534563959271838417573543168489727307731776830463708648017371923516,btc-updown-5m-1771245000,btc-updown-5m-1771245000,"Bitcoin Up or Down - February 16, 7:30AM-7:35AM ET",Down,1,BUY,0.8979306377360625,57.98888,52.069992,endpoint_usdcSize,fast_crypto_up_down,BTC,true,,,unavailable,entry_candidate,0xde79cc7660d5c05b4cd2f4e72cae30cde2583d9a|0x6f53b2b45ddaa64f959d71136e16ef2993a1e19242291c45d2c70d9fcc4031fa|68006001811534563959271838417573543168489727307731776830463708648017371923516|Down,0xde79cc7660d5c05b4cd2f4e72cae30cde2583d9a|activity_primary|0x81f451f56164afc0b827bb22856ada1e0c762567524ea81057d76f8f403bfe67|0x6f53b2b45ddaa64f959d71136e16ef2993a1e19242291c45d2c70d9fcc4031fa|68006001811534563959271838417573543168489727307731776830463708648017371923516|1771245081|buy|0.8979306377360625|57.98888,2026-06-24T20:54:42+00:00,8f79ca453b08efdc98a9aec4bb31d2af2c69393a387ba8041f17e12f2e9ed656,b6c649bb98d450a889082d2496cc73c47eab42b131a53b234722c1b2202cdf38,wallet_trade_history_v1,none
0xde79cc7660d5c05b4cd2f4e72cae30cde2583d9a,https://polymarket.com/0xde79cc7660d5c05b4cd2f4e72cae30cde2583d9a,https://data-api.polymarket.com/activity?user=0xde79cc7660d5c05b4cd2f4e72cae30cde2583d9a&type=TRADE&limit=100&offset=0&sortBy=TIMESTAMP&sortDirection=DESC,activity_primary,TRADE,1771244661,2026-02-16T12:24:21+00:00,0x06519f7e395ba4807ba05605881be446ba03c86388b9ee2a401f719329eba8c7,0xaf988ba63b3e1788f5c304de411d3ec24d80869dc5456d3a5c0813c64d6f03c6,103094332073715085825902168086964973957740353697131506775679911279457878735521,103094332073715085825902168086964973957740353697131506775679911279457878735521,btc-updown-5m-1771244400,btc-updown-5m-1771244400,"Bitcoin Up or Down - February 16, 7:20AM-7:25AM ET",Up,0,BUY,0.99,54.2929,53.749971,endpoint_usdcSize,fast_crypto_up_down,BTC,true,,,unavailable,entry_candidate,0xde79cc7660d5c05b4cd2f4e72cae30cde2583d9a|0xaf988ba63b3e1788f5c304de411d3ec24d80869dc5456d3a5c0813c64d6f03c6|103094332073715085825902168086964973957740353697131506775679911279457878735521|Up,0xde79cc7660d5c05b4cd2f4e72cae30cde2583d9a|activity_primary|0x06519f7e395ba4807ba05605881be446ba03c86388b9ee2a401f719329eba8c7|0xaf988ba63b3e1788f5c304de411d3ec24d80869dc5456d3a5c0813c64d6f03c6|103094332073715085825902168086964973957740353697131506775679911279457878735521|1771244661|buy|0.99|54.2929,2026-06-24T20:54:42+00:00,e68f1e26616cf1a4183b501b81c52460024aa3373ef546aca16a78026103e9d7,b6c649bb98d450a889082d2496cc73c47eab42b131a53b234722c1b2202cdf38,wallet_trade_history_v1,none
0xde79cc7660d5c05b4cd2f4e72cae30cde2583d9a,https://polymarket.com/0xde79cc7660d5c05b4cd2f4e72cae30cde2583d9a,https://data-api.polymarket.com/activity?user=0xde79cc7660d5c05b4cd2f4e72cae30cde2583d9a&type=TRADE&limit=100&offset=0&sortBy=TIMESTAMP&sortDirection=DESC,activity_primary,TRADE,1771244653,2026-02-16T12:24:13+00:00,0x98760288523b9ba5680553cc020d3147f7f905a5f465979d83471df7d74b3b75,0xaf988ba63b3e1788f5c304de411d3ec24d80869dc5456d3a5c0813c64d6f03c6,103094332073715085825902168086964973957740353697131506775679911279457878735521,103094332073715085825902168086964973957740353697131506775679911279457878735521,btc-updown-5m-1771244400,btc-updown-5m-1771244400,"Bitcoin Up or Down - February 16, 7:20AM-7:25AM ET",Up,0,BUY,0.9780439077506895,15.3367,14.999966,endpoint_usdcSize,fast_crypto_up_down,BTC,true,,,unavailable,entry_candidate,0xde79cc7660d5c05b4cd2f4e72cae30cde2583d9a|0xaf988ba63b3e1788f5c304de411d3ec24d80869dc5456d3a5c0813c64d6f03c6|103094332073715085825902168086964973957740353697131506775679911279457878735521|Up,0xde79cc7660d5c05b4cd2f4e72cae30cde2583d9a|activity_primary|0x98760288523b9ba5680553cc020d3147f7f905a5f465979d83471df7d74b3b75|0xaf988ba63b3e1788f5c304de411d3ec24d80869dc5456d3a5c0813c64d6f03c6|103094332073715085825902168086964973957740353697131506775679911279457878735521|1771244653|buy|0.9780439077506895|15.3367,2026-06-24T20:54:42+00:00,76f6b45f6f2176c905fd1a52e4c40bd60c7e679203542cb4c531ab3709828830,b6c649bb98d450a889082d2496cc73c47eab42b131a53b234722c1b2202cdf38,wallet_trade_history_v1,none
0xde79cc7660d5c05b4cd2f4e72cae30cde2583d9a,https://polymarket.com/0xde79cc7660d5c05b4cd2f4e72cae30cde2583d9a,https://data-api.polymarket.com/activity?user=0xde79cc7660d5c05b4cd2f4e72cae30cde2583d9a&type=TRADE&limit=100&offset=0&sortBy=TIMESTAMP&sortDirection=DESC,activity_primary,TRADE,1771244617,2026-02-16T12:23:37+00:00,0xd5a58984aea2b02d78030fd5c8a38307dbf4e507ad3f3ff6ccc342f6f53e8096,0xaf988ba63b3e1788f5c304de411d3ec24d80869dc5456d3a5c0813c64d6f03c6,103094332073715085825902168086964973957740353697131506775679911279457878735521,103094332073715085825902168086964973957740353697131506775679911279457878735521,btc-updown-5m-1771244400,btc-updown-5m-1771244400,"Bitcoin Up or Down - February 16, 7:20AM-7:25AM ET",Up,0,BUY,0.9299999153699908,10.752687,9.999998,endpoint_usdcSize,fast_crypto_up_down,BTC,true,,,unavailable,entry_candidate,0xde79cc7660d5c05b4cd2f4e72cae30cde2583d9a|0xaf988ba63b3e1788f5c304de411d3ec24d80869dc5456d3a5c0813c64d6f03c6|103094332073715085825902168086964973957740353697131506775679911279457878735521|Up,0xde79cc7660d5c05b4cd2f4e72cae30cde2583d9a|activity_primary|0xd5a58984aea2b02d78030fd5c8a38307dbf4e507ad3f3ff6ccc342f6f53e8096|0xaf988ba63b3e1788f5c304de411d3ec24d80869dc5456d3a5c0813c64d6f03c6|103094332073715085825902168086964973957740353697131506775679911279457878735521|1771244617|buy|0.9299999153699908|10.752687,2026-06-24T20:54:42+00:00,d592b149c26aeb20fa5481ad79b16c7fa0f20582f1f7675f7c01c88a3f571e88,b6c649bb98d450a889082d2496cc73c47eab42b131a53b234722c1b2202cdf38,wallet_trade_history_v1,none
0xde79cc7660d5c05b4cd2f4e72cae30cde2583d9a,https://polymarket.com/0xde79cc7660d5c05b4cd2f4e72cae30cde2583d9a,https://data-api.polymarket.com/activity?user=0xde79cc7660d5c05b4cd2f4e72cae30cde2583d9a&type=TRADE&limit=100&offset=0&sortBy=TIMESTAMP&sortDirection=DESC,activity_primary,TRADE,1771244585,2026-02-16T12:23:05+00:00,0x1162e1fbbf9c453655ce1547ea481f781c92e730a66eb9dd7811dce90022e53b,0xaf988ba63b3e1788f5c304de411d3ec24d80869dc5456d3a5c0813c64d6f03c6,103094332073715085825902168086964973957740353697131506775679911279457878735521,103094332073715085825902168086964973957740353697131506775679911279457878735521,btc-updown-5m-1771244400,btc-updown-5m-1771244400,"Bitcoin Up or Down - February 16, 7:20AM-7:25AM ET",Up,0,BUY,0.92,21.739125,19.999995,endpoint_usdcSize,fast_crypto_up_down,BTC,true,,,unavailable,entry_candidate,0xde79cc7660d5c05b4cd2f4e72cae30cde2583d9a|0xaf988ba63b3e1788f5c304de411d3ec24d80869dc5456d3a5c0813c64d6f03c6|103094332073715085825902168086964973957740353697131506775679911279457878735521|Up,0xde79cc7660d5c05b4cd2f4e72cae30cde2583d9a|activity_primary|0x1162e1fbbf9c453655ce1547ea481f781c92e730a66eb9dd7811dce90022e53b|0xaf988ba63b3e1788f5c304de411d3ec24d80869dc5456d3a5c0813c64d6f03c6|103094332073715085825902168086964973957740353697131506775679911279457878735521|1771244585|buy|0.92|21.739125,2026-06-24T20:54:42+00:00,44b6993f4085439711adea343d30db37cd0a130b0fb90076ec83903fca04277d,b6c649bb98d450a889082d2496cc73c47eab42b131a53b234722c1b2202cdf38,wallet_trade_history_v1,none
0xde79cc7660d5c05b4cd2f4e72cae30cde2583d9a,https://polymarket.com/0xde79cc7660d5c05b4cd2f4e72cae30cde2583d9a,https://data-api.polymarket.com/activity?user=0xde79cc7660d5c05b4cd2f4e72cae30cde2583d9a&type=TRADE&limit=100&offset=0&sortBy=TIMESTAMP&sortDirection=DESC,activity_primary,TRADE,1771244027,2026-02-16T12:13:47+00:00,0x5628cdf5e8b8e4a6e053ddf9332e7a70dcf04eda332eca457bf8b53c2298d196,0xb335c938da2d5023712becc181b0227fe1ef3faa7a2d5b2a617c6fd23ba6f828,53124106059550407960381205576740689381901151692657971706318077070204873361578,53124106059550407960381205576740689381901151692657971706318077070204873361578,btc-updown-5m-1771243800,btc-updown-5m-1771243800,"Bitcoin Up or Down - February 16, 7:10AM-7:15AM ET",Down,1,BUY,0.9415688855042104,98.82442,93.049999,endpoint_usdcSize,fast_crypto_up_down,BTC,true,,,unavailable,entry_candidate,0xde79cc7660d5c05b4cd2f4e72cae30cde2583d9a|0xb335c938da2d5023712becc181b0227fe1ef3faa7a2d5b2a617c6fd23ba6f828|53124106059550407960381205576740689381901151692657971706318077070204873361578|Down,0xde79cc7660d5c05b4cd2f4e72cae30cde2583d9a|activity_primary|0x5628cdf5e8b8e4a6e053ddf9332e7a70dcf04eda332eca457bf8b53c2298d196|0xb335c938da2d5023712becc181b0227fe1ef3faa7a2d5b2a617c6fd23ba6f828|53124106059550407960381205576740689381901151692657971706318077070204873361578|1771244027|buy|0.9415688855042104|98.82442,2026-06-24T20:54:42+00:00,45aeddba375fd8b4cb0da21f54df7623c5699525ef15dd0c1ac06d8e6661f9c7,b6c649bb98d450a889082d2496cc73c47eab42b131a53b234722c1b2202cdf38,wallet_trade_history_v1,none
0xde79cc7660d5c05b4cd2f4e72cae30cde2583d9a,https://polymarket.com/0xde79cc7660d5c05b4cd2f4e72cae30cde2583d9a,https://data-api.polymarket.com/activity?user=0xde79cc7660d5c05b4cd2f4e72cae30cde2583d9a&type=TRADE&limit=100&offset=0&sortBy=TIMESTAMP&sortDirection=DESC,activity_primary,TRADE,1771243441,2026-02-16T12:04:01+00:00,0x59b8a91764530b56491270bdf1997465eed68d1088c4c94fbabf9ef6f90adcca,0x6c401b0ad12e904b262b018053421b5e56af358aee6d9fe19f53bc803cad8cf3,107857063702825562167024295095717810440600193110836258575798743061756928819202,107857063702825562167024295095717810440600193110836258575798743061756928819202,btc-updown-5m-1771243200,btc-updown-5m-1771243200,"Bitcoin Up or Down - February 16, 7:00AM-7:05AM ET",Up,0,BUY,0.9699999950584356,68.804122,66.739998,endpoint_usdcSize,fast_crypto_up_down,BTC,true,,,unavailable,entry_candidate,0xde79cc7660d5c05b4cd2f4e72cae30cde2583d9a|0x6c401b0ad12e904b262b018053421b5e56af358aee6d9fe19f53bc803cad8cf3|107857063702825562167024295095717810440600193110836258575798743061756928819202|Up,0xde79cc7660d5c05b4cd2f4e72cae30cde2583d9a|activity_primary|0x59b8a91764530b56491270bdf1997465eed68d1088c4c94fbabf9ef6f90adcca|0x6c401b0ad12e904b262b018053421b5e56af358aee6d9fe19f53bc803cad8cf3|107857063702825562167024295095717810440600193110836258575798743061756928819202|1771243441|buy|0.9699999950584356|68.804122,2026-06-24T20:54:42+00:00,55679363a4125060f9c44656b3a8fb8705529232d41a6e678daf295eebc16be1,b6c649bb98d450a889082d2496cc73c47eab42b131a53b234722c1b2202cdf38,wallet_trade_history_v1,none
0xde79cc7660d5c05b4cd2f4e72cae30cde2583d9a,https://polymarket.com/0xde79cc7660d5c05b4cd2f4e72cae30cde2583d9a,https://data-api.polymarket.com/activity?user=0xde79cc7660d5c05b4cd2f4e72cae30cde2583d9a&type=TRADE&limit=100&offset=0&sortBy=TIMESTAMP&sortDirection=DESC,activity_primary,TRADE,1771243383,2026-02-16T12:03:03+00:00,0x68fd473b388a14e50a5b17fa4853089a42f9e312f8d08e1925f03e9c707d0c35,0x6c401b0ad12e904b262b018053421b5e56af358aee6d9fe19f53bc803cad8cf3,107857063702825562167024295095717810440600193110836258575798743061756928819202,107857063702825562167024295095717810440600193110836258575798743061756928819202,btc-updown-5m-1771243200,btc-updown-5m-1771243200,"Bitcoin Up or Down - February 16, 7:00AM-7:05AM ET",Up,0,BUY,0.8899999946599995,11.235954,9.999999,endpoint_usdcSize,fast_crypto_up_down,BTC,true,,,unavailable,entry_candidate,0xde79cc7660d5c05b4cd2f4e72cae30cde2583d9a|0x6c401b0ad12e904b262b018053421b5e56af358aee6d9fe19f53bc803cad8cf3|107857063702825562167024295095717810440600193110836258575798743061756928819202|Up,0xde79cc7660d5c05b4cd2f4e72cae30cde2583d9a|activity_primary|0x68fd473b388a14e50a5b17fa4853089a42f9e312f8d08e1925f03e9c707d0c35|0x6c401b0ad12e904b262b018053421b5e56af358aee6d9fe19f53bc803cad8cf3|107857063702825562167024295095717810440600193110836258575798743061756928819202|1771243383|buy|0.8899999946599995|11.235954,2026-06-24T20:54:42+00:00,ddad221404bdd9fe9f05a23b427db690efc57435df865c750a8a4594ed117d7a,b6c649bb98d450a889082d2496cc73c47eab42b131a53b234722c1b2202cdf38,wallet_trade_history_v1,none
0xde79cc7660d5c05b4cd2f4e72cae30cde2583d9a,https://polymarket.com/0xde79cc7660d5c05b4cd2f4e72cae30cde2583d9a,https://data-api.polymarket.com/activity?user=0xde79cc7660d5c05b4cd2f4e72cae30cde2583d9a&type=TRADE&limit=100&offset=0&sortBy=TIMESTAMP&sortDirection=DESC,activity_primary,TRADE,1771243263,2026-02-16T12:01:03+00:00,0x11905cd4ffe0940370f846c4101ed44a997dad4c997aef5acf747441c9b9c9af,0x6c401b0ad12e904b262b018053421b5e56af358aee6d9fe19f53bc803cad8cf3,107857063702825562167024295095717810440600193110836258575798743061756928819202,107857063702825562167024295095717810440600193110836258575798743061756928819202,btc-updown-5m-1771243200,btc-updown-5m-1771243200,"Bitcoin Up or Down - February 16, 7:00AM-7:05AM ET",Up,0,BUY,0.7599999483199932,13.157893,9.999998,endpoint_usdcSize,fast_crypto_up_down,BTC,true,,,unavailable,entry_candidate,0xde79cc7660d5c05b4cd2f4e72cae30cde2583d9a|0x6c401b0ad12e904b262b018053421b5e56af358aee6d9fe19f53bc803cad8cf3|107857063702825562167024295095717810440600193110836258575798743061756928819202|Up,0xde79cc7660d5c05b4cd2f4e72cae30cde2583d9a|activity_primary|0x11905cd4ffe0940370f846c4101ed44a997dad4c997aef5acf747441c9b9c9af|0x6c401b0ad12e904b262b018053421b5e56af358aee6d9fe19f53bc803cad8cf3|107857063702825562167024295095717810440600193110836258575798743061756928819202|1771243263|buy|0.7599999483199932|13.157893,2026-06-24T20:54:42+00:00,3b3d414e32cf5449d8009c58f6268c9256f856702aaebdde5e2ff9ca21690a6d,b6c649bb98d450a889082d2496cc73c47eab42b131a53b234722c1b2202cdf38,wallet_trade_history_v1,none
0xde79cc7660d5c05b4cd2f4e72cae30cde2583d9a,https://polymarket.com/0xde79cc7660d5c05b4cd2f4e72cae30cde2583d9a,https://data-api.polymarket.com/activity?user=0xde79cc7660d5c05b4cd2f4e72cae30cde2583d9a&type=TRADE&limit=100&offset=0&sortBy=TIMESTAMP&sortDirection=DESC,activity_primary,TRADE,1771240923,2026-02-16T11:22:03+00:00,0x2886d062de53b2c6775af849b1432fca2727c881c559f7091b2a68d12c39b704,0x8cce941688472ffe9fbce87b19b9a58f9ef0e3185ec90bee0c7267574c20332d,57767615204855338129703521715957876480297838436398594308760106435972285806800,57767615204855338129703521715957876480297838436398594308760106435972285806800,btc-updown-5m-1771240800,btc-updown-5m-1771240800,"Bitcoin Up or Down - February 16, 6:20AM-6:25AM ET",Down,1,BUY,0.95,30.8,29.26,endpoint_usdcSize,fast_crypto_up_down,BTC,true,,,unavailable,entry_candidate,0xde79cc7660d5c05b4cd2f4e72cae30cde2583d9a|0x8cce941688472ffe9fbce87b19b9a58f9ef0e3185ec90bee0c7267574c20332d|57767615204855338129703521715957876480297838436398594308760106435972285806800|Down,0xde79cc7660d5c05b4cd2f4e72cae30cde2583d9a|activity_primary|0x2886d062de53b2c6775af849b1432fca2727c881c559f7091b2a68d12c39b704|0x8cce941688472ffe9fbce87b19b9a58f9ef0e3185ec90bee0c7267574c20332d|57767615204855338129703521715957876480297838436398594308760106435972285806800|1771240923|buy|0.95|30.8,2026-06-24T20:54:42+00:00,0cdb39c7d68147b6432fdff50066a00c02981cb83d9c4952aadbdf8540f858f7,b6c649bb98d450a889082d2496cc73c47eab42b131a53b234722c1b2202cdf38,wallet_trade_history_v1,none
0xde79cc7660d5c05b4cd2f4e72cae30cde2583d9a,https://polymarket.com/0xde79cc7660d5c05b4cd2f4e72cae30cde2583d9a,https://data-api.polymarket.com/activity?user=0xde79cc7660d5c05b4cd2f4e72cae30cde2583d9a&type=TRADE&limit=100&offset=0&sortBy=TIMESTAMP&sortDirection=DESC,activity_primary,TRADE,1771240897,2026-02-16T11:21:37+00:00,0x5795ff8c10d3fda68ad27602c3da3f70d7441307c569d3784eb1db555b1c1db0,0x8cce941688472ffe9fbce87b19b9a58f9ef0e3185ec90bee0c7267574c20332d,57767615204855338129703521715957876480297838436398594308760106435972285806800,57767615204855338129703521715957876480297838436398594308760106435972285806800,btc-updown-5m-1771240800,btc-updown-5m-1771240800,"Bitcoin Up or Down - February 16, 6:20AM-6:25AM ET",Down,1,BUY,0.8915428239265155,56.08255,49.999995,endpoint_usdcSize,fast_crypto_up_down,BTC,true,,,unavailable,entry_candidate,0xde79cc7660d5c05b4cd2f4e72cae30cde2583d9a|0x8cce941688472ffe9fbce87b19b9a58f9ef0e3185ec90bee0c7267574c20332d|57767615204855338129703521715957876480297838436398594308760106435972285806800|Down,0xde79cc7660d5c05b4cd2f4e72cae30cde2583d9a|activity_primary|0x5795ff8c10d3fda68ad27602c3da3f70d7441307c569d3784eb1db555b1c1db0|0x8cce941688472ffe9fbce87b19b9a58f9ef0e3185ec90bee0c7267574c20332d|57767615204855338129703521715957876480297838436398594308760106435972285806800|1771240897|buy|0.8915428239265155|56.08255,2026-06-24T20:54:42+00:00,0f4f6d8b34de085c021dcc94bc894233130b75d397adebd2919951b243dd2524,b6c649bb98d450a889082d2496cc73c47eab42b131a53b234722c1b2202cdf38,wallet_trade_history_v1,none
0xde79cc7660d5c05b4cd2f4e72cae30cde2583d9a,https://polymarket.com/0xde79cc7660d5c05b4cd2f4e72cae30cde2583d9a,https://data-api.polymarket.com/activity?user=0xde79cc7660d5c05b4cd2f4e72cae30cde2583d9a&type=TRADE&limit=100&offset=0&sortBy=TIMESTAMP&sortDirection=DESC,activity_primary,TRADE,1771240291,2026-02-16T11:11:31+00:00,0x8eafa2dc3ff43c2dcb559b4d4288ed4e193a06df99f2b1b39f8e57025eeff668,0x9d97674a9a089a5017b8a7c80fdd98178c4db0ea5c1b49402c978926fb9bc107,72472227687694361872779774149292011150048561575082991830520398016358615952969,72472227687694361872779774149292011150048561575082991830520398016358615952969,btc-updown-5m-1771240200,btc-updown-5m-1771240200,"Bitcoin Up or Down - February 16, 6:10AM-6:15AM ET",Down,1,BUY,0.938472527084176,25.4669,23.899986,endpoint_usdcSize,fast_crypto_up_down,BTC,true,,,unavailable,entry_candidate,0xde79cc7660d5c05b4cd2f4e72cae30cde2583d9a|0x9d97674a9a089a5017b8a7c80fdd98178c4db0ea5c1b49402c978926fb9bc107|72472227687694361872779774149292011150048561575082991830520398016358615952969|Down,0xde79cc7660d5c05b4cd2f4e72cae30cde2583d9a|activity_primary|0x8eafa2dc3ff43c2dcb559b4d4288ed4e193a06df99f2b1b39f8e57025eeff668|0x9d97674a9a089a5017b8a7c80fdd98178c4db0ea5c1b49402c978926fb9bc107|72472227687694361872779774149292011150048561575082991830520398016358615952969|1771240291|buy|0.938472527084176|25.4669,2026-06-24T20:54:42+00:00,a5de85d44e3b9c3d313b35097dd7a44b946e40125cd1545c86bd3ffecc05a762,b6c649bb98d450a889082d2496cc73c47eab42b131a53b234722c1b2202cdf38,wallet_trade_history_v1,none
0xde79cc7660d5c05b4cd2f4e72cae30cde2583d9a,https://polymarket.com/0xde79cc7660d5c05b4cd2f4e72cae30cde2583d9a,https://data-api.polymarket.com/activity?user=0xde79cc7660d5c05b4cd2f4e72cae30cde2583d9a&type=TRADE&limit=100&offset=0&sortBy=TIMESTAMP&sortDirection=DESC,activity_primary,TRADE,1771240275,2026-02-16T11:11:15+00:00,0xa040ee14e5fcf7a3942ddea6b2fc23752c92b8f555d87c519db81bccb90ff0fb,0x9d97674a9a089a5017b8a7c80fdd98178c4db0ea5c1b49402c978926fb9bc107,72472227687694361872779774149292011150048561575082991830520398016358615952969,72472227687694361872779774149292011150048561575082991830520398016358615952969,btc-updown-5m-1771240200,btc-updown-5m-1771240200,"Bitcoin Up or Down - February 16, 6:10AM-6:15AM ET",Down,1,BUY,0.9280640572162697,53.875585,49.999994,endpoint_usdcSize,fast_crypto_up_down,BTC,true,,,unavailable,entry_candidate,0xde79cc7660d5c05b4cd2f4e72cae30cde2583d9a|0x9d97674a9a089a5017b8a7c80fdd98178c4db0ea5c1b49402c978926fb9bc107|72472227687694361872779774149292011150048561575082991830520398016358615952969|Down,0xde79cc7660d5c05b4cd2f4e72cae30cde2583d9a|activity_primary|0xa040ee14e5fcf7a3942ddea6b2fc23752c92b8f555d87c519db81bccb90ff0fb|0x9d97674a9a089a5017b8a7c80fdd98178c4db0ea5c1b49402c978926fb9bc107|72472227687694361872779774149292011150048561575082991830520398016358615952969|1771240275|buy|0.9280640572162697|53.875585,2026-06-24T20:54:42+00:00,38cf909dbad2e72d8cabf3793ab3b67e3dea3650dcbc87bbcae254ddd441f930,b6c649bb98d450a889082d2496cc73c47eab42b131a53b234722c1b2202cdf38,wallet_trade_history_v1,none
0xde79cc7660d5c05b4cd2f4e72cae30cde2583d9a,https://polymarket.com/0xde79cc7660d5c05b4cd2f4e72cae30cde2583d9a,https://data-api.polymarket.com/activity?user=0xde79cc7660d5c05b4cd2f4e72cae30cde2583d9a&type=TRADE&limit=100&offset=0&sortBy=TIMESTAMP&sortDirection=DESC,activity_primary,TRADE,1771238385,2026-02-16T10:39:45+00:00,0xa08702b2b4fcd50df2a6af64b3d0a8020aaf1599ec9f87edd5f194aeca0c3d7f,0x4e9d346b1ad89559c9d0e4b732fdc9b718150334f141f16456eb89199dbb2e29,10975309344063693011622163825036825737184315063482713476156950222478604269218,10975309344063693011622163825036825737184315063482713476156950222478604269218,btc-updown-5m-1771238100,btc-updown-5m-1771238100,"Bitcoin Up or Down - February 16, 5:35AM-5:40AM ET",Down,1,BUY,0.99,73.909,73.16991,endpoint_usdcSize,fast_crypto_up_down,BTC,true,,,unavailable,entry_candidate,0xde79cc7660d5c05b4cd2f4e72cae30cde2583d9a|0x4e9d346b1ad89559c9d0e4b732fdc9b718150334f141f16456eb89199dbb2e29|10975309344063693011622163825036825737184315063482713476156950222478604269218|Down,0xde79cc7660d5c05b4cd2f4e72cae30cde2583d9a|activity_primary|0xa08702b2b4fcd50df2a6af64b3d0a8020aaf1599ec9f87edd5f194aeca0c3d7f|0x4e9d346b1ad89559c9d0e4b732fdc9b718150334f141f16456eb89199dbb2e29|10975309344063693011622163825036825737184315063482713476156950222478604269218|1771238385|buy|0.99|73.909,2026-06-24T20:54:42+00:00,e443a9caea2541b3e3b815e266ba41fed4a92a4ecdbe22ff0479c65ec535606e,b6c649bb98d450a889082d2496cc73c47eab42b131a53b234722c1b2202cdf38,wallet_trade_history_v1,none
0xde79cc7660d5c05b4cd2f4e72cae30cde2583d9a,https://polymarket.com/0xde79cc7660d5c05b4cd2f4e72cae30cde2583d9a,https://data-api.polymarket.com/activity?user=0xde79cc7660d5c05b4cd2f4e72cae30cde2583d9a&type=TRADE&limit=100&offset=0&sortBy=TIMESTAMP&sortDirection=DESC,activity_primary,TRADE,1771237359,2026-02-16T10:22:39+00:00,0x4996d9ac2353211dc0847e1abf16ea0f1f03cc787fcd23f8136dc022bfe8e478,0xa0d8cf278a3dbc193f6341bfd34febf730c33d26b9f0849a3f31a9dcb2c8ba7c,70752050551455090662791650789488074239711496503593022052944752022385005309174,70752050551455090662791650789488074239711496503593022052944752022385005309174,btc-updown-5m-1771237200,btc-updown-5m-1771237200,"Bitcoin Up or Down - February 16, 5:20AM-5:25AM ET",Down,1,BUY,0.9672672204243116,73.185566,70.789999,endpoint_usdcSize,fast_crypto_up_down,BTC,true,,,unavailable,entry_candidate,0xde79cc7660d5c05b4cd2f4e72cae30cde2583d9a|0xa0d8cf278a3dbc193f6341bfd34febf730c33d26b9f0849a3f31a9dcb2c8ba7c|70752050551455090662791650789488074239711496503593022052944752022385005309174|Down,0xde79cc7660d5c05b4cd2f4e72cae30cde2583d9a|activity_primary|0x4996d9ac2353211dc0847e1abf16ea0f1f03cc787fcd23f8136dc022bfe8e478|0xa0d8cf278a3dbc193f6341bfd34febf730c33d26b9f0849a3f31a9dcb2c8ba7c|70752050551455090662791650789488074239711496503593022052944752022385005309174|1771237359|buy|0.9672672204243116|73.185566,2026-06-24T20:54:42+00:00,ae4bf1fdaa9e259744992463286d5ebdf8e744295b4fc103fc646fdabfc923be,b6c649bb98d450a889082d2496cc73c47eab42b131a53b234722c1b2202cdf38,wallet_trade_history_v1,none
0xde79cc7660d5c05b4cd2f4e72cae30cde2583d9a,https://polymarket.com/0xde79cc7660d5c05b4cd2f4e72cae30cde2583d9a,https://data-api.polymarket.com/activity?user=0xde79cc7660d5c05b4cd2f4e72cae30cde2583d9a&type=TRADE&limit=100&offset=0&sortBy=TIMESTAMP&sortDirection=DESC,activity_primary,TRADE,1771235991,2026-02-16T09:59:51+00:00,0xaa358709f35b721790f2c31f184fed8473bf75eaaadbfc6dd01216aac12e015c,0x1a94df20a03d555a390dd3fec53cc31b6ec05a845884d2df2529eeecb4978cfe,81616209433112313551321023328144067314163335314125896838550650867066789733117,81616209433112313551321023328144067314163335314125896838550650867066789733117,btc-updown-15m-1771235100,btc-updown-15m-1771235100,"Bitcoin Up or Down - February 16, 4:45AM-5:00AM ET",Down,1,BUY,0.98,70.7959,69.379982,endpoint_usdcSize,fast_crypto_up_down,BTC,true,,,unavailable,entry_candidate,0xde79cc7660d5c05b4cd2f4e72cae30cde2583d9a|0x1a94df20a03d555a390dd3fec53cc31b6ec05a845884d2df2529eeecb4978cfe|81616209433112313551321023328144067314163335314125896838550650867066789733117|Down,0xde79cc7660d5c05b4cd2f4e72cae30cde2583d9a|activity_primary|0xaa358709f35b721790f2c31f184fed8473bf75eaaadbfc6dd01216aac12e015c|0x1a94df20a03d555a390dd3fec53cc31b6ec05a845884d2df2529eeecb4978cfe|81616209433112313551321023328144067314163335314125896838550650867066789733117|1771235991|buy|0.98|70.7959,2026-06-24T20:54:42+00:00,ac1128fbbf2e8725860ced943b4dbca58fd246092ba23af67806087e74bd2a3a,b6c649bb98d450a889082d2496cc73c47eab42b131a53b234722c1b2202cdf38,wallet_trade_history_v1,none
